[2025-06-12 16:22:05.028.961] [INFO  ] [Deeprcs] Robot ID: JY-S5-200 
[2025-06-12 16:22:05.029.036] [INFO  ] [Deeprcs] Robot Version: standard 
[2025-06-12 16:22:05.029.039] [INFO  ] [Deeprcs] DeepRCS is working 
[2025-06-12 16:22:05.029.042] [INFO  ] [Deeprcs] Deeprcs Version: 2.0.153(153) 
[2025-06-12 16:22:05.029.044] [INFO  ] [Deeprcs] DeepROS Version: 0.2.24(39) 
[2025-06-12 16:22:05.029.047] [INFO  ] [Deeprcs] DeepRAS Version: 4.1.7(166) 
[2025-06-12 16:22:05.206.982] [INFO  ] [RT-CAN] Hello, CAN Receive 
[2025-06-12 16:22:05.206.986] [INFO  ] [Motor] Hello, CAN Send 
[2025-06-12 16:22:05.207.207] [INFO  ] [CPU] Hello, CPU Monitor 
[2025-06-12 16:22:05.207.244] [INFO  ] [Battery] Hello, Battery BMS 
[2025-06-12 16:22:05.207.302] [INFO  ] [UltrasonicSensor] Hello, Ultrasonic sensor 
[2025-06-12 16:22:05.207.358] [INFO  ] [Controller] Hello, MPC Controller 
[2025-06-12 16:22:05.207.517] [INFO  ] [MpvVoice] Hello, MpvVoice 
[2025-06-12 16:22:05.210.795] [INFO  ] [RT-CAN] Set motor timeout threshold = 200 ms
 
[2025-06-12 16:22:06.207.538] [INFO  ] [Deeprcs] Algorithm is start 
[2025-06-12 16:22:06.214.034] [INFO  ] [Controller] !!!Origin_jumplong_left_bias = +0.000 
[2025-06-12 16:22:06.214.093] [INFO  ] [basicmethod] 
******** Enable Status ********
Flip: 1
BackFlip: 1
SideFlip: 1
Greeting: 1
Jump: 1
Dance: 1
TurnOver: 1
******** Enable Status ********
 
[2025-06-12 16:22:06.214.112] [INFO  ] [basicmethod] 
******** Motion Config Setting ********
Forward Vel Offset: 0.000000
Side Vel Offset: 0.000000
is_Default_LIDAR: 0.000000
Load Mass: 0.000000
Load X Offset: 0.000000
Load Y Offset: 0.000000
Load Z Offset: 60.000000
Robot Backflip Hip Kp: 70.000000
Robot Backflip Knee Kp: 70.000000
Robot Sideflip Abed Kp: 70.000000
Robot Sideflip Hip Kp: 70.000000
Robot Sideflip Knee Kp: 60.000000
backflip_fl_knee_kp: 40.000000
kp_carpet_comp: 1.000000
backflip_hl_hip_kp_comp: 1.000000
backflip_hr_hip_kp_comp: 1.000000
frontflip_Rev_comp: 0.000000
jumplong_Rev_comp: 0.000000
jumplong_left_bias: 0.700000
policy_forward_kd: 0.900000
policy_backward_kd: 1.200000
policy_stand_kd: 0.000000
******** Motion Config Setting ********
 
[2025-06-12 16:22:06.500.025] [INFO  ] [common policy] common policy CZ network check success 
[2025-06-12 16:22:06.500.130] [INFO  ] [common policy] 
name : common policy
path : ../policy/policy_waq_v7.11-5history-----.pt
dim  : 45, 5, 270, 12
dof  : 0.100000, -0.715000, 1.430000,
       -0.100000, -0.715000, 1.430000,
       0.100000, -0.715000, 1.430000,
       -0.100000, -0.715000, 1.430000,
kp   : 30.000000, 30.000000, 30.000000,
       30.000000, 30.000000, 30.000000,
       30.000000, 30.000000, 30.000000,
       30.000000, 30.000000, 30.000000,
kd   : 0.800000, 0.800000, 0.800000,
       0.800000, 0.800000, 0.800000,
       0.800000, 0.800000, 0.800000,
       0.800000, 0.800000, 0.800000,
limit: 20.000000, 20.000000, 30.000000,
       20.000000, 20.000000, 30.000000,
       20.000000, 20.000000, 30.000000,
       20.000000, 20.000000, 30.000000,
max_v: 1.200000, 0.800000, 1.500000,
scale: 0.250000, 0.250000, 0.050000,
       2.000000, 2.000000, 0.280000, 
[2025-06-12 16:22:06.555.864] [INFO  ] [forward student policy] net_path: ../config/policy/ 
[2025-06-12 16:22:06.555.947] [INFO  ] [forward student policy] stand_lpf: 0.770000 
[2025-06-12 16:22:06.555.980] [INFO  ] [forward student policy] forward_init_lpf: 0.790000 
[2025-06-12 16:22:06.555.990] [INFO  ] [forward student policy] forward_init_v: 0.600000 
[2025-06-12 16:22:06.556.002] [INFO  ] [forward student policy] forward_end_lpf: 0.766667 
[2025-06-12 16:22:06.556.013] [INFO  ] [forward student policy] forward_end_v: 2.500000 
[2025-06-12 16:22:06.556.025] [INFO  ] [forward student policy] jump_lpf: 0.766667 
[2025-06-12 16:22:06.556.035] [INFO  ] [forward student policy] flip_lpf: 0.766667 
[2025-06-12 16:22:06.556.042] [INFO  ] [forward student policy] uncertain: 0.000000 
[2025-06-12 16:22:06.556.051] [INFO  ] [forward student policy] v_acc: 0.075000 
[2025-06-12 16:22:06.556.057] [INFO  ] [forward student policy] w_acc: 0.200000 
[2025-06-12 16:22:06.556.071] [INFO  ] [forward student policy] stand_switch_time: 0.000000 
[2025-06-12 16:22:06.556.081] [INFO  ] [forward student policy] reflect_freq: 0.000000 
[2025-06-12 16:22:06.556.089] [INFO  ] [forward student policy] base_w_co: 0.800000 
[2025-06-12 16:22:06.556.113] [INFO  ] [forward student policy] max_y_range: 0.250000 
[2025-06-12 16:22:06.556.122] [INFO  ] [forward student policy] stand_max_y_range: 0.400000 
[2025-06-12 16:22:06.556.129] [INFO  ] [forward student policy] max_x_range: 0.150000 
[2025-06-12 16:22:06.556.135] [INFO  ] [forward student policy] target_power: 0.900000 
[2025-06-12 16:22:06.556.141] [INFO  ] [forward student policy] target_air_time: 0.900000 
[2025-06-12 16:22:06.556.149] [INFO  ] [forward student policy] forward_limit: 2.000000 
[2025-06-12 16:22:06.556.172] [INFO  ] [forward student policy] horizon_limit: 1.000000 
[2025-06-12 16:22:06.556.181] [INFO  ] [forward student policy] jump_max_v: 1.400000 
[2025-06-12 16:22:06.556.188] [INFO  ] [forward student policy] jump_max_w: 1.900000 
[2025-06-12 16:22:06.556.211] [INFO  ] [forward student policy] max_jump_time: 0.000000 
[2025-06-12 16:22:06.556.220] [INFO  ] [forward student policy] max_flip_time: 0.000000 
[2025-06-12 16:22:06.556.230] [INFO  ] [forward student policy] log_path: ../logs/ 
[2025-06-12 16:22:06.556.240] [INFO  ] [forward student policy] dataPath: ../config/data/ 
[2025-06-12 16:22:06.556.275] [INFO  ] [forward student policy] forward_joint_d_gain[0] = 0.600000  
[2025-06-12 16:22:06.556.278] [INFO  ] [forward student policy] forward_joint_d_gain[1] = 0.600000  
[2025-06-12 16:22:06.556.281] [INFO  ] [forward student policy] forward_joint_d_gain[2] = 0.600000  
[2025-06-12 16:22:06.556.309] [INFO  ] [forward student policy] maxVelCmd[0] = 3.400000 
[2025-06-12 16:22:06.556.312] [INFO  ] [forward student policy] maxVelCmd[1] = 1.600000 
[2025-06-12 16:22:06.556.315] [INFO  ] [forward student policy] maxVelCmd[2] = 4.500000 
[2025-06-12 16:22:06.556.324] [INFO  ] [forward student policy] height_range[0] = 0.280000 
[2025-06-12 16:22:06.556.327] [INFO  ] [forward student policy] height_range[1] = 0.360000 
[2025-06-12 16:22:06.629.713] [INFO  ] [forward student policy] forward student policy LSC network check success 
[2025-06-12 16:22:06.630.158] [INFO  ] [forward student policy] 
name : forward student policy
path : ../policy/forward_policy.pt
dim  : 45, 56, 2565, 12
dof  : 0.100000, -0.900000, 1.430000,
       -0.100000, -0.900000, 1.430000,
       0.100000, -0.900000, 1.430000,
       -0.100000, -0.900000, 1.430000,
kp   : 25.000000, 25.000000, 25.000000,
       25.000000, 25.000000, 25.000000,
       25.000000, 25.000000, 25.000000,
       25.000000, 25.000000, 25.000000,
kd   : 0.600000, 0.600000, 0.600000,
       0.600000, 0.600000, 0.600000,
       0.600000, 0.600000, 0.600000,
       0.600000, 0.600000, 0.600000,
limit: 50.000000, 50.000000, 50.000000,
       50.000000, 50.000000, 50.000000,
       50.000000, 50.000000, 50.000000,
       50.000000, 50.000000, 50.000000,
max_v: 2.500000, 2.500000, 2.000000,
scale: 0.250000, 0.250000, 1.351595,
       1.033267, 1.948037, -0.366671, 
[2025-06-12 16:22:06.673.281] [INFO  ] [jump student policy] net_path: ../config/policy/ 
[2025-06-12 16:22:06.673.344] [INFO  ] [jump student policy] stand_lpf: 0.770000 
[2025-06-12 16:22:06.673.369] [INFO  ] [jump student policy] forward_init_lpf: 0.790000 
[2025-06-12 16:22:06.673.377] [INFO  ] [jump student policy] forward_init_v: 0.600000 
[2025-06-12 16:22:06.673.386] [INFO  ] [jump student policy] forward_end_lpf: 0.766667 
[2025-06-12 16:22:06.673.395] [INFO  ] [jump student policy] forward_end_v: 2.500000 
[2025-06-12 16:22:06.673.405] [INFO  ] [jump student policy] jump_lpf: 0.766667 
[2025-06-12 16:22:06.673.414] [INFO  ] [jump student policy] flip_lpf: 0.766667 
[2025-06-12 16:22:06.673.421] [INFO  ] [jump student policy] uncertain: 0.000000 
[2025-06-12 16:22:06.673.431] [INFO  ] [jump student policy] v_acc: 0.075000 
[2025-06-12 16:22:06.673.437] [INFO  ] [jump student policy] w_acc: 0.200000 
[2025-06-12 16:22:06.673.448] [INFO  ] [jump student policy] stand_switch_time: 0.000000 
[2025-06-12 16:22:06.673.454] [INFO  ] [jump student policy] reflect_freq: 0.000000 
[2025-06-12 16:22:06.673.459] [INFO  ] [jump student policy] base_w_co: 0.800000 
[2025-06-12 16:22:06.673.483] [INFO  ] [jump student policy] max_y_range: 0.250000 
[2025-06-12 16:22:06.673.491] [INFO  ] [jump student policy] stand_max_y_range: 0.400000 
[2025-06-12 16:22:06.673.497] [INFO  ] [jump student policy] max_x_range: 0.150000 
[2025-06-12 16:22:06.673.502] [INFO  ] [jump student policy] target_power: 0.900000 
[2025-06-12 16:22:06.673.522] [INFO  ] [jump student policy] target_air_time: 0.900000 
[2025-06-12 16:22:06.673.528] [INFO  ] [jump student policy] forward_limit: 2.000000 
[2025-06-12 16:22:06.673.534] [INFO  ] [jump student policy] horizon_limit: 1.000000 
[2025-06-12 16:22:06.673.541] [INFO  ] [jump student policy] jump_max_v: 1.400000 
[2025-06-12 16:22:06.673.553] [INFO  ] [jump student policy] jump_max_w: 1.900000 
[2025-06-12 16:22:06.673.577] [INFO  ] [jump student policy] max_jump_time: 0.000000 
[2025-06-12 16:22:06.673.586] [INFO  ] [jump student policy] max_flip_time: 0.000000 
[2025-06-12 16:22:06.673.596] [INFO  ] [jump student policy] log_path: ../logs/ 
[2025-06-12 16:22:06.673.606] [INFO  ] [jump student policy] dataPath: ../config/data/ 
[2025-06-12 16:22:06.673.629] [INFO  ] [jump student policy] forward_joint_d_gain[0] = 0.600000  
[2025-06-12 16:22:06.673.631] [INFO  ] [jump student policy] forward_joint_d_gain[1] = 0.600000  
[2025-06-12 16:22:06.673.633] [INFO  ] [jump student policy] forward_joint_d_gain[2] = 0.600000  
[2025-06-12 16:22:06.673.655] [INFO  ] [jump student policy] maxVelCmd[0] = 3.400000 
[2025-06-12 16:22:06.673.657] [INFO  ] [jump student policy] maxVelCmd[1] = 1.600000 
[2025-06-12 16:22:06.673.659] [INFO  ] [jump student policy] maxVelCmd[2] = 4.500000 
[2025-06-12 16:22:06.673.672] [INFO  ] [jump student policy] height_range[0] = 0.280000 
[2025-06-12 16:22:06.673.674] [INFO  ] [jump student policy] height_range[1] = 0.360000 
[2025-06-12 16:22:06.703.464] [INFO  ] [jump student policy] jump student policy jump network check success 
[2025-06-12 16:22:06.703.936] [INFO  ] [jump student policy] 
name : jump student policy
path : ../policy/jump_policy.pt
dim  : 45, 56, 2565, 12
dof  : 0.100000, -0.900000, 1.430000,
       -0.100000, -0.900000, 1.430000,
       0.100000, -0.900000, 1.430000,
       -0.100000, -0.900000, 1.430000,
kp   : 25.000000, 25.000000, 25.000000,
       25.000000, 25.000000, 25.000000,
       25.000000, 25.000000, 25.000000,
       25.000000, 25.000000, 25.000000,
kd   : 0.600000, 0.600000, 0.600000,
       0.600000, 0.600000, 0.600000,
       0.600000, 0.600000, 0.600000,
       0.600000, 0.600000, 0.600000,
limit: 50.000000, 50.000000, 50.000000,
       50.000000, 50.000000, 50.000000,
       50.000000, 50.000000, 50.000000,
       50.000000, 50.000000, 50.000000,
max_v: 2.500000, 2.500000, 2.000000,
scale: 0.250000, 0.250000, -0.000000,
       0.000000, -0.000000, 0.000000, 
[2025-06-12 16:22:06.749.257] [INFO  ] [flip student policy] net_path: ../config/policy/ 
[2025-06-12 16:22:06.749.328] [INFO  ] [flip student policy] stand_lpf: 0.770000 
[2025-06-12 16:22:06.749.351] [INFO  ] [flip student policy] forward_init_lpf: 0.790000 
[2025-06-12 16:22:06.749.365] [INFO  ] [flip student policy] forward_init_v: 0.600000 
[2025-06-12 16:22:06.749.375] [INFO  ] [flip student policy] forward_end_lpf: 0.766667 
[2025-06-12 16:22:06.749.385] [INFO  ] [flip student policy] forward_end_v: 2.500000 
[2025-06-12 16:22:06.749.395] [INFO  ] [flip student policy] jump_lpf: 0.766667 
[2025-06-12 16:22:06.749.407] [INFO  ] [flip student policy] flip_lpf: 0.766667 
[2025-06-12 16:22:06.749.412] [INFO  ] [flip student policy] uncertain: 0.000000 
[2025-06-12 16:22:06.749.420] [INFO  ] [flip student policy] v_acc: 0.075000 
[2025-06-12 16:22:06.749.426] [INFO  ] [flip student policy] w_acc: 0.200000 
[2025-06-12 16:22:06.749.436] [INFO  ] [flip student policy] stand_switch_time: 0.000000 
[2025-06-12 16:22:06.749.444] [INFO  ] [flip student policy] reflect_freq: 0.000000 
[2025-06-12 16:22:06.749.460] [INFO  ] [flip student policy] base_w_co: 0.800000 
[2025-06-12 16:22:06.749.485] [INFO  ] [flip student policy] max_y_range: 0.250000 
[2025-06-12 16:22:06.749.493] [INFO  ] [flip student policy] stand_max_y_range: 0.400000 
[2025-06-12 16:22:06.749.500] [INFO  ] [flip student policy] max_x_range: 0.150000 
[2025-06-12 16:22:06.749.505] [INFO  ] [flip student policy] target_power: 0.900000 
[2025-06-12 16:22:06.749.510] [INFO  ] [flip student policy] target_air_time: 0.900000 
[2025-06-12 16:22:06.749.517] [INFO  ] [flip student policy] forward_limit: 2.000000 
[2025-06-12 16:22:06.749.525] [INFO  ] [flip student policy] horizon_limit: 1.000000 
[2025-06-12 16:22:06.749.533] [INFO  ] [flip student policy] jump_max_v: 1.400000 
[2025-06-12 16:22:06.749.543] [INFO  ] [flip student policy] jump_max_w: 1.900000 
[2025-06-12 16:22:06.749.572] [INFO  ] [flip student policy] max_jump_time: 0.000000 
[2025-06-12 16:22:06.749.583] [INFO  ] [flip student policy] max_flip_time: 0.000000 
[2025-06-12 16:22:06.749.593] [INFO  ] [flip student policy] log_path: ../logs/ 
[2025-06-12 16:22:06.749.603] [INFO  ] [flip student policy] dataPath: ../config/data/ 
[2025-06-12 16:22:06.749.645] [INFO  ] [flip student policy] forward_joint_d_gain[0] = 0.600000  
[2025-06-12 16:22:06.749.648] [INFO  ] [flip student policy] forward_joint_d_gain[1] = 0.600000  
[2025-06-12 16:22:06.749.654] [INFO  ] [flip student policy] forward_joint_d_gain[2] = 0.600000  
[2025-06-12 16:22:06.749.673] [INFO  ] [flip student policy] maxVelCmd[0] = 3.400000 
[2025-06-12 16:22:06.749.675] [INFO  ] [flip student policy] maxVelCmd[1] = 1.600000 
[2025-06-12 16:22:06.749.676] [INFO  ] [flip student policy] maxVelCmd[2] = 4.500000 
[2025-06-12 16:22:06.749.684] [INFO  ] [flip student policy] height_range[0] = 0.280000 
[2025-06-12 16:22:06.749.686] [INFO  ] [flip student policy] height_range[1] = 0.360000 
[2025-06-12 16:22:06.779.111] [INFO  ] [flip student policy] flip student policy flip network check success 
[2025-06-12 16:22:06.779.668] [INFO  ] [flip student policy] 
name : flip student policy
path : ../policy/flip_policy.pt
dim  : 45, 56, 2565, 12
dof  : 0.100000, -0.900000, 1.430000,
       -0.100000, -0.900000, 1.430000,
       0.100000, -0.900000, 1.430000,
       -0.100000, -0.900000, 1.430000,
kp   : 25.000000, 25.000000, 25.000000,
       25.000000, 25.000000, 25.000000,
       25.000000, 25.000000, 25.000000,
       25.000000, 25.000000, 25.000000,
kd   : 0.600000, 0.600000, 0.600000,
       0.600000, 0.600000, 0.600000,
       0.600000, 0.600000, 0.600000,
       0.600000, 0.600000, 0.600000,
limit: 50.000000, 50.000000, 50.000000,
       50.000000, 50.000000, 50.000000,
       50.000000, 50.000000, 50.000000,
       50.000000, 50.000000, 50.000000,
max_v: 2.500000, 2.500000, 2.000000,
scale: 0.250000, 0.250000, -0.000095,
       -0.000367, -0.000000, -0.000000, 
[2025-06-12 16:22:06.826.619] [INFO  ] [stand student policy] net_path: ../config/policy/ 
[2025-06-12 16:22:06.826.682] [INFO  ] [stand student policy] stand_lpf: 0.770000 
[2025-06-12 16:22:06.826.710] [INFO  ] [stand student policy] forward_init_lpf: 0.790000 
[2025-06-12 16:22:06.826.718] [INFO  ] [stand student policy] forward_init_v: 0.600000 
[2025-06-12 16:22:06.826.727] [INFO  ] [stand student policy] forward_end_lpf: 0.766667 
[2025-06-12 16:22:06.826.736] [INFO  ] [stand student policy] forward_end_v: 2.500000 
[2025-06-12 16:22:06.826.745] [INFO  ] [stand student policy] jump_lpf: 0.766667 
[2025-06-12 16:22:06.826.754] [INFO  ] [stand student policy] flip_lpf: 0.766667 
[2025-06-12 16:22:06.826.760] [INFO  ] [stand student policy] uncertain: 0.000000 
[2025-06-12 16:22:06.826.771] [INFO  ] [stand student policy] v_acc: 0.075000 
[2025-06-12 16:22:06.826.776] [INFO  ] [stand student policy] w_acc: 0.200000 
[2025-06-12 16:22:06.826.790] [INFO  ] [stand student policy] stand_switch_time: 0.000000 
[2025-06-12 16:22:06.826.801] [INFO  ] [stand student policy] reflect_freq: 0.000000 
[2025-06-12 16:22:06.826.806] [INFO  ] [stand student policy] base_w_co: 0.800000 
[2025-06-12 16:22:06.826.829] [INFO  ] [stand student policy] max_y_range: 0.250000 
[2025-06-12 16:22:06.826.837] [INFO  ] [stand student policy] stand_max_y_range: 0.400000 
[2025-06-12 16:22:06.826.843] [INFO  ] [stand student policy] max_x_range: 0.150000 
[2025-06-12 16:22:06.826.848] [INFO  ] [stand student policy] target_power: 0.900000 
[2025-06-12 16:22:06.826.852] [INFO  ] [stand student policy] target_air_time: 0.900000 
[2025-06-12 16:22:06.826.862] [INFO  ] [stand student policy] forward_limit: 2.000000 
[2025-06-12 16:22:06.826.868] [INFO  ] [stand student policy] horizon_limit: 1.000000 
[2025-06-12 16:22:06.826.876] [INFO  ] [stand student policy] jump_max_v: 1.400000 
[2025-06-12 16:22:06.826.885] [INFO  ] [stand student policy] jump_max_w: 1.900000 
[2025-06-12 16:22:06.826.915] [INFO  ] [stand student policy] max_jump_time: 0.000000 
[2025-06-12 16:22:06.826.923] [INFO  ] [stand student policy] max_flip_time: 0.000000 
[2025-06-12 16:22:06.826.933] [INFO  ] [stand student policy] log_path: ../logs/ 
[2025-06-12 16:22:06.826.943] [INFO  ] [stand student policy] dataPath: ../config/data/ 
[2025-06-12 16:22:06.826.966] [INFO  ] [stand student policy] forward_joint_d_gain[0] = 0.600000  
[2025-06-12 16:22:06.826.968] [INFO  ] [stand student policy] forward_joint_d_gain[1] = 0.600000  
[2025-06-12 16:22:06.826.970] [INFO  ] [stand student policy] forward_joint_d_gain[2] = 0.600000  
[2025-06-12 16:22:06.826.988] [INFO  ] [stand student policy] maxVelCmd[0] = 3.400000 
[2025-06-12 16:22:06.826.990] [INFO  ] [stand student policy] maxVelCmd[1] = 1.600000 
[2025-06-12 16:22:06.826.992] [INFO  ] [stand student policy] maxVelCmd[2] = 4.500000 
[2025-06-12 16:22:06.827.000] [INFO  ] [stand student policy] height_range[0] = 0.280000 
[2025-06-12 16:22:06.827.001] [INFO  ] [stand student policy] height_range[1] = 0.360000 
[2025-06-12 16:22:06.887.118] [INFO  ] [stand student policy] stand student policy LSC network check success 
[2025-06-12 16:22:06.887.605] [INFO  ] [stand student policy] 
name : stand student policy
path : ../policy/stand_policy.pt
dim  : 45, 56, 2565, 12
dof  : 0.100000, -0.900000, 1.430000,
       -0.100000, -0.900000, 1.430000,
       0.100000, -0.900000, 1.430000,
       -0.100000, -0.900000, 1.430000,
kp   : 25.000000, 25.000000, 25.000000,
       25.000000, 25.000000, 25.000000,
       25.000000, 25.000000, 25.000000,
       25.000000, 25.000000, 25.000000,
kd   : 0.600000, 0.600000, 0.600000,
       0.600000, 0.600000, 0.600000,
       0.600000, 0.600000, 0.600000,
       0.600000, 0.600000, 0.600000,
limit: 50.000000, 50.000000, 50.000000,
       50.000000, 50.000000, 50.000000,
       50.000000, 50.000000, 50.000000,
       50.000000, 50.000000, 50.000000,
max_v: 2.500000, 2.500000, 2.000000,
scale: 0.250000, 0.250000, -0.000000,
       0.000000, -0.000000, 0.000000, 
[2025-06-12 16:22:06.934.119] [INFO  ] [handstand policy] net_path: ../config/policy/ 
[2025-06-12 16:22:06.934.188] [INFO  ] [handstand policy] lpf_HStand: 0.800000 
[2025-06-12 16:22:06.934.243] [INFO  ] [handstand policy] uncertain: 0.000000 
[2025-06-12 16:22:06.934.250] [INFO  ] [handstand policy] v_acc: 0.100000 
[2025-06-12 16:22:06.934.290] [INFO  ] [handstand policy] bipedal_base_w_co: 1.000000 
[2025-06-12 16:22:06.934.306] [INFO  ] [handstand policy] max_y_range: 0.250000 
[2025-06-12 16:22:06.934.317] [INFO  ] [handstand policy] max_x_range: 0.150000 
[2025-06-12 16:22:06.934.325] [INFO  ] [handstand policy] target_power: 0.900000 
[2025-06-12 16:22:06.934.330] [INFO  ] [handstand policy] target_air_time: 0.900000 
[2025-06-12 16:22:06.934.335] [INFO  ] [handstand policy] forward_limit: 0.500000 
[2025-06-12 16:22:06.934.340] [INFO  ] [handstand policy] horizon_limit: 0.000000 
[2025-06-12 16:22:06.934.370] [INFO  ] [handstand policy] bipedal_max_v: 1.200000 
[2025-06-12 16:22:06.934.377] [INFO  ] [handstand policy] bipedal_max_w: 1.500000 
[2025-06-12 16:22:06.934.394] [INFO  ] [handstand policy] log_path: ../logs/ 
[2025-06-12 16:22:06.934.402] [INFO  ] [handstand policy] dataPath: ../config/data/ 
[2025-06-12 16:22:06.934.433] [INFO  ] [handstand policy] bipedal_joint_d_gain[0] = 0.800000  
[2025-06-12 16:22:06.934.436] [INFO  ] [handstand policy] bipedal_joint_d_gain[1] = 0.800000  
[2025-06-12 16:22:06.934.438] [INFO  ] [handstand policy] bipedal_joint_d_gain[2] = 0.800000  
[2025-06-12 16:22:06.934.447] [INFO  ] [handstand policy] maxVelCmd[0] = 1.500000 
[2025-06-12 16:22:06.934.453] [INFO  ] [handstand policy] maxVelCmd[1] = 0.100000 
[2025-06-12 16:22:06.934.455] [INFO  ] [handstand policy] maxVelCmd[2] = 0.500000 
[2025-06-12 16:22:06.934.468] [INFO  ] [handstand policy] bipedal_height_range[0] = 0.490000 
[2025-06-12 16:22:06.934.470] [INFO  ] [handstand policy] bipedal_height_range[1] = 0.491000 
[2025-06-12 16:22:06.963.677] [INFO  ] [handstand policy] handstand policy HStand network check success 
[2025-06-12 16:22:06.964.105] [INFO  ] [handstand policy] 
name : handstand policy
path : ../policy/bipedal_policy.pt
dim  : 45, 56, 2565, 12
dof  : 0.100000, -0.900000, 1.430000,
       -0.100000, -0.900000, 1.430000,
       0.100000, -0.900000, 1.430000,
       -0.100000, -0.900000, 1.430000,
kp   : 25.000000, 25.000000, 25.000000,
       25.000000, 25.000000, 25.000000,
       25.000000, 25.000000, 25.000000,
       25.000000, 25.000000, 25.000000,
kd   : 0.800000, 0.800000, 0.800000,
       0.800000, 0.800000, 0.800000,
       0.800000, 0.800000, 0.800000,
       0.800000, 0.800000, 0.800000,
limit: 50.000000, 50.000000, 50.000000,
       50.000000, 50.000000, 50.000000,
       50.000000, 50.000000, 50.000000,
       50.000000, 50.000000, 50.000000,
max_v: 2.500000, 2.500000, 2.000000,
scale: 0.250000, 0.250000, -0.000000,
       0.000000, -0.000000, 0.000000, 
[2025-06-12 16:22:07.001.938] [INFO  ] [handstandswing policy] net_path: ../config/policy/ 
[2025-06-12 16:22:07.002.006] [INFO  ] [handstandswing policy] lpf_HStand: 0.800000 
[2025-06-12 16:22:07.002.056] [INFO  ] [handstandswing policy] uncertain: 0.000000 
[2025-06-12 16:22:07.002.064] [INFO  ] [handstandswing policy] v_acc: 0.100000 
[2025-06-12 16:22:07.002.096] [INFO  ] [handstandswing policy] bipedal_base_w_co: 1.000000 
[2025-06-12 16:22:07.002.107] [INFO  ] [handstandswing policy] max_y_range: 0.250000 
[2025-06-12 16:22:07.002.117] [INFO  ] [handstandswing policy] max_x_range: 0.150000 
[2025-06-12 16:22:07.002.124] [INFO  ] [handstandswing policy] target_power: 0.900000 
[2025-06-12 16:22:07.002.130] [INFO  ] [handstandswing policy] target_air_time: 0.900000 
[2025-06-12 16:22:07.002.135] [INFO  ] [handstandswing policy] forward_limit: 0.500000 
[2025-06-12 16:22:07.002.139] [INFO  ] [handstandswing policy] horizon_limit: 0.000000 
[2025-06-12 16:22:07.002.156] [INFO  ] [handstandswing policy] bipedal_max_v: 1.200000 
[2025-06-12 16:22:07.002.162] [INFO  ] [handstandswing policy] bipedal_max_w: 1.500000 
[2025-06-12 16:22:07.002.181] [INFO  ] [handstandswing policy] log_path: ../logs/ 
[2025-06-12 16:22:07.002.188] [INFO  ] [handstandswing policy] dataPath: ../config/data/ 
[2025-06-12 16:22:07.002.219] [INFO  ] [handstandswing policy] bipedal_joint_d_gain[0] = 0.800000  
[2025-06-12 16:22:07.002.221] [INFO  ] [handstandswing policy] bipedal_joint_d_gain[1] = 0.800000  
[2025-06-12 16:22:07.002.223] [INFO  ] [handstandswing policy] bipedal_joint_d_gain[2] = 0.800000  
[2025-06-12 16:22:07.002.232] [INFO  ] [handstandswing policy] maxVelCmd[0] = 1.500000 
[2025-06-12 16:22:07.002.236] [INFO  ] [handstandswing policy] maxVelCmd[1] = 0.100000 
[2025-06-12 16:22:07.002.237] [INFO  ] [handstandswing policy] maxVelCmd[2] = 0.500000 
[2025-06-12 16:22:07.002.251] [INFO  ] [handstandswing policy] bipedal_height_range[0] = 0.490000 
[2025-06-12 16:22:07.002.254] [INFO  ] [handstandswing policy] bipedal_height_range[1] = 0.491000 
[2025-06-12 16:22:07.019.483] [INFO  ] [handstandswing policy] handstandswing policy HStandSwing network check success 
[2025-06-12 16:22:07.019.920] [INFO  ] [handstandswing policy] 
name : handstandswing policy
path : ../policy/bipedal_motor_p_command_policy.pt
dim  : 45, 56, 2565, 12
dof  : 0.100000, -0.900000, 1.430000,
       -0.100000, -0.900000, 1.430000,
       0.100000, -0.900000, 1.430000,
       -0.100000, -0.900000, 1.430000,
kp   : 25.000000, 25.000000, 25.000000,
       25.000000, 25.000000, 25.000000,
       25.000000, 25.000000, 25.000000,
       25.000000, 25.000000, 25.000000,
kd   : 0.800000, 0.800000, 0.800000,
       0.800000, 0.800000, 0.800000,
       0.800000, 0.800000, 0.800000,
       0.800000, 0.800000, 0.800000,
limit: 50.000000, 50.000000, 50.000000,
       50.000000, 50.000000, 50.000000,
       50.000000, 50.000000, 50.000000,
       50.000000, 50.000000, 50.000000,
max_v: 2.500000, 2.500000, 2.000000,
scale: 0.250000, 0.250000, 5.884311,
       -1.345834, -20.865702, -11.261418, 
[2025-06-12 16:22:07.019.954] [INFO  ] [NetworkController] policy map contains : 
[2025-06-12 16:22:07.019.957] [INFO  ] [NetworkController] 0 : common policy  
[2025-06-12 16:22:07.019.967] [INFO  ] [NetworkController] 1 : forward student policy  
[2025-06-12 16:22:07.019.970] [INFO  ] [NetworkController] 2 : jump student policy  
[2025-06-12 16:22:07.019.972] [INFO  ] [NetworkController] 3 : flip student policy  
[2025-06-12 16:22:07.019.975] [INFO  ] [NetworkController] 4 : stand student policy  
[2025-06-12 16:22:07.019.977] [INFO  ] [NetworkController] 5 : handstand policy  
[2025-06-12 16:22:07.019.980] [INFO  ] [NetworkController] 6 : handstandswing policy  
[2025-06-12 16:22:07.020.011] [ERROR ] [Controller] IMU data reading is timeout! 
[2025-06-12 16:22:07.020.122] [INFO  ] [BasicMotion] Switching to kWaitForStanding!!! 
[2025-06-12 16:22:07.020.556] [INFO  ] [DeferredRecorder] -------max_cycle = +0.000, count = 0 
[2025-06-12 16:22:07.020.573] [INFO  ] [DeferredRecorder] -------max_cycle = +0.000, count = 0 
[2025-06-12 16:22:07.020.914] [INFO  ] [DeferredRecorder] -------max_cycle = +0.000, count = 1 
[2025-06-12 16:22:07.021.898] [INFO  ] [DeferredRecorder] -------max_cycle = +0.000, count = 2 
[2025-06-12 16:22:07.022.896] [INFO  ] [DeferredRecorder] -------max_cycle = +0.000, count = 3 
[2025-06-12 16:22:07.023.899] [INFO  ] [DeferredRecorder] -------max_cycle = +0.000, count = 4 
[2025-06-12 16:22:07.063.901] [NOTICE] [Controller] IMU data reading has resumed! 
[2025-06-12 16:22:07.779.139] [INFO  ] [Battery] SoC = 52%, Volt = +29.500V, Temp 31 
[2025-06-12 16:22:09.212.755] [WARN  ] [CPU] Cpu temperature -1733625244 cpu  
[2025-06-12 16:22:09.518.929] [INFO  ] [Controller] [Joints] FL: +25.039, +25.039, +25.039 ,FR: +25.039, +25.039, +25.039, HL: 25.039, +25.039, +25.039, HR: +25.039, +25.039, +25.039 Max FL-HipX = +25.039 Min FL-HipX = +25.039 
[2025-06-12 16:22:12.018.925] [INFO  ] [Controller] [Joints] FL: +25.039, +25.039, +25.039 ,FR: +25.039, +25.039, +25.039, HL: 25.039, +25.039, +25.039, HR: +25.039, +25.039, +25.039 Max FL-HipX = +25.039 Min FL-HipX = +25.039 
[2025-06-12 16:22:12.764.938] [INFO  ] [Battery] SoC = 52%, Volt = +29.500V, Temp 31 
[2025-06-12 16:22:14.518.924] [INFO  ] [Controller] [Joints] FL: +25.039, +25.039, +25.039 ,FR: +25.039, +25.039, +25.039, HL: 25.039, +25.039, +25.039, HR: +25.039, +25.039, +25.039 Max FL-HipX = +25.039 Min FL-HipX = +25.039 
[2025-06-12 16:22:17.018.926] [INFO  ] [Controller] [Joints] FL: +25.039, +25.039, +25.039 ,FR: +25.039, +25.039, +25.039, HL: 25.039, +25.039, +25.039, HR: +25.039, +25.039, +25.039 Max FL-HipX = +25.039 Min FL-HipX = +25.039 
[2025-06-12 16:22:17.750.719] [INFO  ] [Battery] SoC = 52%, Volt = +29.400V, Temp 31 
[2025-06-12 16:22:19.518.926] [INFO  ] [Controller] [Joints] FL: +25.039, +25.039, +25.039 ,FR: +25.039, +25.039, +25.039, HL: 25.039, +25.039, +25.039, HR: +25.039, +25.039, +25.039 Max FL-HipX = +25.039 Min FL-HipX = +25.039 
[2025-06-12 16:22:21.685.912] [INFO  ] [Controller] [AI Close] 
[2025-06-12 16:22:22.018.926] [INFO  ] [Controller] [Joints] FL: +25.039, +25.039, +25.039 ,FR: +25.039, +25.039, +25.039, HL: 25.039, +25.039, +25.039, HR: +25.039, +25.039, +25.039 Max FL-HipX = +25.039 Min FL-HipX = +25.039 
[2025-06-12 16:22:22.677.912] [INFO  ] [Controller] Switch to Joystick Mode!!! 
[2025-06-12 16:22:22.736.404] [INFO  ] [Battery] SoC = 52%, Volt = +29.400V, Temp 31 
[2025-06-12 16:22:24.424.913] [INFO  ] [Controller] stand_cmd.... 
[2025-06-12 16:22:24.424.957] [INFO  ] [BasicMotion] Standing up, please wait... 
[2025-06-12 16:22:24.424.968] [INFO  ] [BasicMotion] Switching to zeroposition !!!!! 
[2025-06-12 16:22:24.518.926] [INFO  ] [Controller] [Joints] FL: +25.039, +25.039, +25.039 ,FR: +25.039, +25.039, +25.039, HL: 25.039, +25.039, +25.039, HR: +25.039, +25.039, +25.039 Max FL-HipX = +25.039 Min FL-HipX = +25.039 
[2025-06-12 16:22:27.018.927] [INFO  ] [Controller] [Joints] FL: +25.039, +25.039, +25.039 ,FR: +25.039, +25.039, +25.039, HL: 25.039, +25.039, +25.039, HR: +25.039, +25.039, +25.039 Max FL-HipX = +25.039 Min FL-HipX = +25.039 
[2025-06-12 16:22:27.722.185] [INFO  ] [Battery] SoC = 52%, Volt = +29.200V, Temp 31 
[2025-06-12 16:22:29.518.925] [INFO  ] [Controller] [Joints] FL: +25.039, +25.039, +25.039 ,FR: +25.039, +25.039, +25.039, HL: 25.039, +25.039, +25.039, HR: +25.039, +25.039, +25.039 Max FL-HipX = +25.039 Min FL-HipX = +25.039 
[2025-06-12 16:22:29.926.915] [INFO  ] [BasicMotion] Standing up, please wait... 
[2025-06-12 16:22:31.927.918] [INFO  ] [BasicMotion] Stand up action has finished, waitting to switch to force control mode! 
[2025-06-12 16:22:31.927.958] [INFO  ] [BasicMotion] Switching to force control mode, please wait... 
[2025-06-12 16:22:32.019.926] [INFO  ] [Controller] [Joints] FL: +25.039, +25.039, +25.039 ,FR: +25.039, +26.772, +25.039, HL: 25.039, +25.039, +25.039, HR: +25.039, +25.039, +25.039 Max FR-HipY = +26.772 Min FL-HipX = +25.039 
[2025-06-12 16:22:32.708.171] [INFO  ] [Battery] SoC = 52%, Volt = +29.300V, Temp 31 
[2025-06-12 16:22:34.519.929] [INFO  ] [Controller] [Joints] FL: +25.039, +26.772, +25.039 ,FR: +26.772, +26.772, +25.039, HL: 26.772, +25.039, +25.039, HR: +26.772, +25.039, +25.039 Max FL-HipY = +26.772 Min FL-HipX = +25.039 
[2025-06-12 16:22:35.106.906] [INFO  ] [Controller] [AI Close] 
[2025-06-12 16:22:35.838.908] [INFO  ] [Controller] stand_cmd.... 
[2025-06-12 16:22:35.838.950] [INFO  ] [BasicMotion] Standing down, please wait... 
[2025-06-12 16:22:36.088.914] [INFO  ] [Controller] Switch to Joystick Mode!!! 
[2025-06-12 16:22:37.019.928] [INFO  ] [Controller] [Joints] FL: +25.039, +26.772, +25.039 ,FR: +26.772, +26.772, +26.772, HL: 26.772, +25.039, +25.039, HR: +26.772, +25.039, +25.039 Max FL-HipY = +26.772 Min FL-HipX = +25.039 
[2025-06-12 16:22:37.693.574] [INFO  ] [Battery] SoC = 52%, Volt = +29.400V, Temp 31 
[2025-06-12 16:22:38.339.927] [INFO  ] [BasicMotion] Stand down action has finished, waitting to stand up again!!! 
[2025-06-12 16:22:39.519.928] [INFO  ] [Controller] [Joints] FL: +25.039, +26.772, +25.039 ,FR: +26.772, +28.504, +26.772, HL: 26.772, +25.039, +25.039, HR: +26.772, +26.772, +25.039 Max FR-HipY = +28.504 Min FL-HipX = +25.039 
[2025-06-12 16:22:41.816.912] [INFO  ] [Controller] Voice status : 1 
[2025-06-12 16:22:42.019.927] [INFO  ] [Controller] [Joints] FL: +25.039, +26.772, +25.039 ,FR: +26.772, +28.504, +26.772, HL: 26.772, +25.039, +25.039, HR: +26.772, +26.772, +25.039 Max FR-HipY = +28.504 Min FL-HipX = +25.039 
[2025-06-12 16:22:42.679.164] [INFO  ] [Battery] SoC = 52%, Volt = +29.400V, Temp 31 
[2025-06-12 16:22:43.747.911] [INFO  ] [Controller] Switch to Zeropositon!!! 
[2025-06-12 16:22:43.747.951] [INFO  ] [BasicMotion] Manual Switching to zeroposition !!!!! 
[2025-06-12 16:22:44.519.927] [INFO  ] [Controller] [Joints] FL: +25.039, +26.772, +25.039 ,FR: +26.772, +28.504, +26.772, HL: 26.772, +25.039, +25.039, HR: +26.772, +26.772, +25.039 Max FR-HipY = +28.504 Min FL-HipX = +25.039 
[2025-06-12 16:22:47.019.931] [INFO  ] [Controller] [Joints] FL: +25.039, +26.772, +25.039 ,FR: +26.772, +28.504, +26.772, HL: 26.772, +25.039, +25.039, HR: +26.772, +26.772, +25.039 Max FR-HipY = +28.504 Min FL-HipX = +25.039 
[2025-06-12 16:22:47.664.702] [INFO  ] [Battery] SoC = 52%, Volt = +29.200V, Temp 31 
[2025-06-12 16:22:49.519.927] [INFO  ] [Controller] [Joints] FL: +25.039, +26.772, +25.039 ,FR: +26.772, +28.504, +26.772, HL: 26.772, +25.039, +25.039, HR: +26.772, +26.772, +25.039 Max FR-HipY = +28.504 Min FL-HipX = +25.039 
[2025-06-12 16:22:52.019.929] [INFO  ] [Controller] [Joints] FL: +25.039, +26.772, +25.039 ,FR: +26.772, +28.504, +26.772, HL: 26.772, +25.039, +25.039, HR: +26.772, +26.772, +25.039 Max FR-HipY = +28.504 Min FL-HipX = +25.039 
[2025-06-12 16:22:52.650.140] [INFO  ] [Battery] SoC = 52%, Volt = +29.400V, Temp 31 
[2025-06-12 16:22:54.519.928] [INFO  ] [Controller] [Joints] FL: +25.039, +26.772, +25.039 ,FR: +26.772, +28.504, +26.772, HL: 26.772, +25.039, +25.039, HR: +26.772, +26.772, +25.039 Max FR-HipY = +28.504 Min FL-HipX = +25.039 
[2025-06-12 16:22:55.295.911] [INFO  ] [Controller] stand_cmd.... 
[2025-06-12 16:22:55.295.948] [INFO  ] [BasicMotion] Standing up, please wait... 
[2025-06-12 16:22:57.019.928] [INFO  ] [Controller] [Joints] FL: +25.039, +26.772, +25.039 ,FR: +26.772, +28.504, +26.772, HL: 26.772, +25.039, +25.039, HR: +26.772, +26.772, +25.039 Max FR-HipY = +28.504 Min FL-HipX = +25.039 
[2025-06-12 16:22:57.297.919] [INFO  ] [BasicMotion] Stand up action has finished, waitting to switch to force control mode! 
[2025-06-12 16:22:57.297.955] [INFO  ] [BasicMotion] Switching to force control mode, please wait... 
[2025-06-12 16:22:57.635.485] [INFO  ] [Battery] SoC = 52%, Volt = +29.200V, Temp 31 
[2025-06-12 16:22:58.098.967] [INFO  ] [TVMPC] JY is Moving... (tvmpc),  time: 51.891315 
[2025-06-12 16:22:59.519.919] [INFO  ] [Controller] [Joints] FL: +25.039, +26.772, +26.772 ,FR: +26.772, +28.504, +26.772, HL: 26.772, +25.039, +26.772, HR: +26.772, +26.772, +26.772 Max FR-HipY = +28.504 Min FL-HipX = +25.039 
[2025-06-12 16:23:02.019.921] [INFO  ] [Controller] [Joints] FL: +26.772, +26.772, +26.772 ,FR: +26.772, +28.504, +26.772, HL: 26.772, +25.039, +26.772, HR: +26.772, +26.772, +26.772 Max FR-HipY = +28.504 Min HL-HipY = +25.039 
[2025-06-12 16:23:02.620.823] [INFO  ] [Battery] SoC = 51%, Volt = +29.300V, Temp 31 
[2025-06-12 16:23:04.519.920] [INFO  ] [Controller] [Joints] FL: +26.772, +26.772, +26.772 ,FR: +26.772, +28.504, +26.772, HL: 26.772, +26.772, +26.772, HR: +28.504, +26.772, +28.504 Max FR-HipY = +28.504 Min FL-HipX = +26.772 
[2025-06-12 16:23:07.019.920] [INFO  ] [Controller] [Joints] FL: +26.772, +26.772, +26.772 ,FR: +26.772, +28.504, +26.772, HL: 26.772, +26.772, +28.504, HR: +28.504, +26.772, +28.504 Max FR-HipY = +28.504 Min FL-HipX = +26.772 
[2025-06-12 16:23:07.606.300] [INFO  ] [Battery] SoC = 51%, Volt = +29.000V, Temp 31 
[2025-06-12 16:23:08.449.317] [INFO  ] [TVMPC] [trot]STOP!!! 
[2025-06-12 16:23:08.449.904] [INFO  ] [BasicMotion] Switching to force control mode, please wait... 
[2025-06-12 16:23:09.451.938] [INFO  ] [TVMPC] JY is Moving... (tvmpc),  time: 63.244315 
[2025-06-12 16:23:09.519.918] [INFO  ] [Controller] [Joints] FL: +26.772, +26.772, +28.504 ,FR: +26.772, +28.504, +28.504, HL: 26.772, +26.772, +28.504, HR: +28.504, +26.772, +30.236 Max HR-Knee = +30.236 Min FL-HipX = +26.772 
[2025-06-12 16:23:10.802.340] [INFO  ] [TVMPC] [trot]STOP!!! 
[2025-06-12 16:23:10.802.904] [INFO  ] [BasicMotion] Switching to force control mode, please wait... 
[2025-06-12 16:23:11.804.937] [INFO  ] [TVMPC] JY is Moving... (tvmpc),  time: 65.597315 
[2025-06-12 16:23:12.019.919] [INFO  ] [Controller] [Joints] FL: +28.504, +26.772, +28.504 ,FR: +28.504, +28.504, +28.504, HL: 28.504, +26.772, +28.504, HR: +28.504, +26.772, +30.236 Max HR-Knee = +30.236 Min FL-HipY = +26.772 
[2025-06-12 16:23:12.591.554] [INFO  ] [Battery] SoC = 51%, Volt = +29.100V, Temp 31 
[2025-06-12 16:23:14.505.326] [INFO  ] [TVMPC] [trot]STOP!!! 
[2025-06-12 16:23:14.505.904] [INFO  ] [BasicMotion] Switching to force control mode, please wait... 
[2025-06-12 16:23:14.519.908] [INFO  ] [Controller] [Joints] FL: +28.504, +26.772, +28.504 ,FR: +28.504, +28.504, +28.504, HL: 28.504, +26.772, +30.236, HR: +28.504, +26.772, +30.236 Max HL-Knee = +30.236 Min FL-HipY = +26.772 
[2025-06-12 16:23:15.507.934] [INFO  ] [TVMPC] JY is Moving... (tvmpc),  time: 69.300315 
[2025-06-12 16:23:17.019.920] [INFO  ] [Controller] [Joints] FL: +28.504, +26.772, +28.504 ,FR: +28.504, +28.504, +28.504, HL: 28.504, +26.772, +30.236, HR: +28.504, +26.772, +31.969 Max HR-Knee = +31.969 Min FL-HipY = +26.772 
[2025-06-12 16:23:17.576.742] [INFO  ] [Battery] SoC = 51%, Volt = +29.100V, Temp 31 
[2025-06-12 16:23:19.519.917] [INFO  ] [Controller] [Joints] FL: +28.504, +26.772, +28.504 ,FR: +28.504, +28.504, +28.504, HL: 28.504, +26.772, +30.236, HR: +28.504, +26.772, +31.969 Max HR-Knee = +31.969 Min FL-HipY = +26.772 
[2025-06-12 16:23:22.019.920] [INFO  ] [Controller] [Joints] FL: +28.504, +26.772, +28.504 ,FR: +28.504, +28.504, +28.504, HL: 28.504, +26.772, +31.969, HR: +28.504, +26.772, +31.969 Max HL-Knee = +31.969 Min FL-HipY = +26.772 
[2025-06-12 16:23:22.562.079] [INFO  ] [Battery] SoC = 51%, Volt = +29.000V, Temp 31 
[2025-06-12 16:23:24.519.916] [INFO  ] [Controller] [Joints] FL: +28.504, +26.772, +30.236 ,FR: +28.504, +28.504, +30.236, HL: 28.504, +26.772, +31.969, HR: +30.236, +26.772, +33.701 Max HR-Knee = +33.701 Min FL-HipY = +26.772 
[2025-06-12 16:23:26.308.324] [INFO  ] [TVMPC] [trot]STOP!!! 
[2025-06-12 16:23:26.308.905] [INFO  ] [BasicMotion] Switching to force control mode, please wait... 
[2025-06-12 16:23:27.019.927] [INFO  ] [Controller] [Joints] FL: +30.236, +26.772, +30.236 ,FR: +28.504, +28.504, +30.236, HL: 28.504, +26.772, +31.969, HR: +30.236, +26.772, +33.701 Max HR-Knee = +33.701 Min FL-HipY = +26.772 
[2025-06-12 16:23:27.310.937] [INFO  ] [TVMPC] JY is Moving... (tvmpc),  time: 81.103316 
[2025-06-12 16:23:27.547.692] [INFO  ] [Battery] SoC = 51%, Volt = +29.100V, Temp 31 
[2025-06-12 16:23:29.519.920] [INFO  ] [Controller] [Joints] FL: +30.236, +26.772, +30.236 ,FR: +28.504, +28.504, +30.236, HL: 28.504, +26.772, +31.969, HR: +30.236, +26.772, +35.433 Max HR-Knee = +35.433 Min FL-HipY = +26.772 
[2025-06-12 16:23:32.019.917] [INFO  ] [Controller] [Joints] FL: +30.236, +26.772, +30.236 ,FR: +30.236, +28.504, +30.236, HL: 28.504, +26.772, +33.701, HR: +30.236, +26.772, +35.433 Max HR-Knee = +35.433 Min FL-HipY = +26.772 
[2025-06-12 16:23:32.533.003] [INFO  ] [Battery] SoC = 51%, Volt = +29.100V, Temp 31 
[2025-06-12 16:23:33.611.321] [INFO  ] [TVMPC] [trot]STOP!!! 
[2025-06-12 16:23:33.611.904] [INFO  ] [BasicMotion] Switching to force control mode, please wait... 
[2025-06-12 16:23:34.519.927] [INFO  ] [Controller] [Joints] FL: +30.236, +26.772, +30.236 ,FR: +30.236, +28.504, +30.236, HL: 30.236, +26.772, +33.701, HR: +30.236, +26.772, +35.433 Max HR-Knee = +35.433 Min FL-HipY = +26.772 
[2025-06-12 16:23:37.019.927] [INFO  ] [Controller] [Joints] FL: +30.236, +26.772, +30.236 ,FR: +30.236, +28.504, +30.236, HL: 30.236, +26.772, +33.701, HR: +30.236, +26.772, +35.433 Max HR-Knee = +35.433 Min FL-HipY = +26.772 
[2025-06-12 16:23:37.518.285] [INFO  ] [Battery] SoC = 51%, Volt = +29.200V, Temp 31 
[2025-06-12 16:23:39.519.973] [INFO  ] [Controller] [Joints] FL: +30.236, +26.772, +30.236 ,FR: +30.236, +26.772, +30.236, HL: 30.236, +26.772, +33.701, HR: +30.236, +26.772, +35.433 Max HR-Knee = +35.433 Min FL-HipY = +26.772 
[2025-06-12 16:23:42.019.938] [INFO  ] [Controller] [Joints] FL: +30.236, +26.772, +30.236 ,FR: +30.236, +26.772, +30.236, HL: 28.504, +26.772, +33.701, HR: +30.236, +26.772, +35.433 Max HR-Knee = +35.433 Min FL-HipY = +26.772 
[2025-06-12 16:23:42.503.698] [INFO  ] [Battery] SoC = 51%, Volt = +29.200V, Temp 31 
[2025-06-12 16:23:44.519.936] [INFO  ] [Controller] [Joints] FL: +30.236, +26.772, +30.236 ,FR: +30.236, +26.772, +30.236, HL: 28.504, +26.772, +33.701, HR: +30.236, +26.772, +35.433 Max HR-Knee = +35.433 Min FL-HipY = +26.772 
[2025-06-12 16:23:46.494.958] [INFO  ] [Controller] stand_cmd.... 
[2025-06-12 16:23:46.495.012] [INFO  ] [BasicMotion] Standing down, please wait... 
[2025-06-12 16:23:47.019.932] [INFO  ] [Controller] [Joints] FL: +30.236, +26.772, +30.236 ,FR: +28.504, +26.772, +30.236, HL: 28.504, +26.772, +33.701, HR: +28.504, +26.772, +35.433 Max HR-Knee = +35.433 Min FL-HipY = +26.772 
[2025-06-12 16:23:47.488.852] [INFO  ] [Battery] SoC = 51%, Volt = +29.200V, Temp 31 
[2025-06-12 16:23:48.995.913] [INFO  ] [BasicMotion] Stand down action has finished, waitting to stand up again!!! 
[2025-06-12 16:23:49.519.935] [INFO  ] [Controller] [Joints] FL: +28.504, +26.772, +30.236 ,FR: +28.504, +26.772, +31.969, HL: 28.504, +26.772, +31.969, HR: +28.504, +26.772, +35.433 Max HR-Knee = +35.433 Min FL-HipY = +26.772 
[2025-06-12 16:23:52.019.933] [INFO  ] [Controller] [Joints] FL: +28.504, +26.772, +30.236 ,FR: +28.504, +26.772, +30.236, HL: 28.504, +26.772, +31.969, HR: +28.504, +26.772, +35.433 Max HR-Knee = +35.433 Min FL-HipY = +26.772 
[2025-06-12 16:23:52.474.176] [INFO  ] [Battery] SoC = 51%, Volt = +29.300V, Temp 31 
[2025-06-12 16:23:54.519.929] [INFO  ] [Controller] [Joints] FL: +28.504, +26.772, +30.236 ,FR: +28.504, +26.772, +30.236, HL: 28.504, +26.772, +31.969, HR: +28.504, +26.772, +33.701 Max HR-Knee = +33.701 Min FL-HipY = +26.772 
[2025-06-12 16:23:57.019.928] [INFO  ] [Controller] [Joints] FL: +28.504, +26.772, +30.236 ,FR: +28.504, +26.772, +30.236, HL: 28.504, +26.772, +31.969, HR: +28.504, +26.772, +33.701 Max HR-Knee = +33.701 Min FL-HipY = +26.772 
[2025-06-12 16:23:57.459.710] [INFO  ] [Battery] SoC = 51%, Volt = +29.300V, Temp 31 
[2025-06-12 16:23:59.519.924] [INFO  ] [Controller] [Joints] FL: +28.504, +26.772, +30.236 ,FR: +28.504, +26.772, +30.236, HL: 28.504, +26.772, +31.969, HR: +28.504, +26.772, +33.701 Max HR-Knee = +33.701 Min FL-HipY = +26.772 
[2025-06-12 16:24:02.019.925] [INFO  ] [Controller] [Joints] FL: +28.504, +26.772, +30.236 ,FR: +28.504, +26.772, +30.236, HL: 28.504, +26.772, +31.969, HR: +28.504, +26.772, +33.701 Max HR-Knee = +33.701 Min FL-HipY = +26.772 
[2025-06-12 16:24:02.445.115] [INFO  ] [Battery] SoC = 51%, Volt = +29.300V, Temp 31 
[2025-06-12 16:24:04.519.927] [INFO  ] [Controller] [Joints] FL: +28.504, +26.772, +30.236 ,FR: +28.504, +26.772, +30.236, HL: 28.504, +26.772, +30.236, HR: +28.504, +26.772, +31.969 Max HR-Knee = +31.969 Min FL-HipY = +26.772 
[2025-06-12 16:24:07.019.925] [INFO  ] [Controller] [Joints] FL: +28.504, +26.772, +28.504 ,FR: +28.504, +26.772, +30.236, HL: 28.504, +26.772, +30.236, HR: +28.504, +26.772, +31.969 Max HR-Knee = +31.969 Min FL-HipY = +26.772 
[2025-06-12 16:24:07.430.445] [INFO  ] [Battery] SoC = 51%, Volt = +29.300V, Temp 31 
[2025-06-12 16:24:09.519.926] [INFO  ] [Controller] [Joints] FL: +28.504, +26.772, +28.504 ,FR: +28.504, +26.772, +28.504, HL: 28.504, +26.772, +30.236, HR: +28.504, +26.772, +31.969 Max HR-Knee = +31.969 Min FL-HipY = +26.772 
[2025-06-12 16:24:12.019.930] [INFO  ] [Controller] [Joints] FL: +28.504, +26.772, +28.504 ,FR: +28.504, +26.772, +28.504, HL: 26.772, +26.772, +30.236, HR: +28.504, +26.772, +31.969 Max HR-Knee = +31.969 Min FL-HipY = +26.772 
[2025-06-12 16:24:12.415.677] [INFO  ] [Battery] SoC = 51%, Volt = +29.300V, Temp 31 
[2025-06-12 16:24:14.519.929] [INFO  ] [Controller] [Joints] FL: +28.504, +26.772, +28.504 ,FR: +28.504, +26.772, +28.504, HL: 26.772, +26.772, +30.236, HR: +28.504, +26.772, +31.969 Max HR-Knee = +31.969 Min FL-HipY = +26.772 
[2025-06-12 16:24:17.019.928] [INFO  ] [Controller] [Joints] FL: +28.504, +26.772, +28.504 ,FR: +28.504, +26.772, +28.504, HL: 26.772, +26.772, +30.236, HR: +26.772, +26.772, +31.969 Max HR-Knee = +31.969 Min FL-HipY = +26.772 
[2025-06-12 16:24:17.400.969] [INFO  ] [Battery] SoC = 50%, Volt = +29.300V, Temp 31 
[2025-06-12 16:24:19.519.926] [INFO  ] [Controller] [Joints] FL: +28.504, +26.772, +28.504 ,FR: +26.772, +26.772, +28.504, HL: 26.772, +26.772, +30.236, HR: +26.772, +25.039, +30.236 Max HL-Knee = +30.236 Min HR-HipY = +25.039 
[2025-06-12 16:24:22.019.928] [INFO  ] [Controller] [Joints] FL: +28.504, +26.772, +28.504 ,FR: +26.772, +26.772, +28.504, HL: 26.772, +26.772, +30.236, HR: +26.772, +25.039, +30.236 Max HL-Knee = +30.236 Min HR-HipY = +25.039 
[2025-06-12 16:24:22.386.181] [INFO  ] [Battery] SoC = 50%, Volt = +29.300V, Temp 31 
[2025-06-12 16:24:24.519.928] [INFO  ] [Controller] [Joints] FL: +26.772, +26.772, +28.504 ,FR: +26.772, +26.772, +28.504, HL: 26.772, +26.772, +30.236, HR: +26.772, +25.039, +30.236 Max HL-Knee = +30.236 Min HR-HipY = +25.039 
[2025-06-12 16:24:27.019.927] [INFO  ] [Controller] [Joints] FL: +26.772, +26.772, +28.504 ,FR: +26.772, +26.772, +28.504, HL: 26.772, +26.772, +28.504, HR: +26.772, +25.039, +30.236 Max HR-Knee = +30.236 Min HR-HipY = +25.039 
[2025-06-12 16:24:27.371.554] [INFO  ] [Battery] SoC = 50%, Volt = +29.300V, Temp 31 
[2025-06-12 16:24:29.519.927] [INFO  ] [Controller] [Joints] FL: +26.772, +26.772, +28.504 ,FR: +26.772, +26.772, +28.504, HL: 26.772, +26.772, +28.504, HR: +26.772, +25.039, +30.236 Max HR-Knee = +30.236 Min HR-HipY = +25.039 
[2025-06-12 16:24:32.019.928] [INFO  ] [Controller] [Joints] FL: +26.772, +26.772, +28.504 ,FR: +26.772, +26.772, +28.504, HL: 26.772, +26.772, +28.504, HR: +26.772, +25.039, +30.236 Max HR-Knee = +30.236 Min HR-HipY = +25.039 
[2025-06-12 16:24:32.356.793] [INFO  ] [Battery] SoC = 50%, Volt = +29.300V, Temp 31 
[2025-06-12 16:24:34.519.928] [INFO  ] [Controller] [Joints] FL: +26.772, +26.772, +28.504 ,FR: +26.772, +26.772, +28.504, HL: 26.772, +26.772, +28.504, HR: +26.772, +25.039, +30.236 Max HR-Knee = +30.236 Min HR-HipY = +25.039 
[2025-06-12 16:24:37.019.928] [INFO  ] [Controller] [Joints] FL: +26.772, +26.772, +28.504 ,FR: +26.772, +26.772, +28.504, HL: 26.772, +26.772, +28.504, HR: +26.772, +25.039, +30.236 Max HR-Knee = +30.236 Min HR-HipY = +25.039 
[2025-06-12 16:24:37.342.180] [INFO  ] [Battery] SoC = 50%, Volt = +29.300V, Temp 31 
[2025-06-12 16:24:39.519.927] [INFO  ] [Controller] [Joints] FL: +26.772, +26.772, +26.772 ,FR: +26.772, +26.772, +28.504, HL: 26.772, +26.772, +28.504, HR: +26.772, +25.039, +30.236 Max HR-Knee = +30.236 Min HR-HipY = +25.039 
[2025-06-12 16:24:42.019.930] [INFO  ] [Controller] [Joints] FL: +26.772, +26.772, +26.772 ,FR: +26.772, +26.772, +26.772, HL: 26.772, +26.772, +28.504, HR: +26.772, +25.039, +28.504 Max HL-Knee = +28.504 Min HR-HipY = +25.039 
[2025-06-12 16:24:42.327.574] [INFO  ] [Battery] SoC = 50%, Volt = +29.300V, Temp 31 
[2025-06-12 16:24:44.519.931] [INFO  ] [Controller] [Joints] FL: +26.772, +26.772, +26.772 ,FR: +26.772, +26.772, +26.772, HL: 26.772, +26.772, +28.504, HR: +26.772, +25.039, +28.504 Max HL-Knee = +28.504 Min HR-HipY = +25.039 
[2025-06-12 16:24:47.019.928] [INFO  ] [Controller] [Joints] FL: +26.772, +26.772, +26.772 ,FR: +26.772, +26.772, +26.772, HL: 26.772, +26.772, +28.504, HR: +26.772, +25.039, +28.504 Max HL-Knee = +28.504 Min HR-HipY = +25.039 
[2025-06-12 16:24:47.312.976] [INFO  ] [Battery] SoC = 50%, Volt = +29.300V, Temp 31 
[2025-06-12 16:24:49.519.925] [INFO  ] [Controller] [Joints] FL: +26.772, +26.772, +26.772 ,FR: +26.772, +26.772, +26.772, HL: 26.772, +26.772, +28.504, HR: +26.772, +25.039, +28.504 Max HL-Knee = +28.504 Min HR-HipY = +25.039 
[2025-06-12 16:24:52.019.929] [INFO  ] [Controller] [Joints] FL: +26.772, +26.772, +26.772 ,FR: +26.772, +26.772, +26.772, HL: 26.772, +26.772, +28.504, HR: +26.772, +25.039, +28.504 Max HL-Knee = +28.504 Min HR-HipY = +25.039 
[2025-06-12 16:24:52.298.395] [INFO  ] [Battery] SoC = 50%, Volt = +29.300V, Temp 31 
[2025-06-12 16:24:54.519.929] [INFO  ] [Controller] [Joints] FL: +26.772, +26.772, +26.772 ,FR: +26.772, +26.772, +26.772, HL: 26.772, +26.772, +28.504, HR: +26.772, +25.039, +28.504 Max HL-Knee = +28.504 Min HR-HipY = +25.039 
[2025-06-12 16:24:57.019.930] [INFO  ] [Controller] [Joints] FL: +26.772, +26.772, +26.772 ,FR: +26.772, +26.772, +26.772, HL: 26.772, +26.772, +28.504, HR: +26.772, +25.039, +28.504 Max HL-Knee = +28.504 Min HR-HipY = +25.039 
[2025-06-12 16:24:57.283.744] [INFO  ] [Battery] SoC = 50%, Volt = +29.300V, Temp 31 
[2025-06-12 16:24:59.519.929] [INFO  ] [Controller] [Joints] FL: +26.772, +26.772, +26.772 ,FR: +26.772, +26.772, +26.772, HL: 26.772, +26.772, +28.504, HR: +26.772, +25.039, +28.504 Max HL-Knee = +28.504 Min HR-HipY = +25.039 
[2025-06-12 16:25:02.019.929] [INFO  ] [Controller] [Joints] FL: +26.772, +26.772, +26.772 ,FR: +26.772, +26.772, +26.772, HL: 26.772, +26.772, +28.504, HR: +26.772, +25.039, +28.504 Max HL-Knee = +28.504 Min HR-HipY = +25.039 
[2025-06-12 16:25:02.269.118] [INFO  ] [Battery] SoC = 50%, Volt = +29.300V, Temp 31 
[2025-06-12 16:25:04.519.930] [INFO  ] [Controller] [Joints] FL: +26.772, +26.772, +26.772 ,FR: +26.772, +26.772, +26.772, HL: 26.772, +26.772, +28.504, HR: +26.772, +25.039, +28.504 Max HL-Knee = +28.504 Min HR-HipY = +25.039 
[2025-06-12 16:25:07.019.932] [INFO  ] [Controller] [Joints] FL: +26.772, +26.772, +26.772 ,FR: +26.772, +26.772, +26.772, HL: 26.772, +26.772, +28.504, HR: +26.772, +25.039, +28.504 Max HL-Knee = +28.504 Min HR-HipY = +25.039 
[2025-06-12 16:25:07.254.566] [INFO  ] [Battery] SoC = 50%, Volt = +29.300V, Temp 31 
[2025-06-12 16:25:09.519.927] [INFO  ] [Controller] [Joints] FL: +26.772, +26.772, +26.772 ,FR: +26.772, +26.772, +26.772, HL: 26.772, +26.772, +28.504, HR: +26.772, +25.039, +28.504 Max HL-Knee = +28.504 Min HR-HipY = +25.039 
[2025-06-12 16:25:12.019.928] [INFO  ] [Controller] [Joints] FL: +26.772, +26.772, +26.772 ,FR: +26.772, +26.772, +26.772, HL: 26.772, +26.772, +28.504, HR: +26.772, +25.039, +28.504 Max HL-Knee = +28.504 Min HR-HipY = +25.039 
[2025-06-12 16:25:12.240.231] [INFO  ] [Battery] SoC = 50%, Volt = +29.200V, Temp 31 
[2025-06-12 16:25:14.519.930] [INFO  ] [Controller] [Joints] FL: +26.772, +26.772, +26.772 ,FR: +26.772, +26.772, +26.772, HL: 26.772, +26.772, +28.504, HR: +26.772, +25.039, +28.504 Max HL-Knee = +28.504 Min HR-HipY = +25.039 
[2025-06-12 16:25:17.019.930] [INFO  ] [Controller] [Joints] FL: +26.772, +26.772, +26.772 ,FR: +26.772, +26.772, +26.772, HL: 26.772, +26.772, +28.504, HR: +26.772, +25.039, +28.504 Max HL-Knee = +28.504 Min HR-HipY = +25.039 
[2025-06-12 16:25:17.225.852] [INFO  ] [Battery] SoC = 50%, Volt = +29.200V, Temp 31 
[2025-06-12 16:25:19.519.927] [INFO  ] [Controller] [Joints] FL: +26.772, +26.772, +26.772 ,FR: +26.772, +26.772, +26.772, HL: 26.772, +26.772, +28.504, HR: +26.772, +25.039, +28.504 Max HL-Knee = +28.504 Min HR-HipY = +25.039 
[2025-06-12 16:25:22.019.930] [INFO  ] [Controller] [Joints] FL: +26.772, +26.772, +26.772 ,FR: +26.772, +26.772, +26.772, HL: 26.772, +26.772, +28.504, HR: +26.772, +25.039, +28.504 Max HL-Knee = +28.504 Min HR-HipY = +25.039 
[2025-06-12 16:25:22.211.313] [INFO  ] [Battery] SoC = 50%, Volt = +29.200V, Temp 31 
[2025-06-12 16:25:24.519.929] [INFO  ] [Controller] [Joints] FL: +26.772, +26.772, +26.772 ,FR: +26.772, +26.772, +26.772, HL: 26.772, +26.772, +28.504, HR: +26.772, +25.039, +28.504 Max HL-Knee = +28.504 Min HR-HipY = +25.039 
[2025-06-12 16:25:27.019.927] [INFO  ] [Controller] [Joints] FL: +26.772, +26.772, +26.772 ,FR: +26.772, +26.772, +26.772, HL: 26.772, +26.772, +26.772, HR: +26.772, +25.039, +28.504 Max HR-Knee = +28.504 Min HR-HipY = +25.039 
[2025-06-12 16:25:27.196.810] [INFO  ] [Battery] SoC = 50%, Volt = +29.200V, Temp 31 
[2025-06-12 16:25:29.519.925] [INFO  ] [Controller] [Joints] FL: +26.772, +26.772, +26.772 ,FR: +26.772, +26.772, +26.772, HL: 26.772, +26.772, +26.772, HR: +26.772, +25.039, +28.504 Max HR-Knee = +28.504 Min HR-HipY = +25.039 
[2025-06-12 16:25:30.663.910] [INFO  ] [Controller] stand_cmd.... 
[2025-06-12 16:25:30.663.948] [INFO  ] [BasicMotion] Standing up, please wait... 
[2025-06-12 16:25:32.019.925] [INFO  ] [Controller] [Joints] FL: +26.772, +26.772, +26.772 ,FR: +26.772, +26.772, +26.772, HL: 26.772, +26.772, +26.772, HR: +26.772, +25.039, +28.504 Max HR-Knee = +28.504 Min HR-HipY = +25.039 
[2025-06-12 16:25:32.182.311] [INFO  ] [Battery] SoC = 50%, Volt = +29.000V, Temp 31 
[2025-06-12 16:25:32.665.918] [INFO  ] [BasicMotion] Stand up action has finished, waitting to switch to force control mode! 
[2025-06-12 16:25:32.665.957] [INFO  ] [BasicMotion] Switching to force control mode, please wait... 
[2025-06-12 16:25:34.519.926] [INFO  ] [Controller] [Joints] FL: +26.772, +26.772, +26.772 ,FR: +26.772, +26.772, +26.772, HL: 26.772, +26.772, +28.504, HR: +26.772, +25.039, +28.504 Max HL-Knee = +28.504 Min HR-HipY = +25.039 
[2025-06-12 16:25:37.019.931] [INFO  ] [Controller] [Joints] FL: +26.772, +26.772, +26.772 ,FR: +26.772, +26.772, +26.772, HL: 28.504, +26.772, +28.504, HR: +28.504, +25.039, +28.504 Max HL-HipX = +28.504 Min HR-HipY = +25.039 
[2025-06-12 16:25:37.167.828] [INFO  ] [Battery] SoC = 50%, Volt = +29.100V, Temp 31 
[2025-06-12 16:25:39.519.941] [INFO  ] [Controller] [Joints] FL: +26.772, +26.772, +26.772 ,FR: +28.504, +26.772, +26.772, HL: 28.504, +26.772, +28.504, HR: +28.504, +26.772, +28.504 Max FR-HipX = +28.504 Min FL-HipX = +26.772 
[2025-06-12 16:25:42.020.064] [INFO  ] [Controller] [Joints] FL: +26.772, +26.772, +26.772 ,FR: +28.504, +26.772, +26.772, HL: 30.236, +26.772, +28.504, HR: +28.504, +26.772, +28.504 Max HL-HipX = +30.236 Min FL-HipX = +26.772 
[2025-06-12 16:25:42.153.171] [INFO  ] [Battery] SoC = 50%, Volt = +29.100V, Temp 31 
[2025-06-12 16:25:44.519.930] [INFO  ] [Controller] [Joints] FL: +28.504, +26.772, +26.772 ,FR: +28.504, +26.772, +26.772, HL: 31.969, +26.772, +28.504, HR: +30.236, +26.772, +28.504 Max HL-HipX = +31.969 Min FL-HipY = +26.772 
[2025-06-12 16:25:47.019.927] [INFO  ] [Controller] [Joints] FL: +28.504, +26.772, +26.772 ,FR: +30.236, +26.772, +26.772, HL: 31.969, +26.772, +30.236, HR: +30.236, +26.772, +28.504 Max HL-HipX = +31.969 Min FL-HipY = +26.772 
[2025-06-12 16:25:47.138.556] [INFO  ] [Battery] SoC = 50%, Volt = +29.000V, Temp 31 
[2025-06-12 16:25:49.519.932] [INFO  ] [Controller] [Joints] FL: +28.504, +26.772, +26.772 ,FR: +30.236, +26.772, +26.772, HL: 33.701, +26.772, +30.236, HR: +30.236, +26.772, +28.504 Max HL-HipX = +33.701 Min FL-HipY = +26.772 
[2025-06-12 16:25:52.019.926] [INFO  ] [Controller] [Joints] FL: +28.504, +26.772, +26.772 ,FR: +30.236, +26.772, +26.772, HL: 33.701, +26.772, +30.236, HR: +31.969, +26.772, +28.504 Max HL-HipX = +33.701 Min FL-HipY = +26.772 
[2025-06-12 16:25:52.123.982] [INFO  ] [Battery] SoC = 50%, Volt = +29.000V, Temp 31 
[2025-06-12 16:25:54.519.929] [INFO  ] [Controller] [Joints] FL: +28.504, +26.772, +26.772 ,FR: +31.969, +26.772, +28.504, HL: 35.433, +26.772, +30.236, HR: +31.969, +26.772, +28.504 Max HL-HipX = +35.433 Min FL-HipY = +26.772 
[2025-06-12 16:25:57.019.926] [INFO  ] [Controller] [Joints] FL: +28.504, +26.772, +26.772 ,FR: +31.969, +26.772, +28.504, HL: 35.433, +26.772, +30.236, HR: +31.969, +26.772, +28.504 Max HL-HipX = +35.433 Min FL-HipY = +26.772 
[2025-06-12 16:25:57.109.379] [INFO  ] [Battery] SoC = 50%, Volt = +29.000V, Temp 31 
[2025-06-12 16:25:59.519.927] [INFO  ] [Controller] [Joints] FL: +28.504, +26.772, +26.772 ,FR: +31.969, +26.772, +28.504, HL: 37.165, +26.772, +30.236, HR: +33.701, +26.772, +28.504 Max HL-HipX = +37.165 Min FL-HipY = +26.772 
[2025-06-12 16:26:02.019.924] [INFO  ] [Controller] [Joints] FL: +28.504, +26.772, +26.772 ,FR: +33.701, +26.772, +28.504, HL: 37.165, +26.772, +30.236, HR: +33.701, +26.772, +28.504 Max HL-HipX = +37.165 Min FL-HipY = +26.772 
[2025-06-12 16:26:02.094.839] [INFO  ] [Battery] SoC = 49%, Volt = +29.000V, Temp 31 
[2025-06-12 16:26:04.519.921] [INFO  ] [Controller] [Joints] FL: +28.504, +26.772, +26.772 ,FR: +33.701, +26.772, +28.504, HL: 38.898, +26.772, +30.236, HR: +33.701, +26.772, +28.504 Max HL-HipX = +38.898 Min FL-HipY = +26.772 
[2025-06-12 16:26:07.019.927] [INFO  ] [Controller] [Joints] FL: +28.504, +26.772, +26.772 ,FR: +33.701, +26.772, +28.504, HL: 38.898, +26.772, +30.236, HR: +33.701, +26.772, +28.504 Max HL-HipX = +38.898 Min FL-HipY = +26.772 
[2025-06-12 16:26:07.080.478] [INFO  ] [Battery] SoC = 49%, Volt = +29.000V, Temp 31 
[2025-06-12 16:26:09.519.926] [INFO  ] [Controller] [Joints] FL: +28.504, +26.772, +26.772 ,FR: +33.701, +26.772, +28.504, HL: 38.898, +26.772, +30.236, HR: +35.433, +26.772, +28.504 Max HL-HipX = +38.898 Min FL-HipY = +26.772 
[2025-06-12 16:26:12.019.927] [INFO  ] [Controller] [Joints] FL: +28.504, +26.772, +26.772 ,FR: +33.701, +26.772, +28.504, HL: 40.630, +26.772, +31.969, HR: +35.433, +26.772, +28.504 Max HL-HipX = +40.630 Min FL-HipY = +26.772 
[2025-06-12 16:26:12.065.938] [INFO  ] [Battery] SoC = 49%, Volt = +29.000V, Temp 31 
[2025-06-12 16:26:14.519.928] [INFO  ] [Controller] [Joints] FL: +28.504, +26.772, +26.772 ,FR: +35.433, +26.772, +28.504, HL: 40.630, +26.772, +31.969, HR: +35.433, +26.772, +28.504 Max HL-HipX = +40.630 Min FL-HipY = +26.772 
[2025-06-12 16:26:17.019.928] [INFO  ] [Controller] [Joints] FL: +28.504, +26.772, +26.772 ,FR: +35.433, +26.772, +28.504, HL: 40.630, +26.772, +31.969, HR: +35.433, +26.772, +28.504 Max HL-HipX = +40.630 Min FL-HipY = +26.772 
[2025-06-12 16:26:17.051.492] [INFO  ] [Battery] SoC = 49%, Volt = +29.000V, Temp 31 
[2025-06-12 16:26:19.519.927] [INFO  ] [Controller] [Joints] FL: +28.504, +26.772, +26.772 ,FR: +35.433, +26.772, +28.504, HL: 40.630, +26.772, +31.969, HR: +35.433, +26.772, +28.504 Max HL-HipX = +40.630 Min FL-HipY = +26.772 
[2025-06-12 16:26:22.019.927] [INFO  ] [Controller] [Joints] FL: +30.236, +26.772, +26.772 ,FR: +35.433, +26.772, +28.504, HL: 42.362, +26.772, +31.969, HR: +37.165, +26.772, +28.504 Max HL-HipX = +42.362 Min FL-HipY = +26.772 
[2025-06-12 16:26:22.036.979] [INFO  ] [Battery] SoC = 49%, Volt = +29.000V, Temp 31 
[2025-06-12 16:26:24.519.929] [INFO  ] [Controller] [Joints] FL: +30.236, +26.772, +26.772 ,FR: +35.433, +26.772, +28.504, HL: 42.362, +26.772, +31.969, HR: +37.165, +26.772, +28.504 Max HL-HipX = +42.362 Min FL-HipY = +26.772 
[2025-06-12 16:26:27.019.927] [INFO  ] [Controller] [Joints] FL: +30.236, +26.772, +26.772 ,FR: +35.433, +26.772, +28.504, HL: 42.362, +26.772, +31.969, HR: +37.165, +26.772, +28.504 Max HL-HipX = +42.362 Min FL-HipY = +26.772 
[2025-06-12 16:26:27.022.502] [INFO  ] [Battery] SoC = 49%, Volt = +29.000V, Temp 31 
[2025-06-12 16:26:29.519.926] [INFO  ] [Controller] [Joints] FL: +30.236, +26.772, +26.772 ,FR: +37.165, +26.772, +28.504, HL: 42.362, +26.772, +31.969, HR: +37.165, +26.772, +28.504 Max HL-HipX = +42.362 Min FL-HipY = +26.772 
[2025-06-12 16:26:32.008.083] [INFO  ] [Battery] SoC = 49%, Volt = +29.000V, Temp 31 
[2025-06-12 16:26:32.019.912] [INFO  ] [Controller] [Joints] FL: +30.236, +26.772, +26.772 ,FR: +37.165, +26.772, +28.504, HL: 44.094, +26.772, +31.969, HR: +37.165, +26.772, +28.504 Max HL-HipX = +44.094 Min FL-HipY = +26.772 
[2025-06-12 16:26:34.519.929] [INFO  ] [Controller] [Joints] FL: +30.236, +26.772, +26.772 ,FR: +37.165, +26.772, +28.504, HL: 44.094, +26.772, +31.969, HR: +37.165, +26.772, +28.504 Max HL-HipX = +44.094 Min FL-HipY = +26.772 
[2025-06-12 16:26:36.993.742] [INFO  ] [Battery] SoC = 49%, Volt = +29.000V, Temp 31 
[2025-06-12 16:26:37.019.923] [INFO  ] [Controller] [Joints] FL: +30.236, +26.772, +26.772 ,FR: +37.165, +26.772, +28.504, HL: 44.094, +26.772, +31.969, HR: +38.898, +26.772, +28.504 Max HL-HipX = +44.094 Min FL-HipY = +26.772 
[2025-06-12 16:26:39.519.928] [INFO  ] [Controller] [Joints] FL: +30.236, +26.772, +26.772 ,FR: +37.165, +26.772, +28.504, HL: 44.094, +26.772, +31.969, HR: +38.898, +26.772, +30.236 Max HL-HipX = +44.094 Min FL-HipY = +26.772 
[2025-06-12 16:26:41.979.225] [INFO  ] [Battery] SoC = 49%, Volt = +29.000V, Temp 31 
[2025-06-12 16:26:42.019.925] [INFO  ] [Controller] [Joints] FL: +30.236, +26.772, +26.772 ,FR: +37.165, +26.772, +28.504, HL: 44.094, +26.772, +31.969, HR: +38.898, +26.772, +30.236 Max HL-HipX = +44.094 Min FL-HipY = +26.772 
[2025-06-12 16:26:44.519.930] [INFO  ] [Controller] [Joints] FL: +30.236, +26.772, +26.772 ,FR: +37.165, +26.772, +28.504, HL: 44.094, +26.772, +31.969, HR: +38.898, +26.772, +30.236 Max HL-HipX = +44.094 Min FL-HipY = +26.772 
[2025-06-12 16:26:46.964.786] [INFO  ] [Battery] SoC = 49%, Volt = +29.000V, Temp 31 
[2025-06-12 16:26:47.019.927] [INFO  ] [Controller] [Joints] FL: +30.236, +26.772, +26.772 ,FR: +37.165, +26.772, +28.504, HL: 45.827, +26.772, +31.969, HR: +38.898, +26.772, +30.236 Max HL-HipX = +45.827 Min FL-HipY = +26.772 
[2025-06-12 16:26:49.519.926] [INFO  ] [Controller] [Joints] FL: +30.236, +26.772, +26.772 ,FR: +37.165, +26.772, +28.504, HL: 45.827, +26.772, +31.969, HR: +38.898, +26.772, +30.236 Max HL-HipX = +45.827 Min FL-HipY = +26.772 
[2025-06-12 16:26:51.950.184] [INFO  ] [Battery] SoC = 49%, Volt = +28.900V, Temp 31 
[2025-06-12 16:26:52.019.925] [INFO  ] [Controller] [Joints] FL: +30.236, +26.772, +26.772 ,FR: +38.898, +26.772, +28.504, HL: 45.827, +26.772, +33.701, HR: +38.898, +26.772, +30.236 Max HL-HipX = +45.827 Min FL-HipY = +26.772 
[2025-06-12 16:26:54.519.927] [INFO  ] [Controller] [Joints] FL: +30.236, +26.772, +26.772 ,FR: +38.898, +26.772, +28.504, HL: 45.827, +26.772, +33.701, HR: +38.898, +26.772, +30.236 Max HL-HipX = +45.827 Min FL-HipY = +26.772 
[2025-06-12 16:26:56.936.389] [INFO  ] [Battery] SoC = 49%, Volt = +28.900V, Temp 31 
[2025-06-12 16:26:57.019.925] [INFO  ] [Controller] [Joints] FL: +30.236, +26.772, +26.772 ,FR: +38.898, +26.772, +28.504, HL: 45.827, +26.772, +33.701, HR: +40.630, +26.772, +30.236 Max HL-HipX = +45.827 Min FL-HipY = +26.772 
[2025-06-12 16:26:59.519.925] [INFO  ] [Controller] [Joints] FL: +30.236, +26.772, +26.772 ,FR: +38.898, +26.772, +28.504, HL: 45.827, +26.772, +33.701, HR: +40.630, +26.772, +30.236 Max HL-HipX = +45.827 Min FL-HipY = +26.772 
[2025-06-12 16:27:01.921.272] [INFO  ] [Battery] SoC = 48%, Volt = +28.900V, Temp 31 
[2025-06-12 16:27:02.019.928] [INFO  ] [Controller] [Joints] FL: +30.236, +26.772, +26.772 ,FR: +38.898, +26.772, +28.504, HL: 45.827, +26.772, +33.701, HR: +40.630, +26.772, +30.236 Max HL-HipX = +45.827 Min FL-HipY = +26.772 
[2025-06-12 16:27:04.519.927] [INFO  ] [Controller] [Joints] FL: +30.236, +26.772, +26.772 ,FR: +38.898, +26.772, +28.504, HL: 45.827, +26.772, +33.701, HR: +40.630, +26.772, +30.236 Max HL-HipX = +45.827 Min FL-HipY = +26.772 
[2025-06-12 16:27:06.906.835] [INFO  ] [Battery] SoC = 48%, Volt = +28.900V, Temp 31 
[2025-06-12 16:27:07.019.925] [INFO  ] [Controller] [Joints] FL: +30.236, +26.772, +28.504 ,FR: +38.898, +26.772, +28.504, HL: 47.559, +26.772, +33.701, HR: +40.630, +26.772, +30.236 Max HL-HipX = +47.559 Min FL-HipY = +26.772 
[2025-06-12 16:27:09.519.924] [INFO  ] [Controller] [Joints] FL: +30.236, +26.772, +28.504 ,FR: +38.898, +26.772, +28.504, HL: 47.559, +26.772, +33.701, HR: +40.630, +26.772, +30.236 Max HL-HipX = +47.559 Min FL-HipY = +26.772 
[2025-06-12 16:27:11.892.484] [INFO  ] [Battery] SoC = 48%, Volt = +28.900V, Temp 31 
[2025-06-12 16:27:12.019.930] [INFO  ] [Controller] [Joints] FL: +30.236, +26.772, +28.504 ,FR: +38.898, +26.772, +28.504, HL: 47.559, +26.772, +33.701, HR: +40.630, +26.772, +30.236 Max HL-HipX = +47.559 Min FL-HipY = +26.772 
[2025-06-12 16:27:14.519.926] [INFO  ] [Controller] [Joints] FL: +30.236, +26.772, +28.504 ,FR: +38.898, +26.772, +30.236, HL: 47.559, +26.772, +33.701, HR: +40.630, +26.772, +30.236 Max HL-HipX = +47.559 Min FL-HipY = +26.772 
[2025-06-12 16:27:16.878.099] [INFO  ] [Battery] SoC = 48%, Volt = +28.900V, Temp 30 
[2025-06-12 16:27:17.019.927] [INFO  ] [Controller] [Joints] FL: +30.236, +26.772, +28.504 ,FR: +38.898, +26.772, +30.236, HL: 47.559, +26.772, +33.701, HR: +42.362, +26.772, +30.236 Max HL-HipX = +47.559 Min FL-HipY = +26.772 
[2025-06-12 16:27:19.519.926] [INFO  ] [Controller] [Joints] FL: +31.969, +26.772, +28.504 ,FR: +38.898, +26.772, +30.236, HL: 47.559, +26.772, +33.701, HR: +42.362, +26.772, +30.236 Max HL-HipX = +47.559 Min FL-HipY = +26.772 
[2025-06-12 16:27:21.863.704] [INFO  ] [Battery] SoC = 48%, Volt = +28.900V, Temp 31 
[2025-06-12 16:27:22.019.929] [INFO  ] [Controller] [Joints] FL: +31.969, +26.772, +28.504 ,FR: +38.898, +26.772, +30.236, HL: 47.559, +26.772, +33.701, HR: +42.362, +26.772, +30.236 Max HL-HipX = +47.559 Min FL-HipY = +26.772 
[2025-06-12 16:27:24.519.930] [INFO  ] [Controller] [Joints] FL: +31.969, +26.772, +28.504 ,FR: +38.898, +26.772, +30.236, HL: 47.559, +26.772, +33.701, HR: +42.362, +26.772, +30.236 Max HL-HipX = +47.559 Min FL-HipY = +26.772 
[2025-06-12 16:27:26.849.315] [INFO  ] [Battery] SoC = 48%, Volt = +28.900V, Temp 30 
[2025-06-12 16:27:27.019.935] [INFO  ] [Controller] [Joints] FL: +31.969, +26.772, +28.504 ,FR: +38.898, +26.772, +30.236, HL: 47.559, +26.772, +33.701, HR: +42.362, +26.772, +30.236 Max HL-HipX = +47.559 Min FL-HipY = +26.772 
[2025-06-12 16:27:29.519.931] [INFO  ] [Controller] [Joints] FL: +31.969, +26.772, +28.504 ,FR: +38.898, +26.772, +30.236, HL: 49.291, +26.772, +33.701, HR: +42.362, +26.772, +30.236 Max HL-HipX = +49.291 Min FL-HipY = +26.772 
[2025-06-12 16:27:31.834.863] [INFO  ] [Battery] SoC = 48%, Volt = +28.900V, Temp 30 
[2025-06-12 16:27:32.019.932] [INFO  ] [Controller] [Joints] FL: +31.969, +26.772, +28.504 ,FR: +40.630, +26.772, +30.236, HL: 49.291, +26.772, +33.701, HR: +42.362, +26.772, +30.236 Max HL-HipX = +49.291 Min FL-HipY = +26.772 
[2025-06-12 16:27:34.519.935] [INFO  ] [Controller] [Joints] FL: +31.969, +26.772, +28.504 ,FR: +40.630, +26.772, +30.236, HL: 49.291, +26.772, +33.701, HR: +42.362, +26.772, +30.236 Max HL-HipX = +49.291 Min FL-HipY = +26.772 
[2025-06-12 16:27:36.820.458] [INFO  ] [Battery] SoC = 48%, Volt = +28.900V, Temp 30 
[2025-06-12 16:27:37.019.937] [INFO  ] [Controller] [Joints] FL: +31.969, +26.772, +28.504 ,FR: +40.630, +26.772, +30.236, HL: 49.291, +26.772, +33.701, HR: +42.362, +26.772, +31.969 Max HL-HipX = +49.291 Min FL-HipY = +26.772 
[2025-06-12 16:27:39.519.934] [INFO  ] [Controller] [Joints] FL: +31.969, +26.772, +28.504 ,FR: +40.630, +26.772, +30.236, HL: 49.291, +26.772, +33.701, HR: +42.362, +26.772, +31.969 Max HL-HipX = +49.291 Min FL-HipY = +26.772 
[2025-06-12 16:27:41.805.846] [INFO  ] [Battery] SoC = 48%, Volt = +28.900V, Temp 30 
[2025-06-12 16:27:42.019.926] [INFO  ] [Controller] [Joints] FL: +31.969, +26.772, +28.504 ,FR: +40.630, +26.772, +30.236, HL: 49.291, +26.772, +33.701, HR: +44.094, +26.772, +31.969 Max HL-HipX = +49.291 Min FL-HipY = +26.772 
[2025-06-12 16:27:44.519.928] [INFO  ] [Controller] [Joints] FL: +31.969, +26.772, +28.504 ,FR: +40.630, +26.772, +30.236, HL: 49.291, +26.772, +33.701, HR: +44.094, +26.772, +31.969 Max HL-HipX = +49.291 Min FL-HipY = +26.772 
[2025-06-12 16:27:46.791.350] [INFO  ] [Battery] SoC = 48%, Volt = +28.900V, Temp 30 
[2025-06-12 16:27:47.019.929] [INFO  ] [Controller] [Joints] FL: +31.969, +26.772, +28.504 ,FR: +40.630, +26.772, +30.236, HL: 49.291, +26.772, +33.701, HR: +44.094, +26.772, +31.969 Max HL-HipX = +49.291 Min FL-HipY = +26.772 
[2025-06-12 16:27:49.519.925] [INFO  ] [Controller] [Joints] FL: +31.969, +26.772, +28.504 ,FR: +40.630, +26.772, +30.236, HL: 49.291, +26.772, +33.701, HR: +44.094, +26.772, +31.969 Max HL-HipX = +49.291 Min FL-HipY = +26.772 
[2025-06-12 16:27:51.776.786] [INFO  ] [Battery] SoC = 48%, Volt = +28.900V, Temp 30 
[2025-06-12 16:27:52.019.926] [INFO  ] [Controller] [Joints] FL: +31.969, +26.772, +28.504 ,FR: +40.630, +26.772, +30.236, HL: 49.291, +26.772, +33.701, HR: +44.094, +26.772, +31.969 Max HL-HipX = +49.291 Min FL-HipY = +26.772 
[2025-06-12 16:27:54.519.926] [INFO  ] [Controller] [Joints] FL: +31.969, +26.772, +28.504 ,FR: +40.630, +26.772, +30.236, HL: 49.291, +26.772, +33.701, HR: +44.094, +26.772, +31.969 Max HL-HipX = +49.291 Min FL-HipY = +26.772 
[2025-06-12 16:27:56.762.250] [INFO  ] [Battery] SoC = 47%, Volt = +28.900V, Temp 30 
[2025-06-12 16:27:57.019.923] [INFO  ] [Controller] [Joints] FL: +31.969, +26.772, +28.504 ,FR: +40.630, +28.504, +30.236, HL: 49.291, +26.772, +33.701, HR: +44.094, +26.772, +31.969 Max HL-HipX = +49.291 Min FL-HipY = +26.772 
[2025-06-12 16:27:59.519.925] [INFO  ] [Controller] [Joints] FL: +31.969, +26.772, +28.504 ,FR: +40.630, +28.504, +30.236, HL: 49.291, +26.772, +33.701, HR: +44.094, +26.772, +31.969 Max HL-HipX = +49.291 Min FL-HipY = +26.772 
[2025-06-12 16:28:01.747.743] [INFO  ] [Battery] SoC = 47%, Volt = +28.900V, Temp 30 
[2025-06-12 16:28:02.019.927] [INFO  ] [Controller] [Joints] FL: +31.969, +26.772, +28.504 ,FR: +40.630, +28.504, +30.236, HL: 51.024, +26.772, +33.701, HR: +44.094, +26.772, +31.969 Max HL-HipX = +51.024 Min FL-HipY = +26.772 
[2025-06-12 16:28:04.519.926] [INFO  ] [Controller] [Joints] FL: +31.969, +26.772, +28.504 ,FR: +40.630, +28.504, +30.236, HL: 51.024, +26.772, +33.701, HR: +44.094, +26.772, +31.969 Max HL-HipX = +51.024 Min FL-HipY = +26.772 
[2025-06-12 16:28:06.733.321] [INFO  ] [Battery] SoC = 47%, Volt = +28.800V, Temp 30 
[2025-06-12 16:28:07.019.927] [INFO  ] [Controller] [Joints] FL: +31.969, +26.772, +28.504 ,FR: +40.630, +28.504, +30.236, HL: 51.024, +26.772, +35.433, HR: +44.094, +26.772, +31.969 Max HL-HipX = +51.024 Min FL-HipY = +26.772 
[2025-06-12 16:28:09.519.925] [INFO  ] [Controller] [Joints] FL: +31.969, +26.772, +28.504 ,FR: +40.630, +28.504, +30.236, HL: 51.024, +26.772, +35.433, HR: +44.094, +26.772, +31.969 Max HL-HipX = +51.024 Min FL-HipY = +26.772 
[2025-06-12 16:28:11.718.922] [INFO  ] [Battery] SoC = 47%, Volt = +28.800V, Temp 30 
[2025-06-12 16:28:12.019.927] [INFO  ] [Controller] [Joints] FL: +31.969, +26.772, +28.504 ,FR: +40.630, +28.504, +30.236, HL: 51.024, +26.772, +35.433, HR: +45.827, +26.772, +31.969 Max HL-HipX = +51.024 Min FL-HipY = +26.772 
[2025-06-12 16:28:14.519.927] [INFO  ] [Controller] [Joints] FL: +31.969, +26.772, +28.504 ,FR: +40.630, +28.504, +30.236, HL: 51.024, +26.772, +35.433, HR: +45.827, +26.772, +31.969 Max HL-HipX = +51.024 Min FL-HipY = +26.772 
[2025-06-12 16:28:16.704.488] [INFO  ] [Battery] SoC = 47%, Volt = +28.800V, Temp 30 
[2025-06-12 16:28:17.019.930] [INFO  ] [Controller] [Joints] FL: +31.969, +26.772, +28.504 ,FR: +40.630, +28.504, +30.236, HL: 51.024, +26.772, +35.433, HR: +45.827, +26.772, +31.969 Max HL-HipX = +51.024 Min FL-HipY = +26.772 
[2025-06-12 16:28:19.519.928] [INFO  ] [Controller] [Joints] FL: +31.969, +26.772, +28.504 ,FR: +40.630, +28.504, +30.236, HL: 51.024, +26.772, +35.433, HR: +45.827, +26.772, +31.969 Max HL-HipX = +51.024 Min FL-HipY = +26.772 
[2025-06-12 16:28:21.690.051] [INFO  ] [Battery] SoC = 47%, Volt = +28.800V, Temp 30 
[2025-06-12 16:28:22.019.929] [INFO  ] [Controller] [Joints] FL: +31.969, +26.772, +28.504 ,FR: +40.630, +28.504, +30.236, HL: 51.024, +26.772, +35.433, HR: +45.827, +26.772, +31.969 Max HL-HipX = +51.024 Min FL-HipY = +26.772 
[2025-06-12 16:28:24.519.928] [INFO  ] [Controller] [Joints] FL: +31.969, +26.772, +28.504 ,FR: +40.630, +28.504, +30.236, HL: 51.024, +26.772, +35.433, HR: +45.827, +26.772, +31.969 Max HL-HipX = +51.024 Min FL-HipY = +26.772 
[2025-06-12 16:28:26.675.618] [INFO  ] [Battery] SoC = 47%, Volt = +28.800V, Temp 30 
[2025-06-12 16:28:27.019.931] [INFO  ] [Controller] [Joints] FL: +31.969, +26.772, +28.504 ,FR: +42.362, +28.504, +30.236, HL: 51.024, +26.772, +35.433, HR: +45.827, +26.772, +31.969 Max HL-HipX = +51.024 Min FL-HipY = +26.772 
[2025-06-12 16:28:29.519.930] [INFO  ] [Controller] [Joints] FL: +31.969, +26.772, +28.504 ,FR: +42.362, +28.504, +30.236, HL: 51.024, +26.772, +35.433, HR: +45.827, +26.772, +31.969 Max HL-HipX = +51.024 Min FL-HipY = +26.772 
[2025-06-12 16:28:31.661.312] [INFO  ] [Battery] SoC = 47%, Volt = +28.800V, Temp 30 
[2025-06-12 16:28:32.019.929] [INFO  ] [Controller] [Joints] FL: +33.701, +26.772, +28.504 ,FR: +42.362, +28.504, +30.236, HL: 51.024, +26.772, +35.433, HR: +45.827, +26.772, +31.969 Max HL-HipX = +51.024 Min FL-HipY = +26.772 
[2025-06-12 16:28:34.519.928] [INFO  ] [Controller] [Joints] FL: +33.701, +26.772, +28.504 ,FR: +42.362, +28.504, +30.236, HL: 51.024, +26.772, +35.433, HR: +45.827, +26.772, +31.969 Max HL-HipX = +51.024 Min FL-HipY = +26.772 
[2025-06-12 16:28:36.646.763] [INFO  ] [Battery] SoC = 47%, Volt = +28.800V, Temp 30 
[2025-06-12 16:28:37.019.928] [INFO  ] [Controller] [Joints] FL: +33.701, +26.772, +28.504 ,FR: +42.362, +28.504, +30.236, HL: 52.756, +26.772, +35.433, HR: +45.827, +26.772, +31.969 Max HL-HipX = +52.756 Min FL-HipY = +26.772 
[2025-06-12 16:28:39.519.929] [INFO  ] [Controller] [Joints] FL: +33.701, +26.772, +28.504 ,FR: +42.362, +28.504, +30.236, HL: 52.756, +26.772, +35.433, HR: +45.827, +26.772, +31.969 Max HL-HipX = +52.756 Min FL-HipY = +26.772 
[2025-06-12 16:28:41.632.104] [INFO  ] [Battery] SoC = 47%, Volt = +28.800V, Temp 30 
[2025-06-12 16:28:42.019.929] [INFO  ] [Controller] [Joints] FL: +33.701, +26.772, +28.504 ,FR: +42.362, +28.504, +30.236, HL: 52.756, +26.772, +35.433, HR: +45.827, +26.772, +31.969 Max HL-HipX = +52.756 Min FL-HipY = +26.772 
[2025-06-12 16:28:44.519.927] [INFO  ] [Controller] [Joints] FL: +33.701, +26.772, +28.504 ,FR: +42.362, +28.504, +30.236, HL: 52.756, +26.772, +35.433, HR: +47.559, +26.772, +31.969 Max HL-HipX = +52.756 Min FL-HipY = +26.772 
[2025-06-12 16:28:46.617.551] [INFO  ] [Battery] SoC = 47%, Volt = +28.800V, Temp 30 
[2025-06-12 16:28:47.019.930] [INFO  ] [Controller] [Joints] FL: +33.701, +26.772, +28.504 ,FR: +42.362, +28.504, +30.236, HL: 52.756, +26.772, +35.433, HR: +47.559, +26.772, +31.969 Max HL-HipX = +52.756 Min FL-HipY = +26.772 
[2025-06-12 16:28:49.519.930] [INFO  ] [Controller] [Joints] FL: +33.701, +26.772, +28.504 ,FR: +42.362, +28.504, +30.236, HL: 52.756, +26.772, +35.433, HR: +47.559, +26.772, +31.969 Max HL-HipX = +52.756 Min FL-HipY = +26.772 
[2025-06-12 16:28:51.603.041] [INFO  ] [Battery] SoC = 47%, Volt = +28.800V, Temp 30 
[2025-06-12 16:28:52.019.925] [INFO  ] [Controller] [Joints] FL: +33.701, +26.772, +28.504 ,FR: +42.362, +28.504, +30.236, HL: 52.756, +26.772, +35.433, HR: +47.559, +26.772, +31.969 Max HL-HipX = +52.756 Min FL-HipY = +26.772 
[2025-06-12 16:28:54.519.926] [INFO  ] [Controller] [Joints] FL: +33.701, +26.772, +28.504 ,FR: +42.362, +28.504, +30.236, HL: 52.756, +26.772, +35.433, HR: +47.559, +26.772, +31.969 Max HL-HipX = +52.756 Min FL-HipY = +26.772 
[2025-06-12 16:28:56.588.589] [INFO  ] [Battery] SoC = 46%, Volt = +28.800V, Temp 30 
[2025-06-12 16:28:57.019.927] [INFO  ] [Controller] [Joints] FL: +33.701, +26.772, +28.504 ,FR: +42.362, +28.504, +30.236, HL: 52.756, +26.772, +35.433, HR: +47.559, +26.772, +31.969 Max HL-HipX = +52.756 Min FL-HipY = +26.772 
[2025-06-12 16:28:59.519.930] [INFO  ] [Controller] [Joints] FL: +33.701, +26.772, +28.504 ,FR: +42.362, +28.504, +30.236, HL: 52.756, +26.772, +35.433, HR: +47.559, +26.772, +31.969 Max HL-HipX = +52.756 Min FL-HipY = +26.772 
[2025-06-12 16:29:01.574.036] [INFO  ] [Battery] SoC = 46%, Volt = +28.800V, Temp 30 
[2025-06-12 16:29:02.019.927] [INFO  ] [Controller] [Joints] FL: +33.701, +26.772, +28.504 ,FR: +42.362, +28.504, +30.236, HL: 52.756, +26.772, +35.433, HR: +47.559, +26.772, +31.969 Max HL-HipX = +52.756 Min FL-HipY = +26.772 
[2025-06-12 16:29:04.519.930] [INFO  ] [Controller] [Joints] FL: +33.701, +26.772, +28.504 ,FR: +42.362, +28.504, +30.236, HL: 52.756, +26.772, +35.433, HR: +47.559, +26.772, +31.969 Max HL-HipX = +52.756 Min FL-HipY = +26.772 
[2025-06-12 16:29:06.559.604] [INFO  ] [Battery] SoC = 46%, Volt = +28.800V, Temp 30 
[2025-06-12 16:29:07.019.927] [INFO  ] [Controller] [Joints] FL: +33.701, +26.772, +28.504 ,FR: +42.362, +28.504, +30.236, HL: 52.756, +26.772, +35.433, HR: +47.559, +26.772, +33.701 Max HL-HipX = +52.756 Min FL-HipY = +26.772 
[2025-06-12 16:29:09.519.927] [INFO  ] [Controller] [Joints] FL: +33.701, +26.772, +28.504 ,FR: +42.362, +28.504, +30.236, HL: 52.756, +26.772, +35.433, HR: +47.559, +26.772, +33.701 Max HL-HipX = +52.756 Min FL-HipY = +26.772 
[2025-06-12 16:29:11.545.169] [INFO  ] [Battery] SoC = 46%, Volt = +28.800V, Temp 30 
[2025-06-12 16:29:12.019.930] [INFO  ] [Controller] [Joints] FL: +33.701, +26.772, +28.504 ,FR: +42.362, +28.504, +30.236, HL: 52.756, +26.772, +35.433, HR: +47.559, +26.772, +33.701 Max HL-HipX = +52.756 Min FL-HipY = +26.772 
[2025-06-12 16:29:14.519.927] [INFO  ] [Controller] [Joints] FL: +33.701, +26.772, +28.504 ,FR: +42.362, +28.504, +30.236, HL: 52.756, +26.772, +35.433, HR: +47.559, +26.772, +33.701 Max HL-HipX = +52.756 Min FL-HipY = +26.772 
[2025-06-12 16:29:16.530.791] [INFO  ] [Battery] SoC = 46%, Volt = +28.800V, Temp 30 
[2025-06-12 16:29:17.019.928] [INFO  ] [Controller] [Joints] FL: +33.701, +26.772, +28.504 ,FR: +42.362, +28.504, +30.236, HL: 52.756, +26.772, +35.433, HR: +47.559, +26.772, +33.701 Max HL-HipX = +52.756 Min FL-HipY = +26.772 
[2025-06-12 16:29:19.519.933] [INFO  ] [Controller] [Joints] FL: +33.701, +26.772, +28.504 ,FR: +42.362, +28.504, +30.236, HL: 54.488, +26.772, +35.433, HR: +47.559, +26.772, +33.701 Max HL-HipX = +54.488 Min FL-HipY = +26.772 
[2025-06-12 16:29:21.516.445] [INFO  ] [Battery] SoC = 46%, Volt = +28.800V, Temp 30 
[2025-06-12 16:29:22.019.936] [INFO  ] [Controller] [Joints] FL: +33.701, +26.772, +28.504 ,FR: +42.362, +28.504, +30.236, HL: 54.488, +26.772, +35.433, HR: +47.559, +26.772, +33.701 Max HL-HipX = +54.488 Min FL-HipY = +26.772 
[2025-06-12 16:29:24.519.933] [INFO  ] [Controller] [Joints] FL: +33.701, +26.772, +28.504 ,FR: +42.362, +28.504, +30.236, HL: 54.488, +26.772, +35.433, HR: +49.291, +26.772, +33.701 Max HL-HipX = +54.488 Min FL-HipY = +26.772 
[2025-06-12 16:29:26.502.133] [INFO  ] [Battery] SoC = 46%, Volt = +28.800V, Temp 30 
[2025-06-12 16:29:27.019.943] [INFO  ] [Controller] [Joints] FL: +33.701, +26.772, +28.504 ,FR: +42.362, +28.504, +30.236, HL: 54.488, +26.772, +35.433, HR: +49.291, +26.772, +33.701 Max HL-HipX = +54.488 Min FL-HipY = +26.772 
[2025-06-12 16:29:29.519.933] [INFO  ] [Controller] [Joints] FL: +33.701, +26.772, +28.504 ,FR: +42.362, +28.504, +30.236, HL: 54.488, +26.772, +35.433, HR: +49.291, +26.772, +33.701 Max HL-HipX = +54.488 Min FL-HipY = +26.772 
[2025-06-12 16:29:31.487.989] [INFO  ] [Battery] SoC = 46%, Volt = +28.800V, Temp 30 
[2025-06-12 16:29:32.019.936] [INFO  ] [Controller] [Joints] FL: +33.701, +26.772, +28.504 ,FR: +42.362, +28.504, +30.236, HL: 54.488, +26.772, +35.433, HR: +49.291, +26.772, +33.701 Max HL-HipX = +54.488 Min FL-HipY = +26.772 
[2025-06-12 16:29:34.519.927] [INFO  ] [Controller] [Joints] FL: +33.701, +26.772, +28.504 ,FR: +42.362, +28.504, +30.236, HL: 54.488, +26.772, +35.433, HR: +49.291, +26.772, +33.701 Max HL-HipX = +54.488 Min FL-HipY = +26.772 
[2025-06-12 16:29:36.473.750] [INFO  ] [Battery] SoC = 46%, Volt = +28.700V, Temp 30 
[2025-06-12 16:29:37.019.926] [INFO  ] [Controller] [Joints] FL: +33.701, +26.772, +28.504 ,FR: +42.362, +28.504, +30.236, HL: 54.488, +26.772, +35.433, HR: +49.291, +26.772, +33.701 Max HL-HipX = +54.488 Min FL-HipY = +26.772 
[2025-06-12 16:29:39.519.927] [INFO  ] [Controller] [Joints] FL: +33.701, +26.772, +28.504 ,FR: +42.362, +28.504, +30.236, HL: 54.488, +26.772, +35.433, HR: +49.291, +26.772, +33.701 Max HL-HipX = +54.488 Min FL-HipY = +26.772 
[2025-06-12 16:29:40.250.296] [ERROR ] [RT-CAN] [Error] can2 0x84 send error count 1
 
[2025-06-12 16:29:41.459.432] [INFO  ] [Battery] SoC = 46%, Volt = +28.700V, Temp 30 
[2025-06-12 16:29:42.019.925] [INFO  ] [Controller] [Joints] FL: +33.701, +26.772, +28.504 ,FR: +44.094, +28.504, +30.236, HL: 54.488, +26.772, +35.433, HR: +49.291, +26.772, +33.701 Max HL-HipX = +54.488 Min FL-HipY = +26.772 
[2025-06-12 16:29:42.260.936] [INFO  ] [TVMPC] JY is Moving... (tvmpc),  time: 456.053316 
[2025-06-12 16:29:44.520.133] [INFO  ] [Controller] [Joints] FL: +33.701, +28.504, +28.504 ,FR: +44.094, +28.504, +30.236, HL: 54.488, +26.772, +35.433, HR: +49.291, +26.772, +33.701 Max HL-HipX = +54.488 Min HL-HipY = +26.772 
[2025-06-12 16:29:46.444.952] [INFO  ] [Battery] SoC = 46%, Volt = +28.700V, Temp 30 
[2025-06-12 16:29:47.019.918] [INFO  ] [Controller] [Joints] FL: +35.433, +28.504, +30.236 ,FR: +42.362, +28.504, +30.236, HL: 54.488, +26.772, +35.433, HR: +49.291, +26.772, +33.701 Max HL-HipX = +54.488 Min HL-HipY = +26.772 
[2025-06-12 16:29:49.519.924] [INFO  ] [Controller] [Joints] FL: +35.433, +28.504, +30.236 ,FR: +42.362, +28.504, +31.969, HL: 52.756, +26.772, +37.165, HR: +49.291, +26.772, +33.701 Max HL-HipX = +52.756 Min HL-HipY = +26.772 
[2025-06-12 16:29:51.430.598] [INFO  ] [Battery] SoC = 45%, Volt = +28.700V, Temp 30 
[2025-06-12 16:29:52.019.916] [INFO  ] [Controller] [Joints] FL: +35.433, +28.504, +30.236 ,FR: +42.362, +28.504, +31.969, HL: 52.756, +26.772, +37.165, HR: +49.291, +26.772, +33.701 Max HL-HipX = +52.756 Min HL-HipY = +26.772 
[2025-06-12 16:29:54.519.918] [INFO  ] [Controller] [Joints] FL: +35.433, +28.504, +31.969 ,FR: +42.362, +28.504, +31.969, HL: 51.024, +26.772, +38.898, HR: +49.291, +26.772, +33.701 Max HL-HipX = +51.024 Min HL-HipY = +26.772 
[2025-06-12 16:29:56.416.069] [INFO  ] [Battery] SoC = 45%, Volt = +28.700V, Temp 30 
[2025-06-12 16:29:57.019.921] [INFO  ] [Controller] [Joints] FL: +35.433, +28.504, +31.969 ,FR: +42.362, +28.504, +31.969, HL: 51.024, +26.772, +38.898, HR: +49.291, +26.772, +33.701 Max HL-HipX = +51.024 Min HL-HipY = +26.772 
[2025-06-12 16:29:58.911.332] [INFO  ] [TVMPC] [trot]STOP!!! 
[2025-06-12 16:29:58.911.915] [INFO  ] [BasicMotion] Switching to force control mode, please wait... 
[2025-06-12 16:29:59.519.927] [INFO  ] [Controller] [Joints] FL: +35.433, +28.504, +31.969 ,FR: +42.362, +28.504, +31.969, HL: 49.291, +26.772, +38.898, HR: +49.291, +28.504, +35.433 Max HL-HipX = +49.291 Min HL-HipY = +26.772 
[2025-06-12 16:30:01.401.755] [INFO  ] [Battery] SoC = 45%, Volt = +28.800V, Temp 30 
[2025-06-12 16:30:02.019.927] [INFO  ] [Controller] [Joints] FL: +35.433, +28.504, +33.701 ,FR: +42.362, +28.504, +31.969, HL: 49.291, +26.772, +40.630, HR: +47.559, +28.504, +35.433 Max HL-HipX = +49.291 Min HL-HipY = +26.772 
[2025-06-12 16:30:04.519.927] [INFO  ] [Controller] [Joints] FL: +35.433, +28.504, +33.701 ,FR: +40.630, +28.504, +31.969, HL: 47.559, +26.772, +40.630, HR: +47.559, +28.504, +35.433 Max HL-HipX = +47.559 Min HL-HipY = +26.772 
[2025-06-12 16:30:05.958.940] [INFO  ] [TVMPC] JY is Moving... (tvmpc),  time: 479.751315 
[2025-06-12 16:30:06.387.506] [INFO  ] [Battery] SoC = 45%, Volt = +28.700V, Temp 30 
[2025-06-12 16:30:07.019.920] [INFO  ] [Controller] [Joints] FL: +35.433, +28.504, +33.701 ,FR: +40.630, +28.504, +31.969, HL: 47.559, +26.772, +40.630, HR: +47.559, +28.504, +35.433 Max HL-HipX = +47.559 Min HL-HipY = +26.772 
[2025-06-12 16:30:09.109.371] [INFO  ] [TVMPC] [trot]STOP!!! 
[2025-06-12 16:30:09.109.908] [INFO  ] [BasicMotion] Switching to force control mode, please wait... 
[2025-06-12 16:30:09.519.927] [INFO  ] [Controller] [Joints] FL: +35.433, +28.504, +33.701 ,FR: +40.630, +28.504, +31.969, HL: 47.559, +28.504, +40.630, HR: +47.559, +28.504, +37.165 Max HL-HipX = +47.559 Min FL-HipY = +28.504 
[2025-06-12 16:30:11.373.240] [INFO  ] [Battery] SoC = 45%, Volt = +28.800V, Temp 30 
[2025-06-12 16:30:12.019.930] [INFO  ] [Controller] [Joints] FL: +35.433, +28.504, +33.701 ,FR: +40.630, +28.504, +31.969, HL: 47.559, +28.504, +40.630, HR: +47.559, +28.504, +37.165 Max HL-HipX = +47.559 Min FL-HipY = +28.504 
[2025-06-12 16:30:14.519.929] [INFO  ] [Controller] [Joints] FL: +35.433, +28.504, +33.701 ,FR: +40.630, +28.504, +31.969, HL: 45.827, +28.504, +40.630, HR: +45.827, +28.504, +37.165 Max HL-HipX = +45.827 Min FL-HipY = +28.504 
[2025-06-12 16:30:16.358.922] [INFO  ] [Battery] SoC = 45%, Volt = +28.800V, Temp 30 
[2025-06-12 16:30:16.885.930] [WARN  ] [BasicMotion] leave grd!!! 
[2025-06-12 16:30:17.019.927] [INFO  ] [Controller] [Joints] FL: +35.433, +28.504, +33.701 ,FR: +40.630, +28.504, +33.701, HL: 45.827, +28.504, +40.630, HR: +45.827, +28.504, +37.165 Max HL-HipX = +45.827 Min FL-HipY = +28.504 
[2025-06-12 16:30:19.519.925] [INFO  ] [Controller] [Joints] FL: +35.433, +28.504, +33.701 ,FR: +38.898, +28.504, +33.701, HL: 45.827, +28.504, +40.630, HR: +45.827, +28.504, +37.165 Max HL-HipX = +45.827 Min FL-HipY = +28.504 
[2025-06-12 16:30:21.344.677] [INFO  ] [Battery] SoC = 45%, Volt = +28.800V, Temp 30 
[2025-06-12 16:30:21.634.915] [INFO  ] [BasicMotion] Squat to Stand!!! 
[2025-06-12 16:30:22.019.930] [INFO  ] [Controller] [Joints] FL: +35.433, +28.504, +33.701 ,FR: +38.898, +28.504, +31.969, HL: 44.094, +28.504, +40.630, HR: +45.827, +28.504, +37.165 Max HR-HipX = +45.827 Min FL-HipY = +28.504 
[2025-06-12 16:30:22.635.927] [INFO  ] [BasicMotion] Stand up action has finished, waitting to switch to force control mode! 
[2025-06-12 16:30:22.635.963] [INFO  ] [BasicMotion] Switching to force control mode, please wait... 
[2025-06-12 16:30:24.519.927] [INFO  ] [Controller] [Joints] FL: +35.433, +28.504, +33.701 ,FR: +38.898, +28.504, +31.969, HL: 44.094, +28.504, +38.898, HR: +44.094, +28.504, +37.165 Max HL-HipX = +44.094 Min FL-HipY = +28.504 
[2025-06-12 16:30:26.330.558] [INFO  ] [Battery] SoC = 45%, Volt = +28.700V, Temp 30 
[2025-06-12 16:30:27.019.928] [INFO  ] [Controller] [Joints] FL: +35.433, +28.504, +33.701 ,FR: +38.898, +28.504, +31.969, HL: 44.094, +28.504, +38.898, HR: +44.094, +28.504, +37.165 Max HL-HipX = +44.094 Min FL-HipY = +28.504 
[2025-06-12 16:30:29.519.929] [INFO  ] [Controller] [Joints] FL: +35.433, +28.504, +33.701 ,FR: +38.898, +28.504, +31.969, HL: 44.094, +28.504, +38.898, HR: +44.094, +28.504, +38.898 Max HL-HipX = +44.094 Min FL-HipY = +28.504 
[2025-06-12 16:30:31.279.924] [WARN  ] [BasicMotion] leave grd!!! 
[2025-06-12 16:30:31.316.437] [INFO  ] [Battery] SoC = 45%, Volt = +28.800V, Temp 30 
[2025-06-12 16:30:32.019.929] [INFO  ] [Controller] [Joints] FL: +35.433, +28.504, +33.701 ,FR: +38.898, +28.504, +31.969, HL: 44.094, +28.504, +38.898, HR: +44.094, +28.504, +38.898 Max HL-HipX = +44.094 Min FL-HipY = +28.504 
[2025-06-12 16:30:34.519.930] [INFO  ] [Controller] [Joints] FL: +35.433, +28.504, +33.701 ,FR: +37.165, +28.504, +31.969, HL: 44.094, +28.504, +38.898, HR: +44.094, +28.504, +38.898 Max HL-HipX = +44.094 Min FL-HipY = +28.504 
[2025-06-12 16:30:36.302.323] [INFO  ] [Battery] SoC = 45%, Volt = +28.900V, Temp 30 
[2025-06-12 16:30:37.019.929] [INFO  ] [Controller] [Joints] FL: +35.433, +28.504, +31.969 ,FR: +37.165, +28.504, +31.969, HL: 44.094, +28.504, +37.165, HR: +44.094, +28.504, +38.898 Max HL-HipX = +44.094 Min FL-HipY = +28.504 
[2025-06-12 16:30:39.519.929] [INFO  ] [Controller] [Joints] FL: +35.433, +28.504, +31.969 ,FR: +37.165, +28.504, +31.969, HL: 42.362, +28.504, +37.165, HR: +44.094, +28.504, +37.165 Max HR-HipX = +44.094 Min FL-HipY = +28.504 
[2025-06-12 16:30:39.917.916] [INFO  ] [BasicMotion] Squat to Stand!!! 
[2025-06-12 16:30:40.917.920] [INFO  ] [BasicMotion] Stand up action has finished, waitting to switch to force control mode! 
[2025-06-12 16:30:40.917.956] [INFO  ] [BasicMotion] Switching to force control mode, please wait... 
[2025-06-12 16:30:41.288.063] [INFO  ] [Battery] SoC = 45%, Volt = +28.700V, Temp 30 
[2025-06-12 16:30:42.019.929] [INFO  ] [Controller] [Joints] FL: +35.433, +28.504, +31.969 ,FR: +37.165, +28.504, +31.969, HL: 42.362, +28.504, +37.165, HR: +42.362, +28.504, +37.165 Max HL-HipX = +42.362 Min FL-HipY = +28.504 
[2025-06-12 16:30:44.519.928] [INFO  ] [Controller] [Joints] FL: +35.433, +28.504, +31.969 ,FR: +37.165, +28.504, +31.969, HL: 42.362, +28.504, +37.165, HR: +42.362, +28.504, +37.165 Max HL-HipX = +42.362 Min FL-HipY = +28.504 
[2025-06-12 16:30:46.273.707] [INFO  ] [Battery] SoC = 45%, Volt = +28.700V, Temp 30 
[2025-06-12 16:30:47.019.925] [INFO  ] [Controller] [Joints] FL: +35.433, +28.504, +31.969 ,FR: +37.165, +28.504, +31.969, HL: 42.362, +28.504, +37.165, HR: +42.362, +28.504, +38.898 Max HL-HipX = +42.362 Min FL-HipY = +28.504 
[2025-06-12 16:30:49.519.927] [INFO  ] [Controller] [Joints] FL: +33.701, +28.504, +31.969 ,FR: +37.165, +28.504, +31.969, HL: 42.362, +28.504, +37.165, HR: +42.362, +28.504, +38.898 Max HL-HipX = +42.362 Min FL-HipY = +28.504 
[2025-06-12 16:30:51.259.604] [INFO  ] [Battery] SoC = 45%, Volt = +28.700V, Temp 30 
[2025-06-12 16:30:52.012.939] [INFO  ] [TVMPC] JY is Moving... (tvmpc),  time: 525.805315 
[2025-06-12 16:30:52.019.917] [INFO  ] [Controller] [Joints] FL: +33.701, +28.504, +31.969 ,FR: +37.165, +28.504, +31.969, HL: 42.362, +28.504, +37.165, HR: +42.362, +28.504, +38.898 Max HL-HipX = +42.362 Min FL-HipY = +28.504 
[2025-06-12 16:30:54.519.918] [INFO  ] [Controller] [Joints] FL: +33.701, +28.504, +31.969 ,FR: +37.165, +28.504, +31.969, HL: 42.362, +28.504, +37.165, HR: +42.362, +28.504, +38.898 Max HL-HipX = +42.362 Min FL-HipY = +28.504 
[2025-06-12 16:30:56.245.353] [INFO  ] [Battery] SoC = 45%, Volt = +28.700V, Temp 30 
[2025-06-12 16:30:57.019.918] [INFO  ] [Controller] [Joints] FL: +35.433, +28.504, +33.701 ,FR: +37.165, +28.504, +31.969, HL: 42.362, +28.504, +37.165, HR: +42.362, +28.504, +38.898 Max HL-HipX = +42.362 Min FL-HipY = +28.504 
[2025-06-12 16:30:59.519.925] [INFO  ] [Controller] [Joints] FL: +35.433, +28.504, +33.701 ,FR: +37.165, +28.504, +31.969, HL: 42.362, +28.504, +37.165, HR: +42.362, +28.504, +38.898 Max HL-HipX = +42.362 Min FL-HipY = +28.504 
[2025-06-12 16:31:01.230.932] [INFO  ] [Battery] SoC = 44%, Volt = +28.700V, Temp 30 
[2025-06-12 16:31:02.019.919] [INFO  ] [Controller] [Joints] FL: +35.433, +28.504, +33.701 ,FR: +37.165, +28.504, +31.969, HL: 42.362, +28.504, +37.165, HR: +42.362, +28.504, +38.898 Max HL-HipX = +42.362 Min FL-HipY = +28.504 
[2025-06-12 16:31:04.519.920] [INFO  ] [Controller] [Joints] FL: +35.433, +28.504, +35.433 ,FR: +37.165, +28.504, +31.969, HL: 42.362, +28.504, +37.165, HR: +42.362, +28.504, +38.898 Max HL-HipX = +42.362 Min FL-HipY = +28.504 
[2025-06-12 16:31:06.216.568] [INFO  ] [Battery] SoC = 44%, Volt = +28.600V, Temp 30 
[2025-06-12 16:31:07.019.920] [INFO  ] [Controller] [Joints] FL: +35.433, +28.504, +35.433 ,FR: +37.165, +28.504, +33.701, HL: 42.362, +28.504, +38.898, HR: +42.362, +28.504, +38.898 Max HL-HipX = +42.362 Min FL-HipY = +28.504 
[2025-06-12 16:31:08.663.325] [INFO  ] [TVMPC] [trot]STOP!!! 
[2025-06-12 16:31:08.663.905] [INFO  ] [BasicMotion] Switching to force control mode, please wait... 
[2025-06-12 16:31:09.519.926] [INFO  ] [Controller] [Joints] FL: +35.433, +28.504, +35.433 ,FR: +37.165, +28.504, +33.701, HL: 42.362, +28.504, +38.898, HR: +42.362, +28.504, +38.898 Max HL-HipX = +42.362 Min FL-HipY = +28.504 
[2025-06-12 16:31:11.202.242] [INFO  ] [Battery] SoC = 44%, Volt = +28.700V, Temp 30 
[2025-06-12 16:31:12.019.928] [INFO  ] [Controller] [Joints] FL: +35.433, +28.504, +35.433 ,FR: +37.165, +28.504, +33.701, HL: 42.362, +28.504, +38.898, HR: +44.094, +28.504, +38.898 Max HR-HipX = +44.094 Min FL-HipY = +28.504 
[2025-06-12 16:31:14.519.934] [INFO  ] [Controller] [Joints] FL: +35.433, +28.504, +35.433 ,FR: +37.165, +28.504, +33.701, HL: 42.362, +28.504, +38.898, HR: +44.094, +28.504, +40.630 Max HR-HipX = +44.094 Min FL-HipY = +28.504 
[2025-06-12 16:31:16.187.939] [INFO  ] [Battery] SoC = 44%, Volt = +28.700V, Temp 30 
[2025-06-12 16:31:17.019.932] [INFO  ] [Controller] [Joints] FL: +35.433, +28.504, +35.433 ,FR: +37.165, +28.504, +33.701, HL: 42.362, +28.504, +38.898, HR: +44.094, +28.504, +40.630 Max HR-HipX = +44.094 Min FL-HipY = +28.504 
[2025-06-12 16:31:19.519.935] [INFO  ] [Controller] [Joints] FL: +35.433, +28.504, +35.433 ,FR: +37.165, +28.504, +33.701, HL: 42.362, +28.504, +38.898, HR: +44.094, +28.504, +40.630 Max HR-HipX = +44.094 Min FL-HipY = +28.504 
[2025-06-12 16:31:21.173.686] [INFO  ] [Battery] SoC = 44%, Volt = +28.700V, Temp 30 
[2025-06-12 16:31:22.019.931] [INFO  ] [Controller] [Joints] FL: +35.433, +28.504, +35.433 ,FR: +37.165, +28.504, +33.701, HL: 42.362, +28.504, +38.898, HR: +44.094, +28.504, +40.630 Max HR-HipX = +44.094 Min FL-HipY = +28.504 
[2025-06-12 16:31:24.519.930] [INFO  ] [Controller] [Joints] FL: +35.433, +28.504, +35.433 ,FR: +37.165, +28.504, +33.701, HL: 42.362, +28.504, +38.898, HR: +44.094, +28.504, +42.362 Max HR-HipX = +44.094 Min FL-HipY = +28.504 
[2025-06-12 16:31:26.159.478] [INFO  ] [Battery] SoC = 44%, Volt = +28.700V, Temp 30 
[2025-06-12 16:31:27.019.925] [INFO  ] [Controller] [Joints] FL: +35.433, +28.504, +35.433 ,FR: +37.165, +28.504, +33.701, HL: 42.362, +28.504, +38.898, HR: +42.362, +28.504, +42.362 Max HL-HipX = +42.362 Min FL-HipY = +28.504 
[2025-06-12 16:31:29.519.926] [INFO  ] [Controller] [Joints] FL: +35.433, +28.504, +35.433 ,FR: +37.165, +28.504, +33.701, HL: 42.362, +28.504, +38.898, HR: +42.362, +28.504, +42.362 Max HL-HipX = +42.362 Min FL-HipY = +28.504 
[2025-06-12 16:31:31.145.378] [INFO  ] [Battery] SoC = 44%, Volt = +28.700V, Temp 30 
[2025-06-12 16:31:32.019.927] [INFO  ] [Controller] [Joints] FL: +35.433, +28.504, +35.433 ,FR: +37.165, +28.504, +33.701, HL: 42.362, +28.504, +37.165, HR: +42.362, +28.504, +42.362 Max HL-HipX = +42.362 Min FL-HipY = +28.504 
[2025-06-12 16:31:34.519.925] [INFO  ] [Controller] [Joints] FL: +35.433, +28.504, +35.433 ,FR: +37.165, +28.504, +33.701, HL: 42.362, +28.504, +37.165, HR: +42.362, +28.504, +42.362 Max HL-HipX = +42.362 Min FL-HipY = +28.504 
[2025-06-12 16:31:36.131.372] [INFO  ] [Battery] SoC = 44%, Volt = +28.700V, Temp 30 
[2025-06-12 16:31:37.019.928] [INFO  ] [Controller] [Joints] FL: +35.433, +28.504, +35.433 ,FR: +37.165, +28.504, +33.701, HL: 42.362, +28.504, +37.165, HR: +42.362, +28.504, +44.094 Max HR-Knee = +44.094 Min FL-HipY = +28.504 
[2025-06-12 16:31:39.519.923] [INFO  ] [Controller] [Joints] FL: +35.433, +28.504, +35.433 ,FR: +37.165, +28.504, +33.701, HL: 42.362, +28.504, +37.165, HR: +42.362, +28.504, +44.094 Max HR-Knee = +44.094 Min FL-HipY = +28.504 
[2025-06-12 16:31:41.117.328] [INFO  ] [Battery] SoC = 44%, Volt = +28.700V, Temp 30 
[2025-06-12 16:31:42.019.925] [INFO  ] [Controller] [Joints] FL: +35.433, +28.504, +35.433 ,FR: +37.165, +28.504, +33.701, HL: 42.362, +28.504, +37.165, HR: +42.362, +28.504, +44.094 Max HR-Knee = +44.094 Min FL-HipY = +28.504 
[2025-06-12 16:31:44.519.923] [INFO  ] [Controller] [Joints] FL: +35.433, +28.504, +35.433 ,FR: +37.165, +28.504, +35.433, HL: 42.362, +28.504, +37.165, HR: +42.362, +28.504, +44.094 Max HR-Knee = +44.094 Min FL-HipY = +28.504 
[2025-06-12 16:31:46.103.308] [INFO  ] [Battery] SoC = 44%, Volt = +28.900V, Temp 30 
[2025-06-12 16:31:46.425.934] [WARN  ] [BasicMotion] leave grd!!! 
[2025-06-12 16:31:47.019.926] [INFO  ] [Controller] [Joints] FL: +35.433, +28.504, +35.433 ,FR: +37.165, +28.504, +35.433, HL: 42.362, +28.504, +37.165, HR: +42.362, +28.504, +44.094 Max HR-Knee = +44.094 Min FL-HipY = +28.504 
[2025-06-12 16:31:49.519.927] [INFO  ] [Controller] [Joints] FL: +35.433, +28.504, +35.433 ,FR: +37.165, +28.504, +33.701, HL: 42.362, +28.504, +37.165, HR: +42.362, +28.504, +44.094 Max HR-Knee = +44.094 Min FL-HipY = +28.504 
[2025-06-12 16:31:51.089.312] [INFO  ] [Battery] SoC = 44%, Volt = +28.700V, Temp 30 
[2025-06-12 16:31:51.172.915] [INFO  ] [BasicMotion] Squat to Stand!!! 
[2025-06-12 16:31:52.019.928] [INFO  ] [Controller] [Joints] FL: +35.433, +28.504, +35.433 ,FR: +37.165, +28.504, +33.701, HL: 42.362, +28.504, +37.165, HR: +42.362, +28.504, +44.094 Max HR-Knee = +44.094 Min FL-HipY = +28.504 
[2025-06-12 16:31:52.172.920] [INFO  ] [BasicMotion] Stand up action has finished, waitting to switch to force control mode! 
[2025-06-12 16:31:52.172.955] [INFO  ] [BasicMotion] Switching to force control mode, please wait... 
[2025-06-12 16:31:54.519.927] [INFO  ] [Controller] [Joints] FL: +35.433, +28.504, +35.433 ,FR: +37.165, +28.504, +33.701, HL: 42.362, +28.504, +37.165, HR: +42.362, +28.504, +42.362 Max HL-HipX = +42.362 Min FL-HipY = +28.504 
[2025-06-12 16:31:56.075.225] [INFO  ] [Battery] SoC = 44%, Volt = +28.700V, Temp 30 
[2025-06-12 16:31:57.019.929] [INFO  ] [Controller] [Joints] FL: +33.701, +28.504, +35.433 ,FR: +37.165, +28.504, +33.701, HL: 42.362, +28.504, +37.165, HR: +42.362, +28.504, +42.362 Max HL-HipX = +42.362 Min FL-HipY = +28.504 
[2025-06-12 16:31:59.519.927] [INFO  ] [Controller] [Joints] FL: +33.701, +28.504, +35.433 ,FR: +37.165, +28.504, +33.701, HL: 42.362, +28.504, +37.165, HR: +42.362, +28.504, +42.362 Max HL-HipX = +42.362 Min FL-HipY = +28.504 
[2025-06-12 16:32:01.061.169] [INFO  ] [Battery] SoC = 44%, Volt = +28.700V, Temp 30 
[2025-06-12 16:32:02.019.931] [INFO  ] [Controller] [Joints] FL: +33.701, +28.504, +35.433 ,FR: +37.165, +28.504, +33.701, HL: 42.362, +28.504, +37.165, HR: +42.362, +28.504, +42.362 Max HL-HipX = +42.362 Min FL-HipY = +28.504 
[2025-06-12 16:32:04.519.929] [INFO  ] [Controller] [Joints] FL: +33.701, +28.504, +35.433 ,FR: +37.165, +28.504, +33.701, HL: 42.362, +28.504, +37.165, HR: +42.362, +28.504, +42.362 Max HL-HipX = +42.362 Min FL-HipY = +28.504 
[2025-06-12 16:32:06.047.215] [INFO  ] [Battery] SoC = 44%, Volt = +28.700V, Temp 30 
[2025-06-12 16:32:07.019.928] [INFO  ] [Controller] [Joints] FL: +33.701, +28.504, +35.433 ,FR: +37.165, +28.504, +33.701, HL: 42.362, +28.504, +37.165, HR: +42.362, +28.504, +42.362 Max HL-HipX = +42.362 Min FL-HipY = +28.504 
[2025-06-12 16:32:09.519.928] [INFO  ] [Controller] [Joints] FL: +33.701, +28.504, +35.433 ,FR: +37.165, +28.504, +33.701, HL: 44.094, +28.504, +37.165, HR: +42.362, +28.504, +42.362 Max HL-HipX = +44.094 Min FL-HipY = +28.504 
[2025-06-12 16:32:10.567.303] [ERROR ] [RT-CAN] [Error] can3 0x84 send error count 2
 
[2025-06-12 16:32:11.033.194] [INFO  ] [Battery] SoC = 43%, Volt = +28.700V, Temp 30 
[2025-06-12 16:32:12.019.927] [INFO  ] [Controller] [Joints] FL: +33.701, +28.504, +35.433 ,FR: +37.165, +28.504, +33.701, HL: 44.094, +28.504, +37.165, HR: +42.362, +28.504, +42.362 Max HL-HipX = +44.094 Min FL-HipY = +28.504 
[2025-06-12 16:32:12.888.937] [INFO  ] [TVMPC] JY is Moving... (tvmpc),  time: 606.681315 
[2025-06-12 16:32:14.519.918] [INFO  ] [Controller] [Joints] FL: +33.701, +30.236, +35.433 ,FR: +37.165, +28.504, +33.701, HL: 44.094, +28.504, +37.165, HR: +42.362, +28.504, +42.362 Max HL-HipX = +44.094 Min FR-HipY = +28.504 
[2025-06-12 16:32:16.019.105] [INFO  ] [Battery] SoC = 43%, Volt = +28.600V, Temp 30 
[2025-06-12 16:32:17.019.919] [INFO  ] [Controller] [Joints] FL: +33.701, +30.236, +35.433 ,FR: +37.165, +28.504, +33.701, HL: 44.094, +28.504, +37.165, HR: +44.094, +28.504, +42.362 Max HL-HipX = +44.094 Min FR-HipY = +28.504 
[2025-06-12 16:32:19.519.922] [INFO  ] [Controller] [Joints] FL: +33.701, +30.236, +35.433 ,FR: +37.165, +28.504, +33.701, HL: 44.094, +28.504, +38.898, HR: +44.094, +28.504, +42.362 Max HL-HipX = +44.094 Min FR-HipY = +28.504 
[2025-06-12 16:32:20.539.350] [INFO  ] [TVMPC] [trot]STOP!!! 
[2025-06-12 16:32:20.539.908] [INFO  ] [BasicMotion] Switching to force control mode, please wait... 
[2025-06-12 16:32:21.004.937] [INFO  ] [Battery] SoC = 43%, Volt = +28.600V, Temp 30 
[2025-06-12 16:32:22.019.929] [INFO  ] [Controller] [Joints] FL: +35.433, +30.236, +35.433 ,FR: +37.165, +28.504, +35.433, HL: 44.094, +28.504, +38.898, HR: +44.094, +28.504, +42.362 Max HL-HipX = +44.094 Min FR-HipY = +28.504 
[2025-06-12 16:32:24.519.927] [INFO  ] [Controller] [Joints] FL: +35.433, +30.236, +35.433 ,FR: +37.165, +28.504, +35.433, HL: 44.094, +28.504, +38.898, HR: +44.094, +28.504, +42.362 Max HL-HipX = +44.094 Min FR-HipY = +28.504 
[2025-06-12 16:32:25.990.737] [INFO  ] [Battery] SoC = 43%, Volt = +28.700V, Temp 30 
[2025-06-12 16:32:27.019.928] [INFO  ] [Controller] [Joints] FL: +35.433, +30.236, +35.433 ,FR: +37.165, +28.504, +33.701, HL: 44.094, +28.504, +38.898, HR: +44.094, +28.504, +42.362 Max HL-HipX = +44.094 Min FR-HipY = +28.504 
[2025-06-12 16:32:29.519.928] [INFO  ] [Controller] [Joints] FL: +35.433, +30.236, +35.433 ,FR: +37.165, +28.504, +33.701, HL: 44.094, +28.504, +38.898, HR: +44.094, +28.504, +42.362 Max HL-HipX = +44.094 Min FR-HipY = +28.504 
[2025-06-12 16:32:30.976.451] [INFO  ] [Battery] SoC = 43%, Volt = +28.700V, Temp 30 
[2025-06-12 16:32:32.019.928] [INFO  ] [Controller] [Joints] FL: +35.433, +30.236, +35.433 ,FR: +37.165, +28.504, +33.701, HL: 44.094, +28.504, +38.898, HR: +45.827, +28.504, +42.362 Max HR-HipX = +45.827 Min FR-HipY = +28.504 
[2025-06-12 16:32:34.519.924] [INFO  ] [Controller] [Joints] FL: +35.433, +30.236, +35.433 ,FR: +37.165, +28.504, +33.701, HL: 44.094, +28.504, +38.898, HR: +45.827, +28.504, +42.362 Max HR-HipX = +45.827 Min FR-HipY = +28.504 
[2025-06-12 16:32:35.962.238] [INFO  ] [Battery] SoC = 43%, Volt = +28.600V, Temp 30 
[2025-06-12 16:32:37.019.926] [INFO  ] [Controller] [Joints] FL: +35.433, +30.236, +35.433 ,FR: +37.165, +28.504, +33.701, HL: 44.094, +28.504, +38.898, HR: +45.827, +28.504, +42.362 Max HR-HipX = +45.827 Min FR-HipY = +28.504 
[2025-06-12 16:32:38.154.922] [WARN  ] [BasicMotion] leave grd!!! 
[2025-06-12 16:32:39.519.925] [INFO  ] [Controller] [Joints] FL: +35.433, +30.236, +35.433 ,FR: +37.165, +28.504, +33.701, HL: 44.094, +28.504, +38.898, HR: +45.827, +28.504, +42.362 Max HR-HipX = +45.827 Min FR-HipY = +28.504 
[2025-06-12 16:32:40.948.034] [INFO  ] [Battery] SoC = 43%, Volt = +28.700V, Temp 30 
[2025-06-12 16:32:42.019.930] [INFO  ] [Controller] [Joints] FL: +35.433, +30.236, +35.433 ,FR: +37.165, +28.504, +33.701, HL: 42.362, +28.504, +38.898, HR: +45.827, +28.504, +42.362 Max HR-HipX = +45.827 Min FR-HipY = +28.504 
[2025-06-12 16:32:44.519.926] [INFO  ] [Controller] [Joints] FL: +35.433, +30.236, +35.433 ,FR: +37.165, +28.504, +33.701, HL: 42.362, +28.504, +38.898, HR: +45.827, +28.504, +42.362 Max HR-HipX = +45.827 Min FR-HipY = +28.504 
[2025-06-12 16:32:45.933.928] [INFO  ] [Battery] SoC = 43%, Volt = +28.800V, Temp 30 
[2025-06-12 16:32:47.019.929] [INFO  ] [Controller] [Joints] FL: +35.433, +30.236, +35.433 ,FR: +37.165, +28.504, +33.701, HL: 42.362, +28.504, +38.898, HR: +45.827, +28.504, +42.362 Max HR-HipX = +45.827 Min FR-HipY = +28.504 
[2025-06-12 16:32:47.289.915] [INFO  ] [BasicMotion] Squat to Stand!!! 
[2025-06-12 16:32:48.290.918] [INFO  ] [BasicMotion] Stand up action has finished, waitting to switch to force control mode! 
[2025-06-12 16:32:48.290.955] [INFO  ] [BasicMotion] Switching to force control mode, please wait... 
[2025-06-12 16:32:49.519.928] [INFO  ] [Controller] [Joints] FL: +33.701, +30.236, +35.433 ,FR: +37.165, +28.504, +33.701, HL: 42.362, +28.504, +38.898, HR: +44.094, +28.504, +40.630 Max HR-HipX = +44.094 Min FR-HipY = +28.504 
[2025-06-12 16:32:50.919.732] [INFO  ] [Battery] SoC = 43%, Volt = +28.600V, Temp 30 
[2025-06-12 16:32:52.019.929] [INFO  ] [Controller] [Joints] FL: +33.701, +30.236, +33.701 ,FR: +37.165, +28.504, +33.701, HL: 42.362, +28.504, +37.165, HR: +44.094, +28.504, +40.630 Max HR-HipX = +44.094 Min FR-HipY = +28.504 
[2025-06-12 16:32:54.519.928] [INFO  ] [Controller] [Joints] FL: +33.701, +30.236, +33.701 ,FR: +37.165, +28.504, +33.701, HL: 42.362, +28.504, +37.165, HR: +44.094, +28.504, +40.630 Max HR-HipX = +44.094 Min FR-HipY = +28.504 
[2025-06-12 16:32:55.905.493] [INFO  ] [Battery] SoC = 43%, Volt = +28.600V, Temp 30 
[2025-06-12 16:32:56.985.932] [INFO  ] [TVMPC] JY is Moving... (tvmpc),  time: 650.778315 
[2025-06-12 16:32:57.019.918] [INFO  ] [Controller] [Joints] FL: +33.701, +30.236, +33.701 ,FR: +37.165, +28.504, +33.701, HL: 42.362, +28.504, +37.165, HR: +44.094, +28.504, +40.630 Max HR-HipX = +44.094 Min FR-HipY = +28.504 
[2025-06-12 16:32:59.519.917] [INFO  ] [Controller] [Joints] FL: +33.701, +30.236, +33.701 ,FR: +37.165, +28.504, +33.701, HL: 42.362, +30.236, +37.165, HR: +44.094, +28.504, +40.630 Max HR-HipX = +44.094 Min FR-HipY = +28.504 
[2025-06-12 16:33:00.891.125] [INFO  ] [Battery] SoC = 43%, Volt = +28.500V, Temp 30 
[2025-06-12 16:33:02.019.917] [INFO  ] [Controller] [Joints] FL: +35.433, +30.236, +33.701 ,FR: +37.165, +28.504, +33.701, HL: 42.362, +30.236, +37.165, HR: +44.094, +28.504, +40.630 Max HR-HipX = +44.094 Min FR-HipY = +28.504 
[2025-06-12 16:33:04.519.916] [INFO  ] [Controller] [Joints] FL: +35.433, +30.236, +33.701 ,FR: +37.165, +28.504, +33.701, HL: 42.362, +30.236, +38.898, HR: +44.094, +28.504, +40.630 Max HR-HipX = +44.094 Min FR-HipY = +28.504 
[2025-06-12 16:33:05.536.325] [INFO  ] [TVMPC] [trot]STOP!!! 
[2025-06-12 16:33:05.536.906] [INFO  ] [BasicMotion] Switching to force control mode, please wait... 
[2025-06-12 16:33:05.876.788] [INFO  ] [Battery] SoC = 43%, Volt = +28.600V, Temp 30 
[2025-06-12 16:33:07.019.936] [INFO  ] [Controller] [Joints] FL: +35.433, +30.236, +35.433 ,FR: +37.165, +30.236, +33.701, HL: 42.362, +30.236, +38.898, HR: +44.094, +28.504, +40.630 Max HR-HipX = +44.094 Min HR-HipY = +28.504 
[2025-06-12 16:33:09.519.933] [INFO  ] [Controller] [Joints] FL: +35.433, +30.236, +35.433 ,FR: +37.165, +30.236, +33.701, HL: 42.362, +30.236, +38.898, HR: +45.827, +28.504, +40.630 Max HR-HipX = +45.827 Min HR-HipY = +28.504 
[2025-06-12 16:33:10.862.596] [INFO  ] [Battery] SoC = 43%, Volt = +28.600V, Temp 30 
[2025-06-12 16:33:12.019.931] [INFO  ] [Controller] [Joints] FL: +35.433, +30.236, +35.433 ,FR: +37.165, +30.236, +33.701, HL: 42.362, +30.236, +38.898, HR: +45.827, +28.504, +42.362 Max HR-HipX = +45.827 Min HR-HipY = +28.504 
[2025-06-12 16:33:14.519.935] [INFO  ] [Controller] [Joints] FL: +35.433, +30.236, +35.433 ,FR: +37.165, +30.236, +33.701, HL: 42.362, +30.236, +38.898, HR: +45.827, +30.236, +42.362 Max HR-HipX = +45.827 Min FL-HipY = +30.236 
[2025-06-12 16:33:15.848.465] [INFO  ] [Battery] SoC = 43%, Volt = +28.600V, Temp 30 
[2025-06-12 16:33:17.019.935] [INFO  ] [Controller] [Joints] FL: +35.433, +30.236, +35.433 ,FR: +37.165, +30.236, +33.701, HL: 42.362, +30.236, +38.898, HR: +45.827, +30.236, +42.362 Max HR-HipX = +45.827 Min FL-HipY = +30.236 
[2025-06-12 16:33:19.519.926] [INFO  ] [Controller] [Joints] FL: +35.433, +30.236, +35.433 ,FR: +37.165, +28.504, +33.701, HL: 42.362, +30.236, +38.898, HR: +45.827, +30.236, +42.362 Max HR-HipX = +45.827 Min FR-HipY = +28.504 
[2025-06-12 16:33:20.834.269] [INFO  ] [Battery] SoC = 42%, Volt = +28.600V, Temp 30 
[2025-06-12 16:33:22.019.927] [INFO  ] [Controller] [Joints] FL: +35.433, +30.236, +35.433 ,FR: +37.165, +28.504, +33.701, HL: 42.362, +30.236, +38.898, HR: +45.827, +30.236, +42.362 Max HR-HipX = +45.827 Min FR-HipY = +28.504 
[2025-06-12 16:33:24.519.926] [INFO  ] [Controller] [Joints] FL: +35.433, +30.236, +35.433 ,FR: +35.433, +28.504, +31.969, HL: 42.362, +30.236, +38.898, HR: +45.827, +30.236, +42.362 Max HR-HipX = +45.827 Min FR-HipY = +28.504 
[2025-06-12 16:33:25.820.029] [INFO  ] [Battery] SoC = 42%, Volt = +28.600V, Temp 30 
[2025-06-12 16:33:27.019.928] [INFO  ] [Controller] [Joints] FL: +35.433, +30.236, +35.433 ,FR: +35.433, +28.504, +31.969, HL: 42.362, +30.236, +38.898, HR: +45.827, +30.236, +42.362 Max HR-HipX = +45.827 Min FR-HipY = +28.504 
[2025-06-12 16:33:29.519.927] [INFO  ] [Controller] [Joints] FL: +35.433, +30.236, +35.433 ,FR: +35.433, +28.504, +31.969, HL: 42.362, +28.504, +38.898, HR: +45.827, +30.236, +42.362 Max HR-HipX = +45.827 Min FR-HipY = +28.504 
[2025-06-12 16:33:30.805.836] [INFO  ] [Battery] SoC = 42%, Volt = +28.600V, Temp 30 
[2025-06-12 16:33:32.019.926] [INFO  ] [Controller] [Joints] FL: +35.433, +28.504, +35.433 ,FR: +35.433, +28.504, +31.969, HL: 42.362, +28.504, +38.898, HR: +45.827, +30.236, +42.362 Max HR-HipX = +45.827 Min FL-HipY = +28.504 
[2025-06-12 16:33:34.519.926] [INFO  ] [Controller] [Joints] FL: +35.433, +28.504, +35.433 ,FR: +35.433, +28.504, +31.969, HL: 42.362, +28.504, +38.898, HR: +45.827, +30.236, +42.362 Max HR-HipX = +45.827 Min FL-HipY = +28.504 
[2025-06-12 16:33:35.791.736] [INFO  ] [Battery] SoC = 42%, Volt = +28.600V, Temp 30 
[2025-06-12 16:33:37.019.924] [INFO  ] [Controller] [Joints] FL: +35.433, +28.504, +35.433 ,FR: +35.433, +28.504, +31.969, HL: 42.362, +28.504, +38.898, HR: +45.827, +30.236, +42.362 Max HR-HipX = +45.827 Min FL-HipY = +28.504 
[2025-06-12 16:33:39.519.927] [INFO  ] [Controller] [Joints] FL: +35.433, +28.504, +35.433 ,FR: +35.433, +28.504, +31.969, HL: 42.362, +28.504, +38.898, HR: +45.827, +30.236, +42.362 Max HR-HipX = +45.827 Min FL-HipY = +28.504 
[2025-06-12 16:33:40.777.524] [INFO  ] [Battery] SoC = 42%, Volt = +28.600V, Temp 30 
[2025-06-12 16:33:41.107.300] [ERROR ] [RT-CAN] [Error] can3 0x84 send error count 3
 
[2025-06-12 16:33:42.019.925] [INFO  ] [Controller] [Joints] FL: +35.433, +28.504, +35.433 ,FR: +35.433, +28.504, +31.969, HL: 42.362, +28.504, +38.898, HR: +45.827, +30.236, +42.362 Max HR-HipX = +45.827 Min FL-HipY = +28.504 
[2025-06-12 16:33:44.519.925] [INFO  ] [Controller] [Joints] FL: +33.701, +28.504, +35.433 ,FR: +35.433, +28.504, +31.969, HL: 42.362, +28.504, +38.898, HR: +45.827, +30.236, +44.094 Max HR-HipX = +45.827 Min FL-HipY = +28.504 
[2025-06-12 16:33:45.763.447] [INFO  ] [Battery] SoC = 42%, Volt = +28.600V, Temp 30 
[2025-06-12 16:33:47.019.926] [INFO  ] [Controller] [Joints] FL: +33.701, +28.504, +35.433 ,FR: +35.433, +28.504, +31.969, HL: 42.362, +28.504, +38.898, HR: +45.827, +30.236, +44.094 Max HR-HipX = +45.827 Min FL-HipY = +28.504 
[2025-06-12 16:33:49.519.927] [INFO  ] [Controller] [Joints] FL: +33.701, +28.504, +35.433 ,FR: +35.433, +28.504, +31.969, HL: 42.362, +28.504, +38.898, HR: +45.827, +30.236, +44.094 Max HR-HipX = +45.827 Min FL-HipY = +28.504 
[2025-06-12 16:33:50.749.360] [INFO  ] [Battery] SoC = 42%, Volt = +28.600V, Temp 30 
[2025-06-12 16:33:52.019.927] [INFO  ] [Controller] [Joints] FL: +33.701, +28.504, +35.433 ,FR: +35.433, +28.504, +31.969, HL: 42.362, +28.504, +38.898, HR: +45.827, +30.236, +44.094 Max HR-HipX = +45.827 Min FL-HipY = +28.504 
[2025-06-12 16:33:54.519.926] [INFO  ] [Controller] [Joints] FL: +33.701, +28.504, +35.433 ,FR: +35.433, +28.504, +31.969, HL: 42.362, +28.504, +38.898, HR: +45.827, +30.236, +44.094 Max HR-HipX = +45.827 Min FL-HipY = +28.504 
[2025-06-12 16:33:55.735.229] [INFO  ] [Battery] SoC = 42%, Volt = +28.600V, Temp 30 
[2025-06-12 16:33:57.019.929] [INFO  ] [Controller] [Joints] FL: +33.701, +28.504, +35.433 ,FR: +35.433, +28.504, +31.969, HL: 42.362, +28.504, +38.898, HR: +45.827, +30.236, +44.094 Max HR-HipX = +45.827 Min FL-HipY = +28.504 
[2025-06-12 16:33:59.519.929] [INFO  ] [Controller] [Joints] FL: +33.701, +28.504, +35.433 ,FR: +35.433, +28.504, +31.969, HL: 42.362, +30.236, +38.898, HR: +47.559, +30.236, +44.094 Max HR-HipX = +47.559 Min FL-HipY = +28.504 
[2025-06-12 16:34:00.720.966] [INFO  ] [Battery] SoC = 42%, Volt = +28.600V, Temp 30 
[2025-06-12 16:34:02.019.926] [INFO  ] [Controller] [Joints] FL: +33.701, +28.504, +35.433 ,FR: +35.433, +28.504, +31.969, HL: 42.362, +30.236, +38.898, HR: +47.559, +30.236, +44.094 Max HR-HipX = +47.559 Min FL-HipY = +28.504 
[2025-06-12 16:34:04.519.927] [INFO  ] [Controller] [Joints] FL: +33.701, +28.504, +35.433 ,FR: +35.433, +28.504, +31.969, HL: 42.362, +28.504, +38.898, HR: +47.559, +30.236, +44.094 Max HR-HipX = +47.559 Min FL-HipY = +28.504 
[2025-06-12 16:34:05.706.823] [INFO  ] [Battery] SoC = 42%, Volt = +28.600V, Temp 30 
[2025-06-12 16:34:07.019.926] [INFO  ] [Controller] [Joints] FL: +33.701, +28.504, +35.433 ,FR: +35.433, +28.504, +31.969, HL: 42.362, +30.236, +38.898, HR: +47.559, +30.236, +44.094 Max HR-HipX = +47.559 Min FL-HipY = +28.504 
[2025-06-12 16:34:09.519.929] [INFO  ] [Controller] [Joints] FL: +33.701, +28.504, +35.433 ,FR: +35.433, +28.504, +31.969, HL: 42.362, +30.236, +38.898, HR: +47.559, +30.236, +44.094 Max HR-HipX = +47.559 Min FL-HipY = +28.504 
[2025-06-12 16:34:10.692.837] [INFO  ] [Battery] SoC = 42%, Volt = +28.600V, Temp 30 
[2025-06-12 16:34:12.019.929] [INFO  ] [Controller] [Joints] FL: +33.701, +28.504, +35.433 ,FR: +35.433, +28.504, +31.969, HL: 42.362, +30.236, +38.898, HR: +47.559, +30.236, +44.094 Max HR-HipX = +47.559 Min FL-HipY = +28.504 
[2025-06-12 16:34:14.519.929] [INFO  ] [Controller] [Joints] FL: +33.701, +28.504, +35.433 ,FR: +35.433, +28.504, +31.969, HL: 44.094, +30.236, +38.898, HR: +47.559, +30.236, +44.094 Max HR-HipX = +47.559 Min FL-HipY = +28.504 
[2025-06-12 16:34:15.678.749] [INFO  ] [Battery] SoC = 42%, Volt = +28.600V, Temp 30 
[2025-06-12 16:34:17.019.927] [INFO  ] [Controller] [Joints] FL: +33.701, +28.504, +35.433 ,FR: +35.433, +28.504, +31.969, HL: 44.094, +30.236, +38.898, HR: +47.559, +30.236, +44.094 Max HR-HipX = +47.559 Min FL-HipY = +28.504 
[2025-06-12 16:34:19.519.929] [INFO  ] [Controller] [Joints] FL: +33.701, +30.236, +35.433 ,FR: +35.433, +28.504, +31.969, HL: 44.094, +30.236, +38.898, HR: +47.559, +30.236, +44.094 Max HR-HipX = +47.559 Min FR-HipY = +28.504 
[2025-06-12 16:34:20.664.500] [INFO  ] [Battery] SoC = 42%, Volt = +28.600V, Temp 30 
[2025-06-12 16:34:22.019.928] [INFO  ] [Controller] [Joints] FL: +33.701, +30.236, +35.433 ,FR: +35.433, +28.504, +31.969, HL: 44.094, +30.236, +38.898, HR: +47.559, +30.236, +44.094 Max HR-HipX = +47.559 Min FR-HipY = +28.504 
[2025-06-12 16:34:24.519.928] [INFO  ] [Controller] [Joints] FL: +33.701, +30.236, +35.433 ,FR: +35.433, +28.504, +31.969, HL: 44.094, +30.236, +38.898, HR: +47.559, +30.236, +44.094 Max HR-HipX = +47.559 Min FR-HipY = +28.504 
[2025-06-12 16:34:25.650.311] [INFO  ] [Battery] SoC = 42%, Volt = +28.600V, Temp 30 
[2025-06-12 16:34:27.019.928] [INFO  ] [Controller] [Joints] FL: +33.701, +30.236, +35.433 ,FR: +35.433, +28.504, +30.236, HL: 44.094, +30.236, +38.898, HR: +47.559, +30.236, +44.094 Max HR-HipX = +47.559 Min FR-HipY = +28.504 
[2025-06-12 16:34:29.519.926] [INFO  ] [Controller] [Joints] FL: +33.701, +30.236, +35.433 ,FR: +35.433, +28.504, +30.236, HL: 44.094, +30.236, +38.898, HR: +47.559, +30.236, +44.094 Max HR-HipX = +47.559 Min FR-HipY = +28.504 
[2025-06-12 16:34:30.636.037] [INFO  ] [Battery] SoC = 42%, Volt = +28.600V, Temp 30 
[2025-06-12 16:34:32.019.926] [INFO  ] [Controller] [Joints] FL: +33.701, +30.236, +35.433 ,FR: +35.433, +28.504, +30.236, HL: 44.094, +30.236, +38.898, HR: +47.559, +30.236, +44.094 Max HR-HipX = +47.559 Min FR-HipY = +28.504 
[2025-06-12 16:34:34.519.928] [INFO  ] [Controller] [Joints] FL: +33.701, +30.236, +35.433 ,FR: +35.433, +28.504, +30.236, HL: 44.094, +30.236, +38.898, HR: +47.559, +30.236, +44.094 Max HR-HipX = +47.559 Min FR-HipY = +28.504 
[2025-06-12 16:34:35.621.681] [INFO  ] [Battery] SoC = 41%, Volt = +28.600V, Temp 30 
[2025-06-12 16:34:37.019.928] [INFO  ] [Controller] [Joints] FL: +33.701, +30.236, +35.433 ,FR: +35.433, +28.504, +30.236, HL: 44.094, +30.236, +38.898, HR: +47.559, +30.236, +44.094 Max HR-HipX = +47.559 Min FR-HipY = +28.504 
[2025-06-12 16:34:39.519.928] [INFO  ] [Controller] [Joints] FL: +33.701, +30.236, +35.433 ,FR: +35.433, +30.236, +30.236, HL: 44.094, +30.236, +38.898, HR: +47.559, +30.236, +44.094 Max HR-HipX = +47.559 Min FL-HipY = +30.236 
[2025-06-12 16:34:40.607.200] [INFO  ] [Battery] SoC = 41%, Volt = +28.600V, Temp 30 
[2025-06-12 16:34:42.019.927] [INFO  ] [Controller] [Joints] FL: +33.701, +30.236, +35.433 ,FR: +35.433, +30.236, +30.236, HL: 44.094, +30.236, +38.898, HR: +47.559, +30.236, +44.094 Max HR-HipX = +47.559 Min FL-HipY = +30.236 
[2025-06-12 16:34:44.519.927] [INFO  ] [Controller] [Joints] FL: +33.701, +30.236, +35.433 ,FR: +35.433, +30.236, +30.236, HL: 44.094, +30.236, +38.898, HR: +47.559, +30.236, +44.094 Max HR-HipX = +47.559 Min FL-HipY = +30.236 
[2025-06-12 16:34:45.592.959] [INFO  ] [Battery] SoC = 41%, Volt = +28.600V, Temp 30 
[2025-06-12 16:34:46.042.911] [INFO  ] [Controller] stand_cmd.... 
[2025-06-12 16:34:46.042.963] [INFO  ] [BasicMotion] Standing down, please wait... 
[2025-06-12 16:34:47.019.927] [INFO  ] [Controller] [Joints] FL: +33.701, +30.236, +35.433 ,FR: +35.433, +30.236, +30.236, HL: 44.094, +30.236, +38.898, HR: +47.559, +30.236, +44.094 Max HR-HipX = +47.559 Min FL-HipY = +30.236 
[2025-06-12 16:34:48.543.916] [INFO  ] [BasicMotion] Stand down action has finished, waitting to stand up again!!! 
[2025-06-12 16:34:49.519.929] [INFO  ] [Controller] [Joints] FL: +33.701, +30.236, +35.433 ,FR: +35.433, +30.236, +31.969, HL: 42.362, +30.236, +38.898, HR: +45.827, +30.236, +44.094 Max HR-HipX = +45.827 Min FL-HipY = +30.236 
[2025-06-12 16:34:49.653.912] [INFO  ] [Controller] stand_cmd.... 
[2025-06-12 16:34:49.653.953] [INFO  ] [BasicMotion] Standing up, please wait... 
[2025-06-12 16:34:50.578.756] [INFO  ] [Battery] SoC = 41%, Volt = +28.400V, Temp 30 
[2025-06-12 16:34:51.655.930] [INFO  ] [BasicMotion] Stand up action has finished, waitting to switch to force control mode! 
[2025-06-12 16:34:51.655.964] [INFO  ] [BasicMotion] Switching to force control mode, please wait... 
[2025-06-12 16:34:52.019.929] [INFO  ] [Controller] [Joints] FL: +33.701, +30.236, +35.433 ,FR: +35.433, +30.236, +31.969, HL: 42.362, +30.236, +38.898, HR: +45.827, +30.236, +44.094 Max HR-HipX = +45.827 Min FL-HipY = +30.236 
[2025-06-12 16:34:52.920.951] [INFO  ] [TVMPC] JY is Moving... (tvmpc),  time: 766.713324 
[2025-06-12 16:34:54.519.917] [INFO  ] [Controller] [Joints] FL: +33.701, +30.236, +35.433 ,FR: +35.433, +30.236, +31.969, HL: 44.094, +30.236, +40.630, HR: +45.827, +30.236, +44.094 Max HR-HipX = +45.827 Min FL-HipY = +30.236 
[2025-06-12 16:34:55.564.432] [INFO  ] [Battery] SoC = 41%, Volt = +28.400V, Temp 30 
[2025-06-12 16:34:57.019.917] [INFO  ] [Controller] [Joints] FL: +33.701, +30.236, +35.433 ,FR: +35.433, +30.236, +31.969, HL: 44.094, +30.236, +40.630, HR: +45.827, +30.236, +44.094 Max HR-HipX = +45.827 Min FL-HipY = +30.236 
[2025-06-12 16:34:59.519.925] [INFO  ] [Controller] [Joints] FL: +35.433, +30.236, +35.433 ,FR: +35.433, +30.236, +31.969, HL: 44.094, +30.236, +40.630, HR: +45.827, +30.236, +44.094 Max HR-HipX = +45.827 Min FL-HipY = +30.236 
[2025-06-12 16:35:00.550.167] [INFO  ] [Battery] SoC = 41%, Volt = +28.500V, Temp 30 
[2025-06-12 16:35:02.019.925] [INFO  ] [Controller] [Joints] FL: +35.433, +30.236, +37.165 ,FR: +35.433, +30.236, +31.969, HL: 44.094, +30.236, +42.362, HR: +45.827, +30.236, +44.094 Max HR-HipX = +45.827 Min FL-HipY = +30.236 
[2025-06-12 16:35:04.519.926] [INFO  ] [Controller] [Joints] FL: +35.433, +30.236, +37.165 ,FR: +35.433, +30.236, +33.701, HL: 44.094, +30.236, +42.362, HR: +45.827, +30.236, +45.827 Max HR-HipX = +45.827 Min FL-HipY = +30.236 
[2025-06-12 16:35:05.536.123] [INFO  ] [Battery] SoC = 41%, Volt = +28.500V, Temp 30 
[2025-06-12 16:35:07.019.926] [INFO  ] [Controller] [Joints] FL: +35.433, +30.236, +37.165 ,FR: +37.165, +30.236, +33.701, HL: 44.094, +30.236, +44.094, HR: +45.827, +30.236, +45.827 Max HR-HipX = +45.827 Min FL-HipY = +30.236 
[2025-06-12 16:35:09.519.925] [INFO  ] [Controller] [Joints] FL: +37.165, +30.236, +37.165 ,FR: +37.165, +30.236, +33.701, HL: 44.094, +30.236, +44.094, HR: +45.827, +30.236, +47.559 Max HR-Knee = +47.559 Min FL-HipY = +30.236 
[2025-06-12 16:35:10.522.147] [INFO  ] [Battery] SoC = 41%, Volt = +28.300V, Temp 30 
[2025-06-12 16:35:12.019.932] [INFO  ] [Controller] [Joints] FL: +37.165, +30.236, +37.165 ,FR: +37.165, +30.236, +33.701, HL: 42.362, +30.236, +44.094, HR: +45.827, +30.236, +47.559 Max HR-Knee = +47.559 Min FL-HipY = +30.236 
[2025-06-12 16:35:14.519.919] [INFO  ] [Controller] [Joints] FL: +37.165, +30.236, +37.165 ,FR: +37.165, +30.236, +33.701, HL: 42.362, +30.236, +45.827, HR: +45.827, +30.236, +47.559 Max HR-Knee = +47.559 Min FL-HipY = +30.236 
[2025-06-12 16:35:15.508.124] [INFO  ] [Battery] SoC = 41%, Volt = +28.300V, Temp 30 
[2025-06-12 16:35:17.019.993] [INFO  ] [Controller] [Joints] FL: +37.165, +30.236, +37.165 ,FR: +37.165, +30.236, +35.433, HL: 42.362, +30.236, +45.827, HR: +45.827, +30.236, +47.559 Max HR-Knee = +47.559 Min FL-HipY = +30.236 
[2025-06-12 16:35:19.471.361] [INFO  ] [TVMPC] [trot]STOP!!! 
[2025-06-12 16:35:19.471.905] [INFO  ] [BasicMotion] Switching to force control mode, please wait... 
[2025-06-12 16:35:19.519.919] [INFO  ] [Controller] [Joints] FL: +37.165, +30.236, +37.165 ,FR: +37.165, +30.236, +35.433, HL: 42.362, +30.236, +45.827, HR: +45.827, +30.236, +47.559 Max HR-Knee = +47.559 Min FL-HipY = +30.236 
[2025-06-12 16:35:20.494.015] [INFO  ] [Battery] SoC = 41%, Volt = +28.500V, Temp 30 
[2025-06-12 16:35:22.019.927] [INFO  ] [Controller] [Joints] FL: +37.165, +30.236, +37.165 ,FR: +37.165, +30.236, +35.433, HL: 42.362, +30.236, +45.827, HR: +45.827, +30.236, +47.559 Max HR-Knee = +47.559 Min FL-HipY = +30.236 
[2025-06-12 16:35:22.195.937] [INFO  ] [TVMPC] JY is Moving... (tvmpc),  time: 795.988315 
[2025-06-12 16:35:23.546.324] [INFO  ] [TVMPC] [trot]STOP!!! 
[2025-06-12 16:35:23.546.906] [INFO  ] [BasicMotion] Switching to force control mode, please wait... 
[2025-06-12 16:35:24.519.928] [INFO  ] [Controller] [Joints] FL: +37.165, +30.236, +37.165 ,FR: +38.898, +30.236, +35.433, HL: 42.362, +30.236, +45.827, HR: +44.094, +30.236, +47.559 Max HR-Knee = +47.559 Min FL-HipY = +30.236 
[2025-06-12 16:35:25.479.911] [INFO  ] [Battery] SoC = 41%, Volt = +28.500V, Temp 30 
[2025-06-12 16:35:26.096.937] [INFO  ] [TVMPC] JY is Moving... (tvmpc),  time: 799.889315 
[2025-06-12 16:35:27.019.920] [INFO  ] [Controller] [Joints] FL: +37.165, +30.236, +37.165 ,FR: +38.898, +30.236, +35.433, HL: 42.362, +30.236, +45.827, HR: +44.094, +30.236, +47.559 Max HR-Knee = +47.559 Min FL-HipY = +30.236 
[2025-06-12 16:35:27.897.339] [INFO  ] [TVMPC] [trot]STOP!!! 
[2025-06-12 16:35:27.897.905] [INFO  ] [BasicMotion] Switching to force control mode, please wait... 
[2025-06-12 16:35:28.259.911] [INFO  ] [Controller] stand_cmd.... 
[2025-06-12 16:35:28.898.940] [INFO  ] [BasicMotion] Standing down, please wait... 
[2025-06-12 16:35:29.519.927] [INFO  ] [Controller] [Joints] FL: +37.165, +30.236, +37.165 ,FR: +38.898, +30.236, +35.433, HL: 42.362, +30.236, +45.827, HR: +44.094, +30.236, +47.559 Max HR-Knee = +47.559 Min FL-HipY = +30.236 
[2025-06-12 16:35:30.465.686] [INFO  ] [Battery] SoC = 40%, Volt = +28.600V, Temp 30 
[2025-06-12 16:35:31.399.915] [INFO  ] [BasicMotion] Stand down action has finished, waitting to stand up again!!! 
[2025-06-12 16:35:32.019.929] [INFO  ] [Controller] [Joints] FL: +37.165, +30.236, +37.165 ,FR: +38.898, +30.236, +35.433, HL: 42.362, +30.236, +45.827, HR: +44.094, +30.236, +47.559 Max HR-Knee = +47.559 Min FL-HipY = +30.236 
[2025-06-12 16:35:34.519.926] [INFO  ] [Controller] [Joints] FL: +37.165, +30.236, +37.165 ,FR: +38.898, +30.236, +35.433, HL: 42.362, +30.236, +45.827, HR: +44.094, +30.236, +47.559 Max HR-Knee = +47.559 Min FL-HipY = +30.236 
[2025-06-12 16:35:35.451.394] [INFO  ] [Battery] SoC = 40%, Volt = +28.600V, Temp 30 
[2025-06-12 16:35:37.019.928] [INFO  ] [Controller] [Joints] FL: +37.165, +30.236, +37.165 ,FR: +38.898, +30.236, +35.433, HL: 42.362, +30.236, +45.827, HR: +44.094, +30.236, +45.827 Max HL-Knee = +45.827 Min FL-HipY = +30.236 
[2025-06-12 16:35:39.519.926] [INFO  ] [Controller] [Joints] FL: +37.165, +30.236, +37.165 ,FR: +37.165, +30.236, +35.433, HL: 42.362, +30.236, +45.827, HR: +44.094, +30.236, +45.827 Max HL-Knee = +45.827 Min FL-HipY = +30.236 
[2025-06-12 16:35:40.437.173] [INFO  ] [Battery] SoC = 40%, Volt = +28.600V, Temp 30 
[2025-06-12 16:35:42.019.929] [INFO  ] [Controller] [Joints] FL: +37.165, +30.236, +35.433 ,FR: +37.165, +30.236, +33.701, HL: 40.630, +30.236, +44.094, HR: +44.094, +30.236, +44.094 Max HL-Knee = +44.094 Min FL-HipY = +30.236 
[2025-06-12 16:35:44.519.925] [INFO  ] [Controller] [Joints] FL: +37.165, +30.236, +35.433 ,FR: +37.165, +30.236, +33.701, HL: 40.630, +30.236, +44.094, HR: +42.362, +30.236, +44.094 Max HL-Knee = +44.094 Min FL-HipY = +30.236 
[2025-06-12 16:35:45.423.061] [INFO  ] [Battery] SoC = 40%, Volt = +28.600V, Temp 30 
[2025-06-12 16:35:47.019.925] [INFO  ] [Controller] [Joints] FL: +37.165, +30.236, +35.433 ,FR: +37.165, +30.236, +33.701, HL: 40.630, +30.236, +42.362, HR: +42.362, +30.236, +44.094 Max HR-Knee = +44.094 Min FL-HipY = +30.236 
[2025-06-12 16:35:49.519.927] [INFO  ] [Controller] [Joints] FL: +37.165, +30.236, +35.433 ,FR: +37.165, +30.236, +33.701, HL: 40.630, +30.236, +42.362, HR: +42.362, +30.236, +42.362 Max HL-Knee = +42.362 Min FL-HipY = +30.236 
[2025-06-12 16:35:50.408.935] [INFO  ] [Battery] SoC = 40%, Volt = +28.600V, Temp 30 
[2025-06-12 16:35:52.019.929] [INFO  ] [Controller] [Joints] FL: +37.165, +30.236, +35.433 ,FR: +37.165, +30.236, +33.701, HL: 40.630, +30.236, +42.362, HR: +42.362, +30.236, +42.362 Max HL-Knee = +42.362 Min FL-HipY = +30.236 
[2025-06-12 17:33:43.929.052] [INFO  ] [Deeprcs] Robot ID: JY-S5-200 
[2025-06-12 17:33:43.929.127] [INFO  ] [Deeprcs] Robot Version: standard 
[2025-06-12 17:33:43.929.131] [INFO  ] [Deeprcs] DeepRCS is working 
[2025-06-12 17:33:43.929.143] [INFO  ] [Deeprcs] Deeprcs Version: 2.0.153(153) 
[2025-06-12 17:33:43.929.145] [INFO  ] [Deeprcs] DeepROS Version: 0.2.24(39) 
[2025-06-12 17:33:43.929.148] [INFO  ] [Deeprcs] DeepRAS Version: 4.1.7(166) 
[2025-06-12 17:33:44.118.686] [INFO  ] [RT-CAN] Hello, CAN Receive 
[2025-06-12 17:33:44.118.687] [INFO  ] [Motor] Hello, CAN Send 
[2025-06-12 17:33:44.118.901] [INFO  ] [CPU] Hello, CPU Monitor 
[2025-06-12 17:33:44.118.942] [INFO  ] [Battery] Hello, Battery BMS 
[2025-06-12 17:33:44.119.121] [INFO  ] [MpvVoice] Hello, MpvVoice 
[2025-06-12 17:33:44.119.155] [INFO  ] [UltrasonicSensor] Hello, Ultrasonic sensor 
[2025-06-12 17:33:44.119.212] [INFO  ] [Controller] Hello, MPC Controller 
[2025-06-12 17:33:44.122.440] [INFO  ] [RT-CAN] Set motor timeout threshold = 200 ms
 
[2025-06-12 17:33:45.119.231] [INFO  ] [Deeprcs] Algorithm is start 
[2025-06-12 17:33:45.123.477] [INFO  ] [Controller] !!!Origin_jumplong_left_bias = +0.000 
[2025-06-12 17:33:45.123.540] [INFO  ] [basicmethod] 
******** Enable Status ********
Flip: 1
BackFlip: 1
SideFlip: 1
Greeting: 1
Jump: 1
Dance: 1
TurnOver: 1
******** Enable Status ********
 
[2025-06-12 17:33:45.123.564] [INFO  ] [basicmethod] 
******** Motion Config Setting ********
Forward Vel Offset: 0.000000
Side Vel Offset: 0.000000
is_Default_LIDAR: 0.000000
Load Mass: 0.000000
Load X Offset: 0.000000
Load Y Offset: 0.000000
Load Z Offset: 60.000000
Robot Backflip Hip Kp: 70.000000
Robot Backflip Knee Kp: 70.000000
Robot Sideflip Abed Kp: 70.000000
Robot Sideflip Hip Kp: 70.000000
Robot Sideflip Knee Kp: 60.000000
backflip_fl_knee_kp: 40.000000
kp_carpet_comp: 1.000000
backflip_hl_hip_kp_comp: 1.000000
backflip_hr_hip_kp_comp: 1.000000
frontflip_Rev_comp: 0.000000
jumplong_Rev_comp: 0.000000
jumplong_left_bias: 0.700000
policy_forward_kd: 0.900000
policy_backward_kd: 1.200000
policy_stand_kd: 0.000000
******** Motion Config Setting ********
 
[2025-06-12 17:33:45.420.742] [INFO  ] [common policy] common policy CZ network check success 
[2025-06-12 17:33:45.420.833] [INFO  ] [common policy] 
name : common policy
path : ../policy/policy_waq_v7.11-5history-----.pt
dim  : 45, 5, 270, 12
dof  : 0.100000, -0.715000, 1.430000,
       -0.100000, -0.715000, 1.430000,
       0.100000, -0.715000, 1.430000,
       -0.100000, -0.715000, 1.430000,
kp   : 30.000000, 30.000000, 30.000000,
       30.000000, 30.000000, 30.000000,
       30.000000, 30.000000, 30.000000,
       30.000000, 30.000000, 30.000000,
kd   : 0.800000, 0.800000, 0.800000,
       0.800000, 0.800000, 0.800000,
       0.800000, 0.800000, 0.800000,
       0.800000, 0.800000, 0.800000,
limit: 20.000000, 20.000000, 30.000000,
       20.000000, 20.000000, 30.000000,
       20.000000, 20.000000, 30.000000,
       20.000000, 20.000000, 30.000000,
max_v: 1.200000, 0.800000, 1.500000,
scale: 0.250000, 0.250000, 0.050000,
       2.000000, 2.000000, 0.280000, 
[2025-06-12 17:33:45.474.859] [INFO  ] [forward student policy] net_path: ../config/policy/ 
[2025-06-12 17:33:45.474.946] [INFO  ] [forward student policy] stand_lpf: 0.770000 
[2025-06-12 17:33:45.474.980] [INFO  ] [forward student policy] forward_init_lpf: 0.790000 
[2025-06-12 17:33:45.475.003] [INFO  ] [forward student policy] forward_init_v: 0.600000 
[2025-06-12 17:33:45.475.015] [INFO  ] [forward student policy] forward_end_lpf: 0.766667 
[2025-06-12 17:33:45.475.027] [INFO  ] [forward student policy] forward_end_v: 2.500000 
[2025-06-12 17:33:45.475.040] [INFO  ] [forward student policy] jump_lpf: 0.766667 
[2025-06-12 17:33:45.475.050] [INFO  ] [forward student policy] flip_lpf: 0.766667 
[2025-06-12 17:33:45.475.058] [INFO  ] [forward student policy] uncertain: 0.000000 
[2025-06-12 17:33:45.475.072] [INFO  ] [forward student policy] v_acc: 0.075000 
[2025-06-12 17:33:45.475.079] [INFO  ] [forward student policy] w_acc: 0.200000 
[2025-06-12 17:33:45.475.094] [INFO  ] [forward student policy] stand_switch_time: 0.000000 
[2025-06-12 17:33:45.475.114] [INFO  ] [forward student policy] reflect_freq: 0.000000 
[2025-06-12 17:33:45.475.122] [INFO  ] [forward student policy] base_w_co: 0.800000 
[2025-06-12 17:33:45.475.147] [INFO  ] [forward student policy] max_y_range: 0.250000 
[2025-06-12 17:33:45.475.156] [INFO  ] [forward student policy] stand_max_y_range: 0.400000 
[2025-06-12 17:33:45.475.164] [INFO  ] [forward student policy] max_x_range: 0.150000 
[2025-06-12 17:33:45.475.171] [INFO  ] [forward student policy] target_power: 0.900000 
[2025-06-12 17:33:45.475.177] [INFO  ] [forward student policy] target_air_time: 0.900000 
[2025-06-12 17:33:45.475.184] [INFO  ] [forward student policy] forward_limit: 2.000000 
[2025-06-12 17:33:45.475.191] [INFO  ] [forward student policy] horizon_limit: 1.000000 
[2025-06-12 17:33:45.475.200] [INFO  ] [forward student policy] jump_max_v: 1.400000 
[2025-06-12 17:33:45.475.210] [INFO  ] [forward student policy] jump_max_w: 1.900000 
[2025-06-12 17:33:45.475.235] [INFO  ] [forward student policy] max_jump_time: 0.000000 
[2025-06-12 17:33:45.475.249] [INFO  ] [forward student policy] max_flip_time: 0.000000 
[2025-06-12 17:33:45.475.259] [INFO  ] [forward student policy] log_path: ../logs/ 
[2025-06-12 17:33:45.475.270] [INFO  ] [forward student policy] dataPath: ../config/data/ 
[2025-06-12 17:33:45.475.309] [INFO  ] [forward student policy] forward_joint_d_gain[0] = 0.600000  
[2025-06-12 17:33:45.475.331] [INFO  ] [forward student policy] forward_joint_d_gain[1] = 0.600000  
[2025-06-12 17:33:45.475.333] [INFO  ] [forward student policy] forward_joint_d_gain[2] = 0.600000  
[2025-06-12 17:33:45.475.363] [INFO  ] [forward student policy] maxVelCmd[0] = 3.400000 
[2025-06-12 17:33:45.475.365] [INFO  ] [forward student policy] maxVelCmd[1] = 1.600000 
[2025-06-12 17:33:45.475.367] [INFO  ] [forward student policy] maxVelCmd[2] = 4.500000 
[2025-06-12 17:33:45.475.376] [INFO  ] [forward student policy] height_range[0] = 0.280000 
[2025-06-12 17:33:45.475.377] [INFO  ] [forward student policy] height_range[1] = 0.360000 
[2025-06-12 17:33:45.541.893] [INFO  ] [Battery] SoC = 100%, Volt = +33.200V, Temp 29 
[2025-06-12 17:33:45.548.888] [INFO  ] [forward student policy] forward student policy LSC network check success 
[2025-06-12 17:33:45.549.371] [INFO  ] [forward student policy] 
name : forward student policy
path : ../policy/forward_policy.pt
dim  : 45, 56, 2565, 12
dof  : 0.100000, -0.900000, 1.430000,
       -0.100000, -0.900000, 1.430000,
       0.100000, -0.900000, 1.430000,
       -0.100000, -0.900000, 1.430000,
kp   : 25.000000, 25.000000, 25.000000,
       25.000000, 25.000000, 25.000000,
       25.000000, 25.000000, 25.000000,
       25.000000, 25.000000, 25.000000,
kd   : 0.600000, 0.600000, 0.600000,
       0.600000, 0.600000, 0.600000,
       0.600000, 0.600000, 0.600000,
       0.600000, 0.600000, 0.600000,
limit: 50.000000, 50.000000, 50.000000,
       50.000000, 50.000000, 50.000000,
       50.000000, 50.000000, 50.000000,
       50.000000, 50.000000, 50.000000,
max_v: 2.500000, 2.500000, 2.000000,
scale: 0.250000, 0.250000, -1.668677,
       0.126208, 3.011705, -0.033439, 
[2025-06-12 17:33:45.594.694] [INFO  ] [jump student policy] net_path: ../config/policy/ 
[2025-06-12 17:33:45.594.747] [INFO  ] [jump student policy] stand_lpf: 0.770000 
[2025-06-12 17:33:45.594.767] [INFO  ] [jump student policy] forward_init_lpf: 0.790000 
[2025-06-12 17:33:45.594.775] [INFO  ] [jump student policy] forward_init_v: 0.600000 
[2025-06-12 17:33:45.594.785] [INFO  ] [jump student policy] forward_end_lpf: 0.766667 
[2025-06-12 17:33:45.594.794] [INFO  ] [jump student policy] forward_end_v: 2.500000 
[2025-06-12 17:33:45.594.804] [INFO  ] [jump student policy] jump_lpf: 0.766667 
[2025-06-12 17:33:45.594.814] [INFO  ] [jump student policy] flip_lpf: 0.766667 
[2025-06-12 17:33:45.594.820] [INFO  ] [jump student policy] uncertain: 0.000000 
[2025-06-12 17:33:45.594.827] [INFO  ] [jump student policy] v_acc: 0.075000 
[2025-06-12 17:33:45.594.833] [INFO  ] [jump student policy] w_acc: 0.200000 
[2025-06-12 17:33:45.594.843] [INFO  ] [jump student policy] stand_switch_time: 0.000000 
[2025-06-12 17:33:45.594.850] [INFO  ] [jump student policy] reflect_freq: 0.000000 
[2025-06-12 17:33:45.594.855] [INFO  ] [jump student policy] base_w_co: 0.800000 
[2025-06-12 17:33:45.594.879] [INFO  ] [jump student policy] max_y_range: 0.250000 
[2025-06-12 17:33:45.594.886] [INFO  ] [jump student policy] stand_max_y_range: 0.400000 
[2025-06-12 17:33:45.594.893] [INFO  ] [jump student policy] max_x_range: 0.150000 
[2025-06-12 17:33:45.594.899] [INFO  ] [jump student policy] target_power: 0.900000 
[2025-06-12 17:33:45.594.904] [INFO  ] [jump student policy] target_air_time: 0.900000 
[2025-06-12 17:33:45.594.910] [INFO  ] [jump student policy] forward_limit: 2.000000 
[2025-06-12 17:33:45.594.916] [INFO  ] [jump student policy] horizon_limit: 1.000000 
[2025-06-12 17:33:45.594.925] [INFO  ] [jump student policy] jump_max_v: 1.400000 
[2025-06-12 17:33:45.594.934] [INFO  ] [jump student policy] jump_max_w: 1.900000 
[2025-06-12 17:33:45.594.957] [INFO  ] [jump student policy] max_jump_time: 0.000000 
[2025-06-12 17:33:45.594.965] [INFO  ] [jump student policy] max_flip_time: 0.000000 
[2025-06-12 17:33:45.594.984] [INFO  ] [jump student policy] log_path: ../logs/ 
[2025-06-12 17:33:45.594.999] [INFO  ] [jump student policy] dataPath: ../config/data/ 
[2025-06-12 17:33:45.595.021] [INFO  ] [jump student policy] forward_joint_d_gain[0] = 0.600000  
[2025-06-12 17:33:45.595.024] [INFO  ] [jump student policy] forward_joint_d_gain[1] = 0.600000  
[2025-06-12 17:33:45.595.026] [INFO  ] [jump student policy] forward_joint_d_gain[2] = 0.600000  
[2025-06-12 17:33:45.595.044] [INFO  ] [jump student policy] maxVelCmd[0] = 3.400000 
[2025-06-12 17:33:45.595.046] [INFO  ] [jump student policy] maxVelCmd[1] = 1.600000 
[2025-06-12 17:33:45.595.048] [INFO  ] [jump student policy] maxVelCmd[2] = 4.500000 
[2025-06-12 17:33:45.595.057] [INFO  ] [jump student policy] height_range[0] = 0.280000 
[2025-06-12 17:33:45.595.063] [INFO  ] [jump student policy] height_range[1] = 0.360000 
[2025-06-12 17:33:45.624.458] [INFO  ] [jump student policy] jump student policy jump network check success 
[2025-06-12 17:33:45.624.870] [INFO  ] [jump student policy] 
name : jump student policy
path : ../policy/jump_policy.pt
dim  : 45, 56, 2565, 12
dof  : 0.100000, -0.900000, 1.430000,
       -0.100000, -0.900000, 1.430000,
       0.100000, -0.900000, 1.430000,
       -0.100000, -0.900000, 1.430000,
kp   : 25.000000, 25.000000, 25.000000,
       25.000000, 25.000000, 25.000000,
       25.000000, 25.000000, 25.000000,
       25.000000, 25.000000, 25.000000,
kd   : 0.600000, 0.600000, 0.600000,
       0.600000, 0.600000, 0.600000,
       0.600000, 0.600000, 0.600000,
       0.600000, 0.600000, 0.600000,
limit: 50.000000, 50.000000, 50.000000,
       50.000000, 50.000000, 50.000000,
       50.000000, 50.000000, 50.000000,
       50.000000, 50.000000, 50.000000,
max_v: 2.500000, 2.500000, 2.000000,
scale: 0.250000, 0.250000, 0.066185,
       -0.662555, 1.850254, 0.944805, 
[2025-06-12 17:33:45.664.868] [INFO  ] [flip student policy] net_path: ../config/policy/ 
[2025-06-12 17:33:45.664.921] [INFO  ] [flip student policy] stand_lpf: 0.770000 
[2025-06-12 17:33:45.664.940] [INFO  ] [flip student policy] forward_init_lpf: 0.790000 
[2025-06-12 17:33:45.664.948] [INFO  ] [flip student policy] forward_init_v: 0.600000 
[2025-06-12 17:33:45.664.957] [INFO  ] [flip student policy] forward_end_lpf: 0.766667 
[2025-06-12 17:33:45.664.965] [INFO  ] [flip student policy] forward_end_v: 2.500000 
[2025-06-12 17:33:45.664.975] [INFO  ] [flip student policy] jump_lpf: 0.766667 
[2025-06-12 17:33:45.664.994] [INFO  ] [flip student policy] flip_lpf: 0.766667 
[2025-06-12 17:33:45.665.000] [INFO  ] [flip student policy] uncertain: 0.000000 
[2025-06-12 17:33:45.665.007] [INFO  ] [flip student policy] v_acc: 0.075000 
[2025-06-12 17:33:45.665.012] [INFO  ] [flip student policy] w_acc: 0.200000 
[2025-06-12 17:33:45.665.022] [INFO  ] [flip student policy] stand_switch_time: 0.000000 
[2025-06-12 17:33:45.665.029] [INFO  ] [flip student policy] reflect_freq: 0.000000 
[2025-06-12 17:33:45.665.034] [INFO  ] [flip student policy] base_w_co: 0.800000 
[2025-06-12 17:33:45.665.062] [INFO  ] [flip student policy] max_y_range: 0.250000 
[2025-06-12 17:33:45.665.070] [INFO  ] [flip student policy] stand_max_y_range: 0.400000 
[2025-06-12 17:33:45.665.076] [INFO  ] [flip student policy] max_x_range: 0.150000 
[2025-06-12 17:33:45.665.081] [INFO  ] [flip student policy] target_power: 0.900000 
[2025-06-12 17:33:45.665.085] [INFO  ] [flip student policy] target_air_time: 0.900000 
[2025-06-12 17:33:45.665.091] [INFO  ] [flip student policy] forward_limit: 2.000000 
[2025-06-12 17:33:45.665.097] [INFO  ] [flip student policy] horizon_limit: 1.000000 
[2025-06-12 17:33:45.665.107] [INFO  ] [flip student policy] jump_max_v: 1.400000 
[2025-06-12 17:33:45.665.116] [INFO  ] [flip student policy] jump_max_w: 1.900000 
[2025-06-12 17:33:45.665.143] [INFO  ] [flip student policy] max_jump_time: 0.000000 
[2025-06-12 17:33:45.665.151] [INFO  ] [flip student policy] max_flip_time: 0.000000 
[2025-06-12 17:33:45.665.162] [INFO  ] [flip student policy] log_path: ../logs/ 
[2025-06-12 17:33:45.665.172] [INFO  ] [flip student policy] dataPath: ../config/data/ 
[2025-06-12 17:33:45.665.193] [INFO  ] [flip student policy] forward_joint_d_gain[0] = 0.600000  
[2025-06-12 17:33:45.665.196] [INFO  ] [flip student policy] forward_joint_d_gain[1] = 0.600000  
[2025-06-12 17:33:45.665.198] [INFO  ] [flip student policy] forward_joint_d_gain[2] = 0.600000  
[2025-06-12 17:33:45.665.217] [INFO  ] [flip student policy] maxVelCmd[0] = 3.400000 
[2025-06-12 17:33:45.665.218] [INFO  ] [flip student policy] maxVelCmd[1] = 1.600000 
[2025-06-12 17:33:45.665.220] [INFO  ] [flip student policy] maxVelCmd[2] = 4.500000 
[2025-06-12 17:33:45.665.228] [INFO  ] [flip student policy] height_range[0] = 0.280000 
[2025-06-12 17:33:45.665.230] [INFO  ] [flip student policy] height_range[1] = 0.360000 
[2025-06-12 17:33:45.693.997] [INFO  ] [flip student policy] flip student policy flip network check success 
[2025-06-12 17:33:45.694.493] [INFO  ] [flip student policy] 
name : flip student policy
path : ../policy/flip_policy.pt
dim  : 45, 56, 2565, 12
dof  : 0.100000, -0.900000, 1.430000,
       -0.100000, -0.900000, 1.430000,
       0.100000, -0.900000, 1.430000,
       -0.100000, -0.900000, 1.430000,
kp   : 25.000000, 25.000000, 25.000000,
       25.000000, 25.000000, 25.000000,
       25.000000, 25.000000, 25.000000,
       25.000000, 25.000000, 25.000000,
kd   : 0.600000, 0.600000, 0.600000,
       0.600000, 0.600000, 0.600000,
       0.600000, 0.600000, 0.600000,
       0.600000, 0.600000, 0.600000,
limit: 50.000000, 50.000000, 50.000000,
       50.000000, 50.000000, 50.000000,
       50.000000, 50.000000, 50.000000,
       50.000000, 50.000000, 50.000000,
max_v: 2.500000, 2.500000, 2.000000,
scale: 0.250000, 0.250000, 40021402215683286575347377635328.000000,
       0.000000, 37265786373860257751555517710336.000000, 0.000000, 
[2025-06-12 17:33:45.742.114] [INFO  ] [stand student policy] net_path: ../config/policy/ 
[2025-06-12 17:33:45.742.179] [INFO  ] [stand student policy] stand_lpf: 0.770000 
[2025-06-12 17:33:45.742.201] [INFO  ] [stand student policy] forward_init_lpf: 0.790000 
[2025-06-12 17:33:45.742.209] [INFO  ] [stand student policy] forward_init_v: 0.600000 
[2025-06-12 17:33:45.742.219] [INFO  ] [stand student policy] forward_end_lpf: 0.766667 
[2025-06-12 17:33:45.742.228] [INFO  ] [stand student policy] forward_end_v: 2.500000 
[2025-06-12 17:33:45.742.239] [INFO  ] [stand student policy] jump_lpf: 0.766667 
[2025-06-12 17:33:45.742.249] [INFO  ] [stand student policy] flip_lpf: 0.766667 
[2025-06-12 17:33:45.742.254] [INFO  ] [stand student policy] uncertain: 0.000000 
[2025-06-12 17:33:45.742.261] [INFO  ] [stand student policy] v_acc: 0.075000 
[2025-06-12 17:33:45.742.268] [INFO  ] [stand student policy] w_acc: 0.200000 
[2025-06-12 17:33:45.742.278] [INFO  ] [stand student policy] stand_switch_time: 0.000000 
[2025-06-12 17:33:45.742.286] [INFO  ] [stand student policy] reflect_freq: 0.000000 
[2025-06-12 17:33:45.742.291] [INFO  ] [stand student policy] base_w_co: 0.800000 
[2025-06-12 17:33:45.742.320] [INFO  ] [stand student policy] max_y_range: 0.250000 
[2025-06-12 17:33:45.742.329] [INFO  ] [stand student policy] stand_max_y_range: 0.400000 
[2025-06-12 17:33:45.742.336] [INFO  ] [stand student policy] max_x_range: 0.150000 
[2025-06-12 17:33:45.742.344] [INFO  ] [stand student policy] target_power: 0.900000 
[2025-06-12 17:33:45.742.350] [INFO  ] [stand student policy] target_air_time: 0.900000 
[2025-06-12 17:33:45.742.355] [INFO  ] [stand student policy] forward_limit: 2.000000 
[2025-06-12 17:33:45.742.361] [INFO  ] [stand student policy] horizon_limit: 1.000000 
[2025-06-12 17:33:45.742.375] [INFO  ] [stand student policy] jump_max_v: 1.400000 
[2025-06-12 17:33:45.742.383] [INFO  ] [stand student policy] jump_max_w: 1.900000 
[2025-06-12 17:33:45.742.406] [INFO  ] [stand student policy] max_jump_time: 0.000000 
[2025-06-12 17:33:45.742.415] [INFO  ] [stand student policy] max_flip_time: 0.000000 
[2025-06-12 17:33:45.742.424] [INFO  ] [stand student policy] log_path: ../logs/ 
[2025-06-12 17:33:45.742.435] [INFO  ] [stand student policy] dataPath: ../config/data/ 
[2025-06-12 17:33:45.742.458] [INFO  ] [stand student policy] forward_joint_d_gain[0] = 0.600000  
[2025-06-12 17:33:45.742.464] [INFO  ] [stand student policy] forward_joint_d_gain[1] = 0.600000  
[2025-06-12 17:33:45.742.466] [INFO  ] [stand student policy] forward_joint_d_gain[2] = 0.600000  
[2025-06-12 17:33:45.742.491] [INFO  ] [stand student policy] maxVelCmd[0] = 3.400000 
[2025-06-12 17:33:45.742.493] [INFO  ] [stand student policy] maxVelCmd[1] = 1.600000 
[2025-06-12 17:33:45.742.496] [INFO  ] [stand student policy] maxVelCmd[2] = 4.500000 
[2025-06-12 17:33:45.742.505] [INFO  ] [stand student policy] height_range[0] = 0.280000 
[2025-06-12 17:33:45.742.507] [INFO  ] [stand student policy] height_range[1] = 0.360000 
[2025-06-12 17:33:45.801.209] [INFO  ] [stand student policy] stand student policy LSC network check success 
[2025-06-12 17:33:45.801.693] [INFO  ] [stand student policy] 
name : stand student policy
path : ../policy/stand_policy.pt
dim  : 45, 56, 2565, 12
dof  : 0.100000, -0.900000, 1.430000,
       -0.100000, -0.900000, 1.430000,
       0.100000, -0.900000, 1.430000,
       -0.100000, -0.900000, 1.430000,
kp   : 25.000000, 25.000000, 25.000000,
       25.000000, 25.000000, 25.000000,
       25.000000, 25.000000, 25.000000,
       25.000000, 25.000000, 25.000000,
kd   : 0.600000, 0.600000, 0.600000,
       0.600000, 0.600000, 0.600000,
       0.600000, 0.600000, 0.600000,
       0.600000, 0.600000, 0.600000,
limit: 50.000000, 50.000000, 50.000000,
       50.000000, 50.000000, 50.000000,
       50.000000, 50.000000, 50.000000,
       50.000000, 50.000000, 50.000000,
max_v: 2.500000, 2.500000, 2.000000,
scale: 0.250000, 0.250000, -1.535892,
       9.971661, 1.257095, -8.304233, 
[2025-06-12 17:33:45.849.181] [INFO  ] [handstand policy] net_path: ../config/policy/ 
[2025-06-12 17:33:45.849.251] [INFO  ] [handstand policy] lpf_HStand: 0.800000 
[2025-06-12 17:33:45.849.320] [INFO  ] [handstand policy] uncertain: 0.000000 
[2025-06-12 17:33:45.849.327] [INFO  ] [handstand policy] v_acc: 0.100000 
[2025-06-12 17:33:45.849.364] [INFO  ] [handstand policy] bipedal_base_w_co: 1.000000 
[2025-06-12 17:33:45.849.375] [INFO  ] [handstand policy] max_y_range: 0.250000 
[2025-06-12 17:33:45.849.386] [INFO  ] [handstand policy] max_x_range: 0.150000 
[2025-06-12 17:33:45.849.393] [INFO  ] [handstand policy] target_power: 0.900000 
[2025-06-12 17:33:45.849.399] [INFO  ] [handstand policy] target_air_time: 0.900000 
[2025-06-12 17:33:45.849.411] [INFO  ] [handstand policy] forward_limit: 0.500000 
[2025-06-12 17:33:45.849.416] [INFO  ] [handstand policy] horizon_limit: 0.000000 
[2025-06-12 17:33:45.849.433] [INFO  ] [handstand policy] bipedal_max_v: 1.200000 
[2025-06-12 17:33:45.849.440] [INFO  ] [handstand policy] bipedal_max_w: 1.500000 
[2025-06-12 17:33:45.849.462] [INFO  ] [handstand policy] log_path: ../logs/ 
[2025-06-12 17:33:45.849.470] [INFO  ] [handstand policy] dataPath: ../config/data/ 
[2025-06-12 17:33:45.849.507] [INFO  ] [handstand policy] bipedal_joint_d_gain[0] = 0.800000  
[2025-06-12 17:33:45.849.510] [INFO  ] [handstand policy] bipedal_joint_d_gain[1] = 0.800000  
[2025-06-12 17:33:45.849.512] [INFO  ] [handstand policy] bipedal_joint_d_gain[2] = 0.800000  
[2025-06-12 17:33:45.849.521] [INFO  ] [handstand policy] maxVelCmd[0] = 1.500000 
[2025-06-12 17:33:45.849.524] [INFO  ] [handstand policy] maxVelCmd[1] = 0.100000 
[2025-06-12 17:33:45.849.526] [INFO  ] [handstand policy] maxVelCmd[2] = 0.500000 
[2025-06-12 17:33:45.849.541] [INFO  ] [handstand policy] bipedal_height_range[0] = 0.490000 
[2025-06-12 17:33:45.849.543] [INFO  ] [handstand policy] bipedal_height_range[1] = 0.491000 
[2025-06-12 17:33:45.879.508] [INFO  ] [handstand policy] handstand policy HStand network check success 
[2025-06-12 17:33:45.879.937] [INFO  ] [handstand policy] 
name : handstand policy
path : ../policy/bipedal_policy.pt
dim  : 45, 56, 2565, 12
dof  : 0.100000, -0.900000, 1.430000,
       -0.100000, -0.900000, 1.430000,
       0.100000, -0.900000, 1.430000,
       -0.100000, -0.900000, 1.430000,
kp   : 25.000000, 25.000000, 25.000000,
       25.000000, 25.000000, 25.000000,
       25.000000, 25.000000, 25.000000,
       25.000000, 25.000000, 25.000000,
kd   : 0.800000, 0.800000, 0.800000,
       0.800000, 0.800000, 0.800000,
       0.800000, 0.800000, 0.800000,
       0.800000, 0.800000, 0.800000,
limit: 50.000000, 50.000000, 50.000000,
       50.000000, 50.000000, 50.000000,
       50.000000, 50.000000, 50.000000,
       50.000000, 50.000000, 50.000000,
max_v: 2.500000, 2.500000, 2.000000,
scale: 0.250000, 0.250000, -0.007691,
       -0.122311, 0.446604, -0.001963, 
[2025-06-12 17:33:45.919.189] [INFO  ] [handstandswing policy] net_path: ../config/policy/ 
[2025-06-12 17:33:45.919.262] [INFO  ] [handstandswing policy] lpf_HStand: 0.800000 
[2025-06-12 17:33:45.919.314] [INFO  ] [handstandswing policy] uncertain: 0.000000 
[2025-06-12 17:33:45.919.322] [INFO  ] [handstandswing policy] v_acc: 0.100000 
[2025-06-12 17:33:45.919.359] [INFO  ] [handstandswing policy] bipedal_base_w_co: 1.000000 
[2025-06-12 17:33:45.919.430] [INFO  ] [handstandswing policy] max_y_range: 0.250000 
[2025-06-12 17:33:45.919.441] [INFO  ] [handstandswing policy] max_x_range: 0.150000 
[2025-06-12 17:33:45.919.447] [INFO  ] [handstandswing policy] target_power: 0.900000 
[2025-06-12 17:33:45.919.453] [INFO  ] [handstandswing policy] target_air_time: 0.900000 
[2025-06-12 17:33:45.919.458] [INFO  ] [handstandswing policy] forward_limit: 0.500000 
[2025-06-12 17:33:45.919.462] [INFO  ] [handstandswing policy] horizon_limit: 0.000000 
[2025-06-12 17:33:45.919.484] [INFO  ] [handstandswing policy] bipedal_max_v: 1.200000 
[2025-06-12 17:33:45.919.496] [INFO  ] [handstandswing policy] bipedal_max_w: 1.500000 
[2025-06-12 17:33:45.919.515] [INFO  ] [handstandswing policy] log_path: ../logs/ 
[2025-06-12 17:33:45.919.523] [INFO  ] [handstandswing policy] dataPath: ../config/data/ 
[2025-06-12 17:33:45.919.557] [INFO  ] [handstandswing policy] bipedal_joint_d_gain[0] = 0.800000  
[2025-06-12 17:33:45.919.559] [INFO  ] [handstandswing policy] bipedal_joint_d_gain[1] = 0.800000  
[2025-06-12 17:33:45.919.561] [INFO  ] [handstandswing policy] bipedal_joint_d_gain[2] = 0.800000  
[2025-06-12 17:33:45.919.569] [INFO  ] [handstandswing policy] maxVelCmd[0] = 1.500000 
[2025-06-12 17:33:45.919.572] [INFO  ] [handstandswing policy] maxVelCmd[1] = 0.100000 
[2025-06-12 17:33:45.919.575] [INFO  ] [handstandswing policy] maxVelCmd[2] = 0.500000 
[2025-06-12 17:33:45.919.589] [INFO  ] [handstandswing policy] bipedal_height_range[0] = 0.490000 
[2025-06-12 17:33:45.919.591] [INFO  ] [handstandswing policy] bipedal_height_range[1] = 0.491000 
[2025-06-12 17:33:45.936.145] [INFO  ] [handstandswing policy] handstandswing policy HStandSwing network check success 
[2025-06-12 17:33:45.936.537] [INFO  ] [handstandswing policy] 
name : handstandswing policy
path : ../policy/bipedal_motor_p_command_policy.pt
dim  : 45, 56, 2565, 12
dof  : 0.100000, -0.900000, 1.430000,
       -0.100000, -0.900000, 1.430000,
       0.100000, -0.900000, 1.430000,
       -0.100000, -0.900000, 1.430000,
kp   : 25.000000, 25.000000, 25.000000,
       25.000000, 25.000000, 25.000000,
       25.000000, 25.000000, 25.000000,
       25.000000, 25.000000, 25.000000,
kd   : 0.800000, 0.800000, 0.800000,
       0.800000, 0.800000, 0.800000,
       0.800000, 0.800000, 0.800000,
       0.800000, 0.800000, 0.800000,
limit: 50.000000, 50.000000, 50.000000,
       50.000000, 50.000000, 50.000000,
       50.000000, 50.000000, 50.000000,
       50.000000, 50.000000, 50.000000,
max_v: 2.500000, 2.500000, 2.000000,
scale: 0.250000, 0.250000, -0.000028,
       -0.000000, -0.000000, -0.000541, 
[2025-06-12 17:33:45.936.575] [INFO  ] [NetworkController] policy map contains : 
[2025-06-12 17:33:45.936.578] [INFO  ] [NetworkController] 0 : common policy  
[2025-06-12 17:33:45.936.587] [INFO  ] [NetworkController] 1 : forward student policy  
[2025-06-12 17:33:45.936.589] [INFO  ] [NetworkController] 2 : jump student policy  
[2025-06-12 17:33:45.936.590] [INFO  ] [NetworkController] 3 : flip student policy  
[2025-06-12 17:33:45.936.593] [INFO  ] [NetworkController] 4 : stand student policy  
[2025-06-12 17:33:45.936.596] [INFO  ] [NetworkController] 5 : handstand policy  
[2025-06-12 17:33:45.936.599] [INFO  ] [NetworkController] 6 : handstandswing policy  
[2025-06-12 17:33:45.936.636] [ERROR ] [Controller] IMU data reading is timeout! 
[2025-06-12 17:33:45.936.742] [INFO  ] [BasicMotion] Switching to kWaitForStanding!!! 
[2025-06-12 17:33:45.937.196] [INFO  ] [DeferredRecorder] -------max_cycle = +0.000, count = 0 
[2025-06-12 17:33:45.937.204] [INFO  ] [DeferredRecorder] -------max_cycle = +0.000, count = 0 
[2025-06-12 17:33:45.937.264] [INFO  ] [DeferredRecorder] -------max_cycle = +0.000, count = 1 
[2025-06-12 17:33:45.937.619] [INFO  ] [DeferredRecorder] -------max_cycle = +0.000, count = 2 
[2025-06-12 17:33:45.938.616] [INFO  ] [DeferredRecorder] -------max_cycle = +0.000, count = 3 
[2025-06-12 17:33:45.939.616] [INFO  ] [DeferredRecorder] -------max_cycle = +0.000, count = 4 
[2025-06-12 17:33:46.077.627] [NOTICE] [Controller] IMU data reading has resumed! 
[2025-06-12 17:33:48.124.426] [WARN  ] [CPU] Cpu temperature -2091312540 cpu  
[2025-06-12 17:33:48.434.649] [INFO  ] [Controller] [Joints] FL: +26.772, +26.772, +26.772 ,FR: +26.772, +26.772, +26.772, HL: 26.772, +25.039, +26.772, HR: +26.772, +25.039, +26.772 Max FL-HipX = +26.772 Min HL-HipY = +25.039 
[2025-06-12 17:33:50.538.266] [INFO  ] [Battery] SoC = 100%, Volt = +33.100V, Temp 29 
[2025-06-12 17:33:50.934.646] [INFO  ] [Controller] [Joints] FL: +26.772, +26.772, +26.772 ,FR: +26.772, +26.772, +26.772, HL: 26.772, +25.039, +26.772, HR: +26.772, +25.039, +26.772 Max FL-HipX = +26.772 Min HL-HipY = +25.039 
[2025-06-12 17:33:53.434.645] [INFO  ] [Controller] [Joints] FL: +26.772, +26.772, +26.772 ,FR: +26.772, +26.772, +26.772, HL: 26.772, +25.039, +26.772, HR: +26.772, +25.039, +26.772 Max FL-HipX = +26.772 Min HL-HipY = +25.039 
[2025-06-12 17:33:55.534.755] [INFO  ] [Battery] SoC = 100%, Volt = +33.100V, Temp 29 
[2025-06-12 17:33:55.934.641] [INFO  ] [Controller] [Joints] FL: +26.772, +26.772, +26.772 ,FR: +26.772, +26.772, +26.772, HL: 26.772, +25.039, +26.772, HR: +26.772, +25.039, +26.772 Max FL-HipX = +26.772 Min HL-HipY = +25.039 
[2025-06-12 17:33:58.434.648] [INFO  ] [Controller] [Joints] FL: +26.772, +26.772, +26.772 ,FR: +26.772, +26.772, +26.772, HL: 26.772, +25.039, +26.772, HR: +26.772, +25.039, +26.772 Max FL-HipX = +26.772 Min HL-HipY = +25.039 
[2025-06-12 17:34:00.531.058] [INFO  ] [Battery] SoC = 100%, Volt = +33.100V, Temp 29 
[2025-06-12 17:34:00.934.650] [INFO  ] [Controller] [Joints] FL: +26.772, +26.772, +26.772 ,FR: +26.772, +26.772, +26.772, HL: 26.772, +25.039, +26.772, HR: +26.772, +25.039, +26.772 Max FL-HipX = +26.772 Min HL-HipY = +25.039 
[2025-06-12 17:34:03.434.648] [INFO  ] [Controller] [Joints] FL: +26.772, +26.772, +26.772 ,FR: +26.772, +26.772, +26.772, HL: 26.772, +25.039, +26.772, HR: +26.772, +25.039, +26.772 Max FL-HipX = +26.772 Min HL-HipY = +25.039 
[2025-06-12 17:34:05.527.393] [INFO  ] [Battery] SoC = 100%, Volt = +33.100V, Temp 29 
[2025-06-12 17:34:05.934.653] [INFO  ] [Controller] [Joints] FL: +26.772, +26.772, +26.772 ,FR: +26.772, +26.772, +26.772, HL: 26.772, +25.039, +26.772, HR: +26.772, +25.039, +26.772 Max FL-HipX = +26.772 Min HL-HipY = +25.039 
[2025-06-12 17:34:08.434.648] [INFO  ] [Controller] [Joints] FL: +26.772, +26.772, +26.772 ,FR: +26.772, +26.772, +26.772, HL: 26.772, +25.039, +26.772, HR: +26.772, +25.039, +26.772 Max FL-HipX = +26.772 Min HL-HipY = +25.039 
[2025-06-12 17:34:10.523.706] [INFO  ] [Battery] SoC = 100%, Volt = +33.100V, Temp 29 
[2025-06-12 17:34:10.934.647] [INFO  ] [Controller] [Joints] FL: +26.772, +26.772, +26.772 ,FR: +26.772, +26.772, +26.772, HL: 26.772, +25.039, +26.772, HR: +26.772, +25.039, +26.772 Max FL-HipX = +26.772 Min HL-HipY = +25.039 
[2025-06-12 17:34:13.434.647] [INFO  ] [Controller] [Joints] FL: +26.772, +26.772, +26.772 ,FR: +26.772, +26.772, +26.772, HL: 26.772, +25.039, +26.772, HR: +26.772, +25.039, +26.772 Max FL-HipX = +26.772 Min HL-HipY = +25.039 
[2025-06-12 17:34:15.520.032] [INFO  ] [Battery] SoC = 100%, Volt = +33.100V, Temp 29 
[2025-06-12 17:34:15.934.648] [INFO  ] [Controller] [Joints] FL: +26.772, +26.772, +26.772 ,FR: +26.772, +26.772, +26.772, HL: 26.772, +25.039, +26.772, HR: +26.772, +25.039, +26.772 Max FL-HipX = +26.772 Min HL-HipY = +25.039 
[2025-06-12 17:34:18.434.643] [INFO  ] [Controller] [Joints] FL: +26.772, +26.772, +26.772 ,FR: +26.772, +26.772, +26.772, HL: 26.772, +25.039, +26.772, HR: +26.772, +25.039, +26.772 Max FL-HipX = +26.772 Min HL-HipY = +25.039 
[2025-06-12 17:34:20.516.496] [INFO  ] [Battery] SoC = 100%, Volt = +33.100V, Temp 29 
[2025-06-12 17:34:20.934.648] [INFO  ] [Controller] [Joints] FL: +26.772, +26.772, +26.772 ,FR: +26.772, +26.772, +26.772, HL: 26.772, +25.039, +26.772, HR: +26.772, +25.039, +26.772 Max FL-HipX = +26.772 Min HL-HipY = +25.039 
[2025-06-12 17:34:23.434.649] [INFO  ] [Controller] [Joints] FL: +26.772, +26.772, +26.772 ,FR: +26.772, +26.772, +26.772, HL: 26.772, +25.039, +26.772, HR: +26.772, +25.039, +26.772 Max FL-HipX = +26.772 Min HL-HipY = +25.039 
[2025-06-12 17:34:25.512.953] [INFO  ] [Battery] SoC = 100%, Volt = +33.100V, Temp 29 
[2025-06-12 17:34:25.934.649] [INFO  ] [Controller] [Joints] FL: +26.772, +26.772, +26.772 ,FR: +26.772, +26.772, +26.772, HL: 26.772, +25.039, +26.772, HR: +26.772, +25.039, +26.772 Max FL-HipX = +26.772 Min HL-HipY = +25.039 
[2025-06-12 17:34:28.434.648] [INFO  ] [Controller] [Joints] FL: +26.772, +26.772, +26.772 ,FR: +26.772, +26.772, +26.772, HL: 26.772, +25.039, +26.772, HR: +26.772, +25.039, +26.772 Max FL-HipX = +26.772 Min HL-HipY = +25.039 
[2025-06-12 17:34:30.509.392] [INFO  ] [Battery] SoC = 100%, Volt = +33.100V, Temp 29 
[2025-06-12 17:34:30.934.647] [INFO  ] [Controller] [Joints] FL: +26.772, +26.772, +26.772 ,FR: +26.772, +26.772, +26.772, HL: 26.772, +25.039, +26.772, HR: +26.772, +25.039, +26.772 Max FL-HipX = +26.772 Min HL-HipY = +25.039 
[2025-06-12 17:34:33.434.649] [INFO  ] [Controller] [Joints] FL: +26.772, +26.772, +26.772 ,FR: +26.772, +26.772, +26.772, HL: 26.772, +25.039, +26.772, HR: +26.772, +25.039, +26.772 Max FL-HipX = +26.772 Min HL-HipY = +25.039 
[2025-06-12 17:34:35.505.940] [INFO  ] [Battery] SoC = 100%, Volt = +33.100V, Temp 29 
[2025-06-12 17:34:35.934.649] [INFO  ] [Controller] [Joints] FL: +26.772, +26.772, +26.772 ,FR: +26.772, +26.772, +26.772, HL: 26.772, +25.039, +26.772, HR: +26.772, +25.039, +26.772 Max FL-HipX = +26.772 Min HL-HipY = +25.039 
[2025-06-12 17:34:38.434.647] [INFO  ] [Controller] [Joints] FL: +26.772, +26.772, +26.772 ,FR: +26.772, +26.772, +26.772, HL: 26.772, +25.039, +26.772, HR: +26.772, +25.039, +26.772 Max FL-HipX = +26.772 Min HL-HipY = +25.039 
[2025-06-12 17:34:40.502.445] [INFO  ] [Battery] SoC = 100%, Volt = +33.100V, Temp 29 
[2025-06-12 17:34:40.934.647] [INFO  ] [Controller] [Joints] FL: +26.772, +26.772, +26.772 ,FR: +26.772, +26.772, +26.772, HL: 26.772, +25.039, +26.772, HR: +26.772, +25.039, +26.772 Max FL-HipX = +26.772 Min HL-HipY = +25.039 
[2025-06-12 17:34:43.434.644] [INFO  ] [Controller] [Joints] FL: +26.772, +26.772, +26.772 ,FR: +26.772, +26.772, +26.772, HL: 26.772, +25.039, +26.772, HR: +26.772, +25.039, +26.772 Max FL-HipX = +26.772 Min HL-HipY = +25.039 
[2025-06-12 17:34:45.119.636] [WARN  ] [basicmethod] 
[Working State Judge]
wifi connect: 0
gyro connect: 1
battary voltage normal: 1
 
[2025-06-12 17:34:45.498.950] [INFO  ] [Battery] SoC = 100%, Volt = +33.000V, Temp 29 
[2025-06-12 17:34:45.934.644] [INFO  ] [Controller] [Joints] FL: +26.772, +26.772, +26.772 ,FR: +26.772, +26.772, +26.772, HL: 26.772, +25.039, +26.772, HR: +26.772, +25.039, +26.772 Max FL-HipX = +26.772 Min HL-HipY = +25.039 
[2025-06-12 17:34:48.434.642] [INFO  ] [Controller] [Joints] FL: +26.772, +26.772, +26.772 ,FR: +26.772, +26.772, +26.772, HL: 26.772, +25.039, +26.772, HR: +26.772, +25.039, +26.772 Max FL-HipX = +26.772 Min HL-HipY = +25.039 
[2025-06-12 17:34:50.120.631] [WARN  ] [basicmethod] 
[Working State Judge]
wifi connect: 0
gyro connect: 1
battary voltage normal: 1
 
[2025-06-12 17:34:50.495.426] [INFO  ] [Battery] SoC = 100%, Volt = +33.000V, Temp 29 
[2025-06-12 17:34:50.934.647] [INFO  ] [Controller] [Joints] FL: +26.772, +26.772, +26.772 ,FR: +26.772, +26.772, +26.772, HL: 26.772, +25.039, +26.772, HR: +26.772, +25.039, +26.772 Max FL-HipX = +26.772 Min HL-HipY = +25.039 
[2025-06-12 17:34:53.434.646] [INFO  ] [Controller] [Joints] FL: +26.772, +26.772, +26.772 ,FR: +26.772, +26.772, +26.772, HL: 26.772, +25.039, +26.772, HR: +26.772, +25.039, +26.772 Max FL-HipX = +26.772 Min HL-HipY = +25.039 
[2025-06-12 17:34:55.121.633] [WARN  ] [basicmethod] 
[Working State Judge]
wifi connect: 0
gyro connect: 1
battary voltage normal: 1
 
[2025-06-12 17:34:55.491.880] [INFO  ] [Battery] SoC = 100%, Volt = +33.000V, Temp 29 
[2025-06-12 17:34:55.934.644] [INFO  ] [Controller] [Joints] FL: +26.772, +26.772, +26.772 ,FR: +26.772, +26.772, +26.772, HL: 26.772, +25.039, +26.772, HR: +26.772, +25.039, +26.772 Max FL-HipX = +26.772 Min HL-HipY = +25.039 
[2025-06-12 17:34:58.434.647] [INFO  ] [Controller] [Joints] FL: +26.772, +26.772, +26.772 ,FR: +26.772, +26.772, +26.772, HL: 26.772, +25.039, +26.772, HR: +26.772, +25.039, +26.772 Max FL-HipX = +26.772 Min HL-HipY = +25.039 
[2025-06-12 17:35:00.122.634] [WARN  ] [basicmethod] 
[Working State Judge]
wifi connect: 0
gyro connect: 1
battary voltage normal: 1
 
[2025-06-12 17:35:00.488.468] [INFO  ] [Battery] SoC = 99%, Volt = +33.000V, Temp 29 
[2025-06-12 17:35:00.934.655] [INFO  ] [Controller] [Joints] FL: +26.772, +26.772, +26.772 ,FR: +26.772, +26.772, +26.772, HL: 26.772, +25.039, +26.772, HR: +26.772, +25.039, +26.772 Max FL-HipX = +26.772 Min HL-HipY = +25.039 
[2025-06-12 17:35:03.434.650] [INFO  ] [Controller] [Joints] FL: +26.772, +26.772, +26.772 ,FR: +26.772, +26.772, +26.772, HL: 26.772, +25.039, +26.772, HR: +26.772, +25.039, +26.772 Max FL-HipX = +26.772 Min HL-HipY = +25.039 
[2025-06-12 17:35:05.123.634] [WARN  ] [basicmethod] 
[Working State Judge]
wifi connect: 0
gyro connect: 1
battary voltage normal: 1
 
[2025-06-12 17:35:05.484.971] [INFO  ] [Battery] SoC = 99%, Volt = +33.000V, Temp 29 
[2025-06-12 17:35:05.934.650] [INFO  ] [Controller] [Joints] FL: +26.772, +26.772, +26.772 ,FR: +26.772, +26.772, +26.772, HL: 26.772, +25.039, +26.772, HR: +26.772, +25.039, +26.772 Max FL-HipX = +26.772 Min HL-HipY = +25.039 
[2025-06-12 17:35:08.434.640] [INFO  ] [Controller] [Joints] FL: +26.772, +26.772, +26.772 ,FR: +26.772, +26.772, +26.772, HL: 26.772, +25.039, +26.772, HR: +26.772, +25.039, +26.772 Max FL-HipX = +26.772 Min HL-HipY = +25.039 
[2025-06-12 17:35:10.124.630] [WARN  ] [basicmethod] 
[Working State Judge]
wifi connect: 0
gyro connect: 1
battary voltage normal: 1
 
[2025-06-12 17:35:10.481.485] [INFO  ] [Battery] SoC = 99%, Volt = +33.000V, Temp 29 
[2025-06-12 17:35:10.934.649] [INFO  ] [Controller] [Joints] FL: +26.772, +26.772, +26.772 ,FR: +26.772, +26.772, +26.772, HL: 26.772, +25.039, +26.772, HR: +26.772, +25.039, +26.772 Max FL-HipX = +26.772 Min HL-HipY = +25.039 
[2025-06-12 17:35:13.434.653] [INFO  ] [Controller] [Joints] FL: +26.772, +26.772, +26.772 ,FR: +26.772, +26.772, +26.772, HL: 26.772, +25.039, +26.772, HR: +26.772, +25.039, +26.772 Max FL-HipX = +26.772 Min HL-HipY = +25.039 
[2025-06-12 17:35:15.124.631] [WARN  ] [basicmethod] 
[Working State Judge]
wifi connect: 0
gyro connect: 1
battary voltage normal: 1
 
[2025-06-12 17:35:15.478.061] [INFO  ] [Battery] SoC = 99%, Volt = +33.000V, Temp 29 
[2025-06-12 17:35:15.934.644] [INFO  ] [Controller] [Joints] FL: +26.772, +26.772, +26.772 ,FR: +26.772, +26.772, +26.772, HL: 26.772, +25.039, +26.772, HR: +26.772, +25.039, +26.772 Max FL-HipX = +26.772 Min HL-HipY = +25.039 
[2025-06-12 17:35:18.434.645] [INFO  ] [Controller] [Joints] FL: +26.772, +26.772, +26.772 ,FR: +26.772, +26.772, +26.772, HL: 26.772, +25.039, +26.772, HR: +26.772, +25.039, +26.772 Max FL-HipX = +26.772 Min HL-HipY = +25.039 
[2025-06-12 17:35:20.125.631] [WARN  ] [basicmethod] 
[Working State Judge]
wifi connect: 0
gyro connect: 1
battary voltage normal: 1
 
[2025-06-12 17:35:20.474.626] [INFO  ] [Battery] SoC = 99%, Volt = +33.000V, Temp 29 
[2025-06-12 17:35:20.934.644] [INFO  ] [Controller] [Joints] FL: +26.772, +26.772, +26.772 ,FR: +26.772, +26.772, +26.772, HL: 26.772, +25.039, +26.772, HR: +26.772, +25.039, +26.772 Max FL-HipX = +26.772 Min HL-HipY = +25.039 
[2025-06-12 17:35:23.434.646] [INFO  ] [Controller] [Joints] FL: +26.772, +26.772, +26.772 ,FR: +26.772, +26.772, +26.772, HL: 26.772, +25.039, +26.772, HR: +26.772, +25.039, +26.772 Max FL-HipX = +26.772 Min HL-HipY = +25.039 
[2025-06-12 17:35:25.125.632] [WARN  ] [basicmethod] 
[Working State Judge]
wifi connect: 0
gyro connect: 1
battary voltage normal: 1
 
[2025-06-12 17:35:25.471.155] [INFO  ] [Battery] SoC = 99%, Volt = +33.000V, Temp 29 
[2025-06-12 17:35:25.934.645] [INFO  ] [Controller] [Joints] FL: +26.772, +26.772, +26.772 ,FR: +26.772, +26.772, +26.772, HL: 26.772, +25.039, +26.772, HR: +26.772, +25.039, +26.772 Max FL-HipX = +26.772 Min HL-HipY = +25.039 
[2025-06-12 17:35:28.434.645] [INFO  ] [Controller] [Joints] FL: +26.772, +26.772, +26.772 ,FR: +26.772, +26.772, +26.772, HL: 26.772, +25.039, +26.772, HR: +26.772, +25.039, +26.772 Max FL-HipX = +26.772 Min HL-HipY = +25.039 
[2025-06-12 17:35:30.125.634] [WARN  ] [basicmethod] 
[Working State Judge]
wifi connect: 0
gyro connect: 1
battary voltage normal: 1
 
[2025-06-12 17:35:30.467.645] [INFO  ] [Battery] SoC = 99%, Volt = +33.000V, Temp 29 
[2025-06-12 17:35:30.934.640] [INFO  ] [Controller] [Joints] FL: +26.772, +26.772, +26.772 ,FR: +26.772, +26.772, +26.772, HL: 26.772, +25.039, +26.772, HR: +26.772, +25.039, +26.772 Max FL-HipX = +26.772 Min HL-HipY = +25.039 
[2025-06-12 17:35:33.434.645] [INFO  ] [Controller] [Joints] FL: +26.772, +26.772, +26.772 ,FR: +26.772, +26.772, +26.772, HL: 26.772, +25.039, +26.772, HR: +26.772, +25.039, +26.772 Max FL-HipX = +26.772 Min HL-HipY = +25.039 
[2025-06-12 17:35:35.126.634] [WARN  ] [basicmethod] 
[Working State Judge]
wifi connect: 0
gyro connect: 1
battary voltage normal: 1
 
[2025-06-12 17:35:35.464.005] [INFO  ] [Battery] SoC = 99%, Volt = +33.000V, Temp 29 
[2025-06-12 17:35:35.934.644] [INFO  ] [Controller] [Joints] FL: +26.772, +26.772, +26.772 ,FR: +26.772, +26.772, +26.772, HL: 26.772, +25.039, +26.772, HR: +26.772, +25.039, +26.772 Max FL-HipX = +26.772 Min HL-HipY = +25.039 
[2025-06-12 17:35:38.434.643] [INFO  ] [Controller] [Joints] FL: +26.772, +26.772, +26.772 ,FR: +26.772, +26.772, +26.772, HL: 26.772, +25.039, +26.772, HR: +26.772, +25.039, +26.772 Max FL-HipX = +26.772 Min HL-HipY = +25.039 
[2025-06-12 17:35:40.126.636] [WARN  ] [basicmethod] 
[Working State Judge]
wifi connect: 0
gyro connect: 1
battary voltage normal: 1
 
[2025-06-12 17:35:40.460.391] [INFO  ] [Battery] SoC = 99%, Volt = +33.000V, Temp 29 
[2025-06-12 17:35:40.934.643] [INFO  ] [Controller] [Joints] FL: +26.772, +26.772, +26.772 ,FR: +26.772, +26.772, +26.772, HL: 26.772, +25.039, +26.772, HR: +26.772, +25.039, +26.772 Max FL-HipX = +26.772 Min HL-HipY = +25.039 
[2025-06-12 17:35:43.434.644] [INFO  ] [Controller] [Joints] FL: +26.772, +26.772, +26.772 ,FR: +26.772, +26.772, +26.772, HL: 26.772, +25.039, +26.772, HR: +26.772, +25.039, +26.772 Max FL-HipX = +26.772 Min HL-HipY = +25.039 
[2025-06-12 17:35:45.127.632] [WARN  ] [basicmethod] 
[Working State Judge]
wifi connect: 0
gyro connect: 1
battary voltage normal: 1
 
[2025-06-12 17:35:45.456.761] [INFO  ] [Battery] SoC = 99%, Volt = +33.000V, Temp 29 
[2025-06-12 17:35:45.934.647] [INFO  ] [Controller] [Joints] FL: +26.772, +26.772, +26.772 ,FR: +26.772, +26.772, +26.772, HL: 26.772, +25.039, +26.772, HR: +26.772, +25.039, +26.772 Max FL-HipX = +26.772 Min HL-HipY = +25.039 
[2025-06-12 17:35:48.434.646] [INFO  ] [Controller] [Joints] FL: +26.772, +26.772, +26.772 ,FR: +26.772, +26.772, +26.772, HL: 26.772, +25.039, +26.772, HR: +26.772, +25.039, +26.772 Max FL-HipX = +26.772 Min HL-HipY = +25.039 
[2025-06-12 17:35:50.127.632] [WARN  ] [basicmethod] 
[Working State Judge]
wifi connect: 0
gyro connect: 1
battary voltage normal: 1
 
[2025-06-12 17:35:50.452.909] [INFO  ] [Battery] SoC = 99%, Volt = +33.000V, Temp 29 
[2025-06-12 17:35:50.934.646] [INFO  ] [Controller] [Joints] FL: +26.772, +26.772, +26.772 ,FR: +26.772, +26.772, +26.772, HL: 26.772, +25.039, +26.772, HR: +26.772, +25.039, +26.772 Max FL-HipX = +26.772 Min HL-HipY = +25.039 
[2025-06-12 17:35:53.434.647] [INFO  ] [Controller] [Joints] FL: +26.772, +26.772, +26.772 ,FR: +26.772, +26.772, +26.772, HL: 26.772, +25.039, +26.772, HR: +26.772, +25.039, +26.772 Max FL-HipX = +26.772 Min HL-HipY = +25.039 
[2025-06-12 17:35:55.127.632] [WARN  ] [basicmethod] 
[Working State Judge]
wifi connect: 0
gyro connect: 1
battary voltage normal: 1
 
[2025-06-12 17:35:55.449.143] [INFO  ] [Battery] SoC = 99%, Volt = +33.000V, Temp 29 
[2025-06-12 17:35:55.934.647] [INFO  ] [Controller] [Joints] FL: +26.772, +26.772, +26.772 ,FR: +26.772, +26.772, +26.772, HL: 26.772, +25.039, +26.772, HR: +26.772, +25.039, +26.772 Max FL-HipX = +26.772 Min HL-HipY = +25.039 
[2025-06-12 17:35:58.434.648] [INFO  ] [Controller] [Joints] FL: +26.772, +26.772, +26.772 ,FR: +26.772, +26.772, +26.772, HL: 26.772, +25.039, +26.772, HR: +26.772, +25.039, +26.772 Max FL-HipX = +26.772 Min HL-HipY = +25.039 
[2025-06-12 17:36:00.128.631] [WARN  ] [basicmethod] 
[Working State Judge]
wifi connect: 0
gyro connect: 1
battary voltage normal: 1
 
[2025-06-12 17:36:00.445.285] [INFO  ] [Battery] SoC = 99%, Volt = +33.000V, Temp 29 
[2025-06-12 17:36:00.934.651] [INFO  ] [Controller] [Joints] FL: +26.772, +26.772, +26.772 ,FR: +26.772, +26.772, +26.772, HL: 26.772, +25.039, +26.772, HR: +26.772, +25.039, +26.772 Max FL-HipX = +26.772 Min HL-HipY = +25.039 
[2025-06-12 17:36:03.434.649] [INFO  ] [Controller] [Joints] FL: +26.772, +26.772, +26.772 ,FR: +26.772, +26.772, +26.772, HL: 26.772, +25.039, +26.772, HR: +26.772, +25.039, +26.772 Max FL-HipX = +26.772 Min HL-HipY = +25.039 
[2025-06-12 17:36:05.129.633] [WARN  ] [basicmethod] 
[Working State Judge]
wifi connect: 0
gyro connect: 1
battary voltage normal: 1
 
[2025-06-12 17:36:05.441.439] [INFO  ] [Battery] SoC = 99%, Volt = +32.900V, Temp 29 
[2025-06-12 17:36:05.934.648] [INFO  ] [Controller] [Joints] FL: +26.772, +26.772, +26.772 ,FR: +26.772, +26.772, +26.772, HL: 26.772, +25.039, +26.772, HR: +26.772, +25.039, +26.772 Max FL-HipX = +26.772 Min HL-HipY = +25.039 
[2025-06-12 17:36:08.434.647] [INFO  ] [Controller] [Joints] FL: +26.772, +26.772, +26.772 ,FR: +26.772, +26.772, +26.772, HL: 26.772, +25.039, +26.772, HR: +26.772, +25.039, +26.772 Max FL-HipX = +26.772 Min HL-HipY = +25.039 
[2025-06-12 17:36:10.129.631] [WARN  ] [basicmethod] 
[Working State Judge]
wifi connect: 0
gyro connect: 1
battary voltage normal: 1
 
[2025-06-12 17:36:10.437.756] [INFO  ] [Battery] SoC = 99%, Volt = +32.900V, Temp 29 
[2025-06-12 17:36:10.934.644] [INFO  ] [Controller] [Joints] FL: +26.772, +26.772, +26.772 ,FR: +26.772, +26.772, +26.772, HL: 26.772, +25.039, +26.772, HR: +26.772, +25.039, +26.772 Max FL-HipX = +26.772 Min HL-HipY = +25.039 
[2025-06-12 17:36:13.434.644] [INFO  ] [Controller] [Joints] FL: +26.772, +26.772, +26.772 ,FR: +26.772, +26.772, +26.772, HL: 26.772, +26.772, +26.772, HR: +26.772, +25.039, +26.772 Max FL-HipX = +26.772 Min HR-HipY = +25.039 
[2025-06-12 17:36:15.130.633] [WARN  ] [basicmethod] 
[Working State Judge]
wifi connect: 0
gyro connect: 1
battary voltage normal: 1
 
[2025-06-12 17:36:15.434.146] [INFO  ] [Battery] SoC = 99%, Volt = +32.900V, Temp 29 
[2025-06-12 17:36:15.934.647] [INFO  ] [Controller] [Joints] FL: +26.772, +26.772, +26.772 ,FR: +26.772, +26.772, +26.772, HL: 26.772, +25.039, +26.772, HR: +26.772, +25.039, +26.772 Max FL-HipX = +26.772 Min HL-HipY = +25.039 
[2025-06-12 17:36:18.434.645] [INFO  ] [Controller] [Joints] FL: +26.772, +26.772, +26.772 ,FR: +26.772, +26.772, +26.772, HL: 26.772, +26.772, +26.772, HR: +26.772, +25.039, +26.772 Max FL-HipX = +26.772 Min HR-HipY = +25.039 
[2025-06-12 17:36:20.130.633] [WARN  ] [basicmethod] 
[Working State Judge]
wifi connect: 0
gyro connect: 1
battary voltage normal: 1
 
[2025-06-12 17:36:20.430.502] [INFO  ] [Battery] SoC = 99%, Volt = +32.900V, Temp 29 
[2025-06-12 17:36:20.934.648] [INFO  ] [Controller] [Joints] FL: +26.772, +26.772, +26.772 ,FR: +26.772, +26.772, +26.772, HL: 26.772, +26.772, +26.772, HR: +26.772, +25.039, +26.772 Max FL-HipX = +26.772 Min HR-HipY = +25.039 
[2025-06-12 17:36:23.434.650] [INFO  ] [Controller] [Joints] FL: +26.772, +26.772, +26.772 ,FR: +26.772, +26.772, +26.772, HL: 26.772, +26.772, +26.772, HR: +26.772, +25.039, +26.772 Max FL-HipX = +26.772 Min HR-HipY = +25.039 
[2025-06-12 17:36:25.131.634] [WARN  ] [basicmethod] 
[Working State Judge]
wifi connect: 0
gyro connect: 1
battary voltage normal: 1
 
[2025-06-12 17:36:25.426.936] [INFO  ] [Battery] SoC = 99%, Volt = +32.900V, Temp 29 
[2025-06-12 17:36:25.934.650] [INFO  ] [Controller] [Joints] FL: +26.772, +26.772, +26.772 ,FR: +26.772, +26.772, +26.772, HL: 26.772, +26.772, +26.772, HR: +26.772, +25.039, +26.772 Max FL-HipX = +26.772 Min HR-HipY = +25.039 
[2025-06-12 17:36:28.434.647] [INFO  ] [Controller] [Joints] FL: +26.772, +26.772, +26.772 ,FR: +26.772, +26.772, +26.772, HL: 26.772, +26.772, +26.772, HR: +26.772, +25.039, +26.772 Max FL-HipX = +26.772 Min HR-HipY = +25.039 
[2025-06-12 17:36:30.131.633] [WARN  ] [basicmethod] 
[Working State Judge]
wifi connect: 0
gyro connect: 1
battary voltage normal: 1
 
[2025-06-12 17:36:30.423.254] [INFO  ] [Battery] SoC = 99%, Volt = +32.900V, Temp 29 
[2025-06-12 17:36:30.934.646] [INFO  ] [Controller] [Joints] FL: +26.772, +26.772, +26.772 ,FR: +26.772, +26.772, +26.772, HL: 26.772, +26.772, +26.772, HR: +26.772, +25.039, +26.772 Max FL-HipX = +26.772 Min HR-HipY = +25.039 
[2025-06-12 17:36:33.434.646] [INFO  ] [Controller] [Joints] FL: +26.772, +26.772, +26.772 ,FR: +26.772, +26.772, +26.772, HL: 26.772, +26.772, +26.772, HR: +26.772, +25.039, +26.772 Max FL-HipX = +26.772 Min HR-HipY = +25.039 
[2025-06-12 17:36:35.132.630] [WARN  ] [basicmethod] 
[Working State Judge]
wifi connect: 0
gyro connect: 1
battary voltage normal: 1
 
[2025-06-12 17:36:35.419.548] [INFO  ] [Battery] SoC = 99%, Volt = +32.900V, Temp 29 
[2025-06-12 17:36:35.934.645] [INFO  ] [Controller] [Joints] FL: +26.772, +26.772, +26.772 ,FR: +26.772, +26.772, +26.772, HL: 26.772, +26.772, +26.772, HR: +26.772, +25.039, +26.772 Max FL-HipX = +26.772 Min HR-HipY = +25.039 
[2025-06-12 17:36:38.434.646] [INFO  ] [Controller] [Joints] FL: +26.772, +26.772, +26.772 ,FR: +26.772, +26.772, +26.772, HL: 26.772, +26.772, +26.772, HR: +26.772, +25.039, +26.772 Max FL-HipX = +26.772 Min HR-HipY = +25.039 
[2025-06-12 17:36:40.133.628] [WARN  ] [basicmethod] 
[Working State Judge]
wifi connect: 0
gyro connect: 1
battary voltage normal: 1
 
[2025-06-12 17:36:40.415.919] [INFO  ] [Battery] SoC = 99%, Volt = +32.900V, Temp 29 
[2025-06-12 17:36:40.934.644] [INFO  ] [Controller] [Joints] FL: +26.772, +26.772, +26.772 ,FR: +26.772, +26.772, +26.772, HL: 26.772, +26.772, +26.772, HR: +26.772, +25.039, +26.772 Max FL-HipX = +26.772 Min HR-HipY = +25.039 
[2025-06-12 17:36:43.434.645] [INFO  ] [Controller] [Joints] FL: +26.772, +26.772, +26.772 ,FR: +26.772, +26.772, +26.772, HL: 26.772, +26.772, +26.772, HR: +26.772, +25.039, +26.772 Max FL-HipX = +26.772 Min HR-HipY = +25.039 
[2025-06-12 17:36:45.133.633] [WARN  ] [basicmethod] 
[Working State Judge]
wifi connect: 0
gyro connect: 1
battary voltage normal: 1
 
[2025-06-12 17:36:45.412.395] [INFO  ] [Battery] SoC = 99%, Volt = +32.900V, Temp 29 
[2025-06-12 17:36:45.934.649] [INFO  ] [Controller] [Joints] FL: +26.772, +26.772, +26.772 ,FR: +26.772, +26.772, +26.772, HL: 26.772, +26.772, +26.772, HR: +26.772, +25.039, +26.772 Max FL-HipX = +26.772 Min HR-HipY = +25.039 
[2025-06-12 17:36:48.434.647] [INFO  ] [Controller] [Joints] FL: +26.772, +26.772, +26.772 ,FR: +26.772, +26.772, +26.772, HL: 26.772, +26.772, +26.772, HR: +26.772, +25.039, +26.772 Max FL-HipX = +26.772 Min HR-HipY = +25.039 
[2025-06-12 17:36:50.133.631] [WARN  ] [basicmethod] 
[Working State Judge]
wifi connect: 0
gyro connect: 1
battary voltage normal: 1
 
[2025-06-12 17:36:50.408.748] [INFO  ] [Battery] SoC = 99%, Volt = +32.900V, Temp 29 
[2025-06-12 17:36:50.934.648] [INFO  ] [Controller] [Joints] FL: +26.772, +26.772, +26.772 ,FR: +26.772, +26.772, +26.772, HL: 26.772, +26.772, +26.772, HR: +26.772, +25.039, +26.772 Max FL-HipX = +26.772 Min HR-HipY = +25.039 
[2025-06-12 17:36:53.434.654] [INFO  ] [Controller] [Joints] FL: +26.772, +26.772, +26.772 ,FR: +26.772, +26.772, +26.772, HL: 26.772, +26.772, +26.772, HR: +26.772, +25.039, +26.772 Max FL-HipX = +26.772 Min HR-HipY = +25.039 
[2025-06-12 17:36:55.134.636] [WARN  ] [basicmethod] 
[Working State Judge]
wifi connect: 0
gyro connect: 1
battary voltage normal: 1
 
[2025-06-12 17:36:55.405.011] [INFO  ] [Battery] SoC = 99%, Volt = +32.900V, Temp 29 
[2025-06-12 17:36:55.934.647] [INFO  ] [Controller] [Joints] FL: +26.772, +26.772, +26.772 ,FR: +26.772, +26.772, +26.772, HL: 26.772, +26.772, +26.772, HR: +26.772, +25.039, +26.772 Max FL-HipX = +26.772 Min HR-HipY = +25.039 
[2025-06-12 17:36:58.333.627] [INFO  ] [Controller] stand_cmd.... 
[2025-06-12 17:36:58.333.679] [INFO  ] [BasicMotion] Standing up, please wait... 
[2025-06-12 17:36:58.333.694] [INFO  ] [BasicMotion] Switching to zeroposition !!!!! 
[2025-06-12 17:36:58.434.647] [INFO  ] [Controller] [Joints] FL: +26.772, +26.772, +26.772 ,FR: +26.772, +26.772, +26.772, HL: 26.772, +26.772, +26.772, HR: +26.772, +25.039, +26.772 Max FL-HipX = +26.772 Min HR-HipY = +25.039 
[2025-06-12 17:37:00.401.324] [INFO  ] [Battery] SoC = 99%, Volt = +32.800V, Temp 29 
[2025-06-12 17:37:00.934.655] [INFO  ] [Controller] [Joints] FL: +26.772, +26.772, +26.772 ,FR: +26.772, +26.772, +26.772, HL: 26.772, +26.772, +26.772, HR: +26.772, +25.039, +26.772 Max FL-HipX = +26.772 Min HR-HipY = +25.039 
[2025-06-12 17:37:03.434.653] [INFO  ] [Controller] [Joints] FL: +26.772, +26.772, +26.772 ,FR: +28.504, +26.772, +26.772, HL: 26.772, +26.772, +26.772, HR: +26.772, +26.772, +26.772 Max FR-HipX = +28.504 Min FL-HipX = +26.772 
[2025-06-12 17:37:03.835.636] [INFO  ] [BasicMotion] Standing up, please wait... 
[2025-06-12 17:37:05.397.698] [INFO  ] [Battery] SoC = 99%, Volt = +32.600V, Temp 29 
[2025-06-12 17:37:05.836.641] [INFO  ] [BasicMotion] Stand up action has finished, waitting to switch to force control mode! 
[2025-06-12 17:37:05.836.692] [INFO  ] [BasicMotion] Switching to force control mode, please wait... 
[2025-06-12 17:37:05.935.648] [INFO  ] [Controller] [Joints] FL: +26.772, +26.772, +26.772 ,FR: +28.504, +28.504, +26.772, HL: 26.772, +26.772, +26.772, HR: +26.772, +26.772, +26.772 Max FR-HipX = +28.504 Min FL-HipX = +26.772 
[2025-06-12 17:37:08.435.645] [INFO  ] [Controller] [Joints] FL: +26.772, +26.772, +26.772 ,FR: +28.504, +28.504, +26.772, HL: 28.504, +26.772, +26.772, HR: +28.504, +26.772, +26.772 Max FR-HipX = +28.504 Min FL-HipX = +26.772 
[2025-06-12 17:37:08.739.685] [INFO  ] [TVMPC] JY is Moving... (tvmpc),  time: 203.620339 
[2025-06-12 17:37:10.394.124] [INFO  ] [Battery] SoC = 99%, Volt = +32.600V, Temp 29 
[2025-06-12 17:37:10.935.762] [INFO  ] [Controller] [Joints] FL: +28.504, +26.772, +28.504 ,FR: +28.504, +28.504, +26.772, HL: 28.504, +26.772, +26.772, HR: +28.504, +26.772, +28.504 Max FL-HipX = +28.504 Min FL-HipY = +26.772 
[2025-06-12 17:37:13.435.640] [INFO  ] [Controller] [Joints] FL: +28.504, +26.772, +28.504 ,FR: +28.504, +28.504, +28.504, HL: 28.504, +26.772, +28.504, HR: +28.504, +26.772, +28.504 Max FL-HipX = +28.504 Min FL-HipY = +26.772 
[2025-06-12 17:37:15.390.498] [INFO  ] [Battery] SoC = 98%, Volt = +32.600V, Temp 29 
[2025-06-12 17:37:15.935.642] [INFO  ] [Controller] [Joints] FL: +28.504, +26.772, +28.504 ,FR: +30.236, +28.504, +28.504, HL: 28.504, +26.772, +28.504, HR: +28.504, +26.772, +30.236 Max FR-HipX = +30.236 Min FL-HipY = +26.772 
[2025-06-12 17:37:18.435.638] [INFO  ] [Controller] [Joints] FL: +28.504, +28.504, +28.504 ,FR: +30.236, +28.504, +28.504, HL: 30.236, +26.772, +30.236, HR: +30.236, +26.772, +30.236 Max FR-HipX = +30.236 Min HL-HipY = +26.772 
[2025-06-12 17:37:20.387.036] [INFO  ] [Battery] SoC = 98%, Volt = +32.600V, Temp 29 
[2025-06-12 17:37:20.935.637] [INFO  ] [Controller] [Joints] FL: +28.504, +28.504, +30.236 ,FR: +30.236, +28.504, +28.504, HL: 30.236, +26.772, +30.236, HR: +30.236, +26.772, +31.969 Max HR-Knee = +31.969 Min HL-HipY = +26.772 
[2025-06-12 17:37:23.435.641] [INFO  ] [Controller] [Joints] FL: +30.236, +28.504, +30.236 ,FR: +30.236, +28.504, +28.504, HL: 30.236, +26.772, +31.969, HR: +30.236, +26.772, +31.969 Max HL-Knee = +31.969 Min HL-HipY = +26.772 
[2025-06-12 17:37:23.590.038] [INFO  ] [TVMPC] [trot]STOP!!! 
[2025-06-12 17:37:23.590.623] [INFO  ] [BasicMotion] Switching to force control mode, please wait... 
[2025-06-12 17:37:24.639.656] [INFO  ] [TVMPC] JY is Moving... (tvmpc),  time: 219.520339 
[2025-06-12 17:37:25.383.425] [INFO  ] [Battery] SoC = 98%, Volt = +32.500V, Temp 29 
[2025-06-12 17:37:25.935.640] [INFO  ] [Controller] [Joints] FL: +30.236, +28.504, +30.236 ,FR: +31.969, +28.504, +30.236, HL: 30.236, +26.772, +31.969, HR: +30.236, +26.772, +33.701 Max HR-Knee = +33.701 Min HL-HipY = +26.772 
[2025-06-12 17:37:28.435.640] [INFO  ] [Controller] [Joints] FL: +30.236, +28.504, +30.236 ,FR: +31.969, +28.504, +30.236, HL: 30.236, +26.772, +33.701, HR: +30.236, +26.772, +33.701 Max HL-Knee = +33.701 Min HL-HipY = +26.772 
[2025-06-12 17:37:29.140.036] [INFO  ] [TVMPC] [trot]STOP!!! 
[2025-06-12 17:37:29.140.624] [INFO  ] [BasicMotion] Switching to force control mode, please wait... 
[2025-06-12 17:37:30.379.925] [INFO  ] [Battery] SoC = 98%, Volt = +32.700V, Temp 29 
[2025-06-12 17:37:30.935.644] [INFO  ] [Controller] [Joints] FL: +30.236, +28.504, +30.236 ,FR: +31.969, +28.504, +30.236, HL: 30.236, +26.772, +33.701, HR: +30.236, +26.772, +33.701 Max HL-Knee = +33.701 Min HL-HipY = +26.772 
[2025-06-12 17:37:33.435.644] [INFO  ] [Controller] [Joints] FL: +30.236, +28.504, +30.236 ,FR: +31.969, +28.504, +30.236, HL: 30.236, +26.772, +33.701, HR: +30.236, +26.772, +35.433 Max HR-Knee = +35.433 Min HL-HipY = +26.772 
[2025-06-12 17:37:35.376.417] [INFO  ] [Battery] SoC = 98%, Volt = +32.700V, Temp 29 
[2025-06-12 17:37:35.935.643] [INFO  ] [Controller] [Joints] FL: +30.236, +28.504, +31.969 ,FR: +31.969, +28.504, +30.236, HL: 30.236, +26.772, +33.701, HR: +30.236, +26.772, +35.433 Max HR-Knee = +35.433 Min HL-HipY = +26.772 
[2025-06-12 17:37:38.435.644] [INFO  ] [Controller] [Joints] FL: +30.236, +28.504, +31.969 ,FR: +31.969, +28.504, +30.236, HL: 30.236, +26.772, +33.701, HR: +30.236, +26.772, +35.433 Max HR-Knee = +35.433 Min HL-HipY = +26.772 
[2025-06-12 17:37:40.372.845] [INFO  ] [Battery] SoC = 98%, Volt = +32.700V, Temp 29 
[2025-06-12 17:37:40.935.645] [INFO  ] [Controller] [Joints] FL: +30.236, +28.504, +31.969 ,FR: +31.969, +28.504, +30.236, HL: 30.236, +26.772, +33.701, HR: +30.236, +26.772, +35.433 Max HR-Knee = +35.433 Min HL-HipY = +26.772 
[2025-06-12 17:37:43.435.647] [INFO  ] [Controller] [Joints] FL: +30.236, +28.504, +31.969 ,FR: +31.969, +28.504, +30.236, HL: 30.236, +26.772, +33.701, HR: +30.236, +26.772, +35.433 Max HR-Knee = +35.433 Min HL-HipY = +26.772 
[2025-06-12 17:37:45.369.247] [INFO  ] [Battery] SoC = 98%, Volt = +32.700V, Temp 29 
[2025-06-12 17:37:45.935.646] [INFO  ] [Controller] [Joints] FL: +30.236, +28.504, +31.969 ,FR: +31.969, +28.504, +30.236, HL: 30.236, +26.772, +33.701, HR: +30.236, +26.772, +35.433 Max HR-Knee = +35.433 Min HL-HipY = +26.772 
[2025-06-12 17:37:48.435.648] [INFO  ] [Controller] [Joints] FL: +30.236, +28.504, +31.969 ,FR: +31.969, +28.504, +30.236, HL: 30.236, +26.772, +31.969, HR: +30.236, +26.772, +35.433 Max HR-Knee = +35.433 Min HL-HipY = +26.772 
[2025-06-12 17:37:50.365.676] [INFO  ] [Battery] SoC = 98%, Volt = +32.600V, Temp 29 
[2025-06-12 17:37:50.935.650] [INFO  ] [Controller] [Joints] FL: +30.236, +28.504, +31.969 ,FR: +31.969, +28.504, +30.236, HL: 30.236, +26.772, +31.969, HR: +28.504, +26.772, +35.433 Max HR-Knee = +35.433 Min HL-HipY = +26.772 
[2025-06-12 17:37:53.435.649] [INFO  ] [Controller] [Joints] FL: +30.236, +28.504, +31.969 ,FR: +31.969, +28.504, +30.236, HL: 30.236, +26.772, +31.969, HR: +28.504, +26.772, +35.433 Max HR-Knee = +35.433 Min HL-HipY = +26.772 
[2025-06-12 17:37:55.362.174] [INFO  ] [Battery] SoC = 98%, Volt = +32.600V, Temp 29 
[2025-06-12 17:37:55.935.648] [INFO  ] [Controller] [Joints] FL: +30.236, +28.504, +31.969 ,FR: +31.969, +28.504, +30.236, HL: 30.236, +26.772, +31.969, HR: +28.504, +26.772, +35.433 Max HR-Knee = +35.433 Min HL-HipY = +26.772 
[2025-06-12 17:37:58.435.648] [INFO  ] [Controller] [Joints] FL: +30.236, +28.504, +31.969 ,FR: +31.969, +28.504, +30.236, HL: 30.236, +26.772, +31.969, HR: +28.504, +26.772, +37.165 Max HR-Knee = +37.165 Min HL-HipY = +26.772 
[2025-06-12 17:38:00.358.631] [INFO  ] [Battery] SoC = 98%, Volt = +32.600V, Temp 29 
[2025-06-12 17:38:00.935.648] [INFO  ] [Controller] [Joints] FL: +30.236, +28.504, +31.969 ,FR: +30.236, +28.504, +30.236, HL: 30.236, +26.772, +31.969, HR: +28.504, +26.772, +37.165 Max HR-Knee = +37.165 Min HL-HipY = +26.772 
[2025-06-12 17:38:03.435.647] [INFO  ] [Controller] [Joints] FL: +30.236, +28.504, +31.969 ,FR: +30.236, +28.504, +30.236, HL: 30.236, +26.772, +31.969, HR: +28.504, +26.772, +37.165 Max HR-Knee = +37.165 Min HL-HipY = +26.772 
[2025-06-12 17:38:05.355.017] [INFO  ] [Battery] SoC = 98%, Volt = +32.600V, Temp 29 
[2025-06-12 17:38:05.935.644] [INFO  ] [Controller] [Joints] FL: +30.236, +28.504, +33.701 ,FR: +30.236, +28.504, +30.236, HL: 30.236, +26.772, +31.969, HR: +28.504, +26.772, +37.165 Max HR-Knee = +37.165 Min HL-HipY = +26.772 
[2025-06-12 17:38:08.435.647] [INFO  ] [Controller] [Joints] FL: +30.236, +28.504, +33.701 ,FR: +30.236, +28.504, +30.236, HL: 30.236, +26.772, +31.969, HR: +28.504, +26.772, +37.165 Max HR-Knee = +37.165 Min HL-HipY = +26.772 
[2025-06-12 17:38:10.351.439] [INFO  ] [Battery] SoC = 98%, Volt = +32.600V, Temp 29 
[2025-06-12 17:38:10.935.649] [INFO  ] [Controller] [Joints] FL: +30.236, +28.504, +33.701 ,FR: +30.236, +28.504, +30.236, HL: 28.504, +26.772, +31.969, HR: +28.504, +26.772, +37.165 Max HR-Knee = +37.165 Min HL-HipY = +26.772 
[2025-06-12 17:38:13.435.649] [INFO  ] [Controller] [Joints] FL: +30.236, +28.504, +33.701 ,FR: +30.236, +28.504, +30.236, HL: 28.504, +26.772, +31.969, HR: +28.504, +26.772, +37.165 Max HR-Knee = +37.165 Min HL-HipY = +26.772 
[2025-06-12 17:38:15.347.774] [INFO  ] [Battery] SoC = 98%, Volt = +32.600V, Temp 29 
[2025-06-12 17:38:15.935.649] [INFO  ] [Controller] [Joints] FL: +28.504, +28.504, +33.701 ,FR: +30.236, +28.504, +30.236, HL: 28.504, +26.772, +31.969, HR: +28.504, +26.772, +37.165 Max HR-Knee = +37.165 Min HL-HipY = +26.772 
[2025-06-12 17:38:18.435.648] [INFO  ] [Controller] [Joints] FL: +28.504, +28.504, +33.701 ,FR: +30.236, +28.504, +30.236, HL: 28.504, +26.772, +31.969, HR: +28.504, +26.772, +37.165 Max HR-Knee = +37.165 Min HL-HipY = +26.772 
[2025-06-12 17:38:20.344.145] [INFO  ] [Battery] SoC = 98%, Volt = +32.600V, Temp 29 
[2025-06-12 17:38:20.935.649] [INFO  ] [Controller] [Joints] FL: +28.504, +28.504, +33.701 ,FR: +30.236, +28.504, +30.236, HL: 28.504, +26.772, +31.969, HR: +28.504, +26.772, +37.165 Max HR-Knee = +37.165 Min HL-HipY = +26.772 
[2025-06-12 17:38:23.435.650] [INFO  ] [Controller] [Joints] FL: +28.504, +28.504, +33.701 ,FR: +30.236, +28.504, +30.236, HL: 28.504, +26.772, +31.969, HR: +28.504, +26.772, +37.165 Max HR-Knee = +37.165 Min HL-HipY = +26.772 
[2025-06-12 17:38:25.340.451] [INFO  ] [Battery] SoC = 98%, Volt = +32.600V, Temp 29 
[2025-06-12 17:38:25.935.645] [INFO  ] [Controller] [Joints] FL: +28.504, +28.504, +33.701 ,FR: +30.236, +28.504, +30.236, HL: 28.504, +26.772, +31.969, HR: +28.504, +26.772, +37.165 Max HR-Knee = +37.165 Min HL-HipY = +26.772 
[2025-06-12 17:38:28.435.646] [INFO  ] [Controller] [Joints] FL: +28.504, +28.504, +33.701 ,FR: +30.236, +28.504, +30.236, HL: 28.504, +26.772, +31.969, HR: +28.504, +26.772, +37.165 Max HR-Knee = +37.165 Min HL-HipY = +26.772 
[2025-06-12 17:38:30.336.882] [INFO  ] [Battery] SoC = 97%, Volt = +32.600V, Temp 29 
[2025-06-12 17:38:30.935.645] [INFO  ] [Controller] [Joints] FL: +28.504, +28.504, +33.701 ,FR: +30.236, +28.504, +30.236, HL: 28.504, +26.772, +31.969, HR: +28.504, +26.772, +37.165 Max HR-Knee = +37.165 Min HL-HipY = +26.772 
[2025-06-12 17:38:33.435.638] [INFO  ] [Controller] [Joints] FL: +28.504, +28.504, +33.701 ,FR: +30.236, +28.504, +30.236, HL: 28.504, +26.772, +31.969, HR: +28.504, +26.772, +38.898 Max HR-Knee = +38.898 Min HL-HipY = +26.772 
[2025-06-12 17:38:35.333.262] [INFO  ] [Battery] SoC = 97%, Volt = +32.600V, Temp 29 
[2025-06-12 17:38:35.935.645] [INFO  ] [Controller] [Joints] FL: +28.504, +28.504, +33.701 ,FR: +30.236, +28.504, +30.236, HL: 28.504, +26.772, +31.969, HR: +28.504, +26.772, +38.898 Max HR-Knee = +38.898 Min HL-HipY = +26.772 
[2025-06-12 17:38:38.435.644] [INFO  ] [Controller] [Joints] FL: +28.504, +28.504, +33.701 ,FR: +30.236, +28.504, +30.236, HL: 28.504, +26.772, +31.969, HR: +28.504, +26.772, +38.898 Max HR-Knee = +38.898 Min HL-HipY = +26.772 
[2025-06-12 17:38:40.329.617] [INFO  ] [Battery] SoC = 97%, Volt = +32.600V, Temp 29 
[2025-06-12 17:38:40.935.645] [INFO  ] [Controller] [Joints] FL: +28.504, +28.504, +33.701 ,FR: +30.236, +28.504, +30.236, HL: 28.504, +26.772, +31.969, HR: +28.504, +26.772, +38.898 Max HR-Knee = +38.898 Min HL-HipY = +26.772 
[2025-06-12 17:38:43.435.646] [INFO  ] [Controller] [Joints] FL: +28.504, +28.504, +33.701 ,FR: +30.236, +28.504, +30.236, HL: 28.504, +26.772, +31.969, HR: +28.504, +26.772, +38.898 Max HR-Knee = +38.898 Min HL-HipY = +26.772 
[2025-06-12 17:38:45.325.924] [INFO  ] [Battery] SoC = 97%, Volt = +32.600V, Temp 29 
[2025-06-12 17:38:45.935.647] [INFO  ] [Controller] [Joints] FL: +28.504, +28.504, +33.701 ,FR: +30.236, +28.504, +30.236, HL: 28.504, +26.772, +31.969, HR: +28.504, +26.772, +38.898 Max HR-Knee = +38.898 Min HL-HipY = +26.772 
[2025-06-12 17:38:48.435.647] [INFO  ] [Controller] [Joints] FL: +28.504, +28.504, +33.701 ,FR: +30.236, +28.504, +30.236, HL: 28.504, +26.772, +31.969, HR: +28.504, +26.772, +38.898 Max HR-Knee = +38.898 Min HL-HipY = +26.772 
[2025-06-12 17:38:50.322.134] [INFO  ] [Battery] SoC = 97%, Volt = +32.600V, Temp 29 
[2025-06-12 17:38:50.935.647] [INFO  ] [Controller] [Joints] FL: +28.504, +28.504, +33.701 ,FR: +30.236, +28.504, +30.236, HL: 28.504, +26.772, +31.969, HR: +28.504, +26.772, +38.898 Max HR-Knee = +38.898 Min HL-HipY = +26.772 
[2025-06-12 17:38:53.435.649] [INFO  ] [Controller] [Joints] FL: +28.504, +28.504, +33.701 ,FR: +30.236, +28.504, +30.236, HL: 30.236, +26.772, +31.969, HR: +28.504, +26.772, +38.898 Max HR-Knee = +38.898 Min HL-HipY = +26.772 
[2025-06-12 17:38:55.318.383] [INFO  ] [Battery] SoC = 97%, Volt = +32.600V, Temp 29 
[2025-06-12 17:38:55.935.652] [INFO  ] [Controller] [Joints] FL: +28.504, +28.504, +33.701 ,FR: +30.236, +28.504, +30.236, HL: 30.236, +26.772, +31.969, HR: +28.504, +26.772, +38.898 Max HR-Knee = +38.898 Min HL-HipY = +26.772 
[2025-06-12 17:38:58.435.651] [INFO  ] [Controller] [Joints] FL: +28.504, +28.504, +33.701 ,FR: +30.236, +28.504, +30.236, HL: 30.236, +26.772, +31.969, HR: +28.504, +26.772, +38.898 Max HR-Knee = +38.898 Min HL-HipY = +26.772 
[2025-06-12 17:39:00.314.621] [INFO  ] [Battery] SoC = 97%, Volt = +32.600V, Temp 29 
[2025-06-12 17:39:00.935.647] [INFO  ] [Controller] [Joints] FL: +28.504, +28.504, +33.701 ,FR: +30.236, +28.504, +30.236, HL: 30.236, +26.772, +31.969, HR: +28.504, +26.772, +38.898 Max HR-Knee = +38.898 Min HL-HipY = +26.772 
[2025-06-12 17:39:03.435.643] [INFO  ] [Controller] [Joints] FL: +28.504, +28.504, +33.701 ,FR: +30.236, +28.504, +30.236, HL: 30.236, +26.772, +31.969, HR: +30.236, +26.772, +38.898 Max HR-Knee = +38.898 Min HL-HipY = +26.772 
[2025-06-12 17:39:05.311.015] [INFO  ] [Battery] SoC = 97%, Volt = +32.600V, Temp 29 
[2025-06-12 17:39:05.935.645] [INFO  ] [Controller] [Joints] FL: +28.504, +28.504, +33.701 ,FR: +30.236, +28.504, +30.236, HL: 30.236, +26.772, +31.969, HR: +30.236, +26.772, +38.898 Max HR-Knee = +38.898 Min HL-HipY = +26.772 
[2025-06-12 17:39:08.435.645] [INFO  ] [Controller] [Joints] FL: +28.504, +28.504, +33.701 ,FR: +30.236, +28.504, +30.236, HL: 30.236, +26.772, +31.969, HR: +30.236, +26.772, +38.898 Max HR-Knee = +38.898 Min HL-HipY = +26.772 
[2025-06-12 17:39:09.040.656] [INFO  ] [TVMPC] JY is Moving... (tvmpc),  time: 323.921339 
[2025-06-12 17:39:10.307.423] [INFO  ] [Battery] SoC = 97%, Volt = +32.500V, Temp 29 
[2025-06-12 17:39:10.935.639] [INFO  ] [Controller] [Joints] FL: +30.236, +28.504, +33.701 ,FR: +30.236, +28.504, +30.236, HL: 30.236, +26.772, +31.969, HR: +30.236, +26.772, +38.898 Max HR-Knee = +38.898 Min HL-HipY = +26.772 
[2025-06-12 17:39:13.435.640] [INFO  ] [Controller] [Joints] FL: +30.236, +28.504, +33.701 ,FR: +30.236, +28.504, +30.236, HL: 30.236, +26.772, +31.969, HR: +30.236, +26.772, +38.898 Max HR-Knee = +38.898 Min HL-HipY = +26.772 
[2025-06-12 17:39:13.541.040] [INFO  ] [TVMPC] [trot]STOP!!! 
[2025-06-12 17:39:13.541.624] [INFO  ] [BasicMotion] Switching to force control mode, please wait... 
[2025-06-12 17:39:15.303.915] [INFO  ] [Battery] SoC = 97%, Volt = +32.500V, Temp 29 
[2025-06-12 17:39:15.935.645] [INFO  ] [Controller] [Joints] FL: +30.236, +28.504, +33.701 ,FR: +30.236, +28.504, +30.236, HL: 30.236, +26.772, +33.701, HR: +30.236, +26.772, +40.630 Max HR-Knee = +40.630 Min HL-HipY = +26.772 
[2025-06-12 17:39:18.435.645] [INFO  ] [Controller] [Joints] FL: +30.236, +28.504, +33.701 ,FR: +31.969, +28.504, +30.236, HL: 30.236, +26.772, +33.701, HR: +30.236, +26.772, +38.898 Max HR-Knee = +38.898 Min HL-HipY = +26.772 
[2025-06-12 17:39:20.300.469] [INFO  ] [Battery] SoC = 97%, Volt = +32.500V, Temp 29 
[2025-06-12 17:39:20.935.646] [INFO  ] [Controller] [Joints] FL: +30.236, +28.504, +33.701 ,FR: +31.969, +28.504, +30.236, HL: 30.236, +26.772, +33.701, HR: +31.969, +26.772, +38.898 Max HR-Knee = +38.898 Min HL-HipY = +26.772 
[2025-06-12 17:39:23.435.646] [INFO  ] [Controller] [Joints] FL: +30.236, +28.504, +33.701 ,FR: +31.969, +28.504, +31.969, HL: 30.236, +26.772, +33.701, HR: +31.969, +26.772, +38.898 Max HR-Knee = +38.898 Min HL-HipY = +26.772 
[2025-06-12 17:39:25.297.060] [INFO  ] [Battery] SoC = 97%, Volt = +32.500V, Temp 29 
[2025-06-12 17:39:25.935.645] [INFO  ] [Controller] [Joints] FL: +30.236, +28.504, +33.701 ,FR: +30.236, +28.504, +31.969, HL: 30.236, +26.772, +35.433, HR: +31.969, +26.772, +38.898 Max HR-Knee = +38.898 Min HL-HipY = +26.772 
[2025-06-12 17:39:28.435.645] [INFO  ] [Controller] [Joints] FL: +30.236, +28.504, +33.701 ,FR: +30.236, +28.504, +31.969, HL: 30.236, +26.772, +35.433, HR: +33.701, +26.772, +37.165 Max HR-Knee = +37.165 Min HL-HipY = +26.772 
[2025-06-12 17:39:30.293.611] [INFO  ] [Battery] SoC = 97%, Volt = +32.500V, Temp 29 
[2025-06-12 17:39:30.935.646] [INFO  ] [Controller] [Joints] FL: +30.236, +28.504, +33.701 ,FR: +30.236, +28.504, +31.969, HL: 30.236, +26.772, +35.433, HR: +33.701, +26.772, +37.165 Max HR-Knee = +37.165 Min HL-HipY = +26.772 
[2025-06-12 17:39:33.435.645] [INFO  ] [Controller] [Joints] FL: +31.969, +28.504, +33.701 ,FR: +30.236, +28.504, +31.969, HL: 30.236, +26.772, +35.433, HR: +33.701, +26.772, +37.165 Max HR-Knee = +37.165 Min HL-HipY = +26.772 
[2025-06-12 17:39:35.290.198] [INFO  ] [Battery] SoC = 97%, Volt = +32.500V, Temp 29 
[2025-06-12 17:39:35.935.647] [INFO  ] [Controller] [Joints] FL: +31.969, +28.504, +33.701 ,FR: +30.236, +28.504, +31.969, HL: 30.236, +26.772, +37.165, HR: +35.433, +26.772, +37.165 Max HL-Knee = +37.165 Min HL-HipY = +26.772 
[2025-06-12 17:39:38.435.646] [INFO  ] [Controller] [Joints] FL: +31.969, +28.504, +33.701 ,FR: +30.236, +28.504, +31.969, HL: 30.236, +26.772, +37.165, HR: +35.433, +26.772, +37.165 Max HL-Knee = +37.165 Min HL-HipY = +26.772 
[2025-06-12 17:39:40.286.693] [INFO  ] [Battery] SoC = 97%, Volt = +32.500V, Temp 29 
[2025-06-12 17:39:40.935.647] [INFO  ] [Controller] [Joints] FL: +31.969, +28.504, +31.969 ,FR: +30.236, +28.504, +31.969, HL: 30.236, +26.772, +37.165, HR: +35.433, +26.772, +37.165 Max HL-Knee = +37.165 Min HL-HipY = +26.772 
[2025-06-12 17:39:43.435.648] [INFO  ] [Controller] [Joints] FL: +31.969, +28.504, +31.969 ,FR: +30.236, +28.504, +31.969, HL: 30.236, +26.772, +37.165, HR: +35.433, +26.772, +37.165 Max HL-Knee = +37.165 Min HL-HipY = +26.772 
[2025-06-12 17:39:45.283.242] [INFO  ] [Battery] SoC = 96%, Volt = +32.500V, Temp 29 
[2025-06-12 17:39:45.935.647] [INFO  ] [Controller] [Joints] FL: +31.969, +28.504, +31.969 ,FR: +30.236, +28.504, +31.969, HL: 30.236, +26.772, +37.165, HR: +37.165, +26.772, +35.433 Max HL-Knee = +37.165 Min HL-HipY = +26.772 
[2025-06-12 17:39:48.435.646] [INFO  ] [Controller] [Joints] FL: +31.969, +28.504, +31.969 ,FR: +30.236, +28.504, +31.969, HL: 30.236, +26.772, +37.165, HR: +37.165, +26.772, +35.433 Max HL-Knee = +37.165 Min HL-HipY = +26.772 
[2025-06-12 17:39:50.279.741] [INFO  ] [Battery] SoC = 96%, Volt = +32.500V, Temp 29 
[2025-06-12 17:39:50.935.645] [INFO  ] [Controller] [Joints] FL: +31.969, +28.504, +31.969 ,FR: +30.236, +28.504, +31.969, HL: 30.236, +26.772, +38.898, HR: +37.165, +26.772, +35.433 Max HL-Knee = +38.898 Min HL-HipY = +26.772 
[2025-06-12 17:39:53.435.649] [INFO  ] [Controller] [Joints] FL: +31.969, +28.504, +31.969 ,FR: +30.236, +28.504, +33.701, HL: 30.236, +26.772, +38.898, HR: +37.165, +26.772, +35.433 Max HL-Knee = +38.898 Min HL-HipY = +26.772 
[2025-06-12 17:39:55.276.136] [INFO  ] [Battery] SoC = 96%, Volt = +32.500V, Temp 29 
[2025-06-12 17:39:55.935.646] [INFO  ] [Controller] [Joints] FL: +31.969, +28.504, +31.969 ,FR: +30.236, +28.504, +33.701, HL: 30.236, +26.772, +38.898, HR: +37.165, +26.772, +35.433 Max HL-Knee = +38.898 Min HL-HipY = +26.772 
[2025-06-12 17:39:58.435.646] [INFO  ] [Controller] [Joints] FL: +31.969, +28.504, +31.969 ,FR: +30.236, +28.504, +33.701, HL: 30.236, +26.772, +38.898, HR: +37.165, +26.772, +35.433 Max HL-Knee = +38.898 Min HL-HipY = +26.772 
[2025-06-12 17:40:00.272.551] [INFO  ] [Battery] SoC = 96%, Volt = +32.500V, Temp 29 
[2025-06-12 17:40:00.935.648] [INFO  ] [Controller] [Joints] FL: +31.969, +28.504, +31.969 ,FR: +30.236, +28.504, +33.701, HL: 31.969, +26.772, +38.898, HR: +38.898, +26.772, +35.433 Max HL-Knee = +38.898 Min HL-HipY = +26.772 
[2025-06-12 17:40:03.435.649] [INFO  ] [Controller] [Joints] FL: +31.969, +28.504, +31.969 ,FR: +30.236, +28.504, +33.701, HL: 31.969, +26.772, +38.898, HR: +38.898, +26.772, +35.433 Max HL-Knee = +38.898 Min HL-HipY = +26.772 
[2025-06-12 17:40:05.269.064] [INFO  ] [Battery] SoC = 96%, Volt = +32.500V, Temp 29 
[2025-06-12 17:40:05.935.650] [INFO  ] [Controller] [Joints] FL: +31.969, +28.504, +31.969 ,FR: +30.236, +28.504, +33.701, HL: 31.969, +26.772, +38.898, HR: +38.898, +26.772, +35.433 Max HL-Knee = +38.898 Min HL-HipY = +26.772 
[2025-06-12 17:40:08.435.647] [INFO  ] [Controller] [Joints] FL: +31.969, +28.504, +31.969 ,FR: +30.236, +28.504, +33.701, HL: 31.969, +26.772, +38.898, HR: +38.898, +26.772, +35.433 Max HL-Knee = +38.898 Min HL-HipY = +26.772 
[2025-06-12 17:40:10.265.570] [INFO  ] [Battery] SoC = 96%, Volt = +32.500V, Temp 29 
[2025-06-12 17:40:10.935.647] [INFO  ] [Controller] [Joints] FL: +31.969, +28.504, +31.969 ,FR: +30.236, +28.504, +33.701, HL: 31.969, +28.504, +38.898, HR: +38.898, +26.772, +35.433 Max HL-Knee = +38.898 Min HR-HipY = +26.772 
[2025-06-12 17:40:13.435.650] [INFO  ] [Controller] [Joints] FL: +31.969, +28.504, +31.969 ,FR: +30.236, +28.504, +33.701, HL: 31.969, +28.504, +38.898, HR: +38.898, +26.772, +35.433 Max HL-Knee = +38.898 Min HR-HipY = +26.772 
[2025-06-12 17:40:15.262.173] [INFO  ] [Battery] SoC = 96%, Volt = +32.500V, Temp 29 
[2025-06-12 17:40:15.935.650] [INFO  ] [Controller] [Joints] FL: +31.969, +28.504, +31.969 ,FR: +30.236, +28.504, +33.701, HL: 31.969, +28.504, +38.898, HR: +38.898, +26.772, +35.433 Max HL-Knee = +38.898 Min HR-HipY = +26.772 
[2025-06-12 17:40:18.435.645] [INFO  ] [Controller] [Joints] FL: +31.969, +28.504, +31.969 ,FR: +30.236, +28.504, +33.701, HL: 31.969, +28.504, +38.898, HR: +38.898, +26.772, +35.433 Max HL-Knee = +38.898 Min HR-HipY = +26.772 
[2025-06-12 17:40:20.258.453] [INFO  ] [Battery] SoC = 96%, Volt = +32.500V, Temp 29 
[2025-06-12 17:40:20.935.647] [INFO  ] [Controller] [Joints] FL: +31.969, +28.504, +31.969 ,FR: +30.236, +28.504, +33.701, HL: 31.969, +28.504, +38.898, HR: +38.898, +26.772, +35.433 Max HL-Knee = +38.898 Min HR-HipY = +26.772 
[2025-06-12 17:40:23.435.644] [INFO  ] [Controller] [Joints] FL: +31.969, +28.504, +31.969 ,FR: +30.236, +28.504, +33.701, HL: 31.969, +28.504, +38.898, HR: +38.898, +26.772, +35.433 Max HL-Knee = +38.898 Min HR-HipY = +26.772 
[2025-06-12 17:40:25.254.854] [INFO  ] [Battery] SoC = 96%, Volt = +32.500V, Temp 29 
[2025-06-12 17:40:25.935.644] [INFO  ] [Controller] [Joints] FL: +31.969, +28.504, +31.969 ,FR: +30.236, +28.504, +33.701, HL: 31.969, +28.504, +38.898, HR: +38.898, +26.772, +35.433 Max HL-Knee = +38.898 Min HR-HipY = +26.772 
[2025-06-12 17:40:28.435.646] [INFO  ] [Controller] [Joints] FL: +31.969, +28.504, +31.969 ,FR: +30.236, +28.504, +33.701, HL: 31.969, +28.504, +38.898, HR: +40.630, +26.772, +35.433 Max HR-HipX = +40.630 Min HR-HipY = +26.772 
[2025-06-12 17:40:30.251.289] [INFO  ] [Battery] SoC = 96%, Volt = +32.500V, Temp 29 
[2025-06-12 17:40:30.935.646] [INFO  ] [Controller] [Joints] FL: +31.969, +28.504, +31.969 ,FR: +30.236, +28.504, +33.701, HL: 31.969, +28.504, +38.898, HR: +40.630, +26.772, +35.433 Max HR-HipX = +40.630 Min HR-HipY = +26.772 
[2025-06-12 17:40:33.435.646] [INFO  ] [Controller] [Joints] FL: +31.969, +28.504, +31.969 ,FR: +30.236, +28.504, +33.701, HL: 31.969, +28.504, +38.898, HR: +40.630, +26.772, +35.433 Max HR-HipX = +40.630 Min HR-HipY = +26.772 
[2025-06-12 17:40:35.247.758] [INFO  ] [Battery] SoC = 96%, Volt = +32.500V, Temp 29 
[2025-06-12 17:40:35.935.646] [INFO  ] [Controller] [Joints] FL: +31.969, +28.504, +31.969 ,FR: +30.236, +28.504, +33.701, HL: 31.969, +28.504, +38.898, HR: +40.630, +26.772, +35.433 Max HR-HipX = +40.630 Min HR-HipY = +26.772 
[2025-06-12 17:40:38.435.646] [INFO  ] [Controller] [Joints] FL: +31.969, +28.504, +31.969 ,FR: +30.236, +28.504, +33.701, HL: 31.969, +28.504, +38.898, HR: +40.630, +26.772, +35.433 Max HR-HipX = +40.630 Min HR-HipY = +26.772 
[2025-06-12 17:40:40.244.306] [INFO  ] [Battery] SoC = 96%, Volt = +32.500V, Temp 29 
[2025-06-12 17:40:40.935.651] [INFO  ] [Controller] [Joints] FL: +31.969, +28.504, +31.969 ,FR: +30.236, +28.504, +33.701, HL: 31.969, +28.504, +38.898, HR: +40.630, +26.772, +35.433 Max HR-HipX = +40.630 Min HR-HipY = +26.772 
[2025-06-12 17:40:43.435.654] [INFO  ] [Controller] [Joints] FL: +31.969, +28.504, +31.969 ,FR: +30.236, +28.504, +33.701, HL: 31.969, +28.504, +38.898, HR: +40.630, +26.772, +35.433 Max HR-HipX = +40.630 Min HR-HipY = +26.772 
[2025-06-12 17:40:45.240.828] [INFO  ] [Battery] SoC = 96%, Volt = +32.500V, Temp 29 
[2025-06-12 17:40:45.935.665] [INFO  ] [Controller] [Joints] FL: +31.969, +28.504, +31.969 ,FR: +30.236, +28.504, +33.701, HL: 31.969, +28.504, +38.898, HR: +40.630, +26.772, +35.433 Max HR-HipX = +40.630 Min HR-HipY = +26.772 
[2025-06-12 17:40:48.435.652] [INFO  ] [Controller] [Joints] FL: +31.969, +28.504, +31.969 ,FR: +30.236, +28.504, +33.701, HL: 31.969, +28.504, +38.898, HR: +40.630, +26.772, +35.433 Max HR-HipX = +40.630 Min HR-HipY = +26.772 
[2025-06-12 17:40:50.237.312] [INFO  ] [Battery] SoC = 96%, Volt = +32.500V, Temp 29 
[2025-06-12 17:40:50.935.650] [INFO  ] [Controller] [Joints] FL: +31.969, +28.504, +31.969 ,FR: +30.236, +28.504, +33.701, HL: 31.969, +28.504, +38.898, HR: +40.630, +26.772, +35.433 Max HR-HipX = +40.630 Min HR-HipY = +26.772 
[2025-06-12 17:40:53.435.651] [INFO  ] [Controller] [Joints] FL: +33.701, +28.504, +31.969 ,FR: +30.236, +28.504, +33.701, HL: 31.969, +28.504, +38.898, HR: +40.630, +26.772, +35.433 Max HR-HipX = +40.630 Min HR-HipY = +26.772 
[2025-06-12 17:40:55.233.785] [INFO  ] [Battery] SoC = 96%, Volt = +32.500V, Temp 29 
[2025-06-12 17:40:55.935.644] [INFO  ] [Controller] [Joints] FL: +33.701, +28.504, +31.969 ,FR: +30.236, +28.504, +33.701, HL: 31.969, +28.504, +38.898, HR: +40.630, +26.772, +35.433 Max HR-HipX = +40.630 Min HR-HipY = +26.772 
[2025-06-12 17:40:58.435.649] [INFO  ] [Controller] [Joints] FL: +31.969, +28.504, +31.969 ,FR: +30.236, +28.504, +33.701, HL: 31.969, +28.504, +38.898, HR: +40.630, +26.772, +35.433 Max HR-HipX = +40.630 Min HR-HipY = +26.772 
[2025-06-12 17:41:00.230.201] [INFO  ] [Battery] SoC = 96%, Volt = +32.400V, Temp 29 
[2025-06-12 17:41:00.935.646] [INFO  ] [Controller] [Joints] FL: +33.701, +28.504, +31.969 ,FR: +30.236, +28.504, +33.701, HL: 31.969, +28.504, +38.898, HR: +40.630, +26.772, +35.433 Max HR-HipX = +40.630 Min HR-HipY = +26.772 
[2025-06-12 17:41:03.435.645] [INFO  ] [Controller] [Joints] FL: +33.701, +28.504, +31.969 ,FR: +30.236, +28.504, +33.701, HL: 31.969, +28.504, +38.898, HR: +40.630, +26.772, +35.433 Max HR-HipX = +40.630 Min HR-HipY = +26.772 
[2025-06-12 17:41:05.226.459] [INFO  ] [Battery] SoC = 95%, Volt = +32.400V, Temp 29 
[2025-06-12 17:41:05.935.645] [INFO  ] [Controller] [Joints] FL: +33.701, +28.504, +31.969 ,FR: +30.236, +28.504, +33.701, HL: 31.969, +28.504, +38.898, HR: +40.630, +26.772, +35.433 Max HR-HipX = +40.630 Min HR-HipY = +26.772 
[2025-06-12 17:41:08.435.645] [INFO  ] [Controller] [Joints] FL: +33.701, +28.504, +31.969 ,FR: +30.236, +28.504, +33.701, HL: 31.969, +28.504, +38.898, HR: +40.630, +26.772, +35.433 Max HR-HipX = +40.630 Min HR-HipY = +26.772 
[2025-06-12 17:41:10.222.782] [INFO  ] [Battery] SoC = 95%, Volt = +32.400V, Temp 29 
[2025-06-12 17:41:10.935.645] [INFO  ] [Controller] [Joints] FL: +33.701, +28.504, +31.969 ,FR: +30.236, +28.504, +33.701, HL: 31.969, +28.504, +38.898, HR: +40.630, +26.772, +35.433 Max HR-HipX = +40.630 Min HR-HipY = +26.772 
[2025-06-12 17:41:13.435.646] [INFO  ] [Controller] [Joints] FL: +33.701, +28.504, +31.969 ,FR: +30.236, +28.504, +33.701, HL: 31.969, +28.504, +38.898, HR: +40.630, +26.772, +37.165 Max HR-HipX = +40.630 Min HR-HipY = +26.772 
[2025-06-12 17:41:15.219.183] [INFO  ] [Battery] SoC = 95%, Volt = +32.400V, Temp 29 
[2025-06-12 17:41:15.935.646] [INFO  ] [Controller] [Joints] FL: +33.701, +28.504, +31.969 ,FR: +30.236, +28.504, +33.701, HL: 31.969, +28.504, +38.898, HR: +40.630, +26.772, +37.165 Max HR-HipX = +40.630 Min HR-HipY = +26.772 
[2025-06-12 17:41:18.435.647] [INFO  ] [Controller] [Joints] FL: +33.701, +28.504, +31.969 ,FR: +30.236, +28.504, +33.701, HL: 31.969, +28.504, +38.898, HR: +40.630, +26.772, +37.165 Max HR-HipX = +40.630 Min HR-HipY = +26.772 
[2025-06-12 17:41:20.215.408] [INFO  ] [Battery] SoC = 95%, Volt = +32.400V, Temp 29 
[2025-06-12 17:41:20.935.645] [INFO  ] [Controller] [Joints] FL: +33.701, +28.504, +31.969 ,FR: +30.236, +28.504, +33.701, HL: 31.969, +28.504, +40.630, HR: +40.630, +26.772, +37.165 Max HL-Knee = +40.630 Min HR-HipY = +26.772 
[2025-06-12 17:41:23.435.644] [INFO  ] [Controller] [Joints] FL: +33.701, +28.504, +31.969 ,FR: +30.236, +28.504, +33.701, HL: 31.969, +28.504, +40.630, HR: +40.630, +26.772, +37.165 Max HL-Knee = +40.630 Min HR-HipY = +26.772 
[2025-06-12 17:41:25.211.549] [INFO  ] [Battery] SoC = 95%, Volt = +32.400V, Temp 29 
[2025-06-12 17:41:25.935.646] [INFO  ] [Controller] [Joints] FL: +33.701, +28.504, +31.969 ,FR: +30.236, +28.504, +33.701, HL: 31.969, +28.504, +40.630, HR: +40.630, +26.772, +37.165 Max HL-Knee = +40.630 Min HR-HipY = +26.772 
[2025-06-12 17:41:28.435.646] [INFO  ] [Controller] [Joints] FL: +33.701, +28.504, +31.969 ,FR: +30.236, +28.504, +33.701, HL: 31.969, +28.504, +40.630, HR: +42.362, +26.772, +37.165 Max HR-HipX = +42.362 Min HR-HipY = +26.772 
[2025-06-12 17:41:30.207.737] [INFO  ] [Battery] SoC = 95%, Volt = +32.400V, Temp 29 
[2025-06-12 17:41:30.935.647] [INFO  ] [Controller] [Joints] FL: +33.701, +28.504, +31.969 ,FR: +30.236, +28.504, +33.701, HL: 31.969, +28.504, +40.630, HR: +42.362, +26.772, +37.165 Max HR-HipX = +42.362 Min HR-HipY = +26.772 
[2025-06-12 17:41:33.435.649] [INFO  ] [Controller] [Joints] FL: +33.701, +28.504, +31.969 ,FR: +30.236, +28.504, +33.701, HL: 31.969, +28.504, +40.630, HR: +42.362, +26.772, +37.165 Max HR-HipX = +42.362 Min HR-HipY = +26.772 
[2025-06-12 17:41:35.203.913] [INFO  ] [Battery] SoC = 95%, Volt = +32.400V, Temp 29 
[2025-06-12 17:41:35.935.649] [INFO  ] [Controller] [Joints] FL: +33.701, +28.504, +31.969 ,FR: +30.236, +28.504, +33.701, HL: 31.969, +28.504, +40.630, HR: +42.362, +26.772, +37.165 Max HR-HipX = +42.362 Min HR-HipY = +26.772 
[2025-06-12 17:41:38.435.649] [INFO  ] [Controller] [Joints] FL: +33.701, +28.504, +31.969 ,FR: +30.236, +28.504, +33.701, HL: 33.701, +28.504, +40.630, HR: +42.362, +26.772, +37.165 Max HR-HipX = +42.362 Min HR-HipY = +26.772 
[2025-06-12 17:41:40.199.952] [INFO  ] [Battery] SoC = 95%, Volt = +32.400V, Temp 29 
[2025-06-12 17:41:40.935.649] [INFO  ] [Controller] [Joints] FL: +33.701, +28.504, +31.969 ,FR: +30.236, +28.504, +33.701, HL: 33.701, +28.504, +40.630, HR: +42.362, +26.772, +37.165 Max HR-HipX = +42.362 Min HR-HipY = +26.772 
[2025-06-12 17:41:43.435.649] [INFO  ] [Controller] [Joints] FL: +33.701, +28.504, +31.969 ,FR: +30.236, +28.504, +33.701, HL: 33.701, +28.504, +40.630, HR: +42.362, +26.772, +37.165 Max HR-HipX = +42.362 Min HR-HipY = +26.772 
[2025-06-12 17:41:45.196.051] [INFO  ] [Battery] SoC = 95%, Volt = +32.400V, Temp 29 
[2025-06-12 17:41:45.935.648] [INFO  ] [Controller] [Joints] FL: +33.701, +28.504, +31.969 ,FR: +30.236, +28.504, +33.701, HL: 33.701, +28.504, +40.630, HR: +42.362, +26.772, +37.165 Max HR-HipX = +42.362 Min HR-HipY = +26.772 
[2025-06-12 17:41:48.435.647] [INFO  ] [Controller] [Joints] FL: +33.701, +28.504, +31.969 ,FR: +30.236, +28.504, +33.701, HL: 33.701, +28.504, +40.630, HR: +42.362, +26.772, +37.165 Max HR-HipX = +42.362 Min HR-HipY = +26.772 
[2025-06-12 17:41:50.192.231] [INFO  ] [Battery] SoC = 95%, Volt = +32.400V, Temp 29 
[2025-06-12 17:41:50.935.646] [INFO  ] [Controller] [Joints] FL: +33.701, +28.504, +31.969 ,FR: +30.236, +28.504, +33.701, HL: 33.701, +28.504, +40.630, HR: +42.362, +26.772, +37.165 Max HR-HipX = +42.362 Min HR-HipY = +26.772 
[2025-06-12 17:41:53.435.649] [INFO  ] [Controller] [Joints] FL: +33.701, +28.504, +31.969 ,FR: +30.236, +28.504, +33.701, HL: 33.701, +28.504, +40.630, HR: +42.362, +26.772, +37.165 Max HR-HipX = +42.362 Min HR-HipY = +26.772 
[2025-06-12 17:41:55.188.373] [INFO  ] [Battery] SoC = 95%, Volt = +32.400V, Temp 29 
[2025-06-12 17:41:55.935.646] [INFO  ] [Controller] [Joints] FL: +33.701, +28.504, +31.969 ,FR: +30.236, +28.504, +33.701, HL: 33.701, +28.504, +40.630, HR: +42.362, +26.772, +37.165 Max HR-HipX = +42.362 Min HR-HipY = +26.772 
[2025-06-12 17:41:58.435.651] [INFO  ] [Controller] [Joints] FL: +33.701, +28.504, +31.969 ,FR: +30.236, +28.504, +33.701, HL: 33.701, +28.504, +40.630, HR: +42.362, +26.772, +37.165 Max HR-HipX = +42.362 Min HR-HipY = +26.772 
[2025-06-12 17:42:00.184.481] [INFO  ] [Battery] SoC = 95%, Volt = +32.400V, Temp 29 
[2025-06-12 17:42:00.935.649] [INFO  ] [Controller] [Joints] FL: +33.701, +28.504, +31.969 ,FR: +30.236, +28.504, +33.701, HL: 33.701, +28.504, +40.630, HR: +42.362, +26.772, +37.165 Max HR-HipX = +42.362 Min HR-HipY = +26.772 
[2025-06-12 17:42:01.602.659] [INFO  ] [TVMPC] JY is Moving... (tvmpc),  time: 496.483339 
[2025-06-12 17:42:03.435.640] [INFO  ] [Controller] [Joints] FL: +33.701, +28.504, +31.969 ,FR: +31.969, +28.504, +33.701, HL: 33.701, +28.504, +40.630, HR: +42.362, +26.772, +37.165 Max HR-HipX = +42.362 Min HR-HipY = +26.772 
[2025-06-12 17:42:05.180.655] [INFO  ] [Battery] SoC = 95%, Volt = +32.400V, Temp 29 
[2025-06-12 17:42:05.203.041] [INFO  ] [TVMPC] [trot]STOP!!! 
[2025-06-12 17:42:05.203.625] [INFO  ] [BasicMotion] Switching to force control mode, please wait... 
[2025-06-12 17:42:05.935.649] [INFO  ] [Controller] [Joints] FL: +33.701, +28.504, +31.969 ,FR: +31.969, +28.504, +33.701, HL: 33.701, +28.504, +40.630, HR: +42.362, +26.772, +37.165 Max HR-HipX = +42.362 Min HR-HipY = +26.772 
[2025-06-12 17:42:08.435.648] [INFO  ] [Controller] [Joints] FL: +33.701, +28.504, +31.969 ,FR: +31.969, +28.504, +35.433, HL: 33.701, +28.504, +40.630, HR: +42.362, +26.772, +37.165 Max HR-HipX = +42.362 Min HR-HipY = +26.772 
[2025-06-12 17:42:10.176.920] [INFO  ] [Battery] SoC = 95%, Volt = +32.400V, Temp 29 
[2025-06-12 17:42:10.935.645] [INFO  ] [Controller] [Joints] FL: +33.701, +28.504, +31.969 ,FR: +31.969, +28.504, +35.433, HL: 33.701, +28.504, +40.630, HR: +40.630, +26.772, +37.165 Max HL-Knee = +40.630 Min HR-HipY = +26.772 
[2025-06-12 17:42:13.435.648] [INFO  ] [Controller] [Joints] FL: +33.701, +28.504, +31.969 ,FR: +31.969, +28.504, +35.433, HL: 33.701, +28.504, +40.630, HR: +40.630, +26.772, +37.165 Max HL-Knee = +40.630 Min HR-HipY = +26.772 
[2025-06-12 17:42:15.173.134] [INFO  ] [Battery] SoC = 95%, Volt = +32.400V, Temp 29 
[2025-06-12 17:42:15.935.643] [INFO  ] [Controller] [Joints] FL: +33.701, +28.504, +31.969 ,FR: +31.969, +28.504, +35.433, HL: 33.701, +28.504, +38.898, HR: +40.630, +26.772, +37.165 Max HR-HipX = +40.630 Min HR-HipY = +26.772 
[2025-06-12 17:42:18.435.644] [INFO  ] [Controller] [Joints] FL: +33.701, +28.504, +31.969 ,FR: +31.969, +28.504, +35.433, HL: 33.701, +28.504, +38.898, HR: +40.630, +26.772, +37.165 Max HR-HipX = +40.630 Min HR-HipY = +26.772 
[2025-06-12 17:42:20.169.209] [INFO  ] [Battery] SoC = 95%, Volt = +32.400V, Temp 29 
[2025-06-12 17:42:20.935.644] [INFO  ] [Controller] [Joints] FL: +33.701, +28.504, +31.969 ,FR: +31.969, +28.504, +35.433, HL: 33.701, +28.504, +38.898, HR: +38.898, +26.772, +37.165 Max HL-Knee = +38.898 Min HR-HipY = +26.772 
[2025-06-12 17:42:23.435.648] [INFO  ] [Controller] [Joints] FL: +33.701, +28.504, +31.969 ,FR: +31.969, +28.504, +35.433, HL: 33.701, +28.504, +38.898, HR: +38.898, +26.772, +37.165 Max HL-Knee = +38.898 Min HR-HipY = +26.772 
[2025-06-12 17:42:25.165.159] [INFO  ] [Battery] SoC = 94%, Volt = +32.400V, Temp 29 
[2025-06-12 17:42:25.935.644] [INFO  ] [Controller] [Joints] FL: +33.701, +28.504, +31.969 ,FR: +31.969, +28.504, +35.433, HL: 33.701, +28.504, +37.165, HR: +38.898, +26.772, +37.165 Max HR-HipX = +38.898 Min HR-HipY = +26.772 
[2025-06-12 17:42:28.435.644] [INFO  ] [Controller] [Joints] FL: +33.701, +28.504, +31.969 ,FR: +33.701, +28.504, +35.433, HL: 33.701, +28.504, +37.165, HR: +38.898, +26.772, +37.165 Max HR-HipX = +38.898 Min HR-HipY = +26.772 
[2025-06-12 17:42:30.161.257] [INFO  ] [Battery] SoC = 94%, Volt = +32.400V, Temp 29 
[2025-06-12 17:42:30.935.646] [INFO  ] [Controller] [Joints] FL: +33.701, +28.504, +31.969 ,FR: +33.701, +28.504, +35.433, HL: 33.701, +28.504, +37.165, HR: +37.165, +26.772, +37.165 Max HL-Knee = +37.165 Min HR-HipY = +26.772 
[2025-06-12 17:42:33.435.665] [INFO  ] [Controller] [Joints] FL: +33.701, +28.504, +31.969 ,FR: +33.701, +28.504, +35.433, HL: 33.701, +28.504, +37.165, HR: +37.165, +28.504, +35.433 Max HL-Knee = +37.165 Min FL-HipY = +28.504 
[2025-06-12 17:42:35.157.389] [INFO  ] [Battery] SoC = 94%, Volt = +32.400V, Temp 29 
[2025-06-12 17:42:35.935.647] [INFO  ] [Controller] [Joints] FL: +31.969, +28.504, +31.969 ,FR: +33.701, +28.504, +35.433, HL: 33.701, +28.504, +37.165, HR: +37.165, +28.504, +35.433 Max HL-Knee = +37.165 Min FL-HipY = +28.504 
[2025-06-12 17:42:38.435.653] [INFO  ] [Controller] [Joints] FL: +31.969, +28.504, +31.969 ,FR: +33.701, +28.504, +35.433, HL: 33.701, +28.504, +35.433, HR: +37.165, +28.504, +35.433 Max HR-HipX = +37.165 Min FL-HipY = +28.504 
[2025-06-12 17:42:40.153.475] [INFO  ] [Battery] SoC = 94%, Volt = +32.400V, Temp 29 
[2025-06-12 17:42:40.935.653] [INFO  ] [Controller] [Joints] FL: +31.969, +28.504, +31.969 ,FR: +33.701, +28.504, +35.433, HL: 33.701, +28.504, +35.433, HR: +37.165, +28.504, +35.433 Max HR-HipX = +37.165 Min FL-HipY = +28.504 
[2025-06-12 17:42:43.435.655] [INFO  ] [Controller] [Joints] FL: +31.969, +28.504, +31.969 ,FR: +33.701, +28.504, +35.433, HL: 33.701, +28.504, +35.433, HR: +37.165, +28.504, +35.433 Max HR-HipX = +37.165 Min FL-HipY = +28.504 
[2025-06-12 17:42:45.149.621] [INFO  ] [Battery] SoC = 94%, Volt = +32.400V, Temp 29 
[2025-06-12 17:42:45.935.650] [INFO  ] [Controller] [Joints] FL: +31.969, +28.504, +31.969 ,FR: +33.701, +28.504, +35.433, HL: 33.701, +28.504, +35.433, HR: +37.165, +28.504, +35.433 Max HR-HipX = +37.165 Min FL-HipY = +28.504 
[2025-06-12 17:42:48.435.645] [INFO  ] [Controller] [Joints] FL: +31.969, +28.504, +31.969 ,FR: +33.701, +28.504, +35.433, HL: 33.701, +28.504, +35.433, HR: +37.165, +28.504, +35.433 Max HR-HipX = +37.165 Min FL-HipY = +28.504 
[2025-06-12 17:42:50.145.652] [INFO  ] [Battery] SoC = 94%, Volt = +32.400V, Temp 29 
[2025-06-12 17:42:50.935.647] [INFO  ] [Controller] [Joints] FL: +31.969, +28.504, +31.969 ,FR: +33.701, +30.236, +35.433, HL: 33.701, +28.504, +35.433, HR: +37.165, +28.504, +35.433 Max HR-HipX = +37.165 Min FL-HipY = +28.504 
[2025-06-12 17:42:53.435.647] [INFO  ] [Controller] [Joints] FL: +31.969, +28.504, +31.969 ,FR: +33.701, +30.236, +35.433, HL: 33.701, +28.504, +35.433, HR: +37.165, +28.504, +35.433 Max HR-HipX = +37.165 Min FL-HipY = +28.504 
[2025-06-12 17:42:55.141.698] [INFO  ] [Battery] SoC = 94%, Volt = +32.400V, Temp 29 
[2025-06-12 17:42:55.935.645] [INFO  ] [Controller] [Joints] FL: +31.969, +28.504, +31.969 ,FR: +33.701, +30.236, +35.433, HL: 33.701, +28.504, +35.433, HR: +35.433, +28.504, +35.433 Max FR-Knee = +35.433 Min FL-HipY = +28.504 
[2025-06-12 17:42:58.435.650] [INFO  ] [Controller] [Joints] FL: +31.969, +28.504, +31.969 ,FR: +33.701, +30.236, +35.433, HL: 33.701, +28.504, +35.433, HR: +35.433, +28.504, +35.433 Max FR-Knee = +35.433 Min FL-HipY = +28.504 
[2025-06-12 17:43:00.137.764] [INFO  ] [Battery] SoC = 94%, Volt = +32.400V, Temp 29 
[2025-06-12 17:43:00.935.644] [INFO  ] [Controller] [Joints] FL: +31.969, +28.504, +31.969 ,FR: +33.701, +30.236, +35.433, HL: 33.701, +28.504, +35.433, HR: +35.433, +28.504, +35.433 Max FR-Knee = +35.433 Min FL-HipY = +28.504 
[2025-06-12 17:43:03.435.647] [INFO  ] [Controller] [Joints] FL: +31.969, +28.504, +31.969 ,FR: +33.701, +30.236, +35.433, HL: 33.701, +28.504, +35.433, HR: +35.433, +28.504, +35.433 Max FR-Knee = +35.433 Min FL-HipY = +28.504 
[2025-06-12 17:43:05.133.790] [INFO  ] [Battery] SoC = 94%, Volt = +32.400V, Temp 29 
[2025-06-12 17:43:05.935.647] [INFO  ] [Controller] [Joints] FL: +31.969, +28.504, +31.969 ,FR: +33.701, +30.236, +35.433, HL: 33.701, +28.504, +35.433, HR: +35.433, +28.504, +35.433 Max FR-Knee = +35.433 Min FL-HipY = +28.504 
[2025-06-12 17:43:08.435.645] [INFO  ] [Controller] [Joints] FL: +31.969, +28.504, +31.969 ,FR: +33.701, +30.236, +35.433, HL: 33.701, +28.504, +33.701, HR: +35.433, +28.504, +35.433 Max FR-Knee = +35.433 Min FL-HipY = +28.504 
[2025-06-12 17:43:10.129.918] [INFO  ] [Battery] SoC = 94%, Volt = +32.400V, Temp 29 
[2025-06-12 17:43:10.935.646] [INFO  ] [Controller] [Joints] FL: +31.969, +28.504, +31.969 ,FR: +33.701, +30.236, +35.433, HL: 33.701, +28.504, +33.701, HR: +35.433, +28.504, +35.433 Max FR-Knee = +35.433 Min FL-HipY = +28.504 
[2025-06-12 17:43:13.435.646] [INFO  ] [Controller] [Joints] FL: +31.969, +28.504, +31.969 ,FR: +33.701, +30.236, +35.433, HL: 33.701, +28.504, +33.701, HR: +35.433, +28.504, +35.433 Max FR-Knee = +35.433 Min FL-HipY = +28.504 
[2025-06-12 17:43:15.126.170] [INFO  ] [Battery] SoC = 94%, Volt = +32.400V, Temp 29 
[2025-06-12 17:43:15.935.646] [INFO  ] [Controller] [Joints] FL: +31.969, +28.504, +31.969 ,FR: +33.701, +30.236, +35.433, HL: 33.701, +28.504, +33.701, HR: +35.433, +28.504, +35.433 Max FR-Knee = +35.433 Min FL-HipY = +28.504 
[2025-06-12 17:43:18.435.645] [INFO  ] [Controller] [Joints] FL: +31.969, +28.504, +31.969 ,FR: +33.701, +30.236, +35.433, HL: 33.701, +28.504, +33.701, HR: +35.433, +28.504, +35.433 Max FR-Knee = +35.433 Min FL-HipY = +28.504 
[2025-06-12 17:43:20.122.378] [INFO  ] [Battery] SoC = 94%, Volt = +32.400V, Temp 29 
[2025-06-12 17:43:20.935.646] [INFO  ] [Controller] [Joints] FL: +31.969, +28.504, +31.969 ,FR: +33.701, +30.236, +35.433, HL: 33.701, +28.504, +33.701, HR: +35.433, +28.504, +35.433 Max FR-Knee = +35.433 Min FL-HipY = +28.504 
[2025-06-12 17:43:23.435.650] [INFO  ] [Controller] [Joints] FL: +31.969, +28.504, +31.969 ,FR: +33.701, +30.236, +35.433, HL: 33.701, +28.504, +33.701, HR: +35.433, +28.504, +35.433 Max FR-Knee = +35.433 Min FL-HipY = +28.504 
[2025-06-12 17:43:25.118.524] [INFO  ] [Battery] SoC = 94%, Volt = +32.400V, Temp 29 
[2025-06-12 17:43:25.935.648] [INFO  ] [Controller] [Joints] FL: +31.969, +28.504, +31.969 ,FR: +33.701, +30.236, +35.433, HL: 33.701, +28.504, +33.701, HR: +35.433, +28.504, +35.433 Max FR-Knee = +35.433 Min FL-HipY = +28.504 
[2025-06-12 17:43:28.435.648] [INFO  ] [Controller] [Joints] FL: +31.969, +28.504, +31.969 ,FR: +33.701, +30.236, +35.433, HL: 33.701, +28.504, +33.701, HR: +35.433, +28.504, +35.433 Max FR-Knee = +35.433 Min FL-HipY = +28.504 
[2025-06-12 17:43:30.114.811] [INFO  ] [Battery] SoC = 94%, Volt = +32.400V, Temp 29 
[2025-06-12 17:43:30.935.649] [INFO  ] [Controller] [Joints] FL: +31.969, +28.504, +31.969 ,FR: +33.701, +30.236, +35.433, HL: 33.701, +28.504, +33.701, HR: +35.433, +28.504, +35.433 Max FR-Knee = +35.433 Min FL-HipY = +28.504 
[2025-06-12 17:43:33.435.651] [INFO  ] [Controller] [Joints] FL: +31.969, +28.504, +31.969 ,FR: +33.701, +30.236, +35.433, HL: 33.701, +28.504, +33.701, HR: +35.433, +28.504, +35.433 Max FR-Knee = +35.433 Min FL-HipY = +28.504 
[2025-06-12 17:43:35.110.895] [INFO  ] [Battery] SoC = 94%, Volt = +32.400V, Temp 29 
[2025-06-12 17:43:35.935.647] [INFO  ] [Controller] [Joints] FL: +31.969, +28.504, +31.969 ,FR: +33.701, +30.236, +35.433, HL: 33.701, +28.504, +33.701, HR: +35.433, +28.504, +35.433 Max FR-Knee = +35.433 Min FL-HipY = +28.504 
[2025-06-12 17:43:38.435.646] [INFO  ] [Controller] [Joints] FL: +31.969, +28.504, +31.969 ,FR: +33.701, +30.236, +35.433, HL: 33.701, +28.504, +33.701, HR: +35.433, +28.504, +35.433 Max FR-Knee = +35.433 Min FL-HipY = +28.504 
[2025-06-12 17:43:40.106.869] [INFO  ] [Battery] SoC = 93%, Volt = +32.400V, Temp 29 
[2025-06-12 17:43:40.935.647] [INFO  ] [Controller] [Joints] FL: +31.969, +28.504, +31.969 ,FR: +33.701, +30.236, +35.433, HL: 33.701, +28.504, +33.701, HR: +35.433, +28.504, +35.433 Max FR-Knee = +35.433 Min FL-HipY = +28.504 
[2025-06-12 17:43:43.435.646] [INFO  ] [Controller] [Joints] FL: +31.969, +28.504, +31.969 ,FR: +33.701, +30.236, +35.433, HL: 33.701, +28.504, +33.701, HR: +35.433, +28.504, +35.433 Max FR-Knee = +35.433 Min FL-HipY = +28.504 
[2025-06-12 17:43:45.102.902] [INFO  ] [Battery] SoC = 93%, Volt = +32.400V, Temp 29 
[2025-06-12 17:43:45.935.647] [INFO  ] [Controller] [Joints] FL: +31.969, +28.504, +31.969 ,FR: +33.701, +30.236, +35.433, HL: 33.701, +28.504, +33.701, HR: +35.433, +28.504, +35.433 Max FR-Knee = +35.433 Min FL-HipY = +28.504 
[2025-06-12 17:43:48.435.643] [INFO  ] [Controller] [Joints] FL: +31.969, +28.504, +31.969 ,FR: +33.701, +30.236, +35.433, HL: 33.701, +28.504, +33.701, HR: +35.433, +28.504, +35.433 Max FR-Knee = +35.433 Min FL-HipY = +28.504 
[2025-06-12 17:43:50.099.006] [INFO  ] [Battery] SoC = 93%, Volt = +32.400V, Temp 29 
[2025-06-12 17:43:50.935.651] [INFO  ] [Controller] [Joints] FL: +31.969, +28.504, +31.969 ,FR: +33.701, +30.236, +35.433, HL: 33.701, +28.504, +33.701, HR: +35.433, +28.504, +35.433 Max FR-Knee = +35.433 Min FL-HipY = +28.504 
[2025-06-12 17:43:53.435.650] [INFO  ] [Controller] [Joints] FL: +31.969, +28.504, +31.969 ,FR: +33.701, +30.236, +35.433, HL: 33.701, +28.504, +33.701, HR: +35.433, +28.504, +35.433 Max FR-Knee = +35.433 Min FL-HipY = +28.504 
[2025-06-12 17:43:55.095.142] [INFO  ] [Battery] SoC = 93%, Volt = +32.300V, Temp 29 
[2025-06-12 17:43:55.935.650] [INFO  ] [Controller] [Joints] FL: +31.969, +28.504, +31.969 ,FR: +33.701, +30.236, +35.433, HL: 33.701, +28.504, +33.701, HR: +35.433, +28.504, +35.433 Max FR-Knee = +35.433 Min FL-HipY = +28.504 
[2025-06-12 17:43:58.435.647] [INFO  ] [Controller] [Joints] FL: +31.969, +28.504, +31.969 ,FR: +33.701, +30.236, +35.433, HL: 33.701, +28.504, +33.701, HR: +35.433, +28.504, +35.433 Max FR-Knee = +35.433 Min FL-HipY = +28.504 
[2025-06-12 17:44:00.091.310] [INFO  ] [Battery] SoC = 93%, Volt = +32.300V, Temp 29 
[2025-06-12 17:44:00.935.650] [INFO  ] [Controller] [Joints] FL: +31.969, +28.504, +31.969 ,FR: +33.701, +30.236, +35.433, HL: 33.701, +28.504, +33.701, HR: +35.433, +28.504, +35.433 Max FR-Knee = +35.433 Min FL-HipY = +28.504 
[2025-06-12 17:44:03.435.639] [INFO  ] [Controller] [Joints] FL: +31.969, +28.504, +31.969 ,FR: +33.701, +30.236, +35.433, HL: 33.701, +28.504, +33.701, HR: +35.433, +28.504, +35.433 Max FR-Knee = +35.433 Min FL-HipY = +28.504 
[2025-06-12 17:44:05.087.642] [INFO  ] [Battery] SoC = 93%, Volt = +32.300V, Temp 29 
[2025-06-12 17:44:05.935.644] [INFO  ] [Controller] [Joints] FL: +31.969, +28.504, +31.969 ,FR: +33.701, +30.236, +35.433, HL: 33.701, +28.504, +33.701, HR: +35.433, +28.504, +35.433 Max FR-Knee = +35.433 Min FL-HipY = +28.504 
[2025-06-12 17:44:08.435.643] [INFO  ] [Controller] [Joints] FL: +31.969, +28.504, +31.969 ,FR: +35.433, +30.236, +35.433, HL: 33.701, +28.504, +33.701, HR: +35.433, +28.504, +35.433 Max FR-HipX = +35.433 Min FL-HipY = +28.504 
[2025-06-12 17:44:10.083.917] [INFO  ] [Battery] SoC = 93%, Volt = +32.300V, Temp 29 
[2025-06-12 17:44:10.935.647] [INFO  ] [Controller] [Joints] FL: +31.969, +28.504, +31.969 ,FR: +35.433, +30.236, +35.433, HL: 35.433, +28.504, +33.701, HR: +35.433, +28.504, +35.433 Max FR-HipX = +35.433 Min FL-HipY = +28.504 
[2025-06-12 17:44:13.435.647] [INFO  ] [Controller] [Joints] FL: +31.969, +28.504, +31.969 ,FR: +35.433, +30.236, +35.433, HL: 35.433, +28.504, +33.701, HR: +35.433, +28.504, +35.433 Max FR-HipX = +35.433 Min FL-HipY = +28.504 
[2025-06-12 17:44:15.080.027] [INFO  ] [Battery] SoC = 93%, Volt = +32.300V, Temp 29 
[2025-06-12 17:44:15.935.646] [INFO  ] [Controller] [Joints] FL: +31.969, +30.236, +31.969 ,FR: +35.433, +30.236, +35.433, HL: 35.433, +28.504, +33.701, HR: +37.165, +28.504, +35.433 Max HR-HipX = +37.165 Min HL-HipY = +28.504 
[2025-06-12 17:44:18.435.645] [INFO  ] [Controller] [Joints] FL: +31.969, +30.236, +31.969 ,FR: +35.433, +30.236, +35.433, HL: 35.433, +30.236, +33.701, HR: +37.165, +28.504, +35.433 Max HR-HipX = +37.165 Min HR-HipY = +28.504 
[2025-06-12 17:44:20.076.124] [INFO  ] [Battery] SoC = 93%, Volt = +32.300V, Temp 29 
[2025-06-12 17:44:20.935.645] [INFO  ] [Controller] [Joints] FL: +31.969, +28.504, +31.969 ,FR: +35.433, +30.236, +35.433, HL: 33.701, +30.236, +33.701, HR: +37.165, +28.504, +35.433 Max HR-HipX = +37.165 Min FL-HipY = +28.504 
[2025-06-12 17:44:23.435.648] [INFO  ] [Controller] [Joints] FL: +31.969, +28.504, +31.969 ,FR: +35.433, +30.236, +35.433, HL: 33.701, +30.236, +33.701, HR: +37.165, +28.504, +35.433 Max HR-HipX = +37.165 Min FL-HipY = +28.504 
[2025-06-12 17:44:25.072.203] [INFO  ] [Battery] SoC = 93%, Volt = +32.300V, Temp 29 
[2025-06-12 17:44:25.935.645] [INFO  ] [Controller] [Joints] FL: +31.969, +30.236, +31.969 ,FR: +35.433, +30.236, +35.433, HL: 33.701, +30.236, +33.701, HR: +37.165, +28.504, +35.433 Max HR-HipX = +37.165 Min HR-HipY = +28.504 
[2025-06-12 17:44:28.435.649] [INFO  ] [Controller] [Joints] FL: +31.969, +30.236, +31.969 ,FR: +35.433, +30.236, +35.433, HL: 33.701, +30.236, +33.701, HR: +37.165, +28.504, +35.433 Max HR-HipX = +37.165 Min HR-HipY = +28.504 
[2025-06-12 17:44:30.068.179] [INFO  ] [Battery] SoC = 93%, Volt = +32.300V, Temp 29 
[2025-06-12 17:44:30.935.651] [INFO  ] [Controller] [Joints] FL: +31.969, +30.236, +31.969 ,FR: +35.433, +30.236, +35.433, HL: 33.701, +30.236, +33.701, HR: +37.165, +28.504, +35.433 Max HR-HipX = +37.165 Min HR-HipY = +28.504 
[2025-06-12 17:44:33.435.652] [INFO  ] [Controller] [Joints] FL: +31.969, +30.236, +31.969 ,FR: +35.433, +30.236, +35.433, HL: 33.701, +30.236, +33.701, HR: +37.165, +28.504, +35.433 Max HR-HipX = +37.165 Min HR-HipY = +28.504 
[2025-06-12 17:44:35.064.160] [INFO  ] [Battery] SoC = 93%, Volt = +32.300V, Temp 29 
[2025-06-12 17:44:35.935.652] [INFO  ] [Controller] [Joints] FL: +31.969, +30.236, +31.969 ,FR: +35.433, +30.236, +35.433, HL: 33.701, +30.236, +35.433, HR: +37.165, +28.504, +35.433 Max HR-HipX = +37.165 Min HR-HipY = +28.504 
[2025-06-12 17:44:38.435.648] [INFO  ] [Controller] [Joints] FL: +31.969, +30.236, +31.969 ,FR: +35.433, +30.236, +35.433, HL: 33.701, +30.236, +35.433, HR: +37.165, +28.504, +35.433 Max HR-HipX = +37.165 Min HR-HipY = +28.504 
[2025-06-12 17:44:40.060.188] [INFO  ] [Battery] SoC = 93%, Volt = +32.300V, Temp 29 
[2025-06-12 17:44:40.935.645] [INFO  ] [Controller] [Joints] FL: +33.701, +30.236, +31.969 ,FR: +35.433, +30.236, +35.433, HL: 33.701, +30.236, +35.433, HR: +37.165, +28.504, +35.433 Max HR-HipX = +37.165 Min HR-HipY = +28.504 
[2025-06-12 17:44:43.435.645] [INFO  ] [Controller] [Joints] FL: +33.701, +30.236, +31.969 ,FR: +35.433, +30.236, +35.433, HL: 33.701, +30.236, +35.433, HR: +37.165, +28.504, +35.433 Max HR-HipX = +37.165 Min HR-HipY = +28.504 
[2025-06-12 17:44:45.056.254] [INFO  ] [Battery] SoC = 93%, Volt = +32.300V, Temp 29 
[2025-06-12 17:44:45.935.647] [INFO  ] [Controller] [Joints] FL: +33.701, +30.236, +31.969 ,FR: +35.433, +30.236, +35.433, HL: 33.701, +30.236, +35.433, HR: +37.165, +28.504, +35.433 Max HR-HipX = +37.165 Min HR-HipY = +28.504 
[2025-06-12 17:44:48.435.645] [INFO  ] [Controller] [Joints] FL: +33.701, +30.236, +31.969 ,FR: +35.433, +30.236, +35.433, HL: 33.701, +30.236, +35.433, HR: +37.165, +28.504, +35.433 Max HR-HipX = +37.165 Min HR-HipY = +28.504 
[2025-06-12 17:44:50.052.188] [INFO  ] [Battery] SoC = 93%, Volt = +32.300V, Temp 29 
[2025-06-12 17:44:50.935.645] [INFO  ] [Controller] [Joints] FL: +33.701, +30.236, +31.969 ,FR: +35.433, +30.236, +35.433, HL: 33.701, +30.236, +35.433, HR: +37.165, +28.504, +35.433 Max HR-HipX = +37.165 Min HR-HipY = +28.504 
[2025-06-12 17:44:53.435.646] [INFO  ] [Controller] [Joints] FL: +33.701, +30.236, +31.969 ,FR: +35.433, +30.236, +35.433, HL: 33.701, +30.236, +35.433, HR: +37.165, +28.504, +35.433 Max HR-HipX = +37.165 Min HR-HipY = +28.504 
[2025-06-12 17:44:55.048.187] [INFO  ] [Battery] SoC = 93%, Volt = +32.300V, Temp 29 
[2025-06-12 17:44:55.935.645] [INFO  ] [Controller] [Joints] FL: +33.701, +30.236, +31.969 ,FR: +35.433, +30.236, +35.433, HL: 35.433, +30.236, +35.433, HR: +37.165, +28.504, +35.433 Max HR-HipX = +37.165 Min HR-HipY = +28.504 
[2025-06-12 17:44:58.435.646] [INFO  ] [Controller] [Joints] FL: +33.701, +30.236, +31.969 ,FR: +35.433, +30.236, +35.433, HL: 35.433, +30.236, +35.433, HR: +37.165, +28.504, +35.433 Max HR-HipX = +37.165 Min HR-HipY = +28.504 
[2025-06-12 17:45:00.044.077] [INFO  ] [Battery] SoC = 92%, Volt = +32.300V, Temp 29 
[2025-06-12 17:45:00.935.645] [INFO  ] [Controller] [Joints] FL: +33.701, +30.236, +31.969 ,FR: +35.433, +30.236, +35.433, HL: 35.433, +30.236, +35.433, HR: +37.165, +28.504, +35.433 Max HR-HipX = +37.165 Min HR-HipY = +28.504 
[2025-06-12 17:45:03.435.645] [INFO  ] [Controller] [Joints] FL: +33.701, +30.236, +31.969 ,FR: +35.433, +30.236, +35.433, HL: 35.433, +30.236, +35.433, HR: +37.165, +28.504, +35.433 Max HR-HipX = +37.165 Min HR-HipY = +28.504 
[2025-06-12 17:45:05.040.017] [INFO  ] [Battery] SoC = 92%, Volt = +32.300V, Temp 29 
[2025-06-12 17:45:05.935.643] [INFO  ] [Controller] [Joints] FL: +33.701, +30.236, +31.969 ,FR: +35.433, +30.236, +35.433, HL: 35.433, +30.236, +35.433, HR: +37.165, +28.504, +35.433 Max HR-HipX = +37.165 Min HR-HipY = +28.504 
[2025-06-12 17:45:08.435.645] [INFO  ] [Controller] [Joints] FL: +33.701, +30.236, +31.969 ,FR: +35.433, +30.236, +35.433, HL: 35.433, +30.236, +35.433, HR: +37.165, +28.504, +35.433 Max HR-HipX = +37.165 Min HR-HipY = +28.504 
[2025-06-12 17:45:10.035.983] [INFO  ] [Battery] SoC = 92%, Volt = +32.300V, Temp 29 
[2025-06-12 17:45:10.935.647] [INFO  ] [Controller] [Joints] FL: +33.701, +30.236, +31.969 ,FR: +35.433, +30.236, +35.433, HL: 35.433, +30.236, +35.433, HR: +37.165, +28.504, +35.433 Max HR-HipX = +37.165 Min HR-HipY = +28.504 
[2025-06-12 17:45:13.435.646] [INFO  ] [Controller] [Joints] FL: +33.701, +30.236, +31.969 ,FR: +35.433, +30.236, +35.433, HL: 35.433, +30.236, +35.433, HR: +37.165, +28.504, +35.433 Max HR-HipX = +37.165 Min HR-HipY = +28.504 
[2025-06-12 17:45:15.031.943] [INFO  ] [Battery] SoC = 92%, Volt = +32.300V, Temp 29 
[2025-06-12 17:45:15.935.649] [INFO  ] [Controller] [Joints] FL: +33.701, +30.236, +31.969 ,FR: +35.433, +30.236, +35.433, HL: 35.433, +30.236, +35.433, HR: +37.165, +28.504, +35.433 Max HR-HipX = +37.165 Min HR-HipY = +28.504 
[2025-06-12 17:45:16.186.658] [INFO  ] [TVMPC] JY is Moving... (tvmpc),  time: 691.067339 
[2025-06-12 17:45:18.435.638] [INFO  ] [Controller] [Joints] FL: +33.701, +30.236, +33.701 ,FR: +35.433, +30.236, +35.433, HL: 35.433, +30.236, +35.433, HR: +37.165, +28.504, +35.433 Max HR-HipX = +37.165 Min HR-HipY = +28.504 
[2025-06-12 17:45:19.337.048] [INFO  ] [TVMPC] [trot]STOP!!! 
[2025-06-12 17:45:19.337.624] [INFO  ] [BasicMotion] Switching to force control mode, please wait... 
[2025-06-12 17:45:20.028.139] [INFO  ] [Battery] SoC = 92%, Volt = +32.300V, Temp 29 
[2025-06-12 17:45:20.935.647] [INFO  ] [Controller] [Joints] FL: +33.701, +30.236, +33.701 ,FR: +35.433, +30.236, +37.165, HL: 35.433, +30.236, +35.433, HR: +38.898, +28.504, +35.433 Max HR-HipX = +38.898 Min HR-HipY = +28.504 
[2025-06-12 17:45:23.435.648] [INFO  ] [Controller] [Joints] FL: +33.701, +30.236, +33.701 ,FR: +35.433, +30.236, +37.165, HL: 35.433, +30.236, +35.433, HR: +38.898, +28.504, +37.165 Max HR-HipX = +38.898 Min HR-HipY = +28.504 
[2025-06-12 17:45:25.024.249] [INFO  ] [Battery] SoC = 92%, Volt = +32.300V, Temp 29 
[2025-06-12 17:45:25.935.649] [INFO  ] [Controller] [Joints] FL: +33.701, +30.236, +33.701 ,FR: +35.433, +30.236, +37.165, HL: 35.433, +30.236, +35.433, HR: +38.898, +28.504, +37.165 Max HR-HipX = +38.898 Min HR-HipY = +28.504 
[2025-06-12 17:45:28.435.645] [INFO  ] [Controller] [Joints] FL: +33.701, +30.236, +33.701 ,FR: +35.433, +30.236, +37.165, HL: 35.433, +30.236, +35.433, HR: +38.898, +28.504, +37.165 Max HR-HipX = +38.898 Min HR-HipY = +28.504 
[2025-06-12 17:45:30.020.328] [INFO  ] [Battery] SoC = 92%, Volt = +32.300V, Temp 29 
[2025-06-12 17:45:30.935.648] [INFO  ] [Controller] [Joints] FL: +33.701, +30.236, +33.701 ,FR: +35.433, +30.236, +35.433, HL: 35.433, +30.236, +35.433, HR: +38.898, +28.504, +37.165 Max HR-HipX = +38.898 Min HR-HipY = +28.504 
[2025-06-12 17:45:33.435.647] [INFO  ] [Controller] [Joints] FL: +33.701, +30.236, +33.701 ,FR: +35.433, +30.236, +35.433, HL: 35.433, +30.236, +35.433, HR: +40.630, +28.504, +37.165 Max HR-HipX = +40.630 Min HR-HipY = +28.504 
[2025-06-12 17:45:35.016.263] [INFO  ] [Battery] SoC = 92%, Volt = +32.300V, Temp 29 
[2025-06-12 17:45:35.935.645] [INFO  ] [Controller] [Joints] FL: +33.701, +30.236, +31.969 ,FR: +35.433, +30.236, +35.433, HL: 37.165, +30.236, +35.433, HR: +40.630, +28.504, +37.165 Max HR-HipX = +40.630 Min HR-HipY = +28.504 
[2025-06-12 17:45:38.435.645] [INFO  ] [Controller] [Joints] FL: +33.701, +30.236, +31.969 ,FR: +35.433, +30.236, +35.433, HL: 37.165, +30.236, +35.433, HR: +40.630, +28.504, +37.165 Max HR-HipX = +40.630 Min HR-HipY = +28.504 
[2025-06-12 17:45:40.012.170] [INFO  ] [Battery] SoC = 92%, Volt = +32.300V, Temp 29 
[2025-06-12 17:45:40.935.649] [INFO  ] [Controller] [Joints] FL: +33.701, +30.236, +31.969 ,FR: +35.433, +30.236, +35.433, HL: 37.165, +30.236, +35.433, HR: +40.630, +28.504, +37.165 Max HR-HipX = +40.630 Min HR-HipY = +28.504 
[2025-06-12 17:45:43.435.649] [INFO  ] [Controller] [Joints] FL: +33.701, +30.236, +31.969 ,FR: +35.433, +30.236, +35.433, HL: 37.165, +30.236, +35.433, HR: +40.630, +28.504, +37.165 Max HR-HipX = +40.630 Min HR-HipY = +28.504 
[2025-06-12 17:45:45.008.060] [INFO  ] [Battery] SoC = 92%, Volt = +32.300V, Temp 29 
[2025-06-12 17:45:45.935.650] [INFO  ] [Controller] [Joints] FL: +33.701, +30.236, +31.969 ,FR: +35.433, +30.236, +35.433, HL: 37.165, +30.236, +35.433, HR: +42.362, +28.504, +37.165 Max HR-HipX = +42.362 Min HR-HipY = +28.504 
[2025-06-12 17:45:48.435.649] [INFO  ] [Controller] [Joints] FL: +33.701, +30.236, +31.969 ,FR: +35.433, +30.236, +35.433, HL: 37.165, +30.236, +35.433, HR: +42.362, +28.504, +37.165 Max HR-HipX = +42.362 Min HR-HipY = +28.504 
[2025-06-12 17:45:50.004.008] [INFO  ] [Battery] SoC = 92%, Volt = +32.300V, Temp 29 
[2025-06-12 17:45:50.935.650] [INFO  ] [Controller] [Joints] FL: +33.701, +30.236, +31.969 ,FR: +35.433, +30.236, +35.433, HL: 37.165, +30.236, +35.433, HR: +42.362, +28.504, +37.165 Max HR-HipX = +42.362 Min HR-HipY = +28.504 
[2025-06-12 17:45:53.435.650] [INFO  ] [Controller] [Joints] FL: +35.433, +30.236, +31.969 ,FR: +35.433, +30.236, +35.433, HL: 37.165, +30.236, +35.433, HR: +42.362, +28.504, +37.165 Max HR-HipX = +42.362 Min HR-HipY = +28.504 
[2025-06-12 17:45:54.999.852] [INFO  ] [Battery] SoC = 92%, Volt = +32.300V, Temp 29 
[2025-06-12 17:45:55.935.648] [INFO  ] [Controller] [Joints] FL: +35.433, +30.236, +31.969 ,FR: +35.433, +30.236, +35.433, HL: 37.165, +30.236, +35.433, HR: +42.362, +28.504, +37.165 Max HR-HipX = +42.362 Min HR-HipY = +28.504 
[2025-06-12 17:45:58.435.644] [INFO  ] [Controller] [Joints] FL: +35.433, +30.236, +31.969 ,FR: +35.433, +30.236, +35.433, HL: 37.165, +30.236, +35.433, HR: +42.362, +28.504, +35.433 Max HR-HipX = +42.362 Min HR-HipY = +28.504 
[2025-06-12 17:45:59.995.719] [INFO  ] [Battery] SoC = 92%, Volt = +32.300V, Temp 29 
[2025-06-12 17:46:00.935.646] [INFO  ] [Controller] [Joints] FL: +35.433, +30.236, +31.969 ,FR: +35.433, +30.236, +35.433, HL: 37.165, +30.236, +35.433, HR: +42.362, +28.504, +35.433 Max HR-HipX = +42.362 Min HR-HipY = +28.504 
[2025-06-12 17:46:03.435.647] [INFO  ] [Controller] [Joints] FL: +35.433, +30.236, +31.969 ,FR: +35.433, +30.236, +35.433, HL: 37.165, +30.236, +35.433, HR: +44.094, +28.504, +35.433 Max HR-HipX = +44.094 Min HR-HipY = +28.504 
[2025-06-12 17:46:04.991.695] [INFO  ] [Battery] SoC = 92%, Volt = +32.300V, Temp 29 
[2025-06-12 17:46:05.935.645] [INFO  ] [Controller] [Joints] FL: +35.433, +30.236, +31.969 ,FR: +35.433, +30.236, +35.433, HL: 37.165, +30.236, +35.433, HR: +44.094, +28.504, +35.433 Max HR-HipX = +44.094 Min HR-HipY = +28.504 
[2025-06-12 17:46:08.435.643] [INFO  ] [Controller] [Joints] FL: +35.433, +30.236, +31.969 ,FR: +35.433, +30.236, +35.433, HL: 38.898, +30.236, +35.433, HR: +44.094, +28.504, +35.433 Max HR-HipX = +44.094 Min HR-HipY = +28.504 
[2025-06-12 17:46:09.987.625] [INFO  ] [Battery] SoC = 92%, Volt = +32.300V, Temp 29 
[2025-06-12 17:46:10.935.645] [INFO  ] [Controller] [Joints] FL: +35.433, +30.236, +31.969 ,FR: +35.433, +30.236, +35.433, HL: 38.898, +30.236, +35.433, HR: +44.094, +28.504, +35.433 Max HR-HipX = +44.094 Min HR-HipY = +28.504 
[2025-06-12 17:46:13.435.644] [INFO  ] [Controller] [Joints] FL: +35.433, +30.236, +31.969 ,FR: +35.433, +30.236, +35.433, HL: 38.898, +30.236, +35.433, HR: +44.094, +28.504, +35.433 Max HR-HipX = +44.094 Min HR-HipY = +28.504 
[2025-06-12 17:46:14.983.382] [INFO  ] [Battery] SoC = 92%, Volt = +32.300V, Temp 29 
[2025-06-12 17:46:15.935.645] [INFO  ] [Controller] [Joints] FL: +35.433, +30.236, +31.969 ,FR: +35.433, +30.236, +35.433, HL: 38.898, +30.236, +35.433, HR: +44.094, +28.504, +35.433 Max HR-HipX = +44.094 Min HR-HipY = +28.504 
[2025-06-12 17:46:18.435.644] [INFO  ] [Controller] [Joints] FL: +35.433, +30.236, +31.969 ,FR: +37.165, +30.236, +35.433, HL: 38.898, +30.236, +35.433, HR: +44.094, +28.504, +35.433 Max HR-HipX = +44.094 Min HR-HipY = +28.504 
[2025-06-12 17:46:19.979.156] [INFO  ] [Battery] SoC = 91%, Volt = +32.300V, Temp 29 
[2025-06-12 17:46:20.935.653] [INFO  ] [Controller] [Joints] FL: +35.433, +30.236, +31.969 ,FR: +37.165, +30.236, +35.433, HL: 38.898, +30.236, +35.433, HR: +44.094, +28.504, +35.433 Max HR-HipX = +44.094 Min HR-HipY = +28.504 
[2025-06-12 17:46:23.435.654] [INFO  ] [Controller] [Joints] FL: +35.433, +30.236, +31.969 ,FR: +37.165, +30.236, +35.433, HL: 38.898, +30.236, +35.433, HR: +44.094, +28.504, +35.433 Max HR-HipX = +44.094 Min HR-HipY = +28.504 
[2025-06-12 17:46:24.974.914] [INFO  ] [Battery] SoC = 91%, Volt = +32.300V, Temp 29 
[2025-06-12 17:46:25.935.651] [INFO  ] [Controller] [Joints] FL: +35.433, +30.236, +31.969 ,FR: +37.165, +30.236, +35.433, HL: 38.898, +30.236, +35.433, HR: +44.094, +28.504, +35.433 Max HR-HipX = +44.094 Min HR-HipY = +28.504 
[2025-06-12 17:46:28.435.653] [INFO  ] [Controller] [Joints] FL: +35.433, +30.236, +31.969 ,FR: +37.165, +30.236, +35.433, HL: 38.898, +30.236, +35.433, HR: +44.094, +28.504, +35.433 Max HR-HipX = +44.094 Min HR-HipY = +28.504 
[2025-06-12 17:46:29.970.852] [INFO  ] [Battery] SoC = 91%, Volt = +32.300V, Temp 29 
[2025-06-12 17:46:30.935.648] [INFO  ] [Controller] [Joints] FL: +35.433, +30.236, +31.969 ,FR: +37.165, +30.236, +35.433, HL: 38.898, +30.236, +35.433, HR: +44.094, +28.504, +35.433 Max HR-HipX = +44.094 Min HR-HipY = +28.504 
[2025-06-12 17:46:33.435.641] [INFO  ] [Controller] [Joints] FL: +35.433, +30.236, +31.969 ,FR: +37.165, +30.236, +35.433, HL: 38.898, +30.236, +35.433, HR: +44.094, +28.504, +35.433 Max HR-HipX = +44.094 Min HR-HipY = +28.504 
[2025-06-12 17:46:34.966.692] [INFO  ] [Battery] SoC = 91%, Volt = +32.300V, Temp 29 
[2025-06-12 17:46:35.935.644] [INFO  ] [Controller] [Joints] FL: +35.433, +30.236, +31.969 ,FR: +37.165, +30.236, +35.433, HL: 38.898, +30.236, +35.433, HR: +44.094, +28.504, +35.433 Max HR-HipX = +44.094 Min HR-HipY = +28.504 
[2025-06-12 17:46:38.435.644] [INFO  ] [Controller] [Joints] FL: +35.433, +30.236, +31.969 ,FR: +37.165, +30.236, +35.433, HL: 38.898, +30.236, +35.433, HR: +44.094, +28.504, +35.433 Max HR-HipX = +44.094 Min HR-HipY = +28.504 
[2025-06-12 17:46:39.962.512] [INFO  ] [Battery] SoC = 91%, Volt = +32.300V, Temp 29 
[2025-06-12 17:46:40.935.647] [INFO  ] [Controller] [Joints] FL: +35.433, +30.236, +31.969 ,FR: +37.165, +30.236, +35.433, HL: 38.898, +30.236, +35.433, HR: +45.827, +28.504, +35.433 Max HR-HipX = +45.827 Min HR-HipY = +28.504 
[2025-06-12 17:46:43.435.644] [INFO  ] [Controller] [Joints] FL: +35.433, +30.236, +31.969 ,FR: +37.165, +30.236, +35.433, HL: 38.898, +30.236, +35.433, HR: +45.827, +28.504, +35.433 Max HR-HipX = +45.827 Min HR-HipY = +28.504 
[2025-06-12 17:46:44.958.391] [INFO  ] [Battery] SoC = 91%, Volt = +32.300V, Temp 29 
[2025-06-12 17:46:45.935.647] [INFO  ] [Controller] [Joints] FL: +35.433, +30.236, +31.969 ,FR: +37.165, +30.236, +35.433, HL: 38.898, +30.236, +35.433, HR: +45.827, +28.504, +35.433 Max HR-HipX = +45.827 Min HR-HipY = +28.504 
[2025-06-12 17:46:48.435.644] [INFO  ] [Controller] [Joints] FL: +35.433, +30.236, +31.969 ,FR: +37.165, +30.236, +35.433, HL: 38.898, +30.236, +35.433, HR: +45.827, +28.504, +35.433 Max HR-HipX = +45.827 Min HR-HipY = +28.504 
[2025-06-12 17:46:49.954.053] [INFO  ] [Battery] SoC = 91%, Volt = +32.300V, Temp 29 
[2025-06-12 17:46:50.935.645] [INFO  ] [Controller] [Joints] FL: +35.433, +30.236, +31.969 ,FR: +37.165, +30.236, +35.433, HL: 38.898, +30.236, +35.433, HR: +45.827, +30.236, +35.433 Max HR-HipX = +45.827 Min FL-HipY = +30.236 
[2025-06-12 17:46:53.435.645] [INFO  ] [Controller] [Joints] FL: +35.433, +30.236, +31.969 ,FR: +37.165, +30.236, +35.433, HL: 38.898, +30.236, +35.433, HR: +45.827, +30.236, +35.433 Max HR-HipX = +45.827 Min FL-HipY = +30.236 
[2025-06-12 17:46:54.949.820] [INFO  ] [Battery] SoC = 91%, Volt = +32.300V, Temp 29 
[2025-06-12 17:46:55.935.647] [INFO  ] [Controller] [Joints] FL: +35.433, +30.236, +31.969 ,FR: +37.165, +30.236, +35.433, HL: 38.898, +30.236, +35.433, HR: +45.827, +30.236, +35.433 Max HR-HipX = +45.827 Min FL-HipY = +30.236 
[2025-06-12 17:46:58.435.643] [INFO  ] [Controller] [Joints] FL: +35.433, +30.236, +31.969 ,FR: +37.165, +30.236, +35.433, HL: 38.898, +30.236, +35.433, HR: +45.827, +30.236, +35.433 Max HR-HipX = +45.827 Min FL-HipY = +30.236 
[2025-06-12 17:46:59.945.719] [INFO  ] [Battery] SoC = 91%, Volt = +32.300V, Temp 29 
[2025-06-12 17:47:00.935.644] [INFO  ] [Controller] [Joints] FL: +35.433, +30.236, +31.969 ,FR: +37.165, +30.236, +35.433, HL: 38.898, +30.236, +35.433, HR: +45.827, +30.236, +35.433 Max HR-HipX = +45.827 Min FL-HipY = +30.236 
[2025-06-12 17:47:03.435.646] [INFO  ] [Controller] [Joints] FL: +35.433, +30.236, +31.969 ,FR: +37.165, +30.236, +35.433, HL: 38.898, +30.236, +35.433, HR: +45.827, +30.236, +35.433 Max HR-HipX = +45.827 Min FL-HipY = +30.236 
[2025-06-12 17:47:04.941.645] [INFO  ] [Battery] SoC = 91%, Volt = +32.300V, Temp 29 
[2025-06-12 17:47:05.935.647] [INFO  ] [Controller] [Joints] FL: +35.433, +30.236, +31.969 ,FR: +37.165, +30.236, +35.433, HL: 38.898, +30.236, +35.433, HR: +45.827, +30.236, +35.433 Max HR-HipX = +45.827 Min FL-HipY = +30.236 
[2025-06-12 17:47:08.435.645] [INFO  ] [Controller] [Joints] FL: +35.433, +30.236, +31.969 ,FR: +37.165, +30.236, +35.433, HL: 38.898, +30.236, +35.433, HR: +45.827, +30.236, +35.433 Max HR-HipX = +45.827 Min FL-HipY = +30.236 
[2025-06-12 17:47:09.937.544] [INFO  ] [Battery] SoC = 91%, Volt = +32.300V, Temp 29 
[2025-06-12 17:47:10.935.648] [INFO  ] [Controller] [Joints] FL: +35.433, +30.236, +31.969 ,FR: +37.165, +30.236, +35.433, HL: 38.898, +30.236, +35.433, HR: +45.827, +30.236, +35.433 Max HR-HipX = +45.827 Min FL-HipY = +30.236 
[2025-06-12 17:47:13.435.647] [INFO  ] [Controller] [Joints] FL: +35.433, +30.236, +31.969 ,FR: +37.165, +30.236, +35.433, HL: 38.898, +30.236, +35.433, HR: +45.827, +30.236, +37.165 Max HR-HipX = +45.827 Min FL-HipY = +30.236 
[2025-06-12 17:47:14.933.309] [INFO  ] [Battery] SoC = 91%, Volt = +32.300V, Temp 29 
[2025-06-12 17:47:15.935.646] [INFO  ] [Controller] [Joints] FL: +35.433, +30.236, +31.969 ,FR: +37.165, +30.236, +35.433, HL: 38.898, +30.236, +35.433, HR: +45.827, +30.236, +37.165 Max HR-HipX = +45.827 Min FL-HipY = +30.236 
[2025-06-12 17:47:18.435.644] [INFO  ] [Controller] [Joints] FL: +35.433, +30.236, +31.969 ,FR: +37.165, +30.236, +35.433, HL: 38.898, +30.236, +35.433, HR: +45.827, +30.236, +37.165 Max HR-HipX = +45.827 Min FL-HipY = +30.236 
[2025-06-12 17:47:19.929.290] [INFO  ] [Battery] SoC = 91%, Volt = +32.300V, Temp 29 
[2025-06-12 17:47:20.935.647] [INFO  ] [Controller] [Joints] FL: +35.433, +30.236, +31.969 ,FR: +37.165, +30.236, +35.433, HL: 38.898, +30.236, +35.433, HR: +45.827, +30.236, +37.165 Max HR-HipX = +45.827 Min FL-HipY = +30.236 
[2025-06-12 17:47:23.435.645] [INFO  ] [Controller] [Joints] FL: +35.433, +30.236, +31.969 ,FR: +37.165, +30.236, +35.433, HL: 38.898, +30.236, +35.433, HR: +45.827, +30.236, +37.165 Max HR-HipX = +45.827 Min FL-HipY = +30.236 
[2025-06-12 17:47:24.925.259] [INFO  ] [Battery] SoC = 91%, Volt = +32.300V, Temp 29 
[2025-06-12 17:47:25.935.647] [INFO  ] [Controller] [Joints] FL: +35.433, +30.236, +31.969 ,FR: +37.165, +30.236, +35.433, HL: 38.898, +30.236, +35.433, HR: +45.827, +30.236, +37.165 Max HR-HipX = +45.827 Min FL-HipY = +30.236 
[2025-06-12 17:47:28.435.644] [INFO  ] [Controller] [Joints] FL: +35.433, +30.236, +31.969 ,FR: +37.165, +30.236, +35.433, HL: 38.898, +30.236, +35.433, HR: +45.827, +30.236, +37.165 Max HR-HipX = +45.827 Min FL-HipY = +30.236 
[2025-06-12 17:47:29.921.386] [INFO  ] [Battery] SoC = 91%, Volt = +32.300V, Temp 29 
[2025-06-12 17:47:30.935.660] [INFO  ] [Controller] [Joints] FL: +35.433, +30.236, +31.969 ,FR: +37.165, +30.236, +35.433, HL: 38.898, +30.236, +35.433, HR: +45.827, +30.236, +37.165 Max HR-HipX = +45.827 Min FL-HipY = +30.236 
[2025-06-12 17:47:33.435.649] [INFO  ] [Controller] [Joints] FL: +35.433, +30.236, +31.969 ,FR: +37.165, +30.236, +35.433, HL: 38.898, +30.236, +35.433, HR: +45.827, +30.236, +37.165 Max HR-HipX = +45.827 Min FL-HipY = +30.236 
[2025-06-12 17:47:34.200.630] [INFO  ] [Controller] AutoStop ... 
[2025-06-12 17:47:34.304.631] [INFO  ] [Controller] Switch to Twist Body Mode!!! 
[2025-06-12 17:47:34.405.628] [INFO  ] [Controller] Switch to Twist Body Mode!!! 
[2025-06-12 17:47:34.505.624] [INFO  ] [Controller] Switch to Twist Body Mode!!! 
[2025-06-12 17:47:34.605.623] [INFO  ] [Controller] Switch to Twist Body Mode!!! 
[2025-06-12 17:47:34.705.626] [INFO  ] [Controller] Switch to Twist Body Mode!!! 
[2025-06-12 17:47:34.805.627] [INFO  ] [Controller] Switch to Twist Body Mode!!! 
[2025-06-12 17:47:34.905.628] [INFO  ] [Controller] Switch to Twist Body Mode!!! 
[2025-06-12 17:47:34.917.372] [INFO  ] [Battery] SoC = 91%, Volt = +32.300V, Temp 29 
[2025-06-12 17:47:35.005.627] [INFO  ] [Controller] Switch to Twist Body Mode!!! 
[2025-06-12 17:47:35.105.627] [INFO  ] [Controller] Switch to Twist Body Mode!!! 
[2025-06-12 17:47:35.205.627] [INFO  ] [Controller] Switch to Twist Body Mode!!! 
[2025-06-12 17:47:35.935.647] [INFO  ] [Controller] [Joints] FL: +35.433, +30.236, +31.969 ,FR: +37.165, +30.236, +35.433, HL: 38.898, +30.236, +35.433, HR: +45.827, +30.236, +37.165 Max HR-HipX = +45.827 Min FL-HipY = +30.236 
[2025-06-12 17:47:38.435.645] [INFO  ] [Controller] [Joints] FL: +35.433, +30.236, +31.969 ,FR: +37.165, +30.236, +35.433, HL: 38.898, +30.236, +37.165, HR: +45.827, +30.236, +37.165 Max HR-HipX = +45.827 Min FL-HipY = +30.236 
[2025-06-12 17:47:39.816.640] [INFO  ] [Controller] KeepRun ... 
[2025-06-12 17:47:39.817.648] [INFO  ] [TVMPC] JY is Moving... (tvmpc),  time: 834.698339 
[2025-06-12 17:47:39.913.287] [INFO  ] [Battery] SoC = 90%, Volt = +32.100V, Temp 29 
[2025-06-12 17:47:39.917.619] [INFO  ] [Controller] KeepRun ... 
[2025-06-12 17:47:40.017.625] [INFO  ] [Controller] KeepRun ... 
[2025-06-12 17:47:40.117.830] [INFO  ] [Controller] KeepRun ... 
[2025-06-12 17:47:40.217.628] [INFO  ] [Controller] KeepRun ... 
[2025-06-12 17:47:40.317.630] [INFO  ] [Controller] KeepRun ... 
[2025-06-12 17:47:40.417.625] [INFO  ] [Controller] KeepRun ... 
[2025-06-12 17:47:40.517.628] [INFO  ] [Controller] KeepRun ... 
[2025-06-12 17:47:40.617.628] [INFO  ] [Controller] KeepRun ... 
[2025-06-12 17:47:40.717.625] [INFO  ] [Controller] KeepRun ... 
[2025-06-12 17:47:40.818.948] [INFO  ] [Controller] KeepRun ... 
[2025-06-12 17:47:40.918.626] [INFO  ] [Controller] KeepRun ... 
[2025-06-12 17:47:40.935.638] [INFO  ] [Controller] [Joints] FL: +35.433, +30.236, +31.969 ,FR: +37.165, +31.969, +35.433, HL: 38.898, +30.236, +37.165, HR: +45.827, +30.236, +37.165 Max HR-HipX = +45.827 Min FL-HipY = +30.236 
[2025-06-12 17:47:41.018.625] [INFO  ] [Controller] KeepRun ... 
[2025-06-12 17:47:41.118.625] [INFO  ] [Controller] KeepRun ... 
[2025-06-12 17:47:41.218.841] [INFO  ] [Controller] KeepRun ... 
[2025-06-12 17:47:41.318.635] [INFO  ] [Controller] KeepRun ... 
[2025-06-12 17:47:41.418.626] [INFO  ] [Controller] KeepRun ... 
[2025-06-12 17:47:41.518.627] [INFO  ] [Controller] KeepRun ... 
[2025-06-12 17:47:41.619.625] [INFO  ] [Controller] KeepRun ... 
[2025-06-12 17:47:41.719.625] [INFO  ] [Controller] KeepRun ... 
[2025-06-12 17:47:41.819.625] [INFO  ] [Controller] KeepRun ... 
[2025-06-12 17:47:41.919.626] [INFO  ] [Controller] KeepRun ... 
[2025-06-12 17:47:42.019.627] [INFO  ] [Controller] KeepRun ... 
[2025-06-12 17:47:42.119.627] [INFO  ] [Controller] KeepRun ... 
[2025-06-12 17:47:42.219.625] [INFO  ] [Controller] KeepRun ... 
[2025-06-12 17:47:42.320.626] [INFO  ] [Controller] KeepRun ... 
[2025-06-12 17:47:42.420.626] [INFO  ] [Controller] KeepRun ... 
[2025-06-12 17:47:42.520.629] [INFO  ] [Controller] KeepRun ... 
[2025-06-12 17:47:43.435.641] [INFO  ] [Controller] [Joints] FL: +35.433, +30.236, +31.969 ,FR: +37.165, +31.969, +35.433, HL: 38.898, +30.236, +37.165, HR: +45.827, +30.236, +37.165 Max HR-HipX = +45.827 Min FL-HipY = +30.236 
[2025-06-12 17:47:44.909.201] [INFO  ] [Battery] SoC = 90%, Volt = +32.200V, Temp 29 
[2025-06-12 17:47:45.935.648] [INFO  ] [Controller] [Joints] FL: +35.433, +30.236, +31.969 ,FR: +37.165, +31.969, +37.165, HL: 38.898, +30.236, +38.898, HR: +45.827, +30.236, +38.898 Max HR-HipX = +45.827 Min FL-HipY = +30.236 
[2025-06-12 17:47:47.632.626] [INFO  ] [Controller] Switch to Move Mode!!! 
[2025-06-12 17:47:47.732.627] [INFO  ] [Controller] Switch to Move Mode!!! 
[2025-06-12 17:47:47.832.627] [INFO  ] [Controller] Switch to Move Mode!!! 
[2025-06-12 17:47:47.932.628] [INFO  ] [Controller] Switch to Move Mode!!! 
[2025-06-12 17:47:48.033.626] [INFO  ] [Controller] Switch to Move Mode!!! 
[2025-06-12 17:47:48.133.624] [INFO  ] [Controller] Switch to Move Mode!!! 
[2025-06-12 17:47:48.233.625] [INFO  ] [Controller] Switch to Move Mode!!! 
[2025-06-12 17:47:48.333.625] [INFO  ] [Controller] Switch to Move Mode!!! 
[2025-06-12 17:47:48.433.625] [INFO  ] [Controller] Switch to Move Mode!!! 
[2025-06-12 17:47:48.435.631] [INFO  ] [Controller] [Joints] FL: +35.433, +30.236, +33.701 ,FR: +37.165, +31.969, +37.165, HL: 40.630, +30.236, +38.898, HR: +44.094, +30.236, +38.898 Max HR-HipX = +44.094 Min FL-HipY = +30.236 
[2025-06-12 17:47:48.533.627] [INFO  ] [Controller] Switch to Move Mode!!! 
[2025-06-12 17:47:48.634.627] [INFO  ] [Controller] KeepRun ... 
[2025-06-12 17:47:48.734.627] [INFO  ] [Controller] KeepRun ... 
[2025-06-12 17:47:48.834.627] [INFO  ] [Controller] KeepRun ... 
[2025-06-12 17:47:48.934.625] [INFO  ] [Controller] KeepRun ... 
[2025-06-12 17:47:49.035.627] [INFO  ] [Controller] KeepRun ... 
[2025-06-12 17:47:49.135.629] [INFO  ] [Controller] KeepRun ... 
[2025-06-12 17:47:49.235.627] [INFO  ] [Controller] KeepRun ... 
[2025-06-12 17:47:49.335.626] [INFO  ] [Controller] KeepRun ... 
[2025-06-12 17:47:49.435.627] [INFO  ] [Controller] KeepRun ... 
[2025-06-12 17:47:49.535.627] [INFO  ] [Controller] KeepRun ... 
[2025-06-12 17:47:49.636.625] [INFO  ] [Controller] AutoStop ... 
[2025-06-12 17:47:49.718.080] [INFO  ] [TVMPC] [trot]STOP!!! 
[2025-06-12 17:47:49.718.626] [INFO  ] [BasicMotion] Switching to force control mode, please wait... 
[2025-06-12 17:47:49.905.131] [INFO  ] [Battery] SoC = 90%, Volt = +32.200V, Temp 29 
[2025-06-12 17:47:50.720.659] [INFO  ] [TVMPC] JY is Moving... (tvmpc),  time: 845.601339 
[2025-06-12 17:47:50.935.639] [INFO  ] [Controller] [Joints] FL: +37.165, +30.236, +33.701 ,FR: +37.165, +31.969, +37.165, HL: 40.630, +30.236, +38.898, HR: +44.094, +30.236, +38.898 Max HR-HipX = +44.094 Min FL-HipY = +30.236 
[2025-06-12 17:47:51.340.630] [INFO  ] [Controller] Greeting2... 
[2025-06-12 17:47:51.440.628] [INFO  ] [Controller] Greeting2... 
[2025-06-12 17:47:51.540.627] [INFO  ] [Controller] Greeting2... 
[2025-06-12 17:47:51.640.633] [INFO  ] [Controller] Greeting2... 
[2025-06-12 17:47:51.740.629] [INFO  ] [Controller] Greeting2... 
[2025-06-12 17:47:51.840.629] [INFO  ] [Controller] Greeting2... 
[2025-06-12 17:47:51.941.625] [INFO  ] [Controller] Greeting2... 
[2025-06-12 17:47:52.041.624] [INFO  ] [Controller] Greeting2... 
[2025-06-12 17:47:52.141.626] [INFO  ] [Controller] Greeting2... 
[2025-06-12 17:47:52.241.625] [INFO  ] [Controller] Greeting2... 
[2025-06-12 17:47:52.341.625] [INFO  ] [Controller] Greeting2... 
[2025-06-12 17:47:52.441.623] [INFO  ] [Controller] Greeting2... 
[2025-06-12 17:47:52.541.625] [INFO  ] [Controller] Greeting2... 
[2025-06-12 17:47:52.641.624] [INFO  ] [Controller] Greeting2... 
[2025-06-12 17:47:52.742.637] [INFO  ] [Controller] Greeting2... 
[2025-06-12 17:47:52.842.629] [INFO  ] [Controller] Greeting2... 
[2025-06-12 17:47:52.942.632] [INFO  ] [Controller] Greeting2... 
[2025-06-12 17:47:52.971.038] [INFO  ] [TVMPC] [trot]STOP!!! 
[2025-06-12 17:47:52.971.623] [INFO  ] [BasicMotion] Switching to force control mode, please wait... 
[2025-06-12 17:47:53.042.628] [INFO  ] [Controller] Greeting2... 
[2025-06-12 17:47:53.042.677] [INFO  ] [BasicMotion] Greeting, please wait... 
[2025-06-12 17:47:53.142.632] [INFO  ] [Controller] Greeting2... 
[2025-06-12 17:47:53.242.634] [INFO  ] [Controller] Greeting2... 
[2025-06-12 17:47:53.342.635] [INFO  ] [Controller] Greeting2... 
[2025-06-12 17:47:53.435.644] [INFO  ] [Controller] [Joints] FL: +37.165, +30.236, +33.701 ,FR: +37.165, +31.969, +37.165, HL: 40.630, +30.236, +40.630, HR: +44.094, +30.236, +40.630 Max HR-HipX = +44.094 Min FL-HipY = +30.236 
[2025-06-12 17:47:53.443.624] [INFO  ] [Controller] Greeting2... 
[2025-06-12 17:47:53.543.631] [INFO  ] [Controller] Greeting2... 
[2025-06-12 17:47:53.643.631] [INFO  ] [Controller] Greeting2... 
[2025-06-12 17:47:53.743.633] [INFO  ] [Controller] Greeting2... 
[2025-06-12 17:47:53.843.631] [INFO  ] [Controller] Greeting2... 
[2025-06-12 17:47:53.943.634] [INFO  ] [Controller] Greeting2... 
[2025-06-12 17:47:54.043.630] [INFO  ] [Controller] Greeting2... 
[2025-06-12 17:47:54.144.627] [INFO  ] [Controller] Greeting2... 
[2025-06-12 17:47:54.244.626] [INFO  ] [Controller] Greeting2... 
[2025-06-12 17:47:54.344.631] [INFO  ] [Controller] Greeting2... 
[2025-06-12 17:47:54.444.681] [INFO  ] [Controller] Greeting2... 
[2025-06-12 17:47:54.544.626] [INFO  ] [Controller] Greeting2... 
[2025-06-12 17:47:54.553.622] [INFO  ] [BasicMotion] Greeting Third State End ... 
[2025-06-12 17:47:54.644.625] [INFO  ] [Controller] Greeting2... 
[2025-06-12 17:47:54.744.628] [INFO  ] [Controller] Greeting2... 
[2025-06-12 17:47:54.845.629] [INFO  ] [Controller] Greeting2... 
[2025-06-12 17:47:54.901.012] [INFO  ] [Battery] SoC = 90%, Volt = +32.300V, Temp 29 
[2025-06-12 17:47:54.945.627] [INFO  ] [Controller] Greeting2... 
[2025-06-12 17:47:55.045.630] [INFO  ] [Controller] Greeting2... 
[2025-06-12 17:47:55.053.627] [INFO  ] [BasicMotion] waving_cnt: 1 
[2025-06-12 17:47:55.145.626] [INFO  ] [Controller] Greeting2... 
[2025-06-12 17:47:55.245.628] [INFO  ] [Controller] Greeting2... 
[2025-06-12 17:47:55.345.626] [INFO  ] [Controller] Greeting2... 
[2025-06-12 17:47:55.445.628] [INFO  ] [Controller] Greeting2... 
[2025-06-12 17:47:55.545.627] [INFO  ] [Controller] Greeting2... 
[2025-06-12 17:47:55.554.622] [INFO  ] [BasicMotion] waving_cnt: 2 
[2025-06-12 17:47:55.646.626] [INFO  ] [Controller] Greeting2... 
[2025-06-12 17:47:55.746.629] [INFO  ] [Controller] Greeting2... 
[2025-06-12 17:47:55.846.624] [INFO  ] [Controller] Greeting2... 
[2025-06-12 17:47:55.935.644] [INFO  ] [Controller] [Joints] FL: +37.165, +30.236, +33.701 ,FR: +37.165, +31.969, +37.165, HL: 40.630, +30.236, +40.630, HR: +44.094, +30.236, +40.630 Max HR-HipX = +44.094 Min FL-HipY = +30.236 
[2025-06-12 17:47:55.946.616] [INFO  ] [Controller] Greeting2... 
[2025-06-12 17:47:56.046.630] [INFO  ] [Controller] Greeting2... 
[2025-06-12 17:47:56.055.622] [INFO  ] [BasicMotion] waving_cnt: 3 
[2025-06-12 17:47:56.146.624] [INFO  ] [Controller] Greeting2... 
[2025-06-12 17:47:56.246.624] [INFO  ] [Controller] Greeting2... 
[2025-06-12 17:47:56.346.631] [INFO  ] [Controller] Greeting2... 
[2025-06-12 17:47:56.447.625] [INFO  ] [Controller] Greeting2... 
[2025-06-12 17:47:56.547.626] [INFO  ] [Controller] Greeting2... 
[2025-06-12 17:47:56.555.622] [INFO  ] [BasicMotion] waving_cnt: 4 
[2025-06-12 17:47:56.647.626] [INFO  ] [Controller] Greeting2... 
[2025-06-12 17:47:56.747.626] [INFO  ] [Controller] Greeting2... 
[2025-06-12 17:47:56.847.626] [INFO  ] [Controller] Greeting2... 
[2025-06-12 17:47:56.947.626] [INFO  ] [Controller] Greeting2... 
[2025-06-12 17:47:57.047.626] [INFO  ] [Controller] Greeting2... 
[2025-06-12 17:47:57.056.621] [INFO  ] [BasicMotion] waving_cnt: 5 
[2025-06-12 17:47:57.147.625] [INFO  ] [Controller] Greeting2... 
[2025-06-12 17:47:57.248.626] [INFO  ] [Controller] Greeting2... 
[2025-06-12 17:47:57.348.625] [INFO  ] [Controller] Greeting2... 
[2025-06-12 17:47:57.448.626] [INFO  ] [Controller] Greeting2... 
[2025-06-12 17:47:57.548.626] [INFO  ] [Controller] Greeting2... 
[2025-06-12 17:47:57.556.620] [INFO  ] [BasicMotion] waving_cnt: 6 
[2025-06-12 17:47:57.648.626] [INFO  ] [Controller] Greeting2... 
[2025-06-12 17:47:57.748.625] [INFO  ] [Controller] Greeting2... 
[2025-06-12 17:47:57.849.626] [INFO  ] [Controller] Greeting2... 
[2025-06-12 17:47:57.949.626] [INFO  ] [Controller] Greeting2... 
[2025-06-12 17:47:58.049.626] [INFO  ] [Controller] Greeting2... 
[2025-06-12 17:47:58.056.632] [INFO  ] [BasicMotion] waving_cnt: 7 
[2025-06-12 17:47:58.149.623] [INFO  ] [Controller] Greeting2... 
[2025-06-12 17:47:58.249.628] [INFO  ] [Controller] Greeting2... 
[2025-06-12 17:47:58.435.643] [INFO  ] [Controller] [Joints] FL: +37.165, +31.969, +33.701 ,FR: +37.165, +31.969, +37.165, HL: 40.630, +30.236, +40.630, HR: +44.094, +30.236, +40.630 Max HR-HipX = +44.094 Min HL-HipY = +30.236 
[2025-06-12 17:47:58.557.637] [INFO  ] [BasicMotion] waving_cnt: 8 
[2025-06-12 17:47:59.058.639] [INFO  ] [BasicMotion] waving_cnt: 9 
[2025-06-12 17:47:59.896.956] [INFO  ] [Battery] SoC = 90%, Volt = +32.200V, Temp 29 
[2025-06-12 17:48:00.935.647] [INFO  ] [Controller] [Joints] FL: +37.165, +31.969, +35.433 ,FR: +37.165, +31.969, +37.165, HL: 38.898, +30.236, +40.630, HR: +44.094, +30.236, +40.630 Max HR-HipX = +44.094 Min HL-HipY = +30.236 
[2025-06-12 17:48:01.061.636] [INFO  ] [BasicMotion] Stand up action has finished, waitting to switch to force control mode! 
[2025-06-12 17:48:01.061.675] [INFO  ] [BasicMotion] Switching to force control mode, please wait... 
[2025-06-12 17:48:01.862.659] [INFO  ] [TVMPC] JY is Moving... (tvmpc),  time: 856.743338 
[2025-06-12 17:48:03.435.638] [INFO  ] [Controller] [Joints] FL: +37.165, +31.969, +35.433 ,FR: +37.165, +31.969, +37.165, HL: 38.898, +30.236, +42.362, HR: +44.094, +30.236, +40.630 Max HR-HipX = +44.094 Min HL-HipY = +30.236 
[2025-06-12 17:48:04.058.625] [INFO  ] [Controller] KeepRun ... 
[2025-06-12 17:48:04.158.626] [INFO  ] [Controller] KeepRun ... 
[2025-06-12 17:48:04.258.625] [INFO  ] [Controller] KeepRun ... 
[2025-06-12 17:48:04.358.626] [INFO  ] [Controller] KeepRun ... 
[2025-06-12 17:48:04.459.625] [INFO  ] [Controller] KeepRun ... 
[2025-06-12 17:48:04.559.627] [INFO  ] [Controller] KeepRun ... 
[2025-06-12 17:48:04.659.625] [INFO  ] [Controller] KeepRun ... 
[2025-06-12 17:48:04.759.625] [INFO  ] [Controller] KeepRun ... 
[2025-06-12 17:48:04.859.625] [INFO  ] [Controller] KeepRun ... 
[2025-06-12 17:48:04.892.879] [INFO  ] [Battery] SoC = 90%, Volt = +32.100V, Temp 29 
[2025-06-12 17:48:04.959.625] [INFO  ] [Controller] KeepRun ... 
[2025-06-12 17:48:05.060.626] [INFO  ] [Controller] AutoStop ... 
[2025-06-12 17:48:05.762.627] [INFO  ] [Controller] KeepRun ... 
[2025-06-12 17:48:05.862.626] [INFO  ] [Controller] KeepRun ... 
[2025-06-12 17:48:05.935.638] [INFO  ] [Controller] [Joints] FL: +37.165, +31.969, +35.433 ,FR: +37.165, +31.969, +37.165, HL: 38.898, +30.236, +42.362, HR: +42.362, +30.236, +42.362 Max HL-Knee = +42.362 Min HL-HipY = +30.236 
[2025-06-12 17:48:05.963.627] [INFO  ] [Controller] KeepRun ... 
[2025-06-12 17:48:06.063.626] [INFO  ] [Controller] KeepRun ... 
[2025-06-12 17:48:06.163.626] [INFO  ] [Controller] KeepRun ... 
[2025-06-12 17:48:06.263.627] [INFO  ] [Controller] KeepRun ... 
[2025-06-12 17:48:06.363.626] [INFO  ] [Controller] KeepRun ... 
[2025-06-12 17:48:06.463.625] [INFO  ] [Controller] KeepRun ... 
[2025-06-12 17:48:06.563.626] [INFO  ] [Controller] KeepRun ... 
[2025-06-12 17:48:06.664.624] [INFO  ] [Controller] KeepRun ... 
[2025-06-12 17:48:06.764.624] [INFO  ] [Controller] trot run2... 
[2025-06-12 17:48:06.865.624] [INFO  ] [Controller] trot run2... 
[2025-06-12 17:48:06.965.624] [INFO  ] [Controller] trot run2... 
[2025-06-12 17:48:07.065.624] [INFO  ] [Controller] trot run2... 
[2025-06-12 17:48:07.165.625] [INFO  ] [Controller] trot run2... 
[2025-06-12 17:48:07.265.623] [INFO  ] [Controller] trot run2... 
[2025-06-12 17:48:07.365.623] [INFO  ] [Controller] trot run2... 
[2025-06-12 17:48:07.465.625] [INFO  ] [Controller] trot run2... 
[2025-06-12 17:48:07.566.636] [INFO  ] [Controller] trot run2... 
[2025-06-12 17:48:07.666.624] [INFO  ] [Controller] trot run2... 
[2025-06-12 17:48:08.435.638] [INFO  ] [Controller] [Joints] FL: +37.165, +31.969, +35.433 ,FR: +37.165, +31.969, +37.165, HL: 40.630, +30.236, +42.362, HR: +42.362, +30.236, +42.362 Max HL-Knee = +42.362 Min HL-HipY = +30.236 
[2025-06-12 17:48:09.369.623] [INFO  ] [Controller] AutoStop ... 
[2025-06-12 17:48:09.470.633] [INFO  ] [Controller] Greeting2... 
[2025-06-12 17:48:09.570.632] [INFO  ] [Controller] Greeting2... 
[2025-06-12 17:48:09.671.631] [INFO  ] [Controller] Greeting2... 
[2025-06-12 17:48:09.771.626] [INFO  ] [Controller] Greeting2... 
[2025-06-12 17:48:09.871.625] [INFO  ] [Controller] Greeting2... 
[2025-06-12 17:48:09.888.818] [INFO  ] [Battery] SoC = 90%, Volt = +31.600V, Temp 29 
[2025-06-12 17:48:09.971.639] [INFO  ] [Controller] Greeting2... 
[2025-06-12 17:48:10.071.628] [INFO  ] [Controller] Greeting2... 
[2025-06-12 17:48:10.171.628] [INFO  ] [Controller] Greeting2... 
[2025-06-12 17:48:10.271.629] [INFO  ] [Controller] Greeting2... 
[2025-06-12 17:48:10.371.630] [INFO  ] [Controller] Greeting2... 
[2025-06-12 17:48:10.472.626] [INFO  ] [Controller] Greeting2... 
[2025-06-12 17:48:10.572.629] [INFO  ] [Controller] Greeting2... 
[2025-06-12 17:48:10.672.632] [INFO  ] [Controller] Greeting2... 
[2025-06-12 17:48:10.772.629] [INFO  ] [Controller] Greeting2... 
[2025-06-12 17:48:10.872.632] [INFO  ] [Controller] Greeting2... 
[2025-06-12 17:48:10.935.637] [INFO  ] [Controller] [Joints] FL: +37.165, +31.969, +35.433 ,FR: +37.165, +31.969, +37.165, HL: 40.630, +30.236, +44.094, HR: +42.362, +30.236, +44.094 Max HL-Knee = +44.094 Min HL-HipY = +30.236 
[2025-06-12 17:48:10.972.629] [INFO  ] [Controller] Greeting2... 
[2025-06-12 17:48:11.073.626] [INFO  ] [Controller] Greeting2... 
[2025-06-12 17:48:11.133.642] [INFO  ] [BasicMotion] Switching to force control mode, please wait... 
[2025-06-12 17:48:11.173.625] [INFO  ] [Controller] Greeting2... 
[2025-06-12 17:48:11.173.668] [INFO  ] [BasicMotion] Greeting, please wait... 
[2025-06-12 17:48:11.273.626] [INFO  ] [Controller] Greeting2... 
[2025-06-12 17:48:11.373.626] [INFO  ] [Controller] Greeting2... 
[2025-06-12 17:48:11.473.627] [INFO  ] [Controller] Greeting2... 
[2025-06-12 17:48:11.573.628] [INFO  ] [Controller] Greeting2... 
[2025-06-12 17:48:11.673.626] [INFO  ] [Controller] Greeting2... 
[2025-06-12 17:48:11.773.626] [INFO  ] [Controller] Greeting2... 
[2025-06-12 17:48:11.873.631] [INFO  ] [Controller] Greeting2... 
[2025-06-12 17:48:11.974.629] [INFO  ] [Controller] Greeting2... 
[2025-06-12 17:48:12.074.630] [INFO  ] [Controller] Greeting2... 
[2025-06-12 17:48:12.174.680] [INFO  ] [Controller] Greeting2... 
[2025-06-12 17:48:12.274.626] [INFO  ] [Controller] Greeting2... 
[2025-06-12 17:48:12.374.627] [INFO  ] [Controller] Greeting2... 
[2025-06-12 17:48:12.474.626] [INFO  ] [Controller] Greeting2... 
[2025-06-12 17:48:12.574.631] [INFO  ] [Controller] Greeting2... 
[2025-06-12 17:48:12.675.627] [INFO  ] [Controller] Greeting2... 
[2025-06-12 17:48:12.684.620] [INFO  ] [BasicMotion] Greeting Third State End ... 
[2025-06-12 17:48:12.775.626] [INFO  ] [Controller] Greeting2... 
[2025-06-12 17:48:12.875.625] [INFO  ] [Controller] Greeting2... 
[2025-06-12 17:48:12.975.626] [INFO  ] [Controller] Greeting2... 
[2025-06-12 17:48:13.075.627] [INFO  ] [Controller] Greeting2... 
[2025-06-12 17:48:13.175.627] [INFO  ] [Controller] Greeting2... 
[2025-06-12 17:48:13.184.626] [INFO  ] [BasicMotion] waving_cnt: 1 
[2025-06-12 17:48:13.275.627] [INFO  ] [Controller] Greeting2... 
[2025-06-12 17:48:13.376.625] [INFO  ] [Controller] Greeting2... 
[2025-06-12 17:48:13.435.648] [INFO  ] [Controller] [Joints] FL: +37.165, +31.969, +37.165 ,FR: +38.898, +31.969, +38.898, HL: 40.630, +30.236, +44.094, HR: +44.094, +30.236, +45.827 Max HR-Knee = +45.827 Min HL-HipY = +30.236 
[2025-06-12 17:48:13.476.630] [INFO  ] [Controller] Greeting2... 
[2025-06-12 17:48:13.576.626] [INFO  ] [Controller] Greeting2... 
[2025-06-12 17:48:13.676.627] [INFO  ] [Controller] Greeting2... 
[2025-06-12 17:48:13.685.618] [INFO  ] [BasicMotion] waving_cnt: 2 
[2025-06-12 17:48:13.776.645] [INFO  ] [Controller] Greeting2... 
[2025-06-12 17:48:13.876.627] [INFO  ] [Controller] Greeting2... 
[2025-06-12 17:48:13.976.644] [INFO  ] [Controller] Greeting2... 
[2025-06-12 17:48:14.076.636] [INFO  ] [Controller] Greeting2... 
[2025-06-12 17:48:14.177.627] [INFO  ] [Controller] Greeting2... 
[2025-06-12 17:48:14.186.620] [INFO  ] [BasicMotion] waving_cnt: 3 
[2025-06-12 17:48:14.277.627] [INFO  ] [Controller] Greeting2... 
[2025-06-12 17:48:14.377.626] [INFO  ] [Controller] Greeting2... 
[2025-06-12 17:48:14.477.628] [INFO  ] [Controller] Greeting2... 
[2025-06-12 17:48:14.577.627] [INFO  ] [Controller] Greeting2... 
[2025-06-12 17:48:14.677.627] [INFO  ] [Controller] Greeting2... 
[2025-06-12 17:48:14.686.620] [INFO  ] [BasicMotion] waving_cnt: 4 
[2025-06-12 17:48:14.777.628] [INFO  ] [Controller] Greeting2... 
[2025-06-12 17:48:14.877.626] [INFO  ] [Controller] Greeting2... 
[2025-06-12 17:48:14.884.810] [INFO  ] [Battery] SoC = 90%, Volt = +32.200V, Temp 29 
[2025-06-12 17:48:14.978.627] [INFO  ] [Controller] Greeting2... 
[2025-06-12 17:48:15.078.626] [INFO  ] [Controller] Greeting2... 
[2025-06-12 17:48:15.178.628] [INFO  ] [Controller] Greeting2... 
[2025-06-12 17:48:15.186.626] [INFO  ] [BasicMotion] waving_cnt: 5 
[2025-06-12 17:48:15.278.627] [INFO  ] [Controller] Greeting2... 
[2025-06-12 17:48:15.378.627] [INFO  ] [Controller] Greeting2... 
[2025-06-12 17:48:15.478.627] [INFO  ] [Controller] Greeting2... 
[2025-06-12 17:48:15.578.628] [INFO  ] [Controller] Greeting2... 
[2025-06-12 17:48:15.678.640] [INFO  ] [Controller] Greeting2... 
[2025-06-12 17:48:15.687.621] [INFO  ] [BasicMotion] waving_cnt: 6 
[2025-06-12 17:48:15.779.641] [INFO  ] [Controller] Greeting2... 
[2025-06-12 17:48:15.879.626] [INFO  ] [Controller] Greeting2... 
[2025-06-12 17:48:15.935.652] [INFO  ] [Controller] [Joints] FL: +37.165, +31.969, +37.165 ,FR: +38.898, +31.969, +38.898, HL: 40.630, +30.236, +45.827, HR: +44.094, +30.236, +45.827 Max HL-Knee = +45.827 Min HL-HipY = +30.236 
[2025-06-12 17:48:15.979.623] [INFO  ] [Controller] Greeting2... 
[2025-06-12 17:48:16.079.626] [INFO  ] [Controller] Greeting2... 
[2025-06-12 17:48:16.179.627] [INFO  ] [Controller] Greeting2... 
[2025-06-12 17:48:16.187.622] [INFO  ] [BasicMotion] waving_cnt: 7 
[2025-06-12 17:48:16.279.627] [INFO  ] [Controller] Greeting2... 
[2025-06-12 17:48:16.379.627] [INFO  ] [Controller] Greeting2... 
[2025-06-12 17:48:16.480.626] [INFO  ] [Controller] KeepRun ... 
[2025-06-12 17:48:16.580.626] [INFO  ] [Controller] KeepRun ... 
[2025-06-12 17:48:16.681.627] [INFO  ] [Controller] KeepRun ... 
[2025-06-12 17:48:16.688.625] [INFO  ] [BasicMotion] waving_cnt: 8 
[2025-06-12 17:48:16.781.629] [INFO  ] [Controller] KeepRun ... 
[2025-06-12 17:48:16.881.628] [INFO  ] [Controller] KeepRun ... 
[2025-06-12 17:48:16.981.627] [INFO  ] [Controller] KeepRun ... 
[2025-06-12 17:48:17.081.628] [INFO  ] [Controller] KeepRun ... 
[2025-06-12 17:48:17.181.628] [INFO  ] [Controller] KeepRun ... 
[2025-06-12 17:48:17.189.621] [INFO  ] [BasicMotion] waving_cnt: 9 
[2025-06-12 17:48:17.281.629] [INFO  ] [Controller] KeepRun ... 
[2025-06-12 17:48:17.381.629] [INFO  ] [Controller] KeepRun ... 
[2025-06-12 17:48:17.482.628] [INFO  ] [Controller] KeepRun ... 
[2025-06-12 17:48:17.582.627] [INFO  ] [Controller] KeepRun ... 
[2025-06-12 17:48:17.682.629] [INFO  ] [Controller] KeepRun ... 
[2025-06-12 17:48:17.782.628] [INFO  ] [Controller] KeepRun ... 
[2025-06-12 17:48:17.882.628] [INFO  ] [Controller] KeepRun ... 
[2025-06-12 17:48:17.982.629] [INFO  ] [Controller] KeepRun ... 
[2025-06-12 17:48:18.082.628] [INFO  ] [Controller] KeepRun ... 
[2025-06-12 17:48:18.182.629] [INFO  ] [Controller] KeepRun ... 
[2025-06-12 17:48:18.283.627] [INFO  ] [Controller] KeepRun ... 
[2025-06-12 17:48:18.383.628] [INFO  ] [Controller] KeepRun ... 
[2025-06-12 17:48:18.435.647] [INFO  ] [Controller] [Joints] FL: +37.165, +33.701, +37.165 ,FR: +38.898, +31.969, +38.898, HL: 40.630, +31.969, +45.827, HR: +44.094, +30.236, +45.827 Max HL-Knee = +45.827 Min HR-HipY = +30.236 
[2025-06-12 17:48:18.483.627] [INFO  ] [Controller] KeepRun ... 
[2025-06-12 17:48:18.583.627] [INFO  ] [Controller] KeepRun ... 
[2025-06-12 17:48:18.683.626] [INFO  ] [Controller] KeepRun ... 
[2025-06-12 17:48:18.783.626] [INFO  ] [Controller] KeepRun ... 
[2025-06-12 17:48:18.883.628] [INFO  ] [Controller] KeepRun ... 
[2025-06-12 17:48:18.984.629] [INFO  ] [Controller] KeepRun ... 
[2025-06-12 17:48:19.084.626] [INFO  ] [Controller] KeepRun ... 
[2025-06-12 17:48:19.184.627] [INFO  ] [Controller] KeepRun ... 
[2025-06-12 17:48:19.191.620] [INFO  ] [BasicMotion] Stand up action has finished, waitting to switch to force control mode! 
[2025-06-12 17:48:19.191.638] [INFO  ] [BasicMotion] Switching to force control mode, please wait... 
[2025-06-12 17:48:19.284.627] [INFO  ] [Controller] KeepRun ... 
[2025-06-12 17:48:19.384.623] [INFO  ] [Controller] KeepRun ... 
[2025-06-12 17:48:19.485.628] [INFO  ] [Controller] trot run2... 
[2025-06-12 17:48:19.585.628] [INFO  ] [Controller] trot run2... 
[2025-06-12 17:48:19.685.626] [INFO  ] [Controller] trot run2... 
[2025-06-12 17:48:19.785.628] [INFO  ] [Controller] trot run2... 
[2025-06-12 17:48:19.880.861] [INFO  ] [Battery] SoC = 90%, Volt = +32.100V, Temp 29 
[2025-06-12 17:48:19.886.614] [INFO  ] [Controller] trot run2... 
[2025-06-12 17:48:19.986.634] [INFO  ] [Controller] trot run2... 
[2025-06-12 17:48:19.992.643] [INFO  ] [TVMPC] JY is Moving... (tvmpc),  time: 874.873339 
[2025-06-12 17:48:20.086.623] [INFO  ] [Controller] trot run2... 
[2025-06-12 17:48:20.186.627] [INFO  ] [Controller] trot run2... 
[2025-06-12 17:48:20.286.639] [INFO  ] [Controller] trot run2... 
[2025-06-12 17:48:20.386.625] [INFO  ] [Controller] trot run2... 
[2025-06-12 17:48:20.935.645] [INFO  ] [Controller] [Joints] FL: +37.165, +33.701, +37.165 ,FR: +38.898, +31.969, +38.898, HL: 40.630, +31.969, +45.827, HR: +44.094, +30.236, +45.827 Max HL-Knee = +45.827 Min HR-HipY = +30.236 
[2025-06-12 17:48:22.290.626] [INFO  ] [Controller] trot... 
[2025-06-12 17:48:22.391.625] [INFO  ] [Controller] trot... 
[2025-06-12 17:48:22.491.627] [INFO  ] [Controller] trot... 
[2025-06-12 17:48:22.591.628] [INFO  ] [Controller] trot... 
[2025-06-12 17:48:22.691.626] [INFO  ] [Controller] trot... 
[2025-06-12 17:48:22.791.627] [INFO  ] [Controller] trot... 
[2025-06-12 17:48:22.891.628] [INFO  ] [Controller] trot... 
[2025-06-12 17:48:22.991.625] [INFO  ] [Controller] trot... 
[2025-06-12 17:48:23.092.625] [INFO  ] [Controller] trot... 
[2025-06-12 17:48:23.192.625] [INFO  ] [Controller] trot... 
[2025-06-12 17:48:23.435.645] [INFO  ] [Controller] [Joints] FL: +37.165, +33.701, +38.898 ,FR: +38.898, +31.969, +38.898, HL: 42.362, +31.969, +45.827, HR: +44.094, +30.236, +47.559 Max HR-Knee = +47.559 Min HR-HipY = +30.236 
[2025-06-12 17:48:24.595.625] [INFO  ] [Controller] KeepRun ... 
[2025-06-12 17:48:24.695.625] [INFO  ] [Controller] KeepRun ... 
[2025-06-12 17:48:24.795.625] [INFO  ] [Controller] KeepRun ... 
[2025-06-12 17:48:24.877.009] [INFO  ] [Battery] SoC = 90%, Volt = +32.100V, Temp 29 
[2025-06-12 17:48:24.896.618] [INFO  ] [Controller] KeepRun ... 
[2025-06-12 17:48:24.996.639] [INFO  ] [Controller] KeepRun ... 
[2025-06-12 17:48:25.096.625] [INFO  ] [Controller] KeepRun ... 
[2025-06-12 17:48:25.196.626] [INFO  ] [Controller] KeepRun ... 
[2025-06-12 17:48:25.296.636] [INFO  ] [Controller] KeepRun ... 
[2025-06-12 17:48:25.396.625] [INFO  ] [Controller] KeepRun ... 
[2025-06-12 17:48:25.497.626] [INFO  ] [Controller] KeepRun ... 
[2025-06-12 17:48:25.597.627] [INFO  ] [Controller] trot run2... 
[2025-06-12 17:48:25.697.625] [INFO  ] [Controller] trot run2... 
[2025-06-12 17:48:25.798.631] [INFO  ] [Controller] trot run2... 
[2025-06-12 17:48:25.898.631] [INFO  ] [Controller] trot run2... 
[2025-06-12 17:48:25.935.644] [INFO  ] [Controller] [Joints] FL: +38.898, +33.701, +38.898 ,FR: +38.898, +31.969, +38.898, HL: 42.362, +31.969, +45.827, HR: +44.094, +31.969, +47.559 Max HR-Knee = +47.559 Min FR-HipY = +31.969 
[2025-06-12 17:48:25.998.628] [INFO  ] [Controller] trot run2... 
[2025-06-12 17:48:26.098.634] [INFO  ] [Controller] trot run2... 
[2025-06-12 17:48:26.198.633] [INFO  ] [Controller] trot run2... 
[2025-06-12 17:48:26.298.624] [INFO  ] [Controller] trot run2... 
[2025-06-12 17:48:26.399.630] [INFO  ] [Controller] trot run2... 
[2025-06-12 17:48:26.499.628] [INFO  ] [Controller] trot run2... 
[2025-06-12 17:48:28.203.627] [INFO  ] [Controller] AutoStop ... 
[2025-06-12 17:48:28.303.639] [INFO  ] [Controller] Greeting2... 
[2025-06-12 17:48:28.404.632] [INFO  ] [Controller] Greeting2... 
[2025-06-12 17:48:28.435.640] [INFO  ] [Controller] [Joints] FL: +38.898, +35.433, +38.898 ,FR: +38.898, +31.969, +38.898, HL: 42.362, +31.969, +47.559, HR: +44.094, +31.969, +49.291 Max HR-Knee = +49.291 Min FR-HipY = +31.969 
[2025-06-12 17:48:28.504.629] [INFO  ] [Controller] Greeting2... 
[2025-06-12 17:48:28.604.659] [INFO  ] [Controller] Greeting2... 
[2025-06-12 17:48:28.704.629] [INFO  ] [Controller] Greeting2... 
[2025-06-12 17:48:28.804.629] [INFO  ] [Controller] Greeting2... 
[2025-06-12 17:48:28.904.628] [INFO  ] [Controller] Greeting2... 
[2025-06-12 17:48:29.005.894] [INFO  ] [Controller] Greeting2... 
[2025-06-12 17:48:29.105.626] [INFO  ] [Controller] Greeting2... 
[2025-06-12 17:48:29.205.626] [INFO  ] [Controller] Greeting2... 
[2025-06-12 17:48:29.305.627] [INFO  ] [Controller] Greeting2... 
[2025-06-12 17:48:29.405.625] [INFO  ] [Controller] Greeting2... 
[2025-06-12 17:48:29.505.625] [INFO  ] [Controller] Greeting2... 
[2025-06-12 17:48:29.605.625] [INFO  ] [Controller] Greeting2... 
[2025-06-12 17:48:29.705.625] [INFO  ] [Controller] Greeting2... 
[2025-06-12 17:48:29.806.624] [INFO  ] [Controller] Greeting2... 
[2025-06-12 17:48:29.863.634] [INFO  ] [BasicMotion] Switching to force control mode, please wait... 
[2025-06-12 17:48:29.873.074] [INFO  ] [Battery] SoC = 89%, Volt = +32.000V, Temp 29 
[2025-06-12 17:48:29.906.623] [INFO  ] [Controller] Greeting2... 
[2025-06-12 17:48:29.906.659] [INFO  ] [BasicMotion] Greeting, please wait... 
[2025-06-12 17:48:30.006.635] [INFO  ] [Controller] Greeting2... 
[2025-06-12 17:48:30.106.628] [INFO  ] [Controller] Greeting2... 
[2025-06-12 17:48:30.206.627] [INFO  ] [Controller] Greeting2... 
[2025-06-12 17:48:30.306.636] [INFO  ] [Controller] Greeting2... 
[2025-06-12 17:48:30.407.628] [INFO  ] [Controller] Greeting2... 
[2025-06-12 17:48:30.507.627] [INFO  ] [Controller] Greeting2... 
[2025-06-12 17:48:30.607.628] [INFO  ] [Controller] Greeting2... 
[2025-06-12 17:48:30.707.628] [INFO  ] [Controller] Greeting2... 
[2025-06-12 17:48:30.807.628] [INFO  ] [Controller] Greeting2... 
[2025-06-12 17:48:30.907.628] [INFO  ] [Controller] Greeting2... 
[2025-06-12 17:48:30.935.641] [INFO  ] [Controller] [Joints] FL: +38.898, +35.433, +38.898 ,FR: +40.630, +31.969, +40.630, HL: 42.362, +31.969, +47.559, HR: +44.094, +31.969, +49.291 Max HR-Knee = +49.291 Min FR-HipY = +31.969 
[2025-06-12 17:48:31.007.627] [INFO  ] [Controller] Greeting2... 
[2025-06-12 17:48:31.107.627] [INFO  ] [Controller] Greeting2... 
[2025-06-12 17:48:31.208.626] [INFO  ] [Controller] Greeting2... 
[2025-06-12 17:48:31.308.627] [INFO  ] [Controller] Greeting2... 
[2025-06-12 17:48:31.408.635] [INFO  ] [Controller] Greeting2... 
[2025-06-12 17:48:31.416.627] [INFO  ] [BasicMotion] Greeting Third State End ... 
[2025-06-12 17:48:31.508.626] [INFO  ] [Controller] Greeting2... 
[2025-06-12 17:48:31.608.626] [INFO  ] [Controller] Greeting2... 
[2025-06-12 17:48:31.708.626] [INFO  ] [Controller] Greeting2... 
[2025-06-12 17:48:31.808.630] [INFO  ] [Controller] Greeting2... 
[2025-06-12 17:48:31.909.629] [INFO  ] [Controller] Greeting2... 
[2025-06-12 17:48:31.917.621] [INFO  ] [BasicMotion] waving_cnt: 1 
[2025-06-12 17:48:32.009.628] [INFO  ] [Controller] Greeting2... 
[2025-06-12 17:48:32.109.629] [INFO  ] [Controller] Greeting2... 
[2025-06-12 17:48:32.209.628] [INFO  ] [Controller] Greeting2... 
[2025-06-12 17:48:32.309.628] [INFO  ] [Controller] Greeting2... 
[2025-06-12 17:48:32.409.627] [INFO  ] [Controller] Greeting2... 
[2025-06-12 17:48:32.418.622] [INFO  ] [BasicMotion] waving_cnt: 2 
[2025-06-12 17:48:32.509.628] [INFO  ] [Controller] Greeting2... 
[2025-06-12 17:48:32.609.629] [INFO  ] [Controller] Greeting2... 
[2025-06-12 17:48:32.710.628] [INFO  ] [Controller] Greeting2... 
[2025-06-12 17:48:32.810.628] [INFO  ] [Controller] Greeting2... 
[2025-06-12 17:48:32.910.630] [INFO  ] [Controller] Greeting2... 
[2025-06-12 17:48:32.918.623] [INFO  ] [BasicMotion] waving_cnt: 3 
[2025-06-12 17:48:33.010.628] [INFO  ] [Controller] Greeting2... 
[2025-06-12 17:48:33.110.629] [INFO  ] [Controller] Greeting2... 
[2025-06-12 17:48:33.210.624] [INFO  ] [Controller] Greeting2... 
[2025-06-12 17:48:33.310.629] [INFO  ] [Controller] Greeting2... 
[2025-06-12 17:48:33.411.629] [INFO  ] [Controller] Greeting2... 
[2025-06-12 17:48:33.419.620] [INFO  ] [BasicMotion] waving_cnt: 4 
[2025-06-12 17:48:33.435.636] [INFO  ] [Controller] [Joints] FL: +38.898, +35.433, +40.630 ,FR: +40.630, +33.701, +40.630, HL: 42.362, +31.969, +49.291, HR: +44.094, +31.969, +51.024 Max HR-Knee = +51.024 Min HL-HipY = +31.969 
[2025-06-12 17:48:33.511.626] [INFO  ] [Controller] Greeting2... 
[2025-06-12 17:48:33.611.628] [INFO  ] [Controller] Greeting2... 
[2025-06-12 17:48:33.711.628] [INFO  ] [Controller] Greeting2... 
[2025-06-12 17:48:33.811.628] [INFO  ] [Controller] Greeting2... 
[2025-06-12 17:48:33.911.628] [INFO  ] [Controller] Greeting2... 
[2025-06-12 17:48:33.919.622] [INFO  ] [BasicMotion] waving_cnt: 5 
[2025-06-12 17:48:34.011.627] [INFO  ] [Controller] Greeting2... 
[2025-06-12 17:48:34.111.630] [INFO  ] [Controller] Greeting2... 
[2025-06-12 17:48:34.212.629] [INFO  ] [Controller] Greeting2... 
[2025-06-12 17:48:34.312.628] [INFO  ] [Controller] Greeting2... 
[2025-06-12 17:48:34.412.629] [INFO  ] [Controller] Greeting2... 
[2025-06-12 17:48:34.419.621] [INFO  ] [BasicMotion] waving_cnt: 6 
[2025-06-12 17:48:34.512.632] [INFO  ] [Controller] Greeting2... 
[2025-06-12 17:48:34.612.709] [INFO  ] [Controller] Greeting2... 
[2025-06-12 17:48:34.712.632] [INFO  ] [Controller] Greeting2... 
[2025-06-12 17:48:34.813.627] [INFO  ] [Controller] Greeting2... 
[2025-06-12 17:48:34.869.136] [INFO  ] [Battery] SoC = 89%, Volt = +32.200V, Temp 29 
[2025-06-12 17:48:34.913.625] [INFO  ] [Controller] Greeting2... 
[2025-06-12 17:48:34.920.620] [INFO  ] [BasicMotion] waving_cnt: 7 
[2025-06-12 17:48:35.013.628] [INFO  ] [Controller] Greeting2... 
[2025-06-12 17:48:35.113.627] [INFO  ] [Controller] Greeting2... 
[2025-06-12 17:48:35.213.626] [INFO  ] [Controller] Greeting2... 
[2025-06-12 17:48:35.314.629] [INFO  ] [Controller] KeepRun ... 
[2025-06-12 17:48:35.414.629] [INFO  ] [Controller] KeepRun ... 
[2025-06-12 17:48:35.420.620] [INFO  ] [BasicMotion] waving_cnt: 8 
[2025-06-12 17:48:35.514.627] [INFO  ] [Controller] KeepRun ... 
[2025-06-12 17:48:35.614.630] [INFO  ] [Controller] KeepRun ... 
[2025-06-12 17:48:35.714.628] [INFO  ] [Controller] KeepRun ... 
[2025-06-12 17:48:35.815.627] [INFO  ] [Controller] KeepRun ... 
[2025-06-12 17:48:35.915.628] [INFO  ] [Controller] KeepRun ... 
[2025-06-12 17:48:35.920.622] [INFO  ] [BasicMotion] waving_cnt: 9 
[2025-06-12 17:48:35.935.633] [INFO  ] [Controller] [Joints] FL: +40.630, +35.433, +40.630 ,FR: +40.630, +33.701, +40.630, HL: 42.362, +31.969, +49.291, HR: +44.094, +31.969, +49.291 Max HL-Knee = +49.291 Min HL-HipY = +31.969 
[2025-06-12 17:48:36.015.628] [INFO  ] [Controller] KeepRun ... 
[2025-06-12 17:48:36.115.627] [INFO  ] [Controller] KeepRun ... 
[2025-06-12 17:48:36.215.628] [INFO  ] [Controller] KeepRun ... 
[2025-06-12 17:48:36.315.667] [INFO  ] [Controller] KeepRun ... 
[2025-06-12 17:48:36.416.626] [INFO  ] [Controller] KeepRun ... 
[2025-06-12 17:48:36.516.636] [INFO  ] [Controller] KeepRun ... 
[2025-06-12 17:48:36.616.628] [INFO  ] [Controller] KeepRun ... 
[2025-06-12 17:48:36.716.628] [INFO  ] [Controller] KeepRun ... 
[2025-06-12 17:48:36.816.637] [INFO  ] [Controller] KeepRun ... 
[2025-06-12 17:48:36.916.633] [INFO  ] [Controller] KeepRun ... 
[2025-06-12 17:48:37.017.677] [INFO  ] [Controller] KeepRun ... 
[2025-06-12 17:48:37.117.626] [INFO  ] [Controller] KeepRun ... 
[2025-06-12 17:48:37.217.627] [INFO  ] [Controller] KeepRun ... 
[2025-06-12 17:48:37.317.628] [INFO  ] [Controller] KeepRun ... 
[2025-06-12 17:48:37.417.628] [INFO  ] [Controller] KeepRun ... 
[2025-06-12 17:48:37.517.628] [INFO  ] [Controller] KeepRun ... 
[2025-06-12 17:48:37.617.627] [INFO  ] [Controller] KeepRun ... 
[2025-06-12 17:48:37.717.628] [INFO  ] [Controller] KeepRun ... 
[2025-06-12 17:48:37.818.628] [INFO  ] [Controller] KeepRun ... 
[2025-06-12 17:48:37.918.628] [INFO  ] [Controller] KeepRun ... 
[2025-06-12 17:48:37.923.620] [INFO  ] [BasicMotion] Stand up action has finished, waitting to switch to force control mode! 
[2025-06-12 17:48:37.923.634] [INFO  ] [BasicMotion] Switching to force control mode, please wait... 
[2025-06-12 17:48:38.018.627] [INFO  ] [Controller] KeepRun ... 
[2025-06-12 17:48:38.118.628] [INFO  ] [Controller] KeepRun ... 
[2025-06-12 17:48:38.218.627] [INFO  ] [Controller] KeepRun ... 
[2025-06-12 17:48:38.319.624] [INFO  ] [Controller] trot run2... 
[2025-06-12 17:48:38.419.627] [INFO  ] [Controller] trot run2... 
[2025-06-12 17:48:38.435.640] [INFO  ] [Controller] [Joints] FL: +38.898, +35.433, +40.630 ,FR: +40.630, +33.701, +40.630, HL: 42.362, +31.969, +49.291, HR: +44.094, +31.969, +49.291 Max HL-Knee = +49.291 Min HL-HipY = +31.969 
[2025-06-12 17:48:38.519.629] [INFO  ] [Controller] trot run2... 
[2025-06-12 17:48:38.619.627] [INFO  ] [Controller] trot run2... 
[2025-06-12 17:48:38.719.628] [INFO  ] [Controller] trot run2... 
[2025-06-12 17:48:38.724.645] [INFO  ] [TVMPC] JY is Moving... (tvmpc),  time: 893.605341 
[2025-06-12 17:48:38.820.624] [INFO  ] [Controller] trot run2... 
[2025-06-12 17:48:38.920.624] [INFO  ] [Controller] trot run2... 
[2025-06-12 17:48:39.020.625] [INFO  ] [Controller] trot run2... 
[2025-06-12 17:48:39.120.623] [INFO  ] [Controller] trot run2... 
[2025-06-12 17:48:39.220.628] [INFO  ] [Controller] trot run2... 
[2025-06-12 17:48:39.865.246] [INFO  ] [Battery] SoC = 89%, Volt = +31.700V, Temp 29 
[2025-06-12 17:48:40.942.640] [INFO  ] [Controller] [Joints] FL: +38.898, +35.433, +40.630 ,FR: +40.630, +33.701, +40.630, HL: 42.362, +31.969, +49.291, HR: +44.094, +31.969, +51.024 Max HR-Knee = +51.024 Min HL-HipY = +31.969 
[2025-06-12 17:48:41.124.628] [INFO  ] [Controller] trot... 
[2025-06-12 17:48:41.225.626] [INFO  ] [Controller] trot... 
[2025-06-12 17:48:41.325.623] [INFO  ] [Controller] trot... 
[2025-06-12 17:48:41.425.625] [INFO  ] [Controller] trot... 
[2025-06-12 17:48:41.525.626] [INFO  ] [Controller] trot... 
[2025-06-12 17:48:41.625.624] [INFO  ] [Controller] trot... 
[2025-06-12 17:48:41.725.624] [INFO  ] [Controller] trot... 
[2025-06-12 17:48:41.825.624] [INFO  ] [Controller] trot... 
[2025-06-12 17:48:41.926.625] [INFO  ] [Controller] trot... 
[2025-06-12 17:48:42.026.626] [INFO  ] [Controller] trot... 
[2025-06-12 17:48:42.728.627] [INFO  ] [Controller] AutoStop ... 
[2025-06-12 17:48:42.829.628] [INFO  ] [Controller] KeepRun ... 
[2025-06-12 17:48:42.929.627] [INFO  ] [Controller] KeepRun ... 
[2025-06-12 17:48:43.029.627] [INFO  ] [Controller] KeepRun ... 
[2025-06-12 17:48:43.129.629] [INFO  ] [Controller] KeepRun ... 
[2025-06-12 17:48:43.229.630] [INFO  ] [Controller] KeepRun ... 
[2025-06-12 17:48:43.330.625] [INFO  ] [Controller] KeepRun ... 
[2025-06-12 17:48:43.430.625] [INFO  ] [Controller] KeepRun ... 
[2025-06-12 17:48:43.447.635] [INFO  ] [Controller] [Joints] FL: +38.898, +35.433, +40.630 ,FR: +40.630, +33.701, +40.630, HL: 42.362, +31.969, +49.291, HR: +44.094, +31.969, +51.024 Max HR-Knee = +51.024 Min HL-HipY = +31.969 
[2025-06-12 17:48:43.530.623] [INFO  ] [Controller] KeepRun ... 
[2025-06-12 17:48:43.630.627] [INFO  ] [Controller] KeepRun ... 
[2025-06-12 17:48:43.730.625] [INFO  ] [Controller] KeepRun ... 
[2025-06-12 17:48:43.830.626] [INFO  ] [Controller] KeepRun ... 
[2025-06-12 17:48:43.930.624] [INFO  ] [Controller] KeepRun ... 
[2025-06-12 17:48:44.030.626] [INFO  ] [Controller] KeepRun ... 
[2025-06-12 17:48:44.131.627] [INFO  ] [Controller] KeepRun ... 
[2025-06-12 17:48:44.231.627] [INFO  ] [Controller] KeepRun ... 
[2025-06-12 17:48:44.331.625] [INFO  ] [Controller] KeepRun ... 
[2025-06-12 17:48:44.431.625] [INFO  ] [Controller] KeepRun ... 
[2025-06-12 17:48:44.531.625] [INFO  ] [Controller] KeepRun ... 
[2025-06-12 17:48:44.631.625] [INFO  ] [Controller] KeepRun ... 
[2025-06-12 17:48:44.731.625] [INFO  ] [Controller] KeepRun ... 
[2025-06-12 17:48:44.861.384] [INFO  ] [Battery] SoC = 89%, Volt = +32.100V, Temp 29 
[2025-06-12 17:48:45.947.643] [INFO  ] [Controller] [Joints] FL: +40.630, +35.433, +40.630 ,FR: +40.630, +33.701, +40.630, HL: 42.362, +31.969, +49.291, HR: +44.094, +31.969, +51.024 Max HR-Knee = +51.024 Min HL-HipY = +31.969 
[2025-06-12 17:48:48.447.639] [INFO  ] [Controller] [Joints] FL: +40.630, +35.433, +40.630 ,FR: +40.630, +33.701, +40.630, HL: 42.362, +31.969, +49.291, HR: +44.094, +31.969, +52.756 Max HR-Knee = +52.756 Min HL-HipY = +31.969 
[2025-06-12 17:48:49.857.514] [INFO  ] [Battery] SoC = 89%, Volt = +32.100V, Temp 29 
[2025-06-12 17:48:50.947.644] [INFO  ] [Controller] [Joints] FL: +40.630, +35.433, +40.630 ,FR: +40.630, +33.701, +40.630, HL: 42.362, +31.969, +49.291, HR: +45.827, +31.969, +52.756 Max HR-Knee = +52.756 Min HL-HipY = +31.969 
[2025-06-12 17:48:53.447.644] [INFO  ] [Controller] [Joints] FL: +40.630, +35.433, +40.630 ,FR: +40.630, +33.701, +40.630, HL: 42.362, +31.969, +49.291, HR: +45.827, +31.969, +52.756 Max HR-Knee = +52.756 Min HL-HipY = +31.969 
[2025-06-12 17:48:54.853.610] [INFO  ] [Battery] SoC = 89%, Volt = +32.100V, Temp 29 
[2025-06-12 17:48:55.951.637] [INFO  ] [Controller] [Joints] FL: +40.630, +35.433, +40.630 ,FR: +40.630, +33.701, +40.630, HL: 42.362, +31.969, +49.291, HR: +45.827, +31.969, +52.756 Max HR-Knee = +52.756 Min HL-HipY = +31.969 
[2025-06-12 17:48:58.451.638] [INFO  ] [Controller] [Joints] FL: +40.630, +35.433, +40.630 ,FR: +40.630, +33.701, +40.630, HL: 42.362, +31.969, +49.291, HR: +45.827, +31.969, +52.756 Max HR-Knee = +52.756 Min HL-HipY = +31.969 
[2025-06-12 17:48:59.849.717] [INFO  ] [Battery] SoC = 89%, Volt = +32.100V, Temp 29 
[2025-06-12 17:49:00.951.640] [INFO  ] [Controller] [Joints] FL: +40.630, +35.433, +40.630 ,FR: +40.630, +33.701, +40.630, HL: 42.362, +31.969, +49.291, HR: +45.827, +31.969, +52.756 Max HR-Knee = +52.756 Min HL-HipY = +31.969 
[2025-06-12 17:49:03.451.654] [INFO  ] [Controller] [Joints] FL: +40.630, +35.433, +40.630 ,FR: +40.630, +33.701, +40.630, HL: 42.362, +31.969, +49.291, HR: +45.827, +31.969, +52.756 Max HR-Knee = +52.756 Min HL-HipY = +31.969 
[2025-06-12 17:49:04.845.801] [INFO  ] [Battery] SoC = 89%, Volt = +32.100V, Temp 29 
[2025-06-12 17:49:05.951.638] [INFO  ] [Controller] [Joints] FL: +40.630, +35.433, +42.362 ,FR: +40.630, +33.701, +40.630, HL: 42.362, +31.969, +49.291, HR: +45.827, +31.969, +52.756 Max HR-Knee = +52.756 Min HL-HipY = +31.969 
[2025-06-12 17:49:08.451.639] [INFO  ] [Controller] [Joints] FL: +40.630, +35.433, +42.362 ,FR: +40.630, +33.701, +40.630, HL: 42.362, +31.969, +49.291, HR: +45.827, +31.969, +52.756 Max HR-Knee = +52.756 Min HL-HipY = +31.969 
[2025-06-12 17:49:09.841.770] [INFO  ] [Battery] SoC = 89%, Volt = +32.000V, Temp 29 
[2025-06-12 17:49:10.951.638] [INFO  ] [Controller] [Joints] FL: +40.630, +33.701, +42.362 ,FR: +40.630, +33.701, +40.630, HL: 42.362, +31.969, +49.291, HR: +45.827, +31.969, +52.756 Max HR-Knee = +52.756 Min HL-HipY = +31.969 
[2025-06-12 17:49:12.473.625] [INFO  ] [Controller] KeepRun ... 
[2025-06-12 17:49:12.573.626] [INFO  ] [Controller] KeepRun ... 
[2025-06-12 17:49:12.673.624] [INFO  ] [Controller] KeepRun ... 
[2025-06-12 17:49:12.773.624] [INFO  ] [Controller] KeepRun ... 
[2025-06-12 17:49:12.873.626] [INFO  ] [Controller] KeepRun ... 
[2025-06-12 17:49:12.973.627] [INFO  ] [Controller] KeepRun ... 
[2025-06-12 17:49:13.073.625] [INFO  ] [Controller] KeepRun ... 
[2025-06-12 17:49:13.174.625] [INFO  ] [Controller] KeepRun ... 
[2025-06-12 17:49:13.274.625] [INFO  ] [Controller] KeepRun ... 
[2025-06-12 17:49:13.374.625] [INFO  ] [Controller] KeepRun ... 
[2025-06-12 17:49:13.451.642] [INFO  ] [Controller] [Joints] FL: +40.630, +33.701, +42.362 ,FR: +40.630, +33.701, +40.630, HL: 42.362, +31.969, +47.559, HR: +44.094, +31.969, +52.756 Max HR-Knee = +52.756 Min HL-HipY = +31.969 
[2025-06-12 17:49:14.837.911] [INFO  ] [Battery] SoC = 88%, Volt = +32.100V, Temp 29 
[2025-06-12 17:49:15.951.648] [INFO  ] [Controller] [Joints] FL: +40.630, +33.701, +42.362 ,FR: +40.630, +33.701, +40.630, HL: 42.362, +31.969, +47.559, HR: +44.094, +31.969, +52.756 Max HR-Knee = +52.756 Min HL-HipY = +31.969 
[2025-06-12 17:49:18.451.646] [INFO  ] [Controller] [Joints] FL: +40.630, +33.701, +42.362 ,FR: +40.630, +33.701, +40.630, HL: 42.362, +31.969, +49.291, HR: +44.094, +31.969, +52.756 Max HR-Knee = +52.756 Min HL-HipY = +31.969 
[2025-06-12 17:49:19.834.020] [INFO  ] [Battery] SoC = 88%, Volt = +32.100V, Temp 29 
[2025-06-12 17:49:20.951.645] [INFO  ] [Controller] [Joints] FL: +40.630, +33.701, +42.362 ,FR: +40.630, +33.701, +40.630, HL: 42.362, +31.969, +49.291, HR: +44.094, +31.969, +52.756 Max HR-Knee = +52.756 Min HL-HipY = +31.969 
[2025-06-12 17:49:23.451.643] [INFO  ] [Controller] [Joints] FL: +40.630, +33.701, +42.362 ,FR: +40.630, +33.701, +40.630, HL: 42.362, +31.969, +47.559, HR: +44.094, +31.969, +51.024 Max HR-Knee = +51.024 Min HL-HipY = +31.969 
[2025-06-12 17:49:24.830.240] [INFO  ] [Battery] SoC = 88%, Volt = +32.100V, Temp 29 
[2025-06-12 17:49:25.951.668] [INFO  ] [Controller] [Joints] FL: +40.630, +33.701, +42.362 ,FR: +40.630, +33.701, +40.630, HL: 42.362, +31.969, +47.559, HR: +44.094, +31.969, +51.024 Max HR-Knee = +51.024 Min HL-HipY = +31.969 
[2025-06-12 17:49:28.451.639] [INFO  ] [Controller] [Joints] FL: +40.630, +33.701, +42.362 ,FR: +40.630, +31.969, +40.630, HL: 42.362, +31.969, +47.559, HR: +44.094, +31.969, +51.024 Max HR-Knee = +51.024 Min FR-HipY = +31.969 
[2025-06-12 17:49:29.826.396] [INFO  ] [Battery] SoC = 88%, Volt = +32.100V, Temp 29 
[2025-06-12 17:49:30.951.645] [INFO  ] [Controller] [Joints] FL: +40.630, +33.701, +40.630 ,FR: +40.630, +31.969, +40.630, HL: 42.362, +31.969, +47.559, HR: +44.094, +31.969, +51.024 Max HR-Knee = +51.024 Min FR-HipY = +31.969 
[2025-06-12 17:49:33.164.628] [INFO  ] [Controller] AutoStop ... 
[2025-06-12 17:49:33.451.643] [INFO  ] [Controller] [Joints] FL: +40.630, +33.701, +40.630 ,FR: +40.630, +31.969, +40.630, HL: 42.362, +31.969, +47.559, HR: +44.094, +31.969, +51.024 Max HR-Knee = +51.024 Min FR-HipY = +31.969 
[2025-06-12 17:49:33.611.038] [INFO  ] [TVMPC] [trot]STOP!!! 
[2025-06-12 17:49:33.611.625] [INFO  ] [BasicMotion] Switching to force control mode, please wait... 
[2025-06-12 17:49:34.822.545] [INFO  ] [Battery] SoC = 88%, Volt = +32.200V, Temp 29 
[2025-06-12 17:49:35.951.645] [INFO  ] [Controller] [Joints] FL: +40.630, +33.701, +40.630 ,FR: +40.630, +31.969, +40.630, HL: 42.362, +31.969, +47.559, HR: +44.094, +31.969, +49.291 Max HR-Knee = +49.291 Min FR-HipY = +31.969 
[2025-06-12 17:49:38.451.643] [INFO  ] [Controller] [Joints] FL: +40.630, +33.701, +40.630 ,FR: +38.898, +31.969, +40.630, HL: 42.362, +31.969, +45.827, HR: +44.094, +31.969, +49.291 Max HR-Knee = +49.291 Min FR-HipY = +31.969 
[2025-06-12 17:49:39.818.690] [INFO  ] [Battery] SoC = 88%, Volt = +32.200V, Temp 29 
[2025-06-12 17:49:40.924.790] [INFO  ] [Controller] Voice status : 1 
[2025-06-12 17:49:40.951.643] [INFO  ] [Controller] [Joints] FL: +40.630, +33.701, +40.630 ,FR: +38.898, +31.969, +40.630, HL: 42.362, +31.969, +47.559, HR: +44.094, +31.969, +49.291 Max HR-Knee = +49.291 Min FR-HipY = +31.969 
[2025-06-12 17:49:41.878.634] [INFO  ] [Controller] KeepRun ... 
[2025-06-12 17:49:41.879.657] [INFO  ] [TVMPC] JY is Moving... (tvmpc),  time: 956.760340 
[2025-06-12 17:49:43.451.640] [INFO  ] [Controller] [Joints] FL: +40.630, +33.701, +40.630 ,FR: +38.898, +31.969, +40.630, HL: 42.362, +31.969, +47.559, HR: +44.094, +31.969, +49.291 Max HR-Knee = +49.291 Min FR-HipY = +31.969 
[2025-06-12 17:49:44.814.927] [INFO  ] [Battery] SoC = 88%, Volt = +32.100V, Temp 29 
[2025-06-12 17:49:45.951.643] [INFO  ] [Controller] [Joints] FL: +40.630, +33.701, +40.630 ,FR: +38.898, +31.969, +40.630, HL: 42.362, +31.969, +47.559, HR: +44.094, +31.969, +49.291 Max HR-Knee = +49.291 Min FR-HipY = +31.969 
[2025-06-12 17:49:48.451.640] [INFO  ] [Controller] [Joints] FL: +40.630, +33.701, +40.630 ,FR: +38.898, +31.969, +40.630, HL: 42.362, +31.969, +47.559, HR: +44.094, +31.969, +49.291 Max HR-Knee = +49.291 Min FR-HipY = +31.969 
[2025-06-12 17:49:49.811.127] [INFO  ] [Battery] SoC = 88%, Volt = +32.000V, Temp 29 
[2025-06-12 17:49:50.951.640] [INFO  ] [Controller] [Joints] FL: +40.630, +33.701, +40.630 ,FR: +38.898, +31.969, +40.630, HL: 42.362, +31.969, +47.559, HR: +44.094, +31.969, +49.291 Max HR-Knee = +49.291 Min FR-HipY = +31.969 
[2025-06-12 17:49:53.451.639] [INFO  ] [Controller] [Joints] FL: +40.630, +33.701, +40.630 ,FR: +38.898, +31.969, +40.630, HL: 42.362, +31.969, +47.559, HR: +44.094, +31.969, +49.291 Max HR-Knee = +49.291 Min FR-HipY = +31.969 
[2025-06-12 17:49:54.807.171] [INFO  ] [Battery] SoC = 88%, Volt = +32.100V, Temp 29 
[2025-06-12 17:49:55.951.639] [INFO  ] [Controller] [Joints] FL: +40.630, +33.701, +40.630 ,FR: +38.898, +31.969, +40.630, HL: 42.362, +31.969, +47.559, HR: +44.094, +31.969, +49.291 Max HR-Knee = +49.291 Min FR-HipY = +31.969 
[2025-06-12 17:49:58.451.642] [INFO  ] [Controller] [Joints] FL: +40.630, +33.701, +40.630 ,FR: +38.898, +31.969, +40.630, HL: 42.362, +31.969, +47.559, HR: +44.094, +31.969, +49.291 Max HR-Knee = +49.291 Min FR-HipY = +31.969 
[2025-06-12 17:49:59.803.169] [INFO  ] [Battery] SoC = 88%, Volt = +32.100V, Temp 29 
[2025-06-12 17:50:00.951.641] [INFO  ] [Controller] [Joints] FL: +40.630, +33.701, +40.630 ,FR: +38.898, +31.969, +40.630, HL: 42.362, +31.969, +47.559, HR: +44.094, +31.969, +49.291 Max HR-Knee = +49.291 Min FR-HipY = +31.969 
[2025-06-12 17:50:02.594.629] [INFO  ] [Controller] AutoStop ... 
[2025-06-12 17:50:02.695.626] [INFO  ] [Controller] Switch to Twist Body Mode!!! 
[2025-06-12 17:50:02.795.628] [INFO  ] [Controller] Switch to Twist Body Mode!!! 
[2025-06-12 17:50:02.895.625] [INFO  ] [Controller] Switch to Twist Body Mode!!! 
[2025-06-12 17:50:02.995.628] [INFO  ] [Controller] Switch to Twist Body Mode!!! 
[2025-06-12 17:50:03.030.037] [INFO  ] [TVMPC] [trot]STOP!!! 
[2025-06-12 17:50:03.030.624] [INFO  ] [BasicMotion] Switching to force control mode, please wait... 
[2025-06-12 17:50:03.095.624] [INFO  ] [Controller] Switch to Twist Body Mode!!! 
[2025-06-12 17:50:03.195.627] [INFO  ] [Controller] Switch to Twist Body Mode!!! 
[2025-06-12 17:50:03.295.627] [INFO  ] [Controller] Switch to Twist Body Mode!!! 
[2025-06-12 17:50:03.396.622] [INFO  ] [Controller] Switch to Twist Body Mode!!! 
[2025-06-12 17:50:03.451.645] [INFO  ] [Controller] [Joints] FL: +40.630, +33.701, +40.630 ,FR: +40.630, +31.969, +40.630, HL: 42.362, +31.969, +47.559, HR: +44.094, +31.969, +49.291 Max HR-Knee = +49.291 Min FR-HipY = +31.969 
[2025-06-12 17:50:03.496.624] [INFO  ] [Controller] Switch to Twist Body Mode!!! 
[2025-06-12 17:50:03.596.625] [INFO  ] [Controller] Switch to Twist Body Mode!!! 
[2025-06-12 17:50:04.799.272] [INFO  ] [Battery] SoC = 88%, Volt = +32.100V, Temp 29 
[2025-06-12 17:50:05.951.645] [INFO  ] [Controller] [Joints] FL: +40.630, +33.701, +40.630 ,FR: +40.630, +31.969, +40.630, HL: 42.362, +31.969, +47.559, HR: +44.094, +31.969, +51.024 Max HR-Knee = +51.024 Min FR-HipY = +31.969 
[2025-06-12 17:50:08.451.645] [INFO  ] [Controller] [Joints] FL: +40.630, +31.969, +40.630 ,FR: +40.630, +31.969, +40.630, HL: 42.362, +31.969, +47.559, HR: +44.094, +31.969, +49.291 Max HR-Knee = +49.291 Min FL-HipY = +31.969 
[2025-06-12 17:50:09.795.257] [INFO  ] [Battery] SoC = 88%, Volt = +32.100V, Temp 29 
[2025-06-12 17:50:10.951.648] [INFO  ] [Controller] [Joints] FL: +40.630, +31.969, +40.630 ,FR: +40.630, +31.969, +40.630, HL: 42.362, +31.969, +47.559, HR: +44.094, +31.969, +49.291 Max HR-Knee = +49.291 Min FL-HipY = +31.969 
[2025-06-12 17:50:13.451.647] [INFO  ] [Controller] [Joints] FL: +40.630, +31.969, +40.630 ,FR: +38.898, +31.969, +40.630, HL: 42.362, +31.969, +49.291, HR: +44.094, +31.969, +51.024 Max HR-Knee = +51.024 Min FL-HipY = +31.969 
[2025-06-12 17:50:14.791.222] [INFO  ] [Battery] SoC = 87%, Volt = +32.100V, Temp 29 
[2025-06-12 17:50:15.767.634] [INFO  ] [Controller] Switch to Move Mode!!! 
[2025-06-12 17:50:15.768.656] [INFO  ] [TVMPC] JY is Moving... (tvmpc),  time: 990.649341 
[2025-06-12 17:50:15.867.644] [INFO  ] [Controller] Switch to Move Mode!!! 
[2025-06-12 17:50:15.951.645] [INFO  ] [Controller] [Joints] FL: +40.630, +31.969, +40.630 ,FR: +38.898, +31.969, +40.630, HL: 42.362, +31.969, +49.291, HR: +44.094, +31.969, +51.024 Max HR-Knee = +51.024 Min FL-HipY = +31.969 
[2025-06-12 17:50:15.967.628] [INFO  ] [Controller] Switch to Move Mode!!! 
[2025-06-12 17:50:16.067.631] [INFO  ] [Controller] Switch to Move Mode!!! 
[2025-06-12 17:50:16.168.627] [INFO  ] [Controller] Switch to Move Mode!!! 
[2025-06-12 17:50:16.268.630] [INFO  ] [Controller] Switch to Move Mode!!! 
[2025-06-12 17:50:16.368.626] [INFO  ] [Controller] Switch to Move Mode!!! 
[2025-06-12 17:50:16.468.633] [INFO  ] [Controller] Switch to Move Mode!!! 
[2025-06-12 17:50:16.568.627] [INFO  ] [Controller] Switch to Move Mode!!! 
[2025-06-12 17:50:16.668.628] [INFO  ] [Controller] Switch to Move Mode!!! 
[2025-06-12 17:50:18.451.638] [INFO  ] [Controller] [Joints] FL: +40.630, +31.969, +40.630 ,FR: +38.898, +31.969, +40.630, HL: 42.362, +31.969, +49.291, HR: +44.094, +31.969, +51.024 Max HR-Knee = +51.024 Min FL-HipY = +31.969 
[2025-06-12 17:50:19.787.289] [INFO  ] [Battery] SoC = 87%, Volt = +32.100V, Temp 29 
[2025-06-12 17:50:20.951.641] [INFO  ] [Controller] [Joints] FL: +40.630, +31.969, +40.630 ,FR: +38.898, +31.969, +40.630, HL: 42.362, +31.969, +49.291, HR: +44.094, +31.969, +51.024 Max HR-Knee = +51.024 Min FL-HipY = +31.969 
[2025-06-12 17:50:23.451.644] [INFO  ] [Controller] [Joints] FL: +40.630, +31.969, +40.630 ,FR: +38.898, +31.969, +40.630, HL: 42.362, +31.969, +49.291, HR: +44.094, +31.969, +52.756 Max HR-Knee = +52.756 Min FL-HipY = +31.969 
[2025-06-12 17:50:24.380.629] [INFO  ] [Controller] KeepRun ... 
[2025-06-12 17:50:24.480.629] [INFO  ] [Controller] KeepRun ... 
[2025-06-12 17:50:24.580.629] [INFO  ] [Controller] KeepRun ... 
[2025-06-12 17:50:24.681.626] [INFO  ] [Controller] KeepRun ... 
[2025-06-12 17:50:24.781.626] [INFO  ] [Controller] KeepRun ... 
[2025-06-12 17:50:24.783.321] [INFO  ] [Battery] SoC = 87%, Volt = +32.200V, Temp 29 
[2025-06-12 17:50:24.881.628] [INFO  ] [Controller] KeepRun ... 
[2025-06-12 17:50:24.981.627] [INFO  ] [Controller] KeepRun ... 
[2025-06-12 17:50:25.081.626] [INFO  ] [Controller] KeepRun ... 
[2025-06-12 17:50:25.181.626] [INFO  ] [Controller] KeepRun ... 
[2025-06-12 17:50:25.281.626] [INFO  ] [Controller] KeepRun ... 
[2025-06-12 17:50:25.951.641] [INFO  ] [Controller] [Joints] FL: +40.630, +31.969, +40.630 ,FR: +38.898, +31.969, +40.630, HL: 42.362, +31.969, +49.291, HR: +44.094, +31.969, +52.756 Max HR-Knee = +52.756 Min FL-HipY = +31.969 
[2025-06-12 17:50:28.451.639] [INFO  ] [Controller] [Joints] FL: +40.630, +31.969, +40.630 ,FR: +40.630, +31.969, +40.630, HL: 42.362, +31.969, +49.291, HR: +44.094, +31.969, +52.756 Max HR-Knee = +52.756 Min FL-HipY = +31.969 
[2025-06-12 17:50:28.988.624] [INFO  ] [Controller] KeepRun ... 
[2025-06-12 17:50:29.088.624] [INFO  ] [Controller] KeepRun ... 
[2025-06-12 17:50:29.188.626] [INFO  ] [Controller] KeepRun ... 
[2025-06-12 17:50:29.288.625] [INFO  ] [Controller] KeepRun ... 
[2025-06-12 17:50:29.388.624] [INFO  ] [Controller] KeepRun ... 
[2025-06-12 17:50:29.489.625] [INFO  ] [Controller] KeepRun ... 
[2025-06-12 17:50:29.589.625] [INFO  ] [Controller] KeepRun ... 
[2025-06-12 17:50:29.689.625] [INFO  ] [Controller] KeepRun ... 
[2025-06-12 17:50:29.779.514] [INFO  ] [Battery] SoC = 87%, Volt = +31.900V, Temp 29 
[2025-06-12 17:50:29.789.617] [INFO  ] [Controller] KeepRun ... 
[2025-06-12 17:50:29.889.623] [INFO  ] [Controller] KeepRun ... 
[2025-06-12 17:50:29.990.625] [INFO  ] [Controller] Change Height!!! 
[2025-06-12 17:50:30.951.646] [INFO  ] [Controller] [Joints] FL: +40.630, +31.969, +40.630 ,FR: +40.630, +31.969, +40.630, HL: 42.362, +31.969, +49.291, HR: +44.094, +31.969, +52.756 Max HR-Knee = +52.756 Min FL-HipY = +31.969 
[2025-06-12 17:50:33.451.643] [INFO  ] [Controller] [Joints] FL: +40.630, +31.969, +40.630 ,FR: +40.630, +31.969, +42.362, HL: 42.362, +31.969, +49.291, HR: +45.827, +31.969, +52.756 Max HR-Knee = +52.756 Min FL-HipY = +31.969 
[2025-06-12 17:50:34.775.602] [INFO  ] [Battery] SoC = 87%, Volt = +31.900V, Temp 29 
[2025-06-12 17:50:35.951.644] [INFO  ] [Controller] [Joints] FL: +40.630, +31.969, +42.362 ,FR: +40.630, +31.969, +42.362, HL: 42.362, +31.969, +49.291, HR: +45.827, +31.969, +52.756 Max HR-Knee = +52.756 Min FL-HipY = +31.969 
[2025-06-12 17:50:38.451.640] [INFO  ] [Controller] [Joints] FL: +40.630, +31.969, +42.362 ,FR: +40.630, +31.969, +42.362, HL: 42.362, +31.969, +51.024, HR: +45.827, +31.969, +52.756 Max HR-Knee = +52.756 Min FL-HipY = +31.969 
[2025-06-12 17:50:39.771.561] [INFO  ] [Battery] SoC = 87%, Volt = +32.000V, Temp 29 
[2025-06-12 17:50:40.951.639] [INFO  ] [Controller] [Joints] FL: +40.630, +31.969, +42.362 ,FR: +40.630, +31.969, +42.362, HL: 42.362, +31.969, +51.024, HR: +45.827, +31.969, +52.756 Max HR-Knee = +52.756 Min FL-HipY = +31.969 
[2025-06-12 17:50:43.098.626] [INFO  ] [Controller] AutoStop ... 
[2025-06-12 17:50:43.219.062] [INFO  ] [TVMPC] [trot]STOP!!! 
[2025-06-12 17:50:43.219.625] [INFO  ] [BasicMotion] Switching to force control mode, please wait... 
[2025-06-12 17:50:43.451.645] [INFO  ] [Controller] [Joints] FL: +40.630, +31.969, +44.094 ,FR: +40.630, +31.969, +42.362, HL: 42.362, +31.969, +51.024, HR: +45.827, +31.969, +54.488 Max HR-Knee = +54.488 Min FL-HipY = +31.969 
[2025-06-12 17:50:44.767.486] [INFO  ] [Battery] SoC = 87%, Volt = +32.100V, Temp 29 
[2025-06-12 17:50:45.951.644] [INFO  ] [Controller] [Joints] FL: +40.630, +31.969, +44.094 ,FR: +40.630, +31.969, +42.362, HL: 42.362, +31.969, +52.756, HR: +45.827, +31.969, +54.488 Max HR-Knee = +54.488 Min FL-HipY = +31.969 
[2025-06-12 17:50:47.005.661] [INFO  ] [TVMPC] JY is Moving... (tvmpc),  time: 1021.886339 
[2025-06-12 17:50:48.451.638] [INFO  ] [Controller] [Joints] FL: +40.630, +31.969, +44.094 ,FR: +40.630, +31.969, +42.362, HL: 42.362, +31.969, +52.756, HR: +45.827, +31.969, +54.488 Max HR-Knee = +54.488 Min FL-HipY = +31.969 
[2025-06-12 17:50:49.256.055] [INFO  ] [TVMPC] [trot]STOP!!! 
[2025-06-12 17:50:49.256.624] [INFO  ] [BasicMotion] Switching to force control mode, please wait... 
[2025-06-12 17:50:49.292.639] [INFO  ] [Controller] Change Height!!! 
[2025-06-12 17:50:49.763.380] [INFO  ] [Battery] SoC = 87%, Volt = +32.000V, Temp 29 
[2025-06-12 17:50:50.704.658] [INFO  ] [TVMPC] JY is Moving... (tvmpc),  time: 1025.585339 
[2025-06-12 17:50:50.951.639] [INFO  ] [Controller] [Joints] FL: +40.630, +31.969, +44.094 ,FR: +40.630, +31.969, +42.362, HL: 42.362, +31.969, +52.756, HR: +45.827, +31.969, +56.220 Max HR-Knee = +56.220 Min FL-HipY = +31.969 
[2025-06-12 17:50:53.451.642] [INFO  ] [Controller] [Joints] FL: +40.630, +31.969, +44.094 ,FR: +40.630, +31.969, +42.362, HL: 42.362, +31.969, +52.756, HR: +45.827, +31.969, +56.220 Max HR-Knee = +56.220 Min FL-HipY = +31.969 
[2025-06-12 17:50:54.759.169] [INFO  ] [Battery] SoC = 87%, Volt = +32.100V, Temp 29 
[2025-06-12 17:50:55.951.640] [INFO  ] [Controller] [Joints] FL: +40.630, +31.969, +44.094 ,FR: +40.630, +31.969, +42.362, HL: 42.362, +31.969, +54.488, HR: +45.827, +31.969, +56.220 Max HR-Knee = +56.220 Min FL-HipY = +31.969 
[2025-06-12 17:50:58.451.639] [INFO  ] [Controller] [Joints] FL: +40.630, +33.701, +44.094 ,FR: +42.362, +31.969, +42.362, HL: 42.362, +31.969, +54.488, HR: +45.827, +31.969, +56.220 Max HR-Knee = +56.220 Min FR-HipY = +31.969 
[2025-06-12 17:50:59.755.091] [INFO  ] [Battery] SoC = 87%, Volt = +31.900V, Temp 29 
[2025-06-12 17:51:00.951.641] [INFO  ] [Controller] [Joints] FL: +40.630, +33.701, +44.094 ,FR: +42.362, +31.969, +42.362, HL: 42.362, +31.969, +54.488, HR: +45.827, +31.969, +56.220 Max HR-Knee = +56.220 Min FR-HipY = +31.969 
[2025-06-12 17:51:01.055.079] [INFO  ] [TVMPC] [trot]STOP!!! 
[2025-06-12 17:51:01.055.638] [INFO  ] [BasicMotion] Switching to force control mode, please wait... 
[2025-06-12 17:51:02.805.655] [INFO  ] [TVMPC] JY is Moving... (tvmpc),  time: 1037.686339 
[2025-06-12 17:51:03.451.638] [INFO  ] [Controller] [Joints] FL: +40.630, +33.701, +44.094 ,FR: +42.362, +31.969, +42.362, HL: 42.362, +31.969, +54.488, HR: +45.827, +31.969, +56.220 Max HR-Knee = +56.220 Min FR-HipY = +31.969 
[2025-06-12 17:51:04.751.186] [INFO  ] [Battery] SoC = 86%, Volt = +32.000V, Temp 29 
[2025-06-12 17:51:05.954.641] [INFO  ] [Controller] [Joints] FL: +40.630, +33.701, +44.094 ,FR: +42.362, +33.701, +42.362, HL: 42.362, +31.969, +54.488, HR: +45.827, +31.969, +56.220 Max HR-Knee = +56.220 Min HL-HipY = +31.969 
[2025-06-12 17:51:08.454.641] [INFO  ] [Controller] [Joints] FL: +40.630, +33.701, +44.094 ,FR: +42.362, +33.701, +42.362, HL: 42.362, +31.969, +54.488, HR: +45.827, +31.969, +56.220 Max HR-Knee = +56.220 Min HL-HipY = +31.969 
[2025-06-12 17:51:09.747.234] [INFO  ] [Battery] SoC = 86%, Volt = +32.000V, Temp 29 
[2025-06-12 17:51:10.954.640] [INFO  ] [Controller] [Joints] FL: +42.362, +33.701, +44.094 ,FR: +42.362, +33.701, +42.362, HL: 42.362, +31.969, +54.488, HR: +45.827, +31.969, +56.220 Max HR-Knee = +56.220 Min HL-HipY = +31.969 
[2025-06-12 17:51:13.454.642] [INFO  ] [Controller] [Joints] FL: +42.362, +33.701, +44.094 ,FR: +42.362, +33.701, +42.362, HL: 42.362, +31.969, +54.488, HR: +45.827, +31.969, +56.220 Max HR-Knee = +56.220 Min HL-HipY = +31.969 
[2025-06-12 17:51:14.743.390] [INFO  ] [Battery] SoC = 86%, Volt = +32.000V, Temp 29 
[2025-06-12 17:51:15.954.647] [INFO  ] [Controller] [Joints] FL: +42.362, +33.701, +44.094 ,FR: +42.362, +33.701, +42.362, HL: 42.362, +31.969, +56.220, HR: +45.827, +31.969, +56.220 Max HL-Knee = +56.220 Min HL-HipY = +31.969 
[2025-06-12 17:51:18.454.639] [INFO  ] [Controller] [Joints] FL: +42.362, +33.701, +44.094 ,FR: +42.362, +33.701, +42.362, HL: 42.362, +31.969, +56.220, HR: +45.827, +31.969, +56.220 Max HL-Knee = +56.220 Min HL-HipY = +31.969 
[2025-06-12 17:51:19.739.527] [INFO  ] [Battery] SoC = 86%, Volt = +31.900V, Temp 29 
[2025-06-12 17:51:20.954.639] [INFO  ] [Controller] [Joints] FL: +42.362, +33.701, +44.094 ,FR: +42.362, +33.701, +42.362, HL: 42.362, +31.969, +56.220, HR: +45.827, +31.969, +56.220 Max HL-Knee = +56.220 Min HL-HipY = +31.969 
[2025-06-12 17:51:23.454.644] [INFO  ] [Controller] [Joints] FL: +42.362, +33.701, +44.094 ,FR: +42.362, +33.701, +42.362, HL: 42.362, +33.701, +56.220, HR: +45.827, +31.969, +54.488 Max HL-Knee = +56.220 Min HR-HipY = +31.969 
[2025-06-12 17:51:23.509.043] [INFO  ] [TVMPC] [trot]STOP!!! 
[2025-06-12 17:51:23.509.623] [INFO  ] [BasicMotion] Switching to force control mode, please wait... 
[2025-06-12 17:51:24.735.633] [INFO  ] [Battery] SoC = 86%, Volt = +32.000V, Temp 29 
[2025-06-12 17:51:25.954.645] [INFO  ] [Controller] [Joints] FL: +42.362, +33.701, +44.094 ,FR: +42.362, +33.701, +42.362, HL: 42.362, +33.701, +56.220, HR: +47.559, +31.969, +54.488 Max HL-Knee = +56.220 Min HR-HipY = +31.969 
[2025-06-12 17:51:28.454.643] [INFO  ] [Controller] [Joints] FL: +42.362, +33.701, +44.094 ,FR: +42.362, +33.701, +42.362, HL: 42.362, +33.701, +56.220, HR: +47.559, +31.969, +54.488 Max HL-Knee = +56.220 Min HR-HipY = +31.969 
[2025-06-12 17:51:29.731.765] [INFO  ] [Battery] SoC = 86%, Volt = +32.100V, Temp 29 
[2025-06-12 17:51:30.954.647] [INFO  ] [Controller] [Joints] FL: +42.362, +33.701, +44.094 ,FR: +42.362, +33.701, +40.630, HL: 42.362, +33.701, +54.488, HR: +47.559, +31.969, +54.488 Max HL-Knee = +54.488 Min HR-HipY = +31.969 
[2025-06-12 17:51:33.454.648] [INFO  ] [Controller] [Joints] FL: +40.630, +33.701, +44.094 ,FR: +42.362, +33.701, +40.630, HL: 42.362, +33.701, +54.488, HR: +47.559, +31.969, +54.488 Max HL-Knee = +54.488 Min HR-HipY = +31.969 
[2025-06-12 17:51:34.447.657] [INFO  ] [TVMPC] JY is Moving... (tvmpc),  time: 1069.328340 
[2025-06-12 17:51:34.727.861] [INFO  ] [Battery] SoC = 86%, Volt = +31.900V, Temp 29 
[2025-06-12 17:51:35.954.639] [INFO  ] [Controller] [Joints] FL: +40.630, +33.701, +44.094 ,FR: +42.362, +33.701, +40.630, HL: 42.362, +33.701, +54.488, HR: +47.559, +31.969, +54.488 Max HL-Knee = +54.488 Min HR-HipY = +31.969 
[2025-06-12 17:51:38.454.638] [INFO  ] [Controller] [Joints] FL: +40.630, +33.701, +44.094 ,FR: +42.362, +33.701, +40.630, HL: 42.362, +33.701, +54.488, HR: +47.559, +31.969, +54.488 Max HL-Knee = +54.488 Min HR-HipY = +31.969 
[2025-06-12 17:51:39.724.128] [INFO  ] [Battery] SoC = 86%, Volt = +32.000V, Temp 29 
[2025-06-12 17:51:40.954.640] [INFO  ] [Controller] [Joints] FL: +40.630, +33.701, +42.362 ,FR: +42.362, +33.701, +40.630, HL: 42.362, +31.969, +54.488, HR: +47.559, +31.969, +54.488 Max HL-Knee = +54.488 Min HL-HipY = +31.969 
[2025-06-12 17:51:41.648.040] [INFO  ] [TVMPC] [trot]STOP!!! 
[2025-06-12 17:51:41.648.625] [INFO  ] [BasicMotion] Switching to force control mode, please wait... 
[2025-06-12 17:51:42.650.656] [INFO  ] [TVMPC] JY is Moving... (tvmpc),  time: 1077.531339 
[2025-06-12 17:51:43.454.640] [INFO  ] [Controller] [Joints] FL: +40.630, +33.701, +42.362 ,FR: +42.362, +33.701, +40.630, HL: 42.362, +31.969, +52.756, HR: +47.559, +31.969, +54.488 Max HR-Knee = +54.488 Min HL-HipY = +31.969 
[2025-06-12 17:51:44.001.041] [INFO  ] [TVMPC] [trot]STOP!!! 
[2025-06-12 17:51:44.001.624] [INFO  ] [BasicMotion] Switching to force control mode, please wait... 
[2025-06-12 17:51:44.720.376] [INFO  ] [Battery] SoC = 86%, Volt = +32.000V, Temp 29 
[2025-06-12 17:51:45.954.648] [INFO  ] [Controller] [Joints] FL: +40.630, +33.701, +42.362 ,FR: +42.362, +33.701, +40.630, HL: 42.362, +31.969, +52.756, HR: +47.559, +31.969, +54.488 Max HR-Knee = +54.488 Min HL-HipY = +31.969 
[2025-06-12 17:51:48.454.644] [INFO  ] [Controller] [Joints] FL: +40.630, +33.701, +42.362 ,FR: +42.362, +33.701, +40.630, HL: 42.362, +31.969, +52.756, HR: +47.559, +31.969, +54.488 Max HR-Knee = +54.488 Min HL-HipY = +31.969 
[2025-06-12 17:51:49.716.643] [INFO  ] [Battery] SoC = 86%, Volt = +32.100V, Temp 29 
[2025-06-12 17:51:50.954.651] [INFO  ] [Controller] [Joints] FL: +40.630, +33.701, +42.362 ,FR: +42.362, +33.701, +40.630, HL: 42.362, +31.969, +52.756, HR: +47.559, +31.969, +54.488 Max HR-Knee = +54.488 Min HL-HipY = +31.969 
[2025-06-12 17:51:53.454.647] [INFO  ] [Controller] [Joints] FL: +40.630, +33.701, +42.362 ,FR: +42.362, +33.701, +40.630, HL: 42.362, +31.969, +51.024, HR: +47.559, +31.969, +54.488 Max HR-Knee = +54.488 Min HL-HipY = +31.969 
[2025-06-12 17:51:54.712.763] [INFO  ] [Battery] SoC = 86%, Volt = +32.100V, Temp 29 
[2025-06-12 17:51:55.954.647] [INFO  ] [Controller] [Joints] FL: +40.630, +33.701, +42.362 ,FR: +40.630, +33.701, +40.630, HL: 42.362, +31.969, +51.024, HR: +47.559, +31.969, +52.756 Max HR-Knee = +52.756 Min HL-HipY = +31.969 
[2025-06-12 17:51:58.454.642] [INFO  ] [Controller] [Joints] FL: +40.630, +33.701, +40.630 ,FR: +40.630, +33.701, +40.630, HL: 42.362, +31.969, +51.024, HR: +47.559, +31.969, +52.756 Max HR-Knee = +52.756 Min HL-HipY = +31.969 
[2025-06-12 17:51:59.709.010] [INFO  ] [Battery] SoC = 85%, Volt = +32.100V, Temp 29 
[2025-06-12 17:52:00.954.650] [INFO  ] [Controller] [Joints] FL: +40.630, +33.701, +40.630 ,FR: +40.630, +33.701, +40.630, HL: 42.362, +31.969, +49.291, HR: +47.559, +31.969, +52.756 Max HR-Knee = +52.756 Min HL-HipY = +31.969 
[2025-06-12 17:52:03.454.646] [INFO  ] [Controller] [Joints] FL: +40.630, +33.701, +40.630 ,FR: +40.630, +33.701, +40.630, HL: 40.630, +31.969, +49.291, HR: +47.559, +31.969, +52.756 Max HR-Knee = +52.756 Min HL-HipY = +31.969 
[2025-06-12 17:52:04.705.062] [INFO  ] [Battery] SoC = 85%, Volt = +32.100V, Temp 29 
[2025-06-12 17:52:05.954.647] [INFO  ] [Controller] [Joints] FL: +40.630, +33.701, +40.630 ,FR: +40.630, +33.701, +40.630, HL: 40.630, +31.969, +49.291, HR: +47.559, +31.969, +52.756 Max HR-Knee = +52.756 Min HL-HipY = +31.969 
[2025-06-12 17:52:08.454.648] [INFO  ] [Controller] [Joints] FL: +40.630, +33.701, +40.630 ,FR: +40.630, +33.701, +40.630, HL: 40.630, +31.969, +49.291, HR: +47.559, +31.969, +51.024 Max HR-Knee = +51.024 Min HL-HipY = +31.969 
[2025-06-12 17:52:09.701.008] [INFO  ] [Battery] SoC = 85%, Volt = +32.100V, Temp 29 
[2025-06-12 17:52:10.954.649] [INFO  ] [Controller] [Joints] FL: +40.630, +31.969, +40.630 ,FR: +40.630, +33.701, +40.630, HL: 40.630, +31.969, +47.559, HR: +47.559, +31.969, +51.024 Max HR-Knee = +51.024 Min FL-HipY = +31.969 
[2025-06-12 17:52:12.051.630] [INFO  ] [Controller] Voice status : 1 
[2025-06-12 17:52:13.008.632] [INFO  ] [Controller] KeepRun ... 
[2025-06-12 17:52:13.009.650] [INFO  ] [TVMPC] JY is Moving... (tvmpc),  time: 1107.890339 
[2025-06-12 17:52:13.454.639] [INFO  ] [Controller] [Joints] FL: +40.630, +33.701, +40.630 ,FR: +40.630, +33.701, +40.630, HL: 40.630, +31.969, +47.559, HR: +47.559, +31.969, +51.024 Max HR-Knee = +51.024 Min HL-HipY = +31.969 
[2025-06-12 17:52:14.697.044] [INFO  ] [Battery] SoC = 85%, Volt = +32.000V, Temp 29 
[2025-06-12 17:52:15.954.640] [INFO  ] [Controller] [Joints] FL: +40.630, +31.969, +38.898 ,FR: +40.630, +33.701, +40.630, HL: 40.630, +31.969, +47.559, HR: +47.559, +31.969, +51.024 Max HR-Knee = +51.024 Min FL-HipY = +31.969 
[2025-06-12 17:52:18.454.640] [INFO  ] [Controller] [Joints] FL: +40.630, +31.969, +40.630 ,FR: +40.630, +33.701, +40.630, HL: 40.630, +31.969, +47.559, HR: +47.559, +31.969, +51.024 Max HR-Knee = +51.024 Min FL-HipY = +31.969 
[2025-06-12 17:52:19.693.153] [INFO  ] [Battery] SoC = 85%, Volt = +31.900V, Temp 29 
[2025-06-12 17:52:20.954.642] [INFO  ] [Controller] [Joints] FL: +40.630, +31.969, +40.630 ,FR: +40.630, +33.701, +40.630, HL: 40.630, +31.969, +47.559, HR: +47.559, +31.969, +51.024 Max HR-Knee = +51.024 Min FL-HipY = +31.969 
[2025-06-12 17:52:23.454.641] [INFO  ] [Controller] [Joints] FL: +40.630, +31.969, +40.630 ,FR: +40.630, +33.701, +40.630, HL: 40.630, +31.969, +49.291, HR: +47.559, +31.969, +51.024 Max HR-Knee = +51.024 Min FL-HipY = +31.969 
[2025-06-12 17:52:24.689.240] [INFO  ] [Battery] SoC = 85%, Volt = +32.000V, Temp 29 
[2025-06-12 17:52:25.954.649] [INFO  ] [Controller] [Joints] FL: +42.362, +33.701, +40.630 ,FR: +40.630, +33.701, +40.630, HL: 42.362, +31.969, +49.291, HR: +47.559, +31.969, +52.756 Max HR-Knee = +52.756 Min HL-HipY = +31.969 
[2025-06-12 17:52:28.454.638] [INFO  ] [Controller] [Joints] FL: +42.362, +33.701, +40.630 ,FR: +40.630, +33.701, +40.630, HL: 42.362, +31.969, +49.291, HR: +47.559, +31.969, +52.756 Max HR-Knee = +52.756 Min HL-HipY = +31.969 
[2025-06-12 17:52:29.685.260] [INFO  ] [Battery] SoC = 85%, Volt = +32.000V, Temp 29 
[2025-06-12 17:52:30.954.634] [INFO  ] [Controller] [Joints] FL: +42.362, +33.701, +40.630 ,FR: +40.630, +33.701, +42.362, HL: 42.362, +31.969, +49.291, HR: +45.827, +31.969, +52.756 Max HR-Knee = +52.756 Min HL-HipY = +31.969 
[2025-06-12 17:52:33.454.638] [INFO  ] [Controller] [Joints] FL: +42.362, +33.701, +40.630 ,FR: +40.630, +33.701, +42.362, HL: 42.362, +31.969, +51.024, HR: +45.827, +31.969, +52.756 Max HR-Knee = +52.756 Min HL-HipY = +31.969 
[2025-06-12 17:52:34.681.271] [INFO  ] [Battery] SoC = 85%, Volt = +31.900V, Temp 29 
[2025-06-12 17:52:35.954.638] [INFO  ] [Controller] [Joints] FL: +42.362, +33.701, +40.630 ,FR: +40.630, +33.701, +42.362, HL: 42.362, +31.969, +51.024, HR: +45.827, +31.969, +52.756 Max HR-Knee = +52.756 Min HL-HipY = +31.969 
[2025-06-12 17:52:38.454.642] [INFO  ] [Controller] [Joints] FL: +42.362, +33.701, +42.362 ,FR: +40.630, +33.701, +42.362, HL: 42.362, +31.969, +51.024, HR: +45.827, +31.969, +52.756 Max HR-Knee = +52.756 Min HL-HipY = +31.969 
[2025-06-12 17:52:39.677.149] [INFO  ] [Battery] SoC = 85%, Volt = +31.900V, Temp 29 
[2025-06-12 17:52:40.954.639] [INFO  ] [Controller] [Joints] FL: +42.362, +33.701, +42.362 ,FR: +40.630, +33.701, +42.362, HL: 42.362, +31.969, +51.024, HR: +45.827, +31.969, +52.756 Max HR-Knee = +52.756 Min HL-HipY = +31.969 
[2025-06-12 17:52:43.454.638] [INFO  ] [Controller] [Joints] FL: +42.362, +33.701, +42.362 ,FR: +40.630, +33.701, +42.362, HL: 42.362, +31.969, +51.024, HR: +45.827, +31.969, +52.756 Max HR-Knee = +52.756 Min HL-HipY = +31.969 
[2025-06-12 17:52:44.673.041] [INFO  ] [Battery] SoC = 85%, Volt = +31.900V, Temp 29 
[2025-06-12 17:52:45.954.638] [INFO  ] [Controller] [Joints] FL: +42.362, +33.701, +42.362 ,FR: +40.630, +33.701, +42.362, HL: 42.362, +31.969, +51.024, HR: +45.827, +31.969, +52.756 Max HR-Knee = +52.756 Min HL-HipY = +31.969 
[2025-06-12 17:52:48.454.641] [INFO  ] [Controller] [Joints] FL: +42.362, +33.701, +42.362 ,FR: +40.630, +33.701, +42.362, HL: 44.094, +31.969, +51.024, HR: +45.827, +31.969, +52.756 Max HR-Knee = +52.756 Min HL-HipY = +31.969 
[2025-06-12 17:52:49.669.121] [INFO  ] [Battery] SoC = 85%, Volt = +31.900V, Temp 29 
[2025-06-12 17:52:50.954.642] [INFO  ] [Controller] [Joints] FL: +42.362, +33.701, +42.362 ,FR: +40.630, +33.701, +42.362, HL: 44.094, +31.969, +51.024, HR: +45.827, +31.969, +52.756 Max HR-Knee = +52.756 Min HL-HipY = +31.969 
[2025-06-12 17:52:53.455.646] [INFO  ] [Controller] [Joints] FL: +42.362, +33.701, +42.362 ,FR: +40.630, +33.701, +42.362, HL: 44.094, +31.969, +52.756, HR: +45.827, +31.969, +52.756 Max HL-Knee = +52.756 Min HL-HipY = +31.969 
[2025-06-12 17:52:54.665.128] [INFO  ] [Battery] SoC = 85%, Volt = +31.900V, Temp 29 
[2025-06-12 17:52:55.955.645] [INFO  ] [Controller] [Joints] FL: +42.362, +33.701, +42.362 ,FR: +40.630, +33.701, +42.362, HL: 44.094, +31.969, +52.756, HR: +45.827, +31.969, +52.756 Max HL-Knee = +52.756 Min HL-HipY = +31.969 
[2025-06-12 17:52:58.455.640] [INFO  ] [Controller] [Joints] FL: +42.362, +33.701, +44.094 ,FR: +40.630, +33.701, +42.362, HL: 44.094, +31.969, +52.756, HR: +45.827, +31.969, +52.756 Max HL-Knee = +52.756 Min HL-HipY = +31.969 
[2025-06-12 17:52:59.661.152] [INFO  ] [Battery] SoC = 84%, Volt = +31.800V, Temp 29 
[2025-06-12 17:53:00.955.639] [INFO  ] [Controller] [Joints] FL: +42.362, +33.701, +44.094 ,FR: +40.630, +33.701, +42.362, HL: 44.094, +31.969, +52.756, HR: +45.827, +31.969, +52.756 Max HL-Knee = +52.756 Min HL-HipY = +31.969 
[2025-06-12 17:53:03.457.639] [INFO  ] [Controller] [Joints] FL: +42.362, +33.701, +44.094 ,FR: +40.630, +33.701, +42.362, HL: 44.094, +31.969, +52.756, HR: +45.827, +31.969, +52.756 Max HL-Knee = +52.756 Min HL-HipY = +31.969 
[2025-06-12 17:53:04.657.009] [INFO  ] [Battery] SoC = 84%, Volt = +31.900V, Temp 29 
[2025-06-12 17:53:05.959.641] [INFO  ] [Controller] [Joints] FL: +42.362, +33.701, +44.094 ,FR: +40.630, +33.701, +42.362, HL: 44.094, +31.969, +52.756, HR: +45.827, +31.969, +52.756 Max HL-Knee = +52.756 Min HL-HipY = +31.969 
[2025-06-12 17:53:08.459.641] [INFO  ] [Controller] [Joints] FL: +42.362, +33.701, +44.094 ,FR: +40.630, +33.701, +42.362, HL: 44.094, +31.969, +52.756, HR: +45.827, +31.969, +52.756 Max HL-Knee = +52.756 Min HL-HipY = +31.969 
[2025-06-12 17:53:09.652.909] [INFO  ] [Battery] SoC = 84%, Volt = +31.900V, Temp 29 
[2025-06-12 17:53:10.959.639] [INFO  ] [Controller] [Joints] FL: +42.362, +33.701, +44.094 ,FR: +40.630, +33.701, +42.362, HL: 44.094, +31.969, +52.756, HR: +45.827, +31.969, +54.488 Max HR-Knee = +54.488 Min HL-HipY = +31.969 
[2025-06-12 17:53:13.462.640] [INFO  ] [Controller] [Joints] FL: +42.362, +33.701, +44.094 ,FR: +42.362, +33.701, +44.094, HL: 44.094, +31.969, +52.756, HR: +45.827, +31.969, +54.488 Max HR-Knee = +54.488 Min HL-HipY = +31.969 
[2025-06-12 17:53:14.648.836] [INFO  ] [Battery] SoC = 84%, Volt = +31.900V, Temp 29 
[2025-06-12 17:53:15.962.641] [INFO  ] [Controller] [Joints] FL: +42.362, +33.701, +44.094 ,FR: +42.362, +33.701, +44.094, HL: 44.094, +33.701, +52.756, HR: +45.827, +31.969, +54.488 Max HR-Knee = +54.488 Min HR-HipY = +31.969 
[2025-06-12 17:53:18.462.639] [INFO  ] [Controller] [Joints] FL: +42.362, +33.701, +44.094 ,FR: +42.362, +33.701, +44.094, HL: 44.094, +33.701, +52.756, HR: +45.827, +33.701, +54.488 Max HR-Knee = +54.488 Min FL-HipY = +33.701 
[2025-06-12 17:53:19.644.836] [INFO  ] [Battery] SoC = 84%, Volt = +31.900V, Temp 29 
[2025-06-12 17:53:20.962.646] [INFO  ] [Controller] [Joints] FL: +42.362, +33.701, +44.094 ,FR: +42.362, +33.701, +44.094, HL: 44.094, +33.701, +52.756, HR: +45.827, +33.701, +56.220 Max HR-Knee = +56.220 Min FL-HipY = +33.701 
[2025-06-12 17:53:23.462.642] [INFO  ] [Controller] [Joints] FL: +42.362, +33.701, +44.094 ,FR: +42.362, +33.701, +44.094, HL: 44.094, +33.701, +52.756, HR: +45.827, +33.701, +56.220 Max HR-Knee = +56.220 Min FL-HipY = +33.701 
[2025-06-12 17:53:24.640.993] [INFO  ] [Battery] SoC = 84%, Volt = +31.800V, Temp 29 
[2025-06-12 17:53:25.962.641] [INFO  ] [Controller] [Joints] FL: +42.362, +33.701, +44.094 ,FR: +42.362, +33.701, +44.094, HL: 44.094, +33.701, +52.756, HR: +45.827, +33.701, +56.220 Max HR-Knee = +56.220 Min FL-HipY = +33.701 
[2025-06-12 17:53:28.462.639] [INFO  ] [Controller] [Joints] FL: +44.094, +33.701, +44.094 ,FR: +42.362, +33.701, +44.094, HL: 44.094, +33.701, +52.756, HR: +45.827, +33.701, +56.220 Max HR-Knee = +56.220 Min FL-HipY = +33.701 
[2025-06-12 17:53:29.637.242] [INFO  ] [Battery] SoC = 84%, Volt = +31.800V, Temp 29 
[2025-06-12 17:53:30.962.645] [INFO  ] [Controller] [Joints] FL: +44.094, +33.701, +44.094 ,FR: +42.362, +33.701, +44.094, HL: 44.094, +33.701, +52.756, HR: +45.827, +33.701, +56.220 Max HR-Knee = +56.220 Min FL-HipY = +33.701 
[2025-06-12 17:53:33.462.638] [INFO  ] [Controller] [Joints] FL: +44.094, +33.701, +44.094 ,FR: +42.362, +33.701, +44.094, HL: 44.094, +33.701, +52.756, HR: +45.827, +33.701, +56.220 Max HR-Knee = +56.220 Min FL-HipY = +33.701 
[2025-06-12 17:53:34.633.272] [INFO  ] [Battery] SoC = 84%, Volt = +31.800V, Temp 29 
[2025-06-12 17:53:35.962.639] [INFO  ] [Controller] [Joints] FL: +44.094, +33.701, +44.094 ,FR: +42.362, +33.701, +44.094, HL: 44.094, +33.701, +52.756, HR: +45.827, +33.701, +56.220 Max HR-Knee = +56.220 Min FL-HipY = +33.701 
[2025-06-12 17:53:38.462.642] [INFO  ] [Controller] [Joints] FL: +44.094, +33.701, +44.094 ,FR: +42.362, +33.701, +44.094, HL: 44.094, +33.701, +52.756, HR: +45.827, +33.701, +54.488 Max HR-Knee = +54.488 Min FL-HipY = +33.701 
[2025-06-12 17:53:39.629.307] [INFO  ] [Battery] SoC = 84%, Volt = +31.900V, Temp 29 
[2025-06-12 17:53:40.962.638] [INFO  ] [Controller] [Joints] FL: +44.094, +33.701, +44.094 ,FR: +42.362, +33.701, +44.094, HL: 44.094, +33.701, +52.756, HR: +45.827, +33.701, +54.488 Max HR-Knee = +54.488 Min FL-HipY = +33.701 
[2025-06-12 17:53:43.463.639] [INFO  ] [Controller] [Joints] FL: +44.094, +33.701, +44.094 ,FR: +42.362, +33.701, +44.094, HL: 44.094, +33.701, +52.756, HR: +45.827, +33.701, +54.488 Max HR-Knee = +54.488 Min FL-HipY = +33.701 
[2025-06-12 17:53:44.625.485] [INFO  ] [Battery] SoC = 84%, Volt = +31.700V, Temp 29 
[2025-06-12 17:53:45.963.641] [INFO  ] [Controller] [Joints] FL: +44.094, +33.701, +44.094 ,FR: +42.362, +33.701, +44.094, HL: 44.094, +33.701, +52.756, HR: +45.827, +33.701, +54.488 Max HR-Knee = +54.488 Min FL-HipY = +33.701 
[2025-06-12 17:53:48.463.636] [INFO  ] [Controller] [Joints] FL: +44.094, +33.701, +44.094 ,FR: +42.362, +33.701, +44.094, HL: 44.094, +33.701, +52.756, HR: +45.827, +33.701, +54.488 Max HR-Knee = +54.488 Min FL-HipY = +33.701 
[2025-06-12 17:53:49.621.617] [INFO  ] [Battery] SoC = 84%, Volt = +31.800V, Temp 29 
[2025-06-12 17:53:50.963.639] [INFO  ] [Controller] [Joints] FL: +44.094, +33.701, +44.094 ,FR: +44.094, +33.701, +44.094, HL: 44.094, +33.701, +52.756, HR: +45.827, +33.701, +54.488 Max HR-Knee = +54.488 Min FL-HipY = +33.701 
[2025-06-12 17:53:53.464.643] [INFO  ] [Controller] [Joints] FL: +44.094, +33.701, +44.094 ,FR: +44.094, +33.701, +44.094, HL: 44.094, +33.701, +52.756, HR: +45.827, +33.701, +54.488 Max HR-Knee = +54.488 Min FL-HipY = +33.701 
[2025-06-12 17:53:54.617.735] [INFO  ] [Battery] SoC = 83%, Volt = +31.700V, Temp 29 
[2025-06-12 17:53:55.964.639] [INFO  ] [Controller] [Joints] FL: +44.094, +33.701, +44.094 ,FR: +44.094, +33.701, +44.094, HL: 44.094, +33.701, +52.756, HR: +45.827, +33.701, +54.488 Max HR-Knee = +54.488 Min FL-HipY = +33.701 
[2025-06-12 17:53:58.464.642] [INFO  ] [Controller] [Joints] FL: +44.094, +33.701, +44.094 ,FR: +44.094, +33.701, +44.094, HL: 44.094, +33.701, +52.756, HR: +45.827, +33.701, +56.220 Max HR-Knee = +56.220 Min FL-HipY = +33.701 
[2025-06-12 17:53:59.613.869] [INFO  ] [Battery] SoC = 83%, Volt = +31.800V, Temp 29 
[2025-06-12 17:54:00.964.641] [INFO  ] [Controller] [Joints] FL: +44.094, +33.701, +44.094 ,FR: +44.094, +33.701, +44.094, HL: 44.094, +33.701, +52.756, HR: +45.827, +33.701, +56.220 Max HR-Knee = +56.220 Min FL-HipY = +33.701 
[2025-06-12 17:54:03.464.643] [INFO  ] [Controller] [Joints] FL: +44.094, +33.701, +44.094 ,FR: +44.094, +33.701, +44.094, HL: 44.094, +33.701, +52.756, HR: +45.827, +33.701, +56.220 Max HR-Knee = +56.220 Min FL-HipY = +33.701 
[2025-06-12 17:54:04.610.000] [INFO  ] [Battery] SoC = 83%, Volt = +31.800V, Temp 29 
[2025-06-12 17:54:05.964.640] [INFO  ] [Controller] [Joints] FL: +44.094, +33.701, +44.094 ,FR: +44.094, +33.701, +44.094, HL: 44.094, +33.701, +52.756, HR: +45.827, +33.701, +56.220 Max HR-Knee = +56.220 Min FL-HipY = +33.701 
[2025-06-12 17:54:08.464.640] [INFO  ] [Controller] [Joints] FL: +44.094, +33.701, +44.094 ,FR: +44.094, +33.701, +44.094, HL: 44.094, +33.701, +52.756, HR: +45.827, +33.701, +56.220 Max HR-Knee = +56.220 Min FL-HipY = +33.701 
[2025-06-12 17:54:09.606.244] [INFO  ] [Battery] SoC = 83%, Volt = +31.700V, Temp 29 
[2025-06-12 17:54:10.964.641] [INFO  ] [Controller] [Joints] FL: +44.094, +33.701, +44.094 ,FR: +44.094, +33.701, +44.094, HL: 44.094, +33.701, +54.488, HR: +45.827, +33.701, +56.220 Max HR-Knee = +56.220 Min FL-HipY = +33.701 
[2025-06-12 17:54:13.464.645] [INFO  ] [Controller] [Joints] FL: +44.094, +33.701, +44.094 ,FR: +44.094, +33.701, +44.094, HL: 44.094, +33.701, +54.488, HR: +45.827, +33.701, +56.220 Max HR-Knee = +56.220 Min FL-HipY = +33.701 
[2025-06-12 17:54:14.602.365] [INFO  ] [Battery] SoC = 83%, Volt = +31.700V, Temp 29 
[2025-06-12 17:54:15.964.644] [INFO  ] [Controller] [Joints] FL: +44.094, +33.701, +44.094 ,FR: +44.094, +33.701, +44.094, HL: 44.094, +33.701, +54.488, HR: +45.827, +33.701, +57.953 Max HR-Knee = +57.953 Min FL-HipY = +33.701 
[2025-06-12 17:54:18.464.650] [INFO  ] [Controller] [Joints] FL: +44.094, +33.701, +44.094 ,FR: +44.094, +33.701, +44.094, HL: 44.094, +33.701, +54.488, HR: +45.827, +33.701, +57.953 Max HR-Knee = +57.953 Min FL-HipY = +33.701 
[2025-06-12 17:54:19.261.627] [INFO  ] [Controller] AutoStop ... 
[2025-06-12 17:54:19.362.633] [INFO  ] [Controller] Switch to Twist Body Mode!!! 
[2025-06-12 17:54:19.462.628] [INFO  ] [Controller] Switch to Twist Body Mode!!! 
[2025-06-12 17:54:19.470.039] [INFO  ] [TVMPC] [trot]STOP!!! 
[2025-06-12 17:54:19.470.625] [INFO  ] [BasicMotion] Switching to force control mode, please wait... 
[2025-06-12 17:54:19.562.633] [INFO  ] [Controller] Switch to Twist Body Mode!!! 
[2025-06-12 17:54:19.598.538] [INFO  ] [Battery] SoC = 83%, Volt = +31.800V, Temp 29 
[2025-06-12 17:54:19.662.635] [INFO  ] [Controller] Switch to Twist Body Mode!!! 
[2025-06-12 17:54:19.762.629] [INFO  ] [Controller] Switch to Twist Body Mode!!! 
[2025-06-12 17:54:19.862.632] [INFO  ] [Controller] Switch to Twist Body Mode!!! 
[2025-06-12 17:54:19.963.629] [INFO  ] [Controller] Switch to Twist Body Mode!!! 
[2025-06-12 17:54:20.063.632] [INFO  ] [Controller] Switch to Twist Body Mode!!! 
[2025-06-12 17:54:20.163.627] [INFO  ] [Controller] Switch to Twist Body Mode!!! 
[2025-06-12 17:54:20.263.631] [INFO  ] [Controller] Switch to Twist Body Mode!!! 
[2025-06-12 17:54:20.964.654] [INFO  ] [Controller] [Joints] FL: +44.094, +33.701, +44.094 ,FR: +44.094, +33.701, +44.094, HL: 44.094, +33.701, +54.488, HR: +45.827, +33.701, +57.953 Max HR-Knee = +57.953 Min FL-HipY = +33.701 
[2025-06-12 17:54:23.464.650] [INFO  ] [Controller] [Joints] FL: +44.094, +33.701, +44.094 ,FR: +44.094, +33.701, +44.094, HL: 44.094, +33.701, +54.488, HR: +45.827, +33.701, +57.953 Max HR-Knee = +57.953 Min FL-HipY = +33.701 
[2025-06-12 17:54:24.594.735] [INFO  ] [Battery] SoC = 83%, Volt = +31.800V, Temp 29 
[2025-06-12 17:54:25.964.650] [INFO  ] [Controller] [Joints] FL: +44.094, +33.701, +44.094 ,FR: +44.094, +33.701, +44.094, HL: 44.094, +33.701, +54.488, HR: +45.827, +33.701, +57.953 Max HR-Knee = +57.953 Min FL-HipY = +33.701 
[2025-06-12 17:54:28.464.850] [INFO  ] [Controller] [Joints] FL: +44.094, +33.701, +44.094 ,FR: +44.094, +33.701, +44.094, HL: 44.094, +33.701, +54.488, HR: +45.827, +33.701, +57.953 Max HR-Knee = +57.953 Min FL-HipY = +33.701 
[2025-06-12 17:54:29.590.892] [INFO  ] [Battery] SoC = 83%, Volt = +31.700V, Temp 29 
[2025-06-12 17:54:30.964.650] [INFO  ] [Controller] [Joints] FL: +44.094, +33.701, +44.094 ,FR: +44.094, +33.701, +44.094, HL: 44.094, +33.701, +54.488, HR: +45.827, +33.701, +57.953 Max HR-Knee = +57.953 Min FL-HipY = +33.701 
[2025-06-12 17:54:32.431.627] [INFO  ] [Controller] Switch to Move Mode!!! 
[2025-06-12 17:54:32.432.646] [INFO  ] [TVMPC] JY is Moving... (tvmpc),  time: 1247.313339 
[2025-06-12 17:54:32.531.626] [INFO  ] [Controller] Switch to Move Mode!!! 
[2025-06-12 17:54:32.632.628] [INFO  ] [Controller] Switch to Move Mode!!! 
[2025-06-12 17:54:32.732.629] [INFO  ] [Controller] Switch to Move Mode!!! 
[2025-06-12 17:54:32.832.629] [INFO  ] [Controller] Switch to Move Mode!!! 
[2025-06-12 17:54:32.932.629] [INFO  ] [Controller] Switch to Move Mode!!! 
[2025-06-12 17:54:33.032.631] [INFO  ] [Controller] Switch to Move Mode!!! 
[2025-06-12 17:54:33.132.634] [INFO  ] [Controller] Switch to Move Mode!!! 
[2025-06-12 17:54:33.233.625] [INFO  ] [Controller] Switch to Move Mode!!! 
[2025-06-12 17:54:33.333.625] [INFO  ] [Controller] Switch to Move Mode!!! 
[2025-06-12 17:54:33.465.639] [INFO  ] [Controller] [Joints] FL: +44.094, +33.701, +44.094 ,FR: +42.362, +33.701, +44.094, HL: 45.827, +33.701, +54.488, HR: +45.827, +33.701, +57.953 Max HR-Knee = +57.953 Min FL-HipY = +33.701 
[2025-06-12 17:54:34.586.915] [INFO  ] [Battery] SoC = 83%, Volt = +31.700V, Temp 29 
[2025-06-12 17:54:35.967.639] [INFO  ] [Controller] [Joints] FL: +44.094, +33.701, +44.094 ,FR: +42.362, +33.701, +44.094, HL: 45.827, +33.701, +54.488, HR: +45.827, +33.701, +59.685 Max HR-Knee = +59.685 Min FL-HipY = +33.701 
[2025-06-12 17:54:38.467.639] [INFO  ] [Controller] [Joints] FL: +44.094, +33.701, +44.094 ,FR: +42.362, +33.701, +44.094, HL: 45.827, +33.701, +54.488, HR: +45.827, +33.701, +59.685 Max HR-Knee = +59.685 Min FL-HipY = +33.701 
[2025-06-12 17:54:39.583.059] [INFO  ] [Battery] SoC = 83%, Volt = +31.700V, Temp 29 
[2025-06-12 17:54:40.969.638] [INFO  ] [Controller] [Joints] FL: +44.094, +33.701, +44.094 ,FR: +42.362, +33.701, +44.094, HL: 45.827, +33.701, +54.488, HR: +45.827, +33.701, +59.685 Max HR-Knee = +59.685 Min FL-HipY = +33.701 
[2025-06-12 17:54:41.045.626] [INFO  ] [Controller] KeepRun ... 
[2025-06-12 17:54:41.145.626] [INFO  ] [Controller] KeepRun ... 
[2025-06-12 17:54:41.245.626] [INFO  ] [Controller] KeepRun ... 
[2025-06-12 17:54:41.346.626] [INFO  ] [Controller] KeepRun ... 
[2025-06-12 17:54:41.446.624] [INFO  ] [Controller] KeepRun ... 
[2025-06-12 17:54:41.546.626] [INFO  ] [Controller] KeepRun ... 
[2025-06-12 17:54:41.646.625] [INFO  ] [Controller] KeepRun ... 
[2025-06-12 17:54:41.746.624] [INFO  ] [Controller] KeepRun ... 
[2025-06-12 17:54:41.846.624] [INFO  ] [Controller] KeepRun ... 
[2025-06-12 17:54:41.946.626] [INFO  ] [Controller] KeepRun ... 
[2025-06-12 17:54:43.471.641] [INFO  ] [Controller] [Joints] FL: +44.094, +33.701, +44.094 ,FR: +44.094, +33.701, +44.094, HL: 45.827, +33.701, +54.488, HR: +45.827, +33.701, +59.685 Max HR-Knee = +59.685 Min FL-HipY = +33.701 
[2025-06-12 17:54:44.579.175] [INFO  ] [Battery] SoC = 82%, Volt = +31.700V, Temp 29 
[2025-06-12 17:54:45.653.625] [INFO  ] [Controller] KeepRun ... 
[2025-06-12 17:54:45.753.625] [INFO  ] [Controller] KeepRun ... 
[2025-06-12 17:54:45.853.624] [INFO  ] [Controller] KeepRun ... 
[2025-06-12 17:54:45.954.636] [INFO  ] [Controller] KeepRun ... 
[2025-06-12 17:54:45.973.644] [INFO  ] [Controller] [Joints] FL: +44.094, +33.701, +44.094 ,FR: +44.094, +33.701, +44.094, HL: 45.827, +33.701, +54.488, HR: +45.827, +33.701, +59.685 Max HR-Knee = +59.685 Min FL-HipY = +33.701 
[2025-06-12 17:54:46.054.627] [INFO  ] [Controller] KeepRun ... 
[2025-06-12 17:54:46.154.642] [INFO  ] [Controller] KeepRun ... 
[2025-06-12 17:54:46.254.630] [INFO  ] [Controller] KeepRun ... 
[2025-06-12 17:54:46.354.630] [INFO  ] [Controller] KeepRun ... 
[2025-06-12 17:54:46.454.643] [INFO  ] [Controller] KeepRun ... 
[2025-06-12 17:54:46.554.630] [INFO  ] [Controller] KeepRun ... 
[2025-06-12 17:54:46.655.635] [INFO  ] [Controller] Change Height!!! 
[2025-06-12 17:54:47.657.626] [INFO  ] [Controller] Change Height!!! 
[2025-06-12 17:54:48.474.638] [INFO  ] [Controller] [Joints] FL: +44.094, +33.701, +44.094 ,FR: +44.094, +33.701, +44.094, HL: 45.827, +33.701, +54.488, HR: +45.827, +33.701, +59.685 Max HR-Knee = +59.685 Min FL-HipY = +33.701 
[2025-06-12 17:54:48.659.624] [INFO  ] [Controller] Change Height!!! 
[2025-06-12 17:54:49.575.369] [INFO  ] [Battery] SoC = 82%, Volt = +31.500V, Temp 29 
[2025-06-12 17:54:49.661.628] [INFO  ] [Controller] Change Height!!! 
[2025-06-12 17:54:50.661.625] [INFO  ] [Controller] Change Height!!! 
[2025-06-12 17:54:50.974.640] [INFO  ] [Controller] [Joints] FL: +44.094, +33.701, +44.094 ,FR: +44.094, +33.701, +44.094, HL: 45.827, +33.701, +54.488, HR: +45.827, +33.701, +59.685 Max HR-Knee = +59.685 Min FL-HipY = +33.701 
[2025-06-12 17:54:51.663.626] [INFO  ] [Controller] Change Height!!! 
[2025-06-12 17:54:52.665.658] [INFO  ] [Controller] Change Height!!! 
[2025-06-12 17:54:53.474.640] [INFO  ] [Controller] [Joints] FL: +44.094, +33.701, +44.094 ,FR: +44.094, +33.701, +44.094, HL: 45.827, +33.701, +54.488, HR: +45.827, +33.701, +59.685 Max HR-Knee = +59.685 Min FL-HipY = +33.701 
[2025-06-12 17:54:53.667.627] [INFO  ] [Controller] Change Height!!! 
[2025-06-12 17:54:54.571.483] [INFO  ] [Battery] SoC = 82%, Volt = +31.600V, Temp 29 
[2025-06-12 17:54:54.668.630] [INFO  ] [Controller] AutoStop ... 
[2025-06-12 17:54:54.769.625] [INFO  ] [Controller] Greeting2... 
[2025-06-12 17:54:54.869.626] [INFO  ] [Controller] Greeting2... 
[2025-06-12 17:54:54.943.036] [INFO  ] [TVMPC] [trot]STOP!!! 
[2025-06-12 17:54:54.943.623] [INFO  ] [BasicMotion] Switching to force control mode, please wait... 
[2025-06-12 17:54:54.969.623] [INFO  ] [Controller] Greeting2... 
[2025-06-12 17:54:54.969.657] [INFO  ] [BasicMotion] Greeting, please wait... 
[2025-06-12 17:54:55.069.624] [INFO  ] [Controller] Greeting2... 
[2025-06-12 17:54:55.169.627] [INFO  ] [Controller] Greeting2... 
[2025-06-12 17:54:55.269.630] [INFO  ] [Controller] Greeting2... 
[2025-06-12 17:54:55.370.629] [INFO  ] [Controller] Greeting2... 
[2025-06-12 17:54:55.470.628] [INFO  ] [Controller] Greeting2... 
[2025-06-12 17:54:55.570.628] [INFO  ] [Controller] Greeting2... 
[2025-06-12 17:54:55.670.630] [INFO  ] [Controller] Greeting2... 
[2025-06-12 17:54:55.770.628] [INFO  ] [Controller] Greeting2... 
[2025-06-12 17:54:55.870.628] [INFO  ] [Controller] Greeting2... 
[2025-06-12 17:54:55.970.629] [INFO  ] [Controller] Greeting2... 
[2025-06-12 17:54:55.974.630] [INFO  ] [Controller] [Joints] FL: +44.094, +33.701, +44.094 ,FR: +44.094, +33.701, +44.094, HL: 45.827, +33.701, +54.488, HR: +47.559, +33.701, +59.685 Max HR-Knee = +59.685 Min FL-HipY = +33.701 
[2025-06-12 17:54:56.070.628] [INFO  ] [Controller] Greeting2... 
[2025-06-12 17:54:56.171.629] [INFO  ] [Controller] Greeting2... 
[2025-06-12 17:54:56.271.628] [INFO  ] [Controller] Greeting2... 
[2025-06-12 17:54:56.371.630] [INFO  ] [Controller] Greeting2... 
[2025-06-12 17:54:56.471.626] [INFO  ] [Controller] Greeting2... 
[2025-06-12 17:54:56.480.626] [INFO  ] [BasicMotion] Greeting Third State End ... 
[2025-06-12 17:54:56.571.628] [INFO  ] [Controller] Greeting2... 
[2025-06-12 17:54:56.671.628] [INFO  ] [Controller] Greeting2... 
[2025-06-12 17:54:56.771.629] [INFO  ] [Controller] Greeting2... 
[2025-06-12 17:54:56.871.627] [INFO  ] [Controller] Greeting2... 
[2025-06-12 17:54:56.972.632] [INFO  ] [Controller] Greeting2... 
[2025-06-12 17:54:56.981.622] [INFO  ] [BasicMotion] waving_cnt: 1 
[2025-06-12 17:54:57.072.629] [INFO  ] [Controller] Greeting2... 
[2025-06-12 17:54:57.172.631] [INFO  ] [Controller] Greeting2... 
[2025-06-12 17:54:57.272.630] [INFO  ] [Controller] Greeting2... 
[2025-06-12 17:54:57.372.631] [INFO  ] [Controller] Greeting2... 
[2025-06-12 17:54:57.472.632] [INFO  ] [Controller] Greeting2... 
[2025-06-12 17:54:57.482.633] [INFO  ] [BasicMotion] waving_cnt: 2 
[2025-06-12 17:54:57.572.626] [INFO  ] [Controller] Greeting2... 
[2025-06-12 17:54:57.673.630] [INFO  ] [Controller] Greeting2... 
[2025-06-12 17:54:57.773.629] [INFO  ] [Controller] Greeting2... 
[2025-06-12 17:54:57.873.630] [INFO  ] [Controller] Greeting2... 
[2025-06-12 17:54:57.973.628] [INFO  ] [Controller] Greeting2... 
[2025-06-12 17:54:57.982.640] [INFO  ] [BasicMotion] waving_cnt: 3 
[2025-06-12 17:54:58.073.628] [INFO  ] [Controller] Greeting2... 
[2025-06-12 17:54:58.173.628] [INFO  ] [Controller] Greeting2... 
[2025-06-12 17:54:58.273.628] [INFO  ] [Controller] Greeting2... 
[2025-06-12 17:54:58.373.628] [INFO  ] [Controller] Greeting2... 
[2025-06-12 17:54:58.474.646] [INFO  ] [Controller] [Joints] FL: +44.094, +33.701, +45.827 ,FR: +44.094, +33.701, +44.094, HL: 45.827, +33.701, +54.488, HR: +47.559, +33.701, +59.685 Max HR-Knee = +59.685 Min FL-HipY = +33.701 
[2025-06-12 17:54:58.474.677] [INFO  ] [Controller] Greeting2... 
[2025-06-12 17:54:58.483.628] [INFO  ] [BasicMotion] waving_cnt: 4 
[2025-06-12 17:54:58.574.626] [INFO  ] [Controller] Greeting2... 
[2025-06-12 17:54:58.674.627] [INFO  ] [Controller] Greeting2... 
[2025-06-12 17:54:58.774.628] [INFO  ] [Controller] Greeting2... 
[2025-06-12 17:54:58.874.629] [INFO  ] [Controller] Greeting2... 
[2025-06-12 17:54:58.974.627] [INFO  ] [Controller] Greeting2... 
[2025-06-12 17:54:58.983.636] [INFO  ] [BasicMotion] waving_cnt: 5 
[2025-06-12 17:54:59.074.628] [INFO  ] [Controller] Greeting2... 
[2025-06-12 17:54:59.175.634] [INFO  ] [Controller] Greeting2... 
[2025-06-12 17:54:59.275.629] [INFO  ] [Controller] Greeting2... 
[2025-06-12 17:54:59.375.628] [INFO  ] [Controller] Greeting2... 
[2025-06-12 17:54:59.475.635] [INFO  ] [Controller] Greeting2... 
[2025-06-12 17:54:59.484.644] [INFO  ] [BasicMotion] waving_cnt: 6 
[2025-06-12 17:54:59.567.639] [INFO  ] [Battery] SoC = 82%, Volt = +31.800V, Temp 29 
[2025-06-12 17:54:59.575.615] [INFO  ] [Controller] Greeting2... 
[2025-06-12 17:54:59.675.626] [INFO  ] [Controller] Greeting2... 
[2025-06-12 17:54:59.775.649] [INFO  ] [Controller] Greeting2... 
[2025-06-12 17:54:59.875.626] [INFO  ] [Controller] Greeting2... 
[2025-06-12 17:54:59.976.628] [INFO  ] [Controller] Greeting2... 
[2025-06-12 17:54:59.984.653] [INFO  ] [BasicMotion] waving_cnt: 7 
[2025-06-12 17:55:00.076.629] [INFO  ] [Controller] Greeting2... 
[2025-06-12 17:55:00.176.628] [INFO  ] [Controller] Greeting2... 
[2025-06-12 17:55:00.276.630] [INFO  ] [Controller] Greeting2... 
[2025-06-12 17:55:00.376.629] [INFO  ] [Controller] Greeting2... 
[2025-06-12 17:55:00.476.625] [INFO  ] [Controller] Greeting2... 
[2025-06-12 17:55:00.485.628] [INFO  ] [BasicMotion] waving_cnt: 8 
[2025-06-12 17:55:00.577.626] [INFO  ] [Controller] Greeting2... 
[2025-06-12 17:55:00.677.627] [INFO  ] [Controller] Greeting2... 
[2025-06-12 17:55:00.777.627] [INFO  ] [Controller] Greeting2... 
[2025-06-12 17:55:00.877.628] [INFO  ] [Controller] Greeting2... 
[2025-06-12 17:55:00.974.645] [INFO  ] [Controller] [Joints] FL: +44.094, +33.701, +45.827 ,FR: +44.094, +33.701, +44.094, HL: 44.094, +33.701, +54.488, HR: +47.559, +33.701, +59.685 Max HR-Knee = +59.685 Min FL-HipY = +33.701 
[2025-06-12 17:55:00.977.615] [INFO  ] [Controller] Greeting2... 
[2025-06-12 17:55:00.985.626] [INFO  ] [BasicMotion] waving_cnt: 9 
[2025-06-12 17:55:01.077.627] [INFO  ] [Controller] Greeting2... 
[2025-06-12 17:55:01.177.626] [INFO  ] [Controller] Greeting2... 
[2025-06-12 17:55:01.277.628] [INFO  ] [Controller] Greeting2... 
[2025-06-12 17:55:01.377.625] [INFO  ] [Controller] Greeting2... 
[2025-06-12 17:55:01.478.628] [INFO  ] [Controller] Greeting2... 
[2025-06-12 17:55:01.578.627] [INFO  ] [Controller] Greeting2... 
[2025-06-12 17:55:01.678.627] [INFO  ] [Controller] Greeting2... 
[2025-06-12 17:55:01.779.628] [INFO  ] [Controller] KeepRun ... 
[2025-06-12 17:55:01.879.629] [INFO  ] [Controller] KeepRun ... 
[2025-06-12 17:55:01.979.628] [INFO  ] [Controller] KeepRun ... 
[2025-06-12 17:55:02.079.628] [INFO  ] [Controller] KeepRun ... 
[2025-06-12 17:55:02.179.627] [INFO  ] [Controller] KeepRun ... 
[2025-06-12 17:55:02.279.629] [INFO  ] [Controller] KeepRun ... 
[2025-06-12 17:55:02.380.630] [INFO  ] [Controller] KeepRun ... 
[2025-06-12 17:55:02.480.626] [INFO  ] [Controller] KeepRun ... 
[2025-06-12 17:55:02.580.630] [INFO  ] [Controller] KeepRun ... 
[2025-06-12 17:55:02.680.630] [INFO  ] [Controller] KeepRun ... 
[2025-06-12 17:55:02.987.645] [INFO  ] [BasicMotion] Stand up action has finished, waitting to switch to force control mode! 
[2025-06-12 17:55:02.987.681] [INFO  ] [BasicMotion] Switching to force control mode, please wait... 
[2025-06-12 17:55:03.474.647] [INFO  ] [Controller] [Joints] FL: +44.094, +35.433, +44.094 ,FR: +44.094, +33.701, +44.094, HL: 44.094, +33.701, +54.488, HR: +47.559, +33.701, +59.685 Max HR-Knee = +59.685 Min FR-HipY = +33.701 
[2025-06-12 17:55:03.789.655] [INFO  ] [TVMPC] JY is Moving... (tvmpc),  time: 1278.670338 
[2025-06-12 17:55:04.563.826] [INFO  ] [Battery] SoC = 82%, Volt = +31.700V, Temp 29 
[2025-06-12 17:55:05.974.639] [INFO  ] [Controller] [Joints] FL: +44.094, +35.433, +44.094 ,FR: +44.094, +33.701, +44.094, HL: 44.094, +33.701, +54.488, HR: +47.559, +33.701, +57.953 Max HR-Knee = +57.953 Min FR-HipY = +33.701 
[2025-06-12 17:55:08.474.637] [INFO  ] [Controller] [Joints] FL: +44.094, +35.433, +45.827 ,FR: +44.094, +33.701, +44.094, HL: 44.094, +33.701, +54.488, HR: +47.559, +33.701, +57.953 Max HR-Knee = +57.953 Min FR-HipY = +33.701 
[2025-06-12 17:55:09.560.026] [INFO  ] [Battery] SoC = 82%, Volt = +31.700V, Temp 29 
[2025-06-12 17:55:10.974.639] [INFO  ] [Controller] [Joints] FL: +44.094, +35.433, +45.827 ,FR: +44.094, +33.701, +44.094, HL: 44.094, +33.701, +54.488, HR: +47.559, +33.701, +57.953 Max HR-Knee = +57.953 Min FR-HipY = +33.701 
[2025-06-12 17:55:13.474.638] [INFO  ] [Controller] [Joints] FL: +44.094, +35.433, +45.827 ,FR: +42.362, +33.701, +44.094, HL: 44.094, +33.701, +54.488, HR: +45.827, +33.701, +57.953 Max HR-Knee = +57.953 Min FR-HipY = +33.701 
[2025-06-12 17:55:14.556.159] [INFO  ] [Battery] SoC = 82%, Volt = +31.700V, Temp 29 
[2025-06-12 17:55:15.974.639] [INFO  ] [Controller] [Joints] FL: +44.094, +35.433, +45.827 ,FR: +42.362, +33.701, +44.094, HL: 44.094, +33.701, +54.488, HR: +45.827, +33.701, +57.953 Max HR-Knee = +57.953 Min FR-HipY = +33.701 
[2025-06-12 17:55:18.475.638] [INFO  ] [Controller] [Joints] FL: +44.094, +35.433, +45.827 ,FR: +42.362, +33.701, +44.094, HL: 44.094, +33.701, +54.488, HR: +45.827, +33.701, +59.685 Max HR-Knee = +59.685 Min FR-HipY = +33.701 
[2025-06-12 17:55:19.552.312] [INFO  ] [Battery] SoC = 82%, Volt = +31.700V, Temp 29 
[2025-06-12 17:55:20.975.638] [INFO  ] [Controller] [Joints] FL: +44.094, +35.433, +45.827 ,FR: +42.362, +33.701, +44.094, HL: 44.094, +33.701, +54.488, HR: +45.827, +33.701, +59.685 Max HR-Knee = +59.685 Min FR-HipY = +33.701 
[2025-06-12 17:55:23.475.639] [INFO  ] [Controller] [Joints] FL: +44.094, +35.433, +45.827 ,FR: +44.094, +33.701, +44.094, HL: 44.094, +33.701, +54.488, HR: +45.827, +33.701, +59.685 Max HR-Knee = +59.685 Min FR-HipY = +33.701 
[2025-06-12 17:55:24.548.611] [INFO  ] [Battery] SoC = 82%, Volt = +31.500V, Temp 29 
[2025-06-12 17:55:25.975.644] [INFO  ] [Controller] [Joints] FL: +44.094, +35.433, +45.827 ,FR: +44.094, +33.701, +44.094, HL: 44.094, +33.701, +54.488, HR: +45.827, +33.701, +59.685 Max HR-Knee = +59.685 Min FR-HipY = +33.701 
[2025-06-12 17:55:28.475.647] [INFO  ] [Controller] [Joints] FL: +44.094, +35.433, +45.827 ,FR: +44.094, +33.701, +44.094, HL: 44.094, +33.701, +54.488, HR: +47.559, +33.701, +59.685 Max HR-Knee = +59.685 Min FR-HipY = +33.701 
[2025-06-12 17:55:29.544.857] [INFO  ] [Battery] SoC = 82%, Volt = +31.600V, Temp 29 
[2025-06-12 17:55:30.975.646] [INFO  ] [Controller] [Joints] FL: +44.094, +35.433, +47.559 ,FR: +44.094, +33.701, +44.094, HL: 45.827, +33.701, +54.488, HR: +47.559, +33.701, +59.685 Max HR-Knee = +59.685 Min FR-HipY = +33.701 
[2025-06-12 17:55:33.475.651] [INFO  ] [Controller] [Joints] FL: +44.094, +35.433, +47.559 ,FR: +44.094, +35.433, +44.094, HL: 44.094, +33.701, +54.488, HR: +47.559, +33.701, +59.685 Max HR-Knee = +59.685 Min HL-HipY = +33.701 
[2025-06-12 17:55:34.541.048] [INFO  ] [Battery] SoC = 82%, Volt = +31.600V, Temp 29 
[2025-06-12 17:55:35.975.646] [INFO  ] [Controller] [Joints] FL: +44.094, +35.433, +47.559 ,FR: +44.094, +35.433, +44.094, HL: 45.827, +33.701, +56.220, HR: +47.559, +33.701, +59.685 Max HR-Knee = +59.685 Min HL-HipY = +33.701 
[2025-06-12 17:55:36.699.625] [INFO  ] [Controller] AutoStop ... 
[2025-06-12 17:55:37.091.041] [INFO  ] [TVMPC] [trot]STOP!!! 
[2025-06-12 17:55:37.091.624] [INFO  ] [BasicMotion] Switching to force control mode, please wait... 
[2025-06-12 17:55:38.475.644] [INFO  ] [Controller] [Joints] FL: +44.094, +35.433, +47.559 ,FR: +44.094, +35.433, +44.094, HL: 45.827, +33.701, +56.220, HR: +47.559, +33.701, +59.685 Max HR-Knee = +59.685 Min HL-HipY = +33.701 
[2025-06-12 17:55:39.537.372] [INFO  ] [Battery] SoC = 81%, Volt = +31.700V, Temp 29 
[2025-06-12 17:55:40.975.661] [INFO  ] [Controller] [Joints] FL: +44.094, +35.433, +45.827 ,FR: +44.094, +35.433, +44.094, HL: 45.827, +33.701, +54.488, HR: +47.559, +33.701, +59.685 Max HR-Knee = +59.685 Min HL-HipY = +33.701 
[2025-06-12 17:55:43.475.644] [INFO  ] [Controller] [Joints] FL: +44.094, +35.433, +45.827 ,FR: +44.094, +35.433, +44.094, HL: 45.827, +33.701, +54.488, HR: +47.559, +33.701, +59.685 Max HR-Knee = +59.685 Min HL-HipY = +33.701 
[2025-06-12 17:55:44.533.581] [INFO  ] [Battery] SoC = 81%, Volt = +31.700V, Temp 29 
[2025-06-12 17:55:45.975.647] [INFO  ] [Controller] [Joints] FL: +44.094, +35.433, +45.827 ,FR: +44.094, +35.433, +44.094, HL: 45.827, +33.701, +54.488, HR: +47.559, +33.701, +59.685 Max HR-Knee = +59.685 Min HL-HipY = +33.701 
[2025-06-12 17:55:48.475.644] [INFO  ] [Controller] [Joints] FL: +44.094, +35.433, +45.827 ,FR: +44.094, +35.433, +44.094, HL: 45.827, +33.701, +54.488, HR: +47.559, +33.701, +59.685 Max HR-Knee = +59.685 Min HL-HipY = +33.701 
[2025-06-12 17:55:49.529.856] [INFO  ] [Battery] SoC = 81%, Volt = +31.700V, Temp 29 
[2025-06-12 17:55:50.975.644] [INFO  ] [Controller] [Joints] FL: +44.094, +35.433, +45.827 ,FR: +44.094, +33.701, +42.362, HL: 45.827, +33.701, +52.756, HR: +47.559, +33.701, +59.685 Max HR-Knee = +59.685 Min FR-HipY = +33.701 
[2025-06-12 17:55:53.475.645] [INFO  ] [Controller] [Joints] FL: +44.094, +35.433, +45.827 ,FR: +44.094, +33.701, +42.362, HL: 45.827, +33.701, +52.756, HR: +47.559, +33.701, +59.685 Max HR-Knee = +59.685 Min FR-HipY = +33.701 
[2025-06-12 17:55:54.526.132] [INFO  ] [Battery] SoC = 81%, Volt = +31.700V, Temp 29 
[2025-06-12 17:55:55.975.645] [INFO  ] [Controller] [Joints] FL: +42.362, +35.433, +45.827 ,FR: +44.094, +33.701, +42.362, HL: 45.827, +33.701, +52.756, HR: +47.559, +33.701, +59.685 Max HR-Knee = +59.685 Min FR-HipY = +33.701 
[2025-06-12 17:55:58.475.645] [INFO  ] [Controller] [Joints] FL: +42.362, +35.433, +45.827 ,FR: +44.094, +33.701, +42.362, HL: 45.827, +33.701, +52.756, HR: +47.559, +33.701, +59.685 Max HR-Knee = +59.685 Min FR-HipY = +33.701 
[2025-06-12 17:55:59.522.192] [INFO  ] [Battery] SoC = 81%, Volt = +31.700V, Temp 29 
[2025-06-12 17:56:00.975.645] [INFO  ] [Controller] [Joints] FL: +42.362, +33.701, +44.094 ,FR: +44.094, +33.701, +42.362, HL: 45.827, +33.701, +51.024, HR: +47.559, +33.701, +59.685 Max HR-Knee = +59.685 Min FL-HipY = +33.701 
[2025-06-12 17:56:03.475.645] [INFO  ] [Controller] [Joints] FL: +42.362, +33.701, +44.094 ,FR: +44.094, +33.701, +42.362, HL: 45.827, +33.701, +51.024, HR: +47.559, +33.701, +59.685 Max HR-Knee = +59.685 Min FL-HipY = +33.701 
[2025-06-12 17:56:04.518.408] [INFO  ] [Battery] SoC = 81%, Volt = +31.700V, Temp 29 
[2025-06-12 17:56:05.328.658] [INFO  ] [TVMPC] JY is Moving... (tvmpc),  time: 1340.209339 
[2025-06-12 17:56:05.975.639] [INFO  ] [Controller] [Joints] FL: +42.362, +33.701, +44.094 ,FR: +42.362, +33.701, +42.362, HL: 45.827, +33.701, +51.024, HR: +47.559, +33.701, +59.685 Max HR-Knee = +59.685 Min FL-HipY = +33.701 
[2025-06-12 17:56:08.475.639] [INFO  ] [Controller] [Joints] FL: +42.362, +33.701, +44.094 ,FR: +42.362, +33.701, +42.362, HL: 45.827, +33.701, +51.024, HR: +47.559, +33.701, +59.685 Max HR-Knee = +59.685 Min FL-HipY = +33.701 
[2025-06-12 17:56:09.514.677] [INFO  ] [Battery] SoC = 81%, Volt = +31.600V, Temp 29 
[2025-06-12 17:56:09.829.039] [INFO  ] [TVMPC] [trot]STOP!!! 
[2025-06-12 17:56:09.829.624] [INFO  ] [BasicMotion] Switching to force control mode, please wait... 
[2025-06-12 17:56:10.975.649] [INFO  ] [Controller] [Joints] FL: +42.362, +33.701, +44.094 ,FR: +44.094, +33.701, +42.362, HL: 45.827, +33.701, +51.024, HR: +47.559, +33.701, +59.685 Max HR-Knee = +59.685 Min FL-HipY = +33.701 
[2025-06-12 17:56:13.475.646] [INFO  ] [Controller] [Joints] FL: +42.362, +33.701, +44.094 ,FR: +44.094, +33.701, +42.362, HL: 45.827, +33.701, +51.024, HR: +47.559, +33.701, +59.685 Max HR-Knee = +59.685 Min FL-HipY = +33.701 
[2025-06-12 17:56:14.510.770] [INFO  ] [Battery] SoC = 81%, Volt = +31.700V, Temp 29 
[2025-06-12 17:56:15.975.648] [INFO  ] [Controller] [Joints] FL: +42.362, +33.701, +44.094 ,FR: +42.362, +33.701, +42.362, HL: 45.827, +33.701, +51.024, HR: +47.559, +33.701, +57.953 Max HR-Knee = +57.953 Min FL-HipY = +33.701 
[2025-06-12 17:56:18.475.646] [INFO  ] [Controller] [Joints] FL: +42.362, +33.701, +44.094 ,FR: +42.362, +33.701, +42.362, HL: 45.827, +33.701, +51.024, HR: +47.559, +33.701, +57.953 Max HR-Knee = +57.953 Min FL-HipY = +33.701 
[2025-06-12 17:56:19.506.869] [INFO  ] [Battery] SoC = 81%, Volt = +31.700V, Temp 29 
[2025-06-12 17:56:20.975.648] [INFO  ] [Controller] [Joints] FL: +42.362, +33.701, +44.094 ,FR: +42.362, +33.701, +42.362, HL: 45.827, +33.701, +51.024, HR: +47.559, +33.701, +57.953 Max HR-Knee = +57.953 Min FL-HipY = +33.701 
[2025-06-12 17:56:23.475.646] [INFO  ] [Controller] [Joints] FL: +42.362, +33.701, +42.362 ,FR: +42.362, +33.701, +42.362, HL: 45.827, +33.701, +52.756, HR: +47.559, +33.701, +56.220 Max HR-Knee = +56.220 Min FL-HipY = +33.701 
[2025-06-12 17:56:24.503.012] [INFO  ] [Battery] SoC = 81%, Volt = +31.700V, Temp 29 
[2025-06-12 17:56:25.975.646] [INFO  ] [Controller] [Joints] FL: +42.362, +33.701, +42.362 ,FR: +42.362, +33.701, +42.362, HL: 45.827, +33.701, +52.756, HR: +47.559, +33.701, +56.220 Max HR-Knee = +56.220 Min FL-HipY = +33.701 
[2025-06-12 17:56:28.475.644] [INFO  ] [Controller] [Joints] FL: +42.362, +33.701, +42.362 ,FR: +42.362, +33.701, +42.362, HL: 45.827, +33.701, +52.756, HR: +45.827, +33.701, +54.488 Max HR-Knee = +54.488 Min FL-HipY = +33.701 
[2025-06-12 17:56:29.499.082] [INFO  ] [Battery] SoC = 81%, Volt = +31.700V, Temp 29 
[2025-06-12 17:56:30.975.646] [INFO  ] [Controller] [Joints] FL: +44.094, +33.701, +42.362 ,FR: +42.362, +33.701, +42.362, HL: 45.827, +33.701, +52.756, HR: +45.827, +33.701, +54.488 Max HR-Knee = +54.488 Min FL-HipY = +33.701 
[2025-06-12 17:56:33.475.643] [INFO  ] [Controller] [Joints] FL: +44.094, +33.701, +42.362 ,FR: +42.362, +33.701, +42.362, HL: 45.827, +33.701, +52.756, HR: +45.827, +33.701, +54.488 Max HR-Knee = +54.488 Min FL-HipY = +33.701 
[2025-06-12 17:56:34.495.161] [INFO  ] [Battery] SoC = 81%, Volt = +31.600V, Temp 29 
[2025-06-12 17:56:35.975.647] [INFO  ] [Controller] [Joints] FL: +44.094, +33.701, +42.362 ,FR: +42.362, +33.701, +42.362, HL: 45.827, +33.701, +52.756, HR: +45.827, +33.701, +52.756 Max HL-Knee = +52.756 Min FL-HipY = +33.701 
[2025-06-12 17:56:38.475.646] [INFO  ] [Controller] [Joints] FL: +44.094, +33.701, +40.630 ,FR: +42.362, +33.701, +42.362, HL: 45.827, +33.701, +54.488, HR: +45.827, +33.701, +52.756 Max HL-Knee = +54.488 Min FL-HipY = +33.701 
[2025-06-12 17:56:39.491.224] [INFO  ] [Battery] SoC = 81%, Volt = +31.600V, Temp 29 
[2025-06-12 17:56:40.975.668] [INFO  ] [Controller] [Joints] FL: +44.094, +33.701, +40.630 ,FR: +42.362, +33.701, +42.362, HL: 45.827, +33.701, +54.488, HR: +45.827, +33.701, +52.756 Max HL-Knee = +54.488 Min FL-HipY = +33.701 
[2025-06-12 17:56:43.475.648] [INFO  ] [Controller] [Joints] FL: +44.094, +33.701, +40.630 ,FR: +42.362, +33.701, +42.362, HL: 45.827, +33.701, +54.488, HR: +45.827, +33.701, +52.756 Max HL-Knee = +54.488 Min FL-HipY = +33.701 
[2025-06-12 17:56:44.487.301] [INFO  ] [Battery] SoC = 81%, Volt = +31.600V, Temp 29 
[2025-06-12 17:56:45.975.647] [INFO  ] [Controller] [Joints] FL: +44.094, +33.701, +40.630 ,FR: +40.630, +33.701, +42.362, HL: 45.827, +33.701, +54.488, HR: +45.827, +33.701, +51.024 Max HL-Knee = +54.488 Min FL-HipY = +33.701 
[2025-06-12 17:56:48.475.647] [INFO  ] [Controller] [Joints] FL: +44.094, +33.701, +40.630 ,FR: +40.630, +33.701, +42.362, HL: 45.827, +33.701, +54.488, HR: +45.827, +33.701, +51.024 Max HL-Knee = +54.488 Min FL-HipY = +33.701 
[2025-06-12 17:56:49.483.421] [INFO  ] [Battery] SoC = 80%, Volt = +31.600V, Temp 29 
[2025-06-12 17:56:50.975.649] [INFO  ] [Controller] [Joints] FL: +44.094, +33.701, +40.630 ,FR: +40.630, +33.701, +42.362, HL: 45.827, +33.701, +54.488, HR: +45.827, +33.701, +51.024 Max HL-Knee = +54.488 Min FL-HipY = +33.701 
[2025-06-12 17:56:53.475.648] [INFO  ] [Controller] [Joints] FL: +44.094, +33.701, +40.630 ,FR: +40.630, +33.701, +42.362, HL: 45.827, +33.701, +54.488, HR: +45.827, +33.701, +51.024 Max HL-Knee = +54.488 Min FL-HipY = +33.701 
[2025-06-12 17:56:54.479.479] [INFO  ] [Battery] SoC = 80%, Volt = +31.600V, Temp 29 
[2025-06-12 17:56:55.975.647] [INFO  ] [Controller] [Joints] FL: +44.094, +33.701, +40.630 ,FR: +40.630, +33.701, +42.362, HL: 45.827, +33.701, +54.488, HR: +45.827, +33.701, +51.024 Max HL-Knee = +54.488 Min FL-HipY = +33.701 
[2025-06-12 17:56:58.475.646] [INFO  ] [Controller] [Joints] FL: +44.094, +33.701, +40.630 ,FR: +40.630, +33.701, +42.362, HL: 45.827, +33.701, +54.488, HR: +45.827, +33.701, +51.024 Max HL-Knee = +54.488 Min FL-HipY = +33.701 
[2025-06-12 17:56:59.475.669] [INFO  ] [Battery] SoC = 80%, Volt = +31.600V, Temp 29 
[2025-06-12 17:57:00.975.656] [INFO  ] [Controller] [Joints] FL: +44.094, +33.701, +40.630 ,FR: +40.630, +33.701, +42.362, HL: 45.827, +33.701, +54.488, HR: +45.827, +33.701, +49.291 Max HL-Knee = +54.488 Min FL-HipY = +33.701 
[2025-06-12 17:57:03.475.644] [INFO  ] [Controller] [Joints] FL: +44.094, +33.701, +40.630 ,FR: +40.630, +33.701, +42.362, HL: 45.827, +33.701, +54.488, HR: +45.827, +33.701, +49.291 Max HL-Knee = +54.488 Min FL-HipY = +33.701 
[2025-06-12 17:57:04.471.817] [INFO  ] [Battery] SoC = 80%, Volt = +31.600V, Temp 29 
[2025-06-12 17:57:05.975.646] [INFO  ] [Controller] [Joints] FL: +44.094, +33.701, +38.898 ,FR: +40.630, +33.701, +42.362, HL: 45.827, +33.701, +54.488, HR: +45.827, +33.701, +49.291 Max HL-Knee = +54.488 Min FL-HipY = +33.701 
[2025-06-12 17:57:08.475.642] [INFO  ] [Controller] [Joints] FL: +44.094, +33.701, +38.898 ,FR: +40.630, +33.701, +42.362, HL: 45.827, +33.701, +54.488, HR: +45.827, +33.701, +49.291 Max HL-Knee = +54.488 Min FL-HipY = +33.701 
[2025-06-12 17:57:09.467.906] [INFO  ] [Battery] SoC = 80%, Volt = +31.600V, Temp 29 
[2025-06-12 17:57:10.975.646] [INFO  ] [Controller] [Joints] FL: +44.094, +33.701, +38.898 ,FR: +40.630, +33.701, +42.362, HL: 45.827, +33.701, +54.488, HR: +45.827, +33.701, +49.291 Max HL-Knee = +54.488 Min FL-HipY = +33.701 
[2025-06-12 17:57:13.475.644] [INFO  ] [Controller] [Joints] FL: +44.094, +33.701, +38.898 ,FR: +40.630, +33.701, +42.362, HL: 45.827, +33.701, +54.488, HR: +45.827, +33.701, +49.291 Max HL-Knee = +54.488 Min FL-HipY = +33.701 
[2025-06-12 17:57:14.464.068] [INFO  ] [Battery] SoC = 80%, Volt = +31.600V, Temp 29 
[2025-06-12 17:57:15.975.645] [INFO  ] [Controller] [Joints] FL: +44.094, +33.701, +38.898 ,FR: +40.630, +33.701, +42.362, HL: 45.827, +33.701, +54.488, HR: +45.827, +33.701, +49.291 Max HL-Knee = +54.488 Min FL-HipY = +33.701 
[2025-06-12 17:57:18.475.648] [INFO  ] [Controller] [Joints] FL: +44.094, +33.701, +38.898 ,FR: +40.630, +33.701, +42.362, HL: 45.827, +33.701, +54.488, HR: +45.827, +33.701, +49.291 Max HL-Knee = +54.488 Min FL-HipY = +33.701 
[2025-06-12 17:57:19.460.155] [INFO  ] [Battery] SoC = 80%, Volt = +31.600V, Temp 29 
[2025-06-12 17:57:20.975.657] [INFO  ] [Controller] [Joints] FL: +44.094, +33.701, +38.898 ,FR: +40.630, +33.701, +42.362, HL: 45.827, +33.701, +54.488, HR: +45.827, +33.701, +49.291 Max HL-Knee = +54.488 Min FL-HipY = +33.701 
[2025-06-12 17:57:23.475.651] [INFO  ] [Controller] [Joints] FL: +44.094, +33.701, +38.898 ,FR: +40.630, +33.701, +42.362, HL: 45.827, +33.701, +54.488, HR: +45.827, +33.701, +49.291 Max HL-Knee = +54.488 Min FL-HipY = +33.701 
[2025-06-12 17:57:24.456.141] [INFO  ] [Battery] SoC = 80%, Volt = +31.600V, Temp 29 
[2025-06-12 17:57:25.975.652] [INFO  ] [Controller] [Joints] FL: +44.094, +33.701, +38.898 ,FR: +40.630, +33.701, +42.362, HL: 45.827, +33.701, +54.488, HR: +45.827, +33.701, +49.291 Max HL-Knee = +54.488 Min FL-HipY = +33.701 
[2025-06-12 17:57:28.475.649] [INFO  ] [Controller] [Joints] FL: +44.094, +33.701, +38.898 ,FR: +40.630, +33.701, +42.362, HL: 45.827, +33.701, +54.488, HR: +45.827, +33.701, +49.291 Max HL-Knee = +54.488 Min FL-HipY = +33.701 
[2025-06-12 17:57:29.452.245] [INFO  ] [Battery] SoC = 80%, Volt = +31.600V, Temp 29 
[2025-06-12 17:57:30.975.642] [INFO  ] [Controller] [Joints] FL: +44.094, +33.701, +38.898 ,FR: +40.630, +33.701, +42.362, HL: 45.827, +33.701, +54.488, HR: +45.827, +33.701, +47.559 Max HL-Knee = +54.488 Min FL-HipY = +33.701 
[2025-06-12 17:57:33.475.644] [INFO  ] [Controller] [Joints] FL: +44.094, +33.701, +38.898 ,FR: +40.630, +33.701, +42.362, HL: 45.827, +35.433, +54.488, HR: +45.827, +33.701, +47.559 Max HL-Knee = +54.488 Min FL-HipY = +33.701 
[2025-06-12 17:57:34.448.250] [INFO  ] [Battery] SoC = 80%, Volt = +31.600V, Temp 29 
[2025-06-12 17:57:35.975.645] [INFO  ] [Controller] [Joints] FL: +44.094, +33.701, +38.898 ,FR: +40.630, +33.701, +42.362, HL: 45.827, +35.433, +54.488, HR: +45.827, +33.701, +47.559 Max HL-Knee = +54.488 Min FL-HipY = +33.701 
[2025-06-12 17:57:38.475.644] [INFO  ] [Controller] [Joints] FL: +44.094, +33.701, +38.898 ,FR: +40.630, +33.701, +42.362, HL: 45.827, +35.433, +54.488, HR: +45.827, +35.433, +47.559 Max HL-Knee = +54.488 Min FL-HipY = +33.701 
[2025-06-12 17:57:39.444.208] [INFO  ] [Battery] SoC = 80%, Volt = +31.600V, Temp 29 
[2025-06-12 17:57:40.975.644] [INFO  ] [Controller] [Joints] FL: +44.094, +33.701, +38.898 ,FR: +40.630, +33.701, +42.362, HL: 45.827, +35.433, +54.488, HR: +45.827, +35.433, +47.559 Max HL-Knee = +54.488 Min FL-HipY = +33.701 
[2025-06-12 17:57:43.475.645] [INFO  ] [Controller] [Joints] FL: +44.094, +33.701, +38.898 ,FR: +40.630, +33.701, +42.362, HL: 45.827, +35.433, +54.488, HR: +45.827, +35.433, +47.559 Max HL-Knee = +54.488 Min FL-HipY = +33.701 
[2025-06-12 17:57:44.440.256] [INFO  ] [Battery] SoC = 80%, Volt = +31.600V, Temp 29 
[2025-06-12 17:57:45.975.647] [INFO  ] [Controller] [Joints] FL: +44.094, +33.701, +38.898 ,FR: +40.630, +33.701, +42.362, HL: 45.827, +35.433, +54.488, HR: +45.827, +35.433, +47.559 Max HL-Knee = +54.488 Min FL-HipY = +33.701 
[2025-06-12 17:57:48.475.645] [INFO  ] [Controller] [Joints] FL: +44.094, +33.701, +38.898 ,FR: +40.630, +33.701, +42.362, HL: 45.827, +35.433, +54.488, HR: +45.827, +35.433, +47.559 Max HL-Knee = +54.488 Min FL-HipY = +33.701 
[2025-06-12 17:57:49.436.262] [INFO  ] [Battery] SoC = 80%, Volt = +31.500V, Temp 29 
[2025-06-12 17:57:50.975.645] [INFO  ] [Controller] [Joints] FL: +44.094, +33.701, +38.898 ,FR: +40.630, +33.701, +42.362, HL: 45.827, +35.433, +54.488, HR: +45.827, +35.433, +47.559 Max HL-Knee = +54.488 Min FL-HipY = +33.701 
[2025-06-12 17:57:53.475.645] [INFO  ] [Controller] [Joints] FL: +44.094, +33.701, +38.898 ,FR: +40.630, +33.701, +42.362, HL: 45.827, +35.433, +54.488, HR: +45.827, +35.433, +47.559 Max HL-Knee = +54.488 Min FL-HipY = +33.701 
[2025-06-12 17:57:54.432.424] [INFO  ] [Battery] SoC = 80%, Volt = +31.500V, Temp 29 
[2025-06-12 17:57:55.975.645] [INFO  ] [Controller] [Joints] FL: +44.094, +33.701, +38.898 ,FR: +40.630, +33.701, +42.362, HL: 45.827, +35.433, +54.488, HR: +45.827, +35.433, +47.559 Max HL-Knee = +54.488 Min FL-HipY = +33.701 
[2025-06-12 17:57:58.475.645] [INFO  ] [Controller] [Joints] FL: +44.094, +33.701, +38.898 ,FR: +40.630, +33.701, +42.362, HL: 45.827, +35.433, +54.488, HR: +45.827, +35.433, +47.559 Max HL-Knee = +54.488 Min FL-HipY = +33.701 
[2025-06-12 17:57:59.428.621] [INFO  ] [Battery] SoC = 80%, Volt = +31.500V, Temp 29 
[2025-06-12 17:58:00.975.646] [INFO  ] [Controller] [Joints] FL: +44.094, +33.701, +38.898 ,FR: +40.630, +33.701, +42.362, HL: 45.827, +35.433, +54.488, HR: +45.827, +35.433, +47.559 Max HL-Knee = +54.488 Min FL-HipY = +33.701 
[2025-06-12 17:58:03.475.646] [INFO  ] [Controller] [Joints] FL: +44.094, +33.701, +38.898 ,FR: +40.630, +33.701, +42.362, HL: 45.827, +35.433, +54.488, HR: +45.827, +35.433, +47.559 Max HL-Knee = +54.488 Min FL-HipY = +33.701 
[2025-06-12 17:58:04.424.690] [INFO  ] [Battery] SoC = 80%, Volt = +31.500V, Temp 29 
[2025-06-12 17:58:05.975.646] [INFO  ] [Controller] [Joints] FL: +44.094, +33.701, +38.898 ,FR: +40.630, +33.701, +42.362, HL: 45.827, +35.433, +54.488, HR: +45.827, +35.433, +47.559 Max HL-Knee = +54.488 Min FL-HipY = +33.701 
[2025-06-12 17:58:08.475.645] [INFO  ] [Controller] [Joints] FL: +44.094, +33.701, +38.898 ,FR: +40.630, +33.701, +42.362, HL: 45.827, +35.433, +54.488, HR: +45.827, +35.433, +47.559 Max HL-Knee = +54.488 Min FL-HipY = +33.701 
[2025-06-12 17:58:09.420.823] [INFO  ] [Battery] SoC = 79%, Volt = +31.500V, Temp 29 
[2025-06-12 17:58:10.975.648] [INFO  ] [Controller] [Joints] FL: +44.094, +33.701, +38.898 ,FR: +40.630, +33.701, +42.362, HL: 45.827, +35.433, +54.488, HR: +45.827, +35.433, +47.559 Max HL-Knee = +54.488 Min FL-HipY = +33.701 
[2025-06-12 17:58:13.475.648] [INFO  ] [Controller] [Joints] FL: +44.094, +33.701, +38.898 ,FR: +40.630, +33.701, +42.362, HL: 45.827, +35.433, +54.488, HR: +45.827, +35.433, +47.559 Max HL-Knee = +54.488 Min FL-HipY = +33.701 
[2025-06-12 17:58:14.416.872] [INFO  ] [Battery] SoC = 79%, Volt = +31.500V, Temp 29 
[2025-06-12 17:58:15.975.645] [INFO  ] [Controller] [Joints] FL: +44.094, +33.701, +38.898 ,FR: +40.630, +33.701, +42.362, HL: 45.827, +35.433, +54.488, HR: +45.827, +35.433, +47.559 Max HL-Knee = +54.488 Min FL-HipY = +33.701 
[2025-06-12 17:58:18.475.646] [INFO  ] [Controller] [Joints] FL: +44.094, +33.701, +38.898 ,FR: +40.630, +33.701, +42.362, HL: 45.827, +35.433, +54.488, HR: +45.827, +35.433, +47.559 Max HL-Knee = +54.488 Min FL-HipY = +33.701 
[2025-06-12 17:58:19.413.018] [INFO  ] [Battery] SoC = 79%, Volt = +31.500V, Temp 29 
[2025-06-12 17:58:20.975.647] [INFO  ] [Controller] [Joints] FL: +44.094, +33.701, +38.898 ,FR: +40.630, +33.701, +42.362, HL: 45.827, +35.433, +54.488, HR: +45.827, +35.433, +47.559 Max HL-Knee = +54.488 Min FL-HipY = +33.701 
[2025-06-12 17:58:23.475.642] [INFO  ] [Controller] [Joints] FL: +44.094, +33.701, +38.898 ,FR: +40.630, +33.701, +42.362, HL: 45.827, +35.433, +54.488, HR: +45.827, +35.433, +47.559 Max HL-Knee = +54.488 Min FL-HipY = +33.701 
[2025-06-12 17:58:24.409.174] [INFO  ] [Battery] SoC = 79%, Volt = +31.500V, Temp 29 
[2025-06-12 17:58:25.975.644] [INFO  ] [Controller] [Joints] FL: +44.094, +33.701, +38.898 ,FR: +40.630, +33.701, +42.362, HL: 45.827, +35.433, +54.488, HR: +45.827, +35.433, +47.559 Max HL-Knee = +54.488 Min FL-HipY = +33.701 
[2025-06-12 17:58:28.475.647] [INFO  ] [Controller] [Joints] FL: +44.094, +33.701, +38.898 ,FR: +40.630, +33.701, +42.362, HL: 45.827, +35.433, +54.488, HR: +45.827, +35.433, +47.559 Max HL-Knee = +54.488 Min FL-HipY = +33.701 
[2025-06-12 17:58:29.405.329] [INFO  ] [Battery] SoC = 79%, Volt = +31.500V, Temp 29 
[2025-06-12 17:58:30.975.647] [INFO  ] [Controller] [Joints] FL: +44.094, +33.701, +38.898 ,FR: +40.630, +33.701, +42.362, HL: 45.827, +35.433, +54.488, HR: +45.827, +35.433, +47.559 Max HL-Knee = +54.488 Min FL-HipY = +33.701 
[2025-06-12 17:58:33.475.647] [INFO  ] [Controller] [Joints] FL: +44.094, +33.701, +37.165 ,FR: +40.630, +33.701, +42.362, HL: 45.827, +35.433, +54.488, HR: +45.827, +35.433, +47.559 Max HL-Knee = +54.488 Min FL-HipY = +33.701 
[2025-06-12 17:58:34.401.517] [INFO  ] [Battery] SoC = 79%, Volt = +31.500V, Temp 29 
[2025-06-12 17:58:35.975.650] [INFO  ] [Controller] [Joints] FL: +44.094, +33.701, +37.165 ,FR: +40.630, +33.701, +42.362, HL: 45.827, +35.433, +54.488, HR: +45.827, +35.433, +47.559 Max HL-Knee = +54.488 Min FL-HipY = +33.701 
[2025-06-12 17:58:38.475.647] [INFO  ] [Controller] [Joints] FL: +44.094, +33.701, +37.165 ,FR: +40.630, +33.701, +42.362, HL: 45.827, +35.433, +54.488, HR: +45.827, +35.433, +47.559 Max HL-Knee = +54.488 Min FL-HipY = +33.701 
[2025-06-12 17:58:39.397.819] [INFO  ] [Battery] SoC = 79%, Volt = +31.500V, Temp 29 
[2025-06-12 17:58:40.975.649] [INFO  ] [Controller] [Joints] FL: +44.094, +33.701, +37.165 ,FR: +40.630, +33.701, +42.362, HL: 45.827, +35.433, +54.488, HR: +45.827, +35.433, +47.559 Max HL-Knee = +54.488 Min FL-HipY = +33.701 
[2025-06-12 17:58:43.475.647] [INFO  ] [Controller] [Joints] FL: +44.094, +33.701, +37.165 ,FR: +40.630, +33.701, +42.362, HL: 45.827, +35.433, +54.488, HR: +45.827, +35.433, +47.559 Max HL-Knee = +54.488 Min FL-HipY = +33.701 
[2025-06-12 17:58:44.393.933] [INFO  ] [Battery] SoC = 79%, Volt = +31.500V, Temp 29 
[2025-06-12 17:58:45.975.649] [INFO  ] [Controller] [Joints] FL: +44.094, +35.433, +37.165 ,FR: +40.630, +33.701, +42.362, HL: 45.827, +35.433, +54.488, HR: +45.827, +35.433, +47.559 Max HL-Knee = +54.488 Min FR-HipY = +33.701 
[2025-06-12 17:58:48.475.643] [INFO  ] [Controller] [Joints] FL: +44.094, +33.701, +37.165 ,FR: +40.630, +33.701, +42.362, HL: 45.827, +35.433, +54.488, HR: +45.827, +35.433, +47.559 Max HL-Knee = +54.488 Min FL-HipY = +33.701 
[2025-06-12 17:58:49.390.052] [INFO  ] [Battery] SoC = 79%, Volt = +31.500V, Temp 30 
[2025-06-12 17:58:50.975.644] [INFO  ] [Controller] [Joints] FL: +44.094, +35.433, +37.165 ,FR: +40.630, +33.701, +42.362, HL: 45.827, +35.433, +54.488, HR: +45.827, +35.433, +47.559 Max HL-Knee = +54.488 Min FR-HipY = +33.701 
[2025-06-12 17:58:53.475.644] [INFO  ] [Controller] [Joints] FL: +44.094, +35.433, +37.165 ,FR: +40.630, +33.701, +42.362, HL: 45.827, +35.433, +54.488, HR: +45.827, +35.433, +47.559 Max HL-Knee = +54.488 Min FR-HipY = +33.701 
[2025-06-12 17:58:54.386.039] [INFO  ] [Battery] SoC = 79%, Volt = +31.500V, Temp 30 
[2025-06-12 17:58:55.975.644] [INFO  ] [Controller] [Joints] FL: +44.094, +35.433, +37.165 ,FR: +40.630, +33.701, +42.362, HL: 45.827, +35.433, +54.488, HR: +45.827, +35.433, +47.559 Max HL-Knee = +54.488 Min FR-HipY = +33.701 
[2025-06-12 17:58:58.475.645] [INFO  ] [Controller] [Joints] FL: +44.094, +35.433, +37.165 ,FR: +40.630, +33.701, +42.362, HL: 45.827, +35.433, +54.488, HR: +45.827, +35.433, +47.559 Max HL-Knee = +54.488 Min FR-HipY = +33.701 
[2025-06-12 17:58:59.382.158] [INFO  ] [Battery] SoC = 79%, Volt = +31.500V, Temp 29 
[2025-06-12 17:59:00.975.646] [INFO  ] [Controller] [Joints] FL: +44.094, +35.433, +37.165 ,FR: +40.630, +33.701, +42.362, HL: 45.827, +35.433, +54.488, HR: +45.827, +35.433, +47.559 Max HL-Knee = +54.488 Min FR-HipY = +33.701 
[2025-06-12 17:59:03.475.645] [INFO  ] [Controller] [Joints] FL: +44.094, +35.433, +37.165 ,FR: +40.630, +35.433, +42.362, HL: 45.827, +35.433, +54.488, HR: +45.827, +35.433, +47.559 Max HL-Knee = +54.488 Min FL-HipY = +35.433 
[2025-06-12 17:59:04.378.319] [INFO  ] [Battery] SoC = 79%, Volt = +31.500V, Temp 30 
[2025-06-12 17:59:05.975.645] [INFO  ] [Controller] [Joints] FL: +44.094, +35.433, +37.165 ,FR: +40.630, +35.433, +42.362, HL: 45.827, +35.433, +54.488, HR: +45.827, +35.433, +47.559 Max HL-Knee = +54.488 Min FL-HipY = +35.433 
[2025-06-12 17:59:08.475.644] [INFO  ] [Controller] [Joints] FL: +44.094, +35.433, +37.165 ,FR: +40.630, +35.433, +42.362, HL: 45.827, +35.433, +54.488, HR: +45.827, +35.433, +47.559 Max HL-Knee = +54.488 Min FL-HipY = +35.433 
[2025-06-12 17:59:09.374.406] [INFO  ] [Battery] SoC = 79%, Volt = +31.400V, Temp 30 
[2025-06-12 17:59:10.975.653] [INFO  ] [Controller] [Joints] FL: +44.094, +35.433, +37.165 ,FR: +40.630, +35.433, +42.362, HL: 45.827, +35.433, +54.488, HR: +45.827, +35.433, +47.559 Max HL-Knee = +54.488 Min FL-HipY = +35.433 
[2025-06-12 17:59:13.475.653] [INFO  ] [Controller] [Joints] FL: +44.094, +35.433, +37.165 ,FR: +40.630, +35.433, +42.362, HL: 45.827, +35.433, +54.488, HR: +45.827, +35.433, +47.559 Max HL-Knee = +54.488 Min FL-HipY = +35.433 
[2025-06-12 17:59:14.370.426] [INFO  ] [Battery] SoC = 79%, Volt = +31.400V, Temp 30 
[2025-06-12 17:59:15.975.656] [INFO  ] [Controller] [Joints] FL: +44.094, +35.433, +37.165 ,FR: +40.630, +35.433, +42.362, HL: 45.827, +35.433, +54.488, HR: +45.827, +35.433, +47.559 Max HL-Knee = +54.488 Min FL-HipY = +35.433 
[2025-06-12 17:59:18.475.651] [INFO  ] [Controller] [Joints] FL: +44.094, +35.433, +37.165 ,FR: +40.630, +35.433, +42.362, HL: 45.827, +35.433, +54.488, HR: +45.827, +35.433, +47.559 Max HL-Knee = +54.488 Min FL-HipY = +35.433 
[2025-06-12 17:59:19.366.499] [INFO  ] [Battery] SoC = 79%, Volt = +31.400V, Temp 30 
[2025-06-12 17:59:20.975.654] [INFO  ] [Controller] [Joints] FL: +44.094, +35.433, +37.165 ,FR: +40.630, +35.433, +42.362, HL: 45.827, +35.433, +54.488, HR: +45.827, +35.433, +47.559 Max HL-Knee = +54.488 Min FL-HipY = +35.433 
[2025-06-12 17:59:23.475.653] [INFO  ] [Controller] [Joints] FL: +44.094, +35.433, +37.165 ,FR: +40.630, +35.433, +42.362, HL: 45.827, +35.433, +54.488, HR: +47.559, +35.433, +47.559 Max HL-Knee = +54.488 Min FL-HipY = +35.433 
[2025-06-12 17:59:24.362.625] [INFO  ] [Battery] SoC = 78%, Volt = +31.400V, Temp 30 
[2025-06-12 17:59:25.975.645] [INFO  ] [Controller] [Joints] FL: +44.094, +35.433, +37.165 ,FR: +40.630, +35.433, +42.362, HL: 45.827, +35.433, +54.488, HR: +47.559, +35.433, +47.559 Max HL-Knee = +54.488 Min FL-HipY = +35.433 
[2025-06-12 17:59:28.475.648] [INFO  ] [Controller] [Joints] FL: +44.094, +35.433, +37.165 ,FR: +40.630, +35.433, +42.362, HL: 45.827, +35.433, +54.488, HR: +47.559, +35.433, +47.559 Max HL-Knee = +54.488 Min FL-HipY = +35.433 
[2025-06-12 17:59:29.358.697] [INFO  ] [Battery] SoC = 78%, Volt = +31.400V, Temp 30 
[2025-06-12 17:59:30.975.646] [INFO  ] [Controller] [Joints] FL: +44.094, +35.433, +37.165 ,FR: +40.630, +35.433, +42.362, HL: 45.827, +35.433, +54.488, HR: +47.559, +35.433, +47.559 Max HL-Knee = +54.488 Min FL-HipY = +35.433 
[2025-06-12 17:59:33.475.644] [INFO  ] [Controller] [Joints] FL: +44.094, +35.433, +37.165 ,FR: +40.630, +35.433, +42.362, HL: 45.827, +35.433, +54.488, HR: +47.559, +35.433, +47.559 Max HL-Knee = +54.488 Min FL-HipY = +35.433 
[2025-06-12 17:59:34.354.887] [INFO  ] [Battery] SoC = 78%, Volt = +31.400V, Temp 30 
[2025-06-12 17:59:35.975.645] [INFO  ] [Controller] [Joints] FL: +44.094, +35.433, +37.165 ,FR: +40.630, +35.433, +42.362, HL: 45.827, +35.433, +54.488, HR: +47.559, +35.433, +47.559 Max HL-Knee = +54.488 Min FL-HipY = +35.433 
[2025-06-12 17:59:38.475.646] [INFO  ] [Controller] [Joints] FL: +44.094, +35.433, +37.165 ,FR: +40.630, +35.433, +42.362, HL: 45.827, +35.433, +54.488, HR: +47.559, +35.433, +47.559 Max HL-Knee = +54.488 Min FL-HipY = +35.433 
[2025-06-12 17:59:39.351.039] [INFO  ] [Battery] SoC = 78%, Volt = +31.400V, Temp 30 
[2025-06-12 17:59:40.975.646] [INFO  ] [Controller] [Joints] FL: +44.094, +35.433, +37.165 ,FR: +40.630, +35.433, +42.362, HL: 45.827, +35.433, +54.488, HR: +47.559, +35.433, +47.559 Max HL-Knee = +54.488 Min FL-HipY = +35.433 
[2025-06-12 17:59:43.475.644] [INFO  ] [Controller] [Joints] FL: +44.094, +35.433, +37.165 ,FR: +40.630, +35.433, +42.362, HL: 45.827, +35.433, +54.488, HR: +47.559, +35.433, +47.559 Max HL-Knee = +54.488 Min FL-HipY = +35.433 
[2025-06-12 17:59:44.347.152] [INFO  ] [Battery] SoC = 78%, Volt = +31.400V, Temp 30 
[2025-06-12 17:59:45.975.646] [INFO  ] [Controller] [Joints] FL: +44.094, +35.433, +37.165 ,FR: +40.630, +35.433, +42.362, HL: 45.827, +35.433, +54.488, HR: +47.559, +35.433, +47.559 Max HL-Knee = +54.488 Min FL-HipY = +35.433 
[2025-06-12 17:59:48.475.646] [INFO  ] [Controller] [Joints] FL: +44.094, +35.433, +37.165 ,FR: +40.630, +35.433, +42.362, HL: 45.827, +35.433, +54.488, HR: +47.559, +35.433, +47.559 Max HL-Knee = +54.488 Min FL-HipY = +35.433 
[2025-06-12 17:59:49.343.175] [INFO  ] [Battery] SoC = 78%, Volt = +31.400V, Temp 30 
[2025-06-12 17:59:50.975.643] [INFO  ] [Controller] [Joints] FL: +44.094, +35.433, +37.165 ,FR: +40.630, +35.433, +40.630, HL: 45.827, +35.433, +52.756, HR: +47.559, +35.433, +47.559 Max HL-Knee = +52.756 Min FL-HipY = +35.433 
[2025-06-12 17:59:53.475.643] [INFO  ] [Controller] [Joints] FL: +44.094, +35.433, +38.898 ,FR: +40.630, +35.433, +40.630, HL: 45.827, +35.433, +52.756, HR: +47.559, +35.433, +47.559 Max HL-Knee = +52.756 Min FL-HipY = +35.433 
[2025-06-12 17:59:54.339.251] [INFO  ] [Battery] SoC = 78%, Volt = +31.400V, Temp 30 
[2025-06-12 17:59:55.975.644] [INFO  ] [Controller] [Joints] FL: +44.094, +35.433, +38.898 ,FR: +40.630, +35.433, +40.630, HL: 45.827, +35.433, +52.756, HR: +47.559, +35.433, +47.559 Max HL-Knee = +52.756 Min FL-HipY = +35.433 
[2025-06-12 17:59:58.475.647] [INFO  ] [Controller] [Joints] FL: +44.094, +35.433, +38.898 ,FR: +40.630, +35.433, +40.630, HL: 45.827, +35.433, +51.024, HR: +47.559, +35.433, +49.291 Max HL-Knee = +51.024 Min FL-HipY = +35.433 
[2025-06-12 17:59:59.335.248] [INFO  ] [Battery] SoC = 78%, Volt = +31.400V, Temp 30 
[2025-06-12 18:00:00.975.647] [INFO  ] [Controller] [Joints] FL: +44.094, +35.433, +38.898 ,FR: +40.630, +35.433, +40.630, HL: 45.827, +35.433, +51.024, HR: +47.559, +35.433, +49.291 Max HL-Knee = +51.024 Min FL-HipY = +35.433 
[2025-06-12 18:00:03.475.647] [INFO  ] [Controller] [Joints] FL: +44.094, +35.433, +38.898 ,FR: +40.630, +35.433, +38.898, HL: 45.827, +35.433, +49.291, HR: +47.559, +35.433, +49.291 Max HL-Knee = +49.291 Min FL-HipY = +35.433 
[2025-06-12 18:00:04.331.373] [INFO  ] [Battery] SoC = 78%, Volt = +31.300V, Temp 30 
[2025-06-12 18:00:05.975.647] [INFO  ] [Controller] [Joints] FL: +44.094, +35.433, +38.898 ,FR: +40.630, +35.433, +38.898, HL: 45.827, +35.433, +49.291, HR: +47.559, +35.433, +49.291 Max HL-Knee = +49.291 Min FL-HipY = +35.433 
[2025-06-12 18:00:08.475.645] [INFO  ] [Controller] [Joints] FL: +44.094, +35.433, +38.898 ,FR: +40.630, +35.433, +38.898, HL: 47.559, +35.433, +49.291, HR: +47.559, +35.433, +49.291 Max HL-Knee = +49.291 Min FL-HipY = +35.433 
[2025-06-12 18:00:09.327.508] [INFO  ] [Battery] SoC = 78%, Volt = +31.300V, Temp 30 
[2025-06-12 18:00:10.975.647] [INFO  ] [Controller] [Joints] FL: +44.094, +35.433, +38.898 ,FR: +40.630, +35.433, +38.898, HL: 47.559, +35.433, +49.291, HR: +47.559, +35.433, +49.291 Max HL-Knee = +49.291 Min FL-HipY = +35.433 
[2025-06-12 18:00:13.475.646] [INFO  ] [Controller] [Joints] FL: +44.094, +35.433, +38.898 ,FR: +40.630, +35.433, +38.898, HL: 47.559, +35.433, +47.559, HR: +47.559, +35.433, +49.291 Max HR-Knee = +49.291 Min FL-HipY = +35.433 
[2025-06-12 18:00:14.323.638] [INFO  ] [Battery] SoC = 78%, Volt = +31.300V, Temp 30 
[2025-06-12 18:00:15.975.647] [INFO  ] [Controller] [Joints] FL: +44.094, +35.433, +38.898 ,FR: +40.630, +35.433, +38.898, HL: 47.559, +35.433, +47.559, HR: +47.559, +35.433, +49.291 Max HR-Knee = +49.291 Min FL-HipY = +35.433 
[2025-06-12 18:00:18.475.646] [INFO  ] [Controller] [Joints] FL: +44.094, +35.433, +38.898 ,FR: +40.630, +35.433, +38.898, HL: 47.559, +35.433, +47.559, HR: +47.559, +35.433, +49.291 Max HR-Knee = +49.291 Min FL-HipY = +35.433 
[2025-06-12 18:00:19.319.674] [INFO  ] [Battery] SoC = 78%, Volt = +31.300V, Temp 30 
[2025-06-12 18:00:20.975.643] [INFO  ] [Controller] [Joints] FL: +44.094, +35.433, +38.898 ,FR: +40.630, +35.433, +38.898, HL: 47.559, +35.433, +47.559, HR: +47.559, +35.433, +49.291 Max HR-Knee = +49.291 Min FL-HipY = +35.433 
[2025-06-12 18:00:23.475.646] [INFO  ] [Controller] [Joints] FL: +44.094, +35.433, +38.898 ,FR: +40.630, +35.433, +38.898, HL: 47.559, +35.433, +47.559, HR: +49.291, +35.433, +49.291 Max HR-HipX = +49.291 Min FL-HipY = +35.433 
[2025-06-12 18:00:24.315.806] [INFO  ] [Battery] SoC = 78%, Volt = +31.300V, Temp 30 
[2025-06-12 18:00:25.975.647] [INFO  ] [Controller] [Joints] FL: +44.094, +35.433, +40.630 ,FR: +40.630, +35.433, +38.898, HL: 47.559, +35.433, +47.559, HR: +49.291, +35.433, +49.291 Max HR-HipX = +49.291 Min FL-HipY = +35.433 
[2025-06-12 18:00:28.475.652] [INFO  ] [Controller] [Joints] FL: +44.094, +35.433, +40.630 ,FR: +40.630, +35.433, +38.898, HL: 47.559, +35.433, +47.559, HR: +49.291, +35.433, +49.291 Max HR-HipX = +49.291 Min FL-HipY = +35.433 
[2025-06-12 18:00:29.311.756] [INFO  ] [Battery] SoC = 78%, Volt = +31.300V, Temp 30 
[2025-06-12 18:00:30.975.649] [INFO  ] [Controller] [Joints] FL: +44.094, +35.433, +40.630 ,FR: +40.630, +35.433, +38.898, HL: 47.559, +35.433, +45.827, HR: +49.291, +35.433, +49.291 Max HR-HipX = +49.291 Min FL-HipY = +35.433 
[2025-06-12 18:00:33.475.664] [INFO  ] [Controller] [Joints] FL: +44.094, +35.433, +40.630 ,FR: +40.630, +35.433, +38.898, HL: 47.559, +35.433, +45.827, HR: +47.559, +35.433, +49.291 Max HR-Knee = +49.291 Min FL-HipY = +35.433 
[2025-06-12 18:00:34.307.736] [INFO  ] [Battery] SoC = 78%, Volt = +31.300V, Temp 30 
[2025-06-12 18:00:35.975.648] [INFO  ] [Controller] [Joints] FL: +44.094, +35.433, +40.630 ,FR: +40.630, +35.433, +38.898, HL: 47.559, +35.433, +45.827, HR: +49.291, +35.433, +49.291 Max HR-HipX = +49.291 Min FL-HipY = +35.433 
[2025-06-12 18:00:38.475.651] [INFO  ] [Controller] [Joints] FL: +44.094, +35.433, +40.630 ,FR: +40.630, +35.433, +38.898, HL: 47.559, +35.433, +45.827, HR: +49.291, +35.433, +49.291 Max HR-HipX = +49.291 Min FL-HipY = +35.433 
[2025-06-12 18:00:39.303.740] [INFO  ] [Battery] SoC = 77%, Volt = +31.300V, Temp 30 
[2025-06-12 18:00:40.975.645] [INFO  ] [Controller] [Joints] FL: +44.094, +35.433, +42.362 ,FR: +40.630, +35.433, +38.898, HL: 47.559, +35.433, +45.827, HR: +49.291, +35.433, +51.024 Max HR-Knee = +51.024 Min FL-HipY = +35.433 
[2025-06-12 18:00:43.475.644] [INFO  ] [Controller] [Joints] FL: +44.094, +35.433, +42.362 ,FR: +40.630, +35.433, +38.898, HL: 47.559, +35.433, +45.827, HR: +49.291, +35.433, +51.024 Max HR-Knee = +51.024 Min FL-HipY = +35.433 
[2025-06-12 18:00:44.299.809] [INFO  ] [Battery] SoC = 77%, Volt = +31.300V, Temp 30 
[2025-06-12 18:00:45.975.644] [INFO  ] [Controller] [Joints] FL: +44.094, +35.433, +42.362 ,FR: +40.630, +35.433, +38.898, HL: 47.559, +35.433, +45.827, HR: +49.291, +35.433, +51.024 Max HR-Knee = +51.024 Min FL-HipY = +35.433 
[2025-06-12 18:00:48.475.643] [INFO  ] [Controller] [Joints] FL: +44.094, +35.433, +42.362 ,FR: +40.630, +35.433, +38.898, HL: 47.559, +35.433, +45.827, HR: +49.291, +35.433, +51.024 Max HR-Knee = +51.024 Min FL-HipY = +35.433 
[2025-06-12 18:00:49.295.825] [INFO  ] [Battery] SoC = 77%, Volt = +31.300V, Temp 30 
[2025-06-12 18:00:50.975.644] [INFO  ] [Controller] [Joints] FL: +44.094, +35.433, +42.362 ,FR: +40.630, +35.433, +38.898, HL: 47.559, +35.433, +45.827, HR: +49.291, +35.433, +51.024 Max HR-Knee = +51.024 Min FL-HipY = +35.433 
[2025-06-12 18:00:53.475.645] [INFO  ] [Controller] [Joints] FL: +44.094, +35.433, +42.362 ,FR: +40.630, +35.433, +38.898, HL: 47.559, +35.433, +45.827, HR: +49.291, +35.433, +51.024 Max HR-Knee = +51.024 Min FL-HipY = +35.433 
[2025-06-12 18:00:54.291.879] [INFO  ] [Battery] SoC = 77%, Volt = +31.300V, Temp 30 
[2025-06-12 18:00:55.975.646] [INFO  ] [Controller] [Joints] FL: +44.094, +35.433, +42.362 ,FR: +40.630, +35.433, +38.898, HL: 47.559, +35.433, +45.827, HR: +49.291, +35.433, +52.756 Max HR-Knee = +52.756 Min FL-HipY = +35.433 
[2025-06-12 18:00:58.475.647] [INFO  ] [Controller] [Joints] FL: +44.094, +35.433, +40.630 ,FR: +40.630, +35.433, +38.898, HL: 47.559, +35.433, +47.559, HR: +49.291, +35.433, +52.756 Max HR-Knee = +52.756 Min FL-HipY = +35.433 
[2025-06-12 18:00:59.287.803] [INFO  ] [Battery] SoC = 77%, Volt = +31.200V, Temp 30 
[2025-06-12 18:01:00.975.646] [INFO  ] [Controller] [Joints] FL: +44.094, +35.433, +42.362 ,FR: +40.630, +35.433, +38.898, HL: 47.559, +35.433, +47.559, HR: +49.291, +35.433, +52.756 Max HR-Knee = +52.756 Min FL-HipY = +35.433 
[2025-06-12 18:01:03.475.648] [INFO  ] [Controller] [Joints] FL: +44.094, +35.433, +42.362 ,FR: +40.630, +35.433, +38.898, HL: 47.559, +35.433, +47.559, HR: +49.291, +35.433, +52.756 Max HR-Knee = +52.756 Min FL-HipY = +35.433 
[2025-06-12 18:01:04.283.827] [INFO  ] [Battery] SoC = 77%, Volt = +31.300V, Temp 30 
[2025-06-12 18:01:05.975.646] [INFO  ] [Controller] [Joints] FL: +44.094, +35.433, +42.362 ,FR: +40.630, +35.433, +38.898, HL: 49.291, +35.433, +47.559, HR: +51.024, +35.433, +52.756 Max HR-Knee = +52.756 Min FL-HipY = +35.433 
[2025-06-12 18:01:08.475.646] [INFO  ] [Controller] [Joints] FL: +44.094, +35.433, +42.362 ,FR: +40.630, +35.433, +38.898, HL: 49.291, +35.433, +47.559, HR: +51.024, +35.433, +52.756 Max HR-Knee = +52.756 Min FL-HipY = +35.433 
[2025-06-12 18:01:09.279.856] [INFO  ] [Battery] SoC = 77%, Volt = +31.200V, Temp 30 
[2025-06-12 18:01:10.975.644] [INFO  ] [Controller] [Joints] FL: +44.094, +35.433, +42.362 ,FR: +40.630, +35.433, +38.898, HL: 49.291, +35.433, +47.559, HR: +51.024, +35.433, +52.756 Max HR-Knee = +52.756 Min FL-HipY = +35.433 
[2025-06-12 18:01:13.475.643] [INFO  ] [Controller] [Joints] FL: +44.094, +35.433, +42.362 ,FR: +40.630, +35.433, +38.898, HL: 49.291, +35.433, +47.559, HR: +51.024, +35.433, +54.488 Max HR-Knee = +54.488 Min FL-HipY = +35.433 
[2025-06-12 18:01:14.275.776] [INFO  ] [Battery] SoC = 77%, Volt = +31.200V, Temp 30 
[2025-06-12 18:01:15.975.648] [INFO  ] [Controller] [Joints] FL: +44.094, +35.433, +42.362 ,FR: +40.630, +35.433, +38.898, HL: 49.291, +35.433, +49.291, HR: +51.024, +35.433, +54.488 Max HR-Knee = +54.488 Min FL-HipY = +35.433 
[2025-06-12 18:01:18.475.641] [INFO  ] [Controller] [Joints] FL: +44.094, +35.433, +42.362 ,FR: +40.630, +35.433, +38.898, HL: 49.291, +35.433, +51.024, HR: +51.024, +35.433, +54.488 Max HR-Knee = +54.488 Min FL-HipY = +35.433 
[2025-06-12 18:01:19.271.608] [INFO  ] [Battery] SoC = 77%, Volt = +31.200V, Temp 30 
[2025-06-12 18:01:20.975.646] [INFO  ] [Controller] [Joints] FL: +44.094, +35.433, +42.362 ,FR: +40.630, +35.433, +38.898, HL: 51.024, +35.433, +52.756, HR: +51.024, +35.433, +52.756 Max HL-Knee = +52.756 Min FL-HipY = +35.433 
[2025-06-12 18:01:23.475.642] [INFO  ] [Controller] [Joints] FL: +44.094, +35.433, +42.362 ,FR: +40.630, +35.433, +38.898, HL: 51.024, +35.433, +54.488, HR: +52.756, +35.433, +52.756 Max HL-Knee = +54.488 Min FL-HipY = +35.433 
[2025-06-12 18:01:24.267.647] [INFO  ] [Battery] SoC = 77%, Volt = +31.100V, Temp 30 
[2025-06-12 18:01:25.975.645] [INFO  ] [Controller] [Joints] FL: +44.094, +35.433, +42.362 ,FR: +40.630, +37.165, +38.898, HL: 51.024, +37.165, +54.488, HR: +52.756, +35.433, +52.756 Max HL-Knee = +54.488 Min FL-HipY = +35.433 
[2025-06-12 18:01:28.475.647] [INFO  ] [Controller] [Joints] FL: +44.094, +35.433, +42.362 ,FR: +40.630, +37.165, +38.898, HL: 51.024, +37.165, +56.220, HR: +52.756, +35.433, +52.756 Max HL-Knee = +56.220 Min FL-HipY = +35.433 
[2025-06-12 18:01:29.263.741] [INFO  ] [Battery] SoC = 77%, Volt = +31.200V, Temp 30 
[2025-06-12 18:01:30.975.646] [INFO  ] [Controller] [Joints] FL: +44.094, +35.433, +42.362 ,FR: +40.630, +37.165, +40.630, HL: 51.024, +37.165, +56.220, HR: +52.756, +37.165, +52.756 Max HL-Knee = +56.220 Min FL-HipY = +35.433 
[2025-06-12 18:01:33.475.640] [INFO  ] [Controller] [Joints] FL: +44.094, +35.433, +42.362 ,FR: +40.630, +37.165, +40.630, HL: 51.024, +37.165, +56.220, HR: +52.756, +37.165, +52.756 Max HL-Knee = +56.220 Min FL-HipY = +35.433 
[2025-06-12 18:01:34.259.769] [INFO  ] [Battery] SoC = 77%, Volt = +31.100V, Temp 30 
[2025-06-12 18:01:35.975.640] [INFO  ] [Controller] [Joints] FL: +44.094, +35.433, +42.362 ,FR: +40.630, +37.165, +40.630, HL: 51.024, +37.165, +56.220, HR: +52.756, +37.165, +52.756 Max HL-Knee = +56.220 Min FL-HipY = +35.433 
[2025-06-12 18:01:38.475.640] [INFO  ] [Controller] [Joints] FL: +44.094, +35.433, +42.362 ,FR: +40.630, +37.165, +40.630, HL: 51.024, +37.165, +57.953, HR: +52.756, +37.165, +52.756 Max HL-Knee = +57.953 Min FL-HipY = +35.433 
[2025-06-12 18:01:39.255.754] [INFO  ] [Battery] SoC = 76%, Volt = +31.100V, Temp 30 
[2025-06-12 18:01:40.975.642] [INFO  ] [Controller] [Joints] FL: +44.094, +35.433, +42.362 ,FR: +40.630, +37.165, +40.630, HL: 51.024, +37.165, +57.953, HR: +52.756, +37.165, +52.756 Max HL-Knee = +57.953 Min FL-HipY = +35.433 
[2025-06-12 18:01:43.475.640] [INFO  ] [Controller] [Joints] FL: +44.094, +35.433, +42.362 ,FR: +40.630, +37.165, +40.630, HL: 51.024, +37.165, +57.953, HR: +52.756, +37.165, +54.488 Max HL-Knee = +57.953 Min FL-HipY = +35.433 
[2025-06-12 18:01:44.252.669] [INFO  ] [Battery] SoC = 76%, Volt = +31.100V, Temp 30 
[2025-06-12 18:01:45.975.638] [INFO  ] [Controller] [Joints] FL: +44.094, +35.433, +42.362 ,FR: +40.630, +37.165, +40.630, HL: 51.024, +37.165, +57.953, HR: +52.756, +37.165, +54.488 Max HL-Knee = +57.953 Min FL-HipY = +35.433 
[2025-06-12 18:01:48.475.645] [INFO  ] [Controller] [Joints] FL: +44.094, +35.433, +42.362 ,FR: +40.630, +37.165, +42.362, HL: 51.024, +37.165, +57.953, HR: +52.756, +37.165, +52.756 Max HL-Knee = +57.953 Min FL-HipY = +35.433 
[2025-06-12 18:01:49.247.871] [INFO  ] [Battery] SoC = 76%, Volt = +31.100V, Temp 30 
[2025-06-12 18:01:50.975.645] [INFO  ] [Controller] [Joints] FL: +44.094, +35.433, +40.630 ,FR: +40.630, +37.165, +40.630, HL: 51.024, +37.165, +57.953, HR: +52.756, +37.165, +54.488 Max HL-Knee = +57.953 Min FL-HipY = +35.433 
[2025-06-12 18:01:53.475.644] [INFO  ] [Controller] [Joints] FL: +44.094, +35.433, +40.630 ,FR: +40.630, +37.165, +40.630, HL: 51.024, +37.165, +57.953, HR: +52.756, +37.165, +54.488 Max HL-Knee = +57.953 Min FL-HipY = +35.433 
[2025-06-12 18:01:54.243.901] [INFO  ] [Battery] SoC = 76%, Volt = +31.100V, Temp 30 
[2025-06-12 18:01:55.975.646] [INFO  ] [Controller] [Joints] FL: +44.094, +35.433, +40.630 ,FR: +40.630, +37.165, +40.630, HL: 51.024, +37.165, +57.953, HR: +52.756, +37.165, +54.488 Max HL-Knee = +57.953 Min FL-HipY = +35.433 
[2025-06-12 18:01:58.475.645] [INFO  ] [Controller] [Joints] FL: +44.094, +35.433, +40.630 ,FR: +40.630, +37.165, +40.630, HL: 52.756, +37.165, +57.953, HR: +52.756, +37.165, +54.488 Max HL-Knee = +57.953 Min FL-HipY = +35.433 
[2025-06-12 18:01:59.239.870] [INFO  ] [Battery] SoC = 76%, Volt = +31.000V, Temp 30 
[2025-06-12 18:02:00.975.646] [INFO  ] [Controller] [Joints] FL: +42.362, +35.433, +40.630 ,FR: +40.630, +37.165, +40.630, HL: 52.756, +37.165, +57.953, HR: +52.756, +37.165, +54.488 Max HL-Knee = +57.953 Min FL-HipY = +35.433 
[2025-06-12 18:02:03.475.649] [INFO  ] [Controller] [Joints] FL: +42.362, +37.165, +40.630 ,FR: +40.630, +37.165, +40.630, HL: 52.756, +37.165, +57.953, HR: +52.756, +37.165, +54.488 Max HL-Knee = +57.953 Min FL-HipY = +37.165 
[2025-06-12 18:02:04.235.768] [INFO  ] [Battery] SoC = 76%, Volt = +31.100V, Temp 30 
[2025-06-12 18:02:05.975.645] [INFO  ] [Controller] [Joints] FL: +42.362, +37.165, +40.630 ,FR: +40.630, +37.165, +40.630, HL: 52.756, +37.165, +57.953, HR: +52.756, +37.165, +56.220 Max HL-Knee = +57.953 Min FL-HipY = +37.165 
[2025-06-12 18:02:08.475.646] [INFO  ] [Controller] [Joints] FL: +42.362, +37.165, +40.630 ,FR: +40.630, +37.165, +40.630, HL: 52.756, +37.165, +57.953, HR: +52.756, +37.165, +56.220 Max HL-Knee = +57.953 Min FL-HipY = +37.165 
[2025-06-12 18:02:09.231.619] [INFO  ] [Battery] SoC = 76%, Volt = +31.100V, Temp 30 
[2025-06-12 18:02:10.975.644] [INFO  ] [Controller] [Joints] FL: +42.362, +37.165, +40.630 ,FR: +40.630, +37.165, +42.362, HL: 51.024, +37.165, +57.953, HR: +52.756, +38.898, +57.953 Max HL-Knee = +57.953 Min FL-HipY = +37.165 
[2025-06-12 18:02:13.475.644] [INFO  ] [Controller] [Joints] FL: +42.362, +37.165, +40.630 ,FR: +40.630, +37.165, +42.362, HL: 51.024, +37.165, +57.953, HR: +52.756, +38.898, +59.685 Max HR-Knee = +59.685 Min FL-HipY = +37.165 
[2025-06-12 18:02:14.227.416] [INFO  ] [Battery] SoC = 76%, Volt = +31.100V, Temp 30 
[2025-06-12 18:02:15.975.649] [INFO  ] [Controller] [Joints] FL: +42.362, +35.433, +40.630 ,FR: +40.630, +37.165, +42.362, HL: 51.024, +37.165, +56.220, HR: +52.756, +38.898, +59.685 Max HR-Knee = +59.685 Min FL-HipY = +35.433 
[2025-06-12 18:02:18.475.646] [INFO  ] [Controller] [Joints] FL: +42.362, +35.433, +40.630 ,FR: +40.630, +37.165, +42.362, HL: 51.024, +37.165, +56.220, HR: +52.756, +37.165, +61.417 Max HR-Knee = +61.417 Min FL-HipY = +35.433 
[2025-06-12 18:02:19.223.311] [INFO  ] [Battery] SoC = 76%, Volt = +31.100V, Temp 30 
[2025-06-12 18:02:20.975.644] [INFO  ] [Controller] [Joints] FL: +42.362, +35.433, +40.630 ,FR: +40.630, +37.165, +42.362, HL: 51.024, +37.165, +56.220, HR: +52.756, +37.165, +63.150 Max HR-Knee = +63.150 Min FL-HipY = +35.433 
[2025-06-12 18:02:23.475.644] [INFO  ] [Controller] [Joints] FL: +42.362, +35.433, +40.630 ,FR: +40.630, +37.165, +42.362, HL: 51.024, +37.165, +56.220, HR: +52.756, +37.165, +63.150 Max HR-Knee = +63.150 Min FL-HipY = +35.433 
[2025-06-12 18:02:24.219.305] [INFO  ] [Battery] SoC = 76%, Volt = +31.100V, Temp 30 
[2025-06-12 18:02:25.975.646] [INFO  ] [Controller] [Joints] FL: +42.362, +35.433, +40.630 ,FR: +40.630, +37.165, +42.362, HL: 51.024, +37.165, +54.488, HR: +52.756, +37.165, +63.150 Max HR-Knee = +63.150 Min FL-HipY = +35.433 
[2025-06-12 18:02:28.475.647] [INFO  ] [Controller] [Joints] FL: +40.630, +35.433, +40.630 ,FR: +40.630, +37.165, +42.362, HL: 52.756, +37.165, +54.488, HR: +52.756, +37.165, +63.150 Max HR-Knee = +63.150 Min FL-HipY = +35.433 
[2025-06-12 18:02:29.215.185] [INFO  ] [Battery] SoC = 76%, Volt = +31.100V, Temp 30 
[2025-06-12 18:02:30.975.646] [INFO  ] [Controller] [Joints] FL: +40.630, +35.433, +40.630 ,FR: +40.630, +37.165, +42.362, HL: 52.756, +37.165, +54.488, HR: +52.756, +37.165, +64.882 Max HR-Knee = +64.882 Min FL-HipY = +35.433 
[2025-06-12 18:02:33.475.664] [INFO  ] [Controller] [Joints] FL: +40.630, +35.433, +40.630 ,FR: +40.630, +37.165, +42.362, HL: 52.756, +37.165, +54.488, HR: +52.756, +37.165, +64.882 Max HR-Knee = +64.882 Min FL-HipY = +35.433 
[2025-06-12 18:02:34.211.001] [INFO  ] [Battery] SoC = 76%, Volt = +31.100V, Temp 30 
[2025-06-12 18:02:35.975.655] [INFO  ] [Controller] [Joints] FL: +40.630, +35.433, +40.630 ,FR: +40.630, +37.165, +40.630, HL: 51.024, +37.165, +54.488, HR: +52.756, +37.165, +66.614 Max HR-Knee = +66.614 Min FL-HipY = +35.433 
[2025-06-12 18:02:38.475.706] [INFO  ] [Controller] [Joints] FL: +40.630, +35.433, +40.630 ,FR: +40.630, +37.165, +40.630, HL: 51.024, +37.165, +54.488, HR: +52.756, +37.165, +66.614 Max HR-Knee = +66.614 Min FL-HipY = +35.433 
[2025-06-12 18:02:39.206.858] [INFO  ] [Battery] SoC = 75%, Volt = +31.100V, Temp 30 
[2025-06-12 18:02:40.975.646] [INFO  ] [Controller] [Joints] FL: +40.630, +35.433, +40.630 ,FR: +40.630, +37.165, +40.630, HL: 51.024, +37.165, +54.488, HR: +52.756, +37.165, +66.614 Max HR-Knee = +66.614 Min FL-HipY = +35.433 
[2025-06-12 18:02:43.475.640] [INFO  ] [Controller] [Joints] FL: +40.630, +35.433, +40.630 ,FR: +40.630, +37.165, +40.630, HL: 51.024, +37.165, +54.488, HR: +52.756, +37.165, +66.614 Max HR-Knee = +66.614 Min FL-HipY = +35.433 
[2025-06-12 18:02:44.202.811] [INFO  ] [Battery] SoC = 75%, Volt = +31.100V, Temp 30 
[2025-06-12 18:02:45.975.644] [INFO  ] [Controller] [Joints] FL: +40.630, +35.433, +40.630 ,FR: +40.630, +37.165, +40.630, HL: 51.024, +37.165, +54.488, HR: +52.756, +37.165, +66.614 Max HR-Knee = +66.614 Min FL-HipY = +35.433 
[2025-06-12 18:02:48.475.644] [INFO  ] [Controller] [Joints] FL: +40.630, +35.433, +40.630 ,FR: +40.630, +37.165, +40.630, HL: 52.756, +37.165, +56.220, HR: +52.756, +37.165, +68.346 Max HR-Knee = +68.346 Min FL-HipY = +35.433 
[2025-06-12 18:02:49.198.823] [INFO  ] [Battery] SoC = 75%, Volt = +31.100V, Temp 30 
[2025-06-12 18:02:50.975.648] [INFO  ] [Controller] [Joints] FL: +40.630, +35.433, +40.630 ,FR: +40.630, +37.165, +40.630, HL: 52.756, +37.165, +56.220, HR: +52.756, +37.165, +68.346 Max HR-Knee = +68.346 Min FL-HipY = +35.433 
[2025-06-12 18:02:53.475.645] [INFO  ] [Controller] [Joints] FL: +40.630, +35.433, +40.630 ,FR: +40.630, +37.165, +40.630, HL: 52.756, +37.165, +56.220, HR: +52.756, +37.165, +68.346 Max HR-Knee = +68.346 Min FL-HipY = +35.433 
[2025-06-12 18:02:54.194.627] [INFO  ] [Battery] SoC = 75%, Volt = +31.100V, Temp 30 
[2025-06-12 18:02:55.975.645] [INFO  ] [Controller] [Joints] FL: +40.630, +35.433, +38.898 ,FR: +40.630, +37.165, +40.630, HL: 52.756, +37.165, +56.220, HR: +52.756, +37.165, +70.079 Max HR-Knee = +70.079 Min FL-HipY = +35.433 
[2025-06-12 18:02:58.475.647] [INFO  ] [Controller] [Joints] FL: +40.630, +35.433, +38.898 ,FR: +40.630, +37.165, +40.630, HL: 52.756, +37.165, +57.953, HR: +52.756, +37.165, +70.079 Max HR-Knee = +70.079 Min FL-HipY = +35.433 
[2025-06-12 18:02:59.190.465] [INFO  ] [Battery] SoC = 75%, Volt = +31.100V, Temp 30 
[2025-06-12 18:03:00.975.646] [INFO  ] [Controller] [Joints] FL: +40.630, +35.433, +40.630 ,FR: +40.630, +35.433, +40.630, HL: 52.756, +37.165, +57.953, HR: +54.488, +37.165, +70.079 Max HR-Knee = +70.079 Min FL-HipY = +35.433 
[2025-06-12 18:03:03.475.650] [INFO  ] [Controller] [Joints] FL: +40.630, +35.433, +40.630 ,FR: +40.630, +35.433, +40.630, HL: 52.756, +37.165, +57.953, HR: +54.488, +37.165, +70.079 Max HR-Knee = +70.079 Min FL-HipY = +35.433 
[2025-06-12 18:03:04.186.399] [INFO  ] [Battery] SoC = 75%, Volt = +31.100V, Temp 30 
[2025-06-12 18:03:05.975.646] [INFO  ] [Controller] [Joints] FL: +40.630, +35.433, +40.630 ,FR: +40.630, +35.433, +40.630, HL: 52.756, +37.165, +57.953, HR: +54.488, +37.165, +70.079 Max HR-Knee = +70.079 Min FL-HipY = +35.433 
[2025-06-12 18:03:08.475.645] [INFO  ] [Controller] [Joints] FL: +40.630, +35.433, +40.630 ,FR: +40.630, +35.433, +40.630, HL: 52.756, +37.165, +57.953, HR: +54.488, +37.165, +70.079 Max HR-Knee = +70.079 Min FL-HipY = +35.433 
[2025-06-12 18:03:09.182.231] [INFO  ] [Battery] SoC = 75%, Volt = +31.100V, Temp 30 
[2025-06-12 18:03:10.975.647] [INFO  ] [Controller] [Joints] FL: +40.630, +35.433, +40.630 ,FR: +40.630, +35.433, +40.630, HL: 52.756, +37.165, +57.953, HR: +54.488, +37.165, +70.079 Max HR-Knee = +70.079 Min FL-HipY = +35.433 
[2025-06-12 18:03:13.475.643] [INFO  ] [Controller] [Joints] FL: +40.630, +35.433, +40.630 ,FR: +40.630, +35.433, +40.630, HL: 52.756, +37.165, +57.953, HR: +54.488, +37.165, +70.079 Max HR-Knee = +70.079 Min FL-HipY = +35.433 
[2025-06-12 18:03:14.178.157] [INFO  ] [Battery] SoC = 75%, Volt = +31.000V, Temp 30 
[2025-06-12 18:03:15.975.644] [INFO  ] [Controller] [Joints] FL: +40.630, +35.433, +40.630 ,FR: +40.630, +35.433, +40.630, HL: 52.756, +37.165, +56.220, HR: +54.488, +37.165, +70.079 Max HR-Knee = +70.079 Min FL-HipY = +35.433 
[2025-06-12 18:03:18.475.645] [INFO  ] [Controller] [Joints] FL: +40.630, +35.433, +40.630 ,FR: +40.630, +35.433, +40.630, HL: 52.756, +37.165, +56.220, HR: +54.488, +37.165, +70.079 Max HR-Knee = +70.079 Min FL-HipY = +35.433 
[2025-06-12 18:03:19.174.064] [INFO  ] [Battery] SoC = 75%, Volt = +31.000V, Temp 30 
[2025-06-12 18:03:20.975.645] [INFO  ] [Controller] [Joints] FL: +40.630, +35.433, +40.630 ,FR: +40.630, +35.433, +40.630, HL: 52.756, +37.165, +56.220, HR: +54.488, +37.165, +71.811 Max HR-Knee = +71.811 Min FL-HipY = +35.433 
[2025-06-12 18:03:23.475.644] [INFO  ] [Controller] [Joints] FL: +40.630, +35.433, +40.630 ,FR: +40.630, +35.433, +40.630, HL: 52.756, +37.165, +56.220, HR: +54.488, +37.165, +70.079 Max HR-Knee = +70.079 Min FL-HipY = +35.433 
[2025-06-12 18:03:24.169.941] [INFO  ] [Battery] SoC = 75%, Volt = +31.000V, Temp 30 
[2025-06-12 18:03:25.975.644] [INFO  ] [Controller] [Joints] FL: +40.630, +35.433, +40.630 ,FR: +40.630, +35.433, +40.630, HL: 52.756, +37.165, +57.953, HR: +54.488, +37.165, +70.079 Max HR-Knee = +70.079 Min FL-HipY = +35.433 
[2025-06-12 18:03:28.475.648] [INFO  ] [Controller] [Joints] FL: +40.630, +35.433, +40.630 ,FR: +40.630, +35.433, +40.630, HL: 52.756, +37.165, +57.953, HR: +54.488, +37.165, +68.346 Max HR-Knee = +68.346 Min FL-HipY = +35.433 
[2025-06-12 18:03:29.165.958] [INFO  ] [Battery] SoC = 75%, Volt = +31.000V, Temp 30 
[2025-06-12 18:03:30.975.646] [INFO  ] [Controller] [Joints] FL: +40.630, +35.433, +40.630 ,FR: +40.630, +35.433, +38.898, HL: 52.756, +37.165, +57.953, HR: +54.488, +37.165, +66.614 Max HR-Knee = +66.614 Min FL-HipY = +35.433 
[2025-06-12 18:03:33.475.648] [INFO  ] [Controller] [Joints] FL: +40.630, +35.433, +40.630 ,FR: +40.630, +35.433, +38.898, HL: 52.756, +37.165, +57.953, HR: +54.488, +37.165, +66.614 Max HR-Knee = +66.614 Min FL-HipY = +35.433 
[2025-06-12 18:03:34.161.983] [INFO  ] [Battery] SoC = 75%, Volt = +31.000V, Temp 30 
[2025-06-12 18:03:35.975.647] [INFO  ] [Controller] [Joints] FL: +40.630, +35.433, +40.630 ,FR: +40.630, +35.433, +38.898, HL: 52.756, +37.165, +59.685, HR: +54.488, +37.165, +64.882 Max HR-Knee = +64.882 Min FL-HipY = +35.433 
[2025-06-12 18:03:38.475.647] [INFO  ] [Controller] [Joints] FL: +40.630, +35.433, +40.630 ,FR: +40.630, +35.433, +38.898, HL: 54.488, +37.165, +59.685, HR: +54.488, +37.165, +64.882 Max HR-Knee = +64.882 Min FL-HipY = +35.433 
[2025-06-12 18:03:39.158.009] [INFO  ] [Battery] SoC = 74%, Volt = +30.900V, Temp 30 
[2025-06-12 18:03:40.975.645] [INFO  ] [Controller] [Joints] FL: +40.630, +35.433, +40.630 ,FR: +40.630, +35.433, +38.898, HL: 54.488, +38.898, +59.685, HR: +56.220, +37.165, +63.150 Max HR-Knee = +63.150 Min FL-HipY = +35.433 
[2025-06-12 18:03:43.475.644] [INFO  ] [Controller] [Joints] FL: +40.630, +35.433, +40.630 ,FR: +40.630, +35.433, +38.898, HL: 54.488, +38.898, +61.417, HR: +56.220, +37.165, +63.150 Max HR-Knee = +63.150 Min FL-HipY = +35.433 
[2025-06-12 18:03:44.154.194] [INFO  ] [Battery] SoC = 74%, Volt = +31.000V, Temp 30 
[2025-06-12 18:03:45.975.647] [INFO  ] [Controller] [Joints] FL: +40.630, +35.433, +40.630 ,FR: +40.630, +35.433, +38.898, HL: 54.488, +38.898, +61.417, HR: +56.220, +38.898, +63.150 Max HR-Knee = +63.150 Min FL-HipY = +35.433 
[2025-06-12 18:03:48.475.645] [INFO  ] [Controller] [Joints] FL: +40.630, +35.433, +40.630 ,FR: +40.630, +35.433, +38.898, HL: 54.488, +38.898, +61.417, HR: +56.220, +38.898, +63.150 Max HR-Knee = +63.150 Min FL-HipY = +35.433 
[2025-06-12 18:03:49.150.340] [INFO  ] [Battery] SoC = 74%, Volt = +31.000V, Temp 30 
[2025-06-12 18:03:50.975.646] [INFO  ] [Controller] [Joints] FL: +40.630, +35.433, +40.630 ,FR: +40.630, +35.433, +38.898, HL: 54.488, +38.898, +61.417, HR: +56.220, +38.898, +64.882 Max HR-Knee = +64.882 Min FL-HipY = +35.433 
[2025-06-12 18:03:53.475.646] [INFO  ] [Controller] [Joints] FL: +40.630, +35.433, +40.630 ,FR: +40.630, +35.433, +38.898, HL: 54.488, +38.898, +61.417, HR: +56.220, +38.898, +64.882 Max HR-Knee = +64.882 Min FL-HipY = +35.433 
[2025-06-12 18:03:54.146.428] [INFO  ] [Battery] SoC = 74%, Volt = +31.000V, Temp 30 
[2025-06-12 18:03:55.975.646] [INFO  ] [Controller] [Joints] FL: +40.630, +35.433, +40.630 ,FR: +40.630, +35.433, +38.898, HL: 54.488, +38.898, +59.685, HR: +56.220, +38.898, +64.882 Max HR-Knee = +64.882 Min FL-HipY = +35.433 
[2025-06-12 18:03:58.475.646] [INFO  ] [Controller] [Joints] FL: +40.630, +35.433, +40.630 ,FR: +40.630, +35.433, +38.898, HL: 54.488, +38.898, +59.685, HR: +56.220, +38.898, +66.614 Max HR-Knee = +66.614 Min FL-HipY = +35.433 
[2025-06-12 18:03:59.142.533] [INFO  ] [Battery] SoC = 74%, Volt = +31.000V, Temp 30 
[2025-06-12 18:04:00.975.646] [INFO  ] [Controller] [Joints] FL: +40.630, +35.433, +40.630 ,FR: +40.630, +35.433, +38.898, HL: 54.488, +38.898, +59.685, HR: +56.220, +38.898, +66.614 Max HR-Knee = +66.614 Min FL-HipY = +35.433 
[2025-06-12 18:04:03.475.646] [INFO  ] [Controller] [Joints] FL: +40.630, +35.433, +40.630 ,FR: +40.630, +35.433, +38.898, HL: 54.488, +38.898, +59.685, HR: +56.220, +38.898, +66.614 Max HR-Knee = +66.614 Min FL-HipY = +35.433 
[2025-06-12 18:04:04.138.564] [INFO  ] [Battery] SoC = 74%, Volt = +31.000V, Temp 30 
[2025-06-12 18:04:05.975.647] [INFO  ] [Controller] [Joints] FL: +40.630, +35.433, +42.362 ,FR: +40.630, +35.433, +38.898, HL: 54.488, +38.898, +59.685, HR: +56.220, +38.898, +68.346 Max HR-Knee = +68.346 Min FL-HipY = +35.433 
[2025-06-12 18:04:08.475.645] [INFO  ] [Controller] [Joints] FL: +40.630, +35.433, +42.362 ,FR: +40.630, +35.433, +38.898, HL: 54.488, +38.898, +59.685, HR: +56.220, +38.898, +68.346 Max HR-Knee = +68.346 Min FL-HipY = +35.433 
[2025-06-12 18:04:09.134.633] [INFO  ] [Battery] SoC = 74%, Volt = +31.000V, Temp 30 
[2025-06-12 18:04:10.975.645] [INFO  ] [Controller] [Joints] FL: +40.630, +35.433, +42.362 ,FR: +40.630, +35.433, +38.898, HL: 54.488, +38.898, +59.685, HR: +56.220, +38.898, +68.346 Max HR-Knee = +68.346 Min FL-HipY = +35.433 
[2025-06-12 18:04:13.475.642] [INFO  ] [Controller] [Joints] FL: +40.630, +35.433, +42.362 ,FR: +40.630, +35.433, +38.898, HL: 54.488, +38.898, +59.685, HR: +56.220, +38.898, +68.346 Max HR-Knee = +68.346 Min FL-HipY = +35.433 
[2025-06-12 18:04:14.130.681] [INFO  ] [Battery] SoC = 74%, Volt = +30.900V, Temp 30 
[2025-06-12 18:04:15.975.660] [INFO  ] [Controller] [Joints] FL: +38.898, +35.433, +42.362 ,FR: +40.630, +35.433, +38.898, HL: 54.488, +38.898, +59.685, HR: +56.220, +38.898, +68.346 Max HR-Knee = +68.346 Min FL-HipY = +35.433 
[2025-06-12 18:04:18.475.650] [INFO  ] [Controller] [Joints] FL: +38.898, +35.433, +42.362 ,FR: +40.630, +35.433, +40.630, HL: 54.488, +38.898, +59.685, HR: +56.220, +38.898, +68.346 Max HR-Knee = +68.346 Min FL-HipY = +35.433 
[2025-06-12 18:04:19.126.711] [INFO  ] [Battery] SoC = 74%, Volt = +30.900V, Temp 30 
[2025-06-12 18:04:20.975.647] [INFO  ] [Controller] [Joints] FL: +38.898, +35.433, +42.362 ,FR: +40.630, +35.433, +40.630, HL: 54.488, +38.898, +59.685, HR: +56.220, +38.898, +70.079 Max HR-Knee = +70.079 Min FL-HipY = +35.433 
[2025-06-12 18:04:23.475.645] [INFO  ] [Controller] [Joints] FL: +38.898, +35.433, +42.362 ,FR: +40.630, +35.433, +40.630, HL: 54.488, +38.898, +59.685, HR: +56.220, +38.898, +70.079 Max HR-Knee = +70.079 Min FL-HipY = +35.433 
[2025-06-12 18:04:24.122.663] [INFO  ] [Battery] SoC = 74%, Volt = +30.900V, Temp 30 
[2025-06-12 18:04:25.975.647] [INFO  ] [Controller] [Joints] FL: +38.898, +35.433, +42.362 ,FR: +40.630, +35.433, +40.630, HL: 54.488, +38.898, +59.685, HR: +56.220, +38.898, +70.079 Max HR-Knee = +70.079 Min FL-HipY = +35.433 
[2025-06-12 18:04:28.475.646] [INFO  ] [Controller] [Joints] FL: +38.898, +35.433, +42.362 ,FR: +40.630, +35.433, +40.630, HL: 54.488, +38.898, +59.685, HR: +56.220, +38.898, +70.079 Max HR-Knee = +70.079 Min FL-HipY = +35.433 
[2025-06-12 18:04:29.118.825] [INFO  ] [Battery] SoC = 74%, Volt = +30.900V, Temp 30 
[2025-06-12 18:04:30.975.652] [INFO  ] [Controller] [Joints] FL: +38.898, +35.433, +42.362 ,FR: +40.630, +35.433, +40.630, HL: 54.488, +38.898, +59.685, HR: +56.220, +38.898, +71.811 Max HR-Knee = +71.811 Min FL-HipY = +35.433 
[2025-06-12 18:04:33.475.647] [INFO  ] [Controller] [Joints] FL: +38.898, +35.433, +42.362 ,FR: +40.630, +35.433, +40.630, HL: 54.488, +38.898, +59.685, HR: +56.220, +38.898, +71.811 Max HR-Knee = +71.811 Min FL-HipY = +35.433 
[2025-06-12 18:04:34.115.139] [INFO  ] [Battery] SoC = 74%, Volt = +30.900V, Temp 30 
[2025-06-12 18:04:35.975.643] [INFO  ] [Controller] [Joints] FL: +38.898, +35.433, +42.362 ,FR: +40.630, +35.433, +40.630, HL: 54.488, +38.898, +59.685, HR: +56.220, +38.898, +71.811 Max HR-Knee = +71.811 Min FL-HipY = +35.433 
[2025-06-12 18:04:38.475.645] [INFO  ] [Controller] [Joints] FL: +38.898, +35.433, +44.094 ,FR: +40.630, +35.433, +40.630, HL: 54.488, +38.898, +59.685, HR: +56.220, +38.898, +71.811 Max HR-Knee = +71.811 Min FL-HipY = +35.433 
[2025-06-12 18:04:39.111.302] [INFO  ] [Battery] SoC = 74%, Volt = +30.900V, Temp 30 
[2025-06-12 18:04:40.975.643] [INFO  ] [Controller] [Joints] FL: +38.898, +35.433, +44.094 ,FR: +40.630, +35.433, +40.630, HL: 54.488, +38.898, +57.953, HR: +56.220, +38.898, +73.543 Max HR-Knee = +73.543 Min FL-HipY = +35.433 
[2025-06-12 18:04:43.475.645] [INFO  ] [Controller] [Joints] FL: +38.898, +35.433, +44.094 ,FR: +40.630, +35.433, +40.630, HL: 54.488, +38.898, +57.953, HR: +56.220, +38.898, +73.543 Max HR-Knee = +73.543 Min FL-HipY = +35.433 
[2025-06-12 18:04:44.107.414] [INFO  ] [Battery] SoC = 73%, Volt = +30.900V, Temp 30 
[2025-06-12 18:04:45.975.646] [INFO  ] [Controller] [Joints] FL: +38.898, +35.433, +44.094 ,FR: +40.630, +35.433, +40.630, HL: 54.488, +38.898, +57.953, HR: +56.220, +38.898, +73.543 Max HR-Knee = +73.543 Min FL-HipY = +35.433 
[2025-06-12 18:04:48.475.646] [INFO  ] [Controller] [Joints] FL: +38.898, +35.433, +44.094 ,FR: +40.630, +35.433, +40.630, HL: 54.488, +38.898, +57.953, HR: +56.220, +38.898, +73.543 Max HR-Knee = +73.543 Min FL-HipY = +35.433 
[2025-06-12 18:04:49.103.619] [INFO  ] [Battery] SoC = 73%, Volt = +30.900V, Temp 30 
[2025-06-12 18:04:50.975.648] [INFO  ] [Controller] [Joints] FL: +38.898, +35.433, +44.094 ,FR: +40.630, +35.433, +40.630, HL: 54.488, +38.898, +57.953, HR: +56.220, +38.898, +73.543 Max HR-Knee = +73.543 Min FL-HipY = +35.433 
[2025-06-12 18:04:53.475.647] [INFO  ] [Controller] [Joints] FL: +38.898, +35.433, +44.094 ,FR: +40.630, +35.433, +40.630, HL: 54.488, +38.898, +57.953, HR: +56.220, +38.898, +73.543 Max HR-Knee = +73.543 Min FL-HipY = +35.433 
[2025-06-12 18:04:54.099.787] [INFO  ] [Battery] SoC = 73%, Volt = +30.900V, Temp 30 
[2025-06-12 18:04:55.471.659] [INFO  ] [TVMPC] JY is Moving... (tvmpc),  time: 1870.352339 
[2025-06-12 18:04:55.975.642] [INFO  ] [Controller] [Joints] FL: +38.898, +35.433, +44.094 ,FR: +40.630, +35.433, +40.630, HL: 54.488, +38.898, +57.953, HR: +56.220, +38.898, +75.276 Max HR-Knee = +75.276 Min FL-HipY = +35.433 
[2025-06-12 18:04:57.722.046] [INFO  ] [TVMPC] [trot]STOP!!! 
[2025-06-12 18:04:57.722.624] [INFO  ] [BasicMotion] Switching to force control mode, please wait... 
[2025-06-12 18:04:58.475.645] [INFO  ] [Controller] [Joints] FL: +40.630, +35.433, +44.094 ,FR: +40.630, +35.433, +40.630, HL: 54.488, +38.898, +57.953, HR: +56.220, +38.898, +75.276 Max HR-Knee = +75.276 Min FL-HipY = +35.433 
[2025-06-12 18:04:58.724.656] [INFO  ] [TVMPC] JY is Moving... (tvmpc),  time: 1873.605338 
[2025-06-12 18:04:59.096.062] [INFO  ] [Battery] SoC = 73%, Volt = +30.800V, Temp 30 
[2025-06-12 18:05:00.975.643] [INFO  ] [Controller] [Joints] FL: +40.630, +35.433, +44.094 ,FR: +40.630, +35.433, +40.630, HL: 54.488, +38.898, +57.953, HR: +56.220, +38.898, +73.543 Max HR-Knee = +73.543 Min FL-HipY = +35.433 
[2025-06-12 18:05:03.475.637] [INFO  ] [Controller] [Joints] FL: +40.630, +35.433, +44.094 ,FR: +40.630, +35.433, +40.630, HL: 54.488, +38.898, +57.953, HR: +56.220, +38.898, +73.543 Max HR-Knee = +73.543 Min FL-HipY = +35.433 
[2025-06-12 18:05:04.092.317] [INFO  ] [Battery] SoC = 73%, Volt = +30.900V, Temp 30 
[2025-06-12 18:05:05.975.639] [INFO  ] [Controller] [Joints] FL: +40.630, +35.433, +45.827 ,FR: +40.630, +35.433, +40.630, HL: 54.488, +38.898, +59.685, HR: +56.220, +38.898, +73.543 Max HR-Knee = +73.543 Min FL-HipY = +35.433 
[2025-06-12 18:05:06.825.036] [INFO  ] [TVMPC] [trot]STOP!!! 
[2025-06-12 18:05:06.825.623] [INFO  ] [BasicMotion] Switching to force control mode, please wait... 
[2025-06-12 18:05:07.827.654] [INFO  ] [TVMPC] JY is Moving... (tvmpc),  time: 1882.708339 
[2025-06-12 18:05:08.278.047] [INFO  ] [TVMPC] [trot]STOP!!! 
[2025-06-12 18:05:08.278.624] [INFO  ] [BasicMotion] Switching to force control mode, please wait... 
[2025-06-12 18:05:08.475.641] [INFO  ] [Controller] [Joints] FL: +40.630, +35.433, +45.827 ,FR: +42.362, +37.165, +40.630, HL: 54.488, +38.898, +59.685, HR: +56.220, +38.898, +71.811 Max HR-Knee = +71.811 Min FL-HipY = +35.433 
[2025-06-12 18:05:09.088.529] [INFO  ] [Battery] SoC = 73%, Volt = +30.900V, Temp 30 
[2025-06-12 18:05:10.975.646] [INFO  ] [Controller] [Joints] FL: +42.362, +35.433, +45.827 ,FR: +42.362, +37.165, +42.362, HL: 54.488, +38.898, +59.685, HR: +56.220, +38.898, +71.811 Max HR-Knee = +71.811 Min FL-HipY = +35.433 
[2025-06-12 18:05:11.818.625] [INFO  ] [Controller] Switch to Twist Body Mode!!! 
[2025-06-12 18:05:13.475.646] [INFO  ] [Controller] [Joints] FL: +42.362, +35.433, +45.827 ,FR: +42.362, +37.165, +42.362, HL: 52.756, +38.898, +59.685, HR: +56.220, +38.898, +71.811 Max HR-Knee = +71.811 Min FL-HipY = +35.433 
[2025-06-12 18:05:14.084.828] [INFO  ] [Battery] SoC = 73%, Volt = +30.900V, Temp 30 
[2025-06-12 18:05:15.975.648] [INFO  ] [Controller] [Joints] FL: +42.362, +35.433, +45.827 ,FR: +42.362, +37.165, +42.362, HL: 52.756, +38.898, +59.685, HR: +56.220, +38.898, +70.079 Max HR-Knee = +70.079 Min FL-HipY = +35.433 
[2025-06-12 18:05:18.475.646] [INFO  ] [Controller] [Joints] FL: +42.362, +35.433, +44.094 ,FR: +42.362, +37.165, +42.362, HL: 52.756, +38.898, +59.685, HR: +56.220, +38.898, +70.079 Max HR-Knee = +70.079 Min FL-HipY = +35.433 
[2025-06-12 18:05:19.081.131] [INFO  ] [Battery] SoC = 73%, Volt = +30.900V, Temp 30 
[2025-06-12 18:05:20.975.692] [INFO  ] [Controller] [Joints] FL: +42.362, +35.433, +44.094 ,FR: +42.362, +37.165, +42.362, HL: 52.756, +38.898, +59.685, HR: +54.488, +38.898, +68.346 Max HR-Knee = +68.346 Min FL-HipY = +35.433 
[2025-06-12 18:05:23.475.645] [INFO  ] [Controller] [Joints] FL: +42.362, +35.433, +44.094 ,FR: +42.362, +37.165, +42.362, HL: 52.756, +38.898, +59.685, HR: +54.488, +38.898, +68.346 Max HR-Knee = +68.346 Min FL-HipY = +35.433 
[2025-06-12 18:05:24.077.568] [INFO  ] [Battery] SoC = 73%, Volt = +30.900V, Temp 30 
[2025-06-12 18:05:25.975.646] [INFO  ] [Controller] [Joints] FL: +42.362, +35.433, +44.094 ,FR: +42.362, +37.165, +42.362, HL: 52.756, +38.898, +59.685, HR: +54.488, +38.898, +68.346 Max HR-Knee = +68.346 Min FL-HipY = +35.433 
[2025-06-12 18:05:28.475.645] [INFO  ] [Controller] [Joints] FL: +42.362, +37.165, +44.094 ,FR: +42.362, +37.165, +42.362, HL: 52.756, +38.898, +59.685, HR: +54.488, +38.898, +66.614 Max HR-Knee = +66.614 Min FL-HipY = +37.165 
[2025-06-12 18:05:29.073.861] [INFO  ] [Battery] SoC = 73%, Volt = +30.900V, Temp 30 
[2025-06-12 18:05:30.975.647] [INFO  ] [Controller] [Joints] FL: +42.362, +37.165, +44.094 ,FR: +42.362, +37.165, +42.362, HL: 52.756, +38.898, +59.685, HR: +54.488, +38.898, +66.614 Max HR-Knee = +66.614 Min FL-HipY = +37.165 
[2025-06-12 18:05:33.475.648] [INFO  ] [Controller] [Joints] FL: +42.362, +37.165, +44.094 ,FR: +42.362, +37.165, +42.362, HL: 52.756, +38.898, +59.685, HR: +54.488, +38.898, +66.614 Max HR-Knee = +66.614 Min FL-HipY = +37.165 
[2025-06-12 18:05:34.070.161] [INFO  ] [Battery] SoC = 73%, Volt = +30.900V, Temp 30 
[2025-06-12 18:05:35.975.644] [INFO  ] [Controller] [Joints] FL: +42.362, +37.165, +44.094 ,FR: +40.630, +37.165, +42.362, HL: 52.756, +38.898, +59.685, HR: +54.488, +38.898, +66.614 Max HR-Knee = +66.614 Min FL-HipY = +37.165 
[2025-06-12 18:05:38.475.645] [INFO  ] [Controller] [Joints] FL: +42.362, +37.165, +44.094 ,FR: +40.630, +37.165, +42.362, HL: 52.756, +38.898, +59.685, HR: +54.488, +38.898, +66.614 Max HR-Knee = +66.614 Min FL-HipY = +37.165 
[2025-06-12 18:05:39.066.371] [INFO  ] [Battery] SoC = 73%, Volt = +30.900V, Temp 30 
[2025-06-12 18:05:40.975.644] [INFO  ] [Controller] [Joints] FL: +42.362, +37.165, +44.094 ,FR: +40.630, +37.165, +42.362, HL: 52.756, +38.898, +59.685, HR: +52.756, +38.898, +64.882 Max HR-Knee = +64.882 Min FL-HipY = +37.165 
[2025-06-12 18:05:43.475.645] [INFO  ] [Controller] [Joints] FL: +42.362, +37.165, +44.094 ,FR: +40.630, +37.165, +42.362, HL: 52.756, +40.630, +59.685, HR: +52.756, +38.898, +64.882 Max HR-Knee = +64.882 Min FL-HipY = +37.165 
[2025-06-12 18:05:44.062.542] [INFO  ] [Battery] SoC = 72%, Volt = +30.800V, Temp 30 
[2025-06-12 18:05:45.975.645] [INFO  ] [Controller] [Joints] FL: +42.362, +37.165, +44.094 ,FR: +40.630, +37.165, +42.362, HL: 51.024, +40.630, +59.685, HR: +52.756, +38.898, +64.882 Max HR-Knee = +64.882 Min FL-HipY = +37.165 
[2025-06-12 18:05:48.475.641] [INFO  ] [Controller] [Joints] FL: +42.362, +37.165, +44.094 ,FR: +40.630, +37.165, +42.362, HL: 51.024, +40.630, +59.685, HR: +52.756, +38.898, +64.882 Max HR-Knee = +64.882 Min FL-HipY = +37.165 
[2025-06-12 18:05:49.058.783] [INFO  ] [Battery] SoC = 72%, Volt = +30.900V, Temp 30 
[2025-06-12 18:05:50.975.650] [INFO  ] [Controller] [Joints] FL: +42.362, +37.165, +44.094 ,FR: +40.630, +37.165, +44.094, HL: 51.024, +40.630, +59.685, HR: +52.756, +38.898, +64.882 Max HR-Knee = +64.882 Min FL-HipY = +37.165 
[2025-06-12 18:05:53.475.654] [INFO  ] [Controller] [Joints] FL: +42.362, +37.165, +44.094 ,FR: +40.630, +37.165, +44.094, HL: 51.024, +40.630, +59.685, HR: +52.756, +38.898, +64.882 Max HR-Knee = +64.882 Min FL-HipY = +37.165 
[2025-06-12 18:05:54.054.982] [INFO  ] [Battery] SoC = 72%, Volt = +30.900V, Temp 30 
[2025-06-12 18:05:54.961.628] [INFO  ] [Controller] Switch to Move Mode!!! 
[2025-06-12 18:05:55.970.657] [INFO  ] [TVMPC] JY is Moving... (tvmpc),  time: 1930.851339 
[2025-06-12 18:05:55.975.642] [INFO  ] [Controller] [Joints] FL: +40.630, +37.165, +44.094 ,FR: +40.630, +37.165, +44.094, HL: 51.024, +40.630, +59.685, HR: +52.756, +38.898, +64.882 Max HR-Knee = +64.882 Min FL-HipY = +37.165 
[2025-06-12 18:05:58.475.638] [INFO  ] [Controller] [Joints] FL: +42.362, +37.165, +44.094 ,FR: +40.630, +37.165, +44.094, HL: 51.024, +40.630, +59.685, HR: +52.756, +38.898, +64.882 Max HR-Knee = +64.882 Min FL-HipY = +37.165 
[2025-06-12 18:05:59.051.255] [INFO  ] [Battery] SoC = 72%, Volt = +30.700V, Temp 30 
[2025-06-12 18:06:00.975.647] [INFO  ] [Controller] [Joints] FL: +42.362, +37.165, +44.094 ,FR: +42.362, +37.165, +44.094, HL: 51.024, +40.630, +59.685, HR: +52.756, +38.898, +64.882 Max HR-Knee = +64.882 Min FL-HipY = +37.165 
[2025-06-12 18:06:03.475.638] [INFO  ] [Controller] [Joints] FL: +42.362, +37.165, +44.094 ,FR: +42.362, +37.165, +44.094, HL: 51.024, +40.630, +59.685, HR: +52.756, +40.630, +64.882 Max HR-Knee = +64.882 Min FL-HipY = +37.165 
[2025-06-12 18:06:04.047.607] [INFO  ] [Battery] SoC = 72%, Volt = +30.800V, Temp 30 
[2025-06-12 18:06:04.521.041] [INFO  ] [TVMPC] [trot]STOP!!! 
[2025-06-12 18:06:04.521.629] [INFO  ] [BasicMotion] Switching to force control mode, please wait... 
[2025-06-12 18:06:05.975.646] [INFO  ] [Controller] [Joints] FL: +42.362, +37.165, +44.094 ,FR: +42.362, +37.165, +44.094, HL: 51.024, +40.630, +59.685, HR: +52.756, +40.630, +64.882 Max HR-Knee = +64.882 Min FL-HipY = +37.165 
[2025-06-12 18:06:08.476.644] [INFO  ] [Controller] [Joints] FL: +42.362, +37.165, +44.094 ,FR: +42.362, +37.165, +44.094, HL: 51.024, +40.630, +59.685, HR: +52.756, +40.630, +63.150 Max HR-Knee = +63.150 Min FL-HipY = +37.165 
[2025-06-12 18:06:09.043.835] [INFO  ] [Battery] SoC = 72%, Volt = +30.800V, Temp 30 
[2025-06-12 18:06:10.976.648] [INFO  ] [Controller] [Joints] FL: +42.362, +37.165, +44.094 ,FR: +42.362, +37.165, +44.094, HL: 51.024, +40.630, +59.685, HR: +52.756, +40.630, +63.150 Max HR-Knee = +63.150 Min FL-HipY = +37.165 
[2025-06-12 18:06:13.476.645] [INFO  ] [Controller] [Joints] FL: +42.362, +37.165, +44.094 ,FR: +42.362, +37.165, +44.094, HL: 51.024, +40.630, +59.685, HR: +52.756, +40.630, +63.150 Max HR-Knee = +63.150 Min FL-HipY = +37.165 
[2025-06-12 18:06:14.040.182] [INFO  ] [Battery] SoC = 72%, Volt = +30.900V, Temp 30 
[2025-06-12 18:06:15.976.645] [INFO  ] [Controller] [Joints] FL: +42.362, +37.165, +44.094 ,FR: +42.362, +37.165, +44.094, HL: 51.024, +40.630, +57.953, HR: +52.756, +40.630, +61.417 Max HR-Knee = +61.417 Min FL-HipY = +37.165 
[2025-06-12 18:06:18.478.648] [INFO  ] [Controller] [Joints] FL: +42.362, +37.165, +44.094 ,FR: +42.362, +37.165, +44.094, HL: 52.756, +40.630, +57.953, HR: +54.488, +40.630, +61.417 Max HR-Knee = +61.417 Min FL-HipY = +37.165 
[2025-06-12 18:06:19.036.472] [INFO  ] [Battery] SoC = 72%, Volt = +30.900V, Temp 30 
[2025-06-12 18:06:20.978.645] [INFO  ] [Controller] [Joints] FL: +42.362, +37.165, +44.094 ,FR: +42.362, +37.165, +44.094, HL: 52.756, +40.630, +57.953, HR: +54.488, +40.630, +59.685 Max HR-Knee = +59.685 Min FL-HipY = +37.165 
[2025-06-12 18:06:23.478.647] [INFO  ] [Controller] [Joints] FL: +42.362, +37.165, +42.362 ,FR: +42.362, +37.165, +44.094, HL: 52.756, +40.630, +57.953, HR: +54.488, +40.630, +59.685 Max HR-Knee = +59.685 Min FL-HipY = +37.165 
[2025-06-12 18:06:24.032.758] [INFO  ] [Battery] SoC = 72%, Volt = +30.900V, Temp 30 
[2025-06-12 18:06:25.978.645] [INFO  ] [Controller] [Joints] FL: +42.362, +37.165, +42.362 ,FR: +42.362, +37.165, +44.094, HL: 52.756, +40.630, +56.220, HR: +54.488, +40.630, +59.685 Max HR-Knee = +59.685 Min FL-HipY = +37.165 
[2025-06-12 18:06:28.478.644] [INFO  ] [Controller] [Joints] FL: +44.094, +37.165, +42.362 ,FR: +42.362, +37.165, +44.094, HL: 52.756, +40.630, +56.220, HR: +54.488, +40.630, +57.953 Max HR-Knee = +57.953 Min FL-HipY = +37.165 
[2025-06-12 18:06:29.029.187] [INFO  ] [Battery] SoC = 72%, Volt = +30.800V, Temp 30 
[2025-06-12 18:06:30.978.647] [INFO  ] [Controller] [Joints] FL: +44.094, +37.165, +42.362 ,FR: +42.362, +37.165, +44.094, HL: 52.756, +40.630, +56.220, HR: +54.488, +40.630, +57.953 Max HR-Knee = +57.953 Min FL-HipY = +37.165 
[2025-06-12 18:06:33.478.645] [INFO  ] [Controller] [Joints] FL: +44.094, +37.165, +42.362 ,FR: +42.362, +37.165, +44.094, HL: 52.756, +40.630, +56.220, HR: +54.488, +40.630, +57.953 Max HR-Knee = +57.953 Min FL-HipY = +37.165 
[2025-06-12 18:06:34.025.621] [INFO  ] [Battery] SoC = 72%, Volt = +30.800V, Temp 30 
[2025-06-12 18:06:35.978.643] [INFO  ] [Controller] [Joints] FL: +44.094, +37.165, +42.362 ,FR: +42.362, +37.165, +44.094, HL: 52.756, +40.630, +56.220, HR: +56.220, +40.630, +56.220 Max HL-Knee = +56.220 Min FL-HipY = +37.165 
[2025-06-12 18:06:38.478.644] [INFO  ] [Controller] [Joints] FL: +44.094, +37.165, +42.362 ,FR: +42.362, +37.165, +44.094, HL: 52.756, +40.630, +54.488, HR: +56.220, +40.630, +56.220 Max HR-HipX = +56.220 Min FL-HipY = +37.165 
[2025-06-12 18:06:39.021.924] [INFO  ] [Battery] SoC = 72%, Volt = +30.800V, Temp 30 
[2025-06-12 18:06:40.978.646] [INFO  ] [Controller] [Joints] FL: +44.094, +37.165, +40.630 ,FR: +42.362, +37.165, +44.094, HL: 52.756, +40.630, +54.488, HR: +56.220, +40.630, +56.220 Max HR-HipX = +56.220 Min FL-HipY = +37.165 
[2025-06-12 18:06:43.478.646] [INFO  ] [Controller] [Joints] FL: +44.094, +37.165, +40.630 ,FR: +42.362, +37.165, +44.094, HL: 52.756, +40.630, +54.488, HR: +56.220, +40.630, +56.220 Max HR-HipX = +56.220 Min FL-HipY = +37.165 
[2025-06-12 18:06:44.018.283] [INFO  ] [Battery] SoC = 71%, Volt = +30.800V, Temp 30 
[2025-06-12 18:06:45.978.649] [INFO  ] [Controller] [Joints] FL: +44.094, +37.165, +40.630 ,FR: +42.362, +37.165, +44.094, HL: 52.756, +40.630, +54.488, HR: +56.220, +40.630, +54.488 Max HR-HipX = +56.220 Min FL-HipY = +37.165 
[2025-06-12 18:06:48.478.646] [INFO  ] [Controller] [Joints] FL: +44.094, +37.165, +40.630 ,FR: +42.362, +37.165, +44.094, HL: 52.756, +40.630, +54.488, HR: +56.220, +40.630, +54.488 Max HR-HipX = +56.220 Min FL-HipY = +37.165 
[2025-06-12 18:06:49.014.457] [INFO  ] [Battery] SoC = 71%, Volt = +30.800V, Temp 30 
[2025-06-12 18:06:50.978.647] [INFO  ] [Controller] [Joints] FL: +44.094, +37.165, +40.630 ,FR: +42.362, +37.165, +44.094, HL: 52.756, +40.630, +54.488, HR: +56.220, +40.630, +54.488 Max HR-HipX = +56.220 Min FL-HipY = +37.165 
[2025-06-12 18:06:53.478.644] [INFO  ] [Controller] [Joints] FL: +44.094, +37.165, +40.630 ,FR: +42.362, +37.165, +44.094, HL: 52.756, +40.630, +54.488, HR: +56.220, +40.630, +54.488 Max HR-HipX = +56.220 Min FL-HipY = +37.165 
[2025-06-12 18:06:54.010.674] [INFO  ] [Battery] SoC = 71%, Volt = +30.800V, Temp 30 
[2025-06-12 18:06:55.978.646] [INFO  ] [Controller] [Joints] FL: +44.094, +37.165, +40.630 ,FR: +42.362, +37.165, +44.094, HL: 52.756, +40.630, +54.488, HR: +56.220, +40.630, +54.488 Max HR-HipX = +56.220 Min FL-HipY = +37.165 
[2025-06-12 18:06:58.478.643] [INFO  ] [Controller] [Joints] FL: +44.094, +37.165, +40.630 ,FR: +42.362, +37.165, +44.094, HL: 52.756, +40.630, +54.488, HR: +56.220, +40.630, +54.488 Max HR-HipX = +56.220 Min FL-HipY = +37.165 
[2025-06-12 18:06:59.006.893] [INFO  ] [Battery] SoC = 71%, Volt = +30.800V, Temp 30 
[2025-06-12 18:07:00.978.646] [INFO  ] [Controller] [Joints] FL: +44.094, +37.165, +40.630 ,FR: +42.362, +37.165, +44.094, HL: 52.756, +40.630, +54.488, HR: +56.220, +40.630, +54.488 Max HR-HipX = +56.220 Min FL-HipY = +37.165 
[2025-06-12 18:07:03.478.646] [INFO  ] [Controller] [Joints] FL: +44.094, +37.165, +40.630 ,FR: +42.362, +37.165, +44.094, HL: 52.756, +40.630, +54.488, HR: +56.220, +40.630, +52.756 Max HR-HipX = +56.220 Min FL-HipY = +37.165 
[2025-06-12 18:07:04.003.241] [INFO  ] [Battery] SoC = 71%, Volt = +30.800V, Temp 30 
[2025-06-12 18:07:05.978.642] [INFO  ] [Controller] [Joints] FL: +44.094, +37.165, +40.630 ,FR: +42.362, +37.165, +44.094, HL: 52.756, +40.630, +52.756, HR: +56.220, +40.630, +52.756 Max HR-HipX = +56.220 Min FL-HipY = +37.165 
[2025-06-12 18:07:08.478.647] [INFO  ] [Controller] [Joints] FL: +44.094, +37.165, +40.630 ,FR: +42.362, +37.165, +44.094, HL: 52.756, +40.630, +52.756, HR: +56.220, +40.630, +52.756 Max HR-HipX = +56.220 Min FL-HipY = +37.165 
[2025-06-12 18:07:08.999.430] [INFO  ] [Battery] SoC = 71%, Volt = +30.800V, Temp 30 
[2025-06-12 18:07:10.978.644] [INFO  ] [Controller] [Joints] FL: +44.094, +37.165, +40.630 ,FR: +42.362, +37.165, +44.094, HL: 52.756, +40.630, +52.756, HR: +56.220, +40.630, +52.756 Max HR-HipX = +56.220 Min FL-HipY = +37.165 
[2025-06-12 18:07:13.478.646] [INFO  ] [Controller] [Joints] FL: +44.094, +37.165, +40.630 ,FR: +42.362, +37.165, +44.094, HL: 52.756, +40.630, +52.756, HR: +56.220, +40.630, +52.756 Max HR-HipX = +56.220 Min FL-HipY = +37.165 
[2025-06-12 18:07:13.995.672] [INFO  ] [Battery] SoC = 71%, Volt = +30.800V, Temp 30 
[2025-06-12 18:07:15.978.647] [INFO  ] [Controller] [Joints] FL: +44.094, +37.165, +40.630 ,FR: +42.362, +37.165, +44.094, HL: 52.756, +40.630, +52.756, HR: +56.220, +40.630, +52.756 Max HR-HipX = +56.220 Min FL-HipY = +37.165 
[2025-06-12 18:07:18.478.647] [INFO  ] [Controller] [Joints] FL: +44.094, +37.165, +40.630 ,FR: +42.362, +37.165, +44.094, HL: 52.756, +40.630, +52.756, HR: +56.220, +40.630, +52.756 Max HR-HipX = +56.220 Min FL-HipY = +37.165 
[2025-06-12 18:07:18.992.016] [INFO  ] [Battery] SoC = 71%, Volt = +30.800V, Temp 30 
[2025-06-12 18:07:20.978.646] [INFO  ] [Controller] [Joints] FL: +44.094, +37.165, +40.630 ,FR: +42.362, +37.165, +44.094, HL: 52.756, +40.630, +52.756, HR: +56.220, +40.630, +52.756 Max HR-HipX = +56.220 Min FL-HipY = +37.165 
[2025-06-12 18:07:23.478.657] [INFO  ] [Controller] [Joints] FL: +44.094, +37.165, +40.630 ,FR: +42.362, +37.165, +44.094, HL: 52.756, +40.630, +52.756, HR: +57.953, +40.630, +52.756 Max HR-HipX = +57.953 Min FL-HipY = +37.165 
[2025-06-12 18:07:23.988.287] [INFO  ] [Battery] SoC = 71%, Volt = +30.800V, Temp 30 
[2025-06-12 18:07:25.978.646] [INFO  ] [Controller] [Joints] FL: +44.094, +37.165, +40.630 ,FR: +42.362, +37.165, +44.094, HL: 52.756, +40.630, +52.756, HR: +57.953, +40.630, +52.756 Max HR-HipX = +57.953 Min FL-HipY = +37.165 
[2025-06-12 18:07:28.478.645] [INFO  ] [Controller] [Joints] FL: +44.094, +37.165, +40.630 ,FR: +42.362, +37.165, +44.094, HL: 52.756, +40.630, +52.756, HR: +57.953, +40.630, +52.756 Max HR-HipX = +57.953 Min FL-HipY = +37.165 
[2025-06-12 18:07:28.984.495] [INFO  ] [Battery] SoC = 71%, Volt = +30.800V, Temp 30 
[2025-06-12 18:07:30.978.645] [INFO  ] [Controller] [Joints] FL: +44.094, +37.165, +38.898 ,FR: +42.362, +37.165, +44.094, HL: 52.756, +40.630, +52.756, HR: +57.953, +40.630, +52.756 Max HR-HipX = +57.953 Min FL-HipY = +37.165 
[2025-06-12 18:07:33.478.646] [INFO  ] [Controller] [Joints] FL: +44.094, +37.165, +38.898 ,FR: +42.362, +37.165, +44.094, HL: 52.756, +40.630, +52.756, HR: +57.953, +40.630, +52.756 Max HR-HipX = +57.953 Min FL-HipY = +37.165 
[2025-06-12 18:07:33.980.806] [INFO  ] [Battery] SoC = 71%, Volt = +30.800V, Temp 30 
[2025-06-12 18:07:35.978.652] [INFO  ] [Controller] [Joints] FL: +44.094, +37.165, +38.898 ,FR: +42.362, +37.165, +44.094, HL: 52.756, +40.630, +52.756, HR: +57.953, +40.630, +51.024 Max HR-HipX = +57.953 Min FL-HipY = +37.165 
[2025-06-12 18:07:38.478.657] [INFO  ] [Controller] [Joints] FL: +44.094, +37.165, +38.898 ,FR: +42.362, +37.165, +44.094, HL: 52.756, +40.630, +52.756, HR: +57.953, +40.630, +51.024 Max HR-HipX = +57.953 Min FL-HipY = +37.165 
[2025-06-12 18:07:38.977.166] [INFO  ] [Battery] SoC = 71%, Volt = +30.800V, Temp 30 
[2025-06-12 18:07:40.979.646] [INFO  ] [Controller] [Joints] FL: +44.094, +37.165, +38.898 ,FR: +42.362, +37.165, +44.094, HL: 52.756, +40.630, +52.756, HR: +57.953, +40.630, +51.024 Max HR-HipX = +57.953 Min FL-HipY = +37.165 
[2025-06-12 18:07:43.479.645] [INFO  ] [Controller] [Joints] FL: +44.094, +37.165, +38.898 ,FR: +42.362, +37.165, +44.094, HL: 52.756, +40.630, +52.756, HR: +57.953, +40.630, +51.024 Max HR-HipX = +57.953 Min FL-HipY = +37.165 
[2025-06-12 18:07:43.973.468] [INFO  ] [Battery] SoC = 71%, Volt = +30.800V, Temp 30 
[2025-06-12 18:07:45.979.643] [INFO  ] [Controller] [Joints] FL: +44.094, +37.165, +38.898 ,FR: +42.362, +37.165, +44.094, HL: 52.756, +40.630, +52.756, HR: +57.953, +40.630, +51.024 Max HR-HipX = +57.953 Min FL-HipY = +37.165 
[2025-06-12 18:07:48.479.649] [INFO  ] [Controller] [Joints] FL: +44.094, +37.165, +38.898 ,FR: +42.362, +37.165, +44.094, HL: 52.756, +40.630, +52.756, HR: +57.953, +40.630, +51.024 Max HR-HipX = +57.953 Min FL-HipY = +37.165 
[2025-06-12 18:07:48.969.726] [INFO  ] [Battery] SoC = 71%, Volt = +30.800V, Temp 30 
[2025-06-12 18:07:50.979.649] [INFO  ] [Controller] [Joints] FL: +44.094, +37.165, +38.898 ,FR: +42.362, +37.165, +44.094, HL: 52.756, +40.630, +52.756, HR: +57.953, +40.630, +51.024 Max HR-HipX = +57.953 Min FL-HipY = +37.165 
[2025-06-12 18:07:53.479.646] [INFO  ] [Controller] [Joints] FL: +44.094, +37.165, +38.898 ,FR: +42.362, +37.165, +44.094, HL: 52.756, +40.630, +52.756, HR: +57.953, +40.630, +51.024 Max HR-HipX = +57.953 Min FL-HipY = +37.165 
[2025-06-12 18:07:53.966.005] [INFO  ] [Battery] SoC = 71%, Volt = +30.800V, Temp 30 
[2025-06-12 18:07:55.979.647] [INFO  ] [Controller] [Joints] FL: +44.094, +37.165, +38.898 ,FR: +42.362, +37.165, +44.094, HL: 52.756, +40.630, +52.756, HR: +57.953, +40.630, +51.024 Max HR-HipX = +57.953 Min FL-HipY = +37.165 
[2025-06-12 18:07:58.479.647] [INFO  ] [Controller] [Joints] FL: +44.094, +37.165, +38.898 ,FR: +42.362, +37.165, +44.094, HL: 52.756, +40.630, +52.756, HR: +57.953, +40.630, +51.024 Max HR-HipX = +57.953 Min FL-HipY = +37.165 
[2025-06-12 18:07:58.962.277] [INFO  ] [Battery] SoC = 70%, Volt = +30.800V, Temp 30 
[2025-06-12 18:08:00.979.642] [INFO  ] [Controller] [Joints] FL: +44.094, +37.165, +38.898 ,FR: +42.362, +37.165, +44.094, HL: 52.756, +40.630, +52.756, HR: +57.953, +40.630, +51.024 Max HR-HipX = +57.953 Min FL-HipY = +37.165 
[2025-06-12 18:08:03.479.645] [INFO  ] [Controller] [Joints] FL: +44.094, +37.165, +38.898 ,FR: +42.362, +37.165, +44.094, HL: 52.756, +40.630, +52.756, HR: +57.953, +40.630, +51.024 Max HR-HipX = +57.953 Min FL-HipY = +37.165 
[2025-06-12 18:08:03.958.502] [INFO  ] [Battery] SoC = 70%, Volt = +30.800V, Temp 30 
[2025-06-12 18:08:05.979.645] [INFO  ] [Controller] [Joints] FL: +44.094, +37.165, +38.898 ,FR: +42.362, +37.165, +44.094, HL: 52.756, +40.630, +52.756, HR: +57.953, +40.630, +51.024 Max HR-HipX = +57.953 Min FL-HipY = +37.165 
[2025-06-12 18:08:08.479.645] [INFO  ] [Controller] [Joints] FL: +44.094, +37.165, +38.898 ,FR: +42.362, +37.165, +44.094, HL: 52.756, +40.630, +52.756, HR: +57.953, +40.630, +51.024 Max HR-HipX = +57.953 Min FL-HipY = +37.165 
[2025-06-12 18:08:08.954.774] [INFO  ] [Battery] SoC = 70%, Volt = +30.800V, Temp 30 
[2025-06-12 18:08:10.979.699] [INFO  ] [Controller] [Joints] FL: +44.094, +37.165, +38.898 ,FR: +42.362, +37.165, +44.094, HL: 52.756, +40.630, +52.756, HR: +57.953, +40.630, +51.024 Max HR-HipX = +57.953 Min FL-HipY = +37.165 
[2025-06-12 18:08:13.479.645] [INFO  ] [Controller] [Joints] FL: +44.094, +37.165, +38.898 ,FR: +42.362, +37.165, +44.094, HL: 52.756, +40.630, +52.756, HR: +57.953, +40.630, +51.024 Max HR-HipX = +57.953 Min FL-HipY = +37.165 
[2025-06-12 18:08:13.951.016] [INFO  ] [Battery] SoC = 70%, Volt = +30.800V, Temp 30 
[2025-06-12 18:08:15.979.644] [INFO  ] [Controller] [Joints] FL: +44.094, +37.165, +38.898 ,FR: +42.362, +37.165, +44.094, HL: 52.756, +40.630, +52.756, HR: +57.953, +40.630, +51.024 Max HR-HipX = +57.953 Min FL-HipY = +37.165 
[2025-06-12 18:08:18.479.646] [INFO  ] [Controller] [Joints] FL: +44.094, +37.165, +38.898 ,FR: +42.362, +37.165, +44.094, HL: 52.756, +40.630, +52.756, HR: +57.953, +40.630, +51.024 Max HR-HipX = +57.953 Min FL-HipY = +37.165 
[2025-06-12 18:08:18.947.139] [INFO  ] [Battery] SoC = 70%, Volt = +30.800V, Temp 30 
[2025-06-12 18:08:20.980.643] [INFO  ] [Controller] [Joints] FL: +44.094, +37.165, +38.898 ,FR: +42.362, +37.165, +44.094, HL: 52.756, +40.630, +52.756, HR: +57.953, +40.630, +51.024 Max HR-HipX = +57.953 Min FL-HipY = +37.165 
[2025-06-12 18:08:23.480.645] [INFO  ] [Controller] [Joints] FL: +44.094, +37.165, +38.898 ,FR: +42.362, +37.165, +44.094, HL: 52.756, +40.630, +52.756, HR: +57.953, +40.630, +51.024 Max HR-HipX = +57.953 Min FL-HipY = +37.165 
[2025-06-12 18:08:23.943.369] [INFO  ] [Battery] SoC = 70%, Volt = +30.800V, Temp 30 
[2025-06-12 18:08:25.980.645] [INFO  ] [Controller] [Joints] FL: +44.094, +37.165, +38.898 ,FR: +42.362, +37.165, +44.094, HL: 52.756, +40.630, +52.756, HR: +57.953, +40.630, +51.024 Max HR-HipX = +57.953 Min FL-HipY = +37.165 
[2025-06-12 18:08:28.480.649] [INFO  ] [Controller] [Joints] FL: +44.094, +37.165, +38.898 ,FR: +42.362, +37.165, +44.094, HL: 52.756, +40.630, +52.756, HR: +57.953, +40.630, +51.024 Max HR-HipX = +57.953 Min FL-HipY = +37.165 
[2025-06-12 18:08:28.939.514] [INFO  ] [Battery] SoC = 70%, Volt = +30.800V, Temp 30 
[2025-06-12 18:08:30.980.645] [INFO  ] [Controller] [Joints] FL: +44.094, +37.165, +38.898 ,FR: +42.362, +37.165, +44.094, HL: 52.756, +40.630, +52.756, HR: +57.953, +40.630, +51.024 Max HR-HipX = +57.953 Min FL-HipY = +37.165 
[2025-06-12 18:08:33.480.645] [INFO  ] [Controller] [Joints] FL: +44.094, +37.165, +38.898 ,FR: +42.362, +37.165, +44.094, HL: 52.756, +40.630, +52.756, HR: +57.953, +40.630, +51.024 Max HR-HipX = +57.953 Min FL-HipY = +37.165 
[2025-06-12 18:08:33.935.758] [INFO  ] [Battery] SoC = 70%, Volt = +30.800V, Temp 30 
[2025-06-12 18:08:35.980.646] [INFO  ] [Controller] [Joints] FL: +44.094, +37.165, +38.898 ,FR: +42.362, +37.165, +44.094, HL: 52.756, +40.630, +52.756, HR: +57.953, +40.630, +51.024 Max HR-HipX = +57.953 Min FL-HipY = +37.165 
[2025-06-12 18:08:38.480.648] [INFO  ] [Controller] [Joints] FL: +44.094, +37.165, +38.898 ,FR: +42.362, +37.165, +44.094, HL: 52.756, +40.630, +52.756, HR: +57.953, +40.630, +51.024 Max HR-HipX = +57.953 Min FL-HipY = +37.165 
[2025-06-12 18:08:38.837.660] [INFO  ] [TVMPC] JY is Moving... (tvmpc),  time: 2093.718340 
[2025-06-12 18:08:38.931.837] [INFO  ] [Battery] SoC = 70%, Volt = +30.600V, Temp 30 
[2025-06-12 18:08:40.980.636] [INFO  ] [Controller] [Joints] FL: +44.094, +37.165, +38.898 ,FR: +42.362, +37.165, +44.094, HL: 52.756, +40.630, +52.756, HR: +57.953, +40.630, +51.024 Max HR-HipX = +57.953 Min FL-HipY = +37.165 
[2025-06-12 18:08:43.480.641] [INFO  ] [Controller] [Joints] FL: +44.094, +37.165, +38.898 ,FR: +42.362, +37.165, +44.094, HL: 52.756, +40.630, +52.756, HR: +57.953, +40.630, +52.756 Max HR-HipX = +57.953 Min FL-HipY = +37.165 
[2025-06-12 18:08:43.928.027] [INFO  ] [Battery] SoC = 70%, Volt = +30.600V, Temp 30 
[2025-06-12 18:08:45.980.640] [INFO  ] [Controller] [Joints] FL: +44.094, +37.165, +40.630 ,FR: +42.362, +37.165, +44.094, HL: 52.756, +40.630, +52.756, HR: +57.953, +40.630, +52.756 Max HR-HipX = +57.953 Min FL-HipY = +37.165 
[2025-06-12 18:08:48.484.638] [INFO  ] [Controller] [Joints] FL: +45.827, +37.165, +40.630 ,FR: +44.094, +37.165, +45.827, HL: 52.756, +40.630, +54.488, HR: +57.953, +40.630, +54.488 Max HR-HipX = +57.953 Min FL-HipY = +37.165 
[2025-06-12 18:08:48.742.166] [INFO  ] [TVMPC] [trot]STOP!!! 
[2025-06-12 18:08:48.742.624] [INFO  ] [BasicMotion] Switching to force control mode, please wait... 
[2025-06-12 18:08:48.924.289] [INFO  ] [Battery] SoC = 70%, Volt = +30.700V, Temp 30 
[2025-06-12 18:08:50.984.668] [INFO  ] [Controller] [Joints] FL: +45.827, +37.165, +40.630 ,FR: +44.094, +37.165, +45.827, HL: 52.756, +40.630, +54.488, HR: +56.220, +40.630, +54.488 Max HR-HipX = +56.220 Min FL-HipY = +37.165 
[2025-06-12 18:08:53.485.644] [INFO  ] [Controller] [Joints] FL: +45.827, +37.165, +40.630 ,FR: +44.094, +37.165, +45.827, HL: 52.756, +40.630, +54.488, HR: +56.220, +40.630, +54.488 Max HR-HipX = +56.220 Min FL-HipY = +37.165 
[2025-06-12 18:08:53.920.647] [INFO  ] [Battery] SoC = 70%, Volt = +30.700V, Temp 30 
[2025-06-12 18:08:55.985.646] [INFO  ] [Controller] [Joints] FL: +45.827, +37.165, +42.362 ,FR: +44.094, +37.165, +45.827, HL: 52.756, +40.630, +54.488, HR: +56.220, +40.630, +56.220 Max HR-HipX = +56.220 Min FL-HipY = +37.165 
[2025-06-12 18:08:58.485.649] [INFO  ] [Controller] [Joints] FL: +45.827, +37.165, +42.362 ,FR: +44.094, +37.165, +44.094, HL: 52.756, +40.630, +56.220, HR: +56.220, +40.630, +56.220 Max HL-Knee = +56.220 Min FL-HipY = +37.165 
[2025-06-12 18:08:58.916.864] [INFO  ] [Battery] SoC = 70%, Volt = +30.700V, Temp 30 
[2025-06-12 18:09:00.985.646] [INFO  ] [Controller] [Joints] FL: +44.094, +37.165, +42.362 ,FR: +44.094, +37.165, +44.094, HL: 52.756, +40.630, +56.220, HR: +54.488, +40.630, +54.488 Max HL-Knee = +56.220 Min FL-HipY = +37.165 
[2025-06-12 18:09:03.485.648] [INFO  ] [Controller] [Joints] FL: +44.094, +37.165, +42.362 ,FR: +42.362, +37.165, +44.094, HL: 52.756, +40.630, +56.220, HR: +54.488, +40.630, +54.488 Max HL-Knee = +56.220 Min FL-HipY = +37.165 
[2025-06-12 18:09:03.913.233] [INFO  ] [Battery] SoC = 69%, Volt = +30.700V, Temp 30 
[2025-06-12 18:09:05.985.648] [INFO  ] [Controller] [Joints] FL: +44.094, +37.165, +42.362 ,FR: +42.362, +37.165, +44.094, HL: 52.756, +40.630, +57.953, HR: +54.488, +40.630, +54.488 Max HL-Knee = +57.953 Min FL-HipY = +37.165 
[2025-06-12 18:09:08.485.645] [INFO  ] [Controller] [Joints] FL: +44.094, +37.165, +42.362 ,FR: +42.362, +37.165, +42.362, HL: 52.756, +40.630, +57.953, HR: +54.488, +40.630, +54.488 Max HL-Knee = +57.953 Min FL-HipY = +37.165 
[2025-06-12 18:09:08.909.426] [INFO  ] [Battery] SoC = 69%, Volt = +30.700V, Temp 30 
[2025-06-12 18:09:10.985.647] [INFO  ] [Controller] [Joints] FL: +44.094, +37.165, +42.362 ,FR: +42.362, +37.165, +42.362, HL: 52.756, +40.630, +57.953, HR: +52.756, +40.630, +54.488 Max HL-Knee = +57.953 Min FL-HipY = +37.165 
[2025-06-12 18:09:13.485.646] [INFO  ] [Controller] [Joints] FL: +44.094, +37.165, +44.094 ,FR: +42.362, +37.165, +42.362, HL: 52.756, +40.630, +57.953, HR: +52.756, +40.630, +54.488 Max HL-Knee = +57.953 Min FL-HipY = +37.165 
[2025-06-12 18:09:13.905.625] [INFO  ] [Battery] SoC = 69%, Volt = +30.700V, Temp 30 
[2025-06-12 18:09:15.985.654] [INFO  ] [Controller] [Joints] FL: +44.094, +37.165, +44.094 ,FR: +42.362, +37.165, +42.362, HL: 52.756, +40.630, +59.685, HR: +52.756, +40.630, +54.488 Max HL-Knee = +59.685 Min FL-HipY = +37.165 
[2025-06-12 18:09:18.485.646] [INFO  ] [Controller] [Joints] FL: +44.094, +37.165, +44.094 ,FR: +42.362, +37.165, +42.362, HL: 51.024, +40.630, +59.685, HR: +52.756, +40.630, +54.488 Max HL-Knee = +59.685 Min FL-HipY = +37.165 
[2025-06-12 18:09:18.901.961] [INFO  ] [Battery] SoC = 69%, Volt = +30.700V, Temp 30 
[2025-06-12 18:09:20.985.646] [INFO  ] [Controller] [Joints] FL: +44.094, +37.165, +44.094 ,FR: +42.362, +37.165, +42.362, HL: 51.024, +40.630, +59.685, HR: +52.756, +40.630, +54.488 Max HL-Knee = +59.685 Min FL-HipY = +37.165 
[2025-06-12 18:09:23.486.645] [INFO  ] [Controller] [Joints] FL: +44.094, +37.165, +44.094 ,FR: +42.362, +37.165, +42.362, HL: 51.024, +40.630, +59.685, HR: +52.756, +40.630, +54.488 Max HL-Knee = +59.685 Min FL-HipY = +37.165 
[2025-06-12 18:09:23.898.261] [INFO  ] [Battery] SoC = 69%, Volt = +30.700V, Temp 30 
[2025-06-12 18:09:25.986.646] [INFO  ] [Controller] [Joints] FL: +44.094, +37.165, +44.094 ,FR: +42.362, +37.165, +40.630, HL: 51.024, +40.630, +59.685, HR: +51.024, +40.630, +52.756 Max HL-Knee = +59.685 Min FL-HipY = +37.165 
[2025-06-12 18:09:28.486.644] [INFO  ] [Controller] [Joints] FL: +44.094, +37.165, +44.094 ,FR: +42.362, +37.165, +40.630, HL: 51.024, +40.630, +61.417, HR: +51.024, +40.630, +52.756 Max HL-Knee = +61.417 Min FL-HipY = +37.165 
[2025-06-12 18:09:28.894.555] [INFO  ] [Battery] SoC = 69%, Volt = +30.700V, Temp 30 
[2025-06-12 18:09:30.986.644] [INFO  ] [Controller] [Joints] FL: +44.094, +37.165, +44.094 ,FR: +42.362, +37.165, +40.630, HL: 51.024, +40.630, +61.417, HR: +51.024, +40.630, +52.756 Max HL-Knee = +61.417 Min FL-HipY = +37.165 
[2025-06-12 18:09:33.486.645] [INFO  ] [Controller] [Joints] FL: +44.094, +37.165, +44.094 ,FR: +42.362, +37.165, +40.630, HL: 51.024, +40.630, +61.417, HR: +51.024, +40.630, +52.756 Max HL-Knee = +61.417 Min FL-HipY = +37.165 
[2025-06-12 18:09:33.890.730] [INFO  ] [Battery] SoC = 69%, Volt = +30.700V, Temp 30 
[2025-06-12 18:09:35.987.646] [INFO  ] [Controller] [Joints] FL: +44.094, +37.165, +44.094 ,FR: +42.362, +37.165, +40.630, HL: 51.024, +40.630, +61.417, HR: +51.024, +40.630, +52.756 Max HL-Knee = +61.417 Min FL-HipY = +37.165 
[2025-06-12 18:09:38.490.646] [INFO  ] [Controller] [Joints] FL: +44.094, +37.165, +44.094 ,FR: +42.362, +37.165, +40.630, HL: 51.024, +40.630, +61.417, HR: +51.024, +40.630, +52.756 Max HL-Knee = +61.417 Min FL-HipY = +37.165 
[2025-06-12 18:09:38.886.752] [INFO  ] [Battery] SoC = 69%, Volt = +30.700V, Temp 30 
[2025-06-12 18:09:40.990.644] [INFO  ] [Controller] [Joints] FL: +44.094, +37.165, +44.094 ,FR: +42.362, +37.165, +40.630, HL: 51.024, +40.630, +61.417, HR: +51.024, +40.630, +52.756 Max HL-Knee = +61.417 Min FL-HipY = +37.165 
[2025-06-12 18:09:43.492.648] [INFO  ] [Controller] [Joints] FL: +44.094, +37.165, +44.094 ,FR: +42.362, +37.165, +40.630, HL: 51.024, +40.630, +61.417, HR: +51.024, +40.630, +52.756 Max HL-Knee = +61.417 Min FL-HipY = +37.165 
[2025-06-12 18:09:43.882.808] [INFO  ] [Battery] SoC = 69%, Volt = +30.700V, Temp 30 
[2025-06-12 18:09:45.992.646] [INFO  ] [Controller] [Joints] FL: +44.094, +37.165, +44.094 ,FR: +42.362, +37.165, +40.630, HL: 51.024, +40.630, +61.417, HR: +51.024, +40.630, +52.756 Max HL-Knee = +61.417 Min FL-HipY = +37.165 
[2025-06-12 18:09:48.492.652] [INFO  ] [Controller] [Joints] FL: +44.094, +37.165, +44.094 ,FR: +42.362, +37.165, +40.630, HL: 51.024, +40.630, +61.417, HR: +51.024, +40.630, +52.756 Max HL-Knee = +61.417 Min FL-HipY = +37.165 
[2025-06-12 18:09:48.878.818] [INFO  ] [Battery] SoC = 69%, Volt = +30.700V, Temp 30 
[2025-06-12 18:09:50.992.646] [INFO  ] [Controller] [Joints] FL: +44.094, +37.165, +44.094 ,FR: +42.362, +37.165, +40.630, HL: 51.024, +40.630, +61.417, HR: +51.024, +40.630, +52.756 Max HL-Knee = +61.417 Min FL-HipY = +37.165 
[2025-06-12 18:09:53.492.644] [INFO  ] [Controller] [Joints] FL: +44.094, +37.165, +44.094 ,FR: +42.362, +37.165, +40.630, HL: 51.024, +40.630, +61.417, HR: +51.024, +40.630, +52.756 Max HL-Knee = +61.417 Min FL-HipY = +37.165 
[2025-06-12 18:09:53.874.836] [INFO  ] [Battery] SoC = 69%, Volt = +30.700V, Temp 30 
[2025-06-12 18:09:55.992.646] [INFO  ] [Controller] [Joints] FL: +44.094, +37.165, +44.094 ,FR: +42.362, +37.165, +40.630, HL: 51.024, +40.630, +61.417, HR: +51.024, +40.630, +52.756 Max HL-Knee = +61.417 Min FL-HipY = +37.165 
[2025-06-12 18:09:58.492.652] [INFO  ] [Controller] [Joints] FL: +44.094, +37.165, +45.827 ,FR: +42.362, +37.165, +40.630, HL: 51.024, +40.630, +61.417, HR: +51.024, +40.630, +52.756 Max HL-Knee = +61.417 Min FL-HipY = +37.165 
[2025-06-12 18:09:58.870.955] [INFO  ] [Battery] SoC = 69%, Volt = +30.700V, Temp 30 
[2025-06-12 18:10:00.992.645] [INFO  ] [Controller] [Joints] FL: +44.094, +37.165, +45.827 ,FR: +42.362, +37.165, +40.630, HL: 51.024, +40.630, +63.150, HR: +51.024, +40.630, +52.756 Max HL-Knee = +63.150 Min FL-HipY = +37.165 
[2025-06-12 18:10:03.492.643] [INFO  ] [Controller] [Joints] FL: +44.094, +37.165, +45.827 ,FR: +42.362, +37.165, +40.630, HL: 51.024, +40.630, +63.150, HR: +51.024, +40.630, +52.756 Max HL-Knee = +63.150 Min FL-HipY = +37.165 
[2025-06-12 18:10:03.866.956] [INFO  ] [Battery] SoC = 69%, Volt = +30.600V, Temp 30 
[2025-06-12 18:10:05.993.653] [INFO  ] [Controller] [Joints] FL: +42.362, +37.165, +45.827 ,FR: +42.362, +37.165, +40.630, HL: 51.024, +40.630, +63.150, HR: +51.024, +40.630, +52.756 Max HL-Knee = +63.150 Min FL-HipY = +37.165 
[2025-06-12 18:10:08.494.648] [INFO  ] [Controller] [Joints] FL: +42.362, +37.165, +45.827 ,FR: +42.362, +37.165, +38.898, HL: 51.024, +40.630, +63.150, HR: +51.024, +40.630, +52.756 Max HL-Knee = +63.150 Min FL-HipY = +37.165 
[2025-06-12 18:10:08.862.953] [INFO  ] [Battery] SoC = 69%, Volt = +30.600V, Temp 30 
[2025-06-12 18:10:10.994.647] [INFO  ] [Controller] [Joints] FL: +42.362, +37.165, +45.827 ,FR: +42.362, +37.165, +38.898, HL: 51.024, +40.630, +63.150, HR: +51.024, +40.630, +52.756 Max HL-Knee = +63.150 Min FL-HipY = +37.165 
[2025-06-12 18:10:13.494.645] [INFO  ] [Controller] [Joints] FL: +42.362, +37.165, +45.827 ,FR: +42.362, +37.165, +38.898, HL: 51.024, +40.630, +63.150, HR: +51.024, +40.630, +52.756 Max HL-Knee = +63.150 Min FL-HipY = +37.165 
[2025-06-12 18:10:13.858.860] [INFO  ] [Battery] SoC = 68%, Volt = +30.600V, Temp 30 
[2025-06-12 18:10:15.994.650] [INFO  ] [Controller] [Joints] FL: +42.362, +37.165, +45.827 ,FR: +42.362, +37.165, +38.898, HL: 51.024, +40.630, +63.150, HR: +51.024, +40.630, +52.756 Max HL-Knee = +63.150 Min FL-HipY = +37.165 
[2025-06-12 18:10:18.494.652] [INFO  ] [Controller] [Joints] FL: +42.362, +37.165, +45.827 ,FR: +42.362, +37.165, +38.898, HL: 52.756, +40.630, +63.150, HR: +51.024, +40.630, +52.756 Max HL-Knee = +63.150 Min FL-HipY = +37.165 
[2025-06-12 18:10:18.854.870] [INFO  ] [Battery] SoC = 68%, Volt = +30.600V, Temp 30 
[2025-06-12 18:10:20.994.659] [INFO  ] [Controller] [Joints] FL: +42.362, +37.165, +45.827 ,FR: +42.362, +37.165, +38.898, HL: 52.756, +40.630, +61.417, HR: +51.024, +40.630, +52.756 Max HL-Knee = +61.417 Min FL-HipY = +37.165 
[2025-06-12 18:10:23.494.650] [INFO  ] [Controller] [Joints] FL: +42.362, +37.165, +45.827 ,FR: +42.362, +37.165, +38.898, HL: 52.756, +40.630, +61.417, HR: +51.024, +40.630, +52.756 Max HL-Knee = +61.417 Min FL-HipY = +37.165 
[2025-06-12 18:10:23.851.028] [INFO  ] [Battery] SoC = 68%, Volt = +30.600V, Temp 31 
[2025-06-12 18:10:25.994.644] [INFO  ] [Controller] [Joints] FL: +42.362, +37.165, +45.827 ,FR: +42.362, +37.165, +38.898, HL: 52.756, +40.630, +61.417, HR: +51.024, +40.630, +54.488 Max HL-Knee = +61.417 Min FL-HipY = +37.165 
[2025-06-12 18:10:28.494.645] [INFO  ] [Controller] [Joints] FL: +42.362, +37.165, +45.827 ,FR: +42.362, +37.165, +38.898, HL: 52.756, +40.630, +59.685, HR: +51.024, +40.630, +54.488 Max HL-Knee = +59.685 Min FL-HipY = +37.165 
[2025-06-12 18:10:28.847.252] [INFO  ] [Battery] SoC = 68%, Volt = +30.600V, Temp 31 
[2025-06-12 18:10:30.994.648] [INFO  ] [Controller] [Joints] FL: +42.362, +37.165, +45.827 ,FR: +42.362, +37.165, +38.898, HL: 52.756, +40.630, +59.685, HR: +51.024, +40.630, +54.488 Max HL-Knee = +59.685 Min FL-HipY = +37.165 
[2025-06-12 18:10:33.494.644] [INFO  ] [Controller] [Joints] FL: +42.362, +37.165, +45.827 ,FR: +42.362, +37.165, +38.898, HL: 52.756, +40.630, +57.953, HR: +51.024, +40.630, +56.220 Max HL-Knee = +57.953 Min FL-HipY = +37.165 
[2025-06-12 18:10:33.843.432] [INFO  ] [Battery] SoC = 68%, Volt = +30.600V, Temp 31 
[2025-06-12 18:10:35.994.647] [INFO  ] [Controller] [Joints] FL: +42.362, +37.165, +45.827 ,FR: +42.362, +37.165, +38.898, HL: 52.756, +40.630, +57.953, HR: +51.024, +40.630, +56.220 Max HL-Knee = +57.953 Min FL-HipY = +37.165 
[2025-06-12 18:10:38.494.653] [INFO  ] [Controller] [Joints] FL: +42.362, +37.165, +45.827 ,FR: +42.362, +37.165, +38.898, HL: 52.756, +40.630, +57.953, HR: +51.024, +40.630, +56.220 Max HL-Knee = +57.953 Min FL-HipY = +37.165 
[2025-06-12 18:10:38.839.736] [INFO  ] [Battery] SoC = 68%, Volt = +30.600V, Temp 31 
[2025-06-12 18:10:40.994.649] [INFO  ] [Controller] [Joints] FL: +42.362, +37.165, +45.827 ,FR: +42.362, +37.165, +38.898, HL: 52.756, +40.630, +56.220, HR: +51.024, +40.630, +56.220 Max HL-Knee = +56.220 Min FL-HipY = +37.165 
[2025-06-12 18:10:43.494.650] [INFO  ] [Controller] [Joints] FL: +42.362, +37.165, +45.827 ,FR: +42.362, +37.165, +38.898, HL: 52.756, +40.630, +56.220, HR: +51.024, +40.630, +56.220 Max HL-Knee = +56.220 Min FL-HipY = +37.165 
[2025-06-12 18:10:43.836.128] [INFO  ] [Battery] SoC = 68%, Volt = +30.600V, Temp 31 
[2025-06-12 18:10:45.994.645] [INFO  ] [Controller] [Joints] FL: +42.362, +37.165, +45.827 ,FR: +42.362, +37.165, +38.898, HL: 52.756, +40.630, +56.220, HR: +51.024, +40.630, +57.953 Max HR-Knee = +57.953 Min FL-HipY = +37.165 
[2025-06-12 18:10:48.494.647] [INFO  ] [Controller] [Joints] FL: +42.362, +37.165, +45.827 ,FR: +42.362, +37.165, +38.898, HL: 52.756, +40.630, +56.220, HR: +51.024, +40.630, +57.953 Max HR-Knee = +57.953 Min FL-HipY = +37.165 
[2025-06-12 18:10:48.832.489] [INFO  ] [Battery] SoC = 68%, Volt = +30.600V, Temp 31 
[2025-06-12 18:10:50.994.645] [INFO  ] [Controller] [Joints] FL: +42.362, +37.165, +45.827 ,FR: +42.362, +37.165, +38.898, HL: 52.756, +40.630, +54.488, HR: +51.024, +40.630, +57.953 Max HR-Knee = +57.953 Min FL-HipY = +37.165 
[2025-06-12 18:10:53.494.645] [INFO  ] [Controller] [Joints] FL: +42.362, +37.165, +45.827 ,FR: +42.362, +38.898, +38.898, HL: 52.756, +40.630, +54.488, HR: +51.024, +40.630, +57.953 Max HR-Knee = +57.953 Min FL-HipY = +37.165 
[2025-06-12 18:10:53.828.777] [INFO  ] [Battery] SoC = 68%, Volt = +30.600V, Temp 31 
[2025-06-12 18:10:55.994.643] [INFO  ] [Controller] [Joints] FL: +42.362, +37.165, +45.827 ,FR: +42.362, +38.898, +38.898, HL: 52.756, +40.630, +54.488, HR: +51.024, +40.630, +57.953 Max HR-Knee = +57.953 Min FL-HipY = +37.165 
[2025-06-12 18:10:58.492.655] [INFO  ] [TVMPC] JY is Moving... (tvmpc),  time: 2233.373339 
[2025-06-12 18:10:58.497.640] [INFO  ] [Controller] [Joints] FL: +42.362, +37.165, +45.827 ,FR: +42.362, +38.898, +38.898, HL: 52.756, +40.630, +54.488, HR: +51.024, +40.630, +57.953 Max HR-Knee = +57.953 Min FL-HipY = +37.165 
[2025-06-12 18:10:58.825.126] [INFO  ] [Battery] SoC = 68%, Volt = +30.400V, Temp 31 
[2025-06-12 18:11:00.997.642] [INFO  ] [Controller] [Joints] FL: +42.362, +37.165, +45.827 ,FR: +42.362, +38.898, +40.630, HL: 52.756, +40.630, +54.488, HR: +51.024, +40.630, +57.953 Max HR-Knee = +57.953 Min FL-HipY = +37.165 
[2025-06-12 18:11:03.499.635] [INFO  ] [Controller] [Joints] FL: +42.362, +37.165, +45.827 ,FR: +42.362, +38.898, +40.630, HL: 52.756, +40.630, +54.488, HR: +51.024, +40.630, +57.953 Max HR-Knee = +57.953 Min FL-HipY = +37.165 
[2025-06-12 18:11:03.821.317] [INFO  ] [Battery] SoC = 68%, Volt = +30.500V, Temp 31 
[2025-06-12 18:11:05.999.641] [INFO  ] [Controller] [Joints] FL: +42.362, +37.165, +45.827 ,FR: +42.362, +38.898, +40.630, HL: 52.756, +40.630, +54.488, HR: +51.024, +40.630, +59.685 Max HR-Knee = +59.685 Min FL-HipY = +37.165 
[2025-06-12 18:11:08.499.650] [INFO  ] [Controller] [Joints] FL: +44.094, +37.165, +45.827 ,FR: +42.362, +38.898, +40.630, HL: 52.756, +40.630, +56.220, HR: +52.756, +40.630, +59.685 Max HR-Knee = +59.685 Min FL-HipY = +37.165 
[2025-06-12 18:11:08.817.486] [INFO  ] [Battery] SoC = 68%, Volt = +30.500V, Temp 31 
[2025-06-12 18:11:09.295.065] [INFO  ] [TVMPC] [trot]STOP!!! 
[2025-06-12 18:11:09.295.627] [INFO  ] [BasicMotion] Switching to force control mode, please wait... 
[2025-06-12 18:11:10.591.655] [INFO  ] [TVMPC] JY is Moving... (tvmpc),  time: 2245.472339 
[2025-06-12 18:11:10.999.639] [INFO  ] [Controller] [Joints] FL: +44.094, +37.165, +45.827 ,FR: +44.094, +38.898, +40.630, HL: 52.756, +40.630, +56.220, HR: +52.756, +40.630, +59.685 Max HR-Knee = +59.685 Min FL-HipY = +37.165 
[2025-06-12 18:11:11.492.044] [INFO  ] [TVMPC] [trot]STOP!!! 
[2025-06-12 18:11:11.492.623] [INFO  ] [BasicMotion] Switching to force control mode, please wait... 
[2025-06-12 18:11:13.499.665] [INFO  ] [Controller] [Joints] FL: +44.094, +37.165, +45.827 ,FR: +44.094, +38.898, +42.362, HL: 52.756, +40.630, +56.220, HR: +52.756, +42.362, +59.685 Max HR-Knee = +59.685 Min FL-HipY = +37.165 
[2025-06-12 18:11:13.813.625] [INFO  ] [Battery] SoC = 67%, Volt = +30.500V, Temp 31 
[2025-06-12 18:11:15.999.645] [INFO  ] [Controller] [Joints] FL: +44.094, +37.165, +45.827 ,FR: +44.094, +37.165, +42.362, HL: 52.756, +40.630, +56.220, HR: +52.756, +42.362, +59.685 Max HR-Knee = +59.685 Min FL-HipY = +37.165 
[2025-06-12 18:11:18.499.646] [INFO  ] [Controller] [Joints] FL: +44.094, +37.165, +45.827 ,FR: +44.094, +37.165, +42.362, HL: 52.756, +40.630, +56.220, HR: +54.488, +40.630, +59.685 Max HR-Knee = +59.685 Min FL-HipY = +37.165 
[2025-06-12 18:11:18.809.686] [INFO  ] [Battery] SoC = 67%, Volt = +30.500V, Temp 31 
[2025-06-12 18:11:20.999.649] [INFO  ] [Controller] [Joints] FL: +44.094, +37.165, +45.827 ,FR: +44.094, +37.165, +42.362, HL: 52.756, +40.630, +56.220, HR: +54.488, +40.630, +59.685 Max HR-Knee = +59.685 Min FL-HipY = +37.165 
[2025-06-12 18:11:23.499.646] [INFO  ] [Controller] [Joints] FL: +44.094, +37.165, +45.827 ,FR: +44.094, +37.165, +42.362, HL: 52.756, +40.630, +56.220, HR: +54.488, +40.630, +59.685 Max HR-Knee = +59.685 Min FL-HipY = +37.165 
[2025-06-12 18:11:23.805.848] [INFO  ] [Battery] SoC = 67%, Volt = +30.500V, Temp 31 
[2025-06-12 18:11:25.999.647] [INFO  ] [Controller] [Joints] FL: +44.094, +37.165, +44.094 ,FR: +44.094, +37.165, +42.362, HL: 52.756, +40.630, +56.220, HR: +54.488, +40.630, +59.685 Max HR-Knee = +59.685 Min FL-HipY = +37.165 
[2025-06-12 18:11:28.499.643] [INFO  ] [Controller] [Joints] FL: +44.094, +37.165, +44.094 ,FR: +44.094, +37.165, +42.362, HL: 52.756, +40.630, +54.488, HR: +56.220, +40.630, +57.953 Max HR-Knee = +57.953 Min FL-HipY = +37.165 
[2025-06-12 18:11:28.802.074] [INFO  ] [Battery] SoC = 67%, Volt = +30.500V, Temp 31 
[2025-06-12 18:11:30.999.644] [INFO  ] [Controller] [Joints] FL: +44.094, +37.165, +44.094 ,FR: +44.094, +37.165, +44.094, HL: 52.756, +40.630, +54.488, HR: +56.220, +40.630, +57.953 Max HR-Knee = +57.953 Min FL-HipY = +37.165 
[2025-06-12 18:11:33.499.644] [INFO  ] [Controller] [Joints] FL: +44.094, +37.165, +44.094 ,FR: +44.094, +37.165, +44.094, HL: 52.756, +40.630, +54.488, HR: +56.220, +40.630, +57.953 Max HR-Knee = +57.953 Min FL-HipY = +37.165 
[2025-06-12 18:11:33.798.324] [INFO  ] [Battery] SoC = 67%, Volt = +30.500V, Temp 31 
[2025-06-12 18:11:35.999.647] [INFO  ] [Controller] [Joints] FL: +44.094, +37.165, +44.094 ,FR: +44.094, +37.165, +44.094, HL: 52.756, +40.630, +54.488, HR: +56.220, +40.630, +57.953 Max HR-Knee = +57.953 Min FL-HipY = +37.165 
[2025-06-12 18:11:38.499.640] [INFO  ] [Controller] [Joints] FL: +44.094, +37.165, +44.094 ,FR: +44.094, +37.165, +44.094, HL: 52.756, +40.630, +52.756, HR: +56.220, +40.630, +57.953 Max HR-Knee = +57.953 Min FL-HipY = +37.165 
[2025-06-12 18:11:38.794.522] [INFO  ] [Battery] SoC = 67%, Volt = +30.500V, Temp 31 
[2025-06-12 18:11:40.999.645] [INFO  ] [Controller] [Joints] FL: +44.094, +37.165, +44.094 ,FR: +44.094, +37.165, +44.094, HL: 51.024, +40.630, +52.756, HR: +56.220, +40.630, +57.953 Max HR-Knee = +57.953 Min FL-HipY = +37.165 
[2025-06-12 18:11:43.499.662] [INFO  ] [Controller] [Joints] FL: +44.094, +37.165, +42.362 ,FR: +45.827, +37.165, +44.094, HL: 51.024, +40.630, +52.756, HR: +57.953, +40.630, +57.953 Max HR-HipX = +57.953 Min FL-HipY = +37.165 
[2025-06-12 18:11:43.790.770] [INFO  ] [Battery] SoC = 67%, Volt = +30.500V, Temp 31 
[2025-06-12 18:11:45.999.645] [INFO  ] [Controller] [Joints] FL: +44.094, +37.165, +42.362 ,FR: +45.827, +37.165, +44.094, HL: 51.024, +40.630, +52.756, HR: +57.953, +40.630, +57.953 Max HR-HipX = +57.953 Min FL-HipY = +37.165 
[2025-06-12 18:11:48.499.646] [INFO  ] [Controller] [Joints] FL: +44.094, +37.165, +42.362 ,FR: +45.827, +37.165, +44.094, HL: 51.024, +40.630, +52.756, HR: +57.953, +40.630, +57.953 Max HR-HipX = +57.953 Min FL-HipY = +37.165 
[2025-06-12 18:11:48.786.928] [INFO  ] [Battery] SoC = 67%, Volt = +30.500V, Temp 31 
[2025-06-12 18:11:50.999.645] [INFO  ] [Controller] [Joints] FL: +44.094, +37.165, +42.362 ,FR: +45.827, +37.165, +44.094, HL: 51.024, +40.630, +52.756, HR: +57.953, +40.630, +57.953 Max HR-HipX = +57.953 Min FL-HipY = +37.165 
[2025-06-12 18:11:53.499.646] [INFO  ] [Controller] [Joints] FL: +44.094, +37.165, +42.362 ,FR: +45.827, +37.165, +44.094, HL: 51.024, +40.630, +52.756, HR: +57.953, +40.630, +57.953 Max HR-HipX = +57.953 Min FL-HipY = +37.165 
[2025-06-12 18:11:53.783.065] [INFO  ] [Battery] SoC = 67%, Volt = +30.500V, Temp 31 
[2025-06-12 18:11:55.999.646] [INFO  ] [Controller] [Joints] FL: +44.094, +37.165, +42.362 ,FR: +45.827, +37.165, +44.094, HL: 51.024, +40.630, +52.756, HR: +57.953, +40.630, +57.953 Max HR-HipX = +57.953 Min FL-HipY = +37.165 
[2025-06-12 18:11:58.499.644] [INFO  ] [Controller] [Joints] FL: +44.094, +37.165, +42.362 ,FR: +45.827, +37.165, +44.094, HL: 51.024, +40.630, +52.756, HR: +57.953, +40.630, +57.953 Max HR-HipX = +57.953 Min FL-HipY = +37.165 
[2025-06-12 18:11:58.779.246] [INFO  ] [Battery] SoC = 67%, Volt = +30.500V, Temp 31 
[2025-06-12 18:12:00.999.647] [INFO  ] [Controller] [Joints] FL: +44.094, +37.165, +42.362 ,FR: +45.827, +37.165, +44.094, HL: 51.024, +40.630, +52.756, HR: +57.953, +40.630, +57.953 Max HR-HipX = +57.953 Min FL-HipY = +37.165 
[2025-06-12 18:12:03.499.646] [INFO  ] [Controller] [Joints] FL: +44.094, +37.165, +42.362 ,FR: +45.827, +37.165, +45.827, HL: 51.024, +40.630, +52.756, HR: +57.953, +40.630, +57.953 Max HR-HipX = +57.953 Min FL-HipY = +37.165 
[2025-06-12 18:12:03.775.497] [INFO  ] [Battery] SoC = 67%, Volt = +30.500V, Temp 31 
[2025-06-12 18:12:05.999.648] [INFO  ] [Controller] [Joints] FL: +44.094, +37.165, +42.362 ,FR: +45.827, +37.165, +45.827, HL: 51.024, +40.630, +52.756, HR: +57.953, +40.630, +57.953 Max HR-HipX = +57.953 Min FL-HipY = +37.165 
[2025-06-12 18:12:08.499.646] [INFO  ] [Controller] [Joints] FL: +44.094, +37.165, +42.362 ,FR: +45.827, +37.165, +45.827, HL: 51.024, +40.630, +52.756, HR: +57.953, +40.630, +57.953 Max HR-HipX = +57.953 Min FL-HipY = +37.165 
[2025-06-12 18:12:08.771.687] [INFO  ] [Battery] SoC = 67%, Volt = +30.500V, Temp 31 
[2025-06-12 18:12:10.999.645] [INFO  ] [Controller] [Joints] FL: +44.094, +37.165, +42.362 ,FR: +45.827, +37.165, +45.827, HL: 51.024, +40.630, +51.024, HR: +57.953, +40.630, +57.953 Max HR-HipX = +57.953 Min FL-HipY = +37.165 
[2025-06-12 18:12:13.499.647] [INFO  ] [Controller] [Joints] FL: +44.094, +37.165, +42.362 ,FR: +45.827, +37.165, +45.827, HL: 51.024, +40.630, +51.024, HR: +57.953, +40.630, +57.953 Max HR-HipX = +57.953 Min FL-HipY = +37.165 
[2025-06-12 18:12:13.767.881] [INFO  ] [Battery] SoC = 67%, Volt = +30.500V, Temp 31 
[2025-06-12 18:12:15.999.645] [INFO  ] [Controller] [Joints] FL: +44.094, +37.165, +42.362 ,FR: +45.827, +37.165, +45.827, HL: 51.024, +40.630, +51.024, HR: +59.685, +40.630, +57.953 Max HR-HipX = +59.685 Min FL-HipY = +37.165 
[2025-06-12 18:12:18.499.647] [INFO  ] [Controller] [Joints] FL: +44.094, +37.165, +42.362 ,FR: +45.827, +37.165, +45.827, HL: 51.024, +40.630, +51.024, HR: +59.685, +40.630, +57.953 Max HR-HipX = +59.685 Min FL-HipY = +37.165 
[2025-06-12 18:12:18.764.048] [INFO  ] [Battery] SoC = 67%, Volt = +30.500V, Temp 31 
[2025-06-12 18:12:20.999.647] [INFO  ] [Controller] [Joints] FL: +44.094, +37.165, +42.362 ,FR: +45.827, +37.165, +45.827, HL: 51.024, +40.630, +51.024, HR: +59.685, +40.630, +57.953 Max HR-HipX = +59.685 Min FL-HipY = +37.165 
[2025-06-12 18:12:23.499.644] [INFO  ] [Controller] [Joints] FL: +44.094, +37.165, +42.362 ,FR: +45.827, +37.165, +45.827, HL: 51.024, +40.630, +51.024, HR: +59.685, +40.630, +57.953 Max HR-HipX = +59.685 Min FL-HipY = +37.165 
[2025-06-12 18:12:23.760.282] [INFO  ] [Battery] SoC = 66%, Volt = +30.500V, Temp 31 
[2025-06-12 18:12:25.999.644] [INFO  ] [Controller] [Joints] FL: +45.827, +37.165, +42.362 ,FR: +45.827, +37.165, +45.827, HL: 51.024, +40.630, +51.024, HR: +59.685, +40.630, +57.953 Max HR-HipX = +59.685 Min FL-HipY = +37.165 
[2025-06-12 18:12:28.499.641] [INFO  ] [Controller] [Joints] FL: +44.094, +37.165, +42.362 ,FR: +45.827, +37.165, +45.827, HL: 51.024, +40.630, +51.024, HR: +59.685, +40.630, +57.953 Max HR-HipX = +59.685 Min FL-HipY = +37.165 
[2025-06-12 18:12:28.756.473] [INFO  ] [Battery] SoC = 66%, Volt = +30.500V, Temp 31 
[2025-06-12 18:12:30.999.646] [INFO  ] [Controller] [Joints] FL: +45.827, +37.165, +40.630 ,FR: +45.827, +37.165, +45.827, HL: 51.024, +40.630, +51.024, HR: +59.685, +40.630, +57.953 Max HR-HipX = +59.685 Min FL-HipY = +37.165 
[2025-06-12 18:12:33.499.647] [INFO  ] [Controller] [Joints] FL: +45.827, +37.165, +40.630 ,FR: +45.827, +37.165, +45.827, HL: 51.024, +40.630, +51.024, HR: +59.685, +40.630, +57.953 Max HR-HipX = +59.685 Min FL-HipY = +37.165 
[2025-06-12 18:12:33.752.698] [INFO  ] [Battery] SoC = 66%, Volt = +30.500V, Temp 31 
[2025-06-12 18:12:35.999.646] [INFO  ] [Controller] [Joints] FL: +45.827, +37.165, +40.630 ,FR: +45.827, +37.165, +45.827, HL: 51.024, +40.630, +51.024, HR: +59.685, +40.630, +57.953 Max HR-HipX = +59.685 Min FL-HipY = +37.165 
[2025-06-12 18:12:38.499.645] [INFO  ] [Controller] [Joints] FL: +45.827, +37.165, +40.630 ,FR: +45.827, +37.165, +45.827, HL: 51.024, +40.630, +51.024, HR: +59.685, +40.630, +57.953 Max HR-HipX = +59.685 Min FL-HipY = +37.165 
[2025-06-12 18:12:38.748.758] [INFO  ] [Battery] SoC = 66%, Volt = +30.500V, Temp 31 
[2025-06-12 18:12:40.999.654] [INFO  ] [Controller] [Joints] FL: +45.827, +37.165, +40.630 ,FR: +45.827, +37.165, +45.827, HL: 51.024, +40.630, +51.024, HR: +59.685, +40.630, +57.953 Max HR-HipX = +59.685 Min FL-HipY = +37.165 
[2025-06-12 18:12:43.499.647] [INFO  ] [Controller] [Joints] FL: +45.827, +37.165, +40.630 ,FR: +45.827, +37.165, +45.827, HL: 51.024, +40.630, +51.024, HR: +59.685, +40.630, +57.953 Max HR-HipX = +59.685 Min FL-HipY = +37.165 
[2025-06-12 18:12:43.744.879] [INFO  ] [Battery] SoC = 66%, Volt = +30.500V, Temp 31 
[2025-06-12 18:12:45.999.647] [INFO  ] [Controller] [Joints] FL: +45.827, +37.165, +40.630 ,FR: +45.827, +38.898, +45.827, HL: 51.024, +40.630, +51.024, HR: +59.685, +40.630, +57.953 Max HR-HipX = +59.685 Min FL-HipY = +37.165 
[2025-06-12 18:12:47.539.626] [INFO  ] [Controller] AutoStop ... 
[2025-06-12 18:12:47.640.626] [INFO  ] [Controller] Switch to Twist Body Mode!!! 
[2025-06-12 18:12:47.740.635] [INFO  ] [Controller] Switch to Twist Body Mode!!! 
[2025-06-12 18:12:47.840.626] [INFO  ] [Controller] Switch to Twist Body Mode!!! 
[2025-06-12 18:12:47.941.628] [INFO  ] [Controller] Switch to Twist Body Mode!!! 
[2025-06-12 18:12:48.041.626] [INFO  ] [Controller] Switch to Twist Body Mode!!! 
[2025-06-12 18:12:48.141.627] [INFO  ] [Controller] Switch to Twist Body Mode!!! 
[2025-06-12 18:12:48.241.626] [INFO  ] [Controller] Switch to Twist Body Mode!!! 
[2025-06-12 18:12:48.341.627] [INFO  ] [Controller] Switch to Twist Body Mode!!! 
[2025-06-12 18:12:48.441.634] [INFO  ] [Controller] Switch to Twist Body Mode!!! 
[2025-06-12 18:12:48.499.644] [INFO  ] [Controller] [Joints] FL: +45.827, +37.165, +40.630 ,FR: +45.827, +37.165, +45.827, HL: 51.024, +40.630, +51.024, HR: +59.685, +40.630, +57.953 Max HR-HipX = +59.685 Min FL-HipY = +37.165 
[2025-06-12 18:12:48.541.623] [INFO  ] [Controller] Switch to Twist Body Mode!!! 
[2025-06-12 18:12:48.741.008] [INFO  ] [Battery] SoC = 66%, Volt = +30.400V, Temp 31 
[2025-06-12 18:12:51.000.643] [INFO  ] [Controller] [Joints] FL: +45.827, +37.165, +40.630 ,FR: +45.827, +38.898, +45.827, HL: 51.024, +40.630, +51.024, HR: +59.685, +40.630, +57.953 Max HR-HipX = +59.685 Min FL-HipY = +37.165 
[2025-06-12 18:12:53.152.626] [INFO  ] [Controller] KeepRun ... 
[2025-06-12 18:12:53.153.656] [INFO  ] [TVMPC] JY is Moving... (tvmpc),  time: 2348.034339 
[2025-06-12 18:12:53.252.631] [INFO  ] [Controller] KeepRun ... 
[2025-06-12 18:12:53.352.628] [INFO  ] [Controller] KeepRun ... 
[2025-06-12 18:12:53.452.628] [INFO  ] [Controller] KeepRun ... 
[2025-06-12 18:12:53.500.644] [INFO  ] [Controller] [Joints] FL: +45.827, +37.165, +40.630 ,FR: +45.827, +38.898, +45.827, HL: 51.024, +40.630, +52.756, HR: +59.685, +42.362, +57.953 Max HR-HipX = +59.685 Min FL-HipY = +37.165 
[2025-06-12 18:12:53.552.629] [INFO  ] [Controller] KeepRun ... 
[2025-06-12 18:12:53.653.624] [INFO  ] [Controller] KeepRun ... 
[2025-06-12 18:12:53.737.214] [INFO  ] [Battery] SoC = 66%, Volt = +30.300V, Temp 31 
[2025-06-12 18:12:53.753.623] [INFO  ] [Controller] KeepRun ... 
[2025-06-12 18:12:53.853.627] [INFO  ] [Controller] KeepRun ... 
[2025-06-12 18:12:53.953.626] [INFO  ] [Controller] KeepRun ... 
[2025-06-12 18:12:54.053.628] [INFO  ] [Controller] KeepRun ... 
[2025-06-12 18:12:54.153.626] [INFO  ] [Controller] KeepRun ... 
[2025-06-12 18:12:54.253.904] [INFO  ] [Controller] KeepRun ... 
[2025-06-12 18:12:54.353.624] [INFO  ] [Controller] KeepRun ... 
[2025-06-12 18:12:54.453.951] [INFO  ] [Controller] KeepRun ... 
[2025-06-12 18:12:54.554.625] [INFO  ] [Controller] KeepRun ... 
[2025-06-12 18:12:54.654.626] [INFO  ] [Controller] KeepRun ... 
[2025-06-12 18:12:54.754.626] [INFO  ] [Controller] KeepRun ... 
[2025-06-12 18:12:54.854.624] [INFO  ] [Controller] KeepRun ... 
[2025-06-12 18:12:54.954.623] [INFO  ] [Controller] KeepRun ... 
[2025-06-12 18:12:55.054.625] [INFO  ] [Controller] KeepRun ... 
[2025-06-12 18:12:55.154.626] [INFO  ] [Controller] KeepRun ... 
[2025-06-12 18:12:56.000.640] [INFO  ] [Controller] [Joints] FL: +45.827, +37.165, +42.362 ,FR: +45.827, +38.898, +45.827, HL: 51.024, +40.630, +52.756, HR: +59.685, +42.362, +57.953 Max HR-HipX = +59.685 Min FL-HipY = +37.165 
[2025-06-12 18:12:57.340.625] [INFO  ] [Controller] AutoStop ... 
[2025-06-12 18:12:57.654.057] [INFO  ] [TVMPC] [trot]STOP!!! 
[2025-06-12 18:12:57.654.624] [INFO  ] [BasicMotion] Switching to force control mode, please wait... 
[2025-06-12 18:12:58.500.646] [INFO  ] [Controller] [Joints] FL: +45.827, +37.165, +42.362 ,FR: +45.827, +38.898, +45.827, HL: 51.024, +40.630, +52.756, HR: +57.953, +42.362, +59.685 Max HR-Knee = +59.685 Min FL-HipY = +37.165 
[2025-06-12 18:12:58.733.380] [INFO  ] [Battery] SoC = 66%, Volt = +30.400V, Temp 31 
[2025-06-12 18:13:00.973.627] [INFO  ] [Controller] Switch to Move Mode!!! 
[2025-06-12 18:13:01.000.636] [INFO  ] [Controller] [Joints] FL: +45.827, +37.165, +42.362 ,FR: +45.827, +38.898, +45.827, HL: 52.756, +40.630, +52.756, HR: +57.953, +42.362, +59.685 Max HR-Knee = +59.685 Min FL-HipY = +37.165 
[2025-06-12 18:13:01.911.656] [INFO  ] [TVMPC] JY is Moving... (tvmpc),  time: 2356.792339 
[2025-06-12 18:13:03.500.639] [INFO  ] [Controller] [Joints] FL: +45.827, +37.165, +42.362 ,FR: +45.827, +38.898, +45.827, HL: 52.756, +40.630, +54.488, HR: +57.953, +42.362, +59.685 Max HR-Knee = +59.685 Min FL-HipY = +37.165 
[2025-06-12 18:13:03.729.435] [INFO  ] [Battery] SoC = 66%, Volt = +30.400V, Temp 31 
[2025-06-12 18:13:06.000.648] [INFO  ] [Controller] [Joints] FL: +45.827, +37.165, +42.362 ,FR: +45.827, +38.898, +45.827, HL: 52.756, +40.630, +54.488, HR: +57.953, +42.362, +59.685 Max HR-Knee = +59.685 Min FL-HipY = +37.165 
[2025-06-12 18:13:08.500.645] [INFO  ] [Controller] [Joints] FL: +45.827, +37.165, +44.094 ,FR: +45.827, +38.898, +45.827, HL: 52.756, +40.630, +54.488, HR: +57.953, +42.362, +59.685 Max HR-Knee = +59.685 Min FL-HipY = +37.165 
[2025-06-12 18:13:08.725.658] [INFO  ] [Battery] SoC = 66%, Volt = +30.300V, Temp 31 
[2025-06-12 18:13:10.012.884] [INFO  ] [TVMPC] [trot]STOP!!! 
[2025-06-12 18:13:10.012.937] [INFO  ] [BasicMotion] Switching to force control mode, please wait... 
[2025-06-12 18:13:11.000.646] [INFO  ] [Controller] [Joints] FL: +45.827, +37.165, +44.094 ,FR: +45.827, +38.898, +47.559, HL: 52.756, +42.362, +54.488, HR: +57.953, +42.362, +59.685 Max HR-Knee = +59.685 Min FL-HipY = +37.165 
[2025-06-12 18:13:11.014.645] [INFO  ] [TVMPC] JY is Moving... (tvmpc),  time: 2365.895338 
[2025-06-12 18:13:12.815.037] [INFO  ] [TVMPC] [trot]STOP!!! 
[2025-06-12 18:13:12.815.624] [INFO  ] [BasicMotion] Switching to force control mode, please wait... 
[2025-06-12 18:13:13.500.648] [INFO  ] [Controller] [Joints] FL: +45.827, +37.165, +44.094 ,FR: +45.827, +38.898, +47.559, HL: 52.756, +42.362, +56.220, HR: +57.953, +42.362, +59.685 Max HR-Knee = +59.685 Min FL-HipY = +37.165 
[2025-06-12 18:13:13.721.741] [INFO  ] [Battery] SoC = 66%, Volt = +30.400V, Temp 31 
[2025-06-12 18:13:13.817.655] [INFO  ] [TVMPC] JY is Moving... (tvmpc),  time: 2368.698338 
[2025-06-12 18:13:16.000.640] [INFO  ] [Controller] [Joints] FL: +45.827, +38.898, +45.827 ,FR: +45.827, +38.898, +47.559, HL: 52.756, +42.362, +56.220, HR: +57.953, +42.362, +61.417 Max HR-Knee = +61.417 Min FL-HipY = +38.898 
[2025-06-12 18:13:16.518.055] [INFO  ] [TVMPC] [trot]STOP!!! 
[2025-06-12 18:13:16.518.623] [INFO  ] [BasicMotion] Switching to force control mode, please wait... 
[2025-06-12 18:13:17.520.656] [INFO  ] [TVMPC] JY is Moving... (tvmpc),  time: 2372.401339 
[2025-06-12 18:13:18.500.639] [INFO  ] [Controller] [Joints] FL: +45.827, +38.898, +45.827 ,FR: +45.827, +38.898, +47.559, HL: 52.756, +42.362, +56.220, HR: +57.953, +42.362, +61.417 Max HR-Knee = +61.417 Min FL-HipY = +38.898 
[2025-06-12 18:13:18.717.678] [INFO  ] [Battery] SoC = 65%, Volt = +30.300V, Temp 31 
[2025-06-12 18:13:21.000.638] [INFO  ] [Controller] [Joints] FL: +45.827, +38.898, +45.827 ,FR: +45.827, +38.898, +47.559, HL: 52.756, +42.362, +57.953, HR: +57.953, +42.362, +61.417 Max HR-Knee = +61.417 Min FL-HipY = +38.898 
[2025-06-12 18:13:22.021.045] [INFO  ] [TVMPC] [trot]STOP!!! 
[2025-06-12 18:13:22.021.850] [INFO  ] [BasicMotion] Switching to force control mode, please wait... 
[2025-06-12 18:13:23.500.645] [INFO  ] [Controller] [Joints] FL: +45.827, +38.898, +45.827 ,FR: +45.827, +38.898, +47.559, HL: 52.756, +42.362, +57.953, HR: +57.953, +42.362, +63.150 Max HR-Knee = +63.150 Min FL-HipY = +38.898 
[2025-06-12 18:13:23.713.689] [INFO  ] [Battery] SoC = 65%, Volt = +30.400V, Temp 31 
[2025-06-12 18:13:26.001.646] [INFO  ] [Controller] [Joints] FL: +47.559, +38.898, +45.827 ,FR: +45.827, +38.898, +47.559, HL: 52.756, +42.362, +57.953, HR: +56.220, +42.362, +63.150 Max HR-Knee = +63.150 Min FL-HipY = +38.898 
[2025-06-12 18:13:28.501.647] [INFO  ] [Controller] [Joints] FL: +47.559, +38.898, +45.827 ,FR: +45.827, +38.898, +47.559, HL: 54.488, +42.362, +57.953, HR: +57.953, +42.362, +61.417 Max HR-Knee = +61.417 Min FL-HipY = +38.898 
[2025-06-12 18:13:28.709.835] [INFO  ] [Battery] SoC = 65%, Volt = +30.400V, Temp 31 
[2025-06-12 18:13:31.001.651] [INFO  ] [Controller] [Joints] FL: +47.559, +38.898, +45.827 ,FR: +45.827, +38.898, +45.827, HL: 54.488, +42.362, +57.953, HR: +57.953, +42.362, +61.417 Max HR-Knee = +61.417 Min FL-HipY = +38.898 
[2025-06-12 18:13:33.501.647] [INFO  ] [Controller] [Joints] FL: +47.559, +38.898, +45.827 ,FR: +45.827, +38.898, +45.827, HL: 54.488, +42.362, +57.953, HR: +57.953, +42.362, +61.417 Max HR-Knee = +61.417 Min FL-HipY = +38.898 
[2025-06-12 18:13:33.706.030] [INFO  ] [Battery] SoC = 65%, Volt = +30.400V, Temp 31 
[2025-06-12 18:13:36.001.645] [INFO  ] [Controller] [Joints] FL: +47.559, +38.898, +45.827 ,FR: +45.827, +38.898, +45.827, HL: 54.488, +42.362, +56.220, HR: +57.953, +42.362, +59.685 Max HR-Knee = +59.685 Min FL-HipY = +38.898 
[2025-06-12 18:13:38.501.649] [INFO  ] [Controller] [Joints] FL: +47.559, +38.898, +44.094 ,FR: +45.827, +38.898, +45.827, HL: 54.488, +42.362, +56.220, HR: +57.953, +42.362, +59.685 Max HR-Knee = +59.685 Min FL-HipY = +38.898 
[2025-06-12 18:13:38.702.268] [INFO  ] [Battery] SoC = 65%, Volt = +30.400V, Temp 31 
[2025-06-12 18:13:41.001.646] [INFO  ] [Controller] [Joints] FL: +47.559, +38.898, +44.094 ,FR: +45.827, +38.898, +45.827, HL: 54.488, +42.362, +56.220, HR: +57.953, +42.362, +59.685 Max HR-Knee = +59.685 Min FL-HipY = +38.898 
[2025-06-12 18:13:43.501.652] [INFO  ] [Controller] [Joints] FL: +47.559, +38.898, +44.094 ,FR: +45.827, +38.898, +45.827, HL: 54.488, +42.362, +56.220, HR: +57.953, +42.362, +57.953 Max HR-HipX = +57.953 Min FL-HipY = +38.898 
[2025-06-12 18:13:43.698.554] [INFO  ] [Battery] SoC = 65%, Volt = +30.400V, Temp 31 
[2025-06-12 18:13:46.001.647] [INFO  ] [Controller] [Joints] FL: +47.559, +38.898, +44.094 ,FR: +45.827, +38.898, +45.827, HL: 54.488, +42.362, +56.220, HR: +57.953, +42.362, +57.953 Max HR-HipX = +57.953 Min FL-HipY = +38.898 
[2025-06-12 18:13:48.501.643] [INFO  ] [Controller] [Joints] FL: +45.827, +38.898, +44.094 ,FR: +45.827, +38.898, +45.827, HL: 54.488, +42.362, +56.220, HR: +57.953, +42.362, +57.953 Max HR-HipX = +57.953 Min FL-HipY = +38.898 
[2025-06-12 18:13:48.694.888] [INFO  ] [Battery] SoC = 65%, Volt = +30.400V, Temp 31 
[2025-06-12 18:13:51.001.641] [INFO  ] [Controller] [Joints] FL: +45.827, +38.898, +44.094 ,FR: +45.827, +38.898, +45.827, HL: 54.488, +42.362, +54.488, HR: +57.953, +42.362, +57.953 Max HR-HipX = +57.953 Min FL-HipY = +38.898 
[2025-06-12 18:13:53.501.643] [INFO  ] [Controller] [Joints] FL: +47.559, +38.898, +42.362 ,FR: +45.827, +38.898, +45.827, HL: 54.488, +42.362, +54.488, HR: +57.953, +42.362, +56.220 Max HR-HipX = +57.953 Min FL-HipY = +38.898 
[2025-06-12 18:13:53.691.243] [INFO  ] [Battery] SoC = 65%, Volt = +30.400V, Temp 31 
[2025-06-12 18:13:56.001.655] [INFO  ] [Controller] [Joints] FL: +47.559, +38.898, +42.362 ,FR: +45.827, +38.898, +45.827, HL: 54.488, +42.362, +54.488, HR: +57.953, +42.362, +56.220 Max HR-HipX = +57.953 Min FL-HipY = +38.898 
[2025-06-12 18:13:58.501.646] [INFO  ] [Controller] [Joints] FL: +47.559, +38.898, +42.362 ,FR: +45.827, +38.898, +45.827, HL: 54.488, +42.362, +54.488, HR: +57.953, +42.362, +56.220 Max HR-HipX = +57.953 Min FL-HipY = +38.898 
[2025-06-12 18:13:58.687.513] [INFO  ] [Battery] SoC = 65%, Volt = +30.400V, Temp 31 
[2025-06-12 18:14:01.001.651] [INFO  ] [Controller] [Joints] FL: +47.559, +38.898, +42.362 ,FR: +45.827, +38.898, +45.827, HL: 56.220, +42.362, +54.488, HR: +57.953, +42.362, +56.220 Max HR-HipX = +57.953 Min FL-HipY = +38.898 
[2025-06-12 18:14:03.501.646] [INFO  ] [Controller] [Joints] FL: +47.559, +38.898, +42.362 ,FR: +45.827, +38.898, +45.827, HL: 56.220, +42.362, +54.488, HR: +57.953, +42.362, +56.220 Max HR-HipX = +57.953 Min FL-HipY = +38.898 
[2025-06-12 18:14:03.683.709] [INFO  ] [Battery] SoC = 65%, Volt = +30.300V, Temp 31 
[2025-06-12 18:14:06.001.648] [INFO  ] [Controller] [Joints] FL: +47.559, +38.898, +42.362 ,FR: +45.827, +38.898, +45.827, HL: 56.220, +42.362, +54.488, HR: +57.953, +42.362, +56.220 Max HR-HipX = +57.953 Min FL-HipY = +38.898 
[2025-06-12 18:14:08.501.645] [INFO  ] [Controller] [Joints] FL: +47.559, +38.898, +42.362 ,FR: +45.827, +38.898, +44.094, HL: 56.220, +42.362, +54.488, HR: +57.953, +42.362, +56.220 Max HR-HipX = +57.953 Min FL-HipY = +38.898 
[2025-06-12 18:14:08.680.067] [INFO  ] [Battery] SoC = 65%, Volt = +30.300V, Temp 31 
[2025-06-12 18:14:11.001.646] [INFO  ] [Controller] [Joints] FL: +47.559, +38.898, +42.362 ,FR: +45.827, +38.898, +44.094, HL: 56.220, +42.362, +54.488, HR: +57.953, +42.362, +54.488 Max HR-HipX = +57.953 Min FL-HipY = +38.898 
[2025-06-12 18:14:13.501.646] [INFO  ] [Controller] [Joints] FL: +45.827, +38.898, +42.362 ,FR: +45.827, +38.898, +44.094, HL: 56.220, +42.362, +54.488, HR: +57.953, +42.362, +54.488 Max HR-HipX = +57.953 Min FL-HipY = +38.898 
[2025-06-12 18:14:13.676.215] [INFO  ] [Battery] SoC = 65%, Volt = +30.300V, Temp 31 
[2025-06-12 18:14:16.001.646] [INFO  ] [Controller] [Joints] FL: +45.827, +38.898, +42.362 ,FR: +45.827, +38.898, +44.094, HL: 56.220, +42.362, +54.488, HR: +57.953, +42.362, +54.488 Max HR-HipX = +57.953 Min FL-HipY = +38.898 
[2025-06-12 18:14:18.501.646] [INFO  ] [Controller] [Joints] FL: +45.827, +38.898, +42.362 ,FR: +45.827, +38.898, +44.094, HL: 56.220, +42.362, +54.488, HR: +57.953, +42.362, +54.488 Max HR-HipX = +57.953 Min FL-HipY = +38.898 
[2025-06-12 18:14:18.672.368] [INFO  ] [Battery] SoC = 65%, Volt = +30.300V, Temp 31 
[2025-06-12 18:14:21.001.643] [INFO  ] [Controller] [Joints] FL: +45.827, +38.898, +42.362 ,FR: +45.827, +38.898, +44.094, HL: 56.220, +42.362, +54.488, HR: +57.953, +42.362, +54.488 Max HR-HipX = +57.953 Min FL-HipY = +38.898 
[2025-06-12 18:14:23.501.643] [INFO  ] [Controller] [Joints] FL: +45.827, +38.898, +42.362 ,FR: +44.094, +38.898, +44.094, HL: 56.220, +42.362, +54.488, HR: +59.685, +42.362, +54.488 Max HR-HipX = +59.685 Min FL-HipY = +38.898 
[2025-06-12 18:14:23.668.414] [INFO  ] [Battery] SoC = 65%, Volt = +30.300V, Temp 31 
[2025-06-12 18:14:26.001.646] [INFO  ] [Controller] [Joints] FL: +45.827, +38.898, +40.630 ,FR: +44.094, +38.898, +44.094, HL: 56.220, +42.362, +54.488, HR: +59.685, +42.362, +54.488 Max HR-HipX = +59.685 Min FL-HipY = +38.898 
[2025-06-12 18:14:28.501.646] [INFO  ] [Controller] [Joints] FL: +45.827, +38.898, +40.630 ,FR: +44.094, +38.898, +44.094, HL: 56.220, +42.362, +54.488, HR: +59.685, +42.362, +54.488 Max HR-HipX = +59.685 Min FL-HipY = +38.898 
[2025-06-12 18:14:28.664.447] [INFO  ] [Battery] SoC = 64%, Volt = +30.300V, Temp 31 
[2025-06-12 18:14:31.001.645] [INFO  ] [Controller] [Joints] FL: +45.827, +38.898, +40.630 ,FR: +44.094, +38.898, +44.094, HL: 56.220, +42.362, +54.488, HR: +59.685, +42.362, +54.488 Max HR-HipX = +59.685 Min FL-HipY = +38.898 
[2025-06-12 18:14:33.501.646] [INFO  ] [Controller] [Joints] FL: +47.559, +38.898, +40.630 ,FR: +44.094, +38.898, +44.094, HL: 56.220, +42.362, +54.488, HR: +59.685, +42.362, +54.488 Max HR-HipX = +59.685 Min FL-HipY = +38.898 
[2025-06-12 18:14:33.660.502] [INFO  ] [Battery] SoC = 64%, Volt = +30.300V, Temp 31 
[2025-06-12 18:14:36.001.647] [INFO  ] [Controller] [Joints] FL: +47.559, +38.898, +40.630 ,FR: +44.094, +38.898, +44.094, HL: 56.220, +42.362, +54.488, HR: +59.685, +42.362, +54.488 Max HR-HipX = +59.685 Min FL-HipY = +38.898 
[2025-06-12 18:14:38.501.652] [INFO  ] [Controller] [Joints] FL: +45.827, +38.898, +40.630 ,FR: +44.094, +38.898, +44.094, HL: 56.220, +42.362, +54.488, HR: +59.685, +42.362, +54.488 Max HR-HipX = +59.685 Min FL-HipY = +38.898 
[2025-06-12 18:14:38.656.776] [INFO  ] [Battery] SoC = 64%, Volt = +30.300V, Temp 31 
[2025-06-12 18:14:41.001.647] [INFO  ] [Controller] [Joints] FL: +45.827, +38.898, +40.630 ,FR: +44.094, +38.898, +44.094, HL: 56.220, +42.362, +54.488, HR: +59.685, +42.362, +54.488 Max HR-HipX = +59.685 Min FL-HipY = +38.898 
[2025-06-12 18:14:43.501.647] [INFO  ] [Controller] [Joints] FL: +45.827, +38.898, +40.630 ,FR: +44.094, +38.898, +44.094, HL: 56.220, +42.362, +54.488, HR: +59.685, +42.362, +54.488 Max HR-HipX = +59.685 Min FL-HipY = +38.898 
[2025-06-12 18:14:43.653.004] [INFO  ] [Battery] SoC = 64%, Volt = +30.300V, Temp 31 
[2025-06-12 18:14:46.001.648] [INFO  ] [Controller] [Joints] FL: +45.827, +38.898, +40.630 ,FR: +44.094, +38.898, +44.094, HL: 56.220, +42.362, +54.488, HR: +59.685, +42.362, +54.488 Max HR-HipX = +59.685 Min FL-HipY = +38.898 
[2025-06-12 18:14:48.501.646] [INFO  ] [Controller] [Joints] FL: +45.827, +38.898, +40.630 ,FR: +44.094, +38.898, +44.094, HL: 56.220, +42.362, +54.488, HR: +59.685, +42.362, +54.488 Max HR-HipX = +59.685 Min FL-HipY = +38.898 
[2025-06-12 18:14:48.649.307] [INFO  ] [Battery] SoC = 64%, Volt = +30.300V, Temp 31 
[2025-06-12 18:14:51.001.645] [INFO  ] [Controller] [Joints] FL: +45.827, +38.898, +40.630 ,FR: +44.094, +38.898, +44.094, HL: 56.220, +42.362, +54.488, HR: +59.685, +42.362, +54.488 Max HR-HipX = +59.685 Min FL-HipY = +38.898 
[2025-06-12 18:14:53.501.642] [INFO  ] [Controller] [Joints] FL: +45.827, +38.898, +40.630 ,FR: +44.094, +38.898, +44.094, HL: 56.220, +42.362, +54.488, HR: +59.685, +42.362, +54.488 Max HR-HipX = +59.685 Min FL-HipY = +38.898 
[2025-06-12 18:14:53.645.608] [INFO  ] [Battery] SoC = 64%, Volt = +30.300V, Temp 31 
[2025-06-12 18:14:56.001.656] [INFO  ] [Controller] [Joints] FL: +45.827, +38.898, +40.630 ,FR: +44.094, +38.898, +44.094, HL: 56.220, +42.362, +54.488, HR: +59.685, +42.362, +54.488 Max HR-HipX = +59.685 Min FL-HipY = +38.898 
[2025-06-12 18:14:58.501.647] [INFO  ] [Controller] [Joints] FL: +47.559, +38.898, +40.630 ,FR: +44.094, +38.898, +44.094, HL: 56.220, +42.362, +54.488, HR: +59.685, +42.362, +54.488 Max HR-HipX = +59.685 Min FL-HipY = +38.898 
[2025-06-12 18:14:58.641.891] [INFO  ] [Battery] SoC = 64%, Volt = +30.300V, Temp 31 
[2025-06-12 18:15:01.001.646] [INFO  ] [Controller] [Joints] FL: +47.559, +38.898, +40.630 ,FR: +44.094, +38.898, +44.094, HL: 56.220, +42.362, +54.488, HR: +59.685, +42.362, +54.488 Max HR-HipX = +59.685 Min FL-HipY = +38.898 
[2025-06-12 18:15:03.501.660] [INFO  ] [Controller] [Joints] FL: +45.827, +38.898, +40.630 ,FR: +44.094, +38.898, +44.094, HL: 56.220, +42.362, +54.488, HR: +59.685, +42.362, +54.488 Max HR-HipX = +59.685 Min FL-HipY = +38.898 
[2025-06-12 18:15:03.638.246] [INFO  ] [Battery] SoC = 64%, Volt = +30.300V, Temp 31 
[2025-06-12 18:15:06.001.648] [INFO  ] [Controller] [Joints] FL: +45.827, +38.898, +40.630 ,FR: +44.094, +38.898, +44.094, HL: 56.220, +42.362, +54.488, HR: +59.685, +42.362, +54.488 Max HR-HipX = +59.685 Min FL-HipY = +38.898 
[2025-06-12 18:15:08.501.646] [INFO  ] [Controller] [Joints] FL: +45.827, +38.898, +40.630 ,FR: +44.094, +38.898, +44.094, HL: 56.220, +42.362, +54.488, HR: +59.685, +42.362, +54.488 Max HR-HipX = +59.685 Min FL-HipY = +38.898 
[2025-06-12 18:15:08.634.557] [INFO  ] [Battery] SoC = 64%, Volt = +30.300V, Temp 31 
[2025-06-12 18:15:11.001.649] [INFO  ] [Controller] [Joints] FL: +45.827, +38.898, +40.630 ,FR: +44.094, +38.898, +44.094, HL: 56.220, +42.362, +54.488, HR: +59.685, +42.362, +52.756 Max HR-HipX = +59.685 Min FL-HipY = +38.898 
[2025-06-12 18:15:13.501.646] [INFO  ] [Controller] [Joints] FL: +45.827, +38.898, +40.630 ,FR: +44.094, +38.898, +44.094, HL: 56.220, +42.362, +54.488, HR: +59.685, +42.362, +52.756 Max HR-HipX = +59.685 Min FL-HipY = +38.898 
[2025-06-12 18:15:13.631.022] [INFO  ] [Battery] SoC = 64%, Volt = +30.300V, Temp 31 
[2025-06-12 18:15:16.001.655] [INFO  ] [Controller] [Joints] FL: +45.827, +38.898, +40.630 ,FR: +44.094, +38.898, +44.094, HL: 56.220, +42.362, +54.488, HR: +59.685, +42.362, +52.756 Max HR-HipX = +59.685 Min FL-HipY = +38.898 
[2025-06-12 18:15:18.501.645] [INFO  ] [Controller] [Joints] FL: +45.827, +38.898, +40.630 ,FR: +44.094, +38.898, +44.094, HL: 56.220, +42.362, +54.488, HR: +59.685, +42.362, +52.756 Max HR-HipX = +59.685 Min FL-HipY = +38.898 
[2025-06-12 18:15:18.627.418] [INFO  ] [Battery] SoC = 64%, Volt = +30.300V, Temp 31 
[2025-06-12 18:15:21.001.643] [INFO  ] [Controller] [Joints] FL: +45.827, +38.898, +40.630 ,FR: +44.094, +38.898, +44.094, HL: 56.220, +42.362, +54.488, HR: +59.685, +42.362, +52.756 Max HR-HipX = +59.685 Min FL-HipY = +38.898 
[2025-06-12 18:15:23.501.647] [INFO  ] [Controller] [Joints] FL: +47.559, +38.898, +40.630 ,FR: +44.094, +38.898, +44.094, HL: 56.220, +42.362, +54.488, HR: +59.685, +44.094, +52.756 Max HR-HipX = +59.685 Min FL-HipY = +38.898 
[2025-06-12 18:15:23.623.694] [INFO  ] [Battery] SoC = 64%, Volt = +30.300V, Temp 31 
[2025-06-12 18:15:26.001.647] [INFO  ] [Controller] [Joints] FL: +47.559, +38.898, +40.630 ,FR: +44.094, +38.898, +44.094, HL: 56.220, +42.362, +54.488, HR: +59.685, +44.094, +52.756 Max HR-HipX = +59.685 Min FL-HipY = +38.898 
[2025-06-12 18:15:28.501.643] [INFO  ] [Controller] [Joints] FL: +47.559, +38.898, +40.630 ,FR: +44.094, +38.898, +44.094, HL: 56.220, +42.362, +54.488, HR: +59.685, +42.362, +52.756 Max HR-HipX = +59.685 Min FL-HipY = +38.898 
[2025-06-12 18:15:28.620.073] [INFO  ] [Battery] SoC = 64%, Volt = +30.200V, Temp 31 
[2025-06-12 18:15:31.001.647] [INFO  ] [Controller] [Joints] FL: +47.559, +38.898, +40.630 ,FR: +44.094, +38.898, +44.094, HL: 56.220, +42.362, +54.488, HR: +59.685, +44.094, +52.756 Max HR-HipX = +59.685 Min FL-HipY = +38.898 
[2025-06-12 18:15:33.501.651] [INFO  ] [Controller] [Joints] FL: +47.559, +38.898, +40.630 ,FR: +44.094, +38.898, +44.094, HL: 56.220, +42.362, +54.488, HR: +59.685, +44.094, +52.756 Max HR-HipX = +59.685 Min FL-HipY = +38.898 
[2025-06-12 18:15:33.616.262] [INFO  ] [Battery] SoC = 63%, Volt = +30.200V, Temp 31 
[2025-06-12 18:15:36.001.646] [INFO  ] [Controller] [Joints] FL: +47.559, +38.898, +40.630 ,FR: +44.094, +38.898, +44.094, HL: 56.220, +42.362, +54.488, HR: +59.685, +44.094, +52.756 Max HR-HipX = +59.685 Min FL-HipY = +38.898 
[2025-06-12 18:15:38.502.647] [INFO  ] [Controller] [Joints] FL: +47.559, +38.898, +40.630 ,FR: +44.094, +38.898, +44.094, HL: 56.220, +42.362, +54.488, HR: +59.685, +44.094, +52.756 Max HR-HipX = +59.685 Min FL-HipY = +38.898 
[2025-06-12 18:15:38.612.475] [INFO  ] [Battery] SoC = 63%, Volt = +30.200V, Temp 31 
[2025-06-12 18:15:41.002.656] [INFO  ] [Controller] [Joints] FL: +47.559, +38.898, +40.630 ,FR: +44.094, +38.898, +44.094, HL: 56.220, +42.362, +54.488, HR: +59.685, +44.094, +52.756 Max HR-HipX = +59.685 Min FL-HipY = +38.898 
[2025-06-12 18:15:43.502.648] [INFO  ] [Controller] [Joints] FL: +45.827, +38.898, +40.630 ,FR: +44.094, +38.898, +44.094, HL: 56.220, +42.362, +54.488, HR: +59.685, +44.094, +52.756 Max HR-HipX = +59.685 Min FL-HipY = +38.898 
[2025-06-12 18:15:43.608.809] [INFO  ] [Battery] SoC = 63%, Volt = +30.200V, Temp 31 
[2025-06-12 18:15:46.002.645] [INFO  ] [Controller] [Joints] FL: +45.827, +38.898, +40.630 ,FR: +44.094, +38.898, +44.094, HL: 56.220, +42.362, +54.488, HR: +59.685, +44.094, +52.756 Max HR-HipX = +59.685 Min FL-HipY = +38.898 
[2025-06-12 18:15:48.502.645] [INFO  ] [Controller] [Joints] FL: +47.559, +38.898, +40.630 ,FR: +44.094, +38.898, +44.094, HL: 56.220, +42.362, +54.488, HR: +59.685, +44.094, +52.756 Max HR-HipX = +59.685 Min FL-HipY = +38.898 
[2025-06-12 18:15:48.604.961] [INFO  ] [Battery] SoC = 63%, Volt = +30.200V, Temp 31 
[2025-06-12 18:15:51.002.977] [INFO  ] [Controller] [Joints] FL: +47.559, +38.898, +40.630 ,FR: +44.094, +38.898, +44.094, HL: 56.220, +42.362, +54.488, HR: +59.685, +44.094, +52.756 Max HR-HipX = +59.685 Min FL-HipY = +38.898 
[2025-06-12 18:15:53.502.648] [INFO  ] [Controller] [Joints] FL: +47.559, +38.898, +40.630 ,FR: +44.094, +38.898, +44.094, HL: 56.220, +42.362, +54.488, HR: +59.685, +44.094, +52.756 Max HR-HipX = +59.685 Min FL-HipY = +38.898 
[2025-06-12 18:15:53.601.308] [INFO  ] [Battery] SoC = 63%, Volt = +30.200V, Temp 31 
[2025-06-12 18:15:56.002.645] [INFO  ] [Controller] [Joints] FL: +47.559, +38.898, +40.630 ,FR: +44.094, +38.898, +44.094, HL: 56.220, +42.362, +54.488, HR: +59.685, +44.094, +52.756 Max HR-HipX = +59.685 Min FL-HipY = +38.898 
[2025-06-12 18:15:58.502.645] [INFO  ] [Controller] [Joints] FL: +47.559, +38.898, +40.630 ,FR: +44.094, +38.898, +44.094, HL: 56.220, +42.362, +54.488, HR: +59.685, +44.094, +52.756 Max HR-HipX = +59.685 Min FL-HipY = +38.898 
[2025-06-12 18:15:58.597.451] [INFO  ] [Battery] SoC = 63%, Volt = +30.200V, Temp 31 
[2025-06-12 18:16:01.002.645] [INFO  ] [Controller] [Joints] FL: +47.559, +38.898, +40.630 ,FR: +44.094, +38.898, +44.094, HL: 56.220, +42.362, +54.488, HR: +59.685, +44.094, +52.756 Max HR-HipX = +59.685 Min FL-HipY = +38.898 
[2025-06-12 18:16:03.502.647] [INFO  ] [Controller] [Joints] FL: +47.559, +38.898, +40.630 ,FR: +44.094, +38.898, +44.094, HL: 56.220, +42.362, +54.488, HR: +59.685, +44.094, +52.756 Max HR-HipX = +59.685 Min FL-HipY = +38.898 
[2025-06-12 18:16:03.593.641] [INFO  ] [Battery] SoC = 63%, Volt = +30.200V, Temp 31 
[2025-06-12 18:16:06.002.636] [INFO  ] [Controller] [Joints] FL: +47.559, +38.898, +40.630 ,FR: +44.094, +38.898, +44.094, HL: 56.220, +42.362, +54.488, HR: +59.685, +44.094, +52.756 Max HR-HipX = +59.685 Min FL-HipY = +38.898 
[2025-06-12 18:16:08.502.646] [INFO  ] [Controller] [Joints] FL: +47.559, +38.898, +40.630 ,FR: +44.094, +38.898, +44.094, HL: 56.220, +42.362, +54.488, HR: +59.685, +44.094, +52.756 Max HR-HipX = +59.685 Min FL-HipY = +38.898 
[2025-06-12 18:16:08.589.798] [INFO  ] [Battery] SoC = 63%, Volt = +30.200V, Temp 31 
[2025-06-12 18:16:11.002.682] [INFO  ] [Controller] [Joints] FL: +47.559, +38.898, +40.630 ,FR: +44.094, +38.898, +44.094, HL: 56.220, +42.362, +54.488, HR: +59.685, +44.094, +52.756 Max HR-HipX = +59.685 Min FL-HipY = +38.898 
[2025-06-12 18:16:13.502.645] [INFO  ] [Controller] [Joints] FL: +47.559, +38.898, +40.630 ,FR: +44.094, +38.898, +44.094, HL: 56.220, +42.362, +54.488, HR: +59.685, +44.094, +52.756 Max HR-HipX = +59.685 Min FL-HipY = +38.898 
[2025-06-12 18:16:13.585.785] [INFO  ] [Battery] SoC = 63%, Volt = +30.200V, Temp 31 
[2025-06-12 18:16:16.003.014] [INFO  ] [Controller] [Joints] FL: +47.559, +38.898, +40.630 ,FR: +44.094, +38.898, +44.094, HL: 56.220, +42.362, +54.488, HR: +59.685, +44.094, +52.756 Max HR-HipX = +59.685 Min FL-HipY = +38.898 
[2025-06-12 18:16:18.502.643] [INFO  ] [Controller] [Joints] FL: +47.559, +38.898, +40.630 ,FR: +44.094, +38.898, +44.094, HL: 56.220, +42.362, +54.488, HR: +59.685, +44.094, +52.756 Max HR-HipX = +59.685 Min FL-HipY = +38.898 
[2025-06-12 18:16:18.581.761] [INFO  ] [Battery] SoC = 63%, Volt = +30.200V, Temp 31 
[2025-06-12 18:16:21.002.645] [INFO  ] [Controller] [Joints] FL: +47.559, +38.898, +40.630 ,FR: +44.094, +38.898, +44.094, HL: 56.220, +42.362, +54.488, HR: +59.685, +44.094, +52.756 Max HR-HipX = +59.685 Min FL-HipY = +38.898 
[2025-06-12 18:16:23.502.654] [INFO  ] [Controller] [Joints] FL: +47.559, +38.898, +40.630 ,FR: +44.094, +38.898, +44.094, HL: 56.220, +42.362, +54.488, HR: +59.685, +44.094, +52.756 Max HR-HipX = +59.685 Min FL-HipY = +38.898 
[2025-06-12 18:16:23.577.837] [INFO  ] [Battery] SoC = 63%, Volt = +30.200V, Temp 31 
[2025-06-12 18:16:26.002.647] [INFO  ] [Controller] [Joints] FL: +47.559, +38.898, +40.630 ,FR: +44.094, +38.898, +44.094, HL: 56.220, +42.362, +54.488, HR: +59.685, +44.094, +52.756 Max HR-HipX = +59.685 Min FL-HipY = +38.898 
[2025-06-12 18:16:28.502.647] [INFO  ] [Controller] [Joints] FL: +47.559, +38.898, +40.630 ,FR: +44.094, +38.898, +44.094, HL: 56.220, +42.362, +54.488, HR: +59.685, +44.094, +52.756 Max HR-HipX = +59.685 Min FL-HipY = +38.898 
[2025-06-12 18:16:28.573.926] [INFO  ] [Battery] SoC = 63%, Volt = +30.200V, Temp 31 
[2025-06-12 18:16:31.002.646] [INFO  ] [Controller] [Joints] FL: +47.559, +38.898, +40.630 ,FR: +44.094, +38.898, +44.094, HL: 56.220, +42.362, +54.488, HR: +59.685, +44.094, +52.756 Max HR-HipX = +59.685 Min FL-HipY = +38.898 
[2025-06-12 18:16:32.342.635] [INFO  ] [Controller] AutoStop ... 
[2025-06-12 18:16:32.443.647] [INFO  ] [Controller] Switch to Twist Body Mode!!! 
[2025-06-12 18:16:32.544.636] [INFO  ] [Controller] Switch to Twist Body Mode!!! 
[2025-06-12 18:16:32.644.626] [INFO  ] [Controller] Switch to Twist Body Mode!!! 
[2025-06-12 18:16:32.744.628] [INFO  ] [Controller] Switch to Twist Body Mode!!! 
[2025-06-12 18:16:32.844.780] [INFO  ] [Controller] Switch to Twist Body Mode!!! 
[2025-06-12 18:16:32.944.628] [INFO  ] [Controller] Switch to Twist Body Mode!!! 
[2025-06-12 18:16:33.044.627] [INFO  ] [Controller] Switch to Twist Body Mode!!! 
[2025-06-12 18:16:33.144.629] [INFO  ] [Controller] Switch to Twist Body Mode!!! 
[2025-06-12 18:16:33.245.627] [INFO  ] [Controller] Switch to Twist Body Mode!!! 
[2025-06-12 18:16:33.345.626] [INFO  ] [Controller] Switch to Twist Body Mode!!! 
[2025-06-12 18:16:33.502.647] [INFO  ] [Controller] [Joints] FL: +47.559, +38.898, +40.630 ,FR: +44.094, +38.898, +44.094, HL: 56.220, +42.362, +54.488, HR: +59.685, +44.094, +52.756 Max HR-HipX = +59.685 Min FL-HipY = +38.898 
[2025-06-12 18:16:33.570.139] [INFO  ] [Battery] SoC = 63%, Volt = +30.100V, Temp 31 
[2025-06-12 18:16:36.002.645] [INFO  ] [Controller] [Joints] FL: +47.559, +38.898, +40.630 ,FR: +44.094, +38.898, +44.094, HL: 56.220, +42.362, +54.488, HR: +59.685, +44.094, +54.488 Max HR-HipX = +59.685 Min FL-HipY = +38.898 
[2025-06-12 18:16:37.955.627] [INFO  ] [Controller] KeepRun ... 
[2025-06-12 18:16:37.956.643] [INFO  ] [TVMPC] JY is Moving... (tvmpc),  time: 2572.837339 
[2025-06-12 18:16:38.056.625] [INFO  ] [Controller] KeepRun ... 
[2025-06-12 18:16:38.156.624] [INFO  ] [Controller] KeepRun ... 
[2025-06-12 18:16:38.256.625] [INFO  ] [Controller] KeepRun ... 
[2025-06-12 18:16:38.356.623] [INFO  ] [Controller] KeepRun ... 
[2025-06-12 18:16:38.456.627] [INFO  ] [Controller] KeepRun ... 
[2025-06-12 18:16:38.502.639] [INFO  ] [Controller] [Joints] FL: +47.559, +38.898, +40.630 ,FR: +44.094, +38.898, +44.094, HL: 56.220, +42.362, +54.488, HR: +59.685, +44.094, +54.488 Max HR-HipX = +59.685 Min FL-HipY = +38.898 
[2025-06-12 18:16:38.556.625] [INFO  ] [Controller] KeepRun ... 
[2025-06-12 18:16:38.566.360] [INFO  ] [Battery] SoC = 62%, Volt = +30.000V, Temp 31 
[2025-06-12 18:16:38.656.629] [INFO  ] [Controller] KeepRun ... 
[2025-06-12 18:16:38.756.623] [INFO  ] [Controller] KeepRun ... 
[2025-06-12 18:16:38.857.627] [INFO  ] [Controller] KeepRun ... 
[2025-06-12 18:16:38.957.625] [INFO  ] [Controller] KeepRun ... 
[2025-06-12 18:16:39.057.625] [INFO  ] [Controller] KeepRun ... 
[2025-06-12 18:16:39.157.624] [INFO  ] [Controller] KeepRun ... 
[2025-06-12 18:16:39.257.625] [INFO  ] [Controller] KeepRun ... 
[2025-06-12 18:16:39.357.631] [INFO  ] [Controller] KeepRun ... 
[2025-06-12 18:16:39.457.627] [INFO  ] [Controller] KeepRun ... 
[2025-06-12 18:16:39.558.633] [INFO  ] [Controller] KeepRun ... 
[2025-06-12 18:16:39.658.631] [INFO  ] [Controller] KeepRun ... 
[2025-06-12 18:16:39.758.628] [INFO  ] [Controller] KeepRun ... 
[2025-06-12 18:16:39.858.627] [INFO  ] [Controller] KeepRun ... 
[2025-06-12 18:16:39.958.626] [INFO  ] [Controller] KeepRun ... 
[2025-06-12 18:16:40.058.625] [INFO  ] [Controller] KeepRun ... 
[2025-06-12 18:16:40.158.625] [INFO  ] [Controller] KeepRun ... 
[2025-06-12 18:16:40.258.627] [INFO  ] [Controller] KeepRun ... 
[2025-06-12 18:16:40.358.628] [INFO  ] [Controller] KeepRun ... 
[2025-06-12 18:16:40.459.625] [INFO  ] [Controller] KeepRun ... 
[2025-06-12 18:16:40.559.082] [INFO  ] [Controller] KeepRun ... 
[2025-06-12 18:16:40.659.625] [INFO  ] [Controller] KeepRun ... 
[2025-06-12 18:16:41.002.639] [INFO  ] [Controller] [Joints] FL: +47.559, +38.898, +40.630 ,FR: +45.827, +38.898, +44.094, HL: 56.220, +42.362, +54.488, HR: +59.685, +44.094, +54.488 Max HR-HipX = +59.685 Min FL-HipY = +38.898 
[2025-06-12 18:16:43.503.642] [INFO  ] [Controller] [Joints] FL: +47.559, +38.898, +42.362 ,FR: +45.827, +38.898, +44.094, HL: 56.220, +42.362, +56.220, HR: +59.685, +44.094, +56.220 Max HR-HipX = +59.685 Min FL-HipY = +38.898 
[2025-06-12 18:16:43.562.552] [INFO  ] [Battery] SoC = 62%, Volt = +30.000V, Temp 31 
[2025-06-12 18:16:45.770.625] [INFO  ] [Controller] Switch to Move Mode!!! 
[2025-06-12 18:16:45.871.623] [INFO  ] [Controller] Switch to Move Mode!!! 
[2025-06-12 18:16:45.971.625] [INFO  ] [Controller] Switch to Move Mode!!! 
[2025-06-12 18:16:46.003.646] [INFO  ] [Controller] [Joints] FL: +47.559, +38.898, +42.362 ,FR: +45.827, +38.898, +45.827, HL: 56.220, +42.362, +56.220, HR: +59.685, +44.094, +56.220 Max HR-HipX = +59.685 Min FL-HipY = +38.898 
[2025-06-12 18:16:46.071.624] [INFO  ] [Controller] Switch to Move Mode!!! 
[2025-06-12 18:16:46.171.624] [INFO  ] [Controller] Switch to Move Mode!!! 
[2025-06-12 18:16:46.271.626] [INFO  ] [Controller] Switch to Move Mode!!! 
[2025-06-12 18:16:46.371.625] [INFO  ] [Controller] Switch to Move Mode!!! 
[2025-06-12 18:16:46.471.625] [INFO  ] [Controller] Switch to Move Mode!!! 
[2025-06-12 18:16:46.572.633] [INFO  ] [Controller] Switch to Move Mode!!! 
[2025-06-12 18:16:46.672.626] [INFO  ] [Controller] Switch to Move Mode!!! 
[2025-06-12 18:16:46.773.637] [INFO  ] [Controller] KeepRun ... 
[2025-06-12 18:16:46.873.632] [INFO  ] [Controller] KeepRun ... 
[2025-06-12 18:16:46.973.633] [INFO  ] [Controller] KeepRun ... 
[2025-06-12 18:16:47.073.634] [INFO  ] [Controller] KeepRun ... 
[2025-06-12 18:16:47.173.628] [INFO  ] [Controller] KeepRun ... 
[2025-06-12 18:16:47.273.631] [INFO  ] [Controller] KeepRun ... 
[2025-06-12 18:16:47.373.629] [INFO  ] [Controller] KeepRun ... 
[2025-06-12 18:16:47.473.632] [INFO  ] [Controller] KeepRun ... 
[2025-06-12 18:16:47.574.625] [INFO  ] [Controller] KeepRun ... 
[2025-06-12 18:16:47.674.627] [INFO  ] [Controller] KeepRun ... 
[2025-06-12 18:16:47.775.627] [INFO  ] [Controller] AutoStop ... 
[2025-06-12 18:16:47.858.038] [INFO  ] [TVMPC] [trot]STOP!!! 
[2025-06-12 18:16:47.858.632] [INFO  ] [BasicMotion] Switching to force control mode, please wait... 
[2025-06-12 18:16:48.503.654] [INFO  ] [Controller] [Joints] FL: +47.559, +38.898, +42.362 ,FR: +45.827, +38.898, +45.827, HL: 56.220, +42.362, +57.953, HR: +59.685, +44.094, +57.953 Max HR-HipX = +59.685 Min FL-HipY = +38.898 
[2025-06-12 18:16:48.558.802] [INFO  ] [Battery] SoC = 62%, Volt = +30.100V, Temp 31 
[2025-06-12 18:16:48.860.819] [INFO  ] [TVMPC] JY is Moving... (tvmpc),  time: 2583.741447 
[2025-06-12 18:16:49.478.625] [INFO  ] [Controller] Greeting2... 
[2025-06-12 18:16:49.578.625] [INFO  ] [Controller] Greeting2... 
[2025-06-12 18:16:49.679.625] [INFO  ] [Controller] Greeting2... 
[2025-06-12 18:16:49.779.625] [INFO  ] [Controller] Greeting2... 
[2025-06-12 18:16:49.879.624] [INFO  ] [Controller] Greeting2... 
[2025-06-12 18:16:49.979.627] [INFO  ] [Controller] Greeting2... 
[2025-06-12 18:16:50.079.624] [INFO  ] [Controller] Greeting2... 
[2025-06-12 18:16:50.179.625] [INFO  ] [Controller] Greeting2... 
[2025-06-12 18:16:50.279.630] [INFO  ] [Controller] Greeting2... 
[2025-06-12 18:16:50.379.628] [INFO  ] [Controller] Greeting2... 
[2025-06-12 18:16:50.481.089] [INFO  ] [Controller] Greeting2... 
[2025-06-12 18:16:50.580.628] [INFO  ] [Controller] Greeting2... 
[2025-06-12 18:16:50.680.628] [INFO  ] [Controller] Greeting2... 
[2025-06-12 18:16:50.780.625] [INFO  ] [Controller] Greeting2... 
[2025-06-12 18:16:50.880.629] [INFO  ] [Controller] Greeting2... 
[2025-06-12 18:16:50.980.626] [INFO  ] [Controller] Greeting2... 
[2025-06-12 18:16:51.003.637] [INFO  ] [Controller] [Joints] FL: +47.559, +38.898, +44.094 ,FR: +45.827, +38.898, +45.827, HL: 56.220, +42.362, +57.953, HR: +59.685, +44.094, +57.953 Max HR-HipX = +59.685 Min FL-HipY = +38.898 
[2025-06-12 18:16:51.081.625] [INFO  ] [Controller] Greeting2... 
[2025-06-12 18:16:51.111.042] [INFO  ] [TVMPC] [trot]STOP!!! 
[2025-06-12 18:16:51.111.623] [INFO  ] [BasicMotion] Switching to force control mode, please wait... 
[2025-06-12 18:16:51.181.625] [INFO  ] [Controller] Greeting2... 
[2025-06-12 18:16:51.181.664] [INFO  ] [BasicMotion] Greeting, please wait... 
[2025-06-12 18:16:51.281.628] [INFO  ] [Controller] Greeting2... 
[2025-06-12 18:16:51.381.626] [INFO  ] [Controller] Greeting2... 
[2025-06-12 18:16:51.481.626] [INFO  ] [Controller] Greeting2... 
[2025-06-12 18:16:51.581.627] [INFO  ] [Controller] Greeting2... 
[2025-06-12 18:16:51.681.627] [INFO  ] [Controller] Greeting2... 
[2025-06-12 18:16:51.781.627] [INFO  ] [Controller] Greeting2... 
[2025-06-12 18:16:51.881.626] [INFO  ] [Controller] Greeting2... 
[2025-06-12 18:16:51.982.628] [INFO  ] [Controller] Greeting2... 
[2025-06-12 18:16:52.082.626] [INFO  ] [Controller] Greeting2... 
[2025-06-12 18:16:52.182.628] [INFO  ] [Controller] Greeting2... 
[2025-06-12 18:16:52.282.628] [INFO  ] [Controller] Greeting2... 
[2025-06-12 18:16:52.382.626] [INFO  ] [Controller] Greeting2... 
[2025-06-12 18:16:52.486.627] [INFO  ] [Controller] Greeting2... 
[2025-06-12 18:16:52.586.625] [INFO  ] [Controller] Greeting2... 
[2025-06-12 18:16:52.686.628] [INFO  ] [Controller] Greeting2... 
[2025-06-12 18:16:52.693.627] [INFO  ] [BasicMotion] Greeting Third State End ... 
[2025-06-12 18:16:52.787.628] [INFO  ] [Controller] Greeting2... 
[2025-06-12 18:16:52.887.629] [INFO  ] [Controller] Greeting2... 
[2025-06-12 18:16:52.987.628] [INFO  ] [Controller] Greeting2... 
[2025-06-12 18:16:53.087.633] [INFO  ] [Controller] Greeting2... 
[2025-06-12 18:16:53.187.626] [INFO  ] [Controller] Greeting2... 
[2025-06-12 18:16:53.194.681] [INFO  ] [BasicMotion] waving_cnt: 1 
[2025-06-12 18:16:53.287.633] [INFO  ] [Controller] Greeting2... 
[2025-06-12 18:16:53.387.626] [INFO  ] [Controller] Greeting2... 
[2025-06-12 18:16:53.488.626] [INFO  ] [Controller] Greeting2... 
[2025-06-12 18:16:53.503.643] [INFO  ] [Controller] [Joints] FL: +47.559, +38.898, +44.094 ,FR: +45.827, +38.898, +45.827, HL: 56.220, +42.362, +57.953, HR: +59.685, +44.094, +59.685 Max HR-HipX = +59.685 Min FL-HipY = +38.898 
[2025-06-12 18:16:53.555.132] [INFO  ] [Battery] SoC = 62%, Volt = +30.200V, Temp 31 
[2025-06-12 18:16:53.588.621] [INFO  ] [Controller] Greeting2... 
[2025-06-12 18:16:53.688.627] [INFO  ] [Controller] Greeting2... 
[2025-06-12 18:16:53.695.625] [INFO  ] [BasicMotion] waving_cnt: 2 
[2025-06-12 18:16:53.788.626] [INFO  ] [Controller] Greeting2... 
[2025-06-12 18:16:53.888.626] [INFO  ] [Controller] Greeting2... 
[2025-06-12 18:16:53.988.626] [INFO  ] [Controller] Greeting2... 
[2025-06-12 18:16:54.089.626] [INFO  ] [Controller] Greeting2... 
[2025-06-12 18:16:54.189.627] [INFO  ] [Controller] Greeting2... 
[2025-06-12 18:16:54.195.621] [INFO  ] [BasicMotion] waving_cnt: 3 
[2025-06-12 18:16:54.289.627] [INFO  ] [Controller] Greeting2... 
[2025-06-12 18:16:54.389.628] [INFO  ] [Controller] Greeting2... 
[2025-06-12 18:16:54.489.627] [INFO  ] [Controller] Greeting2... 
[2025-06-12 18:16:54.589.627] [INFO  ] [Controller] Greeting2... 
[2025-06-12 18:16:54.689.627] [INFO  ] [Controller] Greeting2... 
[2025-06-12 18:16:54.696.619] [INFO  ] [BasicMotion] waving_cnt: 4 
[2025-06-12 18:16:54.789.627] [INFO  ] [Controller] Greeting2... 
[2025-06-12 18:16:54.889.627] [INFO  ] [Controller] Greeting2... 
[2025-06-12 18:16:54.990.628] [INFO  ] [Controller] Greeting2... 
[2025-06-12 18:16:55.090.626] [INFO  ] [Controller] Greeting2... 
[2025-06-12 18:16:55.190.627] [INFO  ] [Controller] Greeting2... 
[2025-06-12 18:16:55.196.619] [INFO  ] [BasicMotion] waving_cnt: 5 
[2025-06-12 18:16:55.290.629] [INFO  ] [Controller] Greeting2... 
[2025-06-12 18:16:55.390.627] [INFO  ] [Controller] Greeting2... 
[2025-06-12 18:16:55.490.626] [INFO  ] [Controller] Greeting2... 
[2025-06-12 18:16:55.590.627] [INFO  ] [Controller] Greeting2... 
[2025-06-12 18:16:55.691.628] [INFO  ] [Controller] Greeting2... 
[2025-06-12 18:16:55.696.619] [INFO  ] [BasicMotion] waving_cnt: 6 
[2025-06-12 18:16:55.791.626] [INFO  ] [Controller] Greeting2... 
[2025-06-12 18:16:55.891.628] [INFO  ] [Controller] Greeting2... 
[2025-06-12 18:16:55.991.627] [INFO  ] [Controller] Greeting2... 
[2025-06-12 18:16:56.003.633] [INFO  ] [Controller] [Joints] FL: +47.559, +38.898, +44.094 ,FR: +45.827, +38.898, +45.827, HL: 56.220, +42.362, +57.953, HR: +59.685, +44.094, +59.685 Max HR-HipX = +59.685 Min FL-HipY = +38.898 
[2025-06-12 18:16:56.091.628] [INFO  ] [Controller] Greeting2... 
[2025-06-12 18:16:56.191.628] [INFO  ] [Controller] Greeting2... 
[2025-06-12 18:16:56.196.620] [INFO  ] [BasicMotion] waving_cnt: 7 
[2025-06-12 18:16:56.291.629] [INFO  ] [Controller] Greeting2... 
[2025-06-12 18:16:56.392.628] [INFO  ] [Controller] Greeting2... 
[2025-06-12 18:16:56.696.643] [INFO  ] [BasicMotion] waving_cnt: 8 
[2025-06-12 18:16:57.197.640] [INFO  ] [BasicMotion] waving_cnt: 9 
[2025-06-12 18:16:58.503.648] [INFO  ] [Controller] [Joints] FL: +47.559, +38.898, +44.094 ,FR: +45.827, +38.898, +45.827, HL: 56.220, +42.362, +57.953, HR: +59.685, +44.094, +59.685 Max HR-HipX = +59.685 Min FL-HipY = +38.898 
[2025-06-12 18:16:58.551.378] [INFO  ] [Battery] SoC = 62%, Volt = +29.900V, Temp 31 
[2025-06-12 18:16:59.199.637] [INFO  ] [BasicMotion] Stand up action has finished, waitting to switch to force control mode! 
[2025-06-12 18:16:59.199.673] [INFO  ] [BasicMotion] Switching to force control mode, please wait... 
[2025-06-12 18:17:00.001.657] [INFO  ] [TVMPC] JY is Moving... (tvmpc),  time: 2594.882339 
[2025-06-12 18:17:01.003.646] [INFO  ] [Controller] [Joints] FL: +47.559, +38.898, +44.094 ,FR: +45.827, +38.898, +45.827, HL: 56.220, +42.362, +57.953, HR: +59.685, +44.094, +59.685 Max HR-HipX = +59.685 Min FL-HipY = +38.898 
[2025-06-12 18:17:02.201.627] [INFO  ] [Controller] KeepRun ... 
[2025-06-12 18:17:02.302.625] [INFO  ] [Controller] KeepRun ... 
[2025-06-12 18:17:02.402.189] [INFO  ] [Controller] KeepRun ... 
[2025-06-12 18:17:02.502.626] [INFO  ] [Controller] KeepRun ... 
[2025-06-12 18:17:02.602.626] [INFO  ] [Controller] KeepRun ... 
[2025-06-12 18:17:02.702.626] [INFO  ] [Controller] KeepRun ... 
[2025-06-12 18:17:02.802.625] [INFO  ] [Controller] KeepRun ... 
[2025-06-12 18:17:02.902.625] [INFO  ] [Controller] KeepRun ... 
[2025-06-12 18:17:03.003.629] [INFO  ] [Controller] KeepRun ... 
[2025-06-12 18:17:03.103.627] [INFO  ] [Controller] KeepRun ... 
[2025-06-12 18:17:03.204.624] [INFO  ] [Controller] AutoStop ... 
[2025-06-12 18:17:03.503.643] [INFO  ] [Controller] [Joints] FL: +47.559, +38.898, +45.827 ,FR: +45.827, +38.898, +45.827, HL: 56.220, +42.362, +57.953, HR: +59.685, +44.094, +59.685 Max HR-HipX = +59.685 Min FL-HipY = +38.898 
[2025-06-12 18:17:03.547.677] [INFO  ] [Battery] SoC = 62%, Volt = +30.000V, Temp 31 
[2025-06-12 18:17:03.906.624] [INFO  ] [Controller] KeepRun ... 
[2025-06-12 18:17:04.006.625] [INFO  ] [Controller] KeepRun ... 
[2025-06-12 18:17:04.106.624] [INFO  ] [Controller] KeepRun ... 
[2025-06-12 18:17:04.206.625] [INFO  ] [Controller] KeepRun ... 
[2025-06-12 18:17:04.307.624] [INFO  ] [Controller] KeepRun ... 
[2025-06-12 18:17:04.407.623] [INFO  ] [Controller] KeepRun ... 
[2025-06-12 18:17:04.507.625] [INFO  ] [Controller] KeepRun ... 
[2025-06-12 18:17:04.607.623] [INFO  ] [Controller] KeepRun ... 
[2025-06-12 18:17:04.707.630] [INFO  ] [Controller] KeepRun ... 
[2025-06-12 18:17:04.807.637] [INFO  ] [Controller] KeepRun ... 
[2025-06-12 18:17:04.908.633] [INFO  ] [Controller] trot run2... 
[2025-06-12 18:17:05.008.625] [INFO  ] [Controller] trot run2... 
[2025-06-12 18:17:05.109.625] [INFO  ] [Controller] trot run2... 
[2025-06-12 18:17:05.209.626] [INFO  ] [Controller] trot run2... 
[2025-06-12 18:17:05.309.630] [INFO  ] [Controller] trot run2... 
[2025-06-12 18:17:05.409.626] [INFO  ] [Controller] trot run2... 
[2025-06-12 18:17:05.509.624] [INFO  ] [Controller] trot run2... 
[2025-06-12 18:17:05.609.626] [INFO  ] [Controller] trot run2... 
[2025-06-12 18:17:05.709.626] [INFO  ] [Controller] trot run2... 
[2025-06-12 18:17:05.810.625] [INFO  ] [Controller] trot run2... 
[2025-06-12 18:17:06.003.645] [INFO  ] [Controller] [Joints] FL: +47.559, +40.630, +45.827 ,FR: +45.827, +38.898, +45.827, HL: 56.220, +42.362, +57.953, HR: +59.685, +44.094, +59.685 Max HR-HipX = +59.685 Min FR-HipY = +38.898 
[2025-06-12 18:17:07.514.637] [INFO  ] [Controller] AutoStop ... 
[2025-06-12 18:17:07.615.625] [INFO  ] [Controller] Greeting2... 
[2025-06-12 18:17:07.715.627] [INFO  ] [Controller] Greeting2... 
[2025-06-12 18:17:07.815.625] [INFO  ] [Controller] Greeting2... 
[2025-06-12 18:17:07.915.623] [INFO  ] [Controller] Greeting2... 
[2025-06-12 18:17:08.015.624] [INFO  ] [Controller] Greeting2... 
[2025-06-12 18:17:08.115.625] [INFO  ] [Controller] Greeting2... 
[2025-06-12 18:17:08.216.623] [INFO  ] [Controller] Greeting2... 
[2025-06-12 18:17:08.316.625] [INFO  ] [Controller] Greeting2... 
[2025-06-12 18:17:08.416.624] [INFO  ] [Controller] Greeting2... 
[2025-06-12 18:17:08.503.643] [INFO  ] [Controller] [Joints] FL: +47.559, +40.630, +45.827 ,FR: +45.827, +38.898, +45.827, HL: 56.220, +44.094, +59.685, HR: +59.685, +44.094, +61.417 Max HR-Knee = +61.417 Min FR-HipY = +38.898 
[2025-06-12 18:17:08.516.623] [INFO  ] [Controller] Greeting2... 
[2025-06-12 18:17:08.544.043] [INFO  ] [Battery] SoC = 62%, Volt = +30.100V, Temp 31 
[2025-06-12 18:17:08.616.622] [INFO  ] [Controller] Greeting2... 
[2025-06-12 18:17:08.716.626] [INFO  ] [Controller] Greeting2... 
[2025-06-12 18:17:08.816.626] [INFO  ] [Controller] Greeting2... 
[2025-06-12 18:17:08.917.628] [INFO  ] [Controller] Greeting2... 
[2025-06-12 18:17:09.016.922] [INFO  ] [Controller] Greeting2... 
[2025-06-12 18:17:09.117.626] [INFO  ] [Controller] Greeting2... 
[2025-06-12 18:17:09.217.627] [INFO  ] [Controller] Greeting2... 
[2025-06-12 18:17:09.272.635] [INFO  ] [BasicMotion] Switching to force control mode, please wait... 
[2025-06-12 18:17:09.317.627] [INFO  ] [Controller] Greeting2... 
[2025-06-12 18:17:09.317.675] [INFO  ] [BasicMotion] Greeting, please wait... 
[2025-06-12 18:17:09.417.628] [INFO  ] [Controller] Greeting2... 
[2025-06-12 18:17:09.517.635] [INFO  ] [Controller] Greeting2... 
[2025-06-12 18:17:09.617.630] [INFO  ] [Controller] Greeting2... 
[2025-06-12 18:17:09.718.627] [INFO  ] [Controller] Greeting2... 
[2025-06-12 18:17:09.818.264] [INFO  ] [Controller] Greeting2... 
[2025-06-12 18:17:09.918.627] [INFO  ] [Controller] Greeting2... 
[2025-06-12 18:17:10.018.627] [INFO  ] [Controller] Greeting2... 
[2025-06-12 18:17:10.118.627] [INFO  ] [Controller] Greeting2... 
[2025-06-12 18:17:10.218.629] [INFO  ] [Controller] Greeting2... 
[2025-06-12 18:17:10.318.628] [INFO  ] [Controller] Greeting2... 
[2025-06-12 18:17:10.419.626] [INFO  ] [Controller] Greeting2... 
[2025-06-12 18:17:10.519.627] [INFO  ] [Controller] Greeting2... 
[2025-06-12 18:17:10.619.627] [INFO  ] [Controller] Greeting2... 
[2025-06-12 18:17:10.719.626] [INFO  ] [Controller] Greeting2... 
[2025-06-12 18:17:10.819.627] [INFO  ] [Controller] Greeting2... 
[2025-06-12 18:17:10.828.639] [INFO  ] [BasicMotion] Greeting Third State End ... 
[2025-06-12 18:17:10.919.628] [INFO  ] [Controller] Greeting2... 
[2025-06-12 18:17:11.003.652] [INFO  ] [Controller] [Joints] FL: +47.559, +40.630, +47.559 ,FR: +47.559, +40.630, +47.559, HL: 56.220, +44.094, +61.417, HR: +59.685, +44.094, +63.150 Max HR-Knee = +63.150 Min FL-HipY = +40.630 
[2025-06-12 18:17:11.019.616] [INFO  ] [Controller] Greeting2... 
[2025-06-12 18:17:11.120.623] [INFO  ] [Controller] Greeting2... 
[2025-06-12 18:17:11.220.627] [INFO  ] [Controller] Greeting2... 
[2025-06-12 18:17:11.320.626] [INFO  ] [Controller] Greeting2... 
[2025-06-12 18:17:11.329.623] [INFO  ] [BasicMotion] waving_cnt: 1 
[2025-06-12 18:17:11.420.637] [INFO  ] [Controller] Greeting2... 
[2025-06-12 18:17:11.520.628] [INFO  ] [Controller] Greeting2... 
[2025-06-12 18:17:11.620.632] [INFO  ] [Controller] Greeting2... 
[2025-06-12 18:17:11.720.625] [INFO  ] [Controller] Greeting2... 
[2025-06-12 18:17:11.821.628] [INFO  ] [Controller] Greeting2... 
[2025-06-12 18:17:11.830.623] [INFO  ] [BasicMotion] waving_cnt: 2 
[2025-06-12 18:17:11.921.628] [INFO  ] [Controller] Greeting2... 
[2025-06-12 18:17:12.021.626] [INFO  ] [Controller] Greeting2... 
[2025-06-12 18:17:12.121.630] [INFO  ] [Controller] Greeting2... 
[2025-06-12 18:17:12.221.627] [INFO  ] [Controller] Greeting2... 
[2025-06-12 18:17:12.321.629] [INFO  ] [Controller] Greeting2... 
[2025-06-12 18:17:12.331.621] [INFO  ] [BasicMotion] waving_cnt: 3 
[2025-06-12 18:17:12.421.626] [INFO  ] [Controller] Greeting2... 
[2025-06-12 18:17:12.522.627] [INFO  ] [Controller] Greeting2... 
[2025-06-12 18:17:12.622.626] [INFO  ] [Controller] Greeting2... 
[2025-06-12 18:17:12.722.627] [INFO  ] [Controller] Greeting2... 
[2025-06-12 18:17:12.822.627] [INFO  ] [Controller] Greeting2... 
[2025-06-12 18:17:12.831.628] [INFO  ] [BasicMotion] waving_cnt: 4 
[2025-06-12 18:17:12.922.627] [INFO  ] [Controller] Greeting2... 
[2025-06-12 18:17:13.022.628] [INFO  ] [Controller] Greeting2... 
[2025-06-12 18:17:13.122.625] [INFO  ] [Controller] Greeting2... 
[2025-06-12 18:17:13.223.630] [INFO  ] [Controller] Greeting2... 
[2025-06-12 18:17:13.323.629] [INFO  ] [Controller] Greeting2... 
[2025-06-12 18:17:13.331.627] [INFO  ] [BasicMotion] waving_cnt: 5 
[2025-06-12 18:17:13.423.631] [INFO  ] [Controller] Greeting2... 
[2025-06-12 18:17:13.503.649] [INFO  ] [Controller] [Joints] FL: +49.291, +40.630, +47.559 ,FR: +47.559, +40.630, +47.559, HL: 56.220, +44.094, +61.417, HR: +59.685, +44.094, +63.150 Max HR-Knee = +63.150 Min FL-HipY = +40.630 
[2025-06-12 18:17:13.523.628] [INFO  ] [Controller] Greeting2... 
[2025-06-12 18:17:13.540.291] [INFO  ] [Battery] SoC = 62%, Volt = +30.000V, Temp 31 
[2025-06-12 18:17:13.623.630] [INFO  ] [Controller] Greeting2... 
[2025-06-12 18:17:13.723.630] [INFO  ] [Controller] Greeting2... 
[2025-06-12 18:17:13.823.633] [INFO  ] [Controller] Greeting2... 
[2025-06-12 18:17:13.832.642] [INFO  ] [BasicMotion] waving_cnt: 6 
[2025-06-12 18:17:13.923.631] [INFO  ] [Controller] Greeting2... 
[2025-06-12 18:17:14.024.633] [INFO  ] [Controller] Greeting2... 
[2025-06-12 18:17:14.124.627] [INFO  ] [Controller] Greeting2... 
[2025-06-12 18:17:14.224.627] [INFO  ] [Controller] Greeting2... 
[2025-06-12 18:17:14.324.636] [INFO  ] [Controller] Greeting2... 
[2025-06-12 18:17:14.333.629] [INFO  ] [BasicMotion] waving_cnt: 7 
[2025-06-12 18:17:14.424.625] [INFO  ] [Controller] Greeting2... 
[2025-06-12 18:17:14.524.628] [INFO  ] [Controller] Greeting2... 
[2025-06-12 18:17:14.625.629] [INFO  ] [Controller] KeepRun ... 
[2025-06-12 18:17:14.725.628] [INFO  ] [Controller] KeepRun ... 
[2025-06-12 18:17:14.825.630] [INFO  ] [Controller] KeepRun ... 
[2025-06-12 18:17:14.833.626] [INFO  ] [BasicMotion] waving_cnt: 8 
[2025-06-12 18:17:14.926.626] [INFO  ] [Controller] KeepRun ... 
[2025-06-12 18:17:15.026.627] [INFO  ] [Controller] KeepRun ... 
[2025-06-12 18:17:15.126.627] [INFO  ] [Controller] KeepRun ... 
[2025-06-12 18:17:15.226.626] [INFO  ] [Controller] KeepRun ... 
[2025-06-12 18:17:15.326.627] [INFO  ] [Controller] KeepRun ... 
[2025-06-12 18:17:15.334.622] [INFO  ] [BasicMotion] waving_cnt: 9 
[2025-06-12 18:17:15.426.626] [INFO  ] [Controller] KeepRun ... 
[2025-06-12 18:17:15.526.629] [INFO  ] [Controller] KeepRun ... 
[2025-06-12 18:17:15.627.627] [INFO  ] [Controller] KeepRun ... 
[2025-06-12 18:17:15.727.626] [INFO  ] [Controller] KeepRun ... 
[2025-06-12 18:17:15.827.626] [INFO  ] [Controller] KeepRun ... 
[2025-06-12 18:17:15.927.627] [INFO  ] [Controller] KeepRun ... 
[2025-06-12 18:17:16.003.651] [INFO  ] [Controller] [Joints] FL: +49.291, +40.630, +47.559 ,FR: +47.559, +40.630, +47.559, HL: 56.220, +44.094, +61.417, HR: +59.685, +44.094, +63.150 Max HR-Knee = +63.150 Min FL-HipY = +40.630 
[2025-06-12 18:17:16.027.616] [INFO  ] [Controller] KeepRun ... 
[2025-06-12 18:17:16.127.627] [INFO  ] [Controller] KeepRun ... 
[2025-06-12 18:17:16.227.628] [INFO  ] [Controller] KeepRun ... 
[2025-06-12 18:17:16.327.627] [INFO  ] [Controller] KeepRun ... 
[2025-06-12 18:17:16.428.627] [INFO  ] [Controller] KeepRun ... 
[2025-06-12 18:17:16.528.627] [INFO  ] [Controller] KeepRun ... 
[2025-06-12 18:17:16.628.626] [INFO  ] [Controller] KeepRun ... 
[2025-06-12 18:17:16.728.627] [INFO  ] [Controller] KeepRun ... 
[2025-06-12 18:17:16.828.628] [INFO  ] [Controller] KeepRun ... 
[2025-06-12 18:17:16.928.626] [INFO  ] [Controller] KeepRun ... 
[2025-06-12 18:17:17.028.626] [INFO  ] [Controller] KeepRun ... 
[2025-06-12 18:17:17.129.624] [INFO  ] [Controller] KeepRun ... 
[2025-06-12 18:17:17.229.631] [INFO  ] [Controller] KeepRun ... 
[2025-06-12 18:17:17.329.629] [INFO  ] [Controller] KeepRun ... 
[2025-06-12 18:17:17.337.623] [INFO  ] [BasicMotion] Stand up action has finished, waitting to switch to force control mode! 
[2025-06-12 18:17:17.337.639] [INFO  ] [BasicMotion] Switching to force control mode, please wait... 
[2025-06-12 18:17:17.429.626] [INFO  ] [Controller] KeepRun ... 
[2025-06-12 18:17:17.529.622] [INFO  ] [Controller] KeepRun ... 
[2025-06-12 18:17:17.630.626] [INFO  ] [Controller] trot run2... 
[2025-06-12 18:17:17.730.625] [INFO  ] [Controller] trot run2... 
[2025-06-12 18:17:17.830.630] [INFO  ] [Controller] trot run2... 
[2025-06-12 18:17:17.930.651] [INFO  ] [Controller] trot run2... 
[2025-06-12 18:17:18.031.631] [INFO  ] [Controller] trot run2... 
[2025-06-12 18:17:18.131.627] [INFO  ] [Controller] trot run2... 
[2025-06-12 18:17:18.138.654] [INFO  ] [TVMPC] JY is Moving... (tvmpc),  time: 2613.019339 
[2025-06-12 18:17:18.231.626] [INFO  ] [Controller] trot run2... 
[2025-06-12 18:17:18.331.626] [INFO  ] [Controller] trot run2... 
[2025-06-12 18:17:18.431.625] [INFO  ] [Controller] trot run2... 
[2025-06-12 18:17:18.503.644] [INFO  ] [Controller] [Joints] FL: +49.291, +40.630, +47.559 ,FR: +47.559, +40.630, +47.559, HL: 56.220, +44.094, +61.417, HR: +59.685, +44.094, +63.150 Max HR-Knee = +63.150 Min FL-HipY = +40.630 
[2025-06-12 18:17:18.531.625] [INFO  ] [Controller] trot run2... 
[2025-06-12 18:17:18.536.421] [INFO  ] [Battery] SoC = 62%, Volt = +29.700V, Temp 31 
[2025-06-12 18:17:20.436.625] [INFO  ] [Controller] trot... 
[2025-06-12 18:17:20.536.624] [INFO  ] [Controller] trot... 
[2025-06-12 18:17:20.636.625] [INFO  ] [Controller] trot... 
[2025-06-12 18:17:20.736.625] [INFO  ] [Controller] trot... 
[2025-06-12 18:17:20.836.624] [INFO  ] [Controller] trot... 
[2025-06-12 18:17:20.936.624] [INFO  ] [Controller] trot... 
[2025-06-12 18:17:21.003.646] [INFO  ] [Controller] [Joints] FL: +47.559, +42.362, +49.291 ,FR: +47.559, +40.630, +49.291, HL: 56.220, +44.094, +61.417, HR: +59.685, +44.094, +63.150 Max HR-Knee = +63.150 Min FR-HipY = +40.630 
[2025-06-12 18:17:21.037.622] [INFO  ] [Controller] trot... 
[2025-06-12 18:17:21.137.625] [INFO  ] [Controller] trot... 
[2025-06-12 18:17:21.237.624] [INFO  ] [Controller] trot... 
[2025-06-12 18:17:21.337.627] [INFO  ] [Controller] trot... 
[2025-06-12 18:17:22.741.625] [INFO  ] [Controller] KeepRun ... 
[2025-06-12 18:17:22.841.727] [INFO  ] [Controller] KeepRun ... 
[2025-06-12 18:17:22.941.624] [INFO  ] [Controller] KeepRun ... 
[2025-06-12 18:17:23.041.624] [INFO  ] [Controller] KeepRun ... 
[2025-06-12 18:17:23.141.623] [INFO  ] [Controller] KeepRun ... 
[2025-06-12 18:17:23.241.626] [INFO  ] [Controller] KeepRun ... 
[2025-06-12 18:17:23.341.623] [INFO  ] [Controller] KeepRun ... 
[2025-06-12 18:17:23.442.625] [INFO  ] [Controller] KeepRun ... 
[2025-06-12 18:17:23.503.650] [INFO  ] [Controller] [Joints] FL: +49.291, +42.362, +49.291 ,FR: +47.559, +40.630, +49.291, HL: 56.220, +44.094, +63.150, HR: +59.685, +44.094, +64.882 Max HR-Knee = +64.882 Min FR-HipY = +40.630 
[2025-06-12 18:17:23.532.617] [INFO  ] [Battery] SoC = 61%, Volt = +29.900V, Temp 31 
[2025-06-12 18:17:23.542.616] [INFO  ] [Controller] KeepRun ... 
[2025-06-12 18:17:23.642.624] [INFO  ] [Controller] KeepRun ... 
[2025-06-12 18:17:23.743.629] [INFO  ] [Controller] trot run2... 
[2025-06-12 18:17:23.843.628] [INFO  ] [Controller] trot run2... 
[2025-06-12 18:17:23.943.628] [INFO  ] [Controller] trot run2... 
[2025-06-12 18:17:24.043.629] [INFO  ] [Controller] trot run2... 
[2025-06-12 18:17:24.143.630] [INFO  ] [Controller] trot run2... 
[2025-06-12 18:17:24.243.629] [INFO  ] [Controller] trot run2... 
[2025-06-12 18:17:24.343.630] [INFO  ] [Controller] trot run2... 
[2025-06-12 18:17:24.444.627] [INFO  ] [Controller] trot run2... 
[2025-06-12 18:17:24.544.623] [INFO  ] [Controller] trot run2... 
[2025-06-12 18:17:24.644.631] [INFO  ] [Controller] trot run2... 
[2025-06-12 18:17:26.003.645] [INFO  ] [Controller] [Joints] FL: +49.291, +42.362, +49.291 ,FR: +47.559, +40.630, +49.291, HL: 56.220, +44.094, +63.150, HR: +59.685, +44.094, +64.882 Max HR-Knee = +64.882 Min FR-HipY = +40.630 
[2025-06-12 18:17:26.348.626] [INFO  ] [Controller] AutoStop ... 
[2025-06-12 18:17:26.448.624] [INFO  ] [Controller] Greeting2... 
[2025-06-12 18:17:26.549.623] [INFO  ] [Controller] Greeting2... 
[2025-06-12 18:17:26.649.624] [INFO  ] [Controller] Greeting2... 
[2025-06-12 18:17:26.749.624] [INFO  ] [Controller] Greeting2... 
[2025-06-12 18:17:26.849.623] [INFO  ] [Controller] Greeting2... 
[2025-06-12 18:17:26.949.624] [INFO  ] [Controller] Greeting2... 
[2025-06-12 18:17:27.049.624] [INFO  ] [Controller] Greeting2... 
[2025-06-12 18:17:27.150.625] [INFO  ] [Controller] Greeting2... 
[2025-06-12 18:17:27.250.624] [INFO  ] [Controller] Greeting2... 
[2025-06-12 18:17:27.350.623] [INFO  ] [Controller] Greeting2... 
[2025-06-12 18:17:27.450.625] [INFO  ] [Controller] Greeting2... 
[2025-06-12 18:17:27.550.626] [INFO  ] [Controller] Greeting2... 
[2025-06-12 18:17:27.650.623] [INFO  ] [Controller] Greeting2... 
[2025-06-12 18:17:27.750.625] [INFO  ] [Controller] Greeting2... 
[2025-06-12 18:17:27.850.624] [INFO  ] [Controller] Greeting2... 
[2025-06-12 18:17:27.950.623] [INFO  ] [Controller] Greeting2... 
[2025-06-12 18:17:28.009.643] [INFO  ] [BasicMotion] Switching to force control mode, please wait... 
[2025-06-12 18:17:28.051.618] [INFO  ] [Controller] Greeting2... 
[2025-06-12 18:17:28.051.652] [INFO  ] [BasicMotion] Greeting, please wait... 
[2025-06-12 18:17:28.151.623] [INFO  ] [Controller] Greeting2... 
[2025-06-12 18:17:28.251.625] [INFO  ] [Controller] Greeting2... 
[2025-06-12 18:17:28.351.636] [INFO  ] [Controller] Greeting2... 
[2025-06-12 18:17:28.451.625] [INFO  ] [Controller] Greeting2... 
[2025-06-12 18:17:28.503.655] [INFO  ] [Controller] [Joints] FL: +49.291, +42.362, +51.024 ,FR: +49.291, +40.630, +49.291, HL: 56.220, +44.094, +63.150, HR: +59.685, +44.094, +66.614 Max HR-Knee = +66.614 Min FR-HipY = +40.630 
[2025-06-12 18:17:28.528.786] [INFO  ] [Battery] SoC = 61%, Volt = +29.800V, Temp 31 
[2025-06-12 18:17:28.551.621] [INFO  ] [Controller] Greeting2... 
[2025-06-12 18:17:28.651.634] [INFO  ] [Controller] Greeting2... 
[2025-06-12 18:17:28.752.634] [INFO  ] [Controller] Greeting2... 
[2025-06-12 18:17:28.852.626] [INFO  ] [Controller] Greeting2... 
[2025-06-12 18:17:28.952.627] [INFO  ] [Controller] Greeting2... 
[2025-06-12 18:17:29.052.625] [INFO  ] [Controller] Greeting2... 
[2025-06-12 18:17:29.152.626] [INFO  ] [Controller] Greeting2... 
[2025-06-12 18:17:29.252.626] [INFO  ] [Controller] Greeting2... 
[2025-06-12 18:17:29.352.625] [INFO  ] [Controller] Greeting2... 
[2025-06-12 18:17:29.452.626] [INFO  ] [Controller] Greeting2... 
[2025-06-12 18:17:29.553.630] [INFO  ] [Controller] Greeting2... 
[2025-06-12 18:17:29.562.621] [INFO  ] [BasicMotion] Greeting Third State End ... 
[2025-06-12 18:17:29.653.629] [INFO  ] [Controller] Greeting2... 
[2025-06-12 18:17:29.753.630] [INFO  ] [Controller] Greeting2... 
[2025-06-12 18:17:29.853.630] [INFO  ] [Controller] Greeting2... 
[2025-06-12 18:17:29.953.628] [INFO  ] [Controller] Greeting2... 
[2025-06-12 18:17:30.053.625] [INFO  ] [Controller] Greeting2... 
[2025-06-12 18:17:30.062.619] [INFO  ] [BasicMotion] waving_cnt: 1 
[2025-06-12 18:17:30.153.633] [INFO  ] [Controller] Greeting2... 
[2025-06-12 18:17:30.254.632] [INFO  ] [Controller] Greeting2... 
[2025-06-12 18:17:30.354.626] [INFO  ] [Controller] Greeting2... 
[2025-06-12 18:17:30.454.625] [INFO  ] [Controller] Greeting2... 
[2025-06-12 18:17:30.554.628] [INFO  ] [Controller] Greeting2... 
[2025-06-12 18:17:30.563.620] [INFO  ] [BasicMotion] waving_cnt: 2 
[2025-06-12 18:17:30.654.624] [INFO  ] [Controller] Greeting2... 
[2025-06-12 18:17:30.754.624] [INFO  ] [Controller] Greeting2... 
[2025-06-12 18:17:30.854.630] [INFO  ] [Controller] Greeting2... 
[2025-06-12 18:17:30.955.626] [INFO  ] [Controller] Greeting2... 
[2025-06-12 18:17:31.003.647] [INFO  ] [Controller] [Joints] FL: +49.291, +42.362, +51.024 ,FR: +49.291, +40.630, +51.024, HL: 56.220, +44.094, +64.882, HR: +59.685, +44.094, +66.614 Max HR-Knee = +66.614 Min FR-HipY = +40.630 
[2025-06-12 18:17:31.055.624] [INFO  ] [Controller] Greeting2... 
[2025-06-12 18:17:31.063.621] [INFO  ] [BasicMotion] waving_cnt: 3 
[2025-06-12 18:17:31.155.623] [INFO  ] [Controller] Greeting2... 
[2025-06-12 18:17:31.255.626] [INFO  ] [Controller] Greeting2... 
[2025-06-12 18:17:31.355.624] [INFO  ] [Controller] Greeting2... 
[2025-06-12 18:17:31.455.625] [INFO  ] [Controller] Greeting2... 
[2025-06-12 18:17:31.555.626] [INFO  ] [Controller] Greeting2... 
[2025-06-12 18:17:31.564.628] [INFO  ] [BasicMotion] waving_cnt: 4 
[2025-06-12 18:17:31.655.626] [INFO  ] [Controller] Greeting2... 
[2025-06-12 18:17:31.756.624] [INFO  ] [Controller] Greeting2... 
[2025-06-12 18:17:31.856.628] [INFO  ] [Controller] Greeting2... 
[2025-06-12 18:17:31.956.635] [INFO  ] [Controller] Greeting2... 
[2025-06-12 18:17:32.056.634] [INFO  ] [Controller] Greeting2... 
[2025-06-12 18:17:32.064.628] [INFO  ] [BasicMotion] waving_cnt: 5 
[2025-06-12 18:17:32.156.622] [INFO  ] [Controller] Greeting2... 
[2025-06-12 18:17:32.256.623] [INFO  ] [Controller] Greeting2... 
[2025-06-12 18:17:32.356.624] [INFO  ] [Controller] Greeting2... 
[2025-06-12 18:17:32.457.624] [INFO  ] [Controller] Greeting2... 
[2025-06-12 18:17:32.557.625] [INFO  ] [Controller] Greeting2... 
[2025-06-12 18:17:32.564.626] [INFO  ] [BasicMotion] waving_cnt: 6 
[2025-06-12 18:17:32.657.625] [INFO  ] [Controller] Greeting2... 
[2025-06-12 18:17:32.757.626] [INFO  ] [Controller] Greeting2... 
[2025-06-12 18:17:32.857.625] [INFO  ] [Controller] Greeting2... 
[2025-06-12 18:17:32.957.625] [INFO  ] [Controller] Greeting2... 
[2025-06-12 18:17:33.057.626] [INFO  ] [Controller] Greeting2... 
[2025-06-12 18:17:33.065.620] [INFO  ] [BasicMotion] waving_cnt: 7 
[2025-06-12 18:17:33.158.623] [INFO  ] [Controller] Greeting2... 
[2025-06-12 18:17:33.258.624] [INFO  ] [Controller] Greeting2... 
[2025-06-12 18:17:33.358.628] [INFO  ] [Controller] Greeting2... 
[2025-06-12 18:17:33.459.625] [INFO  ] [Controller] KeepRun ... 
[2025-06-12 18:17:33.503.650] [INFO  ] [Controller] [Joints] FL: +49.291, +42.362, +51.024 ,FR: +49.291, +40.630, +51.024, HL: 56.220, +44.094, +64.882, HR: +59.685, +44.094, +66.614 Max HR-Knee = +66.614 Min FR-HipY = +40.630 
[2025-06-12 18:17:33.525.000] [INFO  ] [Battery] SoC = 61%, Volt = +30.000V, Temp 31 
[2025-06-12 18:17:33.559.621] [INFO  ] [Controller] KeepRun ... 
[2025-06-12 18:17:33.566.618] [INFO  ] [BasicMotion] waving_cnt: 8 
[2025-06-12 18:17:33.659.627] [INFO  ] [Controller] KeepRun ... 
[2025-06-12 18:17:33.759.629] [INFO  ] [Controller] KeepRun ... 
[2025-06-12 18:17:33.859.627] [INFO  ] [Controller] KeepRun ... 
[2025-06-12 18:17:33.959.641] [INFO  ] [Controller] KeepRun ... 
[2025-06-12 18:17:34.060.630] [INFO  ] [Controller] KeepRun ... 
[2025-06-12 18:17:34.066.619] [INFO  ] [BasicMotion] waving_cnt: 9 
[2025-06-12 18:17:34.160.622] [INFO  ] [Controller] KeepRun ... 
[2025-06-12 18:17:34.260.625] [INFO  ] [Controller] KeepRun ... 
[2025-06-12 18:17:34.360.626] [INFO  ] [Controller] KeepRun ... 
[2025-06-12 18:17:34.460.628] [INFO  ] [Controller] KeepRun ... 
[2025-06-12 18:17:34.560.625] [INFO  ] [Controller] KeepRun ... 
[2025-06-12 18:17:34.660.627] [INFO  ] [Controller] KeepRun ... 
[2025-06-12 18:17:34.760.628] [INFO  ] [Controller] KeepRun ... 
[2025-06-12 18:17:34.860.628] [INFO  ] [Controller] KeepRun ... 
[2025-06-12 18:17:34.961.629] [INFO  ] [Controller] KeepRun ... 
[2025-06-12 18:17:35.061.625] [INFO  ] [Controller] KeepRun ... 
[2025-06-12 18:17:35.161.626] [INFO  ] [Controller] KeepRun ... 
[2025-06-12 18:17:35.261.627] [INFO  ] [Controller] KeepRun ... 
[2025-06-12 18:17:35.361.627] [INFO  ] [Controller] KeepRun ... 
[2025-06-12 18:17:35.461.629] [INFO  ] [Controller] KeepRun ... 
[2025-06-12 18:17:35.561.630] [INFO  ] [Controller] KeepRun ... 
[2025-06-12 18:17:35.662.627] [INFO  ] [Controller] KeepRun ... 
[2025-06-12 18:17:35.762.628] [INFO  ] [Controller] KeepRun ... 
[2025-06-12 18:17:35.862.626] [INFO  ] [Controller] KeepRun ... 
[2025-06-12 18:17:35.962.627] [INFO  ] [Controller] KeepRun ... 
[2025-06-12 18:17:36.003.647] [INFO  ] [Controller] [Joints] FL: +49.291, +42.362, +51.024 ,FR: +49.291, +40.630, +51.024, HL: 56.220, +44.094, +64.882, HR: +59.685, +44.094, +66.614 Max HR-Knee = +66.614 Min FR-HipY = +40.630 
[2025-06-12 18:17:36.062.627] [INFO  ] [Controller] KeepRun ... 
[2025-06-12 18:17:36.068.630] [INFO  ] [BasicMotion] Stand up action has finished, waitting to switch to force control mode! 
[2025-06-12 18:17:36.068.655] [INFO  ] [BasicMotion] Switching to force control mode, please wait... 
[2025-06-12 18:17:36.162.631] [INFO  ] [Controller] KeepRun ... 
[2025-06-12 18:17:36.262.627] [INFO  ] [Controller] KeepRun ... 
[2025-06-12 18:17:36.362.628] [INFO  ] [Controller] KeepRun ... 
[2025-06-12 18:17:36.463.636] [INFO  ] [Controller] trot run2... 
[2025-06-12 18:17:36.563.633] [INFO  ] [Controller] trot run2... 
[2025-06-12 18:17:36.664.777] [INFO  ] [Controller] trot run2... 
[2025-06-12 18:17:36.764.634] [INFO  ] [Controller] trot run2... 
[2025-06-12 18:17:36.864.626] [INFO  ] [Controller] trot run2... 
[2025-06-12 18:17:36.870.646] [INFO  ] [TVMPC] JY is Moving... (tvmpc),  time: 2631.751338 
[2025-06-12 18:17:36.964.969] [INFO  ] [Controller] trot run2... 
[2025-06-12 18:17:37.064.638] [INFO  ] [Controller] trot run2... 
[2025-06-12 18:17:37.164.623] [INFO  ] [Controller] trot run2... 
[2025-06-12 18:17:37.264.624] [INFO  ] [Controller] trot run2... 
[2025-06-12 18:17:37.365.625] [INFO  ] [Controller] trot run2... 
[2025-06-12 18:17:38.503.641] [INFO  ] [Controller] [Joints] FL: +49.291, +44.094, +51.024 ,FR: +49.291, +40.630, +51.024, HL: 57.953, +44.094, +64.882, HR: +59.685, +44.094, +66.614 Max HR-Knee = +66.614 Min FR-HipY = +40.630 
[2025-06-12 18:17:38.521.180] [INFO  ] [Battery] SoC = 61%, Volt = +29.200V, Temp 31 
[2025-06-12 18:17:39.268.624] [INFO  ] [Controller] trot... 
[2025-06-12 18:17:39.369.624] [INFO  ] [Controller] trot... 
[2025-06-12 18:17:39.469.625] [INFO  ] [Controller] trot... 
[2025-06-12 18:17:39.569.624] [INFO  ] [Controller] trot... 
[2025-06-12 18:17:39.669.629] [INFO  ] [Controller] trot... 
[2025-06-12 18:17:39.769.626] [INFO  ] [Controller] trot... 
[2025-06-12 18:17:39.869.634] [INFO  ] [Controller] trot... 
[2025-06-12 18:17:39.969.625] [INFO  ] [Controller] trot... 
[2025-06-12 18:17:40.070.626] [INFO  ] [Controller] trot... 
[2025-06-12 18:17:40.170.626] [INFO  ] [Controller] trot... 
[2025-06-12 18:17:40.872.627] [INFO  ] [Controller] AutoStop ... 
[2025-06-12 18:17:40.973.630] [INFO  ] [Controller] KeepRun ... 
[2025-06-12 18:17:41.004.636] [INFO  ] [Controller] [Joints] FL: +49.291, +44.094, +52.756 ,FR: +49.291, +40.630, +51.024, HL: 57.953, +44.094, +64.882, HR: +61.417, +45.827, +68.346 Max HR-Knee = +68.346 Min FR-HipY = +40.630 
[2025-06-12 18:17:41.073.630] [INFO  ] [Controller] KeepRun ... 
[2025-06-12 18:17:41.173.636] [INFO  ] [Controller] KeepRun ... 
[2025-06-12 18:17:41.273.642] [INFO  ] [Controller] KeepRun ... 
[2025-06-12 18:17:41.373.635] [INFO  ] [Controller] KeepRun ... 
[2025-06-12 18:17:41.474.626] [INFO  ] [Controller] KeepRun ... 
[2025-06-12 18:17:41.574.626] [INFO  ] [Controller] KeepRun ... 
[2025-06-12 18:17:41.674.625] [INFO  ] [Controller] KeepRun ... 
[2025-06-12 18:17:41.774.627] [INFO  ] [Controller] KeepRun ... 
[2025-06-12 18:17:41.874.627] [INFO  ] [Controller] KeepRun ... 
[2025-06-12 18:17:41.974.625] [INFO  ] [Controller] KeepRun ... 
[2025-06-12 18:17:42.074.627] [INFO  ] [Controller] KeepRun ... 
[2025-06-12 18:17:42.174.625] [INFO  ] [Controller] KeepRun ... 
[2025-06-12 18:17:42.275.626] [INFO  ] [Controller] KeepRun ... 
[2025-06-12 18:17:42.375.637] [INFO  ] [Controller] KeepRun ... 
[2025-06-12 18:17:42.475.626] [INFO  ] [Controller] KeepRun ... 
[2025-06-12 18:17:42.575.624] [INFO  ] [Controller] KeepRun ... 
[2025-06-12 18:17:42.675.637] [INFO  ] [Controller] KeepRun ... 
[2025-06-12 18:17:42.775.625] [INFO  ] [Controller] KeepRun ... 
[2025-06-12 18:17:42.875.627] [INFO  ] [Controller] KeepRun ... 
[2025-06-12 18:17:43.504.638] [INFO  ] [Controller] [Joints] FL: +49.291, +44.094, +52.756 ,FR: +51.024, +40.630, +51.024, HL: 57.953, +44.094, +64.882, HR: +61.417, +45.827, +68.346 Max HR-Knee = +68.346 Min FR-HipY = +40.630 
[2025-06-12 18:17:43.517.410] [INFO  ] [Battery] SoC = 61%, Volt = +29.900V, Temp 31 
[2025-06-12 18:17:46.004.639] [INFO  ] [Controller] [Joints] FL: +49.291, +44.094, +52.756 ,FR: +51.024, +40.630, +51.024, HL: 57.953, +44.094, +64.882, HR: +61.417, +45.827, +68.346 Max HR-Knee = +68.346 Min FR-HipY = +40.630 
[2025-06-12 18:17:48.504.640] [INFO  ] [Controller] [Joints] FL: +51.024, +44.094, +52.756 ,FR: +51.024, +40.630, +51.024, HL: 57.953, +44.094, +64.882, HR: +61.417, +45.827, +68.346 Max HR-Knee = +68.346 Min FR-HipY = +40.630 
[2025-06-12 18:17:48.513.580] [INFO  ] [Battery] SoC = 61%, Volt = +29.900V, Temp 31 
[2025-06-12 18:17:51.004.639] [INFO  ] [Controller] [Joints] FL: +51.024, +44.094, +52.756 ,FR: +51.024, +40.630, +51.024, HL: 57.953, +44.094, +64.882, HR: +61.417, +45.827, +68.346 Max HR-Knee = +68.346 Min FR-HipY = +40.630 
[2025-06-12 18:17:53.504.648] [INFO  ] [Controller] [Joints] FL: +51.024, +42.362, +52.756 ,FR: +49.291, +40.630, +51.024, HL: 57.953, +44.094, +64.882, HR: +61.417, +45.827, +68.346 Max HR-Knee = +68.346 Min FR-HipY = +40.630 
[2025-06-12 18:17:53.509.822] [INFO  ] [Battery] SoC = 61%, Volt = +30.000V, Temp 31 
[2025-06-12 18:17:56.004.638] [INFO  ] [Controller] [Joints] FL: +51.024, +42.362, +52.756 ,FR: +49.291, +40.630, +51.024, HL: 57.953, +44.094, +64.882, HR: +61.417, +44.094, +70.079 Max HR-Knee = +70.079 Min FR-HipY = +40.630 
[2025-06-12 18:17:58.504.638] [INFO  ] [Controller] [Joints] FL: +51.024, +42.362, +52.756 ,FR: +49.291, +40.630, +51.024, HL: 56.220, +44.094, +64.882, HR: +61.417, +44.094, +70.079 Max HR-Knee = +70.079 Min FR-HipY = +40.630 
[2025-06-12 18:17:58.506.061] [INFO  ] [Battery] SoC = 61%, Volt = +29.800V, Temp 31 
[2025-06-12 18:18:00.545.174] [WARN  ] [CPU] Cpu temperature -2091312540 cpu  
[2025-06-12 18:18:01.004.640] [INFO  ] [Controller] [Joints] FL: +51.024, +42.362, +52.756 ,FR: +49.291, +40.630, +51.024, HL: 56.220, +44.094, +64.882, HR: +61.417, +44.094, +70.079 Max HR-Knee = +70.079 Min FR-HipY = +40.630 
[2025-06-12 18:18:03.502.212] [INFO  ] [Battery] SoC = 60%, Volt = +29.800V, Temp 31 
[2025-06-12 18:18:03.504.625] [INFO  ] [Controller] [Joints] FL: +51.024, +42.362, +52.756 ,FR: +49.291, +40.630, +51.024, HL: 57.953, +44.094, +64.882, HR: +61.417, +44.094, +70.079 Max HR-Knee = +70.079 Min FR-HipY = +40.630 
[2025-06-12 18:18:06.004.637] [INFO  ] [Controller] [Joints] FL: +51.024, +42.362, +52.756 ,FR: +49.291, +40.630, +51.024, HL: 57.953, +44.094, +64.882, HR: +61.417, +44.094, +70.079 Max HR-Knee = +70.079 Min FR-HipY = +40.630 
[2025-06-12 18:18:08.498.475] [INFO  ] [Battery] SoC = 60%, Volt = +29.900V, Temp 31 
[2025-06-12 18:18:08.504.628] [INFO  ] [Controller] [Joints] FL: +51.024, +42.362, +52.756 ,FR: +51.024, +40.630, +51.024, HL: 57.953, +44.094, +64.882, HR: +61.417, +44.094, +68.346 Max HR-Knee = +68.346 Min FR-HipY = +40.630 
[2025-06-12 18:18:10.618.625] [INFO  ] [Controller] KeepRun ... 
[2025-06-12 18:18:10.718.625] [INFO  ] [Controller] KeepRun ... 
[2025-06-12 18:18:10.818.680] [INFO  ] [Controller] KeepRun ... 
[2025-06-12 18:18:10.918.623] [INFO  ] [Controller] KeepRun ... 
[2025-06-12 18:18:11.004.646] [INFO  ] [Controller] [Joints] FL: +51.024, +42.362, +52.756 ,FR: +51.024, +40.630, +51.024, HL: 57.953, +44.094, +64.882, HR: +61.417, +44.094, +68.346 Max HR-Knee = +68.346 Min FR-HipY = +40.630 
[2025-06-12 18:18:11.019.621] [INFO  ] [Controller] KeepRun ... 
[2025-06-12 18:18:11.119.627] [INFO  ] [Controller] KeepRun ... 
[2025-06-12 18:18:11.219.624] [INFO  ] [Controller] KeepRun ... 
[2025-06-12 18:18:11.319.624] [INFO  ] [Controller] KeepRun ... 
[2025-06-12 18:18:11.419.624] [INFO  ] [Controller] KeepRun ... 
[2025-06-12 18:18:11.519.625] [INFO  ] [Controller] KeepRun ... 
[2025-06-12 18:18:12.546.016] [WARN  ] [CPU] Cpu temperature -2091312540 cpu  
[2025-06-12 18:18:13.494.799] [INFO  ] [Battery] SoC = 60%, Volt = +29.800V, Temp 31 
[2025-06-12 18:18:13.504.628] [INFO  ] [Controller] [Joints] FL: +51.024, +42.362, +52.756 ,FR: +51.024, +40.630, +51.024, HL: 57.953, +44.094, +64.882, HR: +59.685, +44.094, +68.346 Max HR-Knee = +68.346 Min FR-HipY = +40.630 
[2025-06-12 18:18:14.546.213] [WARN  ] [CPU] Cpu temperature -2091312540 cpu  
[2025-06-12 18:18:16.004.647] [INFO  ] [Controller] [Joints] FL: +51.024, +42.362, +52.756 ,FR: +51.024, +40.630, +51.024, HL: 57.953, +44.094, +64.882, HR: +59.685, +44.094, +70.079 Max HR-Knee = +70.079 Min FR-HipY = +40.630 
[2025-06-12 18:18:16.546.390] [WARN  ] [CPU] Cpu temperature -2091312540 cpu  
[2025-06-12 18:18:18.491.178] [INFO  ] [Battery] SoC = 60%, Volt = +29.800V, Temp 31 
[2025-06-12 18:18:18.504.628] [INFO  ] [Controller] [Joints] FL: +51.024, +42.362, +52.756 ,FR: +51.024, +40.630, +51.024, HL: 57.953, +44.094, +64.882, HR: +59.685, +44.094, +70.079 Max HR-Knee = +70.079 Min FR-HipY = +40.630 
[2025-06-12 18:18:18.546.603] [WARN  ] [CPU] Cpu temperature -2091312540 cpu  
[2025-06-12 18:18:20.546.776] [WARN  ] [CPU] Cpu temperature -2091312540 cpu  
[2025-06-12 18:18:21.004.640] [INFO  ] [Controller] [Joints] FL: +51.024, +42.362, +52.756 ,FR: +51.024, +40.630, +51.024, HL: 57.953, +44.094, +64.882, HR: +59.685, +44.094, +70.079 Max HR-Knee = +70.079 Min FR-HipY = +40.630 
[2025-06-12 18:18:22.546.950] [WARN  ] [CPU] Cpu temperature -2091312540 cpu  
[2025-06-12 18:18:23.487.550] [INFO  ] [Battery] SoC = 60%, Volt = +29.800V, Temp 31 
[2025-06-12 18:18:23.504.636] [INFO  ] [Controller] [Joints] FL: +51.024, +42.362, +52.756 ,FR: +51.024, +40.630, +51.024, HL: 57.953, +44.094, +64.882, HR: +59.685, +44.094, +70.079 Max HR-Knee = +70.079 Min FR-HipY = +40.630 
[2025-06-12 18:18:24.547.121] [WARN  ] [CPU] Cpu temperature -2091312540 cpu  
[2025-06-12 18:18:26.004.640] [INFO  ] [Controller] [Joints] FL: +51.024, +42.362, +52.756 ,FR: +51.024, +40.630, +51.024, HL: 57.953, +44.094, +64.882, HR: +59.685, +44.094, +68.346 Max HR-Knee = +68.346 Min FR-HipY = +40.630 
[2025-06-12 18:18:26.547.268] [WARN  ] [CPU] Cpu temperature -2091312540 cpu  
[2025-06-12 18:18:28.483.910] [INFO  ] [Battery] SoC = 60%, Volt = +29.800V, Temp 31 
[2025-06-12 18:18:28.504.643] [INFO  ] [Controller] [Joints] FL: +51.024, +40.630, +52.756 ,FR: +51.024, +40.630, +51.024, HL: 57.953, +44.094, +64.882, HR: +59.685, +44.094, +68.346 Max HR-Knee = +68.346 Min FL-HipY = +40.630 
[2025-06-12 18:18:28.547.437] [WARN  ] [CPU] Cpu temperature -2091312540 cpu  
[2025-06-12 18:18:30.547.616] [WARN  ] [CPU] Cpu temperature -2091312540 cpu  
[2025-06-12 18:18:31.004.639] [INFO  ] [Controller] [Joints] FL: +51.024, +40.630, +52.756 ,FR: +51.024, +40.630, +52.756, HL: 57.953, +44.094, +64.882, HR: +59.685, +44.094, +68.346 Max HR-Knee = +68.346 Min FL-HipY = +40.630 
[2025-06-12 18:18:32.547.798] [WARN  ] [CPU] Cpu temperature -2091312540 cpu  
[2025-06-12 18:18:33.480.233] [INFO  ] [Battery] SoC = 60%, Volt = +29.800V, Temp 31 
[2025-06-12 18:18:33.504.640] [INFO  ] [Controller] [Joints] FL: +52.756, +40.630, +52.756 ,FR: +51.024, +40.630, +52.756, HL: 57.953, +44.094, +63.150, HR: +59.685, +44.094, +68.346 Max HR-Knee = +68.346 Min FL-HipY = +40.630 
[2025-06-12 18:18:34.547.965] [WARN  ] [CPU] Cpu temperature -2091312540 cpu  
[2025-06-12 18:18:36.004.641] [INFO  ] [Controller] [Joints] FL: +52.756, +40.630, +52.756 ,FR: +51.024, +40.630, +52.756, HL: 57.953, +44.094, +63.150, HR: +59.685, +44.094, +68.346 Max HR-Knee = +68.346 Min FL-HipY = +40.630 
[2025-06-12 18:18:36.548.143] [WARN  ] [CPU] Cpu temperature -2091312540 cpu  
[2025-06-12 18:18:38.476.429] [INFO  ] [Battery] SoC = 60%, Volt = +29.800V, Temp 31 
[2025-06-12 18:18:38.505.635] [INFO  ] [Controller] [Joints] FL: +52.756, +40.630, +52.756 ,FR: +49.291, +40.630, +52.756, HL: 57.953, +44.094, +63.150, HR: +59.685, +44.094, +68.346 Max HR-Knee = +68.346 Min FL-HipY = +40.630 
[2025-06-12 18:18:41.005.638] [INFO  ] [Controller] [Joints] FL: +52.756, +40.630, +52.756 ,FR: +51.024, +40.630, +52.756, HL: 57.953, +44.094, +63.150, HR: +59.685, +44.094, +68.346 Max HR-Knee = +68.346 Min FL-HipY = +40.630 
[2025-06-12 18:18:42.548.581] [WARN  ] [CPU] Cpu temperature -2091312540 cpu  
[2025-06-12 18:18:42.634.627] [INFO  ] [Controller] AutoStop ... 
[2025-06-12 18:18:42.735.626] [INFO  ] [Controller] Switch to Twist Body Mode!!! 
[2025-06-12 18:18:42.835.779] [INFO  ] [Controller] Switch to Twist Body Mode!!! 
[2025-06-12 18:18:42.935.624] [INFO  ] [Controller] Switch to Twist Body Mode!!! 
[2025-06-12 18:18:42.993.037] [INFO  ] [TVMPC] [trot]STOP!!! 
[2025-06-12 18:18:42.993.627] [INFO  ] [BasicMotion] Switching to force control mode, please wait... 
[2025-06-12 18:18:43.035.624] [INFO  ] [Controller] Switch to Twist Body Mode!!! 
[2025-06-12 18:18:43.135.627] [INFO  ] [Controller] Switch to Twist Body Mode!!! 
[2025-06-12 18:18:43.235.627] [INFO  ] [Controller] Switch to Twist Body Mode!!! 
[2025-06-12 18:18:43.336.638] [INFO  ] [Controller] Switch to Twist Body Mode!!! 
[2025-06-12 18:18:43.436.625] [INFO  ] [Controller] Switch to Twist Body Mode!!! 
[2025-06-12 18:18:43.472.705] [INFO  ] [Battery] SoC = 60%, Volt = +29.800V, Temp 31 
[2025-06-12 18:18:43.505.634] [INFO  ] [Controller] [Joints] FL: +52.756, +40.630, +52.756 ,FR: +51.024, +40.630, +52.756, HL: 56.220, +44.094, +63.150, HR: +59.685, +44.094, +68.346 Max HR-Knee = +68.346 Min FL-HipY = +40.630 
[2025-06-12 18:18:43.536.624] [INFO  ] [Controller] Switch to Twist Body Mode!!! 
[2025-06-12 18:18:43.636.636] [INFO  ] [Controller] Switch to Twist Body Mode!!! 
[2025-06-12 18:18:46.005.647] [INFO  ] [Controller] [Joints] FL: +52.756, +40.630, +52.756 ,FR: +49.291, +40.630, +52.756, HL: 56.220, +44.094, +63.150, HR: +59.685, +44.094, +68.346 Max HR-Knee = +68.346 Min FL-HipY = +40.630 
[2025-06-12 18:18:48.468.885] [INFO  ] [Battery] SoC = 59%, Volt = +29.800V, Temp 31 
[2025-06-12 18:18:48.505.642] [INFO  ] [Controller] [Joints] FL: +52.756, +40.630, +52.756 ,FR: +49.291, +40.630, +52.756, HL: 56.220, +44.094, +63.150, HR: +59.685, +44.094, +68.346 Max HR-Knee = +68.346 Min FL-HipY = +40.630 
[2025-06-12 18:18:51.005.645] [INFO  ] [Controller] [Joints] FL: +52.756, +40.630, +52.756 ,FR: +49.291, +40.630, +52.756, HL: 56.220, +44.094, +63.150, HR: +59.685, +44.094, +68.346 Max HR-Knee = +68.346 Min FL-HipY = +40.630 
[2025-06-12 18:18:53.465.264] [INFO  ] [Battery] SoC = 59%, Volt = +29.800V, Temp 31 
[2025-06-12 18:18:53.505.643] [INFO  ] [Controller] [Joints] FL: +51.024, +40.630, +52.756 ,FR: +49.291, +40.630, +52.756, HL: 56.220, +44.094, +63.150, HR: +59.685, +44.094, +68.346 Max HR-Knee = +68.346 Min FL-HipY = +40.630 
[2025-06-12 18:18:55.804.626] [INFO  ] [Controller] Switch to Move Mode!!! 
[2025-06-12 18:18:55.805.645] [INFO  ] [TVMPC] JY is Moving... (tvmpc),  time: 2710.686340 
[2025-06-12 18:18:55.904.626] [INFO  ] [Controller] Switch to Move Mode!!! 
[2025-06-12 18:18:56.005.644] [INFO  ] [Controller] [Joints] FL: +51.024, +40.630, +52.756 ,FR: +49.291, +40.630, +52.756, HL: 56.220, +44.094, +64.882, HR: +59.685, +44.094, +68.346 Max HR-Knee = +68.346 Min FL-HipY = +40.630 
[2025-06-12 18:18:56.005.674] [INFO  ] [Controller] Switch to Move Mode!!! 
[2025-06-12 18:18:56.105.625] [INFO  ] [Controller] Switch to Move Mode!!! 
[2025-06-12 18:18:56.205.626] [INFO  ] [Controller] Switch to Move Mode!!! 
[2025-06-12 18:18:56.305.630] [INFO  ] [Controller] Switch to Move Mode!!! 
[2025-06-12 18:18:56.405.624] [INFO  ] [Controller] Switch to Move Mode!!! 
[2025-06-12 18:18:56.505.625] [INFO  ] [Controller] Switch to Move Mode!!! 
[2025-06-12 18:18:56.606.624] [INFO  ] [Controller] Switch to Move Mode!!! 
[2025-06-12 18:18:56.706.624] [INFO  ] [Controller] Switch to Move Mode!!! 
[2025-06-12 18:18:58.461.644] [INFO  ] [Battery] SoC = 59%, Volt = +29.700V, Temp 31 
[2025-06-12 18:18:58.505.645] [INFO  ] [Controller] [Joints] FL: +51.024, +40.630, +52.756 ,FR: +49.291, +40.630, +52.756, HL: 56.220, +44.094, +64.882, HR: +59.685, +44.094, +70.079 Max HR-Knee = +70.079 Min FL-HipY = +40.630 
[2025-06-12 18:18:58.549.583] [WARN  ] [CPU] Cpu temperature -2091312540 cpu  
[2025-06-12 18:19:00.549.754] [WARN  ] [CPU] Cpu temperature -2091312540 cpu  
[2025-06-12 18:19:01.005.644] [INFO  ] [Controller] [Joints] FL: +51.024, +40.630, +52.756 ,FR: +49.291, +40.630, +52.756, HL: 56.220, +44.094, +64.882, HR: +59.685, +44.094, +70.079 Max HR-Knee = +70.079 Min FL-HipY = +40.630 
[2025-06-12 18:19:02.549.961] [WARN  ] [CPU] Cpu temperature -2091312540 cpu  
[2025-06-12 18:19:03.457.992] [INFO  ] [Battery] SoC = 59%, Volt = +29.800V, Temp 31 
[2025-06-12 18:19:03.505.640] [INFO  ] [Controller] [Joints] FL: +51.024, +40.630, +52.756 ,FR: +49.291, +40.630, +52.756, HL: 56.220, +44.094, +64.882, HR: +59.685, +44.094, +70.079 Max HR-Knee = +70.079 Min FL-HipY = +40.630 
[2025-06-12 18:19:04.418.625] [INFO  ] [Controller] KeepRun ... 
[2025-06-12 18:19:04.518.625] [INFO  ] [Controller] KeepRun ... 
[2025-06-12 18:19:04.550.135] [WARN  ] [CPU] Cpu temperature -2091312540 cpu  
[2025-06-12 18:19:04.619.625] [INFO  ] [Controller] KeepRun ... 
[2025-06-12 18:19:04.719.624] [INFO  ] [Controller] KeepRun ... 
[2025-06-12 18:19:04.819.624] [INFO  ] [Controller] KeepRun ... 
[2025-06-12 18:19:04.919.623] [INFO  ] [Controller] KeepRun ... 
[2025-06-12 18:19:05.019.624] [INFO  ] [Controller] KeepRun ... 
[2025-06-12 18:19:05.119.625] [INFO  ] [Controller] KeepRun ... 
[2025-06-12 18:19:05.219.625] [INFO  ] [Controller] KeepRun ... 
[2025-06-12 18:19:05.320.623] [INFO  ] [Controller] KeepRun ... 
[2025-06-12 18:19:06.005.638] [INFO  ] [Controller] [Joints] FL: +51.024, +40.630, +52.756 ,FR: +49.291, +40.630, +52.756, HL: 56.220, +44.094, +64.882, HR: +59.685, +44.094, +70.079 Max HR-Knee = +70.079 Min FL-HipY = +40.630 
[2025-06-12 18:19:06.550.308] [WARN  ] [CPU] Cpu temperature -2091312540 cpu  
[2025-06-12 18:19:08.454.410] [INFO  ] [Battery] SoC = 59%, Volt = +29.600V, Temp 31 
[2025-06-12 18:19:08.505.643] [INFO  ] [Controller] [Joints] FL: +52.756, +40.630, +52.756 ,FR: +49.291, +40.630, +52.756, HL: 57.953, +44.094, +64.882, HR: +59.685, +44.094, +71.811 Max HR-Knee = +71.811 Min FL-HipY = +40.630 
[2025-06-12 18:19:08.550.472] [WARN  ] [CPU] Cpu temperature -2091312540 cpu  
[2025-06-12 18:19:09.026.624] [INFO  ] [Controller] KeepRun ... 
[2025-06-12 18:19:09.127.633] [INFO  ] [Controller] KeepRun ... 
[2025-06-12 18:19:09.227.625] [INFO  ] [Controller] KeepRun ... 
[2025-06-12 18:19:09.327.625] [INFO  ] [Controller] KeepRun ... 
[2025-06-12 18:19:09.427.629] [INFO  ] [Controller] KeepRun ... 
[2025-06-12 18:19:09.527.637] [INFO  ] [Controller] KeepRun ... 
[2025-06-12 18:19:09.627.625] [INFO  ] [Controller] KeepRun ... 
[2025-06-12 18:19:09.727.630] [INFO  ] [Controller] KeepRun ... 
[2025-06-12 18:19:09.827.624] [INFO  ] [Controller] KeepRun ... 
[2025-06-12 18:19:09.928.624] [INFO  ] [Controller] KeepRun ... 
[2025-06-12 18:19:10.029.625] [INFO  ] [Controller] Change Height!!! 
[2025-06-12 18:19:10.550.641] [WARN  ] [CPU] Cpu temperature -2091312540 cpu  
[2025-06-12 18:19:11.005.637] [INFO  ] [Controller] [Joints] FL: +52.756, +40.630, +52.756 ,FR: +49.291, +40.630, +52.756, HL: 57.953, +44.094, +64.882, HR: +59.685, +44.094, +71.811 Max HR-Knee = +71.811 Min FL-HipY = +40.630 
[2025-06-12 18:19:11.030.624] [INFO  ] [Controller] Change Height!!! 
[2025-06-12 18:19:12.032.625] [INFO  ] [Controller] Change Height!!! 
[2025-06-12 18:19:12.550.808] [WARN  ] [CPU] Cpu temperature -2091312540 cpu  
[2025-06-12 18:19:13.034.631] [INFO  ] [Controller] Change Height!!! 
[2025-06-12 18:19:13.450.833] [INFO  ] [Battery] SoC = 59%, Volt = +29.600V, Temp 32 
[2025-06-12 18:19:13.505.640] [INFO  ] [Controller] [Joints] FL: +52.756, +40.630, +52.756 ,FR: +49.291, +40.630, +52.756, HL: 57.953, +44.094, +64.882, HR: +59.685, +44.094, +71.811 Max HR-Knee = +71.811 Min FL-HipY = +40.630 
[2025-06-12 18:19:14.036.625] [INFO  ] [Controller] Change Height!!! 
[2025-06-12 18:19:14.550.975] [WARN  ] [CPU] Cpu temperature -2091312540 cpu  
[2025-06-12 18:19:15.038.627] [INFO  ] [Controller] Change Height!!! 
[2025-06-12 18:19:16.005.639] [INFO  ] [Controller] [Joints] FL: +52.756, +40.630, +54.488 ,FR: +49.291, +40.630, +52.756, HL: 57.953, +44.094, +64.882, HR: +59.685, +44.094, +71.811 Max HR-Knee = +71.811 Min FL-HipY = +40.630 
[2025-06-12 18:19:16.040.624] [INFO  ] [Controller] Change Height!!! 
[2025-06-12 18:19:16.551.149] [WARN  ] [CPU] Cpu temperature -2091312540 cpu  
[2025-06-12 18:19:17.042.625] [INFO  ] [Controller] Change Height!!! 
[2025-06-12 18:19:18.044.627] [INFO  ] [Controller] AutoStop ... 
[2025-06-12 18:19:18.145.624] [INFO  ] [Controller] Greeting2... 
[2025-06-12 18:19:18.245.626] [INFO  ] [Controller] Greeting2... 
[2025-06-12 18:19:18.306.031] [INFO  ] [TVMPC] [trot]STOP!!! 
[2025-06-12 18:19:18.306.623] [INFO  ] [BasicMotion] Switching to force control mode, please wait... 
[2025-06-12 18:19:18.345.625] [INFO  ] [Controller] Greeting2... 
[2025-06-12 18:19:18.345.665] [INFO  ] [BasicMotion] Greeting, please wait... 
[2025-06-12 18:19:18.445.627] [INFO  ] [Controller] Greeting2... 
[2025-06-12 18:19:18.447.190] [INFO  ] [Battery] SoC = 59%, Volt = +29.900V, Temp 32 
[2025-06-12 18:19:18.505.644] [INFO  ] [Controller] [Joints] FL: +52.756, +40.630, +54.488 ,FR: +49.291, +40.630, +52.756, HL: 57.953, +44.094, +64.882, HR: +59.685, +44.094, +71.811 Max HR-Knee = +71.811 Min FL-HipY = +40.630 
[2025-06-12 18:19:18.545.625] [INFO  ] [Controller] Greeting2... 
[2025-06-12 18:19:18.645.627] [INFO  ] [Controller] Greeting2... 
[2025-06-12 18:19:18.746.627] [INFO  ] [Controller] Greeting2... 
[2025-06-12 18:19:18.846.628] [INFO  ] [Controller] Greeting2... 
[2025-06-12 18:19:18.946.630] [INFO  ] [Controller] Greeting2... 
[2025-06-12 18:19:19.046.626] [INFO  ] [Controller] Greeting2... 
[2025-06-12 18:19:19.146.626] [INFO  ] [Controller] Greeting2... 
[2025-06-12 18:19:19.246.629] [INFO  ] [Controller] Greeting2... 
[2025-06-12 18:19:19.346.624] [INFO  ] [Controller] Greeting2... 
[2025-06-12 18:19:19.446.627] [INFO  ] [Controller] Greeting2... 
[2025-06-12 18:19:19.547.626] [INFO  ] [Controller] Greeting2... 
[2025-06-12 18:19:19.647.630] [INFO  ] [Controller] Greeting2... 
[2025-06-12 18:19:19.747.632] [INFO  ] [Controller] Greeting2... 
[2025-06-12 18:19:19.847.633] [INFO  ] [Controller] Greeting2... 
[2025-06-12 18:19:19.856.633] [INFO  ] [BasicMotion] Greeting Third State End ... 
[2025-06-12 18:19:19.947.627] [INFO  ] [Controller] Greeting2... 
[2025-06-12 18:19:20.047.626] [INFO  ] [Controller] Greeting2... 
[2025-06-12 18:19:20.148.626] [INFO  ] [Controller] Greeting2... 
[2025-06-12 18:19:20.248.629] [INFO  ] [Controller] Greeting2... 
[2025-06-12 18:19:20.348.626] [INFO  ] [Controller] Greeting2... 
[2025-06-12 18:19:20.356.625] [INFO  ] [BasicMotion] waving_cnt: 1 
[2025-06-12 18:19:20.448.629] [INFO  ] [Controller] Greeting2... 
[2025-06-12 18:19:20.548.628] [INFO  ] [Controller] Greeting2... 
[2025-06-12 18:19:20.648.626] [INFO  ] [Controller] Greeting2... 
[2025-06-12 18:19:20.748.627] [INFO  ] [Controller] Greeting2... 
[2025-06-12 18:19:20.848.628] [INFO  ] [Controller] Greeting2... 
[2025-06-12 18:19:20.857.622] [INFO  ] [BasicMotion] waving_cnt: 2 
[2025-06-12 18:19:20.949.626] [INFO  ] [Controller] Greeting2... 
[2025-06-12 18:19:21.005.647] [INFO  ] [Controller] [Joints] FL: +52.756, +40.630, +54.488 ,FR: +51.024, +40.630, +52.756, HL: 56.220, +44.094, +64.882, HR: +59.685, +44.094, +71.811 Max HR-Knee = +71.811 Min FL-HipY = +40.630 
[2025-06-12 18:19:21.049.625] [INFO  ] [Controller] Greeting2... 
[2025-06-12 18:19:21.149.626] [INFO  ] [Controller] Greeting2... 
[2025-06-12 18:19:21.249.627] [INFO  ] [Controller] Greeting2... 
[2025-06-12 18:19:21.349.629] [INFO  ] [Controller] Greeting2... 
[2025-06-12 18:19:21.357.625] [INFO  ] [BasicMotion] waving_cnt: 3 
[2025-06-12 18:19:21.449.625] [INFO  ] [Controller] Greeting2... 
[2025-06-12 18:19:21.550.629] [INFO  ] [Controller] Greeting2... 
[2025-06-12 18:19:21.650.627] [INFO  ] [Controller] Greeting2... 
[2025-06-12 18:19:21.750.629] [INFO  ] [Controller] Greeting2... 
[2025-06-12 18:19:21.850.624] [INFO  ] [Controller] Greeting2... 
[2025-06-12 18:19:21.858.621] [INFO  ] [BasicMotion] waving_cnt: 4 
[2025-06-12 18:19:21.950.625] [INFO  ] [Controller] Greeting2... 
[2025-06-12 18:19:22.050.627] [INFO  ] [Controller] Greeting2... 
[2025-06-12 18:19:22.150.627] [INFO  ] [Controller] Greeting2... 
[2025-06-12 18:19:22.250.624] [INFO  ] [Controller] Greeting2... 
[2025-06-12 18:19:22.350.627] [INFO  ] [Controller] Greeting2... 
[2025-06-12 18:19:22.359.622] [INFO  ] [BasicMotion] waving_cnt: 5 
[2025-06-12 18:19:22.450.626] [INFO  ] [Controller] Greeting2... 
[2025-06-12 18:19:22.551.625] [INFO  ] [Controller] Greeting2... 
[2025-06-12 18:19:22.651.630] [INFO  ] [Controller] Greeting2... 
[2025-06-12 18:19:22.751.625] [INFO  ] [Controller] Greeting2... 
[2025-06-12 18:19:22.851.625] [INFO  ] [Controller] Greeting2... 
[2025-06-12 18:19:22.860.634] [INFO  ] [BasicMotion] waving_cnt: 6 
[2025-06-12 18:19:22.951.624] [INFO  ] [Controller] Greeting2... 
[2025-06-12 18:19:23.051.625] [INFO  ] [Controller] Greeting2... 
[2025-06-12 18:19:23.152.626] [INFO  ] [Controller] Greeting2... 
[2025-06-12 18:19:23.252.627] [INFO  ] [Controller] Greeting2... 
[2025-06-12 18:19:23.352.626] [INFO  ] [Controller] Greeting2... 
[2025-06-12 18:19:23.360.620] [INFO  ] [BasicMotion] waving_cnt: 7 
[2025-06-12 18:19:23.443.721] [INFO  ] [Battery] SoC = 59%, Volt = +29.800V, Temp 32 
[2025-06-12 18:19:23.452.749] [INFO  ] [Controller] Greeting2... 
[2025-06-12 18:19:23.505.641] [INFO  ] [Controller] [Joints] FL: +52.756, +40.630, +54.488 ,FR: +51.024, +40.630, +52.756, HL: 56.220, +44.094, +64.882, HR: +59.685, +44.094, +71.811 Max HR-Knee = +71.811 Min FL-HipY = +40.630 
[2025-06-12 18:19:23.552.624] [INFO  ] [Controller] Greeting2... 
[2025-06-12 18:19:23.652.624] [INFO  ] [Controller] Greeting2... 
[2025-06-12 18:19:23.752.626] [INFO  ] [Controller] Greeting2... 
[2025-06-12 18:19:23.853.626] [INFO  ] [Controller] Greeting2... 
[2025-06-12 18:19:23.860.622] [INFO  ] [BasicMotion] waving_cnt: 8 
[2025-06-12 18:19:23.953.624] [INFO  ] [Controller] Greeting2... 
[2025-06-12 18:19:24.053.627] [INFO  ] [Controller] Greeting2... 
[2025-06-12 18:19:24.153.626] [INFO  ] [Controller] Greeting2... 
[2025-06-12 18:19:24.253.627] [INFO  ] [Controller] Greeting2... 
[2025-06-12 18:19:24.353.627] [INFO  ] [Controller] Greeting2... 
[2025-06-12 18:19:24.360.628] [INFO  ] [BasicMotion] waving_cnt: 9 
[2025-06-12 18:19:24.453.635] [INFO  ] [Controller] Greeting2... 
[2025-06-12 18:19:24.553.629] [INFO  ] [Controller] Greeting2... 
[2025-06-12 18:19:24.654.627] [INFO  ] [Controller] Greeting2... 
[2025-06-12 18:19:24.754.627] [INFO  ] [Controller] Greeting2... 
[2025-06-12 18:19:24.854.628] [INFO  ] [Controller] Greeting2... 
[2025-06-12 18:19:24.954.624] [INFO  ] [Controller] Greeting2... 
[2025-06-12 18:19:25.054.625] [INFO  ] [Controller] Greeting2... 
[2025-06-12 18:19:25.155.632] [INFO  ] [Controller] KeepRun ... 
[2025-06-12 18:19:25.255.630] [INFO  ] [Controller] KeepRun ... 
[2025-06-12 18:19:25.355.628] [INFO  ] [Controller] KeepRun ... 
[2025-06-12 18:19:25.456.637] [INFO  ] [Controller] KeepRun ... 
[2025-06-12 18:19:25.556.628] [INFO  ] [Controller] KeepRun ... 
[2025-06-12 18:19:25.656.628] [INFO  ] [Controller] KeepRun ... 
[2025-06-12 18:19:25.756.638] [INFO  ] [Controller] KeepRun ... 
[2025-06-12 18:19:25.856.626] [INFO  ] [Controller] KeepRun ... 
[2025-06-12 18:19:25.956.626] [INFO  ] [Controller] KeepRun ... 
[2025-06-12 18:19:26.005.645] [INFO  ] [Controller] [Joints] FL: +51.024, +40.630, +54.488 ,FR: +49.291, +40.630, +51.024, HL: 56.220, +44.094, +64.882, HR: +59.685, +44.094, +70.079 Max HR-Knee = +70.079 Min FL-HipY = +40.630 
[2025-06-12 18:19:26.056.632] [INFO  ] [Controller] KeepRun ... 
[2025-06-12 18:19:26.363.638] [INFO  ] [BasicMotion] Stand up action has finished, waitting to switch to force control mode! 
[2025-06-12 18:19:26.363.676] [INFO  ] [BasicMotion] Switching to force control mode, please wait... 
[2025-06-12 18:19:27.165.661] [INFO  ] [TVMPC] JY is Moving... (tvmpc),  time: 2742.046339 
[2025-06-12 18:19:28.439.996] [INFO  ] [Battery] SoC = 59%, Volt = +29.700V, Temp 32 
[2025-06-12 18:19:28.505.637] [INFO  ] [Controller] [Joints] FL: +51.024, +42.362, +54.488 ,FR: +49.291, +40.630, +51.024, HL: 56.220, +44.094, +64.882, HR: +59.685, +44.094, +70.079 Max HR-Knee = +70.079 Min FR-HipY = +40.630 
[2025-06-12 18:19:28.551.899] [WARN  ] [CPU] Cpu temperature -2091312540 cpu  
[2025-06-12 18:19:30.552.068] [WARN  ] [CPU] Cpu temperature -2091312540 cpu  
[2025-06-12 18:19:31.005.642] [INFO  ] [Controller] [Joints] FL: +51.024, +42.362, +54.488 ,FR: +49.291, +40.630, +51.024, HL: 56.220, +44.094, +64.882, HR: +59.685, +44.094, +70.079 Max HR-Knee = +70.079 Min FR-HipY = +40.630 
[2025-06-12 18:19:32.552.240] [WARN  ] [CPU] Cpu temperature -2091312540 cpu  
[2025-06-12 18:19:33.436.304] [INFO  ] [Battery] SoC = 59%, Volt = +29.700V, Temp 32 
[2025-06-12 18:19:33.505.640] [INFO  ] [Controller] [Joints] FL: +51.024, +42.362, +52.756 ,FR: +49.291, +40.630, +51.024, HL: 57.953, +44.094, +64.882, HR: +59.685, +44.094, +70.079 Max HR-Knee = +70.079 Min FR-HipY = +40.630 
[2025-06-12 18:19:34.552.412] [WARN  ] [CPU] Cpu temperature -2091312540 cpu  
[2025-06-12 18:19:36.005.638] [INFO  ] [Controller] [Joints] FL: +51.024, +42.362, +52.756 ,FR: +49.291, +40.630, +51.024, HL: 57.953, +44.094, +64.882, HR: +59.685, +44.094, +71.811 Max HR-Knee = +71.811 Min FR-HipY = +40.630 
[2025-06-12 18:19:36.552.579] [WARN  ] [CPU] Cpu temperature -2091312540 cpu  
[2025-06-12 18:19:38.014.625] [INFO  ] [Controller] AutoStop ... 
[2025-06-12 18:19:38.416.044] [INFO  ] [TVMPC] [trot]STOP!!! 
[2025-06-12 18:19:38.416.633] [INFO  ] [BasicMotion] Switching to force control mode, please wait... 
[2025-06-12 18:19:38.432.617] [INFO  ] [Battery] SoC = 58%, Volt = +29.800V, Temp 32 
[2025-06-12 18:19:38.505.647] [INFO  ] [Controller] [Joints] FL: +52.756, +42.362, +52.756 ,FR: +49.291, +40.630, +51.024, HL: 57.953, +44.094, +64.882, HR: +59.685, +44.094, +71.811 Max HR-Knee = +71.811 Min FR-HipY = +40.630 
[2025-06-12 18:19:39.486.628] [INFO  ] [Controller] Switch to Twist Body Mode!!! 
[2025-06-12 18:19:41.005.646] [INFO  ] [Controller] [Joints] FL: +52.756, +42.362, +52.756 ,FR: +49.291, +40.630, +51.024, HL: 57.953, +44.094, +64.882, HR: +59.685, +44.094, +71.811 Max HR-Knee = +71.811 Min FR-HipY = +40.630 
[2025-06-12 18:19:43.429.020] [INFO  ] [Battery] SoC = 58%, Volt = +29.800V, Temp 32 
[2025-06-12 18:19:43.505.643] [INFO  ] [Controller] [Joints] FL: +52.756, +42.362, +52.756 ,FR: +49.291, +40.630, +51.024, HL: 57.953, +44.094, +64.882, HR: +59.685, +44.094, +71.811 Max HR-Knee = +71.811 Min FR-HipY = +40.630 
[2025-06-12 18:19:46.005.645] [INFO  ] [Controller] [Joints] FL: +52.756, +42.362, +52.756 ,FR: +49.291, +40.630, +51.024, HL: 57.953, +44.094, +64.882, HR: +59.685, +44.094, +71.811 Max HR-Knee = +71.811 Min FR-HipY = +40.630 
[2025-06-12 18:19:48.425.301] [INFO  ] [Battery] SoC = 58%, Volt = +29.800V, Temp 32 
[2025-06-12 18:19:48.505.647] [INFO  ] [Controller] [Joints] FL: +51.024, +42.362, +52.756 ,FR: +49.291, +40.630, +51.024, HL: 57.953, +44.094, +64.882, HR: +59.685, +44.094, +70.079 Max HR-Knee = +70.079 Min FR-HipY = +40.630 
[2025-06-12 18:19:50.407.628] [INFO  ] [Controller] Switch to Move Mode!!! 
[2025-06-12 18:19:51.005.650] [INFO  ] [Controller] [Joints] FL: +51.024, +40.630, +52.756 ,FR: +49.291, +40.630, +51.024, HL: 57.953, +44.094, +64.882, HR: +59.685, +44.094, +70.079 Max HR-Knee = +70.079 Min FL-HipY = +40.630 
[2025-06-12 18:19:51.015.651] [INFO  ] [TVMPC] JY is Moving... (tvmpc),  time: 2765.896339 
[2025-06-12 18:19:52.553.561] [WARN  ] [CPU] Cpu temperature -2091312540 cpu  
[2025-06-12 18:19:53.421.515] [INFO  ] [Battery] SoC = 58%, Volt = +29.700V, Temp 32 
[2025-06-12 18:19:53.505.645] [INFO  ] [Controller] [Joints] FL: +51.024, +40.630, +52.756 ,FR: +49.291, +40.630, +51.024, HL: 57.953, +44.094, +64.882, HR: +59.685, +44.094, +70.079 Max HR-Knee = +70.079 Min FL-HipY = +40.630 
[2025-06-12 18:19:53.716.038] [INFO  ] [TVMPC] [trot]STOP!!! 
[2025-06-12 18:19:53.716.633] [INFO  ] [BasicMotion] Switching to force control mode, please wait... 
[2025-06-12 18:19:54.719.295] [INFO  ] [TVMPC] JY is Moving... (tvmpc),  time: 2769.599339 
[2025-06-12 18:19:56.005.641] [INFO  ] [Controller] [Joints] FL: +51.024, +40.630, +52.756 ,FR: +49.291, +40.630, +51.024, HL: 56.220, +44.094, +64.882, HR: +59.685, +44.094, +70.079 Max HR-Knee = +70.079 Min FL-HipY = +40.630 
[2025-06-12 18:19:56.553.906] [WARN  ] [CPU] Cpu temperature -2091312540 cpu  
[2025-06-12 18:19:58.417.774] [INFO  ] [Battery] SoC = 58%, Volt = +29.600V, Temp 32 
[2025-06-12 18:19:58.505.642] [INFO  ] [Controller] [Joints] FL: +51.024, +40.630, +52.756 ,FR: +49.291, +40.630, +51.024, HL: 56.220, +44.094, +64.882, HR: +59.685, +44.094, +70.079 Max HR-Knee = +70.079 Min FL-HipY = +40.630 
[2025-06-12 18:19:58.554.073] [WARN  ] [CPU] Cpu temperature -2091312540 cpu  
[2025-06-12 18:20:00.554.244] [WARN  ] [CPU] Cpu temperature -2091312540 cpu  
[2025-06-12 18:20:01.005.645] [INFO  ] [Controller] [Joints] FL: +51.024, +40.630, +52.756 ,FR: +49.291, +40.630, +51.024, HL: 56.220, +44.094, +64.882, HR: +61.417, +44.094, +70.079 Max HR-Knee = +70.079 Min FL-HipY = +40.630 
[2025-06-12 18:20:02.554.448] [WARN  ] [CPU] Cpu temperature -2091312540 cpu  
[2025-06-12 18:20:03.413.933] [INFO  ] [Battery] SoC = 58%, Volt = +29.700V, Temp 32 
[2025-06-12 18:20:03.505.644] [INFO  ] [Controller] [Joints] FL: +51.024, +40.630, +52.756 ,FR: +49.291, +40.630, +51.024, HL: 57.953, +44.094, +64.882, HR: +61.417, +44.094, +70.079 Max HR-Knee = +70.079 Min FL-HipY = +40.630 
[2025-06-12 18:20:04.554.620] [WARN  ] [CPU] Cpu temperature -2091312540 cpu  
[2025-06-12 18:20:06.005.637] [INFO  ] [Controller] [Joints] FL: +51.024, +40.630, +52.756 ,FR: +49.291, +40.630, +51.024, HL: 57.953, +44.094, +64.882, HR: +61.417, +44.094, +70.079 Max HR-Knee = +70.079 Min FL-HipY = +40.630 
[2025-06-12 18:20:06.554.809] [WARN  ] [CPU] Cpu temperature -2091312540 cpu  
[2025-06-12 18:20:08.410.278] [INFO  ] [Battery] SoC = 58%, Volt = +29.600V, Temp 32 
[2025-06-12 18:20:08.505.641] [INFO  ] [Controller] [Joints] FL: +51.024, +40.630, +52.756 ,FR: +49.291, +40.630, +51.024, HL: 57.953, +44.094, +64.882, HR: +61.417, +44.094, +70.079 Max HR-Knee = +70.079 Min FL-HipY = +40.630 
[2025-06-12 18:20:08.554.972] [WARN  ] [CPU] Cpu temperature -2091312540 cpu  
[2025-06-12 18:20:10.555.155] [WARN  ] [CPU] Cpu temperature -2091312540 cpu  
[2025-06-12 18:20:11.005.639] [INFO  ] [Controller] [Joints] FL: +51.024, +40.630, +52.756 ,FR: +49.291, +40.630, +51.024, HL: 57.953, +44.094, +64.882, HR: +61.417, +44.094, +70.079 Max HR-Knee = +70.079 Min FL-HipY = +40.630 
[2025-06-12 18:20:11.819.036] [INFO  ] [TVMPC] [trot]STOP!!! 
[2025-06-12 18:20:11.819.623] [INFO  ] [BasicMotion] Switching to force control mode, please wait... 
[2025-06-12 18:20:13.406.578] [INFO  ] [Battery] SoC = 58%, Volt = +29.700V, Temp 32 
[2025-06-12 18:20:13.505.647] [INFO  ] [Controller] [Joints] FL: +51.024, +40.630, +54.488 ,FR: +51.024, +40.630, +51.024, HL: 57.953, +44.094, +64.882, HR: +61.417, +44.094, +70.079 Max HR-Knee = +70.079 Min FL-HipY = +40.630 
[2025-06-12 18:20:16.005.646] [INFO  ] [Controller] [Joints] FL: +51.024, +40.630, +52.756 ,FR: +51.024, +40.630, +51.024, HL: 57.953, +44.094, +64.882, HR: +61.417, +44.094, +70.079 Max HR-Knee = +70.079 Min FL-HipY = +40.630 
[2025-06-12 18:20:16.555.568] [WARN  ] [CPU] Cpu temperature -2091312540 cpu  
[2025-06-12 18:20:18.402.893] [INFO  ] [Battery] SoC = 58%, Volt = +29.700V, Temp 32 
[2025-06-12 18:20:18.505.694] [INFO  ] [Controller] [Joints] FL: +51.024, +40.630, +52.756 ,FR: +49.291, +40.630, +51.024, HL: 57.953, +44.094, +64.882, HR: +59.685, +44.094, +70.079 Max HR-Knee = +70.079 Min FL-HipY = +40.630 
[2025-06-12 18:20:21.005.645] [INFO  ] [Controller] [Joints] FL: +51.024, +40.630, +52.756 ,FR: +49.291, +40.630, +51.024, HL: 57.953, +44.094, +64.882, HR: +59.685, +44.094, +68.346 Max HR-Knee = +68.346 Min FL-HipY = +40.630 
[2025-06-12 18:20:23.399.296] [INFO  ] [Battery] SoC = 58%, Volt = +29.700V, Temp 32 
[2025-06-12 18:20:23.505.649] [INFO  ] [Controller] [Joints] FL: +51.024, +40.630, +52.756 ,FR: +49.291, +40.630, +51.024, HL: 57.953, +44.094, +64.882, HR: +59.685, +44.094, +68.346 Max HR-Knee = +68.346 Min FL-HipY = +40.630 
[2025-06-12 18:20:26.005.647] [INFO  ] [Controller] [Joints] FL: +51.024, +40.630, +51.024 ,FR: +49.291, +40.630, +51.024, HL: 57.953, +44.094, +63.150, HR: +59.685, +44.094, +68.346 Max HR-Knee = +68.346 Min FL-HipY = +40.630 
[2025-06-12 18:20:26.556.193] [WARN  ] [CPU] Cpu temperature -2091312540 cpu  
[2025-06-12 18:20:28.395.666] [INFO  ] [Battery] SoC = 57%, Volt = +29.700V, Temp 32 
[2025-06-12 18:20:28.505.658] [INFO  ] [Controller] [Joints] FL: +51.024, +40.630, +51.024 ,FR: +49.291, +40.630, +51.024, HL: 57.953, +44.094, +63.150, HR: +59.685, +44.094, +68.346 Max HR-Knee = +68.346 Min FL-HipY = +40.630 
[2025-06-12 18:20:31.005.647] [INFO  ] [Controller] [Joints] FL: +51.024, +40.630, +51.024 ,FR: +49.291, +40.630, +51.024, HL: 57.953, +44.094, +63.150, HR: +59.685, +44.094, +68.346 Max HR-Knee = +68.346 Min FL-HipY = +40.630 
[2025-06-12 18:20:33.391.914] [INFO  ] [Battery] SoC = 57%, Volt = +29.700V, Temp 32 
[2025-06-12 18:20:33.505.646] [INFO  ] [Controller] [Joints] FL: +51.024, +40.630, +51.024 ,FR: +49.291, +40.630, +51.024, HL: 57.953, +44.094, +63.150, HR: +59.685, +44.094, +68.346 Max HR-Knee = +68.346 Min FL-HipY = +40.630 
[2025-06-12 18:20:36.005.643] [INFO  ] [Controller] [Joints] FL: +51.024, +40.630, +49.291 ,FR: +49.291, +40.630, +51.024, HL: 57.953, +44.094, +61.417, HR: +57.953, +44.094, +68.346 Max HR-Knee = +68.346 Min FL-HipY = +40.630 
[2025-06-12 18:20:38.388.182] [INFO  ] [Battery] SoC = 57%, Volt = +29.700V, Temp 32 
[2025-06-12 18:20:38.505.645] [INFO  ] [Controller] [Joints] FL: +51.024, +40.630, +49.291 ,FR: +47.559, +40.630, +51.024, HL: 57.953, +44.094, +61.417, HR: +57.953, +44.094, +66.614 Max HR-Knee = +66.614 Min FL-HipY = +40.630 
[2025-06-12 18:20:41.005.652] [INFO  ] [Controller] [Joints] FL: +51.024, +40.630, +49.291 ,FR: +47.559, +40.630, +51.024, HL: 57.953, +44.094, +61.417, HR: +57.953, +44.094, +66.614 Max HR-Knee = +66.614 Min FL-HipY = +40.630 
[2025-06-12 18:20:43.384.469] [INFO  ] [Battery] SoC = 57%, Volt = +29.700V, Temp 32 
[2025-06-12 18:20:43.505.648] [INFO  ] [Controller] [Joints] FL: +51.024, +40.630, +49.291 ,FR: +47.559, +40.630, +51.024, HL: 57.953, +44.094, +61.417, HR: +57.953, +44.094, +66.614 Max HR-Knee = +66.614 Min FL-HipY = +40.630 
[2025-06-12 18:20:46.005.645] [INFO  ] [Controller] [Joints] FL: +51.024, +40.630, +47.559 ,FR: +47.559, +40.630, +51.024, HL: 57.953, +44.094, +61.417, HR: +57.953, +44.094, +66.614 Max HR-Knee = +66.614 Min FL-HipY = +40.630 
[2025-06-12 18:20:48.380.880] [INFO  ] [Battery] SoC = 57%, Volt = +29.700V, Temp 32 
[2025-06-12 18:20:48.505.645] [INFO  ] [Controller] [Joints] FL: +51.024, +40.630, +47.559 ,FR: +47.559, +40.630, +51.024, HL: 57.953, +44.094, +61.417, HR: +57.953, +44.094, +66.614 Max HR-Knee = +66.614 Min FL-HipY = +40.630 
[2025-06-12 18:20:50.557.685] [WARN  ] [CPU] Cpu temperature -2091312540 cpu  
[2025-06-12 18:20:51.005.646] [INFO  ] [Controller] [Joints] FL: +51.024, +40.630, +47.559 ,FR: +47.559, +40.630, +49.291, HL: 57.953, +44.094, +59.685, HR: +57.953, +44.094, +66.614 Max HR-Knee = +66.614 Min FL-HipY = +40.630 
[2025-06-12 18:20:53.377.311] [INFO  ] [Battery] SoC = 57%, Volt = +29.700V, Temp 32 
[2025-06-12 18:20:53.506.656] [INFO  ] [Controller] [Joints] FL: +51.024, +40.630, +47.559 ,FR: +47.559, +40.630, +49.291, HL: 57.953, +44.094, +59.685, HR: +57.953, +44.094, +66.614 Max HR-Knee = +66.614 Min FL-HipY = +40.630 
[2025-06-12 18:20:56.006.646] [INFO  ] [Controller] [Joints] FL: +51.024, +40.630, +47.559 ,FR: +47.559, +40.630, +49.291, HL: 57.953, +44.094, +59.685, HR: +57.953, +44.094, +66.614 Max HR-Knee = +66.614 Min FL-HipY = +40.630 
[2025-06-12 18:20:58.373.741] [INFO  ] [Battery] SoC = 57%, Volt = +29.700V, Temp 32 
[2025-06-12 18:20:58.506.646] [INFO  ] [Controller] [Joints] FL: +51.024, +40.630, +47.559 ,FR: +47.559, +40.630, +49.291, HL: 57.953, +44.094, +59.685, HR: +57.953, +44.094, +66.614 Max HR-Knee = +66.614 Min FL-HipY = +40.630 
[2025-06-12 18:21:01.006.642] [INFO  ] [Controller] [Joints] FL: +51.024, +40.630, +47.559 ,FR: +47.559, +40.630, +49.291, HL: 57.953, +44.094, +59.685, HR: +57.953, +44.094, +66.614 Max HR-Knee = +66.614 Min FL-HipY = +40.630 
[2025-06-12 18:21:03.370.296] [INFO  ] [Battery] SoC = 57%, Volt = +29.700V, Temp 32 
[2025-06-12 18:21:03.506.645] [INFO  ] [Controller] [Joints] FL: +51.024, +40.630, +47.559 ,FR: +47.559, +40.630, +49.291, HL: 57.953, +44.094, +59.685, HR: +57.953, +44.094, +66.614 Max HR-Knee = +66.614 Min FL-HipY = +40.630 
[2025-06-12 18:21:06.006.646] [INFO  ] [Controller] [Joints] FL: +51.024, +40.630, +45.827 ,FR: +47.559, +40.630, +49.291, HL: 57.953, +44.094, +59.685, HR: +57.953, +44.094, +66.614 Max HR-Knee = +66.614 Min FL-HipY = +40.630 
[2025-06-12 18:21:08.366.739] [INFO  ] [Battery] SoC = 57%, Volt = +29.700V, Temp 32 
[2025-06-12 18:21:08.506.646] [INFO  ] [Controller] [Joints] FL: +51.024, +40.630, +45.827 ,FR: +47.559, +40.630, +49.291, HL: 57.953, +44.094, +59.685, HR: +57.953, +44.094, +66.614 Max HR-Knee = +66.614 Min FL-HipY = +40.630 
[2025-06-12 18:21:11.006.646] [INFO  ] [Controller] [Joints] FL: +51.024, +40.630, +45.827 ,FR: +47.559, +40.630, +49.291, HL: 57.953, +44.094, +59.685, HR: +57.953, +44.094, +64.882 Max HR-Knee = +64.882 Min FL-HipY = +40.630 
[2025-06-12 18:21:13.363.156] [INFO  ] [Battery] SoC = 57%, Volt = +29.700V, Temp 32 
[2025-06-12 18:21:13.506.645] [INFO  ] [Controller] [Joints] FL: +51.024, +40.630, +45.827 ,FR: +47.559, +40.630, +49.291, HL: 57.953, +44.094, +59.685, HR: +57.953, +44.094, +64.882 Max HR-Knee = +64.882 Min FL-HipY = +40.630 
[2025-06-12 18:21:16.006.648] [INFO  ] [Controller] [Joints] FL: +51.024, +40.630, +45.827 ,FR: +47.559, +40.630, +49.291, HL: 57.953, +44.094, +59.685, HR: +57.953, +44.094, +64.882 Max HR-Knee = +64.882 Min FL-HipY = +40.630 
[2025-06-12 18:21:16.559.465] [WARN  ] [CPU] Cpu temperature -2091312540 cpu  
[2025-06-12 18:21:18.359.480] [INFO  ] [Battery] SoC = 57%, Volt = +29.700V, Temp 32 
[2025-06-12 18:21:18.506.645] [INFO  ] [Controller] [Joints] FL: +51.024, +40.630, +45.827 ,FR: +47.559, +40.630, +49.291, HL: 57.953, +44.094, +57.953, HR: +57.953, +44.094, +64.882 Max HR-Knee = +64.882 Min FL-HipY = +40.630 
[2025-06-12 18:21:20.559.735] [WARN  ] [CPU] Cpu temperature -2091312540 cpu  
[2025-06-12 18:21:21.006.656] [INFO  ] [Controller] [Joints] FL: +51.024, +40.630, +45.827 ,FR: +47.559, +40.630, +49.291, HL: 57.953, +44.094, +57.953, HR: +57.953, +44.094, +64.882 Max HR-Knee = +64.882 Min FL-HipY = +40.630 
[2025-06-12 18:21:23.355.863] [INFO  ] [Battery] SoC = 57%, Volt = +29.700V, Temp 32 
[2025-06-12 18:21:23.506.649] [INFO  ] [Controller] [Joints] FL: +51.024, +40.630, +45.827 ,FR: +47.559, +40.630, +49.291, HL: 57.953, +44.094, +57.953, HR: +57.953, +44.094, +64.882 Max HR-Knee = +64.882 Min FL-HipY = +40.630 
[2025-06-12 18:21:26.006.646] [INFO  ] [Controller] [Joints] FL: +51.024, +40.630, +45.827 ,FR: +47.559, +40.630, +49.291, HL: 57.953, +44.094, +57.953, HR: +57.953, +44.094, +64.882 Max HR-Knee = +64.882 Min FL-HipY = +40.630 
[2025-06-12 18:21:28.352.243] [INFO  ] [Battery] SoC = 57%, Volt = +29.600V, Temp 32 
[2025-06-12 18:21:28.506.647] [INFO  ] [Controller] [Joints] FL: +51.024, +40.630, +45.827 ,FR: +47.559, +40.630, +49.291, HL: 57.953, +45.827, +57.953, HR: +57.953, +44.094, +64.882 Max HR-Knee = +64.882 Min FL-HipY = +40.630 
[2025-06-12 18:21:31.006.640] [INFO  ] [Controller] [Joints] FL: +51.024, +40.630, +45.827 ,FR: +45.827, +40.630, +49.291, HL: 57.953, +45.827, +57.953, HR: +57.953, +44.094, +64.882 Max HR-Knee = +64.882 Min FL-HipY = +40.630 
[2025-06-12 18:21:33.348.527] [INFO  ] [Battery] SoC = 56%, Volt = +29.600V, Temp 32 
[2025-06-12 18:21:33.506.644] [INFO  ] [Controller] [Joints] FL: +51.024, +40.630, +45.827 ,FR: +45.827, +40.630, +49.291, HL: 57.953, +45.827, +57.953, HR: +57.953, +44.094, +64.882 Max HR-Knee = +64.882 Min FL-HipY = +40.630 
[2025-06-12 18:21:36.006.650] [INFO  ] [Controller] [Joints] FL: +51.024, +40.630, +45.827 ,FR: +45.827, +40.630, +49.291, HL: 57.953, +45.827, +57.953, HR: +57.953, +44.094, +64.882 Max HR-Knee = +64.882 Min FL-HipY = +40.630 
[2025-06-12 18:21:36.560.772] [WARN  ] [CPU] Cpu temperature -2091312540 cpu  
[2025-06-12 18:21:38.344.744] [INFO  ] [Battery] SoC = 56%, Volt = +29.600V, Temp 32 
[2025-06-12 18:21:38.506.646] [INFO  ] [Controller] [Joints] FL: +51.024, +40.630, +45.827 ,FR: +45.827, +40.630, +49.291, HL: 57.953, +45.827, +57.953, HR: +57.953, +44.094, +64.882 Max HR-Knee = +64.882 Min FL-HipY = +40.630 
[2025-06-12 18:21:40.561.072] [WARN  ] [CPU] Cpu temperature -2091312540 cpu  
[2025-06-12 18:21:41.006.644] [INFO  ] [Controller] [Joints] FL: +51.024, +40.630, +45.827 ,FR: +45.827, +40.630, +49.291, HL: 57.953, +45.827, +57.953, HR: +57.953, +44.094, +64.882 Max HR-Knee = +64.882 Min FL-HipY = +40.630 
[2025-06-12 18:21:43.340.956] [INFO  ] [Battery] SoC = 56%, Volt = +29.600V, Temp 32 
[2025-06-12 18:21:43.506.646] [INFO  ] [Controller] [Joints] FL: +51.024, +40.630, +45.827 ,FR: +45.827, +40.630, +49.291, HL: 57.953, +45.827, +57.953, HR: +57.953, +44.094, +64.882 Max HR-Knee = +64.882 Min FL-HipY = +40.630 
[2025-06-12 18:21:44.561.368] [WARN  ] [CPU] Cpu temperature -2091312540 cpu  
[2025-06-12 18:21:46.006.646] [INFO  ] [Controller] [Joints] FL: +51.024, +40.630, +44.094 ,FR: +45.827, +40.630, +49.291, HL: 57.953, +45.827, +57.953, HR: +57.953, +44.094, +64.882 Max HR-Knee = +64.882 Min FL-HipY = +40.630 
[2025-06-12 18:21:48.337.299] [INFO  ] [Battery] SoC = 56%, Volt = +29.600V, Temp 32 
[2025-06-12 18:21:48.506.650] [INFO  ] [Controller] [Joints] FL: +51.024, +40.630, +44.094 ,FR: +45.827, +40.630, +49.291, HL: 57.953, +45.827, +57.953, HR: +57.953, +44.094, +64.882 Max HR-Knee = +64.882 Min FL-HipY = +40.630 
[2025-06-12 18:21:48.561.642] [WARN  ] [CPU] Cpu temperature -2091312540 cpu  
[2025-06-12 18:21:51.005.629] [INFO  ] [Controller] stand_cmd.... 
[2025-06-12 18:21:51.005.684] [INFO  ] [BasicMotion] Standing down, please wait... 
[2025-06-12 18:21:51.006.629] [INFO  ] [Controller] [Joints] FL: +51.024, +40.630, +44.094 ,FR: +45.827, +40.630, +49.291, HL: 57.953, +45.827, +57.953, HR: +57.953, +44.094, +64.882 Max HR-Knee = +64.882 Min FL-HipY = +40.630 
[2025-06-12 18:21:53.333.725] [INFO  ] [Battery] SoC = 56%, Volt = +29.700V, Temp 32 
[2025-06-12 18:21:53.506.645] [INFO  ] [Controller] [Joints] FL: +51.024, +40.630, +44.094 ,FR: +45.827, +40.630, +49.291, HL: 57.953, +45.827, +57.953, HR: +57.953, +44.094, +64.882 Max HR-Knee = +64.882 Min FL-HipY = +40.630 
[2025-06-12 18:21:53.506.684] [INFO  ] [BasicMotion] Stand down action has finished, waitting to stand up again!!! 
[2025-06-12 18:21:56.006.647] [INFO  ] [Controller] [Joints] FL: +49.291, +40.630, +44.094 ,FR: +45.827, +40.630, +49.291, HL: 57.953, +45.827, +57.953, HR: +56.220, +44.094, +64.882 Max HR-Knee = +64.882 Min FL-HipY = +40.630 
[2025-06-12 18:21:58.330.165] [INFO  ] [Battery] SoC = 56%, Volt = +29.700V, Temp 32 
[2025-06-12 18:21:58.506.647] [INFO  ] [Controller] [Joints] FL: +49.291, +40.630, +44.094 ,FR: +45.827, +40.630, +49.291, HL: 57.953, +45.827, +57.953, HR: +56.220, +44.094, +64.882 Max HR-Knee = +64.882 Min FL-HipY = +40.630 
[2025-06-12 18:22:00.562.426] [WARN  ] [CPU] Cpu temperature -2091312540 cpu  
[2025-06-12 18:22:01.006.644] [INFO  ] [Controller] [Joints] FL: +49.291, +40.630, +44.094 ,FR: +45.827, +40.630, +47.559, HL: 57.953, +44.094, +57.953, HR: +56.220, +45.827, +63.150 Max HR-Knee = +63.150 Min FL-HipY = +40.630 
[2025-06-12 18:22:02.562.604] [WARN  ] [CPU] Cpu temperature -2091312540 cpu  
[2025-06-12 18:22:03.326.546] [INFO  ] [Battery] SoC = 56%, Volt = +29.800V, Temp 32 
[2025-06-12 18:22:03.506.646] [INFO  ] [Controller] [Joints] FL: +49.291, +40.630, +44.094 ,FR: +45.827, +40.630, +47.559, HL: 56.220, +44.094, +57.953, HR: +56.220, +45.827, +63.150 Max HR-Knee = +63.150 Min FL-HipY = +40.630 
[2025-06-12 18:22:06.006.645] [INFO  ] [Controller] [Joints] FL: +49.291, +40.630, +44.094 ,FR: +45.827, +40.630, +47.559, HL: 56.220, +44.094, +57.953, HR: +56.220, +45.827, +63.150 Max HR-Knee = +63.150 Min FL-HipY = +40.630 
[2025-06-12 18:22:08.322.796] [INFO  ] [Battery] SoC = 56%, Volt = +29.800V, Temp 32 
[2025-06-12 18:22:08.506.650] [INFO  ] [Controller] [Joints] FL: +49.291, +40.630, +44.094 ,FR: +45.827, +40.630, +47.559, HL: 56.220, +44.094, +56.220, HR: +56.220, +45.827, +63.150 Max HR-Knee = +63.150 Min FL-HipY = +40.630 
[2025-06-12 18:22:08.563.063] [WARN  ] [CPU] Cpu temperature -2091312540 cpu  
[2025-06-12 18:22:10.563.235] [WARN  ] [CPU] Cpu temperature -2091312540 cpu  
[2025-06-12 18:22:11.006.649] [INFO  ] [Controller] [Joints] FL: +47.559, +40.630, +44.094 ,FR: +45.827, +40.630, +45.827, HL: 56.220, +44.094, +56.220, HR: +56.220, +44.094, +61.417 Max HR-Knee = +61.417 Min FL-HipY = +40.630 
[2025-06-12 18:22:13.319.139] [INFO  ] [Battery] SoC = 56%, Volt = +29.800V, Temp 32 
[2025-06-12 18:22:13.506.654] [INFO  ] [Controller] [Joints] FL: +47.559, +40.630, +44.094 ,FR: +45.827, +40.630, +45.827, HL: 54.488, +44.094, +56.220, HR: +56.220, +44.094, +61.417 Max HR-Knee = +61.417 Min FL-HipY = +40.630 
[2025-06-12 18:22:16.006.647] [INFO  ] [Controller] [Joints] FL: +47.559, +40.630, +44.094 ,FR: +45.827, +40.630, +45.827, HL: 54.488, +44.094, +56.220, HR: +56.220, +44.094, +61.417 Max HR-Knee = +61.417 Min FL-HipY = +40.630 
[2025-06-12 18:22:18.315.259] [INFO  ] [Battery] SoC = 56%, Volt = +29.800V, Temp 32 
[2025-06-12 18:22:18.506.645] [INFO  ] [Controller] [Joints] FL: +47.559, +40.630, +44.094 ,FR: +45.827, +40.630, +45.827, HL: 54.488, +44.094, +56.220, HR: +54.488, +44.094, +59.685 Max HR-Knee = +59.685 Min FL-HipY = +40.630 
[2025-06-12 18:22:18.563.823] [WARN  ] [CPU] Cpu temperature -2091312540 cpu  
[2025-06-12 18:22:21.006.649] [INFO  ] [Controller] [Joints] FL: +47.559, +40.630, +44.094 ,FR: +45.827, +40.630, +45.827, HL: 54.488, +44.094, +56.220, HR: +54.488, +44.094, +59.685 Max HR-Knee = +59.685 Min FL-HipY = +40.630 
[2025-06-12 18:22:22.564.103] [WARN  ] [CPU] Cpu temperature -2091312540 cpu  
[2025-06-12 18:22:23.311.411] [INFO  ] [Battery] SoC = 56%, Volt = +29.700V, Temp 32 
[2025-06-12 18:22:23.506.646] [INFO  ] [Controller] [Joints] FL: +47.559, +40.630, +44.094 ,FR: +45.827, +40.630, +44.094, HL: 54.488, +44.094, +56.220, HR: +54.488, +44.094, +59.685 Max HR-Knee = +59.685 Min FL-HipY = +40.630 
[2025-06-12 18:22:26.006.651] [INFO  ] [Controller] [Joints] FL: +47.559, +40.630, +44.094 ,FR: +45.827, +40.630, +44.094, HL: 54.488, +44.094, +54.488, HR: +54.488, +44.094, +59.685 Max HR-Knee = +59.685 Min FL-HipY = +40.630 
[2025-06-12 18:22:26.564.400] [WARN  ] [CPU] Cpu temperature -2091312540 cpu  
[2025-06-12 18:22:28.307.737] [INFO  ] [Battery] SoC = 56%, Volt = +29.700V, Temp 32 
[2025-06-12 18:22:28.506.648] [INFO  ] [Controller] [Joints] FL: +47.559, +40.630, +44.094 ,FR: +45.827, +40.630, +44.094, HL: 52.756, +44.094, +54.488, HR: +54.488, +44.094, +59.685 Max HR-Knee = +59.685 Min FL-HipY = +40.630 
[2025-06-12 18:22:30.564.700] [WARN  ] [CPU] Cpu temperature -2091312540 cpu  
[2025-06-12 18:22:31.006.651] [INFO  ] [Controller] [Joints] FL: +47.559, +40.630, +44.094 ,FR: +45.827, +40.630, +44.094, HL: 52.756, +44.094, +54.488, HR: +54.488, +44.094, +57.953 Max HR-Knee = +57.953 Min FL-HipY = +40.630 
[2025-06-12 18:22:32.564.872] [WARN  ] [CPU] Cpu temperature -2091312540 cpu  
[2025-06-12 18:22:33.303.966] [INFO  ] [Battery] SoC = 56%, Volt = +29.700V, Temp 32 
[2025-06-12 18:22:33.506.647] [INFO  ] [Controller] [Joints] FL: +47.559, +40.630, +44.094 ,FR: +45.827, +40.630, +44.094, HL: 52.756, +44.094, +54.488, HR: +54.488, +44.094, +57.953 Max HR-Knee = +57.953 Min FL-HipY = +40.630 
[2025-06-12 18:22:34.565.046] [WARN  ] [CPU] Cpu temperature -2091312540 cpu  
[2025-06-12 18:22:36.006.648] [INFO  ] [Controller] [Joints] FL: +45.827, +40.630, +44.094 ,FR: +45.827, +40.630, +44.094, HL: 52.756, +44.094, +54.488, HR: +54.488, +44.094, +57.953 Max HR-Knee = +57.953 Min FL-HipY = +40.630 
[2025-06-12 18:22:36.565.218] [WARN  ] [CPU] Cpu temperature -2091312540 cpu  
[2025-06-12 18:22:38.300.191] [INFO  ] [Battery] SoC = 56%, Volt = +29.700V, Temp 32 
[2025-06-12 18:22:38.506.657] [INFO  ] [Controller] [Joints] FL: +45.827, +40.630, +44.094 ,FR: +45.827, +40.630, +44.094, HL: 52.756, +44.094, +54.488, HR: +54.488, +44.094, +57.953 Max HR-Knee = +57.953 Min FL-HipY = +40.630 
[2025-06-12 18:22:38.565.389] [WARN  ] [CPU] Cpu temperature -2091312540 cpu  
[2025-06-12 18:22:41.006.647] [INFO  ] [Controller] [Joints] FL: +45.827, +40.630, +42.362 ,FR: +45.827, +40.630, +44.094, HL: 52.756, +44.094, +54.488, HR: +54.488, +44.094, +57.953 Max HR-Knee = +57.953 Min FL-HipY = +40.630 
[2025-06-12 18:22:42.565.689] [WARN  ] [CPU] Cpu temperature -2091312540 cpu  
[2025-06-12 18:22:43.296.435] [INFO  ] [Battery] SoC = 56%, Volt = +29.700V, Temp 32 
[2025-06-12 18:22:43.506.646] [INFO  ] [Controller] [Joints] FL: +45.827, +40.630, +42.362 ,FR: +45.827, +40.630, +44.094, HL: 52.756, +44.094, +54.488, HR: +54.488, +44.094, +57.953 Max HR-Knee = +57.953 Min FL-HipY = +40.630 
[2025-06-12 18:22:44.565.863] [WARN  ] [CPU] Cpu temperature -2091312540 cpu  
[2025-06-12 18:22:46.006.648] [INFO  ] [Controller] [Joints] FL: +45.827, +40.630, +42.362 ,FR: +45.827, +40.630, +42.362, HL: 52.756, +44.094, +54.488, HR: +54.488, +44.094, +57.953 Max HR-Knee = +57.953 Min FL-HipY = +40.630 
[2025-06-12 18:22:46.565.998] [WARN  ] [CPU] Cpu temperature -2091312540 cpu  
[2025-06-12 18:22:48.292.642] [INFO  ] [Battery] SoC = 56%, Volt = +29.700V, Temp 32 
[2025-06-12 18:22:48.506.644] [INFO  ] [Controller] [Joints] FL: +45.827, +40.630, +42.362 ,FR: +45.827, +40.630, +42.362, HL: 52.756, +44.094, +52.756, HR: +54.488, +44.094, +56.220 Max HR-Knee = +56.220 Min FL-HipY = +40.630 
[2025-06-12 18:22:48.566.148] [WARN  ] [CPU] Cpu temperature -2091312540 cpu  
[2025-06-12 18:22:50.566.323] [WARN  ] [CPU] Cpu temperature -2091312540 cpu  
[2025-06-12 18:22:51.006.646] [INFO  ] [Controller] [Joints] FL: +45.827, +40.630, +42.362 ,FR: +45.827, +40.630, +42.362, HL: 52.756, +44.094, +52.756, HR: +54.488, +44.094, +56.220 Max HR-Knee = +56.220 Min FL-HipY = +40.630 
[2025-06-12 18:22:52.566.513] [WARN  ] [CPU] Cpu temperature -2091312540 cpu  
[2025-06-12 18:22:53.288.732] [INFO  ] [Battery] SoC = 56%, Volt = +29.700V, Temp 32 
[2025-06-12 18:22:53.506.646] [INFO  ] [Controller] [Joints] FL: +45.827, +40.630, +42.362 ,FR: +45.827, +40.630, +42.362, HL: 51.024, +44.094, +52.756, HR: +54.488, +44.094, +56.220 Max HR-Knee = +56.220 Min FL-HipY = +40.630 
[2025-06-12 18:22:54.566.689] [WARN  ] [CPU] Cpu temperature -2091312540 cpu  
[2025-06-12 18:22:56.006.647] [INFO  ] [Controller] [Joints] FL: +45.827, +40.630, +42.362 ,FR: +45.827, +40.630, +42.362, HL: 51.024, +44.094, +52.756, HR: +52.756, +44.094, +56.220 Max HR-Knee = +56.220 Min FL-HipY = +40.630 
[2025-06-12 18:22:56.566.877] [WARN  ] [CPU] Cpu temperature -2091312540 cpu  
[2025-06-12 18:22:58.284.877] [INFO  ] [Battery] SoC = 56%, Volt = +29.700V, Temp 32 
[2025-06-12 18:22:58.506.645] [INFO  ] [Controller] [Joints] FL: +45.827, +40.630, +42.362 ,FR: +45.827, +40.630, +42.362, HL: 51.024, +44.094, +52.756, HR: +52.756, +44.094, +56.220 Max HR-Knee = +56.220 Min FL-HipY = +40.630 
[2025-06-12 18:23:00.567.188] [WARN  ] [CPU] Cpu temperature -2091312540 cpu  
[2025-06-12 18:23:01.006.644] [INFO  ] [Controller] [Joints] FL: +45.827, +40.630, +42.362 ,FR: +45.827, +40.630, +42.362, HL: 51.024, +44.094, +52.756, HR: +52.756, +44.094, +56.220 Max HR-Knee = +56.220 Min FL-HipY = +40.630 
[2025-06-12 18:23:02.567.358] [WARN  ] [CPU] Cpu temperature -2091312540 cpu  
[2025-06-12 18:23:03.281.081] [INFO  ] [Battery] SoC = 56%, Volt = +29.700V, Temp 32 
[2025-06-12 18:23:03.506.647] [INFO  ] [Controller] [Joints] FL: +45.827, +40.630, +42.362 ,FR: +45.827, +40.630, +42.362, HL: 51.024, +44.094, +52.756, HR: +52.756, +44.094, +56.220 Max HR-Knee = +56.220 Min FL-HipY = +40.630 
[2025-06-12 18:23:04.567.534] [WARN  ] [CPU] Cpu temperature -2091312540 cpu  
[2025-06-12 18:23:06.006.647] [INFO  ] [Controller] [Joints] FL: +45.827, +40.630, +42.362 ,FR: +45.827, +40.630, +42.362, HL: 51.024, +44.094, +52.756, HR: +52.756, +44.094, +56.220 Max HR-Knee = +56.220 Min FL-HipY = +40.630 
[2025-06-12 18:23:06.567.711] [WARN  ] [CPU] Cpu temperature -2091312540 cpu  
[2025-06-12 18:23:08.277.152] [INFO  ] [Battery] SoC = 56%, Volt = +29.700V, Temp 32 
[2025-06-12 18:23:08.506.646] [INFO  ] [Controller] [Joints] FL: +45.827, +40.630, +42.362 ,FR: +45.827, +40.630, +42.362, HL: 51.024, +44.094, +52.756, HR: +52.756, +44.094, +54.488 Max HR-Knee = +54.488 Min FL-HipY = +40.630 
[2025-06-12 18:23:11.006.646] [INFO  ] [Controller] [Joints] FL: +45.827, +40.630, +42.362 ,FR: +45.827, +40.630, +42.362, HL: 51.024, +44.094, +52.756, HR: +52.756, +44.094, +54.488 Max HR-Knee = +54.488 Min FL-HipY = +40.630 
[2025-06-12 18:23:12.568.125] [WARN  ] [CPU] Cpu temperature -2091312540 cpu  
[2025-06-12 18:23:13.273.425] [INFO  ] [Battery] SoC = 56%, Volt = +29.700V, Temp 32 
[2025-06-12 18:23:13.506.644] [INFO  ] [Controller] [Joints] FL: +45.827, +40.630, +42.362 ,FR: +44.094, +40.630, +42.362, HL: 51.024, +44.094, +52.756, HR: +52.756, +44.094, +54.488 Max HR-Knee = +54.488 Min FL-HipY = +40.630 
[2025-06-12 18:23:16.006.648] [INFO  ] [Controller] [Joints] FL: +45.827, +40.630, +42.362 ,FR: +44.094, +40.630, +42.362, HL: 51.024, +44.094, +52.756, HR: +52.756, +44.094, +54.488 Max HR-Knee = +54.488 Min FL-HipY = +40.630 
[2025-06-12 18:23:16.568.391] [WARN  ] [CPU] Cpu temperature -2091312540 cpu  
[2025-06-12 18:23:18.269.718] [INFO  ] [Battery] SoC = 56%, Volt = +29.700V, Temp 32 
[2025-06-12 18:23:18.506.648] [INFO  ] [Controller] [Joints] FL: +45.827, +40.630, +42.362 ,FR: +44.094, +40.630, +42.362, HL: 51.024, +44.094, +52.756, HR: +52.756, +44.094, +54.488 Max HR-Knee = +54.488 Min FL-HipY = +40.630 
[2025-06-12 18:23:18.568.546] [WARN  ] [CPU] Cpu temperature -2091312540 cpu  
[2025-06-12 18:23:20.568.718] [WARN  ] [CPU] Cpu temperature -2091312540 cpu  
[2025-06-12 18:23:21.006.644] [INFO  ] [Controller] [Joints] FL: +45.827, +40.630, +42.362 ,FR: +44.094, +40.630, +42.362, HL: 51.024, +44.094, +52.756, HR: +52.756, +44.094, +54.488 Max HR-Knee = +54.488 Min FL-HipY = +40.630 
[2025-06-12 18:23:22.568.896] [WARN  ] [CPU] Cpu temperature -2091312540 cpu  
[2025-06-12 18:23:23.266.020] [INFO  ] [Battery] SoC = 56%, Volt = +29.700V, Temp 32 
[2025-06-12 18:23:23.506.647] [INFO  ] [Controller] [Joints] FL: +45.827, +40.630, +42.362 ,FR: +44.094, +40.630, +42.362, HL: 51.024, +44.094, +51.024, HR: +52.756, +44.094, +54.488 Max HR-Knee = +54.488 Min FL-HipY = +40.630 
[2025-06-12 18:23:24.569.068] [WARN  ] [CPU] Cpu temperature -2091312540 cpu  
[2025-06-12 18:23:26.006.647] [INFO  ] [Controller] [Joints] FL: +45.827, +40.630, +42.362 ,FR: +44.094, +40.630, +42.362, HL: 51.024, +44.094, +51.024, HR: +52.756, +44.094, +54.488 Max HR-Knee = +54.488 Min FL-HipY = +40.630 
[2025-06-12 18:23:26.569.269] [WARN  ] [CPU] Cpu temperature -2091312540 cpu  
[2025-06-12 18:23:28.262.200] [INFO  ] [Battery] SoC = 56%, Volt = +29.700V, Temp 32 
[2025-06-12 18:23:28.506.644] [INFO  ] [Controller] [Joints] FL: +45.827, +40.630, +42.362 ,FR: +44.094, +40.630, +40.630, HL: 51.024, +44.094, +51.024, HR: +52.756, +44.094, +54.488 Max HR-Knee = +54.488 Min FL-HipY = +40.630 
[2025-06-12 18:23:28.569.441] [WARN  ] [CPU] Cpu temperature -2091312540 cpu  
[2025-06-12 18:23:30.569.614] [WARN  ] [CPU] Cpu temperature -2091312540 cpu  
[2025-06-12 18:23:31.006.648] [INFO  ] [Controller] [Joints] FL: +45.827, +40.630, +42.362 ,FR: +44.094, +40.630, +40.630, HL: 51.024, +44.094, +51.024, HR: +52.756, +44.094, +54.488 Max HR-Knee = +54.488 Min FL-HipY = +40.630 
[2025-06-12 18:23:32.569.808] [WARN  ] [CPU] Cpu temperature -2091312540 cpu  
[2025-06-12 18:23:33.258.390] [INFO  ] [Battery] SoC = 55%, Volt = +29.700V, Temp 32 
[2025-06-12 18:23:33.506.653] [INFO  ] [Controller] [Joints] FL: +45.827, +40.630, +42.362 ,FR: +44.094, +40.630, +40.630, HL: 51.024, +44.094, +51.024, HR: +52.756, +44.094, +54.488 Max HR-Knee = +54.488 Min FL-HipY = +40.630 
[2025-06-12 18:23:34.569.985] [WARN  ] [CPU] Cpu temperature -2091312540 cpu  
[2025-06-12 18:23:36.006.647] [INFO  ] [Controller] [Joints] FL: +45.827, +40.630, +42.362 ,FR: +44.094, +40.630, +40.630, HL: 51.024, +44.094, +51.024, HR: +52.756, +44.094, +54.488 Max HR-Knee = +54.488 Min FL-HipY = +40.630 
[2025-06-12 18:23:36.570.156] [WARN  ] [CPU] Cpu temperature -2091312540 cpu  
[2025-06-12 18:23:38.254.626] [INFO  ] [Battery] SoC = 55%, Volt = +29.700V, Temp 32 
[2025-06-12 18:23:38.506.647] [INFO  ] [Controller] [Joints] FL: +45.827, +40.630, +42.362 ,FR: +44.094, +40.630, +40.630, HL: 51.024, +44.094, +51.024, HR: +52.756, +44.094, +54.488 Max HR-Knee = +54.488 Min FL-HipY = +40.630 
[2025-06-12 18:23:38.570.345] [WARN  ] [CPU] Cpu temperature -2091312540 cpu  
[2025-06-12 18:23:40.570.500] [WARN  ] [CPU] Cpu temperature -2091312540 cpu  
[2025-06-12 18:23:41.006.647] [INFO  ] [Controller] [Joints] FL: +45.827, +40.630, +42.362 ,FR: +44.094, +40.630, +40.630, HL: 51.024, +44.094, +51.024, HR: +52.756, +44.094, +52.756 Max HR-HipX = +52.756 Min FL-HipY = +40.630 
[2025-06-12 18:23:42.570.673] [WARN  ] [CPU] Cpu temperature -2091312540 cpu  
[2025-06-12 18:23:43.250.829] [INFO  ] [Battery] SoC = 55%, Volt = +29.700V, Temp 32 
[2025-06-12 18:23:43.506.646] [INFO  ] [Controller] [Joints] FL: +44.094, +40.630, +42.362 ,FR: +44.094, +40.630, +40.630, HL: 51.024, +44.094, +51.024, HR: +52.756, +44.094, +52.756 Max HR-HipX = +52.756 Min FL-HipY = +40.630 
[2025-06-12 18:23:44.570.846] [WARN  ] [CPU] Cpu temperature -2091312540 cpu  
[2025-06-12 18:23:46.006.649] [INFO  ] [Controller] [Joints] FL: +44.094, +40.630, +42.362 ,FR: +44.094, +40.630, +40.630, HL: 51.024, +44.094, +51.024, HR: +52.756, +44.094, +52.756 Max HR-HipX = +52.756 Min FL-HipY = +40.630 
[2025-06-12 18:23:46.571.004] [WARN  ] [CPU] Cpu temperature -2091312540 cpu  
[2025-06-12 18:23:48.247.137] [INFO  ] [Battery] SoC = 55%, Volt = +29.700V, Temp 32 
[2025-06-12 18:23:48.506.646] [INFO  ] [Controller] [Joints] FL: +44.094, +40.630, +42.362 ,FR: +44.094, +40.630, +40.630, HL: 49.291, +44.094, +51.024, HR: +52.756, +44.094, +52.756 Max HR-HipX = +52.756 Min FL-HipY = +40.630 
[2025-06-12 18:23:48.571.155] [WARN  ] [CPU] Cpu temperature -2091312540 cpu  
[2025-06-12 18:23:50.571.325] [WARN  ] [CPU] Cpu temperature -2091312540 cpu  
[2025-06-12 18:23:51.006.646] [INFO  ] [Controller] [Joints] FL: +44.094, +40.630, +42.362 ,FR: +44.094, +40.630, +40.630, HL: 49.291, +44.094, +51.024, HR: +52.756, +44.094, +52.756 Max HR-HipX = +52.756 Min FL-HipY = +40.630 
[2025-06-12 18:23:52.571.495] [WARN  ] [CPU] Cpu temperature -2091312540 cpu  
[2025-06-12 18:23:53.243.481] [INFO  ] [Battery] SoC = 55%, Volt = +29.700V, Temp 32 
[2025-06-12 18:23:53.506.645] [INFO  ] [Controller] [Joints] FL: +44.094, +40.630, +42.362 ,FR: +44.094, +40.630, +40.630, HL: 49.291, +44.094, +51.024, HR: +52.756, +44.094, +52.756 Max HR-HipX = +52.756 Min FL-HipY = +40.630 
[2025-06-12 18:23:54.571.668] [WARN  ] [CPU] Cpu temperature -2091312540 cpu  
[2025-06-12 18:23:56.006.642] [INFO  ] [Controller] [Joints] FL: +44.094, +40.630, +42.362 ,FR: +44.094, +40.630, +40.630, HL: 49.291, +44.094, +51.024, HR: +51.024, +44.094, +52.756 Max HR-Knee = +52.756 Min FL-HipY = +40.630 
[2025-06-12 18:23:56.571.839] [WARN  ] [CPU] Cpu temperature -2091312540 cpu  
[2025-06-12 18:23:58.239.786] [INFO  ] [Battery] SoC = 55%, Volt = +29.700V, Temp 32 
[2025-06-12 18:23:58.506.645] [INFO  ] [Controller] [Joints] FL: +44.094, +40.630, +42.362 ,FR: +44.094, +40.630, +40.630, HL: 49.291, +44.094, +51.024, HR: +51.024, +44.094, +52.756 Max HR-Knee = +52.756 Min FL-HipY = +40.630 
[2025-06-12 18:23:58.572.008] [WARN  ] [CPU] Cpu temperature -2091312540 cpu  
[2025-06-12 18:24:00.572.184] [WARN  ] [CPU] Cpu temperature -2091312540 cpu  
[2025-06-12 18:24:01.006.646] [INFO  ] [Controller] [Joints] FL: +44.094, +40.630, +42.362 ,FR: +44.094, +40.630, +40.630, HL: 49.291, +44.094, +51.024, HR: +51.024, +44.094, +52.756 Max HR-Knee = +52.756 Min FL-HipY = +40.630 
[2025-06-12 18:24:02.572.356] [WARN  ] [CPU] Cpu temperature -2091312540 cpu  
[2025-06-12 18:24:03.236.062] [INFO  ] [Battery] SoC = 55%, Volt = +29.700V, Temp 32 
[2025-06-12 18:24:03.506.646] [INFO  ] [Controller] [Joints] FL: +44.094, +40.630, +42.362 ,FR: +44.094, +40.630, +40.630, HL: 49.291, +44.094, +51.024, HR: +51.024, +44.094, +52.756 Max HR-Knee = +52.756 Min FL-HipY = +40.630 
[2025-06-12 18:24:04.572.535] [WARN  ] [CPU] Cpu temperature -2091312540 cpu  
[2025-06-12 18:24:06.006.647] [INFO  ] [Controller] [Joints] FL: +44.094, +40.630, +42.362 ,FR: +44.094, +40.630, +40.630, HL: 49.291, +44.094, +51.024, HR: +51.024, +44.094, +52.756 Max HR-Knee = +52.756 Min FL-HipY = +40.630 
[2025-06-12 18:24:06.572.709] [WARN  ] [CPU] Cpu temperature -2091312540 cpu  
[2025-06-12 18:24:08.232.212] [INFO  ] [Battery] SoC = 55%, Volt = +29.700V, Temp 32 
[2025-06-12 18:24:08.506.646] [INFO  ] [Controller] [Joints] FL: +44.094, +40.630, +42.362 ,FR: +44.094, +40.630, +40.630, HL: 49.291, +44.094, +51.024, HR: +51.024, +44.094, +52.756 Max HR-Knee = +52.756 Min FL-HipY = +40.630 
[2025-06-12 18:24:08.572.922] [WARN  ] [CPU] Cpu temperature -2091312540 cpu  
[2025-06-12 18:24:10.573.098] [WARN  ] [CPU] Cpu temperature -2091312540 cpu  
[2025-06-12 18:24:11.006.653] [INFO  ] [Controller] [Joints] FL: +44.094, +40.630, +42.362 ,FR: +44.094, +40.630, +40.630, HL: 49.291, +44.094, +51.024, HR: +51.024, +44.094, +52.756 Max HR-Knee = +52.756 Min FL-HipY = +40.630 
[2025-06-12 18:24:12.573.266] [WARN  ] [CPU] Cpu temperature -2091312540 cpu  
[2025-06-12 18:24:13.228.524] [INFO  ] [Battery] SoC = 55%, Volt = +29.700V, Temp 32 
[2025-06-12 18:24:13.506.646] [INFO  ] [Controller] [Joints] FL: +44.094, +40.630, +42.362 ,FR: +44.094, +40.630, +40.630, HL: 49.291, +44.094, +49.291, HR: +51.024, +44.094, +52.756 Max HR-Knee = +52.756 Min FL-HipY = +40.630 
[2025-06-12 18:24:14.573.457] [WARN  ] [CPU] Cpu temperature -2091312540 cpu  
[2025-06-12 18:24:16.006.646] [INFO  ] [Controller] [Joints] FL: +44.094, +40.630, +40.630 ,FR: +44.094, +40.630, +40.630, HL: 49.291, +44.094, +49.291, HR: +51.024, +44.094, +52.756 Max HR-Knee = +52.756 Min FL-HipY = +40.630 
[2025-06-12 18:24:16.573.610] [WARN  ] [CPU] Cpu temperature -2091312540 cpu  
[2025-06-12 18:24:18.224.685] [INFO  ] [Battery] SoC = 55%, Volt = +29.700V, Temp 32 
[2025-06-12 18:24:18.506.646] [INFO  ] [Controller] [Joints] FL: +44.094, +40.630, +40.630 ,FR: +44.094, +40.630, +40.630, HL: 49.291, +44.094, +49.291, HR: +51.024, +44.094, +52.756 Max HR-Knee = +52.756 Min FL-HipY = +40.630 
[2025-06-12 18:24:18.573.782] [WARN  ] [CPU] Cpu temperature -2091312540 cpu  
[2025-06-12 18:24:20.573.950] [WARN  ] [CPU] Cpu temperature -2091312540 cpu  
[2025-06-12 18:24:21.006.647] [INFO  ] [Controller] [Joints] FL: +44.094, +40.630, +40.630 ,FR: +44.094, +40.630, +40.630, HL: 49.291, +44.094, +49.291, HR: +51.024, +44.094, +52.756 Max HR-Knee = +52.756 Min FL-HipY = +40.630 
[2025-06-12 18:24:22.574.139] [WARN  ] [CPU] Cpu temperature -2091312540 cpu  
[2025-06-12 18:24:23.220.911] [INFO  ] [Battery] SoC = 55%, Volt = +29.700V, Temp 32 
[2025-06-12 18:24:23.506.650] [INFO  ] [Controller] [Joints] FL: +44.094, +40.630, +40.630 ,FR: +44.094, +40.630, +40.630, HL: 49.291, +44.094, +49.291, HR: +51.024, +44.094, +52.756 Max HR-Knee = +52.756 Min FL-HipY = +40.630 
[2025-06-12 18:24:24.574.312] [WARN  ] [CPU] Cpu temperature -2091312540 cpu  
[2025-06-12 18:24:26.006.644] [INFO  ] [Controller] [Joints] FL: +44.094, +40.630, +40.630 ,FR: +44.094, +40.630, +40.630, HL: 49.291, +44.094, +49.291, HR: +51.024, +44.094, +52.756 Max HR-Knee = +52.756 Min FL-HipY = +40.630 
[2025-06-12 18:24:26.574.480] [WARN  ] [CPU] Cpu temperature -2091312540 cpu  
[2025-06-12 18:24:28.217.154] [INFO  ] [Battery] SoC = 55%, Volt = +29.700V, Temp 32 
[2025-06-12 18:24:28.506.647] [INFO  ] [Controller] [Joints] FL: +44.094, +40.630, +40.630 ,FR: +44.094, +40.630, +40.630, HL: 49.291, +44.094, +49.291, HR: +51.024, +44.094, +51.024 Max HR-HipX = +51.024 Min FL-HipY = +40.630 
[2025-06-12 18:24:28.574.656] [WARN  ] [CPU] Cpu temperature -2091312540 cpu  
[2025-06-12 18:24:30.574.827] [WARN  ] [CPU] Cpu temperature -2091312540 cpu  
[2025-06-12 18:24:31.006.648] [INFO  ] [Controller] [Joints] FL: +44.094, +40.630, +40.630 ,FR: +44.094, +40.630, +40.630, HL: 49.291, +44.094, +49.291, HR: +51.024, +44.094, +51.024 Max HR-HipX = +51.024 Min FL-HipY = +40.630 
[2025-06-12 18:24:32.575.003] [WARN  ] [CPU] Cpu temperature -2091312540 cpu  
[2025-06-12 18:24:33.213.326] [INFO  ] [Battery] SoC = 55%, Volt = +29.700V, Temp 32 
[2025-06-12 18:24:33.506.645] [INFO  ] [Controller] [Joints] FL: +44.094, +40.630, +40.630 ,FR: +44.094, +40.630, +40.630, HL: 49.291, +44.094, +49.291, HR: +51.024, +44.094, +51.024 Max HR-HipX = +51.024 Min FL-HipY = +40.630 
[2025-06-12 18:24:34.575.167] [WARN  ] [CPU] Cpu temperature -2091312540 cpu  
[2025-06-12 18:24:36.006.649] [INFO  ] [Controller] [Joints] FL: +44.094, +40.630, +40.630 ,FR: +44.094, +40.630, +40.630, HL: 49.291, +44.094, +49.291, HR: +51.024, +44.094, +51.024 Max HR-HipX = +51.024 Min FL-HipY = +40.630 
[2025-06-12 18:24:36.575.342] [WARN  ] [CPU] Cpu temperature -2091312540 cpu  
[2025-06-12 18:24:38.209.548] [INFO  ] [Battery] SoC = 55%, Volt = +29.700V, Temp 32 
[2025-06-12 18:24:38.506.642] [INFO  ] [Controller] [Joints] FL: +44.094, +40.630, +40.630 ,FR: +44.094, +40.630, +40.630, HL: 49.291, +44.094, +49.291, HR: +51.024, +44.094, +51.024 Max HR-HipX = +51.024 Min FL-HipY = +40.630 
[2025-06-12 18:24:38.575.497] [WARN  ] [CPU] Cpu temperature -2091312540 cpu  
[2025-06-12 18:24:40.575.668] [WARN  ] [CPU] Cpu temperature -2091312540 cpu  
[2025-06-12 18:24:41.006.645] [INFO  ] [Controller] [Joints] FL: +44.094, +40.630, +40.630 ,FR: +44.094, +40.630, +40.630, HL: 49.291, +44.094, +49.291, HR: +51.024, +44.094, +51.024 Max HR-HipX = +51.024 Min FL-HipY = +40.630 
[2025-06-12 18:24:42.575.817] [WARN  ] [CPU] Cpu temperature -2091312540 cpu  
[2025-06-12 18:24:43.205.547] [INFO  ] [Battery] SoC = 55%, Volt = +29.700V, Temp 32 
[2025-06-12 18:24:43.506.646] [INFO  ] [Controller] [Joints] FL: +44.094, +40.630, +40.630 ,FR: +44.094, +40.630, +40.630, HL: 49.291, +44.094, +49.291, HR: +51.024, +44.094, +51.024 Max HR-HipX = +51.024 Min FL-HipY = +40.630 
[2025-06-12 18:24:44.575.975] [WARN  ] [CPU] Cpu temperature -2091312540 cpu  
[2025-06-12 18:24:46.006.647] [INFO  ] [Controller] [Joints] FL: +44.094, +40.630, +40.630 ,FR: +44.094, +40.630, +40.630, HL: 49.291, +44.094, +49.291, HR: +51.024, +44.094, +51.024 Max HR-HipX = +51.024 Min FL-HipY = +40.630 
[2025-06-12 18:24:46.576.125] [WARN  ] [CPU] Cpu temperature -2091312540 cpu  
[2025-06-12 18:24:48.201.591] [INFO  ] [Battery] SoC = 55%, Volt = +29.700V, Temp 32 
[2025-06-12 18:24:48.506.646] [INFO  ] [Controller] [Joints] FL: +44.094, +40.630, +40.630 ,FR: +44.094, +40.630, +40.630, HL: 49.291, +44.094, +49.291, HR: +51.024, +44.094, +51.024 Max HR-HipX = +51.024 Min FL-HipY = +40.630 
[2025-06-12 18:24:48.576.295] [WARN  ] [CPU] Cpu temperature -2091312540 cpu  
[2025-06-12 18:24:50.576.490] [WARN  ] [CPU] Cpu temperature -2091312540 cpu  
[2025-06-12 18:24:51.006.645] [INFO  ] [Controller] [Joints] FL: +44.094, +40.630, +40.630 ,FR: +44.094, +40.630, +40.630, HL: 49.291, +44.094, +49.291, HR: +51.024, +44.094, +51.024 Max HR-HipX = +51.024 Min FL-HipY = +40.630 
[2025-06-12 18:24:52.576.664] [WARN  ] [CPU] Cpu temperature -2091312540 cpu  
[2025-06-12 18:24:53.197.751] [INFO  ] [Battery] SoC = 55%, Volt = +29.700V, Temp 32 
[2025-06-12 18:24:53.506.648] [INFO  ] [Controller] [Joints] FL: +44.094, +40.630, +40.630 ,FR: +44.094, +40.630, +40.630, HL: 49.291, +44.094, +49.291, HR: +51.024, +44.094, +51.024 Max HR-HipX = +51.024 Min FL-HipY = +40.630 
[2025-06-12 18:24:54.576.866] [WARN  ] [CPU] Cpu temperature -2091312540 cpu  
[2025-06-12 18:24:56.006.648] [INFO  ] [Controller] [Joints] FL: +44.094, +40.630, +40.630 ,FR: +44.094, +40.630, +40.630, HL: 49.291, +44.094, +49.291, HR: +51.024, +44.094, +51.024 Max HR-HipX = +51.024 Min FL-HipY = +40.630 
[2025-06-12 18:24:56.577.043] [WARN  ] [CPU] Cpu temperature -2091312540 cpu  
[2025-06-12 18:24:58.193.923] [INFO  ] [Battery] SoC = 55%, Volt = +29.700V, Temp 32 
[2025-06-12 18:24:58.506.702] [INFO  ] [Controller] [Joints] FL: +44.094, +40.630, +40.630 ,FR: +44.094, +40.630, +40.630, HL: 49.291, +44.094, +49.291, HR: +51.024, +44.094, +51.024 Max HR-HipX = +51.024 Min FL-HipY = +40.630 
[2025-06-12 18:24:58.577.212] [WARN  ] [CPU] Cpu temperature -2091312540 cpu  
[2025-06-12 18:25:00.577.378] [WARN  ] [CPU] Cpu temperature -2091312540 cpu  
[2025-06-12 18:25:01.006.645] [INFO  ] [Controller] [Joints] FL: +44.094, +40.630, +40.630 ,FR: +44.094, +40.630, +40.630, HL: 49.291, +44.094, +49.291, HR: +51.024, +44.094, +51.024 Max HR-HipX = +51.024 Min FL-HipY = +40.630 
[2025-06-12 18:25:02.577.552] [WARN  ] [CPU] Cpu temperature -2091312540 cpu  
[2025-06-12 18:25:03.190.163] [INFO  ] [Battery] SoC = 55%, Volt = +29.700V, Temp 32 
[2025-06-12 18:25:03.508.707] [INFO  ] [Controller] [Joints] FL: +44.094, +40.630, +40.630 ,FR: +44.094, +40.630, +40.630, HL: 49.291, +44.094, +49.291, HR: +51.024, +44.094, +51.024 Max HR-HipX = +51.024 Min FL-HipY = +40.630 
[2025-06-12 18:25:04.577.731] [WARN  ] [CPU] Cpu temperature -2091312540 cpu  
[2025-06-12 18:25:06.008.649] [INFO  ] [Controller] [Joints] FL: +44.094, +40.630, +40.630 ,FR: +44.094, +40.630, +40.630, HL: 49.291, +44.094, +49.291, HR: +51.024, +44.094, +51.024 Max HR-HipX = +51.024 Min FL-HipY = +40.630 
[2025-06-12 18:25:06.577.905] [WARN  ] [CPU] Cpu temperature -2091312540 cpu  
[2025-06-12 18:25:08.186.347] [INFO  ] [Battery] SoC = 55%, Volt = +29.700V, Temp 32 
[2025-06-12 18:25:08.508.647] [INFO  ] [Controller] [Joints] FL: +44.094, +40.630, +40.630 ,FR: +44.094, +40.630, +40.630, HL: 49.291, +44.094, +49.291, HR: +51.024, +44.094, +51.024 Max HR-HipX = +51.024 Min FL-HipY = +40.630 
[2025-06-12 18:25:08.578.090] [WARN  ] [CPU] Cpu temperature -2091312540 cpu  
[2025-06-12 18:25:10.578.245] [WARN  ] [CPU] Cpu temperature -2091312540 cpu  
[2025-06-12 18:25:11.008.646] [INFO  ] [Controller] [Joints] FL: +44.094, +40.630, +40.630 ,FR: +44.094, +40.630, +40.630, HL: 49.291, +44.094, +49.291, HR: +51.024, +44.094, +51.024 Max HR-HipX = +51.024 Min FL-HipY = +40.630 
[2025-06-12 18:25:12.578.434] [WARN  ] [CPU] Cpu temperature -2091312540 cpu  
[2025-06-12 18:25:13.182.415] [INFO  ] [Battery] SoC = 55%, Volt = +29.700V, Temp 32 
[2025-06-12 18:25:13.508.647] [INFO  ] [Controller] [Joints] FL: +44.094, +40.630, +40.630 ,FR: +44.094, +40.630, +40.630, HL: 49.291, +44.094, +49.291, HR: +51.024, +44.094, +51.024 Max HR-HipX = +51.024 Min FL-HipY = +40.630 
[2025-06-12 18:25:14.578.593] [WARN  ] [CPU] Cpu temperature -2091312540 cpu  
[2025-06-12 18:25:16.008.646] [INFO  ] [Controller] [Joints] FL: +44.094, +40.630, +40.630 ,FR: +44.094, +40.630, +40.630, HL: 49.291, +44.094, +49.291, HR: +51.024, +44.094, +51.024 Max HR-HipX = +51.024 Min FL-HipY = +40.630 
[2025-06-12 18:25:16.578.754] [WARN  ] [CPU] Cpu temperature -2091312540 cpu  
[2025-06-12 18:25:18.178.412] [INFO  ] [Battery] SoC = 55%, Volt = +29.700V, Temp 32 
[2025-06-12 18:25:18.508.646] [INFO  ] [Controller] [Joints] FL: +44.094, +40.630, +40.630 ,FR: +44.094, +40.630, +40.630, HL: 49.291, +44.094, +49.291, HR: +51.024, +44.094, +51.024 Max HR-HipX = +51.024 Min FL-HipY = +40.630 
[2025-06-12 18:25:18.578.925] [WARN  ] [CPU] Cpu temperature -2091312540 cpu  
[2025-06-12 18:25:20.579.110] [WARN  ] [CPU] Cpu temperature -2091312540 cpu  
[2025-06-12 18:25:21.008.648] [INFO  ] [Controller] [Joints] FL: +44.094, +40.630, +40.630 ,FR: +44.094, +40.630, +40.630, HL: 49.291, +44.094, +49.291, HR: +51.024, +44.094, +51.024 Max HR-HipX = +51.024 Min FL-HipY = +40.630 
[2025-06-12 18:25:22.579.308] [WARN  ] [CPU] Cpu temperature -2091312540 cpu  
[2025-06-12 18:25:23.174.412] [INFO  ] [Battery] SoC = 55%, Volt = +29.700V, Temp 32 
[2025-06-12 18:25:23.508.642] [INFO  ] [Controller] [Joints] FL: +44.094, +40.630, +40.630 ,FR: +44.094, +40.630, +40.630, HL: 49.291, +44.094, +49.291, HR: +51.024, +44.094, +51.024 Max HR-HipX = +51.024 Min FL-HipY = +40.630 
[2025-06-12 18:25:24.579.477] [WARN  ] [CPU] Cpu temperature -2091312540 cpu  
[2025-06-12 18:25:26.008.636] [INFO  ] [Controller] [Joints] FL: +44.094, +40.630, +40.630 ,FR: +44.094, +40.630, +40.630, HL: 49.291, +44.094, +49.291, HR: +51.024, +44.094, +51.024 Max HR-HipX = +51.024 Min FL-HipY = +40.630 
[2025-06-12 18:25:26.579.652] [WARN  ] [CPU] Cpu temperature -2091312540 cpu  
[2025-06-12 18:25:28.170.442] [INFO  ] [Battery] SoC = 55%, Volt = +29.700V, Temp 32 
[2025-06-12 18:25:28.508.646] [INFO  ] [Controller] [Joints] FL: +44.094, +40.630, +40.630 ,FR: +44.094, +40.630, +40.630, HL: 49.291, +44.094, +49.291, HR: +51.024, +44.094, +51.024 Max HR-HipX = +51.024 Min FL-HipY = +40.630 
[2025-06-12 18:25:28.579.819] [WARN  ] [CPU] Cpu temperature -2091312540 cpu  
[2025-06-12 18:25:30.579.993] [WARN  ] [CPU] Cpu temperature -2091312540 cpu  
[2025-06-12 18:25:31.008.650] [INFO  ] [Controller] [Joints] FL: +44.094, +40.630, +40.630 ,FR: +44.094, +40.630, +40.630, HL: 49.291, +44.094, +47.559, HR: +51.024, +44.094, +51.024 Max HR-HipX = +51.024 Min FL-HipY = +40.630 
[2025-06-12 18:25:32.580.167] [WARN  ] [CPU] Cpu temperature -2091312540 cpu  
[2025-06-12 18:25:33.166.555] [INFO  ] [Battery] SoC = 55%, Volt = +29.700V, Temp 32 
[2025-06-12 18:25:33.508.648] [INFO  ] [Controller] [Joints] FL: +44.094, +40.630, +40.630 ,FR: +44.094, +40.630, +40.630, HL: 49.291, +44.094, +47.559, HR: +51.024, +44.094, +51.024 Max HR-HipX = +51.024 Min FL-HipY = +40.630 
[2025-06-12 18:25:34.580.349] [WARN  ] [CPU] Cpu temperature -2091312540 cpu  
[2025-06-12 18:25:36.010.646] [INFO  ] [Controller] [Joints] FL: +44.094, +40.630, +40.630 ,FR: +44.094, +40.630, +38.898, HL: 49.291, +44.094, +47.559, HR: +49.291, +44.094, +51.024 Max HR-Knee = +51.024 Min FR-Knee = +38.898 
[2025-06-12 18:25:36.580.513] [WARN  ] [CPU] Cpu temperature -2091312540 cpu  
[2025-06-12 18:25:38.162.708] [INFO  ] [Battery] SoC = 55%, Volt = +29.700V, Temp 32 
[2025-06-12 18:25:38.510.652] [INFO  ] [Controller] [Joints] FL: +44.094, +40.630, +40.630 ,FR: +44.094, +40.630, +38.898, HL: 49.291, +44.094, +47.559, HR: +49.291, +44.094, +51.024 Max HR-Knee = +51.024 Min FR-Knee = +38.898 
[2025-06-12 18:25:38.580.682] [WARN  ] [CPU] Cpu temperature -2091312540 cpu  
[2025-06-12 18:25:40.580.853] [WARN  ] [CPU] Cpu temperature -2091312540 cpu  
[2025-06-12 18:25:41.012.645] [INFO  ] [Controller] [Joints] FL: +44.094, +40.630, +40.630 ,FR: +44.094, +40.630, +38.898, HL: 49.291, +44.094, +47.559, HR: +49.291, +44.094, +51.024 Max HR-Knee = +51.024 Min FR-Knee = +38.898 
[2025-06-12 18:25:42.581.024] [WARN  ] [CPU] Cpu temperature -2091312540 cpu  
[2025-06-12 18:25:43.159.025] [INFO  ] [Battery] SoC = 55%, Volt = +29.600V, Temp 32 
[2025-06-12 18:25:43.514.646] [INFO  ] [Controller] [Joints] FL: +44.094, +40.630, +40.630 ,FR: +44.094, +40.630, +38.898, HL: 47.559, +44.094, +47.559, HR: +49.291, +44.094, +49.291 Max HR-HipX = +49.291 Min FR-Knee = +38.898 
[2025-06-12 18:25:44.581.177] [WARN  ] [CPU] Cpu temperature -2091312540 cpu  
[2025-06-12 18:25:46.014.648] [INFO  ] [Controller] [Joints] FL: +44.094, +40.630, +40.630 ,FR: +44.094, +40.630, +38.898, HL: 49.291, +44.094, +47.559, HR: +49.291, +44.094, +49.291 Max HL-HipX = +49.291 Min FR-Knee = +38.898 
[2025-06-12 18:25:46.581.328] [WARN  ] [CPU] Cpu temperature -2091312540 cpu  
[2025-06-12 18:25:48.155.308] [INFO  ] [Battery] SoC = 55%, Volt = +29.600V, Temp 32 
[2025-06-12 18:25:48.514.648] [INFO  ] [Controller] [Joints] FL: +44.094, +40.630, +40.630 ,FR: +44.094, +40.630, +38.898, HL: 47.559, +44.094, +47.559, HR: +49.291, +44.094, +49.291 Max HR-HipX = +49.291 Min FR-Knee = +38.898 
[2025-06-12 18:25:48.581.548] [WARN  ] [CPU] Cpu temperature -2091312540 cpu  
[2025-06-12 18:25:50.581.715] [WARN  ] [CPU] Cpu temperature -2091312540 cpu  
[2025-06-12 18:25:51.014.645] [INFO  ] [Controller] [Joints] FL: +44.094, +40.630, +40.630 ,FR: +44.094, +40.630, +38.898, HL: 47.559, +44.094, +47.559, HR: +49.291, +44.094, +49.291 Max HR-HipX = +49.291 Min FR-Knee = +38.898 
[2025-06-12 18:25:52.581.888] [WARN  ] [CPU] Cpu temperature -2091312540 cpu  
[2025-06-12 18:25:53.151.732] [INFO  ] [Battery] SoC = 55%, Volt = +29.600V, Temp 32 
[2025-06-12 18:25:53.514.643] [INFO  ] [Controller] [Joints] FL: +44.094, +40.630, +40.630 ,FR: +44.094, +40.630, +38.898, HL: 47.559, +44.094, +47.559, HR: +49.291, +44.094, +49.291 Max HR-HipX = +49.291 Min FR-Knee = +38.898 
[2025-06-12 18:25:54.582.065] [WARN  ] [CPU] Cpu temperature -2091312540 cpu  
[2025-06-12 18:25:56.014.643] [INFO  ] [Controller] [Joints] FL: +44.094, +40.630, +40.630 ,FR: +44.094, +40.630, +38.898, HL: 47.559, +44.094, +47.559, HR: +49.291, +44.094, +49.291 Max HR-HipX = +49.291 Min FR-Knee = +38.898 
[2025-06-12 18:25:56.582.243] [WARN  ] [CPU] Cpu temperature -2091312540 cpu  
[2025-06-12 18:25:58.148.142] [INFO  ] [Battery] SoC = 54%, Volt = +29.600V, Temp 32 
[2025-06-12 18:25:58.514.646] [INFO  ] [Controller] [Joints] FL: +44.094, +40.630, +40.630 ,FR: +44.094, +40.630, +38.898, HL: 47.559, +44.094, +47.559, HR: +49.291, +44.094, +49.291 Max HR-HipX = +49.291 Min FR-Knee = +38.898 
[2025-06-12 18:25:58.582.433] [WARN  ] [CPU] Cpu temperature -2091312540 cpu  
[2025-06-12 18:26:01.014.646] [INFO  ] [Controller] [Joints] FL: +44.094, +40.630, +40.630 ,FR: +44.094, +40.630, +38.898, HL: 47.559, +44.094, +47.559, HR: +49.291, +44.094, +49.291 Max HR-HipX = +49.291 Min FR-Knee = +38.898 
[2025-06-12 18:26:02.582.731] [WARN  ] [CPU] Cpu temperature -2091312540 cpu  
[2025-06-12 18:26:03.144.412] [INFO  ] [Battery] SoC = 54%, Volt = +29.600V, Temp 32 
[2025-06-12 18:26:03.514.646] [INFO  ] [Controller] [Joints] FL: +44.094, +40.630, +40.630 ,FR: +44.094, +40.630, +38.898, HL: 47.559, +44.094, +47.559, HR: +49.291, +44.094, +49.291 Max HR-HipX = +49.291 Min FR-Knee = +38.898 
[2025-06-12 18:26:04.582.904] [WARN  ] [CPU] Cpu temperature -2091312540 cpu  
[2025-06-12 18:26:06.014.647] [INFO  ] [Controller] [Joints] FL: +44.094, +40.630, +40.630 ,FR: +44.094, +40.630, +38.898, HL: 47.559, +44.094, +47.559, HR: +49.291, +44.094, +49.291 Max HR-HipX = +49.291 Min FR-Knee = +38.898 
[2025-06-12 18:26:06.583.072] [WARN  ] [CPU] Cpu temperature -2091312540 cpu  
[2025-06-12 18:26:08.140.746] [INFO  ] [Battery] SoC = 54%, Volt = +29.600V, Temp 32 
[2025-06-12 18:26:08.514.646] [INFO  ] [Controller] [Joints] FL: +44.094, +40.630, +40.630 ,FR: +44.094, +40.630, +38.898, HL: 47.559, +44.094, +47.559, HR: +49.291, +44.094, +49.291 Max HR-HipX = +49.291 Min FR-Knee = +38.898 
[2025-06-12 18:26:08.583.242] [WARN  ] [CPU] Cpu temperature -2091312540 cpu  
[2025-06-12 18:26:10.583.408] [WARN  ] [CPU] Cpu temperature -2091312540 cpu  
[2025-06-12 18:26:11.014.647] [INFO  ] [Controller] [Joints] FL: +44.094, +40.630, +40.630 ,FR: +44.094, +40.630, +38.898, HL: 47.559, +44.094, +47.559, HR: +49.291, +44.094, +49.291 Max HR-HipX = +49.291 Min FR-Knee = +38.898 
[2025-06-12 18:26:12.583.574] [WARN  ] [CPU] Cpu temperature -2091312540 cpu  
[2025-06-12 18:26:13.137.081] [INFO  ] [Battery] SoC = 54%, Volt = +29.600V, Temp 32 
[2025-06-12 18:26:13.514.647] [INFO  ] [Controller] [Joints] FL: +44.094, +40.630, +40.630 ,FR: +44.094, +40.630, +38.898, HL: 47.559, +44.094, +47.559, HR: +49.291, +44.094, +49.291 Max HR-HipX = +49.291 Min FR-Knee = +38.898 
[2025-06-12 18:26:14.583.721] [WARN  ] [CPU] Cpu temperature -2091312540 cpu  
[2025-06-12 18:26:16.014.645] [INFO  ] [Controller] [Joints] FL: +44.094, +40.630, +40.630 ,FR: +44.094, +40.630, +38.898, HL: 47.559, +44.094, +47.559, HR: +49.291, +44.094, +49.291 Max HR-HipX = +49.291 Min FR-Knee = +38.898 
[2025-06-12 18:26:16.583.912] [WARN  ] [CPU] Cpu temperature -2091312540 cpu  
[2025-06-12 18:26:18.133.391] [INFO  ] [Battery] SoC = 54%, Volt = +29.600V, Temp 32 
[2025-06-12 18:26:18.514.646] [INFO  ] [Controller] [Joints] FL: +44.094, +40.630, +40.630 ,FR: +44.094, +40.630, +38.898, HL: 47.559, +44.094, +47.559, HR: +49.291, +44.094, +49.291 Max HR-HipX = +49.291 Min FR-Knee = +38.898 
[2025-06-12 18:26:18.584.084] [WARN  ] [CPU] Cpu temperature -2091312540 cpu  
[2025-06-12 18:26:20.584.258] [WARN  ] [CPU] Cpu temperature -2091312540 cpu  
[2025-06-12 18:26:21.014.643] [INFO  ] [Controller] [Joints] FL: +44.094, +40.630, +40.630 ,FR: +44.094, +40.630, +38.898, HL: 47.559, +44.094, +47.559, HR: +49.291, +44.094, +49.291 Max HR-HipX = +49.291 Min FR-Knee = +38.898 
[2025-06-12 18:26:22.584.433] [WARN  ] [CPU] Cpu temperature -2091312540 cpu  
[2025-06-12 18:26:23.129.675] [INFO  ] [Battery] SoC = 54%, Volt = +29.600V, Temp 32 
[2025-06-12 18:26:23.514.644] [INFO  ] [Controller] [Joints] FL: +44.094, +40.630, +40.630 ,FR: +44.094, +40.630, +38.898, HL: 47.559, +44.094, +47.559, HR: +49.291, +44.094, +49.291 Max HR-HipX = +49.291 Min FR-Knee = +38.898 
[2025-06-12 18:26:24.584.604] [WARN  ] [CPU] Cpu temperature -2091312540 cpu  
[2025-06-12 18:26:26.014.647] [INFO  ] [Controller] [Joints] FL: +44.094, +40.630, +40.630 ,FR: +44.094, +40.630, +38.898, HL: 47.559, +44.094, +47.559, HR: +49.291, +44.094, +49.291 Max HR-HipX = +49.291 Min FR-Knee = +38.898 
[2025-06-12 18:26:26.584.798] [WARN  ] [CPU] Cpu temperature -2091312540 cpu  
[2025-06-12 18:26:28.125.956] [INFO  ] [Battery] SoC = 54%, Volt = +29.600V, Temp 32 
[2025-06-12 18:26:28.360.632] [INFO  ] [Controller] stand_cmd.... 
[2025-06-12 18:26:28.360.677] [INFO  ] [BasicMotion] Standing up, please wait... 
[2025-06-12 18:26:28.514.645] [INFO  ] [Controller] [Joints] FL: +44.094, +40.630, +40.630 ,FR: +44.094, +40.630, +38.898, HL: 47.559, +44.094, +47.559, HR: +49.291, +44.094, +49.291 Max HR-HipX = +49.291 Min FR-Knee = +38.898 
[2025-06-12 18:26:28.584.970] [WARN  ] [CPU] Cpu temperature -2091312540 cpu  
[2025-06-12 18:26:30.361.766] [INFO  ] [BasicMotion] Stand up action has finished, waitting to switch to force control mode! 
[2025-06-12 18:26:30.361.801] [INFO  ] [BasicMotion] Switching to force control mode, please wait... 
[2025-06-12 18:26:30.585.153] [WARN  ] [CPU] Cpu temperature -2091312540 cpu  
[2025-06-12 18:26:31.014.646] [INFO  ] [Controller] [Joints] FL: +44.094, +40.630, +40.630 ,FR: +44.094, +40.630, +38.898, HL: 47.559, +44.094, +47.559, HR: +49.291, +44.094, +49.291 Max HR-HipX = +49.291 Min FR-Knee = +38.898 
[2025-06-12 18:26:31.163.655] [INFO  ] [TVMPC] JY is Moving... (tvmpc),  time: 3166.044339 
[2025-06-12 18:26:32.585.327] [WARN  ] [CPU] Cpu temperature -2091312540 cpu  
[2025-06-12 18:26:33.122.287] [INFO  ] [Battery] SoC = 54%, Volt = +29.400V, Temp 32 
[2025-06-12 18:26:33.514.651] [INFO  ] [Controller] [Joints] FL: +44.094, +40.630, +40.630 ,FR: +44.094, +40.630, +40.630, HL: 49.291, +44.094, +49.291, HR: +51.024, +44.094, +51.024 Max HR-HipX = +51.024 Min FL-HipY = +40.630 
[2025-06-12 18:26:33.864.044] [INFO  ] [TVMPC] [trot]STOP!!! 
[2025-06-12 18:26:33.864.624] [INFO  ] [BasicMotion] Switching to force control mode, please wait... 
[2025-06-12 18:26:34.585.488] [WARN  ] [CPU] Cpu temperature -2091312540 cpu  
[2025-06-12 18:26:36.014.646] [INFO  ] [Controller] [Joints] FL: +44.094, +40.630, +40.630 ,FR: +44.094, +40.630, +40.630, HL: 49.291, +44.094, +49.291, HR: +51.024, +44.094, +51.024 Max HR-HipX = +51.024 Min FL-HipY = +40.630 
[2025-06-12 18:26:36.585.659] [WARN  ] [CPU] Cpu temperature -2091312540 cpu  
[2025-06-12 18:26:38.118.523] [INFO  ] [Battery] SoC = 54%, Volt = +29.500V, Temp 32 
[2025-06-12 18:26:38.514.646] [INFO  ] [Controller] [Joints] FL: +44.094, +40.630, +42.362 ,FR: +44.094, +40.630, +40.630, HL: 49.291, +44.094, +49.291, HR: +51.024, +44.094, +51.024 Max HR-HipX = +51.024 Min FL-HipY = +40.630 
[2025-06-12 18:26:38.585.829] [WARN  ] [CPU] Cpu temperature -2091312540 cpu  
[2025-06-12 18:26:40.586.065] [WARN  ] [CPU] Cpu temperature -2091312540 cpu  
[2025-06-12 18:26:41.014.644] [INFO  ] [Controller] [Joints] FL: +44.094, +40.630, +42.362 ,FR: +44.094, +40.630, +40.630, HL: 51.024, +44.094, +49.291, HR: +51.024, +44.094, +51.024 Max HL-HipX = +51.024 Min FL-HipY = +40.630 
[2025-06-12 18:26:42.586.225] [WARN  ] [CPU] Cpu temperature -2091312540 cpu  
[2025-06-12 18:26:43.114.682] [INFO  ] [Battery] SoC = 54%, Volt = +29.500V, Temp 32 
[2025-06-12 18:26:43.514.648] [INFO  ] [Controller] [Joints] FL: +45.827, +40.630, +42.362 ,FR: +44.094, +40.630, +40.630, HL: 51.024, +44.094, +49.291, HR: +52.756, +45.827, +51.024 Max HR-HipX = +52.756 Min FL-HipY = +40.630 
[2025-06-12 18:26:44.586.385] [WARN  ] [CPU] Cpu temperature -2091312540 cpu  
[2025-06-12 18:26:46.015.650] [INFO  ] [Controller] [Joints] FL: +45.827, +40.630, +42.362 ,FR: +44.094, +40.630, +42.362, HL: 51.024, +44.094, +51.024, HR: +52.756, +45.827, +51.024 Max HR-HipX = +52.756 Min FL-HipY = +40.630 
[2025-06-12 18:26:48.110.825] [INFO  ] [Battery] SoC = 54%, Volt = +29.500V, Temp 32 
[2025-06-12 18:26:48.516.644] [INFO  ] [Controller] [Joints] FL: +45.827, +40.630, +42.362 ,FR: +44.094, +40.630, +42.362, HL: 52.756, +44.094, +51.024, HR: +52.756, +45.827, +51.024 Max HL-HipX = +52.756 Min FL-HipY = +40.630 
[2025-06-12 18:26:48.586.731] [WARN  ] [CPU] Cpu temperature -2091312540 cpu  
[2025-06-12 18:26:51.016.646] [INFO  ] [Controller] [Joints] FL: +45.827, +40.630, +42.362 ,FR: +44.094, +40.630, +42.362, HL: 52.756, +44.094, +51.024, HR: +54.488, +45.827, +51.024 Max HR-HipX = +54.488 Min FL-HipY = +40.630 
[2025-06-12 18:26:52.587.052] [WARN  ] [CPU] Cpu temperature -2091312540 cpu  
[2025-06-12 18:26:53.107.163] [INFO  ] [Battery] SoC = 54%, Volt = +29.400V, Temp 32 
[2025-06-12 18:26:53.516.642] [INFO  ] [Controller] [Joints] FL: +45.827, +40.630, +42.362 ,FR: +44.094, +40.630, +42.362, HL: 52.756, +44.094, +51.024, HR: +54.488, +45.827, +51.024 Max HR-HipX = +54.488 Min FL-HipY = +40.630 
[2025-06-12 18:26:54.587.224] [WARN  ] [CPU] Cpu temperature -2091312540 cpu  
[2025-06-12 18:26:56.016.645] [INFO  ] [Controller] [Joints] FL: +45.827, +40.630, +42.362 ,FR: +44.094, +40.630, +42.362, HL: 52.756, +44.094, +51.024, HR: +54.488, +45.827, +51.024 Max HR-HipX = +54.488 Min FL-HipY = +40.630 
[2025-06-12 18:26:56.587.420] [WARN  ] [CPU] Cpu temperature -2091312540 cpu  
[2025-06-12 18:26:58.103.438] [INFO  ] [Battery] SoC = 54%, Volt = +29.400V, Temp 32 
[2025-06-12 18:26:58.516.647] [INFO  ] [Controller] [Joints] FL: +45.827, +40.630, +42.362 ,FR: +44.094, +40.630, +42.362, HL: 52.756, +44.094, +51.024, HR: +54.488, +45.827, +51.024 Max HR-HipX = +54.488 Min FL-HipY = +40.630 
[2025-06-12 18:26:58.587.598] [WARN  ] [CPU] Cpu temperature -2091312540 cpu  
[2025-06-12 18:27:00.587.828] [WARN  ] [CPU] Cpu temperature -2091312540 cpu  
[2025-06-12 18:27:01.016.644] [INFO  ] [Controller] [Joints] FL: +45.827, +40.630, +42.362 ,FR: +44.094, +40.630, +42.362, HL: 52.756, +44.094, +51.024, HR: +56.220, +45.827, +51.024 Max HR-HipX = +56.220 Min FL-HipY = +40.630 
[2025-06-12 18:27:03.099.755] [INFO  ] [Battery] SoC = 54%, Volt = +29.400V, Temp 32 
[2025-06-12 18:27:03.516.647] [INFO  ] [Controller] [Joints] FL: +45.827, +40.630, +40.630 ,FR: +45.827, +40.630, +44.094, HL: 54.488, +44.094, +51.024, HR: +56.220, +45.827, +51.024 Max HR-HipX = +56.220 Min FL-HipY = +40.630 
[2025-06-12 18:27:04.588.140] [WARN  ] [CPU] Cpu temperature -2091312540 cpu  
[2025-06-12 18:27:06.016.648] [INFO  ] [Controller] [Joints] FL: +47.559, +40.630, +40.630 ,FR: +45.827, +40.630, +44.094, HL: 54.488, +44.094, +51.024, HR: +56.220, +45.827, +51.024 Max HR-HipX = +56.220 Min FL-HipY = +40.630 
[2025-06-12 18:27:06.588.311] [WARN  ] [CPU] Cpu temperature -2091312540 cpu  
[2025-06-12 18:27:08.096.133] [INFO  ] [Battery] SoC = 54%, Volt = +29.400V, Temp 32 
[2025-06-12 18:27:08.516.645] [INFO  ] [Controller] [Joints] FL: +47.559, +40.630, +40.630 ,FR: +45.827, +40.630, +44.094, HL: 54.488, +44.094, +51.024, HR: +56.220, +45.827, +51.024 Max HR-HipX = +56.220 Min FL-HipY = +40.630 
[2025-06-12 18:27:08.588.510] [WARN  ] [CPU] Cpu temperature -2091312540 cpu  
[2025-06-12 18:27:10.588.673] [WARN  ] [CPU] Cpu temperature -2091312540 cpu  
[2025-06-12 18:27:11.016.646] [INFO  ] [Controller] [Joints] FL: +47.559, +40.630, +40.630 ,FR: +45.827, +40.630, +44.094, HL: 54.488, +44.094, +51.024, HR: +56.220, +45.827, +51.024 Max HR-HipX = +56.220 Min FL-HipY = +40.630 
[2025-06-12 18:27:12.588.823] [WARN  ] [CPU] Cpu temperature -2091312540 cpu  
[2025-06-12 18:27:13.092.301] [INFO  ] [Battery] SoC = 54%, Volt = +29.400V, Temp 32 
[2025-06-12 18:27:13.516.649] [INFO  ] [Controller] [Joints] FL: +47.559, +40.630, +40.630 ,FR: +45.827, +40.630, +44.094, HL: 54.488, +44.094, +51.024, HR: +56.220, +45.827, +51.024 Max HR-HipX = +56.220 Min FL-HipY = +40.630 
[2025-06-12 18:27:16.016.645] [INFO  ] [Controller] [Joints] FL: +47.559, +40.630, +40.630 ,FR: +45.827, +40.630, +44.094, HL: 54.488, +44.094, +51.024, HR: +57.953, +45.827, +51.024 Max HR-HipX = +57.953 Min FL-HipY = +40.630 
[2025-06-12 18:27:16.589.133] [WARN  ] [CPU] Cpu temperature -2091312540 cpu  
[2025-06-12 18:27:18.088.627] [INFO  ] [Battery] SoC = 53%, Volt = +29.400V, Temp 32 
[2025-06-12 18:27:18.516.646] [INFO  ] [Controller] [Joints] FL: +47.559, +40.630, +40.630 ,FR: +45.827, +40.630, +44.094, HL: 54.488, +44.094, +51.024, HR: +57.953, +45.827, +51.024 Max HR-HipX = +57.953 Min FL-HipY = +40.630 
[2025-06-12 18:27:18.589.313] [WARN  ] [CPU] Cpu temperature -2091312540 cpu  
[2025-06-12 18:27:21.016.647] [INFO  ] [Controller] [Joints] FL: +47.559, +40.630, +40.630 ,FR: +45.827, +40.630, +44.094, HL: 54.488, +44.094, +51.024, HR: +57.953, +45.827, +51.024 Max HR-HipX = +57.953 Min FL-HipY = +40.630 
[2025-06-12 18:27:22.589.638] [WARN  ] [CPU] Cpu temperature -2091312540 cpu  
[2025-06-12 18:27:23.084.777] [INFO  ] [Battery] SoC = 53%, Volt = +29.400V, Temp 32 
[2025-06-12 18:27:23.516.646] [INFO  ] [Controller] [Joints] FL: +47.559, +40.630, +40.630 ,FR: +45.827, +40.630, +44.094, HL: 54.488, +44.094, +52.756, HR: +57.953, +45.827, +51.024 Max HR-HipX = +57.953 Min FL-HipY = +40.630 
[2025-06-12 18:27:24.589.812] [WARN  ] [CPU] Cpu temperature -2091312540 cpu  
[2025-06-12 18:27:26.016.648] [INFO  ] [Controller] [Joints] FL: +47.559, +40.630, +40.630 ,FR: +45.827, +40.630, +44.094, HL: 56.220, +44.094, +52.756, HR: +57.953, +45.827, +51.024 Max HR-HipX = +57.953 Min FL-HipY = +40.630 
[2025-06-12 18:27:26.589.994] [WARN  ] [CPU] Cpu temperature -2091312540 cpu  
[2025-06-12 18:27:28.080.968] [INFO  ] [Battery] SoC = 53%, Volt = +29.400V, Temp 32 
[2025-06-12 18:27:28.516.645] [INFO  ] [Controller] [Joints] FL: +47.559, +40.630, +40.630 ,FR: +45.827, +40.630, +44.094, HL: 56.220, +44.094, +52.756, HR: +57.953, +45.827, +51.024 Max HR-HipX = +57.953 Min FL-HipY = +40.630 
[2025-06-12 18:27:30.590.299] [WARN  ] [CPU] Cpu temperature -2091312540 cpu  
[2025-06-12 18:27:31.016.645] [INFO  ] [Controller] [Joints] FL: +47.559, +40.630, +40.630 ,FR: +45.827, +40.630, +44.094, HL: 56.220, +44.094, +52.756, HR: +57.953, +45.827, +51.024 Max HR-HipX = +57.953 Min FL-HipY = +40.630 
[2025-06-12 18:27:33.077.147] [INFO  ] [Battery] SoC = 53%, Volt = +29.400V, Temp 32 
[2025-06-12 18:27:33.516.647] [INFO  ] [Controller] [Joints] FL: +47.559, +40.630, +40.630 ,FR: +45.827, +40.630, +44.094, HL: 56.220, +44.094, +52.756, HR: +57.953, +45.827, +51.024 Max HR-HipX = +57.953 Min FL-HipY = +40.630 
[2025-06-12 18:27:34.590.590] [WARN  ] [CPU] Cpu temperature -2091312540 cpu  
[2025-06-12 18:27:36.016.706] [INFO  ] [Controller] [Joints] FL: +47.559, +40.630, +40.630 ,FR: +45.827, +40.630, +45.827, HL: 56.220, +44.094, +52.756, HR: +57.953, +45.827, +51.024 Max HR-HipX = +57.953 Min FL-HipY = +40.630 
[2025-06-12 18:27:36.590.760] [WARN  ] [CPU] Cpu temperature -2091312540 cpu  
[2025-06-12 18:27:38.073.323] [INFO  ] [Battery] SoC = 53%, Volt = +29.400V, Temp 32 
[2025-06-12 18:27:38.516.643] [INFO  ] [Controller] [Joints] FL: +47.559, +40.630, +40.630 ,FR: +45.827, +40.630, +45.827, HL: 56.220, +44.094, +52.756, HR: +57.953, +45.827, +51.024 Max HR-HipX = +57.953 Min FL-HipY = +40.630 
[2025-06-12 18:27:38.590.934] [WARN  ] [CPU] Cpu temperature -2091312540 cpu  
[2025-06-12 18:27:40.591.099] [WARN  ] [CPU] Cpu temperature -2091312540 cpu  
[2025-06-12 18:27:41.016.645] [INFO  ] [Controller] [Joints] FL: +47.559, +40.630, +40.630 ,FR: +45.827, +40.630, +45.827, HL: 56.220, +44.094, +52.756, HR: +57.953, +45.827, +51.024 Max HR-HipX = +57.953 Min FL-HipY = +40.630 
[2025-06-12 18:27:42.591.283] [WARN  ] [CPU] Cpu temperature -2091312540 cpu  
[2025-06-12 18:27:43.069.481] [INFO  ] [Battery] SoC = 53%, Volt = +29.400V, Temp 32 
[2025-06-12 18:27:43.516.647] [INFO  ] [Controller] [Joints] FL: +47.559, +40.630, +40.630 ,FR: +45.827, +40.630, +45.827, HL: 56.220, +44.094, +52.756, HR: +59.685, +45.827, +51.024 Max HR-HipX = +59.685 Min FL-HipY = +40.630 
[2025-06-12 18:27:44.591.440] [WARN  ] [CPU] Cpu temperature -2091312540 cpu  
[2025-06-12 18:27:46.016.646] [INFO  ] [Controller] [Joints] FL: +47.559, +40.630, +40.630 ,FR: +45.827, +40.630, +45.827, HL: 56.220, +44.094, +52.756, HR: +59.685, +45.827, +51.024 Max HR-HipX = +59.685 Min FL-HipY = +40.630 
[2025-06-12 18:27:48.065.766] [INFO  ] [Battery] SoC = 53%, Volt = +29.400V, Temp 32 
[2025-06-12 18:27:48.516.645] [INFO  ] [Controller] [Joints] FL: +47.559, +40.630, +40.630 ,FR: +45.827, +40.630, +45.827, HL: 56.220, +44.094, +52.756, HR: +59.685, +45.827, +51.024 Max HR-HipX = +59.685 Min FL-HipY = +40.630 
[2025-06-12 18:27:48.591.740] [WARN  ] [CPU] Cpu temperature -2091312540 cpu  
[2025-06-12 18:27:50.591.908] [WARN  ] [CPU] Cpu temperature -2091312540 cpu  
[2025-06-12 18:27:51.016.643] [INFO  ] [Controller] [Joints] FL: +47.559, +40.630, +40.630 ,FR: +45.827, +40.630, +45.827, HL: 56.220, +44.094, +52.756, HR: +59.685, +45.827, +51.024 Max HR-HipX = +59.685 Min FL-HipY = +40.630 
[2025-06-12 18:27:52.592.082] [WARN  ] [CPU] Cpu temperature -2091312540 cpu  
[2025-06-12 18:27:53.062.045] [INFO  ] [Battery] SoC = 53%, Volt = +29.400V, Temp 32 
[2025-06-12 18:27:53.516.644] [INFO  ] [Controller] [Joints] FL: +47.559, +40.630, +40.630 ,FR: +45.827, +40.630, +45.827, HL: 56.220, +44.094, +52.756, HR: +59.685, +45.827, +51.024 Max HR-HipX = +59.685 Min FL-HipY = +40.630 
[2025-06-12 18:27:54.592.259] [WARN  ] [CPU] Cpu temperature -2091312540 cpu  
[2025-06-12 18:27:55.859.628] [INFO  ] [Controller] AutoStop ... 
[2025-06-12 18:27:55.960.627] [INFO  ] [Controller] Switch to Twist Body Mode!!! 
[2025-06-12 18:27:56.016.646] [INFO  ] [Controller] [Joints] FL: +47.559, +40.630, +40.630 ,FR: +45.827, +40.630, +45.827, HL: 56.220, +44.094, +52.756, HR: +59.685, +45.827, +51.024 Max HR-HipX = +59.685 Min FL-HipY = +40.630 
[2025-06-12 18:27:56.060.627] [INFO  ] [Controller] Switch to Twist Body Mode!!! 
[2025-06-12 18:27:56.161.627] [INFO  ] [Controller] Switch to Twist Body Mode!!! 
[2025-06-12 18:27:56.261.627] [INFO  ] [Controller] Switch to Twist Body Mode!!! 
[2025-06-12 18:27:56.361.627] [INFO  ] [Controller] Switch to Twist Body Mode!!! 
[2025-06-12 18:27:56.461.627] [INFO  ] [Controller] Switch to Twist Body Mode!!! 
[2025-06-12 18:27:56.561.626] [INFO  ] [Controller] Switch to Twist Body Mode!!! 
[2025-06-12 18:27:56.592.429] [WARN  ] [CPU] Cpu temperature -2091312540 cpu  
[2025-06-12 18:27:56.661.629] [INFO  ] [Controller] Switch to Twist Body Mode!!! 
[2025-06-12 18:27:56.761.630] [INFO  ] [Controller] Switch to Twist Body Mode!!! 
[2025-06-12 18:27:56.861.625] [INFO  ] [Controller] Switch to Twist Body Mode!!! 
[2025-06-12 18:27:58.058.414] [INFO  ] [Battery] SoC = 53%, Volt = +29.100V, Temp 32 
[2025-06-12 18:27:58.516.646] [INFO  ] [Controller] [Joints] FL: +47.559, +40.630, +40.630 ,FR: +45.827, +40.630, +45.827, HL: 56.220, +44.094, +52.756, HR: +59.685, +45.827, +51.024 Max HR-HipX = +59.685 Min FL-HipY = +40.630 
[2025-06-12 18:27:58.592.589] [WARN  ] [CPU] Cpu temperature -2091312540 cpu  
[2025-06-12 18:28:00.592.808] [WARN  ] [CPU] Cpu temperature -2091312540 cpu  
[2025-06-12 18:28:01.016.647] [INFO  ] [Controller] [Joints] FL: +47.559, +40.630, +42.362 ,FR: +45.827, +40.630, +45.827, HL: 56.220, +44.094, +52.756, HR: +59.685, +45.827, +52.756 Max HR-HipX = +59.685 Min FL-HipY = +40.630 
[2025-06-12 18:28:01.472.626] [INFO  ] [Controller] KeepRun ... 
[2025-06-12 18:28:01.473.646] [INFO  ] [TVMPC] JY is Moving... (tvmpc),  time: 3256.354340 
[2025-06-12 18:28:01.573.976] [INFO  ] [Controller] KeepRun ... 
[2025-06-12 18:28:01.673.626] [INFO  ] [Controller] KeepRun ... 
[2025-06-12 18:28:01.773.624] [INFO  ] [Controller] KeepRun ... 
[2025-06-12 18:28:01.874.283] [INFO  ] [Controller] KeepRun ... 
[2025-06-12 18:28:01.973.634] [INFO  ] [Controller] KeepRun ... 
[2025-06-12 18:28:02.073.623] [INFO  ] [Controller] KeepRun ... 
[2025-06-12 18:28:02.173.625] [INFO  ] [Controller] KeepRun ... 
[2025-06-12 18:28:02.273.627] [INFO  ] [Controller] KeepRun ... 
[2025-06-12 18:28:02.374.652] [INFO  ] [Controller] KeepRun ... 
[2025-06-12 18:28:02.474.624] [INFO  ] [Controller] KeepRun ... 
[2025-06-12 18:28:02.574.625] [INFO  ] [Controller] KeepRun ... 
[2025-06-12 18:28:02.592.977] [WARN  ] [CPU] Cpu temperature -2091312540 cpu  
[2025-06-12 18:28:02.674.626] [INFO  ] [Controller] KeepRun ... 
[2025-06-12 18:28:02.774.625] [INFO  ] [Controller] KeepRun ... 
[2025-06-12 18:28:02.874.625] [INFO  ] [Controller] KeepRun ... 
[2025-06-12 18:28:02.974.625] [INFO  ] [Controller] KeepRun ... 
[2025-06-12 18:28:03.054.847] [INFO  ] [Battery] SoC = 53%, Volt = +29.200V, Temp 32 
[2025-06-12 18:28:03.075.623] [INFO  ] [Controller] KeepRun ... 
[2025-06-12 18:28:03.175.626] [INFO  ] [Controller] KeepRun ... 
[2025-06-12 18:28:03.275.624] [INFO  ] [Controller] KeepRun ... 
[2025-06-12 18:28:03.375.624] [INFO  ] [Controller] KeepRun ... 
[2025-06-12 18:28:03.475.625] [INFO  ] [Controller] KeepRun ... 
[2025-06-12 18:28:03.516.638] [INFO  ] [Controller] [Joints] FL: +47.559, +40.630, +42.362 ,FR: +45.827, +40.630, +45.827, HL: 56.220, +44.094, +54.488, HR: +59.685, +45.827, +52.756 Max HR-HipX = +59.685 Min FL-HipY = +40.630 
[2025-06-12 18:28:03.575.625] [INFO  ] [Controller] KeepRun ... 
[2025-06-12 18:28:03.675.623] [INFO  ] [Controller] KeepRun ... 
[2025-06-12 18:28:03.775.626] [INFO  ] [Controller] KeepRun ... 
[2025-06-12 18:28:03.875.623] [INFO  ] [Controller] KeepRun ... 
[2025-06-12 18:28:03.976.622] [INFO  ] [Controller] KeepRun ... 
[2025-06-12 18:28:04.076.625] [INFO  ] [Controller] KeepRun ... 
[2025-06-12 18:28:04.176.625] [INFO  ] [Controller] KeepRun ... 
[2025-06-12 18:28:04.593.143] [WARN  ] [CPU] Cpu temperature -2091312540 cpu  
[2025-06-12 18:28:06.016.641] [INFO  ] [Controller] [Joints] FL: +47.559, +40.630, +42.362 ,FR: +45.827, +40.630, +45.827, HL: 56.220, +44.094, +54.488, HR: +59.685, +45.827, +52.756 Max HR-HipX = +59.685 Min FL-HipY = +40.630 
[2025-06-12 18:28:06.593.317] [WARN  ] [CPU] Cpu temperature -2091312540 cpu  
[2025-06-12 18:28:08.051.311] [INFO  ] [Battery] SoC = 53%, Volt = +29.200V, Temp 32 
[2025-06-12 18:28:08.516.640] [INFO  ] [Controller] [Joints] FL: +49.291, +40.630, +42.362 ,FR: +45.827, +40.630, +45.827, HL: 56.220, +44.094, +54.488, HR: +57.953, +45.827, +54.488 Max HR-HipX = +57.953 Min FL-HipY = +40.630 
[2025-06-12 18:28:08.593.492] [WARN  ] [CPU] Cpu temperature -2091312540 cpu  
[2025-06-12 18:28:09.288.624] [INFO  ] [Controller] Switch to Move Mode!!! 
[2025-06-12 18:28:09.388.625] [INFO  ] [Controller] Switch to Move Mode!!! 
[2025-06-12 18:28:09.488.624] [INFO  ] [Controller] Switch to Move Mode!!! 
[2025-06-12 18:28:09.588.624] [INFO  ] [Controller] Switch to Move Mode!!! 
[2025-06-12 18:28:09.688.624] [INFO  ] [Controller] Switch to Move Mode!!! 
[2025-06-12 18:28:09.788.625] [INFO  ] [Controller] Switch to Move Mode!!! 
[2025-06-12 18:28:09.888.624] [INFO  ] [Controller] Switch to Move Mode!!! 
[2025-06-12 18:28:09.988.623] [INFO  ] [Controller] Switch to Move Mode!!! 
[2025-06-12 18:28:10.089.623] [INFO  ] [Controller] Switch to Move Mode!!! 
[2025-06-12 18:28:10.189.649] [INFO  ] [Controller] Switch to Move Mode!!! 
[2025-06-12 18:28:10.290.623] [INFO  ] [Controller] KeepRun ... 
[2025-06-12 18:28:10.390.625] [INFO  ] [Controller] KeepRun ... 
[2025-06-12 18:28:10.490.626] [INFO  ] [Controller] KeepRun ... 
[2025-06-12 18:28:10.590.624] [INFO  ] [Controller] KeepRun ... 
[2025-06-12 18:28:10.593.650] [WARN  ] [CPU] Cpu temperature -2091312540 cpu  
[2025-06-12 18:28:10.690.624] [INFO  ] [Controller] KeepRun ... 
[2025-06-12 18:28:10.790.623] [INFO  ] [Controller] KeepRun ... 
[2025-06-12 18:28:10.890.625] [INFO  ] [Controller] KeepRun ... 
[2025-06-12 18:28:10.990.627] [INFO  ] [Controller] KeepRun ... 
[2025-06-12 18:28:11.016.642] [INFO  ] [Controller] [Joints] FL: +49.291, +40.630, +44.094 ,FR: +45.827, +40.630, +45.827, HL: 56.220, +44.094, +54.488, HR: +57.953, +45.827, +54.488 Max HR-HipX = +57.953 Min FL-HipY = +40.630 
[2025-06-12 18:28:11.091.623] [INFO  ] [Controller] KeepRun ... 
[2025-06-12 18:28:11.191.624] [INFO  ] [Controller] KeepRun ... 
[2025-06-12 18:28:11.292.624] [INFO  ] [Controller] AutoStop ... 
[2025-06-12 18:28:11.374.044] [INFO  ] [TVMPC] [trot]STOP!!! 
[2025-06-12 18:28:11.374.625] [INFO  ] [BasicMotion] Switching to force control mode, please wait... 
[2025-06-12 18:28:12.376.745] [INFO  ] [TVMPC] JY is Moving... (tvmpc),  time: 3267.257426 
[2025-06-12 18:28:12.593.800] [WARN  ] [CPU] Cpu temperature -2091312540 cpu  
[2025-06-12 18:28:12.996.625] [INFO  ] [Controller] Greeting2... 
[2025-06-12 18:28:13.047.761] [INFO  ] [Battery] SoC = 53%, Volt = +29.100V, Temp 32 
[2025-06-12 18:28:13.096.624] [INFO  ] [Controller] Greeting2... 
[2025-06-12 18:28:13.196.625] [INFO  ] [Controller] Greeting2... 
[2025-06-12 18:28:13.296.625] [INFO  ] [Controller] Greeting2... 
[2025-06-12 18:28:13.396.621] [INFO  ] [Controller] Greeting2... 
[2025-06-12 18:28:13.496.623] [INFO  ] [Controller] Greeting2... 
[2025-06-12 18:28:13.516.633] [INFO  ] [Controller] [Joints] FL: +49.291, +40.630, +44.094 ,FR: +47.559, +40.630, +45.827, HL: 56.220, +44.094, +56.220, HR: +57.953, +45.827, +56.220 Max HR-HipX = +57.953 Min FL-HipY = +40.630 
[2025-06-12 18:28:13.596.623] [INFO  ] [Controller] Greeting2... 
[2025-06-12 18:28:13.697.623] [INFO  ] [Controller] Greeting2... 
[2025-06-12 18:28:13.797.634] [INFO  ] [Controller] Greeting2... 
[2025-06-12 18:28:13.897.625] [INFO  ] [Controller] Greeting2... 
[2025-06-12 18:28:13.997.624] [INFO  ] [Controller] Greeting2... 
[2025-06-12 18:28:14.097.633] [INFO  ] [Controller] Greeting2... 
[2025-06-12 18:28:14.197.624] [INFO  ] [Controller] Greeting2... 
[2025-06-12 18:28:14.297.626] [INFO  ] [Controller] Greeting2... 
[2025-06-12 18:28:14.397.634] [INFO  ] [Controller] Greeting2... 
[2025-06-12 18:28:14.498.625] [INFO  ] [Controller] Greeting2... 
[2025-06-12 18:28:14.593.972] [WARN  ] [CPU] Cpu temperature -2091312540 cpu  
[2025-06-12 18:28:14.598.629] [INFO  ] [Controller] Greeting2... 
[2025-06-12 18:28:14.627.049] [INFO  ] [TVMPC] [trot]STOP!!! 
[2025-06-12 18:28:14.627.623] [INFO  ] [BasicMotion] Switching to force control mode, please wait... 
[2025-06-12 18:28:14.698.623] [INFO  ] [Controller] Greeting2... 
[2025-06-12 18:28:14.698.663] [INFO  ] [BasicMotion] Greeting, please wait... 
[2025-06-12 18:28:14.798.625] [INFO  ] [Controller] Greeting2... 
[2025-06-12 18:28:14.898.624] [INFO  ] [Controller] Greeting2... 
[2025-06-12 18:28:14.998.624] [INFO  ] [Controller] Greeting2... 
[2025-06-12 18:28:15.098.625] [INFO  ] [Controller] Greeting2... 
[2025-06-12 18:28:15.199.636] [INFO  ] [Controller] Greeting2... 
[2025-06-12 18:28:15.299.626] [INFO  ] [Controller] Greeting2... 
[2025-06-12 18:28:15.399.637] [INFO  ] [Controller] Greeting2... 
[2025-06-12 18:28:15.499.626] [INFO  ] [Controller] Greeting2... 
[2025-06-12 18:28:15.599.624] [INFO  ] [Controller] Greeting2... 
[2025-06-12 18:28:15.699.627] [INFO  ] [Controller] Greeting2... 
[2025-06-12 18:28:15.799.626] [INFO  ] [Controller] Greeting2... 
[2025-06-12 18:28:15.899.625] [INFO  ] [Controller] Greeting2... 
[2025-06-12 18:28:16.000.625] [INFO  ] [Controller] Greeting2... 
[2025-06-12 18:28:16.016.630] [INFO  ] [Controller] [Joints] FL: +49.291, +40.630, +44.094 ,FR: +47.559, +40.630, +47.559, HL: 56.220, +44.094, +56.220, HR: +57.953, +45.827, +56.220 Max HR-HipX = +57.953 Min FL-HipY = +40.630 
[2025-06-12 18:28:16.100.625] [INFO  ] [Controller] Greeting2... 
[2025-06-12 18:28:16.200.625] [INFO  ] [Controller] Greeting2... 
[2025-06-12 18:28:16.209.621] [INFO  ] [BasicMotion] Greeting Third State End ... 
[2025-06-12 18:28:16.300.627] [INFO  ] [Controller] Greeting2... 
[2025-06-12 18:28:16.400.628] [INFO  ] [Controller] Greeting2... 
[2025-06-12 18:28:16.500.628] [INFO  ] [Controller] Greeting2... 
[2025-06-12 18:28:16.594.148] [WARN  ] [CPU] Cpu temperature -2091312540 cpu  
[2025-06-12 18:28:16.600.617] [INFO  ] [Controller] Greeting2... 
[2025-06-12 18:28:16.701.629] [INFO  ] [Controller] Greeting2... 
[2025-06-12 18:28:16.709.619] [INFO  ] [BasicMotion] waving_cnt: 1 
[2025-06-12 18:28:16.801.627] [INFO  ] [Controller] Greeting2... 
[2025-06-12 18:28:16.901.628] [INFO  ] [Controller] Greeting2... 
[2025-06-12 18:28:17.001.628] [INFO  ] [Controller] Greeting2... 
[2025-06-12 18:28:17.101.628] [INFO  ] [Controller] Greeting2... 
[2025-06-12 18:28:17.201.628] [INFO  ] [Controller] Greeting2... 
[2025-06-12 18:28:17.209.619] [INFO  ] [BasicMotion] waving_cnt: 2 
[2025-06-12 18:28:17.301.628] [INFO  ] [Controller] Greeting2... 
[2025-06-12 18:28:17.401.626] [INFO  ] [Controller] Greeting2... 
[2025-06-12 18:28:17.502.628] [INFO  ] [Controller] Greeting2... 
[2025-06-12 18:28:17.602.628] [INFO  ] [Controller] Greeting2... 
[2025-06-12 18:28:17.702.627] [INFO  ] [Controller] Greeting2... 
[2025-06-12 18:28:17.710.619] [INFO  ] [BasicMotion] waving_cnt: 3 
[2025-06-12 18:28:17.802.627] [INFO  ] [Controller] Greeting2... 
[2025-06-12 18:28:17.902.628] [INFO  ] [Controller] Greeting2... 
[2025-06-12 18:28:18.002.628] [INFO  ] [Controller] Greeting2... 
[2025-06-12 18:28:18.043.923] [INFO  ] [Battery] SoC = 52%, Volt = +29.300V, Temp 32 
[2025-06-12 18:28:18.102.628] [INFO  ] [Controller] Greeting2... 
[2025-06-12 18:28:18.203.629] [INFO  ] [Controller] Greeting2... 
[2025-06-12 18:28:18.210.639] [INFO  ] [BasicMotion] waving_cnt: 4 
[2025-06-12 18:28:18.303.626] [INFO  ] [Controller] Greeting2... 
[2025-06-12 18:28:18.403.629] [INFO  ] [Controller] Greeting2... 
[2025-06-12 18:28:18.503.629] [INFO  ] [Controller] Greeting2... 
[2025-06-12 18:28:18.516.642] [INFO  ] [Controller] [Joints] FL: +49.291, +42.362, +45.827 ,FR: +47.559, +40.630, +47.559, HL: 56.220, +44.094, +56.220, HR: +57.953, +45.827, +56.220 Max HR-HipX = +57.953 Min FR-HipY = +40.630 
[2025-06-12 18:28:18.603.628] [INFO  ] [Controller] Greeting2... 
[2025-06-12 18:28:18.703.626] [INFO  ] [Controller] Greeting2... 
[2025-06-12 18:28:18.711.629] [INFO  ] [BasicMotion] waving_cnt: 5 
[2025-06-12 18:28:18.803.633] [INFO  ] [Controller] Greeting2... 
[2025-06-12 18:28:18.903.625] [INFO  ] [Controller] Greeting2... 
[2025-06-12 18:28:19.004.626] [INFO  ] [Controller] Greeting2... 
[2025-06-12 18:28:19.104.627] [INFO  ] [Controller] Greeting2... 
[2025-06-12 18:28:19.204.625] [INFO  ] [Controller] Greeting2... 
[2025-06-12 18:28:19.212.625] [INFO  ] [BasicMotion] waving_cnt: 6 
[2025-06-12 18:28:19.305.006] [INFO  ] [Controller] Greeting2... 
[2025-06-12 18:28:19.404.627] [INFO  ] [Controller] Greeting2... 
[2025-06-12 18:28:19.504.627] [INFO  ] [Controller] Greeting2... 
[2025-06-12 18:28:19.604.627] [INFO  ] [Controller] Greeting2... 
[2025-06-12 18:28:19.704.658] [INFO  ] [Controller] Greeting2... 
[2025-06-12 18:28:19.712.622] [INFO  ] [BasicMotion] waving_cnt: 7 
[2025-06-12 18:28:19.805.627] [INFO  ] [Controller] Greeting2... 
[2025-06-12 18:28:19.905.626] [INFO  ] [Controller] Greeting2... 
[2025-06-12 18:28:20.213.636] [INFO  ] [BasicMotion] waving_cnt: 8 
[2025-06-12 18:28:20.594.465] [WARN  ] [CPU] Cpu temperature -2091312540 cpu  
[2025-06-12 18:28:20.714.639] [INFO  ] [BasicMotion] waving_cnt: 9 
[2025-06-12 18:28:21.016.646] [INFO  ] [Controller] [Joints] FL: +49.291, +42.362, +45.827 ,FR: +47.559, +40.630, +45.827, HL: 56.220, +44.094, +56.220, HR: +57.953, +45.827, +56.220 Max HR-HipX = +57.953 Min FR-HipY = +40.630 
[2025-06-12 18:28:22.594.640] [WARN  ] [CPU] Cpu temperature -2091312540 cpu  
[2025-06-12 18:28:22.715.654] [INFO  ] [BasicMotion] Stand up action has finished, waitting to switch to force control mode! 
[2025-06-12 18:28:22.715.696] [INFO  ] [BasicMotion] Switching to force control mode, please wait... 
[2025-06-12 18:28:23.040.070] [INFO  ] [Battery] SoC = 52%, Volt = +29.300V, Temp 32 
[2025-06-12 18:28:23.517.642] [INFO  ] [Controller] [Joints] FL: +49.291, +42.362, +45.827 ,FR: +47.559, +40.630, +45.827, HL: 56.220, +45.827, +56.220, HR: +57.953, +45.827, +56.220 Max HR-HipX = +57.953 Min FR-HipY = +40.630 
[2025-06-12 18:28:23.517.697] [INFO  ] [TVMPC] JY is Moving... (tvmpc),  time: 3278.398339 
[2025-06-12 18:28:23.539.284] [INFO  ] [DeferredRecorder] -------max_cycle = +0.000, count = 3277516 
[2025-06-12 18:28:24.594.818] [WARN  ] [CPU] Cpu temperature -2091312540 cpu  
[2025-06-12 18:28:25.714.626] [INFO  ] [Controller] KeepRun ... 
[2025-06-12 18:28:25.814.626] [INFO  ] [Controller] KeepRun ... 
[2025-06-12 18:28:25.914.625] [INFO  ] [Controller] KeepRun ... 
[2025-06-12 18:28:26.014.624] [INFO  ] [Controller] KeepRun ... 
[2025-06-12 18:28:26.022.629] [INFO  ] [Controller] [Joints] FL: +49.291, +42.362, +45.827 ,FR: +47.559, +40.630, +45.827, HL: 56.220, +45.827, +56.220, HR: +57.953, +45.827, +57.953 Max HR-HipX = +57.953 Min FR-HipY = +40.630 
[2025-06-12 18:28:26.114.627] [INFO  ] [Controller] KeepRun ... 
[2025-06-12 18:28:26.214.626] [INFO  ] [Controller] KeepRun ... 
[2025-06-12 18:28:26.315.625] [INFO  ] [Controller] KeepRun ... 
[2025-06-12 18:28:26.415.638] [INFO  ] [Controller] KeepRun ... 
[2025-06-12 18:28:26.515.633] [INFO  ] [Controller] KeepRun ... 
[2025-06-12 18:28:26.595.035] [WARN  ] [CPU] Cpu temperature -2091312540 cpu  
[2025-06-12 18:28:26.615.629] [INFO  ] [Controller] KeepRun ... 
[2025-06-12 18:28:26.716.643] [INFO  ] [Controller] AutoStop ... 
[2025-06-12 18:28:27.418.626] [INFO  ] [Controller] KeepRun ... 
[2025-06-12 18:28:27.518.626] [INFO  ] [Controller] KeepRun ... 
[2025-06-12 18:28:27.618.625] [INFO  ] [Controller] KeepRun ... 
[2025-06-12 18:28:27.719.626] [INFO  ] [Controller] KeepRun ... 
[2025-06-12 18:28:27.819.625] [INFO  ] [Controller] KeepRun ... 
[2025-06-12 18:28:27.919.623] [INFO  ] [Controller] KeepRun ... 
[2025-06-12 18:28:28.019.624] [INFO  ] [Controller] KeepRun ... 
[2025-06-12 18:28:28.036.354] [INFO  ] [Battery] SoC = 52%, Volt = +29.300V, Temp 32 
[2025-06-12 18:28:28.119.625] [INFO  ] [Controller] KeepRun ... 
[2025-06-12 18:28:28.219.623] [INFO  ] [Controller] KeepRun ... 
[2025-06-12 18:28:28.319.625] [INFO  ] [Controller] KeepRun ... 
[2025-06-12 18:28:28.420.623] [INFO  ] [Controller] trot run2... 
[2025-06-12 18:28:28.520.624] [INFO  ] [Controller] trot run2... 
[2025-06-12 18:28:28.522.628] [INFO  ] [Controller] [Joints] FL: +49.291, +42.362, +45.827 ,FR: +47.559, +40.630, +47.559, HL: 56.220, +45.827, +56.220, HR: +57.953, +45.827, +57.953 Max HR-HipX = +57.953 Min FR-HipY = +40.630 
[2025-06-12 18:28:28.595.203] [WARN  ] [CPU] Cpu temperature -2091312540 cpu  
[2025-06-12 18:28:28.621.619] [INFO  ] [Controller] trot run2... 
[2025-06-12 18:28:28.721.625] [INFO  ] [Controller] trot run2... 
[2025-06-12 18:28:28.821.626] [INFO  ] [Controller] trot run2... 
[2025-06-12 18:28:28.921.623] [INFO  ] [Controller] trot run2... 
[2025-06-12 18:28:29.021.625] [INFO  ] [Controller] trot run2... 
[2025-06-12 18:28:29.121.624] [INFO  ] [Controller] trot run2... 
[2025-06-12 18:28:29.221.625] [INFO  ] [Controller] trot run2... 
[2025-06-12 18:28:29.322.624] [INFO  ] [Controller] trot run2... 
[2025-06-12 18:28:30.595.375] [WARN  ] [CPU] Cpu temperature -2091312540 cpu  
[2025-06-12 18:28:31.022.643] [INFO  ] [Controller] [Joints] FL: +49.291, +42.362, +47.559 ,FR: +47.559, +40.630, +47.559, HL: 56.220, +45.827, +57.953, HR: +56.220, +45.827, +57.953 Max HL-Knee = +57.953 Min FR-HipY = +40.630 
[2025-06-12 18:28:31.025.619] [INFO  ] [Controller] AutoStop ... 
[2025-06-12 18:28:31.127.626] [INFO  ] [Controller] Greeting2... 
[2025-06-12 18:28:31.227.628] [INFO  ] [Controller] Greeting2... 
[2025-06-12 18:28:31.327.623] [INFO  ] [Controller] Greeting2... 
[2025-06-12 18:28:31.427.625] [INFO  ] [Controller] Greeting2... 
[2025-06-12 18:28:31.527.625] [INFO  ] [Controller] Greeting2... 
[2025-06-12 18:28:31.627.624] [INFO  ] [Controller] Greeting2... 
[2025-06-12 18:28:31.727.624] [INFO  ] [Controller] Greeting2... 
[2025-06-12 18:28:31.827.622] [INFO  ] [Controller] Greeting2... 
[2025-06-12 18:28:31.928.623] [INFO  ] [Controller] Greeting2... 
[2025-06-12 18:28:32.028.625] [INFO  ] [Controller] Greeting2... 
[2025-06-12 18:28:32.128.625] [INFO  ] [Controller] Greeting2... 
[2025-06-12 18:28:32.228.625] [INFO  ] [Controller] Greeting2... 
[2025-06-12 18:28:32.328.623] [INFO  ] [Controller] Greeting2... 
[2025-06-12 18:28:32.428.624] [INFO  ] [Controller] Greeting2... 
[2025-06-12 18:28:32.529.626] [INFO  ] [Controller] Greeting2... 
[2025-06-12 18:28:32.595.552] [WARN  ] [CPU] Cpu temperature -2091312540 cpu  
[2025-06-12 18:28:32.629.624] [INFO  ] [Controller] Greeting2... 
[2025-06-12 18:28:32.729.623] [INFO  ] [Controller] Greeting2... 
[2025-06-12 18:28:32.793.652] [INFO  ] [BasicMotion] Switching to force control mode, please wait... 
[2025-06-12 18:28:32.829.622] [INFO  ] [Controller] Greeting2... 
[2025-06-12 18:28:32.829.657] [INFO  ] [BasicMotion] Greeting, please wait... 
[2025-06-12 18:28:32.929.628] [INFO  ] [Controller] Greeting2... 
[2025-06-12 18:28:33.029.630] [INFO  ] [Controller] Greeting2... 
[2025-06-12 18:28:33.032.630] [INFO  ] [Battery] SoC = 52%, Volt = +29.300V, Temp 32 
[2025-06-12 18:28:33.129.628] [INFO  ] [Controller] Greeting2... 
[2025-06-12 18:28:33.229.628] [INFO  ] [Controller] Greeting2... 
[2025-06-12 18:28:33.329.627] [INFO  ] [Controller] Greeting2... 
[2025-06-12 18:28:33.430.634] [INFO  ] [Controller] Greeting2... 
[2025-06-12 18:28:33.522.645] [INFO  ] [Controller] [Joints] FL: +51.024, +42.362, +47.559 ,FR: +47.559, +42.362, +47.559, HL: 56.220, +45.827, +57.953, HR: +57.953, +45.827, +59.685 Max HR-Knee = +59.685 Min FL-HipY = +42.362 
[2025-06-12 18:28:33.530.626] [INFO  ] [Controller] Greeting2... 
[2025-06-12 18:28:33.630.627] [INFO  ] [Controller] Greeting2... 
[2025-06-12 18:28:33.730.628] [INFO  ] [Controller] Greeting2... 
[2025-06-12 18:28:33.830.627] [INFO  ] [Controller] Greeting2... 
[2025-06-12 18:28:33.930.627] [INFO  ] [Controller] Greeting2... 
[2025-06-12 18:28:34.031.628] [INFO  ] [Controller] Greeting2... 
[2025-06-12 18:28:34.131.629] [INFO  ] [Controller] Greeting2... 
[2025-06-12 18:28:34.231.626] [INFO  ] [Controller] Greeting2... 
[2025-06-12 18:28:34.331.628] [INFO  ] [Controller] Greeting2... 
[2025-06-12 18:28:34.341.625] [INFO  ] [BasicMotion] Greeting Third State End ... 
[2025-06-12 18:28:34.431.628] [INFO  ] [Controller] Greeting2... 
[2025-06-12 18:28:34.531.628] [INFO  ] [Controller] Greeting2... 
[2025-06-12 18:28:34.595.717] [WARN  ] [CPU] Cpu temperature -2091312540 cpu  
[2025-06-12 18:28:34.631.619] [INFO  ] [Controller] Greeting2... 
[2025-06-12 18:28:34.732.628] [INFO  ] [Controller] Greeting2... 
[2025-06-12 18:28:34.832.628] [INFO  ] [Controller] Greeting2... 
[2025-06-12 18:28:34.842.629] [INFO  ] [BasicMotion] waving_cnt: 1 
[2025-06-12 18:28:34.932.628] [INFO  ] [Controller] Greeting2... 
[2025-06-12 18:28:35.032.627] [INFO  ] [Controller] Greeting2... 
[2025-06-12 18:28:35.132.628] [INFO  ] [Controller] Greeting2... 
[2025-06-12 18:28:35.232.629] [INFO  ] [Controller] Greeting2... 
[2025-06-12 18:28:35.332.628] [INFO  ] [Controller] Greeting2... 
[2025-06-12 18:28:35.342.622] [INFO  ] [BasicMotion] waving_cnt: 2 
[2025-06-12 18:28:35.432.629] [INFO  ] [Controller] Greeting2... 
[2025-06-12 18:28:35.533.628] [INFO  ] [Controller] Greeting2... 
[2025-06-12 18:28:35.633.627] [INFO  ] [Controller] Greeting2... 
[2025-06-12 18:28:35.733.634] [INFO  ] [Controller] Greeting2... 
[2025-06-12 18:28:35.833.629] [INFO  ] [Controller] Greeting2... 
[2025-06-12 18:28:35.843.623] [INFO  ] [BasicMotion] waving_cnt: 3 
[2025-06-12 18:28:35.933.627] [INFO  ] [Controller] Greeting2... 
[2025-06-12 18:28:36.022.646] [INFO  ] [Controller] [Joints] FL: +51.024, +42.362, +49.291 ,FR: +49.291, +42.362, +49.291, HL: 56.220, +45.827, +59.685, HR: +57.953, +45.827, +61.417 Max HR-Knee = +61.417 Min FL-HipY = +42.362 
[2025-06-12 18:28:36.033.628] [INFO  ] [Controller] Greeting2... 
[2025-06-12 18:28:36.134.629] [INFO  ] [Controller] Greeting2... 
[2025-06-12 18:28:36.234.627] [INFO  ] [Controller] Greeting2... 
[2025-06-12 18:28:36.334.631] [INFO  ] [Controller] Greeting2... 
[2025-06-12 18:28:36.344.628] [INFO  ] [BasicMotion] waving_cnt: 4 
[2025-06-12 18:28:36.434.628] [INFO  ] [Controller] Greeting2... 
[2025-06-12 18:28:36.534.625] [INFO  ] [Controller] Greeting2... 
[2025-06-12 18:28:36.595.880] [WARN  ] [CPU] Cpu temperature -2091312540 cpu  
[2025-06-12 18:28:36.634.627] [INFO  ] [Controller] Greeting2... 
[2025-06-12 18:28:36.734.629] [INFO  ] [Controller] Greeting2... 
[2025-06-12 18:28:36.834.627] [INFO  ] [Controller] Greeting2... 
[2025-06-12 18:28:36.844.622] [INFO  ] [BasicMotion] waving_cnt: 5 
[2025-06-12 18:28:36.935.628] [INFO  ] [Controller] Greeting2... 
[2025-06-12 18:28:37.035.628] [INFO  ] [Controller] Greeting2... 
[2025-06-12 18:28:37.135.627] [INFO  ] [Controller] Greeting2... 
[2025-06-12 18:28:37.235.629] [INFO  ] [Controller] Greeting2... 
[2025-06-12 18:28:37.335.627] [INFO  ] [Controller] Greeting2... 
[2025-06-12 18:28:37.344.622] [INFO  ] [BasicMotion] waving_cnt: 6 
[2025-06-12 18:28:37.435.629] [INFO  ] [Controller] Greeting2... 
[2025-06-12 18:28:37.536.628] [INFO  ] [Controller] Greeting2... 
[2025-06-12 18:28:37.636.635] [INFO  ] [Controller] Greeting2... 
[2025-06-12 18:28:37.736.629] [INFO  ] [Controller] Greeting2... 
[2025-06-12 18:28:37.836.639] [INFO  ] [Controller] Greeting2... 
[2025-06-12 18:28:37.845.630] [INFO  ] [BasicMotion] waving_cnt: 7 
[2025-06-12 18:28:37.936.628] [INFO  ] [Controller] Greeting2... 
[2025-06-12 18:28:38.028.901] [INFO  ] [Battery] SoC = 52%, Volt = +29.200V, Temp 32 
[2025-06-12 18:28:38.036.621] [INFO  ] [Controller] Greeting2... 
[2025-06-12 18:28:38.137.628] [INFO  ] [Controller] KeepRun ... 
[2025-06-12 18:28:38.237.628] [INFO  ] [Controller] KeepRun ... 
[2025-06-12 18:28:38.337.628] [INFO  ] [Controller] KeepRun ... 
[2025-06-12 18:28:38.345.621] [INFO  ] [BasicMotion] waving_cnt: 8 
[2025-06-12 18:28:38.438.627] [INFO  ] [Controller] KeepRun ... 
[2025-06-12 18:28:38.522.648] [INFO  ] [Controller] [Joints] FL: +51.024, +42.362, +49.291 ,FR: +49.291, +42.362, +49.291, HL: 56.220, +45.827, +59.685, HR: +57.953, +45.827, +61.417 Max HR-Knee = +61.417 Min FL-HipY = +42.362 
[2025-06-12 18:28:38.538.615] [INFO  ] [Controller] KeepRun ... 
[2025-06-12 18:28:38.596.047] [WARN  ] [CPU] Cpu temperature -2091312540 cpu  
[2025-06-12 18:28:38.638.624] [INFO  ] [Controller] KeepRun ... 
[2025-06-12 18:28:38.738.629] [INFO  ] [Controller] KeepRun ... 
[2025-06-12 18:28:38.838.638] [INFO  ] [Controller] KeepRun ... 
[2025-06-12 18:28:38.846.621] [INFO  ] [BasicMotion] waving_cnt: 9 
[2025-06-12 18:28:38.938.624] [INFO  ] [Controller] KeepRun ... 
[2025-06-12 18:28:39.038.628] [INFO  ] [Controller] KeepRun ... 
[2025-06-12 18:28:39.139.627] [INFO  ] [Controller] KeepRun ... 
[2025-06-12 18:28:39.239.628] [INFO  ] [Controller] KeepRun ... 
[2025-06-12 18:28:39.339.631] [INFO  ] [Controller] KeepRun ... 
[2025-06-12 18:28:39.439.628] [INFO  ] [Controller] KeepRun ... 
[2025-06-12 18:28:39.539.630] [INFO  ] [Controller] KeepRun ... 
[2025-06-12 18:28:39.639.627] [INFO  ] [Controller] KeepRun ... 
[2025-06-12 18:28:39.739.627] [INFO  ] [Controller] KeepRun ... 
[2025-06-12 18:28:39.840.628] [INFO  ] [Controller] KeepRun ... 
[2025-06-12 18:28:39.940.626] [INFO  ] [Controller] KeepRun ... 
[2025-06-12 18:28:40.040.625] [INFO  ] [Controller] KeepRun ... 
[2025-06-12 18:28:40.140.634] [INFO  ] [Controller] KeepRun ... 
[2025-06-12 18:28:40.240.631] [INFO  ] [Controller] KeepRun ... 
[2025-06-12 18:28:40.340.636] [INFO  ] [Controller] KeepRun ... 
[2025-06-12 18:28:40.440.632] [INFO  ] [Controller] KeepRun ... 
[2025-06-12 18:28:40.541.626] [INFO  ] [Controller] KeepRun ... 
[2025-06-12 18:28:40.596.209] [WARN  ] [CPU] Cpu temperature -2091312540 cpu  
[2025-06-12 18:28:40.641.623] [INFO  ] [Controller] KeepRun ... 
[2025-06-12 18:28:40.741.626] [INFO  ] [Controller] KeepRun ... 
[2025-06-12 18:28:40.841.626] [INFO  ] [Controller] KeepRun ... 
[2025-06-12 18:28:40.849.626] [INFO  ] [BasicMotion] Stand up action has finished, waitting to switch to force control mode! 
[2025-06-12 18:28:40.849.648] [INFO  ] [BasicMotion] Switching to force control mode, please wait... 
[2025-06-12 18:28:40.941.626] [INFO  ] [Controller] KeepRun ... 
[2025-06-12 18:28:41.022.645] [INFO  ] [Controller] [Joints] FL: +51.024, +44.094, +49.291 ,FR: +49.291, +42.362, +49.291, HL: 56.220, +45.827, +59.685, HR: +57.953, +45.827, +61.417 Max HR-Knee = +61.417 Min FR-HipY = +42.362 
[2025-06-12 18:28:41.041.623] [INFO  ] [Controller] KeepRun ... 
[2025-06-12 18:28:41.142.626] [INFO  ] [Controller] trot run2... 
[2025-06-12 18:28:41.242.626] [INFO  ] [Controller] trot run2... 
[2025-06-12 18:28:41.342.626] [INFO  ] [Controller] trot run2... 
[2025-06-12 18:28:41.443.629] [INFO  ] [Controller] trot run2... 
[2025-06-12 18:28:41.543.627] [INFO  ] [Controller] trot run2... 
[2025-06-12 18:28:41.643.634] [INFO  ] [Controller] trot run2... 
[2025-06-12 18:28:41.650.648] [INFO  ] [TVMPC] JY is Moving... (tvmpc),  time: 3296.531339 
[2025-06-12 18:28:41.743.624] [INFO  ] [Controller] trot run2... 
[2025-06-12 18:28:41.843.624] [INFO  ] [Controller] trot run2... 
[2025-06-12 18:28:41.943.637] [INFO  ] [Controller] trot run2... 
[2025-06-12 18:28:42.043.626] [INFO  ] [Controller] trot run2... 
[2025-06-12 18:28:42.596.357] [WARN  ] [CPU] Cpu temperature -2091312540 cpu  
[2025-06-12 18:28:43.025.263] [INFO  ] [Battery] SoC = 52%, Volt = +28.600V, Temp 32 
[2025-06-12 18:28:43.522.640] [INFO  ] [Controller] [Joints] FL: +51.024, +44.094, +49.291 ,FR: +49.291, +42.362, +49.291, HL: 56.220, +45.827, +59.685, HR: +57.953, +45.827, +61.417 Max HR-Knee = +61.417 Min FR-HipY = +42.362 
[2025-06-12 18:28:43.948.643] [INFO  ] [Controller] trot... 
[2025-06-12 18:28:44.048.628] [INFO  ] [Controller] trot... 
[2025-06-12 18:28:44.148.627] [INFO  ] [Controller] trot... 
[2025-06-12 18:28:44.248.628] [INFO  ] [Controller] trot... 
[2025-06-12 18:28:44.348.624] [INFO  ] [Controller] trot... 
[2025-06-12 18:28:44.448.628] [INFO  ] [Controller] trot... 
[2025-06-12 18:28:44.548.626] [INFO  ] [Controller] trot... 
[2025-06-12 18:28:44.596.530] [WARN  ] [CPU] Cpu temperature -2091312540 cpu  
[2025-06-12 18:28:44.649.623] [INFO  ] [Controller] trot... 
[2025-06-12 18:28:44.749.627] [INFO  ] [Controller] trot... 
[2025-06-12 18:28:44.849.626] [INFO  ] [Controller] trot... 
[2025-06-12 18:28:46.022.639] [INFO  ] [Controller] [Joints] FL: +51.024, +44.094, +51.024 ,FR: +49.291, +42.362, +49.291, HL: 56.220, +45.827, +61.417, HR: +57.953, +45.827, +63.150 Max HR-Knee = +63.150 Min FR-HipY = +42.362 
[2025-06-12 18:28:46.252.624] [INFO  ] [Controller] KeepRun ... 
[2025-06-12 18:28:46.352.624] [INFO  ] [Controller] KeepRun ... 
[2025-06-12 18:28:46.453.625] [INFO  ] [Controller] KeepRun ... 
[2025-06-12 18:28:46.553.624] [INFO  ] [Controller] KeepRun ... 
[2025-06-12 18:28:46.596.700] [WARN  ] [CPU] Cpu temperature -2091312540 cpu  
[2025-06-12 18:28:46.653.638] [INFO  ] [Controller] KeepRun ... 
[2025-06-12 18:28:46.753.625] [INFO  ] [Controller] KeepRun ... 
[2025-06-12 18:28:46.853.627] [INFO  ] [Controller] KeepRun ... 
[2025-06-12 18:28:46.953.638] [INFO  ] [Controller] KeepRun ... 
[2025-06-12 18:28:47.054.625] [INFO  ] [Controller] KeepRun ... 
[2025-06-12 18:28:47.154.624] [INFO  ] [Controller] KeepRun ... 
[2025-06-12 18:28:47.254.625] [INFO  ] [Controller] trot run2... 
[2025-06-12 18:28:47.355.624] [INFO  ] [Controller] trot run2... 
[2025-06-12 18:28:47.455.625] [INFO  ] [Controller] trot run2... 
[2025-06-12 18:28:47.555.668] [INFO  ] [Controller] trot run2... 
[2025-06-12 18:28:47.655.630] [INFO  ] [Controller] trot run2... 
[2025-06-12 18:28:47.755.627] [INFO  ] [Controller] trot run2... 
[2025-06-12 18:28:47.855.624] [INFO  ] [Controller] trot run2... 
[2025-06-12 18:28:47.956.625] [INFO  ] [Controller] trot run2... 
[2025-06-12 18:28:48.021.726] [INFO  ] [Battery] SoC = 52%, Volt = +28.500V, Temp 32 
[2025-06-12 18:28:48.056.627] [INFO  ] [Controller] trot run2... 
[2025-06-12 18:28:48.156.625] [INFO  ] [Controller] trot run2... 
[2025-06-12 18:28:48.522.641] [INFO  ] [Controller] [Joints] FL: +51.024, +45.827, +51.024 ,FR: +49.291, +42.362, +49.291, HL: 56.220, +45.827, +61.417, HR: +59.685, +45.827, +63.150 Max HR-Knee = +63.150 Min FR-HipY = +42.362 
[2025-06-12 18:28:48.596.901] [WARN  ] [CPU] Cpu temperature -2091312540 cpu  
[2025-06-12 18:28:49.860.624] [INFO  ] [Controller] AutoStop ... 
[2025-06-12 18:28:49.960.625] [INFO  ] [Controller] Greeting2... 
[2025-06-12 18:28:50.061.626] [INFO  ] [Controller] Greeting2... 
[2025-06-12 18:28:50.161.625] [INFO  ] [Controller] Greeting2... 
[2025-06-12 18:28:50.261.625] [INFO  ] [Controller] Greeting2... 
[2025-06-12 18:28:50.361.627] [INFO  ] [Controller] Greeting2... 
[2025-06-12 18:28:50.461.625] [INFO  ] [Controller] Greeting2... 
[2025-06-12 18:28:50.561.624] [INFO  ] [Controller] Greeting2... 
[2025-06-12 18:28:50.597.070] [WARN  ] [CPU] Cpu temperature -2091312540 cpu  
[2025-06-12 18:28:50.662.635] [INFO  ] [Controller] Greeting2... 
[2025-06-12 18:28:50.762.635] [INFO  ] [Controller] Greeting2... 
[2025-06-12 18:28:50.862.625] [INFO  ] [Controller] Greeting2... 
[2025-06-12 18:28:50.962.629] [INFO  ] [Controller] Greeting2... 
[2025-06-12 18:28:51.022.636] [INFO  ] [Controller] [Joints] FL: +51.024, +45.827, +51.024 ,FR: +49.291, +42.362, +49.291, HL: 56.220, +45.827, +63.150, HR: +59.685, +45.827, +64.882 Max HR-Knee = +64.882 Min FR-HipY = +42.362 
[2025-06-12 18:28:51.062.628] [INFO  ] [Controller] Greeting2... 
[2025-06-12 18:28:51.162.625] [INFO  ] [Controller] Greeting2... 
[2025-06-12 18:28:51.262.625] [INFO  ] [Controller] Greeting2... 
[2025-06-12 18:28:51.363.642] [INFO  ] [Controller] Greeting2... 
[2025-06-12 18:28:51.463.649] [INFO  ] [Controller] Greeting2... 
[2025-06-12 18:28:51.521.634] [INFO  ] [BasicMotion] Switching to force control mode, please wait... 
[2025-06-12 18:28:51.563.628] [INFO  ] [Controller] Greeting2... 
[2025-06-12 18:28:51.563.675] [INFO  ] [BasicMotion] Greeting, please wait... 
[2025-06-12 18:28:51.663.635] [INFO  ] [Controller] Greeting2... 
[2025-06-12 18:28:51.763.628] [INFO  ] [Controller] Greeting2... 
[2025-06-12 18:28:51.863.841] [INFO  ] [Controller] Greeting2... 
[2025-06-12 18:28:51.963.635] [INFO  ] [Controller] Greeting2... 
[2025-06-12 18:28:52.064.628] [INFO  ] [Controller] Greeting2... 
[2025-06-12 18:28:52.164.628] [INFO  ] [Controller] Greeting2... 
[2025-06-12 18:28:52.264.628] [INFO  ] [Controller] Greeting2... 
[2025-06-12 18:28:52.364.628] [INFO  ] [Controller] Greeting2... 
[2025-06-12 18:28:52.464.626] [INFO  ] [Controller] Greeting2... 
[2025-06-12 18:28:52.564.628] [INFO  ] [Controller] Greeting2... 
[2025-06-12 18:28:52.597.227] [WARN  ] [CPU] Cpu temperature -2091312540 cpu  
[2025-06-12 18:28:52.664.625] [INFO  ] [Controller] Greeting2... 
[2025-06-12 18:28:52.765.628] [INFO  ] [Controller] Greeting2... 
[2025-06-12 18:28:52.865.627] [INFO  ] [Controller] Greeting2... 
[2025-06-12 18:28:52.965.626] [INFO  ] [Controller] Greeting2... 
[2025-06-12 18:28:53.018.134] [INFO  ] [Battery] SoC = 51%, Volt = +29.100V, Temp 32 
[2025-06-12 18:28:53.065.625] [INFO  ] [Controller] Greeting2... 
[2025-06-12 18:28:53.074.620] [INFO  ] [BasicMotion] Greeting Third State End ... 
[2025-06-12 18:28:53.165.627] [INFO  ] [Controller] Greeting2... 
[2025-06-12 18:28:53.265.627] [INFO  ] [Controller] Greeting2... 
[2025-06-12 18:28:53.365.625] [INFO  ] [Controller] Greeting2... 
[2025-06-12 18:28:53.466.627] [INFO  ] [Controller] Greeting2... 
[2025-06-12 18:28:53.522.645] [INFO  ] [Controller] [Joints] FL: +51.024, +45.827, +52.756 ,FR: +51.024, +42.362, +51.024, HL: 56.220, +45.827, +63.150, HR: +59.685, +45.827, +64.882 Max HR-Knee = +64.882 Min FR-HipY = +42.362 
[2025-06-12 18:28:53.566.623] [INFO  ] [Controller] Greeting2... 
[2025-06-12 18:28:53.574.621] [INFO  ] [BasicMotion] waving_cnt: 1 
[2025-06-12 18:28:53.666.629] [INFO  ] [Controller] Greeting2... 
[2025-06-12 18:28:53.766.628] [INFO  ] [Controller] Greeting2... 
[2025-06-12 18:28:53.866.628] [INFO  ] [Controller] Greeting2... 
[2025-06-12 18:28:53.966.629] [INFO  ] [Controller] Greeting2... 
[2025-06-12 18:28:54.067.627] [INFO  ] [Controller] Greeting2... 
[2025-06-12 18:28:54.075.630] [INFO  ] [BasicMotion] waving_cnt: 2 
[2025-06-12 18:28:54.167.632] [INFO  ] [Controller] Greeting2... 
[2025-06-12 18:28:54.267.633] [INFO  ] [Controller] Greeting2... 
[2025-06-12 18:28:54.367.625] [INFO  ] [Controller] Greeting2... 
[2025-06-12 18:28:54.467.627] [INFO  ] [Controller] Greeting2... 
[2025-06-12 18:28:54.567.635] [INFO  ] [Controller] Greeting2... 
[2025-06-12 18:28:54.575.635] [INFO  ] [BasicMotion] waving_cnt: 3 
[2025-06-12 18:28:54.597.384] [WARN  ] [CPU] Cpu temperature -2091312540 cpu  
[2025-06-12 18:28:54.667.625] [INFO  ] [Controller] Greeting2... 
[2025-06-12 18:28:54.768.625] [INFO  ] [Controller] Greeting2... 
[2025-06-12 18:28:54.868.629] [INFO  ] [Controller] Greeting2... 
[2025-06-12 18:28:54.968.627] [INFO  ] [Controller] Greeting2... 
[2025-06-12 18:28:55.068.627] [INFO  ] [Controller] Greeting2... 
[2025-06-12 18:28:55.076.624] [INFO  ] [BasicMotion] waving_cnt: 4 
[2025-06-12 18:28:55.168.625] [INFO  ] [Controller] Greeting2... 
[2025-06-12 18:28:55.268.626] [INFO  ] [Controller] Greeting2... 
[2025-06-12 18:28:55.368.626] [INFO  ] [Controller] Greeting2... 
[2025-06-12 18:28:55.468.627] [INFO  ] [Controller] Greeting2... 
[2025-06-12 18:28:55.569.626] [INFO  ] [Controller] Greeting2... 
[2025-06-12 18:28:55.576.621] [INFO  ] [BasicMotion] waving_cnt: 5 
[2025-06-12 18:28:55.669.627] [INFO  ] [Controller] Greeting2... 
[2025-06-12 18:28:55.769.627] [INFO  ] [Controller] Greeting2... 
[2025-06-12 18:28:55.869.627] [INFO  ] [Controller] Greeting2... 
[2025-06-12 18:28:55.969.627] [INFO  ] [Controller] Greeting2... 
[2025-06-12 18:28:56.022.646] [INFO  ] [Controller] [Joints] FL: +51.024, +45.827, +52.756 ,FR: +51.024, +42.362, +51.024, HL: 57.953, +45.827, +64.882, HR: +59.685, +45.827, +64.882 Max HL-Knee = +64.882 Min FR-HipY = +42.362 
[2025-06-12 18:28:56.070.625] [INFO  ] [Controller] Greeting2... 
[2025-06-12 18:28:56.076.620] [INFO  ] [BasicMotion] waving_cnt: 6 
[2025-06-12 18:28:56.170.630] [INFO  ] [Controller] Greeting2... 
[2025-06-12 18:28:56.270.627] [INFO  ] [Controller] Greeting2... 
[2025-06-12 18:28:56.370.627] [INFO  ] [Controller] Greeting2... 
[2025-06-12 18:28:56.470.627] [INFO  ] [Controller] Greeting2... 
[2025-06-12 18:28:56.570.625] [INFO  ] [Controller] Greeting2... 
[2025-06-12 18:28:56.577.620] [INFO  ] [BasicMotion] waving_cnt: 7 
[2025-06-12 18:28:56.597.539] [WARN  ] [CPU] Cpu temperature -2091312540 cpu  
[2025-06-12 18:28:56.670.626] [INFO  ] [Controller] Greeting2... 
[2025-06-12 18:28:56.770.628] [INFO  ] [Controller] Greeting2... 
[2025-06-12 18:28:56.870.627] [INFO  ] [Controller] Greeting2... 
[2025-06-12 18:28:56.971.627] [INFO  ] [Controller] KeepRun ... 
[2025-06-12 18:28:57.072.629] [INFO  ] [Controller] KeepRun ... 
[2025-06-12 18:28:57.077.620] [INFO  ] [BasicMotion] waving_cnt: 8 
[2025-06-12 18:28:57.172.627] [INFO  ] [Controller] KeepRun ... 
[2025-06-12 18:28:57.272.629] [INFO  ] [Controller] KeepRun ... 
[2025-06-12 18:28:57.372.628] [INFO  ] [Controller] KeepRun ... 
[2025-06-12 18:28:57.472.628] [INFO  ] [Controller] KeepRun ... 
[2025-06-12 18:28:57.572.628] [INFO  ] [Controller] KeepRun ... 
[2025-06-12 18:28:57.577.623] [INFO  ] [BasicMotion] waving_cnt: 9 
[2025-06-12 18:28:57.672.626] [INFO  ] [Controller] KeepRun ... 
[2025-06-12 18:28:57.773.628] [INFO  ] [Controller] KeepRun ... 
[2025-06-12 18:28:57.873.632] [INFO  ] [Controller] KeepRun ... 
[2025-06-12 18:28:57.973.626] [INFO  ] [Controller] KeepRun ... 
[2025-06-12 18:28:58.014.401] [INFO  ] [Battery] SoC = 51%, Volt = +28.900V, Temp 32 
[2025-06-12 18:28:58.073.634] [INFO  ] [Controller] KeepRun ... 
[2025-06-12 18:28:58.173.632] [INFO  ] [Controller] KeepRun ... 
[2025-06-12 18:28:58.273.627] [INFO  ] [Controller] KeepRun ... 
[2025-06-12 18:28:58.373.627] [INFO  ] [Controller] KeepRun ... 
[2025-06-12 18:28:58.473.635] [INFO  ] [Controller] KeepRun ... 
[2025-06-12 18:28:58.522.648] [INFO  ] [Controller] [Joints] FL: +51.024, +45.827, +52.756 ,FR: +51.024, +42.362, +51.024, HL: 57.953, +45.827, +63.150, HR: +59.685, +45.827, +64.882 Max HR-Knee = +64.882 Min FR-HipY = +42.362 
[2025-06-12 18:28:58.574.645] [INFO  ] [Controller] KeepRun ... 
[2025-06-12 18:28:58.597.717] [WARN  ] [CPU] Cpu temperature -2091312540 cpu  
[2025-06-12 18:28:58.674.631] [INFO  ] [Controller] KeepRun ... 
[2025-06-12 18:28:58.774.626] [INFO  ] [Controller] KeepRun ... 
[2025-06-12 18:28:58.874.627] [INFO  ] [Controller] KeepRun ... 
[2025-06-12 18:28:58.974.626] [INFO  ] [Controller] KeepRun ... 
[2025-06-12 18:28:59.074.625] [INFO  ] [Controller] KeepRun ... 
[2025-06-12 18:28:59.174.627] [INFO  ] [Controller] KeepRun ... 
[2025-06-12 18:28:59.275.626] [INFO  ] [Controller] KeepRun ... 
[2025-06-12 18:28:59.375.627] [INFO  ] [Controller] KeepRun ... 
[2025-06-12 18:28:59.475.627] [INFO  ] [Controller] KeepRun ... 
[2025-06-12 18:28:59.575.627] [INFO  ] [Controller] KeepRun ... 
[2025-06-12 18:28:59.579.625] [INFO  ] [BasicMotion] Stand up action has finished, waitting to switch to force control mode! 
[2025-06-12 18:28:59.579.642] [INFO  ] [BasicMotion] Switching to force control mode, please wait... 
[2025-06-12 18:28:59.675.627] [INFO  ] [Controller] KeepRun ... 
[2025-06-12 18:28:59.775.627] [INFO  ] [Controller] KeepRun ... 
[2025-06-12 18:28:59.875.627] [INFO  ] [Controller] KeepRun ... 
[2025-06-12 18:28:59.976.628] [INFO  ] [Controller] trot run2... 
[2025-06-12 18:29:00.077.627] [INFO  ] [Controller] trot run2... 
[2025-06-12 18:29:00.177.628] [INFO  ] [Controller] trot run2... 
[2025-06-12 18:29:00.277.627] [INFO  ] [Controller] trot run2... 
[2025-06-12 18:29:00.377.625] [INFO  ] [Controller] trot run2... 
[2025-06-12 18:29:00.380.645] [INFO  ] [TVMPC] JY is Moving... (tvmpc),  time: 3315.261338 
[2025-06-12 18:29:00.477.624] [INFO  ] [Controller] trot run2... 
[2025-06-12 18:29:00.577.625] [INFO  ] [Controller] trot run2... 
[2025-06-12 18:29:00.597.866] [WARN  ] [CPU] Cpu temperature -2091312540 cpu  
[2025-06-12 18:29:00.677.625] [INFO  ] [Controller] trot run2... 
[2025-06-12 18:29:00.778.623] [INFO  ] [Controller] trot run2... 
[2025-06-12 18:29:00.878.624] [INFO  ] [Controller] trot run2... 
[2025-06-12 18:29:01.022.642] [INFO  ] [Controller] [Joints] FL: +51.024, +45.827, +52.756 ,FR: +51.024, +42.362, +51.024, HL: 57.953, +45.827, +63.150, HR: +59.685, +47.559, +64.882 Max HR-Knee = +64.882 Min FR-HipY = +42.362 
[2025-06-12 18:29:02.598.023] [WARN  ] [CPU] Cpu temperature -2091312540 cpu  
[2025-06-12 18:29:02.782.626] [INFO  ] [Controller] trot... 
[2025-06-12 18:29:02.882.625] [INFO  ] [Controller] trot... 
[2025-06-12 18:29:02.982.623] [INFO  ] [Controller] trot... 
[2025-06-12 18:29:03.010.745] [INFO  ] [Battery] SoC = 51%, Volt = +29.100V, Temp 32 
[2025-06-12 18:29:03.082.626] [INFO  ] [Controller] trot... 
[2025-06-12 18:29:03.182.625] [INFO  ] [Controller] trot... 
[2025-06-12 18:29:03.283.625] [INFO  ] [Controller] trot... 
[2025-06-12 18:29:03.383.625] [INFO  ] [Controller] trot... 
[2025-06-12 18:29:03.483.637] [INFO  ] [Controller] trot... 
[2025-06-12 18:29:03.522.734] [INFO  ] [Controller] [Joints] FL: +51.024, +47.559, +52.756 ,FR: +51.024, +42.362, +51.024, HL: 57.953, +45.827, +64.882, HR: +59.685, +47.559, +64.882 Max HL-Knee = +64.882 Min FR-HipY = +42.362 
[2025-06-12 18:29:03.583.639] [INFO  ] [Controller] trot... 
[2025-06-12 18:29:03.683.623] [INFO  ] [Controller] trot... 
[2025-06-12 18:29:04.385.624] [INFO  ] [Controller] AutoStop ... 
[2025-06-12 18:29:04.486.627] [INFO  ] [Controller] KeepRun ... 
[2025-06-12 18:29:04.587.626] [INFO  ] [Controller] KeepRun ... 
[2025-06-12 18:29:04.598.180] [WARN  ] [CPU] Cpu temperature -2091312540 cpu  
[2025-06-12 18:29:04.687.624] [INFO  ] [Controller] KeepRun ... 
[2025-06-12 18:29:04.787.624] [INFO  ] [Controller] KeepRun ... 
[2025-06-12 18:29:04.887.624] [INFO  ] [Controller] KeepRun ... 
[2025-06-12 18:29:04.987.626] [INFO  ] [Controller] KeepRun ... 
[2025-06-12 18:29:05.087.623] [INFO  ] [Controller] KeepRun ... 
[2025-06-12 18:29:05.187.625] [INFO  ] [Controller] KeepRun ... 
[2025-06-12 18:29:05.287.625] [INFO  ] [Controller] KeepRun ... 
[2025-06-12 18:29:05.388.623] [INFO  ] [Controller] KeepRun ... 
[2025-06-12 18:29:05.488.624] [INFO  ] [Controller] KeepRun ... 
[2025-06-12 18:29:05.588.625] [INFO  ] [Controller] KeepRun ... 
[2025-06-12 18:29:05.688.623] [INFO  ] [Controller] KeepRun ... 
[2025-06-12 18:29:05.788.632] [INFO  ] [Controller] KeepRun ... 
[2025-06-12 18:29:05.888.629] [INFO  ] [Controller] KeepRun ... 
[2025-06-12 18:29:05.988.626] [INFO  ] [Controller] KeepRun ... 
[2025-06-12 18:29:06.022.638] [INFO  ] [Controller] [Joints] FL: +51.024, +47.559, +52.756 ,FR: +51.024, +42.362, +51.024, HL: 57.953, +45.827, +64.882, HR: +61.417, +47.559, +66.614 Max HR-Knee = +66.614 Min FR-HipY = +42.362 
[2025-06-12 18:29:06.089.625] [INFO  ] [Controller] KeepRun ... 
[2025-06-12 18:29:06.189.625] [INFO  ] [Controller] KeepRun ... 
[2025-06-12 18:29:06.289.626] [INFO  ] [Controller] KeepRun ... 
[2025-06-12 18:29:06.389.625] [INFO  ] [Controller] KeepRun ... 
[2025-06-12 18:29:06.598.341] [WARN  ] [CPU] Cpu temperature -2091312540 cpu  
[2025-06-12 18:29:08.007.178] [INFO  ] [Battery] SoC = 51%, Volt = +29.100V, Temp 32 
[2025-06-12 18:29:08.522.641] [INFO  ] [Controller] [Joints] FL: +51.024, +47.559, +54.488 ,FR: +52.756, +42.362, +51.024, HL: 57.953, +45.827, +64.882, HR: +59.685, +47.559, +66.614 Max HR-Knee = +66.614 Min FR-HipY = +42.362 
[2025-06-12 18:29:08.598.505] [WARN  ] [CPU] Cpu temperature -2091312540 cpu  
[2025-06-12 18:29:10.598.669] [WARN  ] [CPU] Cpu temperature -2091312540 cpu  
[2025-06-12 18:29:11.022.638] [INFO  ] [Controller] [Joints] FL: +52.756, +47.559, +54.488 ,FR: +52.756, +42.362, +51.024, HL: 57.953, +45.827, +64.882, HR: +61.417, +47.559, +66.614 Max HR-Knee = +66.614 Min FR-HipY = +42.362 
[2025-06-12 18:29:12.598.815] [WARN  ] [CPU] Cpu temperature -2091312540 cpu  
[2025-06-12 18:29:13.003.625] [INFO  ] [Battery] SoC = 51%, Volt = +28.900V, Temp 32 
[2025-06-12 18:29:13.522.637] [INFO  ] [Controller] [Joints] FL: +52.756, +45.827, +54.488 ,FR: +52.756, +42.362, +51.024, HL: 57.953, +45.827, +64.882, HR: +61.417, +47.559, +68.346 Max HR-Knee = +68.346 Min FR-HipY = +42.362 
[2025-06-12 18:29:14.598.986] [WARN  ] [CPU] Cpu temperature -2091312540 cpu  
[2025-06-12 18:29:16.022.645] [INFO  ] [Controller] [Joints] FL: +52.756, +45.827, +54.488 ,FR: +51.024, +42.362, +51.024, HL: 57.953, +45.827, +64.882, HR: +61.417, +47.559, +68.346 Max HR-Knee = +68.346 Min FR-HipY = +42.362 
[2025-06-12 18:29:16.599.151] [WARN  ] [CPU] Cpu temperature -2091312540 cpu  
[2025-06-12 18:29:18.000.033] [INFO  ] [Battery] SoC = 51%, Volt = +29.000V, Temp 32 
[2025-06-12 18:29:18.522.636] [INFO  ] [Controller] [Joints] FL: +52.756, +45.827, +54.488 ,FR: +51.024, +42.362, +51.024, HL: 57.953, +45.827, +64.882, HR: +61.417, +47.559, +68.346 Max HR-Knee = +68.346 Min FR-HipY = +42.362 
[2025-06-12 18:29:18.599.337] [WARN  ] [CPU] Cpu temperature -2091312540 cpu  
[2025-06-12 18:29:20.599.503] [WARN  ] [CPU] Cpu temperature -2091312540 cpu  
[2025-06-12 18:29:21.022.642] [INFO  ] [Controller] [Joints] FL: +52.756, +45.827, +54.488 ,FR: +51.024, +42.362, +51.024, HL: 56.220, +45.827, +64.882, HR: +61.417, +45.827, +68.346 Max HR-Knee = +68.346 Min FR-HipY = +42.362 
[2025-06-12 18:29:22.599.676] [WARN  ] [CPU] Cpu temperature -2091312540 cpu  
[2025-06-12 18:29:22.996.513] [INFO  ] [Battery] SoC = 51%, Volt = +29.100V, Temp 32 
[2025-06-12 18:29:23.522.636] [INFO  ] [Controller] [Joints] FL: +52.756, +45.827, +54.488 ,FR: +51.024, +42.362, +51.024, HL: 56.220, +45.827, +64.882, HR: +61.417, +45.827, +68.346 Max HR-Knee = +68.346 Min FR-HipY = +42.362 
[2025-06-12 18:29:24.599.849] [WARN  ] [CPU] Cpu temperature -2091312540 cpu  
[2025-06-12 18:29:26.022.641] [INFO  ] [Controller] [Joints] FL: +52.756, +45.827, +54.488 ,FR: +51.024, +42.362, +51.024, HL: 56.220, +45.827, +64.882, HR: +61.417, +45.827, +68.346 Max HR-Knee = +68.346 Min FR-HipY = +42.362 
[2025-06-12 18:29:26.600.012] [WARN  ] [CPU] Cpu temperature -2091312540 cpu  
[2025-06-12 18:29:27.993.009] [INFO  ] [Battery] SoC = 51%, Volt = +29.100V, Temp 32 
[2025-06-12 18:29:28.522.644] [INFO  ] [Controller] [Joints] FL: +52.756, +45.827, +54.488 ,FR: +51.024, +42.362, +51.024, HL: 57.953, +45.827, +64.882, HR: +61.417, +45.827, +68.346 Max HR-Knee = +68.346 Min FR-HipY = +42.362 
[2025-06-12 18:29:28.600.167] [WARN  ] [CPU] Cpu temperature -2091312540 cpu  
[2025-06-12 18:29:28.610.140] [INFO  ] [DeferredRecorder] -------max_cycle = +0.000, count = 3342580 
[2025-06-12 18:29:30.600.339] [WARN  ] [CPU] Cpu temperature -2091312540 cpu  
[2025-06-12 18:29:31.029.638] [INFO  ] [Controller] [Joints] FL: +52.756, +44.094, +54.488 ,FR: +51.024, +42.362, +51.024, HL: 57.953, +45.827, +64.882, HR: +61.417, +45.827, +68.346 Max HR-Knee = +68.346 Min FR-HipY = +42.362 
[2025-06-12 18:29:32.600.513] [WARN  ] [CPU] Cpu temperature -2091312540 cpu  
[2025-06-12 18:29:32.989.520] [INFO  ] [Battery] SoC = 51%, Volt = +29.000V, Temp 32 
[2025-06-12 18:29:33.529.640] [INFO  ] [Controller] [Joints] FL: +52.756, +44.094, +54.488 ,FR: +52.756, +42.362, +51.024, HL: 57.953, +45.827, +64.882, HR: +61.417, +45.827, +68.346 Max HR-Knee = +68.346 Min FR-HipY = +42.362 
[2025-06-12 18:29:34.130.626] [INFO  ] [Controller] KeepRun ... 
[2025-06-12 18:29:34.230.625] [INFO  ] [Controller] KeepRun ... 
[2025-06-12 18:29:34.331.624] [INFO  ] [Controller] KeepRun ... 
[2025-06-12 18:29:34.431.624] [INFO  ] [Controller] KeepRun ... 
[2025-06-12 18:29:34.531.625] [INFO  ] [Controller] KeepRun ... 
[2025-06-12 18:29:34.600.701] [WARN  ] [CPU] Cpu temperature -2091312540 cpu  
[2025-06-12 18:29:34.631.625] [INFO  ] [Controller] KeepRun ... 
[2025-06-12 18:29:34.731.625] [INFO  ] [Controller] KeepRun ... 
[2025-06-12 18:29:34.831.624] [INFO  ] [Controller] KeepRun ... 
[2025-06-12 18:29:34.931.625] [INFO  ] [Controller] KeepRun ... 
[2025-06-12 18:29:35.032.625] [INFO  ] [Controller] KeepRun ... 
[2025-06-12 18:29:36.029.645] [INFO  ] [Controller] [Joints] FL: +52.756, +44.094, +54.488 ,FR: +52.756, +42.362, +51.024, HL: 57.953, +45.827, +64.882, HR: +59.685, +45.827, +68.346 Max HR-Knee = +68.346 Min FR-HipY = +42.362 
[2025-06-12 18:29:36.600.865] [WARN  ] [CPU] Cpu temperature -2091312540 cpu  
[2025-06-12 18:29:37.985.947] [INFO  ] [Battery] SoC = 50%, Volt = +29.000V, Temp 32 
[2025-06-12 18:29:38.529.648] [INFO  ] [Controller] [Joints] FL: +52.756, +44.094, +54.488 ,FR: +52.756, +42.362, +51.024, HL: 57.953, +45.827, +64.882, HR: +59.685, +45.827, +68.346 Max HR-Knee = +68.346 Min FR-HipY = +42.362 
[2025-06-12 18:29:38.601.042] [WARN  ] [CPU] Cpu temperature -2091312540 cpu  
[2025-06-12 18:29:40.601.236] [WARN  ] [CPU] Cpu temperature -2091312540 cpu  
[2025-06-12 18:29:41.029.638] [INFO  ] [Controller] [Joints] FL: +52.756, +44.094, +54.488 ,FR: +52.756, +42.362, +51.024, HL: 57.953, +45.827, +64.882, HR: +59.685, +45.827, +68.346 Max HR-Knee = +68.346 Min FR-HipY = +42.362 
[2025-06-12 18:29:42.601.409] [WARN  ] [CPU] Cpu temperature -2091312540 cpu  
[2025-06-12 18:29:42.982.305] [INFO  ] [Battery] SoC = 50%, Volt = +29.100V, Temp 32 
[2025-06-12 18:29:43.529.640] [INFO  ] [Controller] [Joints] FL: +52.756, +44.094, +54.488 ,FR: +52.756, +42.362, +51.024, HL: 57.953, +45.827, +64.882, HR: +59.685, +45.827, +68.346 Max HR-Knee = +68.346 Min FR-HipY = +42.362 
[2025-06-12 18:29:44.601.577] [WARN  ] [CPU] Cpu temperature -2091312540 cpu  
[2025-06-12 18:29:46.029.641] [INFO  ] [Controller] [Joints] FL: +52.756, +44.094, +54.488 ,FR: +52.756, +42.362, +52.756, HL: 57.953, +45.827, +64.882, HR: +59.685, +45.827, +68.346 Max HR-Knee = +68.346 Min FR-HipY = +42.362 
[2025-06-12 18:29:46.601.747] [WARN  ] [CPU] Cpu temperature -2091312540 cpu  
[2025-06-12 18:29:47.978.522] [INFO  ] [Battery] SoC = 50%, Volt = +29.000V, Temp 32 
[2025-06-12 18:29:48.529.639] [INFO  ] [Controller] [Joints] FL: +52.756, +44.094, +54.488 ,FR: +52.756, +42.362, +52.756, HL: 57.953, +45.827, +64.882, HR: +61.417, +45.827, +68.346 Max HR-Knee = +68.346 Min FR-HipY = +42.362 
[2025-06-12 18:29:48.601.917] [WARN  ] [CPU] Cpu temperature -2091312540 cpu  
[2025-06-12 18:29:50.602.082] [WARN  ] [CPU] Cpu temperature -2091312540 cpu  
[2025-06-12 18:29:51.029.640] [INFO  ] [Controller] [Joints] FL: +52.756, +44.094, +54.488 ,FR: +52.756, +42.362, +52.756, HL: 57.953, +45.827, +64.882, HR: +61.417, +45.827, +70.079 Max HR-Knee = +70.079 Min FR-HipY = +42.362 
[2025-06-12 18:29:52.314.625] [INFO  ] [Controller] AutoStop ... 
[2025-06-12 18:29:52.414.626] [INFO  ] [Controller] Switch to Twist Body Mode!!! 
[2025-06-12 18:29:52.515.625] [INFO  ] [Controller] Switch to Twist Body Mode!!! 
[2025-06-12 18:29:52.558.038] [INFO  ] [TVMPC] [trot]STOP!!! 
[2025-06-12 18:29:52.558.623] [INFO  ] [BasicMotion] Switching to force control mode, please wait... 
[2025-06-12 18:29:52.602.262] [WARN  ] [CPU] Cpu temperature -2091312540 cpu  
[2025-06-12 18:29:52.615.615] [INFO  ] [Controller] Switch to Twist Body Mode!!! 
[2025-06-12 18:29:52.715.628] [INFO  ] [Controller] Switch to Twist Body Mode!!! 
[2025-06-12 18:29:52.815.626] [INFO  ] [Controller] Switch to Twist Body Mode!!! 
[2025-06-12 18:29:52.915.623] [INFO  ] [Controller] Switch to Twist Body Mode!!! 
[2025-06-12 18:29:52.974.833] [INFO  ] [Battery] SoC = 50%, Volt = +29.100V, Temp 32 
[2025-06-12 18:29:53.015.626] [INFO  ] [Controller] Switch to Twist Body Mode!!! 
[2025-06-12 18:29:53.115.627] [INFO  ] [Controller] Switch to Twist Body Mode!!! 
[2025-06-12 18:29:53.216.628] [INFO  ] [Controller] Switch to Twist Body Mode!!! 
[2025-06-12 18:29:53.316.626] [INFO  ] [Controller] Switch to Twist Body Mode!!! 
[2025-06-12 18:29:53.529.645] [INFO  ] [Controller] [Joints] FL: +52.756, +44.094, +54.488 ,FR: +52.756, +42.362, +52.756, HL: 56.220, +45.827, +64.882, HR: +61.417, +45.827, +68.346 Max HR-Knee = +68.346 Min FR-HipY = +42.362 
[2025-06-12 18:29:54.602.445] [WARN  ] [CPU] Cpu temperature -2091312540 cpu  
[2025-06-12 18:29:56.029.650] [INFO  ] [Controller] [Joints] FL: +52.756, +44.094, +54.488 ,FR: +52.756, +42.362, +52.756, HL: 56.220, +45.827, +63.150, HR: +59.685, +45.827, +68.346 Max HR-Knee = +68.346 Min FR-HipY = +42.362 
[2025-06-12 18:29:56.602.613] [WARN  ] [CPU] Cpu temperature -2091312540 cpu  
[2025-06-12 18:29:57.971.298] [INFO  ] [Battery] SoC = 50%, Volt = +29.000V, Temp 32 
[2025-06-12 18:29:58.529.645] [INFO  ] [Controller] [Joints] FL: +52.756, +44.094, +54.488 ,FR: +52.756, +42.362, +52.756, HL: 56.220, +45.827, +63.150, HR: +59.685, +45.827, +68.346 Max HR-Knee = +68.346 Min FR-HipY = +42.362 
[2025-06-12 18:29:58.602.774] [WARN  ] [CPU] Cpu temperature -2091312540 cpu  
[2025-06-12 18:30:00.602.946] [WARN  ] [CPU] Cpu temperature -2091312540 cpu  
[2025-06-12 18:30:01.029.647] [INFO  ] [Controller] [Joints] FL: +52.756, +44.094, +54.488 ,FR: +52.756, +42.362, +52.756, HL: 56.220, +45.827, +63.150, HR: +59.685, +45.827, +68.346 Max HR-Knee = +68.346 Min FR-HipY = +42.362 
[2025-06-12 18:30:02.603.123] [WARN  ] [CPU] Cpu temperature -2091312540 cpu  
[2025-06-12 18:30:02.967.550] [INFO  ] [Battery] SoC = 50%, Volt = +29.000V, Temp 32 
[2025-06-12 18:30:03.529.652] [INFO  ] [Controller] [Joints] FL: +52.756, +44.094, +54.488 ,FR: +52.756, +42.362, +52.756, HL: 56.220, +45.827, +63.150, HR: +59.685, +45.827, +68.346 Max HR-Knee = +68.346 Min FR-HipY = +42.362 
[2025-06-12 18:30:04.603.288] [WARN  ] [CPU] Cpu temperature -2091312540 cpu  
[2025-06-12 18:30:05.487.626] [INFO  ] [Controller] Switch to Move Mode!!! 
[2025-06-12 18:30:05.488.645] [INFO  ] [TVMPC] JY is Moving... (tvmpc),  time: 3380.369339 
[2025-06-12 18:30:05.588.626] [INFO  ] [Controller] Switch to Move Mode!!! 
[2025-06-12 18:30:05.688.624] [INFO  ] [Controller] Switch to Move Mode!!! 
[2025-06-12 18:30:05.788.624] [INFO  ] [Controller] Switch to Move Mode!!! 
[2025-06-12 18:30:05.888.625] [INFO  ] [Controller] Switch to Move Mode!!! 
[2025-06-12 18:30:05.988.626] [INFO  ] [Controller] Switch to Move Mode!!! 
[2025-06-12 18:30:06.029.639] [INFO  ] [Controller] [Joints] FL: +52.756, +42.362, +54.488 ,FR: +52.756, +42.362, +52.756, HL: 56.220, +45.827, +64.882, HR: +59.685, +45.827, +70.079 Max HR-Knee = +70.079 Min FL-HipY = +42.362 
[2025-06-12 18:30:06.088.624] [INFO  ] [Controller] Switch to Move Mode!!! 
[2025-06-12 18:30:06.188.624] [INFO  ] [Controller] Switch to Move Mode!!! 
[2025-06-12 18:30:06.289.629] [INFO  ] [Controller] Switch to Move Mode!!! 
[2025-06-12 18:30:06.389.623] [INFO  ] [Controller] Switch to Move Mode!!! 
[2025-06-12 18:30:06.603.455] [WARN  ] [CPU] Cpu temperature -2091312540 cpu  
[2025-06-12 18:30:07.963.907] [INFO  ] [Battery] SoC = 50%, Volt = +29.000V, Temp 32 
[2025-06-12 18:30:08.529.991] [INFO  ] [Controller] [Joints] FL: +52.756, +42.362, +54.488 ,FR: +51.024, +42.362, +52.756, HL: 56.220, +45.827, +64.882, HR: +59.685, +45.827, +70.079 Max HR-Knee = +70.079 Min FL-HipY = +42.362 
[2025-06-12 18:30:08.603.619] [WARN  ] [CPU] Cpu temperature -2091312540 cpu  
[2025-06-12 18:30:10.603.759] [WARN  ] [CPU] Cpu temperature -2091312540 cpu  
[2025-06-12 18:30:11.029.641] [INFO  ] [Controller] [Joints] FL: +52.756, +42.362, +54.488 ,FR: +51.024, +42.362, +52.756, HL: 56.220, +45.827, +64.882, HR: +59.685, +45.827, +70.079 Max HR-Knee = +70.079 Min FL-HipY = +42.362 
[2025-06-12 18:30:12.603.934] [WARN  ] [CPU] Cpu temperature -2091312540 cpu  
[2025-06-12 18:30:12.960.321] [INFO  ] [Battery] SoC = 50%, Volt = +29.000V, Temp 32 
[2025-06-12 18:30:13.529.641] [INFO  ] [Controller] [Joints] FL: +52.756, +42.362, +54.488 ,FR: +51.024, +42.362, +52.756, HL: 56.220, +45.827, +64.882, HR: +59.685, +45.827, +70.079 Max HR-Knee = +70.079 Min FL-HipY = +42.362 
[2025-06-12 18:30:14.100.632] [INFO  ] [Controller] KeepRun ... 
[2025-06-12 18:30:14.200.645] [INFO  ] [Controller] KeepRun ... 
[2025-06-12 18:30:14.300.627] [INFO  ] [Controller] KeepRun ... 
[2025-06-12 18:30:14.401.632] [INFO  ] [Controller] KeepRun ... 
[2025-06-12 18:30:14.501.635] [INFO  ] [Controller] KeepRun ... 
[2025-06-12 18:30:14.601.633] [INFO  ] [Controller] KeepRun ... 
[2025-06-12 18:30:14.604.096] [WARN  ] [CPU] Cpu temperature -2091312540 cpu  
[2025-06-12 18:30:14.701.627] [INFO  ] [Controller] KeepRun ... 
[2025-06-12 18:30:14.801.626] [INFO  ] [Controller] KeepRun ... 
[2025-06-12 18:30:14.901.627] [INFO  ] [Controller] KeepRun ... 
[2025-06-12 18:30:15.001.655] [INFO  ] [Controller] KeepRun ... 
[2025-06-12 18:30:16.029.637] [INFO  ] [Controller] [Joints] FL: +52.756, +42.362, +54.488 ,FR: +51.024, +42.362, +52.756, HL: 57.953, +45.827, +64.882, HR: +59.685, +45.827, +71.811 Max HR-Knee = +71.811 Min FL-HipY = +42.362 
[2025-06-12 18:30:16.604.237] [WARN  ] [CPU] Cpu temperature -2091312540 cpu  
[2025-06-12 18:30:17.956.779] [INFO  ] [Battery] SoC = 50%, Volt = +29.000V, Temp 32 
[2025-06-12 18:30:18.529.640] [INFO  ] [Controller] [Joints] FL: +52.756, +42.362, +54.488 ,FR: +51.024, +42.362, +52.756, HL: 57.953, +45.827, +64.882, HR: +59.685, +45.827, +71.811 Max HR-Knee = +71.811 Min FL-HipY = +42.362 
[2025-06-12 18:30:18.604.409] [WARN  ] [CPU] Cpu temperature -2091312540 cpu  
[2025-06-12 18:30:18.707.629] [INFO  ] [Controller] KeepRun ... 
[2025-06-12 18:30:18.808.012] [INFO  ] [Controller] KeepRun ... 
[2025-06-12 18:30:18.908.627] [INFO  ] [Controller] KeepRun ... 
[2025-06-12 18:30:19.008.625] [INFO  ] [Controller] KeepRun ... 
[2025-06-12 18:30:19.108.627] [INFO  ] [Controller] KeepRun ... 
[2025-06-12 18:30:19.208.625] [INFO  ] [Controller] KeepRun ... 
[2025-06-12 18:30:19.308.624] [INFO  ] [Controller] KeepRun ... 
[2025-06-12 18:30:19.408.625] [INFO  ] [Controller] KeepRun ... 
[2025-06-12 18:30:19.509.626] [INFO  ] [Controller] KeepRun ... 
[2025-06-12 18:30:19.609.625] [INFO  ] [Controller] KeepRun ... 
[2025-06-12 18:30:19.710.623] [INFO  ] [Controller] Change Height!!! 
[2025-06-12 18:30:20.604.583] [WARN  ] [CPU] Cpu temperature -2091312540 cpu  
[2025-06-12 18:30:20.711.626] [INFO  ] [Controller] Change Height!!! 
[2025-06-12 18:30:21.029.646] [INFO  ] [Controller] [Joints] FL: +52.756, +42.362, +54.488 ,FR: +51.024, +42.362, +52.756, HL: 57.953, +45.827, +64.882, HR: +59.685, +45.827, +71.811 Max HR-Knee = +71.811 Min FL-HipY = +42.362 
[2025-06-12 18:30:21.713.626] [INFO  ] [Controller] Change Height!!! 
[2025-06-12 18:30:22.604.767] [WARN  ] [CPU] Cpu temperature -2091312540 cpu  
[2025-06-12 18:30:22.715.627] [INFO  ] [Controller] Change Height!!! 
[2025-06-12 18:30:22.953.311] [INFO  ] [Battery] SoC = 49%, Volt = +28.800V, Temp 32 
[2025-06-12 18:30:23.529.639] [INFO  ] [Controller] [Joints] FL: +52.756, +42.362, +54.488 ,FR: +51.024, +42.362, +52.756, HL: 57.953, +45.827, +64.882, HR: +59.685, +45.827, +71.811 Max HR-Knee = +71.811 Min FL-HipY = +42.362 
[2025-06-12 18:30:23.716.625] [INFO  ] [Controller] Change Height!!! 
[2025-06-12 18:30:24.604.936] [WARN  ] [CPU] Cpu temperature -2091312540 cpu  
[2025-06-12 18:30:24.717.626] [INFO  ] [Controller] Change Height!!! 
[2025-06-12 18:30:25.719.629] [INFO  ] [Controller] Change Height!!! 
[2025-06-12 18:30:26.029.641] [INFO  ] [Controller] [Joints] FL: +52.756, +42.362, +54.488 ,FR: +51.024, +42.362, +52.756, HL: 57.953, +45.827, +64.882, HR: +59.685, +45.827, +71.811 Max HR-Knee = +71.811 Min FL-HipY = +42.362 
[2025-06-12 18:30:26.605.107] [WARN  ] [CPU] Cpu temperature -2091312540 cpu  
[2025-06-12 18:30:26.721.626] [INFO  ] [Controller] Change Height!!! 
[2025-06-12 18:30:27.722.625] [INFO  ] [Controller] AutoStop ... 
[2025-06-12 18:30:27.823.624] [INFO  ] [Controller] Greeting2... 
[2025-06-12 18:30:27.923.625] [INFO  ] [Controller] Greeting2... 
[2025-06-12 18:30:27.949.787] [INFO  ] [Battery] SoC = 49%, Volt = +28.900V, Temp 32 
[2025-06-12 18:30:27.989.094] [INFO  ] [TVMPC] [trot]STOP!!! 
[2025-06-12 18:30:27.989.628] [INFO  ] [BasicMotion] Switching to force control mode, please wait... 
[2025-06-12 18:30:28.024.622] [INFO  ] [Controller] Greeting2... 
[2025-06-12 18:30:28.024.657] [INFO  ] [BasicMotion] Greeting, please wait... 
[2025-06-12 18:30:28.124.630] [INFO  ] [Controller] Greeting2... 
[2025-06-12 18:30:28.224.628] [INFO  ] [Controller] Greeting2... 
[2025-06-12 18:30:28.324.629] [INFO  ] [Controller] Greeting2... 
[2025-06-12 18:30:28.424.627] [INFO  ] [Controller] Greeting2... 
[2025-06-12 18:30:28.524.629] [INFO  ] [Controller] Greeting2... 
[2025-06-12 18:30:28.529.646] [INFO  ] [Controller] [Joints] FL: +52.756, +42.362, +54.488 ,FR: +52.756, +42.362, +52.756, HL: 57.953, +45.827, +66.614, HR: +59.685, +45.827, +71.811 Max HR-Knee = +71.811 Min FL-HipY = +42.362 
[2025-06-12 18:30:28.605.297] [WARN  ] [CPU] Cpu temperature -2091312540 cpu  
[2025-06-12 18:30:28.624.675] [INFO  ] [Controller] Greeting2... 
[2025-06-12 18:30:28.724.627] [INFO  ] [Controller] Greeting2... 
[2025-06-12 18:30:28.825.631] [INFO  ] [Controller] Greeting2... 
[2025-06-12 18:30:28.925.627] [INFO  ] [Controller] Greeting2... 
[2025-06-12 18:30:29.025.629] [INFO  ] [Controller] Greeting2... 
[2025-06-12 18:30:29.125.626] [INFO  ] [Controller] Greeting2... 
[2025-06-12 18:30:29.225.627] [INFO  ] [Controller] Greeting2... 
[2025-06-12 18:30:29.325.627] [INFO  ] [Controller] Greeting2... 
[2025-06-12 18:30:29.425.626] [INFO  ] [Controller] Greeting2... 
[2025-06-12 18:30:29.525.628] [INFO  ] [Controller] Greeting2... 
[2025-06-12 18:30:29.535.622] [INFO  ] [BasicMotion] Greeting Third State End ... 
[2025-06-12 18:30:29.626.626] [INFO  ] [Controller] Greeting2... 
[2025-06-12 18:30:29.726.628] [INFO  ] [Controller] Greeting2... 
[2025-06-12 18:30:29.826.627] [INFO  ] [Controller] Greeting2... 
[2025-06-12 18:30:29.926.626] [INFO  ] [Controller] Greeting2... 
[2025-06-12 18:30:30.026.627] [INFO  ] [Controller] Greeting2... 
[2025-06-12 18:30:30.036.620] [INFO  ] [BasicMotion] waving_cnt: 1 
[2025-06-12 18:30:30.126.638] [INFO  ] [Controller] Greeting2... 
[2025-06-12 18:30:30.226.628] [INFO  ] [Controller] Greeting2... 
[2025-06-12 18:30:30.327.627] [INFO  ] [Controller] Greeting2... 
[2025-06-12 18:30:30.427.628] [INFO  ] [Controller] Greeting2... 
[2025-06-12 18:30:30.527.627] [INFO  ] [Controller] Greeting2... 
[2025-06-12 18:30:30.537.630] [INFO  ] [BasicMotion] waving_cnt: 2 
[2025-06-12 18:30:30.605.474] [WARN  ] [CPU] Cpu temperature -2091312540 cpu  
[2025-06-12 18:30:30.627.615] [INFO  ] [Controller] Greeting2... 
[2025-06-12 18:30:30.727.627] [INFO  ] [Controller] Greeting2... 
[2025-06-12 18:30:30.827.628] [INFO  ] [Controller] Greeting2... 
[2025-06-12 18:30:30.927.628] [INFO  ] [Controller] Greeting2... 
[2025-06-12 18:30:31.027.630] [INFO  ] [Controller] Greeting2... 
[2025-06-12 18:30:31.029.631] [INFO  ] [Controller] [Joints] FL: +54.488, +42.362, +54.488 ,FR: +52.756, +42.362, +52.756, HL: 57.953, +45.827, +66.614, HR: +59.685, +45.827, +71.811 Max HR-Knee = +71.811 Min FL-HipY = +42.362 
[2025-06-12 18:30:31.038.630] [INFO  ] [BasicMotion] waving_cnt: 3 
[2025-06-12 18:30:31.128.629] [INFO  ] [Controller] Greeting2... 
[2025-06-12 18:30:31.228.629] [INFO  ] [Controller] Greeting2... 
[2025-06-12 18:30:31.328.628] [INFO  ] [Controller] Greeting2... 
[2025-06-12 18:30:31.428.629] [INFO  ] [Controller] Greeting2... 
[2025-06-12 18:30:31.528.628] [INFO  ] [Controller] Greeting2... 
[2025-06-12 18:30:31.539.621] [INFO  ] [BasicMotion] waving_cnt: 4 
[2025-06-12 18:30:31.628.640] [INFO  ] [Controller] Greeting2... 
[2025-06-12 18:30:31.728.627] [INFO  ] [Controller] Greeting2... 
[2025-06-12 18:30:31.829.629] [INFO  ] [Controller] Greeting2... 
[2025-06-12 18:30:31.929.628] [INFO  ] [Controller] Greeting2... 
[2025-06-12 18:30:32.029.626] [INFO  ] [Controller] Greeting2... 
[2025-06-12 18:30:32.039.628] [INFO  ] [BasicMotion] waving_cnt: 5 
[2025-06-12 18:30:32.129.628] [INFO  ] [Controller] Greeting2... 
[2025-06-12 18:30:32.229.628] [INFO  ] [Controller] Greeting2... 
[2025-06-12 18:30:32.329.628] [INFO  ] [Controller] Greeting2... 
[2025-06-12 18:30:32.429.626] [INFO  ] [Controller] Greeting2... 
[2025-06-12 18:30:32.530.635] [INFO  ] [Controller] Greeting2... 
[2025-06-12 18:30:32.540.631] [INFO  ] [BasicMotion] waving_cnt: 6 
[2025-06-12 18:30:32.605.640] [WARN  ] [CPU] Cpu temperature -2091312540 cpu  
[2025-06-12 18:30:32.630.622] [INFO  ] [Controller] Greeting2... 
[2025-06-12 18:30:32.730.627] [INFO  ] [Controller] Greeting2... 
[2025-06-12 18:30:32.830.634] [INFO  ] [Controller] Greeting2... 
[2025-06-12 18:30:32.930.626] [INFO  ] [Controller] Greeting2... 
[2025-06-12 18:30:32.946.244] [INFO  ] [Battery] SoC = 49%, Volt = +29.100V, Temp 32 
[2025-06-12 18:30:33.030.627] [INFO  ] [Controller] Greeting2... 
[2025-06-12 18:30:33.040.630] [INFO  ] [BasicMotion] waving_cnt: 7 
[2025-06-12 18:30:33.130.630] [INFO  ] [Controller] Greeting2... 
[2025-06-12 18:30:33.231.630] [INFO  ] [Controller] Greeting2... 
[2025-06-12 18:30:33.331.627] [INFO  ] [Controller] Greeting2... 
[2025-06-12 18:30:33.431.628] [INFO  ] [Controller] Greeting2... 
[2025-06-12 18:30:33.529.685] [INFO  ] [Controller] [Joints] FL: +54.488, +42.362, +54.488 ,FR: +52.756, +42.362, +52.756, HL: 56.220, +45.827, +64.882, HR: +59.685, +45.827, +71.811 Max HR-Knee = +71.811 Min FL-HipY = +42.362 
[2025-06-12 18:30:33.531.617] [INFO  ] [Controller] Greeting2... 
[2025-06-12 18:30:33.541.622] [INFO  ] [BasicMotion] waving_cnt: 8 
[2025-06-12 18:30:33.631.629] [INFO  ] [Controller] Greeting2... 
[2025-06-12 18:30:33.731.628] [INFO  ] [Controller] Greeting2... 
[2025-06-12 18:30:33.831.629] [INFO  ] [Controller] Greeting2... 
[2025-06-12 18:30:33.932.627] [INFO  ] [Controller] Greeting2... 
[2025-06-12 18:30:34.032.628] [INFO  ] [Controller] Greeting2... 
[2025-06-12 18:30:34.041.637] [INFO  ] [BasicMotion] waving_cnt: 9 
[2025-06-12 18:30:34.132.629] [INFO  ] [Controller] Greeting2... 
[2025-06-12 18:30:34.232.629] [INFO  ] [Controller] Greeting2... 
[2025-06-12 18:30:34.332.629] [INFO  ] [Controller] Greeting2... 
[2025-06-12 18:30:34.432.630] [INFO  ] [Controller] Greeting2... 
[2025-06-12 18:30:34.532.626] [INFO  ] [Controller] Greeting2... 
[2025-06-12 18:30:34.605.799] [WARN  ] [CPU] Cpu temperature -2091312540 cpu  
[2025-06-12 18:30:34.633.626] [INFO  ] [Controller] Greeting2... 
[2025-06-12 18:30:34.733.628] [INFO  ] [Controller] Greeting2... 
[2025-06-12 18:30:34.833.628] [INFO  ] [Controller] KeepRun ... 
[2025-06-12 18:30:34.934.628] [INFO  ] [Controller] KeepRun ... 
[2025-06-12 18:30:35.034.629] [INFO  ] [Controller] KeepRun ... 
[2025-06-12 18:30:35.134.627] [INFO  ] [Controller] KeepRun ... 
[2025-06-12 18:30:35.234.628] [INFO  ] [Controller] KeepRun ... 
[2025-06-12 18:30:35.334.624] [INFO  ] [Controller] KeepRun ... 
[2025-06-12 18:30:35.434.627] [INFO  ] [Controller] KeepRun ... 
[2025-06-12 18:30:35.535.626] [INFO  ] [Controller] KeepRun ... 
[2025-06-12 18:30:35.635.627] [INFO  ] [Controller] KeepRun ... 
[2025-06-12 18:30:35.735.629] [INFO  ] [Controller] KeepRun ... 
[2025-06-12 18:30:36.029.647] [INFO  ] [Controller] [Joints] FL: +52.756, +44.094, +54.488 ,FR: +51.024, +42.362, +52.756, HL: 56.220, +45.827, +64.882, HR: +59.685, +45.827, +71.811 Max HR-Knee = +71.811 Min FR-HipY = +42.362 
[2025-06-12 18:30:36.043.638] [INFO  ] [BasicMotion] Stand up action has finished, waitting to switch to force control mode! 
[2025-06-12 18:30:36.043.669] [INFO  ] [BasicMotion] Switching to force control mode, please wait... 
[2025-06-12 18:30:36.605.971] [WARN  ] [CPU] Cpu temperature -2091312540 cpu  
[2025-06-12 18:30:36.845.654] [INFO  ] [TVMPC] JY is Moving... (tvmpc),  time: 3411.726339 
[2025-06-12 18:30:37.942.558] [INFO  ] [Battery] SoC = 49%, Volt = +28.900V, Temp 32 
[2025-06-12 18:30:38.529.646] [INFO  ] [Controller] [Joints] FL: +52.756, +44.094, +54.488 ,FR: +51.024, +42.362, +52.756, HL: 56.220, +45.827, +64.882, HR: +59.685, +45.827, +70.079 Max HR-Knee = +70.079 Min FR-HipY = +42.362 
[2025-06-12 18:30:38.606.182] [WARN  ] [CPU] Cpu temperature -2091312540 cpu  
[2025-06-12 18:30:40.606.337] [WARN  ] [CPU] Cpu temperature -2091312540 cpu  
[2025-06-12 18:30:41.029.651] [INFO  ] [Controller] [Joints] FL: +52.756, +44.094, +54.488 ,FR: +51.024, +42.362, +52.756, HL: 57.953, +45.827, +64.882, HR: +59.685, +45.827, +71.811 Max HR-Knee = +71.811 Min FR-HipY = +42.362 
[2025-06-12 18:30:42.606.560] [WARN  ] [CPU] Cpu temperature -2091312540 cpu  
[2025-06-12 18:30:42.939.155] [INFO  ] [Battery] SoC = 49%, Volt = +29.000V, Temp 32 
[2025-06-12 18:30:43.529.640] [INFO  ] [Controller] [Joints] FL: +52.756, +44.094, +54.488 ,FR: +51.024, +42.362, +52.756, HL: 57.953, +45.827, +64.882, HR: +59.685, +45.827, +71.811 Max HR-Knee = +71.811 Min FR-HipY = +42.362 
[2025-06-12 18:30:44.606.730] [WARN  ] [CPU] Cpu temperature -2091312540 cpu  
[2025-06-12 18:30:46.029.640] [INFO  ] [Controller] [Joints] FL: +52.756, +44.094, +54.488 ,FR: +51.024, +42.362, +52.756, HL: 57.953, +45.827, +64.882, HR: +59.685, +45.827, +71.811 Max HR-Knee = +71.811 Min FR-HipY = +42.362 
[2025-06-12 18:30:46.606.936] [WARN  ] [CPU] Cpu temperature -2091312540 cpu  
[2025-06-12 18:30:47.935.662] [INFO  ] [Battery] SoC = 49%, Volt = +28.900V, Temp 32 
[2025-06-12 18:30:48.529.637] [INFO  ] [Controller] [Joints] FL: +52.756, +44.094, +54.488 ,FR: +51.024, +42.362, +52.756, HL: 57.953, +45.827, +64.882, HR: +59.685, +45.827, +71.811 Max HR-Knee = +71.811 Min FR-HipY = +42.362 
[2025-06-12 18:30:48.607.104] [WARN  ] [CPU] Cpu temperature -2091312540 cpu  
[2025-06-12 18:30:49.719.624] [INFO  ] [Controller] AutoStop ... 
[2025-06-12 18:30:49.896.039] [INFO  ] [TVMPC] [trot]STOP!!! 
[2025-06-12 18:30:49.896.622] [INFO  ] [BasicMotion] Switching to force control mode, please wait... 
[2025-06-12 18:30:50.607.273] [WARN  ] [CPU] Cpu temperature -2091312540 cpu  
[2025-06-12 18:30:51.029.646] [INFO  ] [Controller] [Joints] FL: +54.488, +44.094, +54.488 ,FR: +51.024, +42.362, +52.756, HL: 57.953, +45.827, +64.882, HR: +59.685, +45.827, +71.811 Max HR-Knee = +71.811 Min FR-HipY = +42.362 
[2025-06-12 18:30:52.607.441] [WARN  ] [CPU] Cpu temperature -2091312540 cpu  
[2025-06-12 18:30:52.932.195] [INFO  ] [Battery] SoC = 49%, Volt = +29.000V, Temp 32 
[2025-06-12 18:30:53.529.648] [INFO  ] [Controller] [Joints] FL: +52.756, +44.094, +54.488 ,FR: +51.024, +42.362, +51.024, HL: 57.953, +45.827, +64.882, HR: +59.685, +45.827, +71.811 Max HR-Knee = +71.811 Min FR-HipY = +42.362 
[2025-06-12 18:30:54.607.630] [WARN  ] [CPU] Cpu temperature -2091312540 cpu  
[2025-06-12 18:30:55.722.679] [INFO  ] [Controller] Greeting1... 
[2025-06-12 18:30:55.722.740] [INFO  ] [BasicMotion] Greeting, please wait... 
[2025-06-12 18:30:56.029.647] [INFO  ] [Controller] [Joints] FL: +52.756, +44.094, +54.488 ,FR: +51.024, +42.362, +51.024, HL: 56.220, +45.827, +64.882, HR: +59.685, +45.827, +71.811 Max HR-Knee = +71.811 Min FR-HipY = +42.362 
[2025-06-12 18:30:56.607.805] [WARN  ] [CPU] Cpu temperature -2091312540 cpu  
[2025-06-12 18:30:57.234.635] [INFO  ] [BasicMotion] Greeting Third State End ... 
[2025-06-12 18:30:57.734.636] [INFO  ] [BasicMotion] waving_cnt: 1 
[2025-06-12 18:30:57.928.785] [INFO  ] [Battery] SoC = 49%, Volt = +29.000V, Temp 32 
[2025-06-12 18:30:58.235.637] [INFO  ] [BasicMotion] waving_cnt: 2 
[2025-06-12 18:30:58.529.649] [INFO  ] [Controller] [Joints] FL: +52.756, +44.094, +54.488 ,FR: +51.024, +42.362, +51.024, HL: 56.220, +45.827, +64.882, HR: +61.417, +45.827, +70.079 Max HR-Knee = +70.079 Min FR-HipY = +42.362 
[2025-06-12 18:30:58.607.972] [WARN  ] [CPU] Cpu temperature -2091312540 cpu  
[2025-06-12 18:30:58.736.636] [INFO  ] [BasicMotion] waving_cnt: 3 
[2025-06-12 18:30:59.237.638] [INFO  ] [BasicMotion] waving_cnt: 4 
[2025-06-12 18:30:59.737.639] [INFO  ] [BasicMotion] waving_cnt: 5 
[2025-06-12 18:31:00.237.643] [INFO  ] [BasicMotion] waving_cnt: 6 
[2025-06-12 18:31:00.608.134] [WARN  ] [CPU] Cpu temperature -2091312540 cpu  
[2025-06-12 18:31:00.738.637] [INFO  ] [BasicMotion] waving_cnt: 7 
[2025-06-12 18:31:01.029.657] [INFO  ] [Controller] [Joints] FL: +52.756, +44.094, +54.488 ,FR: +51.024, +42.362, +51.024, HL: 56.220, +45.827, +63.150, HR: +61.417, +45.827, +70.079 Max HR-Knee = +70.079 Min FR-HipY = +42.362 
[2025-06-12 18:31:01.238.637] [INFO  ] [BasicMotion] waving_cnt: 8 
[2025-06-12 18:31:01.739.636] [INFO  ] [BasicMotion] waving_cnt: 9 
[2025-06-12 18:31:02.608.320] [WARN  ] [CPU] Cpu temperature -2091312540 cpu  
[2025-06-12 18:31:02.925.405] [INFO  ] [Battery] SoC = 49%, Volt = +28.700V, Temp 32 
[2025-06-12 18:31:03.529.645] [INFO  ] [Controller] [Joints] FL: +52.756, +44.094, +54.488 ,FR: +51.024, +42.362, +51.024, HL: 56.220, +45.827, +63.150, HR: +61.417, +45.827, +68.346 Max HR-Knee = +68.346 Min FR-HipY = +42.362 
[2025-06-12 18:31:03.741.650] [INFO  ] [BasicMotion] Stand up action has finished, waitting to switch to force control mode! 
[2025-06-12 18:31:03.741.689] [INFO  ] [BasicMotion] Switching to force control mode, please wait... 
[2025-06-12 18:31:04.608.491] [WARN  ] [CPU] Cpu temperature -2091312540 cpu  
[2025-06-12 18:31:05.117.664] [INFO  ] [TVMPC] JY is Moving... (tvmpc),  time: 3439.998339 
[2025-06-12 18:31:06.029.644] [INFO  ] [Controller] [Joints] FL: +52.756, +44.094, +54.488 ,FR: +51.024, +42.362, +51.024, HL: 56.220, +45.827, +63.150, HR: +61.417, +45.827, +68.346 Max HR-Knee = +68.346 Min FR-HipY = +42.362 
[2025-06-12 18:31:06.608.674] [WARN  ] [CPU] Cpu temperature -2091312540 cpu  
[2025-06-12 18:31:06.918.040] [INFO  ] [TVMPC] [trot]STOP!!! 
[2025-06-12 18:31:06.918.624] [INFO  ] [BasicMotion] Switching to force control mode, please wait... 
[2025-06-12 18:31:07.921.848] [INFO  ] [Battery] SoC = 49%, Volt = +29.000V, Temp 32 
[2025-06-12 18:31:08.529.645] [INFO  ] [Controller] [Joints] FL: +52.756, +44.094, +54.488 ,FR: +51.024, +42.362, +51.024, HL: 56.220, +45.827, +63.150, HR: +61.417, +45.827, +68.346 Max HR-Knee = +68.346 Min FR-HipY = +42.362 
[2025-06-12 18:31:08.608.837] [WARN  ] [CPU] Cpu temperature -2091312540 cpu  
[2025-06-12 18:31:10.608.993] [WARN  ] [CPU] Cpu temperature -2091312540 cpu  
[2025-06-12 18:31:11.029.647] [INFO  ] [Controller] [Joints] FL: +52.756, +44.094, +54.488 ,FR: +51.024, +42.362, +51.024, HL: 56.220, +45.827, +63.150, HR: +61.417, +45.827, +68.346 Max HR-Knee = +68.346 Min FR-HipY = +42.362 
[2025-06-12 18:31:11.496.661] [INFO  ] [TVMPC] JY is Moving... (tvmpc),  time: 3446.377341 
[2025-06-12 18:31:12.609.169] [WARN  ] [CPU] Cpu temperature -2091312540 cpu  
[2025-06-12 18:31:12.918.530] [INFO  ] [Battery] SoC = 48%, Volt = +28.800V, Temp 32 
[2025-06-12 18:31:13.529.644] [INFO  ] [Controller] [Joints] FL: +52.756, +44.094, +52.756 ,FR: +51.024, +42.362, +51.024, HL: 56.220, +45.827, +63.150, HR: +61.417, +45.827, +68.346 Max HR-Knee = +68.346 Min FR-HipY = +42.362 
[2025-06-12 18:31:14.609.331] [WARN  ] [CPU] Cpu temperature -2091312540 cpu  
[2025-06-12 18:31:16.029.639] [INFO  ] [Controller] [Joints] FL: +52.756, +44.094, +52.756 ,FR: +51.024, +42.362, +51.024, HL: 56.220, +45.827, +63.150, HR: +61.417, +45.827, +68.346 Max HR-Knee = +68.346 Min FR-HipY = +42.362 
[2025-06-12 18:31:16.609.499] [WARN  ] [CPU] Cpu temperature -2091312540 cpu  
[2025-06-12 18:31:17.347.043] [INFO  ] [TVMPC] [trot]STOP!!! 
[2025-06-12 18:31:17.347.623] [INFO  ] [BasicMotion] Switching to force control mode, please wait... 
[2025-06-12 18:31:17.915.168] [INFO  ] [Battery] SoC = 48%, Volt = +28.900V, Temp 32 
[2025-06-12 18:31:18.529.646] [INFO  ] [Controller] [Joints] FL: +52.756, +44.094, +52.756 ,FR: +51.024, +42.362, +51.024, HL: 56.220, +45.827, +63.150, HR: +61.417, +45.827, +68.346 Max HR-Knee = +68.346 Min FR-HipY = +42.362 
[2025-06-12 18:31:18.609.671] [WARN  ] [CPU] Cpu temperature -2091312540 cpu  
[2025-06-12 18:31:18.923.413] [INFO  ] [Controller] Switch to Twist Body Mode!!! 
[2025-06-12 18:31:19.005.627] [INFO  ] [Controller] trot run... 
[2025-06-12 18:31:20.609.860] [WARN  ] [CPU] Cpu temperature -2091312540 cpu  
[2025-06-12 18:31:21.029.646] [INFO  ] [Controller] [Joints] FL: +52.756, +44.094, +52.756 ,FR: +51.024, +42.362, +51.024, HL: 56.220, +45.827, +63.150, HR: +61.417, +45.827, +68.346 Max HR-Knee = +68.346 Min FR-HipY = +42.362 
[2025-06-12 18:31:22.610.040] [WARN  ] [CPU] Cpu temperature -2091312540 cpu  
[2025-06-12 18:31:22.911.727] [INFO  ] [Battery] SoC = 48%, Volt = +29.000V, Temp 32 
[2025-06-12 18:31:23.529.646] [INFO  ] [Controller] [Joints] FL: +52.756, +44.094, +52.756 ,FR: +51.024, +42.362, +51.024, HL: 56.220, +45.827, +63.150, HR: +61.417, +45.827, +68.346 Max HR-Knee = +68.346 Min FR-HipY = +42.362 
[2025-06-12 18:31:24.610.263] [WARN  ] [CPU] Cpu temperature -2091312540 cpu  
[2025-06-12 18:31:26.029.645] [INFO  ] [Controller] [Joints] FL: +52.756, +44.094, +52.756 ,FR: +51.024, +42.362, +51.024, HL: 56.220, +45.827, +63.150, HR: +61.417, +45.827, +68.346 Max HR-Knee = +68.346 Min FR-HipY = +42.362 
[2025-06-12 18:31:26.610.442] [WARN  ] [CPU] Cpu temperature -2091312540 cpu  
[2025-06-12 18:31:27.908.223] [INFO  ] [Battery] SoC = 48%, Volt = +29.000V, Temp 32 
[2025-06-12 18:31:28.529.647] [INFO  ] [Controller] [Joints] FL: +52.756, +44.094, +52.756 ,FR: +51.024, +42.362, +51.024, HL: 56.220, +45.827, +63.150, HR: +61.417, +45.827, +70.079 Max HR-Knee = +70.079 Min FR-HipY = +42.362 
[2025-06-12 18:31:28.610.616] [WARN  ] [CPU] Cpu temperature -2091312540 cpu  
[2025-06-12 18:31:30.610.776] [WARN  ] [CPU] Cpu temperature -2091312540 cpu  
[2025-06-12 18:31:31.029.645] [INFO  ] [Controller] [Joints] FL: +52.756, +44.094, +52.756 ,FR: +51.024, +42.362, +51.024, HL: 56.220, +45.827, +63.150, HR: +61.417, +45.827, +70.079 Max HR-Knee = +70.079 Min FR-HipY = +42.362 
[2025-06-12 18:31:32.610.947] [WARN  ] [CPU] Cpu temperature -2091312540 cpu  
[2025-06-12 18:31:32.904.888] [INFO  ] [Battery] SoC = 48%, Volt = +28.900V, Temp 32 
[2025-06-12 18:31:33.529.644] [INFO  ] [Controller] [Joints] FL: +52.756, +44.094, +52.756 ,FR: +51.024, +42.362, +51.024, HL: 56.220, +45.827, +61.417, HR: +61.417, +45.827, +70.079 Max HR-Knee = +70.079 Min FR-HipY = +42.362 
[2025-06-12 18:31:34.267.628] [INFO  ] [Controller] stand_cmd.... 
[2025-06-12 18:31:34.267.690] [INFO  ] [BasicMotion] Standing down, please wait... 
[2025-06-12 18:31:34.611.098] [WARN  ] [CPU] Cpu temperature -2091312540 cpu  
[2025-06-12 18:31:36.029.648] [INFO  ] [Controller] [Joints] FL: +52.756, +44.094, +52.756 ,FR: +51.024, +42.362, +51.024, HL: 56.220, +45.827, +61.417, HR: +61.417, +45.827, +70.079 Max HR-Knee = +70.079 Min FR-HipY = +42.362 
[2025-06-12 18:31:36.188.629] [INFO  ] [Controller] stand_cmd.... 
[2025-06-12 18:31:36.611.267] [WARN  ] [CPU] Cpu temperature -2091312540 cpu  
[2025-06-12 18:31:36.667.627] [INFO  ] [Controller] stand_cmd.... 
[2025-06-12 18:31:36.767.636] [INFO  ] [BasicMotion] Stand down action has finished, waitting to stand up again!!! 
[2025-06-12 18:31:37.073.629] [INFO  ] [Controller] stand_cmd.... 
[2025-06-12 18:31:37.073.668] [INFO  ] [BasicMotion] Standing up, please wait... 
[2025-06-12 18:31:37.901.575] [INFO  ] [Battery] SoC = 48%, Volt = +28.700V, Temp 32 
[2025-06-12 18:31:38.529.650] [INFO  ] [Controller] [Joints] FL: +52.756, +44.094, +52.756 ,FR: +51.024, +42.362, +51.024, HL: 56.220, +45.827, +61.417, HR: +61.417, +45.827, +70.079 Max HR-Knee = +70.079 Min FR-HipY = +42.362 
[2025-06-12 18:31:38.611.421] [WARN  ] [CPU] Cpu temperature -2091312540 cpu  
[2025-06-12 18:31:39.075.638] [INFO  ] [BasicMotion] Stand up action has finished, waitting to switch to force control mode! 
[2025-06-12 18:31:39.075.674] [INFO  ] [BasicMotion] Switching to force control mode, please wait... 
[2025-06-12 18:31:40.611.597] [WARN  ] [CPU] Cpu temperature -2091312540 cpu  
[2025-06-12 18:31:41.029.647] [INFO  ] [Controller] [Joints] FL: +52.756, +44.094, +52.756 ,FR: +51.024, +42.362, +51.024, HL: 56.220, +45.827, +61.417, HR: +61.417, +45.827, +70.079 Max HR-Knee = +70.079 Min FR-HipY = +42.362 
[2025-06-12 18:31:41.058.626] [INFO  ] [Controller] Switch to Move Mode!!! 
[2025-06-12 18:31:42.156.656] [INFO  ] [TVMPC] JY is Moving... (tvmpc),  time: 3477.037339 
[2025-06-12 18:31:42.611.773] [WARN  ] [CPU] Cpu temperature -2091312540 cpu  
[2025-06-12 18:31:42.898.199] [INFO  ] [Battery] SoC = 48%, Volt = +28.700V, Temp 32 
[2025-06-12 18:31:43.529.642] [INFO  ] [Controller] [Joints] FL: +52.756, +44.094, +52.756 ,FR: +51.024, +42.362, +49.291, HL: 57.953, +45.827, +63.150, HR: +61.417, +45.827, +70.079 Max HR-Knee = +70.079 Min FR-HipY = +42.362 
[2025-06-12 18:31:44.407.080] [INFO  ] [TVMPC] [trot]STOP!!! 
[2025-06-12 18:31:44.407.645] [INFO  ] [BasicMotion] Switching to force control mode, please wait... 
[2025-06-12 18:31:44.611.948] [WARN  ] [CPU] Cpu temperature -2091312540 cpu  
[2025-06-12 18:31:46.029.649] [INFO  ] [Controller] [Joints] FL: +52.756, +44.094, +52.756 ,FR: +51.024, +42.362, +49.291, HL: 57.953, +45.827, +63.150, HR: +61.417, +45.827, +70.079 Max HR-Knee = +70.079 Min FR-HipY = +42.362 
[2025-06-12 18:31:46.612.124] [WARN  ] [CPU] Cpu temperature -2091312540 cpu  
[2025-06-12 18:31:47.894.857] [INFO  ] [Battery] SoC = 48%, Volt = +28.900V, Temp 32 
[2025-06-12 18:31:48.529.645] [INFO  ] [Controller] [Joints] FL: +52.756, +44.094, +52.756 ,FR: +51.024, +42.362, +49.291, HL: 57.953, +45.827, +63.150, HR: +61.417, +45.827, +70.079 Max HR-Knee = +70.079 Min FR-HipY = +42.362 
[2025-06-12 18:31:48.612.295] [WARN  ] [CPU] Cpu temperature -2091312540 cpu  
[2025-06-12 18:31:50.612.463] [WARN  ] [CPU] Cpu temperature -2091312540 cpu  
[2025-06-12 18:31:51.029.644] [INFO  ] [Controller] [Joints] FL: +52.756, +44.094, +52.756 ,FR: +51.024, +42.362, +49.291, HL: 57.953, +45.827, +61.417, HR: +61.417, +45.827, +70.079 Max HR-Knee = +70.079 Min FR-HipY = +42.362 
[2025-06-12 18:31:52.612.635] [WARN  ] [CPU] Cpu temperature -2091312540 cpu  
[2025-06-12 18:31:52.891.571] [INFO  ] [Battery] SoC = 48%, Volt = +28.900V, Temp 32 
[2025-06-12 18:31:53.365.626] [INFO  ] [Controller] Greeting1... 
[2025-06-12 18:31:53.365.679] [INFO  ] [BasicMotion] Greeting, please wait... 
[2025-06-12 18:31:53.529.646] [INFO  ] [Controller] [Joints] FL: +51.024, +44.094, +51.024 ,FR: +51.024, +42.362, +49.291, HL: 57.953, +45.827, +61.417, HR: +61.417, +45.827, +70.079 Max HR-Knee = +70.079 Min FR-HipY = +42.362 
[2025-06-12 18:31:54.612.800] [WARN  ] [CPU] Cpu temperature -2091312540 cpu  
[2025-06-12 18:31:54.876.638] [INFO  ] [BasicMotion] Greeting Third State End ... 
[2025-06-12 18:31:55.376.634] [INFO  ] [BasicMotion] waving_cnt: 1 
[2025-06-12 18:31:55.877.634] [INFO  ] [BasicMotion] waving_cnt: 2 
[2025-06-12 18:31:56.029.671] [INFO  ] [Controller] [Joints] FL: +51.024, +44.094, +51.024 ,FR: +51.024, +42.362, +49.291, HL: 57.953, +45.827, +61.417, HR: +61.417, +45.827, +70.079 Max HR-Knee = +70.079 Min FR-HipY = +42.362 
[2025-06-12 18:31:56.377.632] [INFO  ] [BasicMotion] waving_cnt: 3 
[2025-06-12 18:31:56.612.963] [WARN  ] [CPU] Cpu temperature -2091312540 cpu  
[2025-06-12 18:31:56.878.633] [INFO  ] [BasicMotion] waving_cnt: 4 
[2025-06-12 18:31:57.378.699] [INFO  ] [BasicMotion] waving_cnt: 5 
[2025-06-12 18:31:57.879.636] [INFO  ] [BasicMotion] waving_cnt: 6 
[2025-06-12 18:31:57.888.202] [INFO  ] [Battery] SoC = 48%, Volt = +29.000V, Temp 32 
[2025-06-12 18:31:58.379.636] [INFO  ] [BasicMotion] waving_cnt: 7 
[2025-06-12 18:31:58.529.648] [INFO  ] [Controller] [Joints] FL: +51.024, +44.094, +51.024 ,FR: +51.024, +42.362, +49.291, HL: 57.953, +45.827, +61.417, HR: +61.417, +45.827, +68.346 Max HR-Knee = +68.346 Min FR-HipY = +42.362 
[2025-06-12 18:31:58.613.137] [WARN  ] [CPU] Cpu temperature -2091312540 cpu  
[2025-06-12 18:31:58.879.637] [INFO  ] [BasicMotion] waving_cnt: 8 
[2025-06-12 18:31:59.380.640] [INFO  ] [BasicMotion] waving_cnt: 9 
[2025-06-12 18:32:00.613.310] [WARN  ] [CPU] Cpu temperature -2091312540 cpu  
[2025-06-12 18:32:01.029.647] [INFO  ] [Controller] [Joints] FL: +51.024, +44.094, +51.024 ,FR: +51.024, +42.362, +49.291, HL: 57.953, +45.827, +59.685, HR: +61.417, +45.827, +68.346 Max HR-Knee = +68.346 Min FR-HipY = +42.362 
[2025-06-12 18:32:01.382.638] [INFO  ] [BasicMotion] Stand up action has finished, waitting to switch to force control mode! 
[2025-06-12 18:32:01.382.674] [INFO  ] [BasicMotion] Switching to force control mode, please wait... 
[2025-06-12 18:32:02.613.474] [WARN  ] [CPU] Cpu temperature -2091312540 cpu  
[2025-06-12 18:32:02.884.897] [INFO  ] [Battery] SoC = 48%, Volt = +28.900V, Temp 32 
[2025-06-12 18:32:03.529.648] [INFO  ] [Controller] [Joints] FL: +51.024, +44.094, +51.024 ,FR: +51.024, +42.362, +49.291, HL: 57.953, +45.827, +59.685, HR: +59.685, +45.827, +68.346 Max HR-Knee = +68.346 Min FR-HipY = +42.362 
[2025-06-12 18:32:04.613.650] [WARN  ] [CPU] Cpu temperature -2091312540 cpu  
[2025-06-12 18:32:06.029.655] [INFO  ] [Controller] [Joints] FL: +51.024, +44.094, +51.024 ,FR: +51.024, +42.362, +49.291, HL: 56.220, +45.827, +59.685, HR: +61.417, +45.827, +68.346 Max HR-Knee = +68.346 Min FR-HipY = +42.362 
[2025-06-12 18:32:06.613.811] [WARN  ] [CPU] Cpu temperature -2091312540 cpu  
[2025-06-12 18:32:07.881.406] [INFO  ] [Battery] SoC = 47%, Volt = +28.900V, Temp 32 
[2025-06-12 18:32:08.529.647] [INFO  ] [Controller] [Joints] FL: +51.024, +44.094, +51.024 ,FR: +51.024, +42.362, +49.291, HL: 56.220, +45.827, +61.417, HR: +61.417, +45.827, +68.346 Max HR-Knee = +68.346 Min FR-HipY = +42.362 
[2025-06-12 18:32:08.614.016] [WARN  ] [CPU] Cpu temperature -2091312540 cpu  
[2025-06-12 18:32:10.614.185] [WARN  ] [CPU] Cpu temperature -2091312540 cpu  
[2025-06-12 18:32:11.029.643] [INFO  ] [Controller] [Joints] FL: +51.024, +44.094, +51.024 ,FR: +51.024, +42.362, +49.291, HL: 56.220, +45.827, +61.417, HR: +61.417, +45.827, +66.614 Max HR-Knee = +66.614 Min FR-HipY = +42.362 
[2025-06-12 18:32:12.614.362] [WARN  ] [CPU] Cpu temperature -2091312540 cpu  
[2025-06-12 18:32:12.878.169] [INFO  ] [Battery] SoC = 47%, Volt = +28.900V, Temp 32 
[2025-06-12 18:32:13.529.647] [INFO  ] [Controller] [Joints] FL: +51.024, +44.094, +52.756 ,FR: +51.024, +42.362, +49.291, HL: 57.953, +45.827, +61.417, HR: +63.150, +45.827, +66.614 Max HR-Knee = +66.614 Min FR-HipY = +42.362 
[2025-06-12 18:32:14.614.551] [WARN  ] [CPU] Cpu temperature -2091312540 cpu  
[2025-06-12 18:32:16.029.647] [INFO  ] [Controller] [Joints] FL: +51.024, +44.094, +52.756 ,FR: +51.024, +42.362, +49.291, HL: 57.953, +45.827, +61.417, HR: +63.150, +45.827, +66.614 Max HR-Knee = +66.614 Min FR-HipY = +42.362 
[2025-06-12 18:32:16.614.721] [WARN  ] [CPU] Cpu temperature -2091312540 cpu  
[2025-06-12 18:32:17.874.923] [INFO  ] [Battery] SoC = 47%, Volt = +28.900V, Temp 32 
[2025-06-12 18:32:18.529.656] [INFO  ] [Controller] [Joints] FL: +51.024, +44.094, +52.756 ,FR: +51.024, +42.362, +49.291, HL: 57.953, +45.827, +61.417, HR: +63.150, +45.827, +64.882 Max HR-Knee = +64.882 Min FR-HipY = +42.362 
[2025-06-12 18:32:18.614.901] [WARN  ] [CPU] Cpu temperature -2091312540 cpu  
[2025-06-12 18:32:20.615.081] [WARN  ] [CPU] Cpu temperature -2091312540 cpu  
[2025-06-12 18:32:21.029.647] [INFO  ] [Controller] [Joints] FL: +51.024, +44.094, +52.756 ,FR: +51.024, +42.362, +49.291, HL: 57.953, +45.827, +61.417, HR: +64.882, +45.827, +64.882 Max HR-HipX = +64.882 Min FR-HipY = +42.362 
[2025-06-12 18:32:22.615.251] [WARN  ] [CPU] Cpu temperature -2091312540 cpu  
[2025-06-12 18:32:22.871.633] [INFO  ] [Battery] SoC = 47%, Volt = +28.900V, Temp 32 
[2025-06-12 18:32:23.529.645] [INFO  ] [Controller] [Joints] FL: +51.024, +44.094, +52.756 ,FR: +51.024, +42.362, +49.291, HL: 57.953, +45.827, +63.150, HR: +64.882, +45.827, +64.882 Max HR-HipX = +64.882 Min FR-HipY = +42.362 
[2025-06-12 18:32:24.615.451] [WARN  ] [CPU] Cpu temperature -2091312540 cpu  
[2025-06-12 18:32:26.029.647] [INFO  ] [Controller] [Joints] FL: +51.024, +44.094, +52.756 ,FR: +51.024, +42.362, +49.291, HL: 57.953, +45.827, +63.150, HR: +64.882, +45.827, +64.882 Max HR-HipX = +64.882 Min FR-HipY = +42.362 
[2025-06-12 18:32:26.615.628] [WARN  ] [CPU] Cpu temperature -2091312540 cpu  
[2025-06-12 18:32:27.868.220] [INFO  ] [Battery] SoC = 47%, Volt = +28.900V, Temp 32 
[2025-06-12 18:32:28.529.647] [INFO  ] [Controller] [Joints] FL: +51.024, +44.094, +52.756 ,FR: +52.756, +42.362, +49.291, HL: 57.953, +45.827, +63.150, HR: +64.882, +45.827, +64.882 Max HR-HipX = +64.882 Min FR-HipY = +42.362 
[2025-06-12 18:32:28.615.802] [WARN  ] [CPU] Cpu temperature -2091312540 cpu  
[2025-06-12 18:32:30.616.004] [WARN  ] [CPU] Cpu temperature -2091312540 cpu  
[2025-06-12 18:32:31.029.636] [INFO  ] [Controller] [Joints] FL: +51.024, +44.094, +52.756 ,FR: +52.756, +42.362, +49.291, HL: 57.953, +45.827, +63.150, HR: +66.614, +45.827, +64.882 Max HR-HipX = +66.614 Min FR-HipY = +42.362 
[2025-06-12 18:32:32.616.181] [WARN  ] [CPU] Cpu temperature -2091312540 cpu  
[2025-06-12 18:32:32.864.889] [INFO  ] [Battery] SoC = 47%, Volt = +28.900V, Temp 32 
[2025-06-12 18:32:33.529.647] [INFO  ] [Controller] [Joints] FL: +51.024, +44.094, +52.756 ,FR: +52.756, +42.362, +49.291, HL: 57.953, +45.827, +63.150, HR: +66.614, +45.827, +64.882 Max HR-HipX = +66.614 Min FR-HipY = +42.362 
[2025-06-12 18:32:34.616.339] [WARN  ] [CPU] Cpu temperature -2091312540 cpu  
[2025-06-12 18:32:36.029.646] [INFO  ] [Controller] [Joints] FL: +51.024, +44.094, +52.756 ,FR: +52.756, +42.362, +49.291, HL: 57.953, +45.827, +63.150, HR: +66.614, +45.827, +63.150 Max HR-HipX = +66.614 Min FR-HipY = +42.362 
[2025-06-12 18:32:36.616.493] [WARN  ] [CPU] Cpu temperature -2091312540 cpu  
[2025-06-12 18:32:37.861.631] [INFO  ] [Battery] SoC = 47%, Volt = +28.900V, Temp 32 
[2025-06-12 18:32:38.529.644] [INFO  ] [Controller] [Joints] FL: +51.024, +44.094, +52.756 ,FR: +52.756, +42.362, +49.291, HL: 59.685, +45.827, +63.150, HR: +66.614, +45.827, +63.150 Max HR-HipX = +66.614 Min FR-HipY = +42.362 
[2025-06-12 18:32:38.616.667] [WARN  ] [CPU] Cpu temperature -2091312540 cpu  
[2025-06-12 18:32:40.616.849] [WARN  ] [CPU] Cpu temperature -2091312540 cpu  
[2025-06-12 18:32:41.029.647] [INFO  ] [Controller] [Joints] FL: +51.024, +44.094, +52.756 ,FR: +52.756, +42.362, +49.291, HL: 59.685, +44.094, +63.150, HR: +68.346, +45.827, +63.150 Max HR-HipX = +68.346 Min FR-HipY = +42.362 
[2025-06-12 18:32:42.617.029] [WARN  ] [CPU] Cpu temperature -2091312540 cpu  
[2025-06-12 18:32:42.858.247] [INFO  ] [Battery] SoC = 47%, Volt = +28.900V, Temp 32 
[2025-06-12 18:32:43.529.648] [INFO  ] [Controller] [Joints] FL: +51.024, +44.094, +52.756 ,FR: +52.756, +42.362, +49.291, HL: 59.685, +44.094, +63.150, HR: +68.346, +45.827, +63.150 Max HR-HipX = +68.346 Min FR-HipY = +42.362 
[2025-06-12 18:32:44.617.199] [WARN  ] [CPU] Cpu temperature -2091312540 cpu  
[2025-06-12 18:32:46.029.648] [INFO  ] [Controller] [Joints] FL: +51.024, +45.827, +52.756 ,FR: +52.756, +42.362, +49.291, HL: 59.685, +44.094, +63.150, HR: +68.346, +45.827, +63.150 Max HR-HipX = +68.346 Min FR-HipY = +42.362 
[2025-06-12 18:32:46.617.396] [WARN  ] [CPU] Cpu temperature -2091312540 cpu  
[2025-06-12 18:32:47.855.029] [INFO  ] [Battery] SoC = 47%, Volt = +28.900V, Temp 32 
[2025-06-12 18:32:48.529.648] [INFO  ] [Controller] [Joints] FL: +51.024, +45.827, +52.756 ,FR: +52.756, +42.362, +49.291, HL: 59.685, +44.094, +63.150, HR: +68.346, +45.827, +63.150 Max HR-HipX = +68.346 Min FR-HipY = +42.362 
[2025-06-12 18:32:48.617.563] [WARN  ] [CPU] Cpu temperature -2091312540 cpu  
[2025-06-12 18:32:50.617.741] [WARN  ] [CPU] Cpu temperature -2091312540 cpu  
[2025-06-12 18:32:51.029.646] [INFO  ] [Controller] [Joints] FL: +51.024, +45.827, +52.756 ,FR: +52.756, +42.362, +49.291, HL: 59.685, +44.094, +64.882, HR: +68.346, +45.827, +63.150 Max HR-HipX = +68.346 Min FR-HipY = +42.362 
[2025-06-12 18:32:52.617.946] [WARN  ] [CPU] Cpu temperature -2091312540 cpu  
[2025-06-12 18:32:52.851.431] [INFO  ] [Battery] SoC = 47%, Volt = +28.800V, Temp 32 
[2025-06-12 18:32:53.529.645] [INFO  ] [Controller] [Joints] FL: +51.024, +45.827, +52.756 ,FR: +52.756, +42.362, +49.291, HL: 59.685, +44.094, +64.882, HR: +68.346, +45.827, +63.150 Max HR-HipX = +68.346 Min FR-HipY = +42.362 
[2025-06-12 18:32:54.618.118] [WARN  ] [CPU] Cpu temperature -2091312540 cpu  
[2025-06-12 18:32:56.029.646] [INFO  ] [Controller] [Joints] FL: +51.024, +45.827, +54.488 ,FR: +52.756, +44.094, +49.291, HL: 59.685, +44.094, +64.882, HR: +70.079, +45.827, +63.150 Max HR-HipX = +70.079 Min FR-HipY = +44.094 
[2025-06-12 18:32:56.618.291] [WARN  ] [CPU] Cpu temperature -2091312540 cpu  
[2025-06-12 18:32:57.848.100] [INFO  ] [Battery] SoC = 47%, Volt = +28.800V, Temp 32 
[2025-06-12 18:32:58.529.646] [INFO  ] [Controller] [Joints] FL: +51.024, +45.827, +54.488 ,FR: +52.756, +44.094, +49.291, HL: 59.685, +44.094, +64.882, HR: +70.079, +45.827, +63.150 Max HR-HipX = +70.079 Min FR-HipY = +44.094 
[2025-06-12 18:32:58.618.459] [WARN  ] [CPU] Cpu temperature -2091312540 cpu  
[2025-06-12 18:33:00.618.615] [WARN  ] [CPU] Cpu temperature -2091312540 cpu  
[2025-06-12 18:33:01.029.655] [INFO  ] [Controller] [Joints] FL: +51.024, +45.827, +54.488 ,FR: +52.756, +44.094, +49.291, HL: 59.685, +44.094, +64.882, HR: +70.079, +45.827, +63.150 Max HR-HipX = +70.079 Min FR-HipY = +44.094 
[2025-06-12 18:33:01.703.628] [INFO  ] [Controller] [AI Close] 
[2025-06-12 18:33:02.618.787] [WARN  ] [CPU] Cpu temperature -2091312540 cpu  
[2025-06-12 18:33:02.698.651] [INFO  ] [Controller] Switch to Joystick Mode!!! 
[2025-06-12 18:33:02.844.790] [INFO  ] [Battery] SoC = 47%, Volt = +28.800V, Temp 32 
[2025-06-12 18:33:03.529.648] [INFO  ] [Controller] [Joints] FL: +51.024, +45.827, +54.488 ,FR: +52.756, +44.094, +49.291, HL: 59.685, +44.094, +64.882, HR: +70.079, +45.827, +63.150 Max HR-HipX = +70.079 Min FR-HipY = +44.094 
[2025-06-12 18:33:04.618.942] [WARN  ] [CPU] Cpu temperature -2091312540 cpu  
[2025-06-12 18:33:06.029.644] [INFO  ] [Controller] [Joints] FL: +51.024, +45.827, +54.488 ,FR: +52.756, +44.094, +49.291, HL: 59.685, +44.094, +64.882, HR: +70.079, +45.827, +63.150 Max HR-HipX = +70.079 Min FR-HipY = +44.094 
[2025-06-12 18:33:06.619.098] [WARN  ] [CPU] Cpu temperature -2091312540 cpu  
[2025-06-12 18:33:07.841.530] [INFO  ] [Battery] SoC = 46%, Volt = +28.800V, Temp 32 
[2025-06-12 18:33:08.516.629] [INFO  ] [Controller] jumprot... 
[2025-06-12 18:33:08.517.643] [INFO  ] [rot_pronk] JY is Moving... (Normal Pronk) 
[2025-06-12 18:33:08.529.634] [INFO  ] [Controller] [Joints] FL: +51.024, +45.827, +54.488 ,FR: +52.756, +44.094, +49.291, HL: 59.685, +44.094, +64.882, HR: +70.079, +45.827, +63.150 Max HR-HipX = +70.079 Min FR-HipY = +44.094 
[2025-06-12 18:33:08.619.282] [WARN  ] [CPU] Cpu temperature -2091312540 cpu  
[2025-06-12 18:33:09.018.641] [INFO  ] [rot_pronk] lowing body finished, starts to jump 
[2025-06-12 18:33:09.217.650] [INFO  ] [rot_pronk] JY takes off at abs_run_time: 3564.098339 
[2025-06-12 18:33:09.217.684] [INFO  ] [rot_pronk] yaw_vel_takeoff_record:  4.735534 
[2025-06-12 18:33:09.453.660] [INFO  ] [rot_pronk] touchdown of fl by time at abs_run_time: 3564.334339 
[2025-06-12 18:33:09.453.694] [INFO  ] [rot_pronk] touchdown of fr by time at abs_run_time: 3564.334339 
[2025-06-12 18:33:09.453.697] [INFO  ] [rot_pronk] touchdown of hl by time at abs_run_time: 3564.334339 
[2025-06-12 18:33:09.453.700] [INFO  ] [rot_pronk] touchdown of hr by time at abs_run_time: 3564.334339 
[2025-06-12 18:33:09.453.704] [INFO  ] [rot_pronk] JY lands at abs_run_time: 3564.334339 
[2025-06-12 18:33:09.453.708] [INFO  ] [rot_pronk] LegSideOffset: 0.000000 
[2025-06-12 18:33:09.453.716] [INFO  ] [rot_pronk] goal_pos_2: -0.020000 
[2025-06-12 18:33:09.705.640] [INFO  ] [BasicMotion] Switching to force control mode, please wait... 
[2025-06-12 18:33:10.619.453] [WARN  ] [CPU] Cpu temperature -2091312540 cpu  
[2025-06-12 18:33:11.029.656] [INFO  ] [Controller] [Joints] FL: +51.024, +45.827, +54.488 ,FR: +52.756, +44.094, +49.291, HL: 61.417, +44.094, +64.882, HR: +70.079, +45.827, +63.150 Max HR-HipX = +70.079 Min FR-HipY = +44.094 
[2025-06-12 18:33:11.156.658] [INFO  ] [TVMPC] JY is Moving... (tvmpc),  time: 3566.037339 
[2025-06-12 18:33:12.619.623] [WARN  ] [CPU] Cpu temperature -2091312540 cpu  
[2025-06-12 18:33:12.838.159] [INFO  ] [Battery] SoC = 46%, Volt = +28.800V, Temp 32 
[2025-06-12 18:33:13.529.641] [INFO  ] [Controller] [Joints] FL: +51.024, +45.827, +54.488 ,FR: +52.756, +44.094, +49.291, HL: 61.417, +44.094, +64.882, HR: +70.079, +45.827, +63.150 Max HR-HipX = +70.079 Min FR-HipY = +44.094 
[2025-06-12 18:33:14.619.794] [WARN  ] [CPU] Cpu temperature -2091312540 cpu  
[2025-06-12 18:33:16.029.639] [INFO  ] [Controller] [Joints] FL: +51.024, +45.827, +54.488 ,FR: +52.756, +44.094, +49.291, HL: 61.417, +45.827, +64.882, HR: +70.079, +45.827, +64.882 Max HR-HipX = +70.079 Min FR-HipY = +44.094 
[2025-06-12 18:33:16.107.053] [INFO  ] [TVMPC] [trot]STOP!!! 
[2025-06-12 18:33:16.107.623] [INFO  ] [BasicMotion] Switching to force control mode, please wait... 
[2025-06-12 18:33:16.619.969] [WARN  ] [CPU] Cpu temperature -2091312540 cpu  
[2025-06-12 18:33:17.834.729] [INFO  ] [Battery] SoC = 46%, Volt = +28.800V, Temp 32 
[2025-06-12 18:33:18.529.647] [INFO  ] [Controller] [Joints] FL: +51.024, +45.827, +54.488 ,FR: +52.756, +44.094, +49.291, HL: 61.417, +45.827, +64.882, HR: +70.079, +45.827, +64.882 Max HR-HipX = +70.079 Min FR-HipY = +44.094 
[2025-06-12 18:33:18.620.141] [WARN  ] [CPU] Cpu temperature -2091312540 cpu  
[2025-06-12 18:33:20.586.170] [INFO  ] [Controller] jumprot... 
[2025-06-12 18:33:20.586.625] [INFO  ] [rot_pronk] JY is Moving... (Normal Pronk) 
[2025-06-12 18:33:20.620.335] [WARN  ] [CPU] Cpu temperature -2091312540 cpu  
[2025-06-12 18:33:21.029.650] [INFO  ] [Controller] [Joints] FL: +51.024, +45.827, +54.488 ,FR: +52.756, +44.094, +49.291, HL: 61.417, +45.827, +64.882, HR: +70.079, +45.827, +64.882 Max HR-HipX = +70.079 Min FR-HipY = +44.094 
[2025-06-12 18:33:21.087.635] [INFO  ] [rot_pronk] lowing body finished, starts to jump 
[2025-06-12 18:33:21.286.647] [INFO  ] [rot_pronk] JY takes off at abs_run_time: 3576.167339 
[2025-06-12 18:33:21.286.682] [INFO  ] [rot_pronk] yaw_vel_takeoff_record:  4.403235 
[2025-06-12 18:33:21.522.654] [INFO  ] [rot_pronk] touchdown of fl by time at abs_run_time: 3576.403338 
[2025-06-12 18:33:21.522.683] [INFO  ] [rot_pronk] touchdown of fr by time at abs_run_time: 3576.403338 
[2025-06-12 18:33:21.522.687] [INFO  ] [rot_pronk] touchdown of hl by time at abs_run_time: 3576.403338 
[2025-06-12 18:33:21.522.691] [INFO  ] [rot_pronk] touchdown of hr by time at abs_run_time: 3576.403338 
[2025-06-12 18:33:21.522.699] [INFO  ] [rot_pronk] JY lands at abs_run_time: 3576.403338 
[2025-06-12 18:33:21.522.702] [INFO  ] [rot_pronk] LegSideOffset: 0.000000 
[2025-06-12 18:33:21.522.723] [INFO  ] [rot_pronk] goal_pos_2: -0.020000 
[2025-06-12 18:33:21.774.640] [INFO  ] [BasicMotion] Switching to force control mode, please wait... 
[2025-06-12 18:33:22.620.520] [WARN  ] [CPU] Cpu temperature -2091312540 cpu  
[2025-06-12 18:33:22.831.257] [INFO  ] [Battery] SoC = 46%, Volt = +28.800V, Temp 32 
[2025-06-12 18:33:23.116.660] [INFO  ] [TVMPC] JY is Moving... (tvmpc),  time: 3577.997339 
[2025-06-12 18:33:23.529.647] [INFO  ] [Controller] [Joints] FL: +51.024, +44.094, +54.488 ,FR: +52.756, +44.094, +49.291, HL: 61.417, +45.827, +64.882, HR: +70.079, +45.827, +66.614 Max HR-HipX = +70.079 Min FL-HipY = +44.094 
[2025-06-12 18:33:24.620.713] [WARN  ] [CPU] Cpu temperature -2091312540 cpu  
[2025-06-12 18:33:26.029.637] [INFO  ] [Controller] [Joints] FL: +51.024, +44.094, +54.488 ,FR: +52.756, +44.094, +49.291, HL: 61.417, +45.827, +64.882, HR: +68.346, +47.559, +66.614 Max HR-HipX = +68.346 Min FL-HipY = +44.094 
[2025-06-12 18:33:26.620.889] [WARN  ] [CPU] Cpu temperature -2091312540 cpu  
[2025-06-12 18:33:27.827.820] [INFO  ] [Battery] SoC = 46%, Volt = +28.700V, Temp 32 
[2025-06-12 18:33:28.529.640] [INFO  ] [Controller] [Joints] FL: +51.024, +44.094, +54.488 ,FR: +52.756, +44.094, +49.291, HL: 61.417, +45.827, +64.882, HR: +68.346, +47.559, +68.346 Max HR-HipX = +68.346 Min FL-HipY = +44.094 
[2025-06-12 18:33:28.621.098] [WARN  ] [CPU] Cpu temperature -2091312540 cpu  
[2025-06-12 18:33:30.621.303] [WARN  ] [CPU] Cpu temperature -2091312540 cpu  
[2025-06-12 18:33:31.029.641] [INFO  ] [Controller] [Joints] FL: +52.756, +44.094, +54.488 ,FR: +52.756, +44.094, +49.291, HL: 61.417, +45.827, +64.882, HR: +68.346, +47.559, +68.346 Max HR-HipX = +68.346 Min FL-HipY = +44.094 
[2025-06-12 18:33:31.667.048] [INFO  ] [TVMPC] [trot]STOP!!! 
[2025-06-12 18:33:31.667.623] [INFO  ] [BasicMotion] Switching to force control mode, please wait... 
[2025-06-12 18:33:32.621.474] [WARN  ] [CPU] Cpu temperature -2091312540 cpu  
[2025-06-12 18:33:32.824.502] [INFO  ] [Battery] SoC = 46%, Volt = +28.800V, Temp 32 
[2025-06-12 18:33:33.529.647] [INFO  ] [Controller] [Joints] FL: +52.756, +44.094, +54.488 ,FR: +52.756, +44.094, +49.291, HL: 61.417, +45.827, +66.614, HR: +68.346, +47.559, +68.346 Max HR-HipX = +68.346 Min FL-HipY = +44.094 
[2025-06-12 18:33:34.621.678] [WARN  ] [CPU] Cpu temperature -2091312540 cpu  
[2025-06-12 18:33:36.029.645] [INFO  ] [Controller] [Joints] FL: +52.756, +44.094, +54.488 ,FR: +52.756, +44.094, +49.291, HL: 61.417, +45.827, +66.614, HR: +66.614, +47.559, +68.346 Max HR-Knee = +68.346 Min FL-HipY = +44.094 
[2025-06-12 18:33:36.621.839] [WARN  ] [CPU] Cpu temperature -2091312540 cpu  
[2025-06-12 18:33:37.821.190] [INFO  ] [Battery] SoC = 46%, Volt = +28.800V, Temp 32 
[2025-06-12 18:33:38.529.643] [INFO  ] [Controller] [Joints] FL: +52.756, +44.094, +54.488 ,FR: +52.756, +44.094, +49.291, HL: 61.417, +45.827, +64.882, HR: +66.614, +47.559, +68.346 Max HR-Knee = +68.346 Min FL-HipY = +44.094 
[2025-06-12 18:33:38.622.015] [WARN  ] [CPU] Cpu temperature -2091312540 cpu  
[2025-06-12 18:33:40.622.202] [WARN  ] [CPU] Cpu temperature -2091312540 cpu  
[2025-06-12 18:33:41.029.644] [INFO  ] [Controller] [Joints] FL: +52.756, +44.094, +52.756 ,FR: +52.756, +44.094, +49.291, HL: 61.417, +45.827, +64.882, HR: +66.614, +47.559, +68.346 Max HR-Knee = +68.346 Min FL-HipY = +44.094 
[2025-06-12 18:33:42.622.379] [WARN  ] [CPU] Cpu temperature -2091312540 cpu  
[2025-06-12 18:33:42.817.930] [INFO  ] [Battery] SoC = 46%, Volt = +28.800V, Temp 32 
[2025-06-12 18:33:43.529.647] [INFO  ] [Controller] [Joints] FL: +52.756, +44.094, +52.756 ,FR: +51.024, +42.362, +49.291, HL: 61.417, +45.827, +64.882, HR: +64.882, +47.559, +66.614 Max HR-Knee = +66.614 Min FR-HipY = +42.362 
[2025-06-12 18:33:44.622.566] [WARN  ] [CPU] Cpu temperature -2091312540 cpu  
[2025-06-12 18:33:46.029.648] [INFO  ] [Controller] [Joints] FL: +52.756, +44.094, +52.756 ,FR: +51.024, +42.362, +49.291, HL: 61.417, +45.827, +64.882, HR: +64.882, +47.559, +66.614 Max HR-Knee = +66.614 Min FR-HipY = +42.362 
[2025-06-12 18:33:46.622.738] [WARN  ] [CPU] Cpu temperature -2091312540 cpu  
[2025-06-12 18:33:47.814.655] [INFO  ] [Battery] SoC = 46%, Volt = +28.800V, Temp 32 
[2025-06-12 18:33:48.529.648] [INFO  ] [Controller] [Joints] FL: +52.756, +44.094, +52.756 ,FR: +51.024, +42.362, +49.291, HL: 61.417, +45.827, +64.882, HR: +64.882, +47.559, +64.882 Max HL-Knee = +64.882 Min FR-HipY = +42.362 
[2025-06-12 18:33:48.622.911] [WARN  ] [CPU] Cpu temperature -2091312540 cpu  
[2025-06-12 18:33:50.623.079] [WARN  ] [CPU] Cpu temperature -2091312540 cpu  
[2025-06-12 18:33:51.029.647] [INFO  ] [Controller] [Joints] FL: +52.756, +44.094, +52.756 ,FR: +51.024, +42.362, +49.291, HL: 61.417, +45.827, +64.882, HR: +64.882, +45.827, +64.882 Max HL-Knee = +64.882 Min FR-HipY = +42.362 
[2025-06-12 18:33:52.623.260] [WARN  ] [CPU] Cpu temperature -2091312540 cpu  
[2025-06-12 18:33:52.811.463] [INFO  ] [Battery] SoC = 46%, Volt = +28.800V, Temp 32 
[2025-06-12 18:33:53.529.646] [INFO  ] [Controller] [Joints] FL: +52.756, +44.094, +52.756 ,FR: +51.024, +42.362, +49.291, HL: 61.417, +45.827, +66.614, HR: +64.882, +45.827, +64.882 Max HL-Knee = +66.614 Min FR-HipY = +42.362 
[2025-06-12 18:33:54.623.430] [WARN  ] [CPU] Cpu temperature -2091312540 cpu  
[2025-06-12 18:33:56.029.648] [INFO  ] [Controller] [Joints] FL: +52.756, +44.094, +54.488 ,FR: +51.024, +42.362, +49.291, HL: 61.417, +45.827, +66.614, HR: +63.150, +45.827, +64.882 Max HL-Knee = +66.614 Min FR-HipY = +42.362 
[2025-06-12 18:33:56.623.604] [WARN  ] [CPU] Cpu temperature -2091312540 cpu  
[2025-06-12 18:33:57.808.239] [INFO  ] [Battery] SoC = 45%, Volt = +28.800V, Temp 33 
[2025-06-12 18:33:58.529.648] [INFO  ] [Controller] [Joints] FL: +52.756, +44.094, +54.488 ,FR: +51.024, +42.362, +49.291, HL: 61.417, +45.827, +66.614, HR: +63.150, +45.827, +63.150 Max HL-Knee = +66.614 Min FR-HipY = +42.362 
[2025-06-12 18:33:58.623.775] [WARN  ] [CPU] Cpu temperature -2091312540 cpu  
[2025-06-12 18:34:00.623.931] [WARN  ] [CPU] Cpu temperature -2091312540 cpu  
[2025-06-12 18:34:01.029.644] [INFO  ] [Controller] [Joints] FL: +52.756, +44.094, +54.488 ,FR: +49.291, +42.362, +49.291, HL: 61.417, +45.827, +66.614, HR: +63.150, +45.827, +63.150 Max HL-Knee = +66.614 Min FR-HipY = +42.362 
[2025-06-12 18:34:02.624.092] [WARN  ] [CPU] Cpu temperature -2091312540 cpu  
[2025-06-12 18:34:02.805.132] [INFO  ] [Battery] SoC = 45%, Volt = +28.800V, Temp 33 
[2025-06-12 18:34:03.529.645] [INFO  ] [Controller] [Joints] FL: +52.756, +44.094, +54.488 ,FR: +49.291, +42.362, +51.024, HL: 61.417, +45.827, +66.614, HR: +63.150, +45.827, +63.150 Max HL-Knee = +66.614 Min FR-HipY = +42.362 
[2025-06-12 18:34:04.624.240] [WARN  ] [CPU] Cpu temperature -2091312540 cpu  
[2025-06-12 18:34:06.029.646] [INFO  ] [Controller] [Joints] FL: +52.756, +44.094, +54.488 ,FR: +49.291, +42.362, +51.024, HL: 61.417, +45.827, +66.614, HR: +63.150, +45.827, +63.150 Max HL-Knee = +66.614 Min FR-HipY = +42.362 
[2025-06-12 18:34:06.624.402] [WARN  ] [CPU] Cpu temperature -2091312540 cpu  
[2025-06-12 18:34:07.802.009] [INFO  ] [Battery] SoC = 45%, Volt = +28.800V, Temp 32 
[2025-06-12 18:34:08.529.647] [INFO  ] [Controller] [Joints] FL: +52.756, +44.094, +54.488 ,FR: +49.291, +42.362, +51.024, HL: 61.417, +45.827, +68.346, HR: +63.150, +45.827, +61.417 Max HL-Knee = +68.346 Min FR-HipY = +42.362 
[2025-06-12 18:34:08.624.621] [WARN  ] [CPU] Cpu temperature -2091312540 cpu  
[2025-06-12 18:34:10.624.805] [WARN  ] [CPU] Cpu temperature -2091312540 cpu  
[2025-06-12 18:34:11.029.645] [INFO  ] [Controller] [Joints] FL: +52.756, +44.094, +54.488 ,FR: +49.291, +42.362, +51.024, HL: 61.417, +45.827, +68.346, HR: +63.150, +45.827, +61.417 Max HL-Knee = +68.346 Min FR-HipY = +42.362 
[2025-06-12 18:34:12.624.977] [WARN  ] [CPU] Cpu temperature -2091312540 cpu  
[2025-06-12 18:34:12.798.848] [INFO  ] [Battery] SoC = 45%, Volt = +28.800V, Temp 33 
[2025-06-12 18:34:13.529.648] [INFO  ] [Controller] [Joints] FL: +52.756, +44.094, +52.756 ,FR: +49.291, +42.362, +49.291, HL: 61.417, +45.827, +68.346, HR: +63.150, +45.827, +61.417 Max HL-Knee = +68.346 Min FR-HipY = +42.362 
[2025-06-12 18:34:14.625.167] [WARN  ] [CPU] Cpu temperature -2091312540 cpu  
[2025-06-12 18:34:16.029.647] [INFO  ] [Controller] [Joints] FL: +52.756, +44.094, +52.756 ,FR: +49.291, +42.362, +49.291, HL: 61.417, +45.827, +68.346, HR: +63.150, +45.827, +61.417 Max HL-Knee = +68.346 Min FR-HipY = +42.362 
[2025-06-12 18:34:16.625.339] [WARN  ] [CPU] Cpu temperature -2091312540 cpu  
[2025-06-12 18:34:17.795.680] [INFO  ] [Battery] SoC = 45%, Volt = +28.800V, Temp 33 
[2025-06-12 18:34:18.529.647] [INFO  ] [Controller] [Joints] FL: +52.756, +44.094, +52.756 ,FR: +49.291, +42.362, +49.291, HL: 61.417, +45.827, +68.346, HR: +63.150, +45.827, +61.417 Max HL-Knee = +68.346 Min FR-HipY = +42.362 
[2025-06-12 18:34:18.625.513] [WARN  ] [CPU] Cpu temperature -2091312540 cpu  
[2025-06-12 18:34:20.625.689] [WARN  ] [CPU] Cpu temperature -2091312540 cpu  
[2025-06-12 18:34:21.029.648] [INFO  ] [Controller] [Joints] FL: +52.756, +44.094, +52.756 ,FR: +49.291, +42.362, +49.291, HL: 61.417, +45.827, +70.079, HR: +63.150, +45.827, +61.417 Max HL-Knee = +70.079 Min FR-HipY = +42.362 
[2025-06-12 18:34:22.625.866] [WARN  ] [CPU] Cpu temperature -2091312540 cpu  
[2025-06-12 18:34:22.792.429] [INFO  ] [Battery] SoC = 45%, Volt = +28.800V, Temp 33 
[2025-06-12 18:34:23.529.646] [INFO  ] [Controller] [Joints] FL: +52.756, +44.094, +52.756 ,FR: +49.291, +42.362, +49.291, HL: 61.417, +45.827, +70.079, HR: +63.150, +45.827, +61.417 Max HL-Knee = +70.079 Min FR-HipY = +42.362 
[2025-06-12 18:34:24.626.042] [WARN  ] [CPU] Cpu temperature -2091312540 cpu  
[2025-06-12 18:34:26.029.647] [INFO  ] [Controller] [Joints] FL: +52.756, +44.094, +51.024 ,FR: +49.291, +42.362, +49.291, HL: 63.150, +45.827, +70.079, HR: +63.150, +45.827, +61.417 Max HL-Knee = +70.079 Min FR-HipY = +42.362 
[2025-06-12 18:34:26.626.214] [WARN  ] [CPU] Cpu temperature -2091312540 cpu  
[2025-06-12 18:34:27.789.151] [INFO  ] [Battery] SoC = 45%, Volt = +28.800V, Temp 33 
[2025-06-12 18:34:28.529.647] [INFO  ] [Controller] [Joints] FL: +52.756, +44.094, +51.024 ,FR: +49.291, +42.362, +49.291, HL: 63.150, +45.827, +70.079, HR: +63.150, +45.827, +61.417 Max HL-Knee = +70.079 Min FR-HipY = +42.362 
[2025-06-12 18:34:28.626.389] [WARN  ] [CPU] Cpu temperature -2091312540 cpu  
[2025-06-12 18:34:30.626.564] [WARN  ] [CPU] Cpu temperature -2091312540 cpu  
[2025-06-12 18:34:31.029.646] [INFO  ] [Controller] [Joints] FL: +52.756, +44.094, +51.024 ,FR: +49.291, +42.362, +49.291, HL: 63.150, +45.827, +70.079, HR: +63.150, +45.827, +61.417 Max HL-Knee = +70.079 Min FR-HipY = +42.362 
[2025-06-12 18:34:32.626.721] [WARN  ] [CPU] Cpu temperature -2091312540 cpu  
[2025-06-12 18:34:32.785.789] [INFO  ] [Battery] SoC = 45%, Volt = +28.800V, Temp 33 
[2025-06-12 18:34:33.529.647] [INFO  ] [Controller] [Joints] FL: +52.756, +44.094, +51.024 ,FR: +49.291, +42.362, +49.291, HL: 63.150, +45.827, +70.079, HR: +63.150, +45.827, +61.417 Max HL-Knee = +70.079 Min FR-HipY = +42.362 
[2025-06-12 18:34:34.626.882] [WARN  ] [CPU] Cpu temperature -2091312540 cpu  
[2025-06-12 18:34:36.029.644] [INFO  ] [Controller] [Joints] FL: +52.756, +44.094, +51.024 ,FR: +47.559, +42.362, +49.291, HL: 63.150, +45.827, +71.811, HR: +63.150, +45.827, +61.417 Max HL-Knee = +71.811 Min FR-HipY = +42.362 
[2025-06-12 18:34:36.627.074] [WARN  ] [CPU] Cpu temperature -2091312540 cpu  
[2025-06-12 18:34:37.782.525] [INFO  ] [Battery] SoC = 45%, Volt = +28.800V, Temp 33 
[2025-06-12 18:34:38.529.648] [INFO  ] [Controller] [Joints] FL: +52.756, +44.094, +51.024 ,FR: +47.559, +42.362, +49.291, HL: 63.150, +45.827, +71.811, HR: +63.150, +45.827, +61.417 Max HL-Knee = +71.811 Min FR-HipY = +42.362 
[2025-06-12 18:34:38.627.251] [WARN  ] [CPU] Cpu temperature -2091312540 cpu  
[2025-06-12 18:34:40.627.431] [WARN  ] [CPU] Cpu temperature -2091312540 cpu  
[2025-06-12 18:34:41.029.646] [INFO  ] [Controller] [Joints] FL: +52.756, +44.094, +51.024 ,FR: +47.559, +42.362, +49.291, HL: 63.150, +45.827, +71.811, HR: +63.150, +45.827, +59.685 Max HL-Knee = +71.811 Min FR-HipY = +42.362 
[2025-06-12 18:34:42.627.598] [WARN  ] [CPU] Cpu temperature -2091312540 cpu  
[2025-06-12 18:34:42.779.253] [INFO  ] [Battery] SoC = 45%, Volt = +28.700V, Temp 33 
[2025-06-12 18:34:43.529.646] [INFO  ] [Controller] [Joints] FL: +52.756, +44.094, +51.024 ,FR: +47.559, +42.362, +49.291, HL: 63.150, +45.827, +71.811, HR: +63.150, +45.827, +59.685 Max HL-Knee = +71.811 Min FR-HipY = +42.362 
[2025-06-12 18:34:44.627.765] [WARN  ] [CPU] Cpu temperature -2091312540 cpu  
[2025-06-12 18:34:46.029.647] [INFO  ] [Controller] [Joints] FL: +52.756, +44.094, +51.024 ,FR: +47.559, +42.362, +49.291, HL: 63.150, +45.827, +71.811, HR: +63.150, +45.827, +59.685 Max HL-Knee = +71.811 Min FR-HipY = +42.362 
[2025-06-12 18:34:46.627.934] [WARN  ] [CPU] Cpu temperature -2091312540 cpu  
[2025-06-12 18:34:47.775.944] [INFO  ] [Battery] SoC = 45%, Volt = +28.700V, Temp 33 
[2025-06-12 18:34:48.529.648] [INFO  ] [Controller] [Joints] FL: +51.024, +44.094, +51.024 ,FR: +47.559, +42.362, +49.291, HL: 63.150, +45.827, +71.811, HR: +63.150, +45.827, +59.685 Max HL-Knee = +71.811 Min FR-HipY = +42.362 
[2025-06-12 18:34:48.628.097] [WARN  ] [CPU] Cpu temperature -2091312540 cpu  
[2025-06-12 18:34:49.382.637] [NOTICE] [basicmethod] [Soft Emergency Pressed!!!] 
[2025-06-12 18:34:49.382.701] [WARN  ] [BasicMotion] actual_robot_state_->is_robot_lose_control = 1, control_commands_.is_robot_can_continue_work = 1 
[2025-06-12 18:34:49.382.707] [WARN  ] [BasicMotion] [Warning3] Robot is lose control, Switch to position control mode, wait a moment to press [STAND UP BUTTON] to let robot lose power!!! 
[2025-06-12 18:34:50.628.266] [WARN  ] [CPU] Cpu temperature -2091312540 cpu  
[2025-06-12 18:34:51.029.649] [INFO  ] [Controller] [Joints] FL: +51.024, +44.094, +49.291 ,FR: +47.559, +42.362, +49.291, HL: 63.150, +45.827, +71.811, HR: +63.150, +45.827, +59.685 Max HL-Knee = +71.811 Min FR-HipY = +42.362 
[2025-06-12 18:34:52.628.455] [WARN  ] [CPU] Cpu temperature -2091312540 cpu  
[2025-06-12 18:34:52.772.698] [INFO  ] [Battery] SoC = 45%, Volt = +28.900V, Temp 33 
[2025-06-12 18:34:52.883.633] [WARN  ] [BasicMotion] Robot is lose power, wait a moment to press [STAND UP BUTTON] to recover the posture!!! 
[2025-06-12 18:34:53.529.647] [INFO  ] [Controller] [Joints] FL: +51.024, +44.094, +49.291 ,FR: +47.559, +42.362, +49.291, HL: 61.417, +45.827, +71.811, HR: +63.150, +45.827, +59.685 Max HL-Knee = +71.811 Min FR-HipY = +42.362 
[2025-06-12 18:34:54.628.622] [WARN  ] [CPU] Cpu temperature -2091312540 cpu  
[2025-06-12 18:34:54.884.631] [INFO  ] [BasicMotion] Robot is waitting to stand up!!! 
[2025-06-12 18:34:56.029.648] [INFO  ] [Controller] [Joints] FL: +51.024, +42.362, +49.291 ,FR: +47.559, +42.362, +49.291, HL: 61.417, +45.827, +70.079, HR: +63.150, +45.827, +59.685 Max HL-Knee = +70.079 Min FL-HipY = +42.362 
[2025-06-12 18:34:56.628.807] [WARN  ] [CPU] Cpu temperature -2091312540 cpu  
[2025-06-12 18:34:57.769.454] [INFO  ] [Battery] SoC = 45%, Volt = +28.900V, Temp 33 
[2025-06-12 18:34:58.529.646] [INFO  ] [Controller] [Joints] FL: +51.024, +42.362, +49.291 ,FR: +47.559, +42.362, +47.559, HL: 61.417, +45.827, +70.079, HR: +61.417, +45.827, +59.685 Max HL-Knee = +70.079 Min FL-HipY = +42.362 
[2025-06-12 18:34:58.628.967] [WARN  ] [CPU] Cpu temperature -2091312540 cpu  
[2025-06-12 18:35:00.629.134] [WARN  ] [CPU] Cpu temperature -2091312540 cpu  
[2025-06-12 18:35:01.029.644] [INFO  ] [Controller] [Joints] FL: +51.024, +42.362, +49.291 ,FR: +47.559, +42.362, +47.559, HL: 59.685, +45.827, +68.346, HR: +61.417, +45.827, +59.685 Max HL-Knee = +68.346 Min FL-HipY = +42.362 
[2025-06-12 18:35:02.629.280] [WARN  ] [CPU] Cpu temperature -2091312540 cpu  
[2025-06-12 18:35:02.766.251] [INFO  ] [Battery] SoC = 45%, Volt = +28.900V, Temp 33 
[2025-06-12 18:35:03.529.644] [INFO  ] [Controller] [Joints] FL: +51.024, +42.362, +49.291 ,FR: +47.559, +42.362, +47.559, HL: 59.685, +45.827, +66.614, HR: +61.417, +45.827, +59.685 Max HL-Knee = +66.614 Min FL-HipY = +42.362 
[2025-06-12 18:35:04.629.425] [WARN  ] [CPU] Cpu temperature -2091312540 cpu  
[2025-06-12 18:35:06.029.647] [INFO  ] [Controller] [Joints] FL: +51.024, +42.362, +47.559 ,FR: +47.559, +42.362, +47.559, HL: 59.685, +45.827, +66.614, HR: +59.685, +45.827, +57.953 Max HL-Knee = +66.614 Min FL-HipY = +42.362 
[2025-06-12 18:35:06.629.590] [WARN  ] [CPU] Cpu temperature -2091312540 cpu  
[2025-06-12 18:35:07.762.988] [INFO  ] [Battery] SoC = 44%, Volt = +28.900V, Temp 33 
[2025-06-12 18:35:08.529.646] [INFO  ] [Controller] [Joints] FL: +51.024, +42.362, +47.559 ,FR: +47.559, +42.362, +47.559, HL: 57.953, +45.827, +64.882, HR: +59.685, +45.827, +57.953 Max HL-Knee = +64.882 Min FL-HipY = +42.362 
[2025-06-12 18:35:08.629.751] [WARN  ] [CPU] Cpu temperature -2091312540 cpu  
[2025-06-12 18:35:10.629.911] [WARN  ] [CPU] Cpu temperature -2091312540 cpu  
[2025-06-12 18:35:11.029.644] [INFO  ] [Controller] [Joints] FL: +49.291, +42.362, +47.559 ,FR: +47.559, +42.362, +47.559, HL: 57.953, +45.827, +63.150, HR: +59.685, +45.827, +57.953 Max HL-Knee = +63.150 Min FL-HipY = +42.362 
[2025-06-12 18:35:12.630.076] [WARN  ] [CPU] Cpu temperature -2091312540 cpu  
[2025-06-12 18:35:12.759.654] [INFO  ] [Battery] SoC = 44%, Volt = +28.900V, Temp 33 
[2025-06-12 18:35:13.530.645] [INFO  ] [Controller] [Joints] FL: +49.291, +42.362, +47.559 ,FR: +47.559, +42.362, +45.827, HL: 57.953, +45.827, +63.150, HR: +59.685, +45.827, +57.953 Max HL-Knee = +63.150 Min FL-HipY = +42.362 
[2025-06-12 18:35:14.630.277] [WARN  ] [CPU] Cpu temperature -2091312540 cpu  
[2025-06-12 18:35:16.030.647] [INFO  ] [Controller] [Joints] FL: +49.291, +42.362, +47.559 ,FR: +47.559, +42.362, +45.827, HL: 57.953, +45.827, +61.417, HR: +57.953, +45.827, +57.953 Max HL-Knee = +61.417 Min FL-HipY = +42.362 
[2025-06-12 18:35:16.630.444] [WARN  ] [CPU] Cpu temperature -2091312540 cpu  
[2025-06-12 18:35:17.756.314] [INFO  ] [Battery] SoC = 44%, Volt = +28.900V, Temp 33 
[2025-06-12 18:35:18.530.645] [INFO  ] [Controller] [Joints] FL: +49.291, +42.362, +47.559 ,FR: +47.559, +42.362, +45.827, HL: 56.220, +45.827, +61.417, HR: +57.953, +45.827, +57.953 Max HL-Knee = +61.417 Min FL-HipY = +42.362 
[2025-06-12 18:35:18.630.616] [WARN  ] [CPU] Cpu temperature -2091312540 cpu  
[2025-06-12 18:35:20.630.785] [WARN  ] [CPU] Cpu temperature -2091312540 cpu  
[2025-06-12 18:35:21.030.646] [INFO  ] [Controller] [Joints] FL: +49.291, +42.362, +47.559 ,FR: +47.559, +42.362, +45.827, HL: 56.220, +45.827, +61.417, HR: +57.953, +45.827, +57.953 Max HL-Knee = +61.417 Min FL-HipY = +42.362 
[2025-06-12 18:35:22.630.951] [WARN  ] [CPU] Cpu temperature -2091312540 cpu  
[2025-06-12 18:35:22.753.011] [INFO  ] [Battery] SoC = 44%, Volt = +28.900V, Temp 33 
[2025-06-12 18:35:23.530.646] [INFO  ] [Controller] [Joints] FL: +49.291, +42.362, +45.827 ,FR: +47.559, +42.362, +45.827, HL: 56.220, +45.827, +59.685, HR: +57.953, +45.827, +57.953 Max HL-Knee = +59.685 Min FL-HipY = +42.362 
[2025-06-12 18:35:24.631.117] [WARN  ] [CPU] Cpu temperature -2091312540 cpu  
[2025-06-12 18:35:26.030.646] [INFO  ] [Controller] [Joints] FL: +49.291, +42.362, +45.827 ,FR: +47.559, +42.362, +45.827, HL: 56.220, +45.827, +59.685, HR: +57.953, +45.827, +56.220 Max HL-Knee = +59.685 Min FL-HipY = +42.362 
[2025-06-12 18:35:26.631.282] [WARN  ] [CPU] Cpu temperature -2091312540 cpu  
[2025-06-12 18:35:27.749.730] [INFO  ] [Battery] SoC = 44%, Volt = +28.900V, Temp 33 
[2025-06-12 18:35:27.884.629] [INFO  ] [Controller] stand_cmd.... 
[2025-06-12 18:35:27.884.671] [INFO  ] [BasicMotion] Standing up, please wait... 
[2025-06-12 18:35:28.530.646] [INFO  ] [Controller] [Joints] FL: +49.291, +42.362, +45.827 ,FR: +47.559, +42.362, +45.827, HL: 56.220, +45.827, +59.685, HR: +57.953, +45.827, +56.220 Max HL-Knee = +59.685 Min FL-HipY = +42.362 
[2025-06-12 18:35:28.631.447] [WARN  ] [CPU] Cpu temperature -2091312540 cpu  
[2025-06-12 18:35:29.885.638] [INFO  ] [BasicMotion] Stand up action has finished, waitting to switch to force control mode! 
[2025-06-12 18:35:29.885.674] [INFO  ] [BasicMotion] Switching to force control mode, please wait... 
[2025-06-12 18:35:30.631.619] [WARN  ] [CPU] Cpu temperature -2091312540 cpu  
[2025-06-12 18:35:31.030.646] [INFO  ] [Controller] [Joints] FL: +49.291, +42.362, +45.827 ,FR: +47.559, +42.362, +44.094, HL: 56.220, +45.827, +57.953, HR: +57.953, +45.827, +57.953 Max HL-Knee = +57.953 Min FL-HipY = +42.362 
[2025-06-12 18:35:32.631.769] [WARN  ] [CPU] Cpu temperature -2091312540 cpu  
[2025-06-12 18:35:32.746.542] [INFO  ] [Battery] SoC = 44%, Volt = +28.700V, Temp 33 
[2025-06-12 18:35:33.217.655] [INFO  ] [TVMPC] JY is Moving... (tvmpc),  time: 3708.098339 
[2025-06-12 18:35:33.530.638] [INFO  ] [Controller] [Joints] FL: +49.291, +42.362, +45.827 ,FR: +47.559, +42.362, +45.827, HL: 56.220, +45.827, +57.953, HR: +57.953, +45.827, +57.953 Max HL-Knee = +57.953 Min FL-HipY = +42.362 
[2025-06-12 18:35:34.631.979] [WARN  ] [CPU] Cpu temperature -2091312540 cpu  
[2025-06-12 18:35:36.030.644] [INFO  ] [Controller] [Joints] FL: +49.291, +42.362, +45.827 ,FR: +47.559, +42.362, +45.827, HL: 57.953, +45.827, +59.685, HR: +57.953, +45.827, +57.953 Max HL-Knee = +59.685 Min FL-HipY = +42.362 
[2025-06-12 18:35:36.632.198] [WARN  ] [CPU] Cpu temperature -2091312540 cpu  
[2025-06-12 18:35:37.743.379] [INFO  ] [Battery] SoC = 44%, Volt = +28.700V, Temp 33 
[2025-06-12 18:35:38.530.644] [INFO  ] [Controller] [Joints] FL: +49.291, +42.362, +47.559 ,FR: +49.291, +42.362, +45.827, HL: 57.953, +45.827, +59.685, HR: +57.953, +45.827, +59.685 Max HL-Knee = +59.685 Min FL-HipY = +42.362 
[2025-06-12 18:35:38.632.363] [WARN  ] [CPU] Cpu temperature -2091312540 cpu  
[2025-06-12 18:35:40.632.583] [WARN  ] [CPU] Cpu temperature -2091312540 cpu  
[2025-06-12 18:35:41.030.639] [INFO  ] [Controller] [Joints] FL: +49.291, +42.362, +47.559 ,FR: +49.291, +42.362, +45.827, HL: 57.953, +45.827, +59.685, HR: +57.953, +45.827, +59.685 Max HL-Knee = +59.685 Min FL-HipY = +42.362 
[2025-06-12 18:35:42.632.760] [WARN  ] [CPU] Cpu temperature -2091312540 cpu  
[2025-06-12 18:35:42.740.199] [INFO  ] [Battery] SoC = 44%, Volt = +28.500V, Temp 33 
[2025-06-12 18:35:43.530.642] [INFO  ] [Controller] [Joints] FL: +51.024, +42.362, +47.559 ,FR: +49.291, +42.362, +45.827, HL: 57.953, +45.827, +59.685, HR: +57.953, +45.827, +61.417 Max HR-Knee = +61.417 Min FL-HipY = +42.362 
[2025-06-12 18:35:44.468.039] [INFO  ] [TVMPC] [trot]STOP!!! 
[2025-06-12 18:35:44.468.623] [INFO  ] [BasicMotion] Switching to force control mode, please wait... 
[2025-06-12 18:35:44.632.934] [WARN  ] [CPU] Cpu temperature -2091312540 cpu  
[2025-06-12 18:35:44.774.629] [INFO  ] [Controller] stand_cmd.... 
[2025-06-12 18:35:45.469.658] [INFO  ] [BasicMotion] Standing down, please wait... 
[2025-06-12 18:35:46.030.647] [INFO  ] [Controller] [Joints] FL: +51.024, +42.362, +47.559 ,FR: +49.291, +42.362, +45.827, HL: 57.953, +45.827, +61.417, HR: +57.953, +45.827, +61.417 Max HL-Knee = +61.417 Min FL-HipY = +42.362 
[2025-06-12 18:35:46.633.106] [WARN  ] [CPU] Cpu temperature -2091312540 cpu  
[2025-06-12 18:35:47.736.931] [INFO  ] [Battery] SoC = 44%, Volt = +28.800V, Temp 33 
