[2025-06-10 08:49:12.119.319] [INFO  ] [Deeprcs] Robot ID: JY-S5-200 
[2025-06-10 08:49:12.119.382] [INFO  ] [Deeprcs] Robot Version: standard 
[2025-06-10 08:49:12.119.386] [INFO  ] [Deeprcs] DeepRCS is working 
[2025-06-10 08:49:12.119.395] [INFO  ] [Deeprcs] Deeprcs Version: 2.0.153(153) 
[2025-06-10 08:49:12.119.397] [INFO  ] [Deeprcs] DeepROS Version: 0.2.24(39) 
[2025-06-10 08:49:12.119.399] [INFO  ] [Deeprcs] DeepRAS Version: 4.1.7(166) 
[2025-06-10 08:49:12.215.777] [INFO  ] [RT-CAN] Hello, CAN Receive 
[2025-06-10 08:49:12.215.777] [INFO  ] [Motor] Hello, CAN Send 
[2025-06-10 08:49:12.215.985] [INFO  ] [CPU] Hello, CPU Monitor 
[2025-06-10 08:49:12.216.017] [INFO  ] [MpvVoice] Hello, MpvVoice 
[2025-06-10 08:49:12.216.028] [INFO  ] [UltrasonicSensor] Hello, Ultrasonic sensor 
[2025-06-10 08:49:12.216.068] [INFO  ] [Controller] Hello, MPC Controller 
[2025-06-10 08:49:12.216.199] [INFO  ] [Battery] Hello, Battery BMS 
[2025-06-10 08:49:12.219.596] [INFO  ] [RT-CAN] Set motor timeout threshold = 200 ms
 
[2025-06-10 08:49:13.216.118] [INFO  ] [Deeprcs] Algorithm is start 
[2025-06-10 08:49:13.222.640] [INFO  ] [Controller] !!!Origin_jumplong_left_bias = +0.000 
[2025-06-10 08:49:13.222.706] [INFO  ] [basicmethod] 
******** Enable Status ********
Flip: 1
BackFlip: 1
SideFlip: 1
Greeting: 1
Jump: 1
Dance: 1
TurnOver: 1
******** Enable Status ********
 
[2025-06-10 08:49:13.222.728] [INFO  ] [basicmethod] 
******** Motion Config Setting ********
Forward Vel Offset: 0.000000
Side Vel Offset: 0.000000
is_Default_LIDAR: 0.000000
Load Mass: 0.000000
Load X Offset: 0.000000
Load Y Offset: 0.000000
Load Z Offset: 60.000000
Robot Backflip Hip Kp: 70.000000
Robot Backflip Knee Kp: 70.000000
Robot Sideflip Abed Kp: 70.000000
Robot Sideflip Hip Kp: 70.000000
Robot Sideflip Knee Kp: 60.000000
backflip_fl_knee_kp: 40.000000
kp_carpet_comp: 1.000000
backflip_hl_hip_kp_comp: 1.000000
backflip_hr_hip_kp_comp: 1.000000
frontflip_Rev_comp: 0.000000
jumplong_Rev_comp: 0.000000
jumplong_left_bias: 0.700000
policy_forward_kd: 0.900000
policy_backward_kd: 1.200000
policy_stand_kd: 0.000000
******** Motion Config Setting ********
 
[2025-06-10 08:49:13.494.944] [INFO  ] [Battery] SoC = 100%, Volt = +33.300V, Temp 26 
[2025-06-10 08:49:13.519.325] [INFO  ] [common policy] common policy CZ network check success 
[2025-06-10 08:49:13.519.392] [INFO  ] [common policy] 
name : common policy
path : ../policy/policy_waq_v7.11-5history-----.pt
dim  : 45, 5, 270, 12
dof  : 0.100000, -0.715000, 1.430000,
       -0.100000, -0.715000, 1.430000,
       0.100000, -0.715000, 1.430000,
       -0.100000, -0.715000, 1.430000,
kp   : 30.000000, 30.000000, 30.000000,
       30.000000, 30.000000, 30.000000,
       30.000000, 30.000000, 30.000000,
       30.000000, 30.000000, 30.000000,
kd   : 0.800000, 0.800000, 0.800000,
       0.800000, 0.800000, 0.800000,
       0.800000, 0.800000, 0.800000,
       0.800000, 0.800000, 0.800000,
limit: 20.000000, 20.000000, 30.000000,
       20.000000, 20.000000, 30.000000,
       20.000000, 20.000000, 30.000000,
       20.000000, 20.000000, 30.000000,
max_v: 1.200000, 0.800000, 1.500000,
scale: 0.250000, 0.250000, 0.050000,
       2.000000, 2.000000, 0.280000, 
[2025-06-10 08:49:13.574.843] [INFO  ] [forward student policy] net_path: ../config/policy/ 
[2025-06-10 08:49:13.574.931] [INFO  ] [forward student policy] stand_lpf: 0.770000 
[2025-06-10 08:49:13.574.977] [INFO  ] [forward student policy] forward_init_lpf: 0.790000 
[2025-06-10 08:49:13.574.989] [INFO  ] [forward student policy] forward_init_v: 0.600000 
[2025-06-10 08:49:13.575.002] [INFO  ] [forward student policy] forward_end_lpf: 0.766667 
[2025-06-10 08:49:13.575.015] [INFO  ] [forward student policy] forward_end_v: 2.500000 
[2025-06-10 08:49:13.575.030] [INFO  ] [forward student policy] jump_lpf: 0.766667 
[2025-06-10 08:49:13.575.041] [INFO  ] [forward student policy] flip_lpf: 0.766667 
[2025-06-10 08:49:13.575.049] [INFO  ] [forward student policy] uncertain: 0.000000 
[2025-06-10 08:49:13.575.060] [INFO  ] [forward student policy] v_acc: 0.075000 
[2025-06-10 08:49:13.575.067] [INFO  ] [forward student policy] w_acc: 0.200000 
[2025-06-10 08:49:13.575.095] [INFO  ] [forward student policy] stand_switch_time: 0.000000 
[2025-06-10 08:49:13.575.107] [INFO  ] [forward student policy] reflect_freq: 0.000000 
[2025-06-10 08:49:13.575.116] [INFO  ] [forward student policy] base_w_co: 0.800000 
[2025-06-10 08:49:13.575.143] [INFO  ] [forward student policy] max_y_range: 0.250000 
[2025-06-10 08:49:13.575.156] [INFO  ] [forward student policy] stand_max_y_range: 0.400000 
[2025-06-10 08:49:13.575.181] [INFO  ] [forward student policy] max_x_range: 0.150000 
[2025-06-10 08:49:13.575.187] [INFO  ] [forward student policy] target_power: 0.900000 
[2025-06-10 08:49:13.575.192] [INFO  ] [forward student policy] target_air_time: 0.900000 
[2025-06-10 08:49:13.575.198] [INFO  ] [forward student policy] forward_limit: 2.000000 
[2025-06-10 08:49:13.575.204] [INFO  ] [forward student policy] horizon_limit: 1.000000 
[2025-06-10 08:49:13.575.213] [INFO  ] [forward student policy] jump_max_v: 1.400000 
[2025-06-10 08:49:13.575.228] [INFO  ] [forward student policy] jump_max_w: 1.900000 
[2025-06-10 08:49:13.575.253] [INFO  ] [forward student policy] max_jump_time: 0.000000 
[2025-06-10 08:49:13.575.263] [INFO  ] [forward student policy] max_flip_time: 0.000000 
[2025-06-10 08:49:13.575.274] [INFO  ] [forward student policy] log_path: ../logs/ 
[2025-06-10 08:49:13.575.286] [INFO  ] [forward student policy] dataPath: ../config/data/ 
[2025-06-10 08:49:13.575.335] [INFO  ] [forward student policy] forward_joint_d_gain[0] = 0.600000  
[2025-06-10 08:49:13.575.337] [INFO  ] [forward student policy] forward_joint_d_gain[1] = 0.600000  
[2025-06-10 08:49:13.575.340] [INFO  ] [forward student policy] forward_joint_d_gain[2] = 0.600000  
[2025-06-10 08:49:13.575.364] [INFO  ] [forward student policy] maxVelCmd[0] = 3.400000 
[2025-06-10 08:49:13.575.386] [INFO  ] [forward student policy] maxVelCmd[1] = 1.600000 
[2025-06-10 08:49:13.575.389] [INFO  ] [forward student policy] maxVelCmd[2] = 4.500000 
[2025-06-10 08:49:13.575.405] [INFO  ] [forward student policy] height_range[0] = 0.280000 
[2025-06-10 08:49:13.575.406] [INFO  ] [forward student policy] height_range[1] = 0.360000 
[2025-06-10 08:49:13.653.019] [INFO  ] [forward student policy] forward student policy LSC network check success 
[2025-06-10 08:49:13.653.474] [INFO  ] [forward student policy] 
name : forward student policy
path : ../policy/forward_policy.pt
dim  : 45, 56, 2565, 12
dof  : 0.100000, -0.900000, 1.430000,
       -0.100000, -0.900000, 1.430000,
       0.100000, -0.900000, 1.430000,
       -0.100000, -0.900000, 1.430000,
kp   : 25.000000, 25.000000, 25.000000,
       25.000000, 25.000000, 25.000000,
       25.000000, 25.000000, 25.000000,
       25.000000, 25.000000, 25.000000,
kd   : 0.600000, 0.600000, 0.600000,
       0.600000, 0.600000, 0.600000,
       0.600000, 0.600000, 0.600000,
       0.600000, 0.600000, 0.600000,
limit: 50.000000, 50.000000, 50.000000,
       50.000000, 50.000000, 50.000000,
       50.000000, 50.000000, 50.000000,
       50.000000, 50.000000, 50.000000,
max_v: 2.500000, 2.500000, 2.000000,
scale: 0.250000, 0.250000, -14.779567,
       -7.415351, 0.436564, -11.587648, 
[2025-06-10 08:49:13.698.960] [INFO  ] [jump student policy] net_path: ../config/policy/ 
[2025-06-10 08:49:13.699.014] [INFO  ] [jump student policy] stand_lpf: 0.770000 
[2025-06-10 08:49:13.699.036] [INFO  ] [jump student policy] forward_init_lpf: 0.790000 
[2025-06-10 08:49:13.699.045] [INFO  ] [jump student policy] forward_init_v: 0.600000 
[2025-06-10 08:49:13.699.055] [INFO  ] [jump student policy] forward_end_lpf: 0.766667 
[2025-06-10 08:49:13.699.065] [INFO  ] [jump student policy] forward_end_v: 2.500000 
[2025-06-10 08:49:13.699.088] [INFO  ] [jump student policy] jump_lpf: 0.766667 
[2025-06-10 08:49:13.699.098] [INFO  ] [jump student policy] flip_lpf: 0.766667 
[2025-06-10 08:49:13.699.105] [INFO  ] [jump student policy] uncertain: 0.000000 
[2025-06-10 08:49:13.699.113] [INFO  ] [jump student policy] v_acc: 0.075000 
[2025-06-10 08:49:13.699.118] [INFO  ] [jump student policy] w_acc: 0.200000 
[2025-06-10 08:49:13.699.129] [INFO  ] [jump student policy] stand_switch_time: 0.000000 
[2025-06-10 08:49:13.699.137] [INFO  ] [jump student policy] reflect_freq: 0.000000 
[2025-06-10 08:49:13.699.143] [INFO  ] [jump student policy] base_w_co: 0.800000 
[2025-06-10 08:49:13.699.174] [INFO  ] [jump student policy] max_y_range: 0.250000 
[2025-06-10 08:49:13.699.182] [INFO  ] [jump student policy] stand_max_y_range: 0.400000 
[2025-06-10 08:49:13.699.189] [INFO  ] [jump student policy] max_x_range: 0.150000 
[2025-06-10 08:49:13.699.194] [INFO  ] [jump student policy] target_power: 0.900000 
[2025-06-10 08:49:13.699.198] [INFO  ] [jump student policy] target_air_time: 0.900000 
[2025-06-10 08:49:13.699.205] [INFO  ] [jump student policy] forward_limit: 2.000000 
[2025-06-10 08:49:13.699.211] [INFO  ] [jump student policy] horizon_limit: 1.000000 
[2025-06-10 08:49:13.699.219] [INFO  ] [jump student policy] jump_max_v: 1.400000 
[2025-06-10 08:49:13.699.228] [INFO  ] [jump student policy] jump_max_w: 1.900000 
[2025-06-10 08:49:13.699.250] [INFO  ] [jump student policy] max_jump_time: 0.000000 
[2025-06-10 08:49:13.699.259] [INFO  ] [jump student policy] max_flip_time: 0.000000 
[2025-06-10 08:49:13.699.270] [INFO  ] [jump student policy] log_path: ../logs/ 
[2025-06-10 08:49:13.699.280] [INFO  ] [jump student policy] dataPath: ../config/data/ 
[2025-06-10 08:49:13.699.305] [INFO  ] [jump student policy] forward_joint_d_gain[0] = 0.600000  
[2025-06-10 08:49:13.699.309] [INFO  ] [jump student policy] forward_joint_d_gain[1] = 0.600000  
[2025-06-10 08:49:13.699.311] [INFO  ] [jump student policy] forward_joint_d_gain[2] = 0.600000  
[2025-06-10 08:49:13.699.331] [INFO  ] [jump student policy] maxVelCmd[0] = 3.400000 
[2025-06-10 08:49:13.699.333] [INFO  ] [jump student policy] maxVelCmd[1] = 1.600000 
[2025-06-10 08:49:13.699.335] [INFO  ] [jump student policy] maxVelCmd[2] = 4.500000 
[2025-06-10 08:49:13.699.344] [INFO  ] [jump student policy] height_range[0] = 0.280000 
[2025-06-10 08:49:13.699.347] [INFO  ] [jump student policy] height_range[1] = 0.360000 
[2025-06-10 08:49:13.732.990] [INFO  ] [jump student policy] jump student policy jump network check success 
[2025-06-10 08:49:13.733.513] [INFO  ] [jump student policy] 
name : jump student policy
path : ../policy/jump_policy.pt
dim  : 45, 56, 2565, 12
dof  : 0.100000, -0.900000, 1.430000,
       -0.100000, -0.900000, 1.430000,
       0.100000, -0.900000, 1.430000,
       -0.100000, -0.900000, 1.430000,
kp   : 25.000000, 25.000000, 25.000000,
       25.000000, 25.000000, 25.000000,
       25.000000, 25.000000, 25.000000,
       25.000000, 25.000000, 25.000000,
kd   : 0.600000, 0.600000, 0.600000,
       0.600000, 0.600000, 0.600000,
       0.600000, 0.600000, 0.600000,
       0.600000, 0.600000, 0.600000,
limit: 50.000000, 50.000000, 50.000000,
       50.000000, 50.000000, 50.000000,
       50.000000, 50.000000, 50.000000,
       50.000000, 50.000000, 50.000000,
max_v: 2.500000, 2.500000, 2.000000,
scale: 0.250000, 0.250000, -0.000000,
       0.000000, -0.000000, 0.000000, 
[2025-06-10 08:49:13.779.879] [INFO  ] [flip student policy] net_path: ../config/policy/ 
[2025-06-10 08:49:13.779.934] [INFO  ] [flip student policy] stand_lpf: 0.770000 
[2025-06-10 08:49:13.779.954] [INFO  ] [flip student policy] forward_init_lpf: 0.790000 
[2025-06-10 08:49:13.779.962] [INFO  ] [flip student policy] forward_init_v: 0.600000 
[2025-06-10 08:49:13.779.971] [INFO  ] [flip student policy] forward_end_lpf: 0.766667 
[2025-06-10 08:49:13.779.980] [INFO  ] [flip student policy] forward_end_v: 2.500000 
[2025-06-10 08:49:13.779.991] [INFO  ] [flip student policy] jump_lpf: 0.766667 
[2025-06-10 08:49:13.780.000] [INFO  ] [flip student policy] flip_lpf: 0.766667 
[2025-06-10 08:49:13.780.007] [INFO  ] [flip student policy] uncertain: 0.000000 
[2025-06-10 08:49:13.780.013] [INFO  ] [flip student policy] v_acc: 0.075000 
[2025-06-10 08:49:13.780.018] [INFO  ] [flip student policy] w_acc: 0.200000 
[2025-06-10 08:49:13.780.028] [INFO  ] [flip student policy] stand_switch_time: 0.000000 
[2025-06-10 08:49:13.780.035] [INFO  ] [flip student policy] reflect_freq: 0.000000 
[2025-06-10 08:49:13.780.040] [INFO  ] [flip student policy] base_w_co: 0.800000 
[2025-06-10 08:49:13.780.064] [INFO  ] [flip student policy] max_y_range: 0.250000 
[2025-06-10 08:49:13.780.086] [INFO  ] [flip student policy] stand_max_y_range: 0.400000 
[2025-06-10 08:49:13.780.093] [INFO  ] [flip student policy] max_x_range: 0.150000 
[2025-06-10 08:49:13.780.098] [INFO  ] [flip student policy] target_power: 0.900000 
[2025-06-10 08:49:13.780.103] [INFO  ] [flip student policy] target_air_time: 0.900000 
[2025-06-10 08:49:13.780.109] [INFO  ] [flip student policy] forward_limit: 2.000000 
[2025-06-10 08:49:13.780.116] [INFO  ] [flip student policy] horizon_limit: 1.000000 
[2025-06-10 08:49:13.780.124] [INFO  ] [flip student policy] jump_max_v: 1.400000 
[2025-06-10 08:49:13.780.132] [INFO  ] [flip student policy] jump_max_w: 1.900000 
[2025-06-10 08:49:13.780.161] [INFO  ] [flip student policy] max_jump_time: 0.000000 
[2025-06-10 08:49:13.780.169] [INFO  ] [flip student policy] max_flip_time: 0.000000 
[2025-06-10 08:49:13.780.179] [INFO  ] [flip student policy] log_path: ../logs/ 
[2025-06-10 08:49:13.780.189] [INFO  ] [flip student policy] dataPath: ../config/data/ 
[2025-06-10 08:49:13.780.212] [INFO  ] [flip student policy] forward_joint_d_gain[0] = 0.600000  
[2025-06-10 08:49:13.780.214] [INFO  ] [flip student policy] forward_joint_d_gain[1] = 0.600000  
[2025-06-10 08:49:13.780.216] [INFO  ] [flip student policy] forward_joint_d_gain[2] = 0.600000  
[2025-06-10 08:49:13.780.234] [INFO  ] [flip student policy] maxVelCmd[0] = 3.400000 
[2025-06-10 08:49:13.780.236] [INFO  ] [flip student policy] maxVelCmd[1] = 1.600000 
[2025-06-10 08:49:13.780.238] [INFO  ] [flip student policy] maxVelCmd[2] = 4.500000 
[2025-06-10 08:49:13.780.247] [INFO  ] [flip student policy] height_range[0] = 0.280000 
[2025-06-10 08:49:13.780.249] [INFO  ] [flip student policy] height_range[1] = 0.360000 
[2025-06-10 08:49:13.810.484] [INFO  ] [flip student policy] flip student policy flip network check success 
[2025-06-10 08:49:13.810.927] [INFO  ] [flip student policy] 
name : flip student policy
path : ../policy/flip_policy.pt
dim  : 45, 56, 2565, 12
dof  : 0.100000, -0.900000, 1.430000,
       -0.100000, -0.900000, 1.430000,
       0.100000, -0.900000, 1.430000,
       -0.100000, -0.900000, 1.430000,
kp   : 25.000000, 25.000000, 25.000000,
       25.000000, 25.000000, 25.000000,
       25.000000, 25.000000, 25.000000,
       25.000000, 25.000000, 25.000000,
kd   : 0.600000, 0.600000, 0.600000,
       0.600000, 0.600000, 0.600000,
       0.600000, 0.600000, 0.600000,
       0.600000, 0.600000, 0.600000,
limit: 50.000000, 50.000000, 50.000000,
       50.000000, 50.000000, 50.000000,
       50.000000, 50.000000, 50.000000,
       50.000000, 50.000000, 50.000000,
max_v: 2.500000, 2.500000, 2.000000,
scale: 0.250000, 0.250000, -0.000000,
       0.000000, -0.000000, 0.000000, 
[2025-06-10 08:49:13.857.274] [INFO  ] [stand student policy] net_path: ../config/policy/ 
[2025-06-10 08:49:13.857.334] [INFO  ] [stand student policy] stand_lpf: 0.770000 
[2025-06-10 08:49:13.857.366] [INFO  ] [stand student policy] forward_init_lpf: 0.790000 
[2025-06-10 08:49:13.857.374] [INFO  ] [stand student policy] forward_init_v: 0.600000 
[2025-06-10 08:49:13.857.383] [INFO  ] [stand student policy] forward_end_lpf: 0.766667 
[2025-06-10 08:49:13.857.397] [INFO  ] [stand student policy] forward_end_v: 2.500000 
[2025-06-10 08:49:13.857.407] [INFO  ] [stand student policy] jump_lpf: 0.766667 
[2025-06-10 08:49:13.857.416] [INFO  ] [stand student policy] flip_lpf: 0.766667 
[2025-06-10 08:49:13.857.422] [INFO  ] [stand student policy] uncertain: 0.000000 
[2025-06-10 08:49:13.857.428] [INFO  ] [stand student policy] v_acc: 0.075000 
[2025-06-10 08:49:13.857.438] [INFO  ] [stand student policy] w_acc: 0.200000 
[2025-06-10 08:49:13.857.452] [INFO  ] [stand student policy] stand_switch_time: 0.000000 
[2025-06-10 08:49:13.857.460] [INFO  ] [stand student policy] reflect_freq: 0.000000 
[2025-06-10 08:49:13.857.469] [INFO  ] [stand student policy] base_w_co: 0.800000 
[2025-06-10 08:49:13.857.494] [INFO  ] [stand student policy] max_y_range: 0.250000 
[2025-06-10 08:49:13.857.502] [INFO  ] [stand student policy] stand_max_y_range: 0.400000 
[2025-06-10 08:49:13.857.508] [INFO  ] [stand student policy] max_x_range: 0.150000 
[2025-06-10 08:49:13.857.513] [INFO  ] [stand student policy] target_power: 0.900000 
[2025-06-10 08:49:13.857.519] [INFO  ] [stand student policy] target_air_time: 0.900000 
[2025-06-10 08:49:13.857.526] [INFO  ] [stand student policy] forward_limit: 2.000000 
[2025-06-10 08:49:13.857.532] [INFO  ] [stand student policy] horizon_limit: 1.000000 
[2025-06-10 08:49:13.857.540] [INFO  ] [stand student policy] jump_max_v: 1.400000 
[2025-06-10 08:49:13.857.552] [INFO  ] [stand student policy] jump_max_w: 1.900000 
[2025-06-10 08:49:13.857.583] [INFO  ] [stand student policy] max_jump_time: 0.000000 
[2025-06-10 08:49:13.857.592] [INFO  ] [stand student policy] max_flip_time: 0.000000 
[2025-06-10 08:49:13.857.603] [INFO  ] [stand student policy] log_path: ../logs/ 
[2025-06-10 08:49:13.857.613] [INFO  ] [stand student policy] dataPath: ../config/data/ 
[2025-06-10 08:49:13.857.641] [INFO  ] [stand student policy] forward_joint_d_gain[0] = 0.600000  
[2025-06-10 08:49:13.857.644] [INFO  ] [stand student policy] forward_joint_d_gain[1] = 0.600000  
[2025-06-10 08:49:13.857.646] [INFO  ] [stand student policy] forward_joint_d_gain[2] = 0.600000  
[2025-06-10 08:49:13.857.664] [INFO  ] [stand student policy] maxVelCmd[0] = 3.400000 
[2025-06-10 08:49:13.857.666] [INFO  ] [stand student policy] maxVelCmd[1] = 1.600000 
[2025-06-10 08:49:13.857.668] [INFO  ] [stand student policy] maxVelCmd[2] = 4.500000 
[2025-06-10 08:49:13.857.676] [INFO  ] [stand student policy] height_range[0] = 0.280000 
[2025-06-10 08:49:13.857.678] [INFO  ] [stand student policy] height_range[1] = 0.360000 
[2025-06-10 08:49:13.918.427] [INFO  ] [stand student policy] stand student policy LSC network check success 
[2025-06-10 08:49:13.918.904] [INFO  ] [stand student policy] 
name : stand student policy
path : ../policy/stand_policy.pt
dim  : 45, 56, 2565, 12
dof  : 0.100000, -0.900000, 1.430000,
       -0.100000, -0.900000, 1.430000,
       0.100000, -0.900000, 1.430000,
       -0.100000, -0.900000, 1.430000,
kp   : 25.000000, 25.000000, 25.000000,
       25.000000, 25.000000, 25.000000,
       25.000000, 25.000000, 25.000000,
       25.000000, 25.000000, 25.000000,
kd   : 0.600000, 0.600000, 0.600000,
       0.600000, 0.600000, 0.600000,
       0.600000, 0.600000, 0.600000,
       0.600000, 0.600000, 0.600000,
limit: 50.000000, 50.000000, 50.000000,
       50.000000, 50.000000, 50.000000,
       50.000000, 50.000000, 50.000000,
       50.000000, 50.000000, 50.000000,
max_v: 2.500000, 2.500000, 2.000000,
scale: 0.250000, 0.250000, -0.000000,
       0.000000, -0.000000, 0.000000, 
[2025-06-10 08:49:13.967.299] [INFO  ] [handstand policy] net_path: ../config/policy/ 
[2025-06-10 08:49:13.967.378] [INFO  ] [handstand policy] lpf_HStand: 0.800000 
[2025-06-10 08:49:13.967.440] [INFO  ] [handstand policy] uncertain: 0.000000 
[2025-06-10 08:49:13.967.449] [INFO  ] [handstand policy] v_acc: 0.100000 
[2025-06-10 08:49:13.967.488] [INFO  ] [handstand policy] bipedal_base_w_co: 1.000000 
[2025-06-10 08:49:13.967.500] [INFO  ] [handstand policy] max_y_range: 0.250000 
[2025-06-10 08:49:13.967.510] [INFO  ] [handstand policy] max_x_range: 0.150000 
[2025-06-10 08:49:13.967.517] [INFO  ] [handstand policy] target_power: 0.900000 
[2025-06-10 08:49:13.967.523] [INFO  ] [handstand policy] target_air_time: 0.900000 
[2025-06-10 08:49:13.967.528] [INFO  ] [handstand policy] forward_limit: 0.500000 
[2025-06-10 08:49:13.967.533] [INFO  ] [handstand policy] horizon_limit: 0.000000 
[2025-06-10 08:49:13.967.564] [INFO  ] [handstand policy] bipedal_max_v: 1.200000 
[2025-06-10 08:49:13.967.575] [INFO  ] [handstand policy] bipedal_max_w: 1.500000 
[2025-06-10 08:49:13.967.594] [INFO  ] [handstand policy] log_path: ../logs/ 
[2025-06-10 08:49:13.967.603] [INFO  ] [handstand policy] dataPath: ../config/data/ 
[2025-06-10 08:49:13.967.639] [INFO  ] [handstand policy] bipedal_joint_d_gain[0] = 0.800000  
[2025-06-10 08:49:13.967.642] [INFO  ] [handstand policy] bipedal_joint_d_gain[1] = 0.800000  
[2025-06-10 08:49:13.967.643] [INFO  ] [handstand policy] bipedal_joint_d_gain[2] = 0.800000  
[2025-06-10 08:49:13.967.653] [INFO  ] [handstand policy] maxVelCmd[0] = 1.500000 
[2025-06-10 08:49:13.967.657] [INFO  ] [handstand policy] maxVelCmd[1] = 0.100000 
[2025-06-10 08:49:13.967.660] [INFO  ] [handstand policy] maxVelCmd[2] = 0.500000 
[2025-06-10 08:49:13.967.674] [INFO  ] [handstand policy] bipedal_height_range[0] = 0.490000 
[2025-06-10 08:49:13.967.675] [INFO  ] [handstand policy] bipedal_height_range[1] = 0.491000 
[2025-06-10 08:49:13.999.265] [INFO  ] [handstand policy] handstand policy HStand network check success 
[2025-06-10 08:49:13.999.693] [INFO  ] [handstand policy] 
name : handstand policy
path : ../policy/bipedal_policy.pt
dim  : 45, 56, 2565, 12
dof  : 0.100000, -0.900000, 1.430000,
       -0.100000, -0.900000, 1.430000,
       0.100000, -0.900000, 1.430000,
       -0.100000, -0.900000, 1.430000,
kp   : 25.000000, 25.000000, 25.000000,
       25.000000, 25.000000, 25.000000,
       25.000000, 25.000000, 25.000000,
       25.000000, 25.000000, 25.000000,
kd   : 0.800000, 0.800000, 0.800000,
       0.800000, 0.800000, 0.800000,
       0.800000, 0.800000, 0.800000,
       0.800000, 0.800000, 0.800000,
limit: 50.000000, 50.000000, 50.000000,
       50.000000, 50.000000, 50.000000,
       50.000000, 50.000000, 50.000000,
       50.000000, 50.000000, 50.000000,
max_v: 2.500000, 2.500000, 2.000000,
scale: 0.250000, 0.250000, -0.000000,
       0.000000, -0.000000, 0.000000, 
[2025-06-10 08:49:14.038.559] [INFO  ] [handstandswing policy] net_path: ../config/policy/ 
[2025-06-10 08:49:14.038.641] [INFO  ] [handstandswing policy] lpf_HStand: 0.800000 
[2025-06-10 08:49:14.038.690] [INFO  ] [handstandswing policy] uncertain: 0.000000 
[2025-06-10 08:49:14.038.697] [INFO  ] [handstandswing policy] v_acc: 0.100000 
[2025-06-10 08:49:14.038.730] [INFO  ] [handstandswing policy] bipedal_base_w_co: 1.000000 
[2025-06-10 08:49:14.038.742] [INFO  ] [handstandswing policy] max_y_range: 0.250000 
[2025-06-10 08:49:14.038.752] [INFO  ] [handstandswing policy] max_x_range: 0.150000 
[2025-06-10 08:49:14.038.758] [INFO  ] [handstandswing policy] target_power: 0.900000 
[2025-06-10 08:49:14.038.765] [INFO  ] [handstandswing policy] target_air_time: 0.900000 
[2025-06-10 08:49:14.038.769] [INFO  ] [handstandswing policy] forward_limit: 0.500000 
[2025-06-10 08:49:14.038.775] [INFO  ] [handstandswing policy] horizon_limit: 0.000000 
[2025-06-10 08:49:14.038.792] [INFO  ] [handstandswing policy] bipedal_max_v: 1.200000 
[2025-06-10 08:49:14.038.799] [INFO  ] [handstandswing policy] bipedal_max_w: 1.500000 
[2025-06-10 08:49:14.038.817] [INFO  ] [handstandswing policy] log_path: ../logs/ 
[2025-06-10 08:49:14.038.825] [INFO  ] [handstandswing policy] dataPath: ../config/data/ 
[2025-06-10 08:49:14.038.857] [INFO  ] [handstandswing policy] bipedal_joint_d_gain[0] = 0.800000  
[2025-06-10 08:49:14.038.861] [INFO  ] [handstandswing policy] bipedal_joint_d_gain[1] = 0.800000  
[2025-06-10 08:49:14.038.863] [INFO  ] [handstandswing policy] bipedal_joint_d_gain[2] = 0.800000  
[2025-06-10 08:49:14.038.871] [INFO  ] [handstandswing policy] maxVelCmd[0] = 1.500000 
[2025-06-10 08:49:14.038.876] [INFO  ] [handstandswing policy] maxVelCmd[1] = 0.100000 
[2025-06-10 08:49:14.038.879] [INFO  ] [handstandswing policy] maxVelCmd[2] = 0.500000 
[2025-06-10 08:49:14.038.893] [INFO  ] [handstandswing policy] bipedal_height_range[0] = 0.490000 
[2025-06-10 08:49:14.038.896] [INFO  ] [handstandswing policy] bipedal_height_range[1] = 0.491000 
[2025-06-10 08:49:14.058.699] [INFO  ] [handstandswing policy] handstandswing policy HStandSwing network check success 
[2025-06-10 08:49:14.059.101] [INFO  ] [handstandswing policy] 
name : handstandswing policy
path : ../policy/bipedal_motor_p_command_policy.pt
dim  : 45, 56, 2565, 12
dof  : 0.100000, -0.900000, 1.430000,
       -0.100000, -0.900000, 1.430000,
       0.100000, -0.900000, 1.430000,
       -0.100000, -0.900000, 1.430000,
kp   : 25.000000, 25.000000, 25.000000,
       25.000000, 25.000000, 25.000000,
       25.000000, 25.000000, 25.000000,
       25.000000, 25.000000, 25.000000,
kd   : 0.800000, 0.800000, 0.800000,
       0.800000, 0.800000, 0.800000,
       0.800000, 0.800000, 0.800000,
       0.800000, 0.800000, 0.800000,
limit: 50.000000, 50.000000, 50.000000,
       50.000000, 50.000000, 50.000000,
       50.000000, 50.000000, 50.000000,
       50.000000, 50.000000, 50.000000,
max_v: 2.500000, 2.500000, 2.000000,
scale: 0.250000, 0.250000, 5.867981,
       -0.277985, -0.000000, -0.000145, 
[2025-06-10 08:49:14.059.134] [INFO  ] [NetworkController] policy map contains : 
[2025-06-10 08:49:14.059.136] [INFO  ] [NetworkController] 0 : common policy  
[2025-06-10 08:49:14.059.148] [INFO  ] [NetworkController] 1 : forward student policy  
[2025-06-10 08:49:14.059.152] [INFO  ] [NetworkController] 2 : jump student policy  
[2025-06-10 08:49:14.059.154] [INFO  ] [NetworkController] 3 : flip student policy  
[2025-06-10 08:49:14.059.156] [INFO  ] [NetworkController] 4 : stand student policy  
[2025-06-10 08:49:14.059.158] [INFO  ] [NetworkController] 5 : handstand policy  
[2025-06-10 08:49:14.059.160] [INFO  ] [NetworkController] 6 : handstandswing policy  
[2025-06-10 08:49:14.059.194] [ERROR ] [Controller] IMU data reading is timeout! 
[2025-06-10 08:49:14.059.298] [INFO  ] [BasicMotion] Switching to kWaitForStanding!!! 
[2025-06-10 08:49:14.059.757] [INFO  ] [DeferredRecorder] -------max_cycle = +0.000, count = 0 
[2025-06-10 08:49:14.059.769] [INFO  ] [DeferredRecorder] -------max_cycle = +0.000, count = 0 
[2025-06-10 08:49:14.059.816] [INFO  ] [DeferredRecorder] -------max_cycle = +0.000, count = 1 
[2025-06-10 08:49:14.060.712] [INFO  ] [DeferredRecorder] -------max_cycle = +0.000, count = 2 
[2025-06-10 08:49:14.061.710] [INFO  ] [DeferredRecorder] -------max_cycle = +0.000, count = 3 
[2025-06-10 08:49:14.062.708] [INFO  ] [DeferredRecorder] -------max_cycle = +0.000, count = 4 
[2025-06-10 08:49:14.064.701] [NOTICE] [Controller] IMU data reading has resumed! 
[2025-06-10 08:49:16.221.622] [WARN  ] [CPU] Cpu temperature -1726444956 cpu  
[2025-06-10 08:49:16.557.742] [INFO  ] [Controller] [Joints] FL: +25.039, +25.039, +25.039 ,FR: +25.039, +25.039, +25.039, HL: 25.039, +25.039, +25.039, HR: +25.039, +25.039, +25.039 Max FL-HipX = +25.039 Min FL-HipX = +25.039 
[2025-06-10 08:49:18.480.712] [INFO  ] [Battery] SoC = 100%, Volt = +33.300V, Temp 26 
[2025-06-10 08:49:19.057.738] [INFO  ] [Controller] [Joints] FL: +25.039, +25.039, +25.039 ,FR: +25.039, +25.039, +25.039, HL: 25.039, +25.039, +25.039, HR: +25.039, +25.039, +25.039 Max FL-HipX = +25.039 Min FL-HipX = +25.039 
[2025-06-10 08:49:21.557.740] [INFO  ] [Controller] [Joints] FL: +25.039, +25.039, +25.039 ,FR: +25.039, +25.039, +25.039, HL: 25.039, +25.039, +25.039, HR: +25.039, +25.039, +25.039 Max FL-HipX = +25.039 Min FL-HipX = +25.039 
[2025-06-10 08:49:23.466.280] [INFO  ] [Battery] SoC = 100%, Volt = +33.300V, Temp 26 
[2025-06-10 08:49:24.057.740] [INFO  ] [Controller] [Joints] FL: +25.039, +25.039, +25.039 ,FR: +25.039, +25.039, +25.039, HL: 25.039, +25.039, +25.039, HR: +25.039, +25.039, +25.039 Max FL-HipX = +25.039 Min FL-HipX = +25.039 
[2025-06-10 08:49:26.557.739] [INFO  ] [Controller] [Joints] FL: +25.039, +25.039, +25.039 ,FR: +25.039, +25.039, +25.039, HL: 25.039, +25.039, +25.039, HR: +25.039, +25.039, +25.039 Max FL-HipX = +25.039 Min FL-HipX = +25.039 
[2025-06-10 08:49:28.451.973] [INFO  ] [Battery] SoC = 100%, Volt = +33.300V, Temp 26 
[2025-06-10 08:49:29.057.739] [INFO  ] [Controller] [Joints] FL: +25.039, +25.039, +25.039 ,FR: +25.039, +25.039, +25.039, HL: 25.039, +25.039, +25.039, HR: +25.039, +25.039, +25.039 Max FL-HipX = +25.039 Min FL-HipX = +25.039 
[2025-06-10 08:49:31.557.739] [INFO  ] [Controller] [Joints] FL: +25.039, +25.039, +25.039 ,FR: +25.039, +25.039, +25.039, HL: 25.039, +25.039, +25.039, HR: +25.039, +25.039, +25.039 Max FL-HipX = +25.039 Min FL-HipX = +25.039 
[2025-06-10 08:49:33.437.509] [INFO  ] [Battery] SoC = 100%, Volt = +33.300V, Temp 26 
[2025-06-10 08:49:34.057.741] [INFO  ] [Controller] [Joints] FL: +25.039, +25.039, +25.039 ,FR: +25.039, +25.039, +25.039, HL: 25.039, +25.039, +25.039, HR: +25.039, +25.039, +25.039 Max FL-HipX = +25.039 Min FL-HipX = +25.039 
[2025-06-10 08:49:36.557.739] [INFO  ] [Controller] [Joints] FL: +25.039, +25.039, +25.039 ,FR: +25.039, +25.039, +25.039, HL: 25.039, +25.039, +25.039, HR: +25.039, +25.039, +25.039 Max FL-HipX = +25.039 Min FL-HipX = +25.039 
[2025-06-10 08:49:38.422.857] [INFO  ] [Battery] SoC = 100%, Volt = +33.300V, Temp 26 
[2025-06-10 08:49:39.057.739] [INFO  ] [Controller] [Joints] FL: +25.039, +25.039, +25.039 ,FR: +25.039, +25.039, +25.039, HL: 25.039, +25.039, +25.039, HR: +25.039, +25.039, +25.039 Max FL-HipX = +25.039 Min FL-HipX = +25.039 
[2025-06-10 08:49:41.557.741] [INFO  ] [Controller] [Joints] FL: +25.039, +25.039, +25.039 ,FR: +25.039, +25.039, +25.039, HL: 25.039, +25.039, +25.039, HR: +25.039, +25.039, +25.039 Max FL-HipX = +25.039 Min FL-HipX = +25.039 
[2025-06-10 08:49:43.408.326] [INFO  ] [Battery] SoC = 100%, Volt = +33.300V, Temp 26 
[2025-06-10 08:49:44.057.740] [INFO  ] [Controller] [Joints] FL: +25.039, +25.039, +25.039 ,FR: +25.039, +25.039, +25.039, HL: 25.039, +25.039, +25.039, HR: +25.039, +25.039, +25.039 Max FL-HipX = +25.039 Min FL-HipX = +25.039 
[2025-06-10 08:49:46.557.743] [INFO  ] [Controller] [Joints] FL: +25.039, +25.039, +25.039 ,FR: +25.039, +25.039, +25.039, HL: 25.039, +25.039, +25.039, HR: +25.039, +25.039, +25.039 Max FL-HipX = +25.039 Min FL-HipX = +25.039 
[2025-06-10 08:49:48.393.786] [INFO  ] [Battery] SoC = 100%, Volt = +33.200V, Temp 26 
[2025-06-10 08:49:49.057.744] [INFO  ] [Controller] [Joints] FL: +25.039, +25.039, +25.039 ,FR: +25.039, +25.039, +25.039, HL: 25.039, +25.039, +25.039, HR: +25.039, +25.039, +25.039 Max FL-HipX = +25.039 Min FL-HipX = +25.039 
[2025-06-10 08:49:51.557.742] [INFO  ] [Controller] [Joints] FL: +25.039, +25.039, +25.039 ,FR: +25.039, +25.039, +25.039, HL: 25.039, +25.039, +25.039, HR: +25.039, +25.039, +25.039 Max FL-HipX = +25.039 Min FL-HipX = +25.039 
[2025-06-10 08:49:53.379.363] [INFO  ] [Battery] SoC = 100%, Volt = +33.200V, Temp 26 
[2025-06-10 08:49:54.057.743] [INFO  ] [Controller] [Joints] FL: +25.039, +25.039, +25.039 ,FR: +25.039, +25.039, +25.039, HL: 25.039, +25.039, +25.039, HR: +25.039, +25.039, +25.039 Max FL-HipX = +25.039 Min FL-HipX = +25.039 
[2025-06-10 08:49:56.557.739] [INFO  ] [Controller] [Joints] FL: +25.039, +25.039, +25.039 ,FR: +25.039, +25.039, +25.039, HL: 25.039, +25.039, +25.039, HR: +25.039, +25.039, +25.039 Max FL-HipX = +25.039 Min FL-HipX = +25.039 
[2025-06-10 08:49:58.364.864] [INFO  ] [Battery] SoC = 100%, Volt = +33.200V, Temp 26 
[2025-06-10 08:49:59.057.743] [INFO  ] [Controller] [Joints] FL: +25.039, +25.039, +25.039 ,FR: +25.039, +25.039, +25.039, HL: 25.039, +25.039, +25.039, HR: +25.039, +25.039, +25.039 Max FL-HipX = +25.039 Min FL-HipX = +25.039 
[2025-06-10 08:50:01.557.739] [INFO  ] [Controller] [Joints] FL: +25.039, +25.039, +25.039 ,FR: +25.039, +25.039, +25.039, HL: 25.039, +25.039, +25.039, HR: +25.039, +25.039, +25.039 Max FL-HipX = +25.039 Min FL-HipX = +25.039 
[2025-06-10 08:50:03.350.479] [INFO  ] [Battery] SoC = 100%, Volt = +33.200V, Temp 26 
[2025-06-10 08:50:04.057.736] [INFO  ] [Controller] [Joints] FL: +25.039, +25.039, +25.039 ,FR: +25.039, +25.039, +25.039, HL: 25.039, +25.039, +25.039, HR: +25.039, +25.039, +25.039 Max FL-HipX = +25.039 Min FL-HipX = +25.039 
[2025-06-10 08:50:06.557.736] [INFO  ] [Controller] [Joints] FL: +25.039, +25.039, +25.039 ,FR: +25.039, +25.039, +25.039, HL: 25.039, +25.039, +25.039, HR: +25.039, +25.039, +25.039 Max FL-HipX = +25.039 Min FL-HipX = +25.039 
[2025-06-10 08:50:08.336.138] [INFO  ] [Battery] SoC = 100%, Volt = +33.200V, Temp 26 
[2025-06-10 08:50:09.057.740] [INFO  ] [Controller] [Joints] FL: +25.039, +25.039, +25.039 ,FR: +25.039, +25.039, +25.039, HL: 25.039, +25.039, +25.039, HR: +25.039, +25.039, +25.039 Max FL-HipX = +25.039 Min FL-HipX = +25.039 
[2025-06-10 08:50:11.557.736] [INFO  ] [Controller] [Joints] FL: +25.039, +25.039, +25.039 ,FR: +25.039, +25.039, +25.039, HL: 25.039, +25.039, +25.039, HR: +25.039, +25.039, +25.039 Max FL-HipX = +25.039 Min FL-HipX = +25.039 
[2025-06-10 08:50:13.216.728] [WARN  ] [basicmethod] 
[Working State Judge]
wifi connect: 0
gyro connect: 1
battary voltage normal: 1
 
[2025-06-10 08:50:13.321.772] [INFO  ] [Battery] SoC = 100%, Volt = +33.200V, Temp 26 
[2025-06-10 08:50:14.057.739] [INFO  ] [Controller] [Joints] FL: +25.039, +25.039, +25.039 ,FR: +25.039, +25.039, +25.039, HL: 25.039, +25.039, +25.039, HR: +25.039, +25.039, +25.039 Max FL-HipX = +25.039 Min FL-HipX = +25.039 
[2025-06-10 08:50:16.557.739] [INFO  ] [Controller] [Joints] FL: +25.039, +25.039, +25.039 ,FR: +25.039, +25.039, +25.039, HL: 25.039, +25.039, +25.039, HR: +25.039, +25.039, +25.039 Max FL-HipX = +25.039 Min FL-HipX = +25.039 
[2025-06-10 08:50:18.217.726] [WARN  ] [basicmethod] 
[Working State Judge]
wifi connect: 0
gyro connect: 1
battary voltage normal: 1
 
[2025-06-10 08:50:18.307.353] [INFO  ] [Battery] SoC = 100%, Volt = +33.200V, Temp 26 
[2025-06-10 08:50:19.057.740] [INFO  ] [Controller] [Joints] FL: +25.039, +25.039, +25.039 ,FR: +25.039, +25.039, +25.039, HL: 25.039, +25.039, +25.039, HR: +25.039, +25.039, +25.039 Max FL-HipX = +25.039 Min FL-HipX = +25.039 
[2025-06-10 08:50:21.557.738] [INFO  ] [Controller] [Joints] FL: +25.039, +25.039, +25.039 ,FR: +25.039, +25.039, +25.039, HL: 25.039, +25.039, +25.039, HR: +25.039, +25.039, +25.039 Max FL-HipX = +25.039 Min FL-HipX = +25.039 
[2025-06-10 08:50:23.218.722] [WARN  ] [basicmethod] 
[Working State Judge]
wifi connect: 0
gyro connect: 1
battary voltage normal: 1
 
[2025-06-10 08:50:23.293.004] [INFO  ] [Battery] SoC = 100%, Volt = +33.200V, Temp 26 
[2025-06-10 08:50:24.057.731] [INFO  ] [Controller] [Joints] FL: +25.039, +25.039, +25.039 ,FR: +25.039, +25.039, +25.039, HL: 25.039, +25.039, +25.039, HR: +25.039, +25.039, +25.039 Max FL-HipX = +25.039 Min FL-HipX = +25.039 
[2025-06-10 08:50:26.557.737] [INFO  ] [Controller] [Joints] FL: +25.039, +25.039, +25.039 ,FR: +25.039, +25.039, +25.039, HL: 25.039, +25.039, +25.039, HR: +25.039, +25.039, +25.039 Max FL-HipX = +25.039 Min FL-HipX = +25.039 
[2025-06-10 08:50:28.218.727] [WARN  ] [basicmethod] 
[Working State Judge]
wifi connect: 0
gyro connect: 1
battary voltage normal: 1
 
[2025-06-10 08:50:28.278.587] [INFO  ] [Battery] SoC = 100%, Volt = +33.200V, Temp 26 
[2025-06-10 08:50:29.057.736] [INFO  ] [Controller] [Joints] FL: +25.039, +25.039, +25.039 ,FR: +25.039, +25.039, +25.039, HL: 25.039, +25.039, +25.039, HR: +25.039, +25.039, +25.039 Max FL-HipX = +25.039 Min FL-HipX = +25.039 
[2025-06-10 08:50:31.557.737] [INFO  ] [Controller] [Joints] FL: +25.039, +25.039, +25.039 ,FR: +25.039, +25.039, +25.039, HL: 25.039, +25.039, +25.039, HR: +25.039, +25.039, +25.039 Max FL-HipX = +25.039 Min FL-HipX = +25.039 
[2025-06-10 08:50:33.219.732] [WARN  ] [basicmethod] 
[Working State Judge]
wifi connect: 0
gyro connect: 1
battary voltage normal: 1
 
[2025-06-10 08:50:33.264.168] [INFO  ] [Battery] SoC = 100%, Volt = +33.200V, Temp 26 
[2025-06-10 08:50:34.057.742] [INFO  ] [Controller] [Joints] FL: +25.039, +25.039, +25.039 ,FR: +25.039, +25.039, +25.039, HL: 25.039, +25.039, +25.039, HR: +25.039, +25.039, +25.039 Max FL-HipX = +25.039 Min FL-HipX = +25.039 
[2025-06-10 08:50:36.557.737] [INFO  ] [Controller] [Joints] FL: +25.039, +25.039, +25.039 ,FR: +25.039, +25.039, +25.039, HL: 25.039, +25.039, +25.039, HR: +25.039, +25.039, +25.039 Max FL-HipX = +25.039 Min FL-HipX = +25.039 
[2025-06-10 08:50:38.220.733] [WARN  ] [basicmethod] 
[Working State Judge]
wifi connect: 0
gyro connect: 1
battary voltage normal: 1
 
[2025-06-10 08:50:38.249.647] [INFO  ] [Battery] SoC = 100%, Volt = +33.200V, Temp 26 
[2025-06-10 08:50:39.057.737] [INFO  ] [Controller] [Joints] FL: +25.039, +25.039, +25.039 ,FR: +25.039, +25.039, +25.039, HL: 25.039, +25.039, +25.039, HR: +25.039, +25.039, +25.039 Max FL-HipX = +25.039 Min FL-HipX = +25.039 
[2025-06-10 08:50:41.557.738] [INFO  ] [Controller] [Joints] FL: +25.039, +25.039, +25.039 ,FR: +25.039, +25.039, +25.039, HL: 25.039, +25.039, +25.039, HR: +25.039, +25.039, +25.039 Max FL-HipX = +25.039 Min FL-HipX = +25.039 
[2025-06-10 08:50:43.221.725] [WARN  ] [basicmethod] 
[Working State Judge]
wifi connect: 0
gyro connect: 1
battary voltage normal: 1
 
[2025-06-10 08:50:43.235.234] [INFO  ] [Battery] SoC = 100%, Volt = +33.200V, Temp 26 
[2025-06-10 08:50:44.057.738] [INFO  ] [Controller] [Joints] FL: +25.039, +25.039, +25.039 ,FR: +25.039, +25.039, +25.039, HL: 25.039, +25.039, +25.039, HR: +25.039, +25.039, +25.039 Max FL-HipX = +25.039 Min FL-HipX = +25.039 
[2025-06-10 08:50:46.557.737] [INFO  ] [Controller] [Joints] FL: +25.039, +25.039, +25.039 ,FR: +25.039, +25.039, +25.039, HL: 25.039, +25.039, +25.039, HR: +25.039, +25.039, +25.039 Max FL-HipX = +25.039 Min FL-HipX = +25.039 
[2025-06-10 08:50:48.220.746] [INFO  ] [Battery] SoC = 100%, Volt = +33.200V, Temp 26 
[2025-06-10 08:50:48.222.709] [WARN  ] [basicmethod] 
[Working State Judge]
wifi connect: 0
gyro connect: 1
battary voltage normal: 1
 
[2025-06-10 08:50:49.057.739] [INFO  ] [Controller] [Joints] FL: +25.039, +25.039, +25.039 ,FR: +25.039, +25.039, +25.039, HL: 25.039, +25.039, +25.039, HR: +25.039, +25.039, +25.039 Max FL-HipX = +25.039 Min FL-HipX = +25.039 
[2025-06-10 08:50:51.557.737] [INFO  ] [Controller] [Joints] FL: +25.039, +25.039, +25.039 ,FR: +25.039, +25.039, +25.039, HL: 25.039, +25.039, +25.039, HR: +25.039, +25.039, +25.039 Max FL-HipX = +25.039 Min FL-HipX = +25.039 
[2025-06-10 08:50:53.206.060] [INFO  ] [Battery] SoC = 100%, Volt = +33.200V, Temp 26 
[2025-06-10 08:50:53.222.713] [WARN  ] [basicmethod] 
[Working State Judge]
wifi connect: 0
gyro connect: 1
battary voltage normal: 1
 
[2025-06-10 08:50:54.057.740] [INFO  ] [Controller] [Joints] FL: +25.039, +25.039, +25.039 ,FR: +25.039, +25.039, +25.039, HL: 25.039, +25.039, +25.039, HR: +25.039, +25.039, +25.039 Max FL-HipX = +25.039 Min FL-HipX = +25.039 
[2025-06-10 08:50:56.557.737] [INFO  ] [Controller] [Joints] FL: +25.039, +25.039, +25.039 ,FR: +25.039, +25.039, +25.039, HL: 25.039, +25.039, +25.039, HR: +25.039, +25.039, +25.039 Max FL-HipX = +25.039 Min FL-HipX = +25.039 
[2025-06-10 08:50:58.191.421] [INFO  ] [Battery] SoC = 100%, Volt = +33.200V, Temp 26 
[2025-06-10 08:50:58.222.722] [WARN  ] [basicmethod] 
[Working State Judge]
wifi connect: 0
gyro connect: 1
battary voltage normal: 1
 
[2025-06-10 08:50:59.057.737] [INFO  ] [Controller] [Joints] FL: +25.039, +25.039, +25.039 ,FR: +25.039, +25.039, +25.039, HL: 25.039, +25.039, +25.039, HR: +25.039, +25.039, +25.039 Max FL-HipX = +25.039 Min FL-HipX = +25.039 
[2025-06-10 08:51:01.557.733] [INFO  ] [Controller] [Joints] FL: +25.039, +25.039, +25.039 ,FR: +25.039, +25.039, +25.039, HL: 25.039, +25.039, +25.039, HR: +25.039, +25.039, +25.039 Max FL-HipX = +25.039 Min FL-HipX = +25.039 
[2025-06-10 08:51:03.176.761] [INFO  ] [Battery] SoC = 100%, Volt = +33.200V, Temp 26 
[2025-06-10 08:51:03.223.719] [WARN  ] [basicmethod] 
[Working State Judge]
wifi connect: 0
gyro connect: 1
battary voltage normal: 1
 
[2025-06-10 08:51:04.057.738] [INFO  ] [Controller] [Joints] FL: +25.039, +25.039, +25.039 ,FR: +25.039, +25.039, +25.039, HL: 25.039, +25.039, +25.039, HR: +25.039, +25.039, +25.039 Max FL-HipX = +25.039 Min FL-HipX = +25.039 
[2025-06-10 08:51:06.557.738] [INFO  ] [Controller] [Joints] FL: +25.039, +25.039, +25.039 ,FR: +25.039, +25.039, +25.039, HL: 25.039, +25.039, +25.039, HR: +25.039, +25.039, +25.039 Max FL-HipX = +25.039 Min FL-HipX = +25.039 
[2025-06-10 08:51:08.162.181] [INFO  ] [Battery] SoC = 100%, Volt = +33.200V, Temp 26 
[2025-06-10 08:51:08.224.718] [WARN  ] [basicmethod] 
[Working State Judge]
wifi connect: 0
gyro connect: 1
battary voltage normal: 1
 
[2025-06-10 08:51:09.057.740] [INFO  ] [Controller] [Joints] FL: +25.039, +25.039, +25.039 ,FR: +26.772, +25.039, +25.039, HL: 25.039, +25.039, +25.039, HR: +25.039, +25.039, +25.039 Max FR-HipX = +26.772 Min FL-HipX = +25.039 
[2025-06-10 08:51:11.557.740] [INFO  ] [Controller] [Joints] FL: +25.039, +25.039, +25.039 ,FR: +26.772, +25.039, +25.039, HL: 25.039, +25.039, +25.039, HR: +25.039, +25.039, +25.039 Max FR-HipX = +26.772 Min FL-HipX = +25.039 
[2025-06-10 08:51:13.147.473] [INFO  ] [Battery] SoC = 100%, Volt = +33.200V, Temp 26 
[2025-06-10 08:51:13.225.721] [WARN  ] [basicmethod] 
[Working State Judge]
wifi connect: 0
gyro connect: 1
battary voltage normal: 1
 
[2025-06-10 08:51:14.057.737] [INFO  ] [Controller] [Joints] FL: +25.039, +25.039, +25.039 ,FR: +26.772, +25.039, +25.039, HL: 25.039, +25.039, +25.039, HR: +25.039, +25.039, +25.039 Max FR-HipX = +26.772 Min FL-HipX = +25.039 
[2025-06-10 08:51:16.557.737] [INFO  ] [Controller] [Joints] FL: +25.039, +25.039, +25.039 ,FR: +26.772, +25.039, +25.039, HL: 25.039, +25.039, +25.039, HR: +25.039, +25.039, +25.039 Max FR-HipX = +26.772 Min FL-HipX = +25.039 
[2025-06-10 08:51:18.132.791] [INFO  ] [Battery] SoC = 99%, Volt = +33.100V, Temp 26 
[2025-06-10 08:51:18.226.721] [WARN  ] [basicmethod] 
[Working State Judge]
wifi connect: 0
gyro connect: 1
battary voltage normal: 1
 
[2025-06-10 08:51:19.057.740] [INFO  ] [Controller] [Joints] FL: +25.039, +25.039, +25.039 ,FR: +26.772, +25.039, +25.039, HL: 25.039, +25.039, +25.039, HR: +25.039, +25.039, +25.039 Max FR-HipX = +26.772 Min FL-HipX = +25.039 
[2025-06-10 08:51:21.557.741] [INFO  ] [Controller] [Joints] FL: +25.039, +25.039, +25.039 ,FR: +26.772, +25.039, +25.039, HL: 25.039, +25.039, +25.039, HR: +25.039, +25.039, +25.039 Max FR-HipX = +26.772 Min FL-HipX = +25.039 
[2025-06-10 08:51:23.118.120] [INFO  ] [Battery] SoC = 99%, Volt = +33.100V, Temp 26 
[2025-06-10 08:51:23.227.720] [WARN  ] [basicmethod] 
[Working State Judge]
wifi connect: 0
gyro connect: 1
battary voltage normal: 1
 
[2025-06-10 08:51:24.057.740] [INFO  ] [Controller] [Joints] FL: +25.039, +25.039, +25.039 ,FR: +26.772, +25.039, +25.039, HL: 25.039, +25.039, +25.039, HR: +25.039, +25.039, +25.039 Max FR-HipX = +26.772 Min FL-HipX = +25.039 
[2025-06-10 08:51:26.557.740] [INFO  ] [Controller] [Joints] FL: +25.039, +25.039, +25.039 ,FR: +26.772, +25.039, +25.039, HL: 25.039, +25.039, +25.039, HR: +25.039, +25.039, +26.772 Max FR-HipX = +26.772 Min FL-HipX = +25.039 
[2025-06-10 08:51:28.103.360] [INFO  ] [Battery] SoC = 99%, Volt = +33.100V, Temp 26 
[2025-06-10 08:51:28.227.724] [WARN  ] [basicmethod] 
[Working State Judge]
wifi connect: 0
gyro connect: 1
battary voltage normal: 1
 
[2025-06-10 08:51:29.057.740] [INFO  ] [Controller] [Joints] FL: +25.039, +25.039, +25.039 ,FR: +26.772, +25.039, +25.039, HL: 25.039, +25.039, +25.039, HR: +25.039, +25.039, +25.039 Max FR-HipX = +26.772 Min FL-HipX = +25.039 
[2025-06-10 08:51:31.557.738] [INFO  ] [Controller] [Joints] FL: +25.039, +25.039, +25.039 ,FR: +26.772, +25.039, +25.039, HL: 25.039, +25.039, +25.039, HR: +25.039, +25.039, +25.039 Max FR-HipX = +26.772 Min FL-HipX = +25.039 
[2025-06-10 08:51:33.088.675] [INFO  ] [Battery] SoC = 99%, Volt = +33.100V, Temp 26 
[2025-06-10 08:51:33.228.734] [WARN  ] [basicmethod] 
[Working State Judge]
wifi connect: 0
gyro connect: 1
battary voltage normal: 1
 
[2025-06-10 08:51:34.057.739] [INFO  ] [Controller] [Joints] FL: +25.039, +25.039, +25.039 ,FR: +26.772, +26.772, +25.039, HL: 25.039, +25.039, +25.039, HR: +25.039, +25.039, +26.772 Max FR-HipX = +26.772 Min FL-HipX = +25.039 
[2025-06-10 08:51:36.557.740] [INFO  ] [Controller] [Joints] FL: +25.039, +25.039, +25.039 ,FR: +26.772, +26.772, +25.039, HL: 25.039, +25.039, +25.039, HR: +25.039, +25.039, +26.772 Max FR-HipX = +26.772 Min FL-HipX = +25.039 
[2025-06-10 08:51:38.074.052] [INFO  ] [Battery] SoC = 99%, Volt = +33.100V, Temp 26 
[2025-06-10 08:51:38.229.723] [WARN  ] [basicmethod] 
[Working State Judge]
wifi connect: 0
gyro connect: 1
battary voltage normal: 1
 
[2025-06-10 08:51:39.057.742] [INFO  ] [Controller] [Joints] FL: +25.039, +25.039, +25.039 ,FR: +26.772, +26.772, +25.039, HL: 25.039, +25.039, +25.039, HR: +25.039, +25.039, +26.772 Max FR-HipX = +26.772 Min FL-HipX = +25.039 
[2025-06-10 08:51:41.557.741] [INFO  ] [Controller] [Joints] FL: +25.039, +25.039, +25.039 ,FR: +26.772, +26.772, +25.039, HL: 25.039, +25.039, +25.039, HR: +26.772, +25.039, +26.772 Max FR-HipX = +26.772 Min FL-HipX = +25.039 
[2025-06-10 08:51:43.059.347] [INFO  ] [Battery] SoC = 99%, Volt = +33.100V, Temp 26 
[2025-06-10 08:51:43.230.722] [WARN  ] [basicmethod] 
[Working State Judge]
wifi connect: 0
gyro connect: 1
battary voltage normal: 1
 
[2025-06-10 08:51:44.057.739] [INFO  ] [Controller] [Joints] FL: +25.039, +25.039, +25.039 ,FR: +26.772, +26.772, +25.039, HL: 25.039, +25.039, +25.039, HR: +26.772, +25.039, +26.772 Max FR-HipX = +26.772 Min FL-HipX = +25.039 
[2025-06-10 08:51:46.557.742] [INFO  ] [Controller] [Joints] FL: +25.039, +25.039, +25.039 ,FR: +26.772, +26.772, +25.039, HL: 25.039, +25.039, +25.039, HR: +26.772, +25.039, +26.772 Max FR-HipX = +26.772 Min FL-HipX = +25.039 
[2025-06-10 08:51:48.044.662] [INFO  ] [Battery] SoC = 99%, Volt = +33.100V, Temp 26 
[2025-06-10 08:51:48.230.722] [WARN  ] [basicmethod] 
[Working State Judge]
wifi connect: 0
gyro connect: 1
battary voltage normal: 1
 
[2025-06-10 08:51:49.057.742] [INFO  ] [Controller] [Joints] FL: +25.039, +25.039, +25.039 ,FR: +26.772, +26.772, +25.039, HL: 25.039, +25.039, +25.039, HR: +26.772, +25.039, +26.772 Max FR-HipX = +26.772 Min FL-HipX = +25.039 
[2025-06-10 08:51:51.557.742] [INFO  ] [Controller] [Joints] FL: +25.039, +25.039, +25.039 ,FR: +26.772, +26.772, +25.039, HL: 25.039, +25.039, +25.039, HR: +26.772, +25.039, +26.772 Max FR-HipX = +26.772 Min FL-HipX = +25.039 
[2025-06-10 08:51:53.029.851] [INFO  ] [Battery] SoC = 99%, Volt = +33.100V, Temp 27 
[2025-06-10 08:51:53.231.724] [WARN  ] [basicmethod] 
[Working State Judge]
wifi connect: 0
gyro connect: 1
battary voltage normal: 1
 
[2025-06-10 08:51:54.057.739] [INFO  ] [Controller] [Joints] FL: +25.039, +25.039, +25.039 ,FR: +26.772, +26.772, +25.039, HL: 25.039, +25.039, +25.039, HR: +26.772, +25.039, +26.772 Max FR-HipX = +26.772 Min FL-HipX = +25.039 
[2025-06-10 08:51:56.557.735] [INFO  ] [Controller] [Joints] FL: +25.039, +25.039, +25.039 ,FR: +26.772, +26.772, +25.039, HL: 25.039, +25.039, +25.039, HR: +26.772, +25.039, +26.772 Max FR-HipX = +26.772 Min FL-HipX = +25.039 
[2025-06-10 08:51:58.015.111] [INFO  ] [Battery] SoC = 99%, Volt = +33.100V, Temp 27 
[2025-06-10 08:51:58.231.731] [WARN  ] [basicmethod] 
[Working State Judge]
wifi connect: 0
gyro connect: 1
battary voltage normal: 1
 
[2025-06-10 08:51:59.057.735] [INFO  ] [Controller] [Joints] FL: +25.039, +25.039, +25.039 ,FR: +26.772, +26.772, +25.039, HL: 25.039, +25.039, +25.039, HR: +26.772, +25.039, +26.772 Max FR-HipX = +26.772 Min FL-HipX = +25.039 
[2025-06-10 08:52:01.557.739] [INFO  ] [Controller] [Joints] FL: +25.039, +25.039, +25.039 ,FR: +26.772, +26.772, +25.039, HL: 25.039, +25.039, +25.039, HR: +26.772, +25.039, +26.772 Max FR-HipX = +26.772 Min FL-HipX = +25.039 
[2025-06-10 08:52:03.000.510] [INFO  ] [Battery] SoC = 99%, Volt = +33.100V, Temp 27 
[2025-06-10 08:52:03.232.722] [WARN  ] [basicmethod] 
[Working State Judge]
wifi connect: 0
gyro connect: 1
battary voltage normal: 1
 
[2025-06-10 08:52:04.057.740] [INFO  ] [Controller] [Joints] FL: +25.039, +25.039, +25.039 ,FR: +26.772, +26.772, +25.039, HL: 25.039, +26.772, +25.039, HR: +26.772, +25.039, +26.772 Max FR-HipX = +26.772 Min FL-HipX = +25.039 
[2025-06-10 08:52:06.557.738] [INFO  ] [Controller] [Joints] FL: +25.039, +25.039, +25.039 ,FR: +26.772, +26.772, +25.039, HL: 25.039, +26.772, +25.039, HR: +26.772, +25.039, +26.772 Max FR-HipX = +26.772 Min FL-HipX = +25.039 
[2025-06-10 08:52:07.985.971] [INFO  ] [Battery] SoC = 99%, Volt = +33.100V, Temp 27 
[2025-06-10 08:52:08.233.723] [WARN  ] [basicmethod] 
[Working State Judge]
wifi connect: 0
gyro connect: 1
battary voltage normal: 1
 
[2025-06-10 08:52:09.057.740] [INFO  ] [Controller] [Joints] FL: +25.039, +25.039, +25.039 ,FR: +26.772, +26.772, +25.039, HL: 25.039, +26.772, +25.039, HR: +26.772, +25.039, +26.772 Max FR-HipX = +26.772 Min FL-HipX = +25.039 
[2025-06-10 08:52:11.557.740] [INFO  ] [Controller] [Joints] FL: +25.039, +25.039, +25.039 ,FR: +26.772, +26.772, +25.039, HL: 25.039, +26.772, +25.039, HR: +26.772, +25.039, +26.772 Max FR-HipX = +26.772 Min FL-HipX = +25.039 
[2025-06-10 08:52:12.971.506] [INFO  ] [Battery] SoC = 99%, Volt = +33.100V, Temp 27 
[2025-06-10 08:52:13.234.724] [WARN  ] [basicmethod] 
[Working State Judge]
wifi connect: 0
gyro connect: 1
battary voltage normal: 1
 
[2025-06-10 08:52:14.057.739] [INFO  ] [Controller] [Joints] FL: +25.039, +25.039, +25.039 ,FR: +26.772, +26.772, +25.039, HL: 25.039, +26.772, +25.039, HR: +26.772, +25.039, +26.772 Max FR-HipX = +26.772 Min FL-HipX = +25.039 
[2025-06-10 08:52:16.557.749] [INFO  ] [Controller] [Joints] FL: +25.039, +25.039, +25.039 ,FR: +26.772, +26.772, +25.039, HL: 25.039, +26.772, +25.039, HR: +26.772, +25.039, +26.772 Max FR-HipX = +26.772 Min FL-HipX = +25.039 
[2025-06-10 08:52:17.956.883] [INFO  ] [Battery] SoC = 99%, Volt = +33.100V, Temp 27 
[2025-06-10 08:52:18.235.723] [WARN  ] [basicmethod] 
[Working State Judge]
wifi connect: 0
gyro connect: 1
battary voltage normal: 1
 
[2025-06-10 08:52:19.057.738] [INFO  ] [Controller] [Joints] FL: +25.039, +25.039, +25.039 ,FR: +26.772, +26.772, +25.039, HL: 25.039, +26.772, +25.039, HR: +26.772, +26.772, +26.772 Max FR-HipX = +26.772 Min FL-HipX = +25.039 
[2025-06-10 08:52:21.557.738] [INFO  ] [Controller] [Joints] FL: +25.039, +25.039, +25.039 ,FR: +26.772, +26.772, +25.039, HL: 25.039, +26.772, +25.039, HR: +26.772, +26.772, +26.772 Max FR-HipX = +26.772 Min FL-HipX = +25.039 
[2025-06-10 08:52:22.942.309] [INFO  ] [Battery] SoC = 99%, Volt = +33.100V, Temp 27 
[2025-06-10 08:52:23.235.724] [WARN  ] [basicmethod] 
[Working State Judge]
wifi connect: 0
gyro connect: 1
battary voltage normal: 1
 
[2025-06-10 08:52:24.057.743] [INFO  ] [Controller] [Joints] FL: +25.039, +25.039, +25.039 ,FR: +26.772, +26.772, +25.039, HL: 25.039, +26.772, +25.039, HR: +26.772, +26.772, +26.772 Max FR-HipX = +26.772 Min FL-HipX = +25.039 
[2025-06-10 08:52:26.557.737] [INFO  ] [Controller] [Joints] FL: +25.039, +25.039, +25.039 ,FR: +26.772, +26.772, +25.039, HL: 25.039, +26.772, +25.039, HR: +26.772, +26.772, +26.772 Max FR-HipX = +26.772 Min FL-HipX = +25.039 
[2025-06-10 08:52:27.927.761] [INFO  ] [Battery] SoC = 99%, Volt = +33.100V, Temp 27 
[2025-06-10 08:52:28.236.725] [WARN  ] [basicmethod] 
[Working State Judge]
wifi connect: 0
gyro connect: 1
battary voltage normal: 1
 
[2025-06-10 08:52:29.057.739] [INFO  ] [Controller] [Joints] FL: +25.039, +25.039, +25.039 ,FR: +26.772, +26.772, +25.039, HL: 25.039, +26.772, +25.039, HR: +26.772, +26.772, +26.772 Max FR-HipX = +26.772 Min FL-HipX = +25.039 
[2025-06-10 08:52:31.557.738] [INFO  ] [Controller] [Joints] FL: +25.039, +25.039, +25.039 ,FR: +26.772, +26.772, +25.039, HL: 25.039, +26.772, +25.039, HR: +26.772, +26.772, +26.772 Max FR-HipX = +26.772 Min FL-HipX = +25.039 
[2025-06-10 08:52:32.913.149] [INFO  ] [Battery] SoC = 99%, Volt = +33.100V, Temp 27 
[2025-06-10 08:52:33.236.725] [WARN  ] [basicmethod] 
[Working State Judge]
wifi connect: 0
gyro connect: 1
battary voltage normal: 1
 
[2025-06-10 08:52:34.057.736] [INFO  ] [Controller] [Joints] FL: +25.039, +25.039, +25.039 ,FR: +26.772, +26.772, +25.039, HL: 25.039, +26.772, +25.039, HR: +26.772, +26.772, +26.772 Max FR-HipX = +26.772 Min FL-HipX = +25.039 
[2025-06-10 08:52:36.557.737] [INFO  ] [Controller] [Joints] FL: +25.039, +25.039, +25.039 ,FR: +26.772, +26.772, +25.039, HL: 25.039, +26.772, +25.039, HR: +26.772, +26.772, +26.772 Max FR-HipX = +26.772 Min FL-HipX = +25.039 
[2025-06-10 08:52:37.898.427] [INFO  ] [Battery] SoC = 99%, Volt = +33.100V, Temp 27 
[2025-06-10 08:52:38.237.724] [WARN  ] [basicmethod] 
[Working State Judge]
wifi connect: 0
gyro connect: 1
battary voltage normal: 1
 
[2025-06-10 08:52:39.057.739] [INFO  ] [Controller] [Joints] FL: +25.039, +25.039, +25.039 ,FR: +26.772, +26.772, +25.039, HL: 25.039, +26.772, +25.039, HR: +26.772, +26.772, +26.772 Max FR-HipX = +26.772 Min FL-HipX = +25.039 
[2025-06-10 08:52:41.557.739] [INFO  ] [Controller] [Joints] FL: +25.039, +25.039, +25.039 ,FR: +26.772, +26.772, +25.039, HL: 25.039, +26.772, +25.039, HR: +26.772, +26.772, +26.772 Max FR-HipX = +26.772 Min FL-HipX = +25.039 
[2025-06-10 08:52:42.883.930] [INFO  ] [Battery] SoC = 99%, Volt = +33.100V, Temp 27 
[2025-06-10 08:52:43.237.724] [WARN  ] [basicmethod] 
[Working State Judge]
wifi connect: 0
gyro connect: 1
battary voltage normal: 1
 
[2025-06-10 08:52:44.057.738] [INFO  ] [Controller] [Joints] FL: +25.039, +25.039, +25.039 ,FR: +26.772, +26.772, +25.039, HL: 25.039, +26.772, +25.039, HR: +26.772, +26.772, +26.772 Max FR-HipX = +26.772 Min FL-HipX = +25.039 
[2025-06-10 08:52:46.557.737] [INFO  ] [Controller] [Joints] FL: +25.039, +25.039, +25.039 ,FR: +26.772, +26.772, +25.039, HL: 25.039, +26.772, +25.039, HR: +26.772, +26.772, +26.772 Max FR-HipX = +26.772 Min FL-HipX = +25.039 
[2025-06-10 08:52:47.869.175] [INFO  ] [Battery] SoC = 99%, Volt = +33.100V, Temp 27 
[2025-06-10 08:52:48.238.724] [WARN  ] [basicmethod] 
[Working State Judge]
wifi connect: 0
gyro connect: 1
battary voltage normal: 1
 
[2025-06-10 08:52:49.057.739] [INFO  ] [Controller] [Joints] FL: +25.039, +25.039, +25.039 ,FR: +26.772, +26.772, +25.039, HL: 25.039, +26.772, +25.039, HR: +26.772, +26.772, +26.772 Max FR-HipX = +26.772 Min FL-HipX = +25.039 
[2025-06-10 08:52:51.557.739] [INFO  ] [Controller] [Joints] FL: +25.039, +25.039, +25.039 ,FR: +26.772, +26.772, +25.039, HL: 26.772, +26.772, +25.039, HR: +26.772, +26.772, +26.772 Max FR-HipX = +26.772 Min FL-HipX = +25.039 
[2025-06-10 08:52:52.854.636] [INFO  ] [Battery] SoC = 99%, Volt = +33.100V, Temp 27 
[2025-06-10 08:52:53.238.730] [WARN  ] [basicmethod] 
[Working State Judge]
wifi connect: 0
gyro connect: 1
battary voltage normal: 1
 
[2025-06-10 08:52:54.057.738] [INFO  ] [Controller] [Joints] FL: +25.039, +25.039, +25.039 ,FR: +26.772, +26.772, +25.039, HL: 26.772, +26.772, +25.039, HR: +26.772, +26.772, +26.772 Max FR-HipX = +26.772 Min FL-HipX = +25.039 
[2025-06-10 08:52:56.557.736] [INFO  ] [Controller] [Joints] FL: +25.039, +25.039, +25.039 ,FR: +26.772, +26.772, +25.039, HL: 26.772, +26.772, +25.039, HR: +26.772, +26.772, +26.772 Max FR-HipX = +26.772 Min FL-HipX = +25.039 
[2025-06-10 08:52:57.839.942] [INFO  ] [Battery] SoC = 99%, Volt = +33.100V, Temp 27 
[2025-06-10 08:52:58.239.724] [WARN  ] [basicmethod] 
[Working State Judge]
wifi connect: 0
gyro connect: 1
battary voltage normal: 1
 
[2025-06-10 08:52:59.057.738] [INFO  ] [Controller] [Joints] FL: +25.039, +25.039, +25.039 ,FR: +26.772, +26.772, +25.039, HL: 26.772, +26.772, +25.039, HR: +26.772, +26.772, +26.772 Max FR-HipX = +26.772 Min FL-HipX = +25.039 
[2025-06-10 08:53:01.557.734] [INFO  ] [Controller] [Joints] FL: +25.039, +25.039, +25.039 ,FR: +26.772, +26.772, +25.039, HL: 26.772, +26.772, +25.039, HR: +26.772, +26.772, +26.772 Max FR-HipX = +26.772 Min FL-HipX = +25.039 
[2025-06-10 08:53:02.825.044] [INFO  ] [Battery] SoC = 99%, Volt = +33.100V, Temp 27 
[2025-06-10 08:53:03.240.719] [WARN  ] [basicmethod] 
[Working State Judge]
wifi connect: 0
gyro connect: 1
battary voltage normal: 1
 
[2025-06-10 08:53:04.057.738] [INFO  ] [Controller] [Joints] FL: +25.039, +25.039, +25.039 ,FR: +26.772, +26.772, +26.772, HL: 26.772, +26.772, +26.772, HR: +26.772, +26.772, +26.772 Max FR-HipX = +26.772 Min FL-HipX = +25.039 
[2025-06-10 08:53:06.557.738] [INFO  ] [Controller] [Joints] FL: +25.039, +25.039, +25.039 ,FR: +26.772, +26.772, +26.772, HL: 26.772, +26.772, +26.772, HR: +26.772, +26.772, +26.772 Max FR-HipX = +26.772 Min FL-HipX = +25.039 
[2025-06-10 08:53:07.810.264] [INFO  ] [Battery] SoC = 99%, Volt = +33.000V, Temp 27 
[2025-06-10 08:53:08.240.724] [WARN  ] [basicmethod] 
[Working State Judge]
wifi connect: 0
gyro connect: 1
battary voltage normal: 1
 
[2025-06-10 08:53:09.057.739] [INFO  ] [Controller] [Joints] FL: +25.039, +25.039, +25.039 ,FR: +26.772, +26.772, +25.039, HL: 26.772, +26.772, +26.772, HR: +26.772, +26.772, +26.772 Max FR-HipX = +26.772 Min FL-HipX = +25.039 
[2025-06-10 08:53:11.557.739] [INFO  ] [Controller] [Joints] FL: +25.039, +25.039, +25.039 ,FR: +26.772, +26.772, +25.039, HL: 26.772, +26.772, +26.772, HR: +26.772, +26.772, +26.772 Max FR-HipX = +26.772 Min FL-HipX = +25.039 
[2025-06-10 08:53:12.795.658] [INFO  ] [Battery] SoC = 99%, Volt = +33.000V, Temp 27 
[2025-06-10 08:53:13.240.731] [WARN  ] [basicmethod] 
[Working State Judge]
wifi connect: 0
gyro connect: 1
battary voltage normal: 1
 
[2025-06-10 08:53:14.057.740] [INFO  ] [Controller] [Joints] FL: +26.772, +25.039, +25.039 ,FR: +26.772, +26.772, +26.772, HL: 26.772, +26.772, +26.772, HR: +26.772, +26.772, +26.772 Max FL-HipX = +26.772 Min FL-HipY = +25.039 
[2025-06-10 08:53:16.557.738] [INFO  ] [Controller] [Joints] FL: +26.772, +25.039, +25.039 ,FR: +26.772, +26.772, +25.039, HL: 26.772, +26.772, +26.772, HR: +26.772, +26.772, +26.772 Max FL-HipX = +26.772 Min FL-HipY = +25.039 
[2025-06-10 08:53:17.781.026] [INFO  ] [Battery] SoC = 99%, Volt = +33.000V, Temp 27 
[2025-06-10 08:53:18.241.722] [WARN  ] [basicmethod] 
[Working State Judge]
wifi connect: 0
gyro connect: 1
battary voltage normal: 1
 
[2025-06-10 08:53:19.057.739] [INFO  ] [Controller] [Joints] FL: +26.772, +25.039, +25.039 ,FR: +26.772, +26.772, +26.772, HL: 26.772, +26.772, +26.772, HR: +26.772, +26.772, +26.772 Max FL-HipX = +26.772 Min FL-HipY = +25.039 
[2025-06-10 08:53:21.557.740] [INFO  ] [Controller] [Joints] FL: +26.772, +25.039, +25.039 ,FR: +26.772, +26.772, +26.772, HL: 26.772, +26.772, +26.772, HR: +26.772, +26.772, +26.772 Max FL-HipX = +26.772 Min FL-HipY = +25.039 
[2025-06-10 08:53:22.766.226] [INFO  ] [Battery] SoC = 99%, Volt = +33.000V, Temp 27 
[2025-06-10 08:53:24.057.738] [INFO  ] [Controller] [Joints] FL: +26.772, +25.039, +25.039 ,FR: +26.772, +26.772, +26.772, HL: 26.772, +26.772, +26.772, HR: +26.772, +26.772, +26.772 Max FL-HipX = +26.772 Min FL-HipY = +25.039 
[2025-06-10 08:53:26.557.740] [INFO  ] [Controller] [Joints] FL: +26.772, +25.039, +25.039 ,FR: +26.772, +26.772, +26.772, HL: 26.772, +26.772, +26.772, HR: +26.772, +26.772, +26.772 Max FL-HipX = +26.772 Min FL-HipY = +25.039 
[2025-06-10 08:53:27.751.518] [INFO  ] [Battery] SoC = 99%, Volt = +33.000V, Temp 27 
[2025-06-10 08:53:29.057.741] [INFO  ] [Controller] [Joints] FL: +26.772, +25.039, +25.039 ,FR: +26.772, +26.772, +26.772, HL: 26.772, +26.772, +26.772, HR: +26.772, +26.772, +26.772 Max FL-HipX = +26.772 Min FL-HipY = +25.039 
[2025-06-10 08:53:31.557.739] [INFO  ] [Controller] [Joints] FL: +26.772, +25.039, +25.039 ,FR: +26.772, +26.772, +26.772, HL: 26.772, +26.772, +26.772, HR: +26.772, +26.772, +26.772 Max FL-HipX = +26.772 Min FL-HipY = +25.039 
[2025-06-10 08:53:32.736.796] [INFO  ] [Battery] SoC = 99%, Volt = +33.000V, Temp 27 
[2025-06-10 08:53:34.057.738] [INFO  ] [Controller] [Joints] FL: +26.772, +25.039, +25.039 ,FR: +26.772, +26.772, +26.772, HL: 26.772, +26.772, +26.772, HR: +26.772, +26.772, +26.772 Max FL-HipX = +26.772 Min FL-HipY = +25.039 
[2025-06-10 08:53:36.557.740] [INFO  ] [Controller] [Joints] FL: +26.772, +25.039, +25.039 ,FR: +26.772, +26.772, +26.772, HL: 26.772, +26.772, +26.772, HR: +26.772, +26.772, +26.772 Max FL-HipX = +26.772 Min FL-HipY = +25.039 
[2025-06-10 08:53:37.722.066] [INFO  ] [Battery] SoC = 99%, Volt = +33.000V, Temp 27 
[2025-06-10 08:53:39.057.745] [INFO  ] [Controller] [Joints] FL: +26.772, +25.039, +25.039 ,FR: +26.772, +26.772, +26.772, HL: 26.772, +26.772, +26.772, HR: +26.772, +26.772, +26.772 Max FL-HipX = +26.772 Min FL-HipY = +25.039 
[2025-06-10 08:53:41.557.744] [INFO  ] [Controller] [Joints] FL: +26.772, +25.039, +25.039 ,FR: +26.772, +26.772, +26.772, HL: 26.772, +26.772, +26.772, HR: +26.772, +26.772, +26.772 Max FL-HipX = +26.772 Min FL-HipY = +25.039 
[2025-06-10 08:53:42.707.577] [INFO  ] [Battery] SoC = 99%, Volt = +33.000V, Temp 27 
[2025-06-10 08:53:44.057.742] [INFO  ] [Controller] [Joints] FL: +26.772, +25.039, +25.039 ,FR: +26.772, +26.772, +26.772, HL: 26.772, +26.772, +26.772, HR: +26.772, +26.772, +26.772 Max FL-HipX = +26.772 Min FL-HipY = +25.039 
[2025-06-10 08:53:46.557.738] [INFO  ] [Controller] [Joints] FL: +26.772, +25.039, +25.039 ,FR: +26.772, +26.772, +26.772, HL: 26.772, +26.772, +26.772, HR: +26.772, +26.772, +26.772 Max FL-HipX = +26.772 Min FL-HipY = +25.039 
[2025-06-10 08:53:47.692.993] [INFO  ] [Battery] SoC = 99%, Volt = +33.000V, Temp 27 
[2025-06-10 08:53:49.057.737] [INFO  ] [Controller] [Joints] FL: +26.772, +26.772, +25.039 ,FR: +26.772, +26.772, +26.772, HL: 26.772, +26.772, +26.772, HR: +26.772, +26.772, +26.772 Max FL-HipX = +26.772 Min FL-Knee = +25.039 
[2025-06-10 08:53:51.557.737] [INFO  ] [Controller] [Joints] FL: +26.772, +26.772, +25.039 ,FR: +26.772, +26.772, +26.772, HL: 26.772, +26.772, +26.772, HR: +26.772, +26.772, +26.772 Max FL-HipX = +26.772 Min FL-Knee = +25.039 
[2025-06-10 08:53:52.678.353] [INFO  ] [Battery] SoC = 99%, Volt = +33.000V, Temp 27 
[2025-06-10 08:53:54.057.740] [INFO  ] [Controller] [Joints] FL: +26.772, +26.772, +25.039 ,FR: +26.772, +26.772, +26.772, HL: 26.772, +26.772, +26.772, HR: +26.772, +26.772, +26.772 Max FL-HipX = +26.772 Min FL-Knee = +25.039 
[2025-06-10 08:53:56.557.736] [INFO  ] [Controller] [Joints] FL: +26.772, +26.772, +25.039 ,FR: +26.772, +26.772, +26.772, HL: 26.772, +26.772, +26.772, HR: +26.772, +26.772, +26.772 Max FL-HipX = +26.772 Min FL-Knee = +25.039 
[2025-06-10 08:53:57.663.717] [INFO  ] [Battery] SoC = 99%, Volt = +33.000V, Temp 27 
[2025-06-10 08:53:59.057.739] [INFO  ] [Controller] [Joints] FL: +26.772, +26.772, +25.039 ,FR: +26.772, +26.772, +26.772, HL: 26.772, +26.772, +26.772, HR: +26.772, +26.772, +26.772 Max FL-HipX = +26.772 Min FL-Knee = +25.039 
[2025-06-10 08:54:01.557.739] [INFO  ] [Controller] [Joints] FL: +26.772, +26.772, +25.039 ,FR: +26.772, +26.772, +26.772, HL: 26.772, +26.772, +26.772, HR: +26.772, +26.772, +26.772 Max FL-HipX = +26.772 Min FL-Knee = +25.039 
[2025-06-10 08:54:02.648.924] [INFO  ] [Battery] SoC = 99%, Volt = +33.000V, Temp 27 
[2025-06-10 08:54:04.057.738] [INFO  ] [Controller] [Joints] FL: +26.772, +26.772, +25.039 ,FR: +26.772, +26.772, +26.772, HL: 26.772, +26.772, +26.772, HR: +26.772, +26.772, +26.772 Max FL-HipX = +26.772 Min FL-Knee = +25.039 
[2025-06-10 08:54:06.557.739] [INFO  ] [Controller] [Joints] FL: +26.772, +26.772, +25.039 ,FR: +26.772, +26.772, +26.772, HL: 26.772, +26.772, +26.772, HR: +26.772, +26.772, +26.772 Max FL-HipX = +26.772 Min FL-Knee = +25.039 
[2025-06-10 08:54:07.481.722] [INFO  ] [Controller] [AI Close] 
[2025-06-10 08:54:07.634.230] [INFO  ] [Battery] SoC = 99%, Volt = +33.000V, Temp 27 
[2025-06-10 08:54:08.435.859] [INFO  ] [Controller] Switch to Joystick Mode!!! 
[2025-06-10 08:54:09.057.739] [INFO  ] [Controller] [Joints] FL: +26.772, +26.772, +25.039 ,FR: +26.772, +26.772, +26.772, HL: 26.772, +26.772, +26.772, HR: +26.772, +26.772, +26.772 Max FL-HipX = +26.772 Min FL-Knee = +25.039 
[2025-06-10 08:54:10.675.722] [INFO  ] [Controller] stand_cmd.... 
[2025-06-10 08:54:10.675.768] [INFO  ] [BasicMotion] Standing up, please wait... 
[2025-06-10 08:54:10.675.772] [INFO  ] [BasicMotion] Switching to zeroposition !!!!! 
[2025-06-10 08:54:11.557.743] [INFO  ] [Controller] [Joints] FL: +26.772, +26.772, +25.039 ,FR: +26.772, +26.772, +26.772, HL: 26.772, +26.772, +26.772, HR: +26.772, +26.772, +26.772 Max FL-HipX = +26.772 Min FL-Knee = +25.039 
[2025-06-10 08:54:12.619.525] [INFO  ] [Battery] SoC = 99%, Volt = +32.900V, Temp 27 
[2025-06-10 08:54:14.057.744] [INFO  ] [Controller] [Joints] FL: +26.772, +26.772, +25.039 ,FR: +26.772, +26.772, +26.772, HL: 26.772, +26.772, +26.772, HR: +26.772, +26.772, +26.772 Max FL-HipX = +26.772 Min FL-Knee = +25.039 
[2025-06-10 08:54:16.177.725] [INFO  ] [BasicMotion] Standing up, please wait... 
[2025-06-10 08:54:16.558.734] [INFO  ] [Controller] [Joints] FL: +26.772, +26.772, +25.039 ,FR: +26.772, +26.772, +26.772, HL: 26.772, +26.772, +26.772, HR: +26.772, +26.772, +26.772 Max FL-HipX = +26.772 Min FL-Knee = +25.039 
[2025-06-10 08:54:17.604.814] [INFO  ] [Battery] SoC = 99%, Volt = +32.700V, Temp 27 
[2025-06-10 08:54:18.178.729] [INFO  ] [BasicMotion] Stand up action has finished, waitting to switch to force control mode! 
[2025-06-10 08:54:18.178.770] [INFO  ] [BasicMotion] Switching to force control mode, please wait... 
[2025-06-10 08:54:19.058.739] [INFO  ] [Controller] [Joints] FL: +26.772, +26.772, +25.039 ,FR: +26.772, +26.772, +26.772, HL: 26.772, +26.772, +26.772, HR: +26.772, +26.772, +26.772 Max FL-HipX = +26.772 Min FL-Knee = +25.039 
[2025-06-10 08:54:21.558.737] [INFO  ] [Controller] [Joints] FL: +26.772, +26.772, +26.772 ,FR: +26.772, +26.772, +26.772, HL: 28.504, +26.772, +26.772, HR: +28.504, +26.772, +26.772 Max HL-HipX = +28.504 Min FL-HipX = +26.772 
[2025-06-10 08:54:22.590.233] [INFO  ] [Battery] SoC = 99%, Volt = +32.800V, Temp 27 
[2025-06-10 08:54:24.058.737] [INFO  ] [Controller] [Joints] FL: +26.772, +26.772, +26.772 ,FR: +26.772, +26.772, +26.772, HL: 28.504, +26.772, +26.772, HR: +28.504, +26.772, +28.504 Max HL-HipX = +28.504 Min FL-HipX = +26.772 
[2025-06-10 08:54:26.558.739] [INFO  ] [Controller] [Joints] FL: +26.772, +26.772, +26.772 ,FR: +26.772, +26.772, +26.772, HL: 28.504, +26.772, +26.772, HR: +30.236, +26.772, +28.504 Max HR-HipX = +30.236 Min FL-HipX = +26.772 
[2025-06-10 08:54:27.575.584] [INFO  ] [Battery] SoC = 99%, Volt = +32.800V, Temp 27 
[2025-06-10 08:54:28.679.821] [INFO  ] [Controller] Voice status : 1 
[2025-06-10 08:54:29.058.738] [INFO  ] [Controller] [Joints] FL: +26.772, +26.772, +26.772 ,FR: +26.772, +26.772, +26.772, HL: 30.236, +26.772, +28.504, HR: +30.236, +26.772, +28.504 Max HL-HipX = +30.236 Min FL-HipX = +26.772 
[2025-06-10 08:54:31.558.739] [INFO  ] [Controller] [Joints] FL: +26.772, +26.772, +26.772 ,FR: +26.772, +26.772, +26.772, HL: 30.236, +26.772, +28.504, HR: +31.969, +26.772, +30.236 Max HR-HipX = +31.969 Min FL-HipX = +26.772 
[2025-06-10 08:54:32.560.967] [INFO  ] [Battery] SoC = 99%, Volt = +32.800V, Temp 27 
[2025-06-10 08:54:34.058.737] [INFO  ] [Controller] [Joints] FL: +26.772, +26.772, +26.772 ,FR: +26.772, +26.772, +26.772, HL: 31.969, +26.772, +28.504, HR: +31.969, +26.772, +30.236 Max HL-HipX = +31.969 Min FL-HipX = +26.772 
[2025-06-10 08:54:35.470.719] [INFO  ] [Controller] [AI Close] 
[2025-06-10 08:54:36.460.719] [INFO  ] [Controller] Switch to Joystick Mode!!! 
[2025-06-10 08:54:36.558.736] [INFO  ] [Controller] [Joints] FL: +26.772, +26.772, +26.772 ,FR: +26.772, +26.772, +26.772, HL: 31.969, +26.772, +28.504, HR: +33.701, +26.772, +30.236 Max HR-HipX = +33.701 Min FL-HipX = +26.772 
[2025-06-10 08:54:37.546.310] [INFO  ] [Battery] SoC = 99%, Volt = +32.800V, Temp 27 
[2025-06-10 08:54:39.058.736] [INFO  ] [Controller] [Joints] FL: +28.504, +26.772, +28.504 ,FR: +26.772, +26.772, +26.772, HL: 31.969, +26.772, +28.504, HR: +33.701, +26.772, +30.236 Max HR-HipX = +33.701 Min FL-HipY = +26.772 
[2025-06-10 08:54:41.558.737] [INFO  ] [Controller] [Joints] FL: +28.504, +26.772, +28.504 ,FR: +26.772, +26.772, +26.772, HL: 33.701, +26.772, +30.236, HR: +35.433, +26.772, +31.969 Max HR-HipX = +35.433 Min FL-HipY = +26.772 
[2025-06-10 08:54:42.531.564] [INFO  ] [Battery] SoC = 98%, Volt = +32.800V, Temp 27 
[2025-06-10 08:54:44.058.739] [INFO  ] [Controller] [Joints] FL: +28.504, +26.772, +28.504 ,FR: +26.772, +26.772, +26.772, HL: 33.701, +26.772, +30.236, HR: +35.433, +26.772, +31.969 Max HR-HipX = +35.433 Min FL-HipY = +26.772 
[2025-06-10 08:54:46.558.738] [INFO  ] [Controller] [Joints] FL: +28.504, +26.772, +28.504 ,FR: +26.772, +26.772, +26.772, HL: 33.701, +26.772, +30.236, HR: +35.433, +26.772, +31.969 Max HR-HipX = +35.433 Min FL-HipY = +26.772 
[2025-06-10 08:54:47.516.789] [INFO  ] [Battery] SoC = 98%, Volt = +32.800V, Temp 27 
[2025-06-10 08:54:49.058.740] [INFO  ] [Controller] [Joints] FL: +28.504, +26.772, +28.504 ,FR: +26.772, +26.772, +26.772, HL: 33.701, +26.772, +30.236, HR: +37.165, +26.772, +31.969 Max HR-HipX = +37.165 Min FL-HipY = +26.772 
[2025-06-10 08:54:51.558.743] [INFO  ] [Controller] [Joints] FL: +28.504, +26.772, +28.504 ,FR: +28.504, +26.772, +26.772, HL: 35.433, +26.772, +30.236, HR: +37.165, +26.772, +31.969 Max HR-HipX = +37.165 Min FL-HipY = +26.772 
[2025-06-10 08:54:52.501.953] [INFO  ] [Battery] SoC = 98%, Volt = +32.800V, Temp 27 
[2025-06-10 08:54:54.058.741] [INFO  ] [Controller] [Joints] FL: +28.504, +26.772, +28.504 ,FR: +28.504, +26.772, +26.772, HL: 35.433, +26.772, +30.236, HR: +37.165, +26.772, +31.969 Max HR-HipX = +37.165 Min FL-HipY = +26.772 
[2025-06-10 08:54:56.558.736] [INFO  ] [Controller] [Joints] FL: +28.504, +26.772, +28.504 ,FR: +28.504, +26.772, +26.772, HL: 35.433, +26.772, +30.236, HR: +38.898, +26.772, +33.701 Max HR-HipX = +38.898 Min FL-HipY = +26.772 
[2025-06-10 08:54:57.487.109] [INFO  ] [Battery] SoC = 98%, Volt = +32.800V, Temp 27 
[2025-06-10 08:54:59.058.740] [INFO  ] [Controller] [Joints] FL: +28.504, +26.772, +28.504 ,FR: +28.504, +26.772, +26.772, HL: 35.433, +26.772, +30.236, HR: +38.898, +26.772, +33.701 Max HR-HipX = +38.898 Min FL-HipY = +26.772 
[2025-06-10 08:55:01.558.739] [INFO  ] [Controller] [Joints] FL: +28.504, +26.772, +28.504 ,FR: +28.504, +26.772, +26.772, HL: 37.165, +26.772, +30.236, HR: +38.898, +26.772, +33.701 Max HR-HipX = +38.898 Min FL-HipY = +26.772 
[2025-06-10 08:55:02.472.490] [INFO  ] [Battery] SoC = 98%, Volt = +32.800V, Temp 27 
[2025-06-10 08:55:04.058.739] [INFO  ] [Controller] [Joints] FL: +28.504, +26.772, +28.504 ,FR: +28.504, +26.772, +26.772, HL: 37.165, +26.772, +31.969, HR: +38.898, +26.772, +33.701 Max HR-HipX = +38.898 Min FL-HipY = +26.772 
[2025-06-10 08:55:06.558.739] [INFO  ] [Controller] [Joints] FL: +28.504, +26.772, +28.504 ,FR: +28.504, +26.772, +26.772, HL: 37.165, +26.772, +31.969, HR: +40.630, +26.772, +33.701 Max HR-HipX = +40.630 Min FL-HipY = +26.772 
[2025-06-10 08:55:07.457.766] [INFO  ] [Battery] SoC = 98%, Volt = +32.700V, Temp 27 
[2025-06-10 08:55:09.058.739] [INFO  ] [Controller] [Joints] FL: +28.504, +26.772, +30.236 ,FR: +28.504, +26.772, +26.772, HL: 37.165, +26.772, +31.969, HR: +40.630, +26.772, +33.701 Max HR-HipX = +40.630 Min FL-HipY = +26.772 
[2025-06-10 08:55:11.558.739] [INFO  ] [Controller] [Joints] FL: +28.504, +26.772, +30.236 ,FR: +28.504, +26.772, +26.772, HL: 37.165, +26.772, +31.969, HR: +40.630, +26.772, +33.701 Max HR-HipX = +40.630 Min FL-HipY = +26.772 
[2025-06-10 08:55:12.443.065] [INFO  ] [Battery] SoC = 98%, Volt = +32.700V, Temp 27 
[2025-06-10 08:55:14.058.737] [INFO  ] [Controller] [Joints] FL: +30.236, +26.772, +30.236 ,FR: +28.504, +26.772, +26.772, HL: 37.165, +26.772, +31.969, HR: +40.630, +26.772, +35.433 Max HR-HipX = +40.630 Min FL-HipY = +26.772 
[2025-06-10 08:55:16.558.736] [INFO  ] [Controller] [Joints] FL: +30.236, +26.772, +30.236 ,FR: +28.504, +26.772, +26.772, HL: 37.165, +26.772, +31.969, HR: +40.630, +26.772, +35.433 Max HR-HipX = +40.630 Min FL-HipY = +26.772 
[2025-06-10 08:55:17.428.345] [INFO  ] [Battery] SoC = 98%, Volt = +32.700V, Temp 27 
[2025-06-10 08:55:19.058.739] [INFO  ] [Controller] [Joints] FL: +30.236, +26.772, +30.236 ,FR: +28.504, +26.772, +26.772, HL: 38.898, +26.772, +31.969, HR: +40.630, +26.772, +35.433 Max HR-HipX = +40.630 Min FL-HipY = +26.772 
[2025-06-10 08:55:21.558.740] [INFO  ] [Controller] [Joints] FL: +30.236, +26.772, +30.236 ,FR: +28.504, +26.772, +26.772, HL: 38.898, +26.772, +31.969, HR: +42.362, +26.772, +35.433 Max HR-HipX = +42.362 Min FL-HipY = +26.772 
[2025-06-10 08:55:22.413.508] [INFO  ] [Battery] SoC = 98%, Volt = +32.700V, Temp 27 
[2025-06-10 08:55:24.058.740] [INFO  ] [Controller] [Joints] FL: +30.236, +26.772, +30.236 ,FR: +28.504, +26.772, +26.772, HL: 38.898, +26.772, +31.969, HR: +42.362, +26.772, +35.433 Max HR-HipX = +42.362 Min FL-HipY = +26.772 
[2025-06-10 08:55:26.558.737] [INFO  ] [Controller] [Joints] FL: +30.236, +26.772, +30.236 ,FR: +28.504, +26.772, +26.772, HL: 38.898, +28.504, +31.969, HR: +42.362, +26.772, +35.433 Max HR-HipX = +42.362 Min FL-HipY = +26.772 
[2025-06-10 08:55:27.398.717] [INFO  ] [Battery] SoC = 98%, Volt = +32.700V, Temp 27 
[2025-06-10 08:55:29.058.738] [INFO  ] [Controller] [Joints] FL: +30.236, +26.772, +30.236 ,FR: +28.504, +26.772, +26.772, HL: 38.898, +28.504, +31.969, HR: +42.362, +26.772, +35.433 Max HR-HipX = +42.362 Min FL-HipY = +26.772 
[2025-06-10 08:55:31.558.736] [INFO  ] [Controller] [Joints] FL: +30.236, +26.772, +30.236 ,FR: +28.504, +26.772, +26.772, HL: 38.898, +28.504, +31.969, HR: +42.362, +26.772, +35.433 Max HR-HipX = +42.362 Min FL-HipY = +26.772 
[2025-06-10 08:55:32.383.826] [INFO  ] [Battery] SoC = 98%, Volt = +32.700V, Temp 27 
[2025-06-10 08:55:34.058.729] [INFO  ] [Controller] [Joints] FL: +30.236, +26.772, +30.236 ,FR: +28.504, +26.772, +26.772, HL: 38.898, +28.504, +31.969, HR: +42.362, +26.772, +35.433 Max HR-HipX = +42.362 Min FL-HipY = +26.772 
[2025-06-10 08:55:36.558.737] [INFO  ] [Controller] [Joints] FL: +30.236, +26.772, +30.236 ,FR: +28.504, +26.772, +26.772, HL: 38.898, +28.504, +31.969, HR: +42.362, +26.772, +35.433 Max HR-HipX = +42.362 Min FL-HipY = +26.772 
[2025-06-10 08:55:37.368.916] [INFO  ] [Battery] SoC = 98%, Volt = +32.700V, Temp 27 
[2025-06-10 08:55:39.058.737] [INFO  ] [Controller] [Joints] FL: +30.236, +26.772, +30.236 ,FR: +28.504, +26.772, +26.772, HL: 38.898, +28.504, +31.969, HR: +44.094, +26.772, +35.433 Max HR-HipX = +44.094 Min FL-HipY = +26.772 
[2025-06-10 08:55:41.558.736] [INFO  ] [Controller] [Joints] FL: +30.236, +26.772, +30.236 ,FR: +28.504, +26.772, +26.772, HL: 38.898, +28.504, +31.969, HR: +44.094, +26.772, +35.433 Max HR-HipX = +44.094 Min FL-HipY = +26.772 
[2025-06-10 08:55:42.354.051] [INFO  ] [Battery] SoC = 98%, Volt = +32.700V, Temp 27 
[2025-06-10 08:55:44.058.736] [INFO  ] [Controller] [Joints] FL: +30.236, +26.772, +30.236 ,FR: +28.504, +26.772, +26.772, HL: 40.630, +28.504, +33.701, HR: +44.094, +26.772, +35.433 Max HR-HipX = +44.094 Min FL-HipY = +26.772 
[2025-06-10 08:55:46.558.737] [INFO  ] [Controller] [Joints] FL: +30.236, +26.772, +30.236 ,FR: +28.504, +26.772, +26.772, HL: 40.630, +28.504, +33.701, HR: +44.094, +26.772, +35.433 Max HR-HipX = +44.094 Min FL-HipY = +26.772 
[2025-06-10 08:55:47.339.250] [INFO  ] [Battery] SoC = 98%, Volt = +32.700V, Temp 27 
[2025-06-10 08:55:49.058.739] [INFO  ] [Controller] [Joints] FL: +30.236, +26.772, +30.236 ,FR: +28.504, +26.772, +26.772, HL: 40.630, +28.504, +33.701, HR: +44.094, +26.772, +37.165 Max HR-HipX = +44.094 Min FL-HipY = +26.772 
[2025-06-10 08:55:51.558.738] [INFO  ] [Controller] [Joints] FL: +30.236, +26.772, +30.236 ,FR: +28.504, +26.772, +26.772, HL: 40.630, +28.504, +33.701, HR: +44.094, +26.772, +37.165 Max HR-HipX = +44.094 Min FL-HipY = +26.772 
[2025-06-10 08:55:52.324.389] [INFO  ] [Battery] SoC = 98%, Volt = +32.700V, Temp 27 
[2025-06-10 08:55:54.058.736] [INFO  ] [Controller] [Joints] FL: +30.236, +26.772, +30.236 ,FR: +28.504, +26.772, +26.772, HL: 40.630, +28.504, +33.701, HR: +44.094, +26.772, +37.165 Max HR-HipX = +44.094 Min FL-HipY = +26.772 
[2025-06-10 08:55:56.558.737] [INFO  ] [Controller] [Joints] FL: +30.236, +26.772, +30.236 ,FR: +28.504, +26.772, +26.772, HL: 40.630, +28.504, +33.701, HR: +44.094, +26.772, +37.165 Max HR-HipX = +44.094 Min FL-HipY = +26.772 
[2025-06-10 08:55:57.309.631] [INFO  ] [Battery] SoC = 98%, Volt = +32.700V, Temp 27 
[2025-06-10 08:55:59.058.737] [INFO  ] [Controller] [Joints] FL: +30.236, +26.772, +30.236 ,FR: +28.504, +26.772, +26.772, HL: 40.630, +28.504, +33.701, HR: +44.094, +26.772, +37.165 Max HR-HipX = +44.094 Min FL-HipY = +26.772 
[2025-06-10 08:56:01.558.727] [INFO  ] [Controller] [Joints] FL: +30.236, +26.772, +30.236 ,FR: +28.504, +26.772, +26.772, HL: 40.630, +28.504, +33.701, HR: +44.094, +26.772, +37.165 Max HR-HipX = +44.094 Min FL-HipY = +26.772 
[2025-06-10 08:56:02.294.740] [INFO  ] [Battery] SoC = 98%, Volt = +32.700V, Temp 27 
[2025-06-10 08:56:04.058.738] [INFO  ] [Controller] [Joints] FL: +30.236, +26.772, +30.236 ,FR: +28.504, +26.772, +26.772, HL: 40.630, +28.504, +33.701, HR: +44.094, +26.772, +37.165 Max HR-HipX = +44.094 Min FL-HipY = +26.772 
[2025-06-10 08:56:06.558.736] [INFO  ] [Controller] [Joints] FL: +30.236, +26.772, +30.236 ,FR: +28.504, +26.772, +26.772, HL: 40.630, +28.504, +33.701, HR: +45.827, +26.772, +37.165 Max HR-HipX = +45.827 Min FL-HipY = +26.772 
[2025-06-10 08:56:07.279.970] [INFO  ] [Battery] SoC = 98%, Volt = +32.700V, Temp 27 
[2025-06-10 08:56:09.058.735] [INFO  ] [Controller] [Joints] FL: +30.236, +26.772, +30.236 ,FR: +28.504, +26.772, +26.772, HL: 40.630, +28.504, +33.701, HR: +45.827, +26.772, +37.165 Max HR-HipX = +45.827 Min FL-HipY = +26.772 
[2025-06-10 08:56:11.558.741] [INFO  ] [Controller] [Joints] FL: +30.236, +26.772, +30.236 ,FR: +28.504, +26.772, +26.772, HL: 40.630, +28.504, +33.701, HR: +45.827, +26.772, +37.165 Max HR-HipX = +45.827 Min FL-HipY = +26.772 
[2025-06-10 08:56:12.265.165] [INFO  ] [Battery] SoC = 98%, Volt = +32.700V, Temp 27 
[2025-06-10 08:56:14.058.738] [INFO  ] [Controller] [Joints] FL: +30.236, +26.772, +30.236 ,FR: +28.504, +26.772, +26.772, HL: 40.630, +28.504, +33.701, HR: +45.827, +26.772, +37.165 Max HR-HipX = +45.827 Min FL-HipY = +26.772 
[2025-06-10 08:56:16.558.742] [INFO  ] [Controller] [Joints] FL: +31.969, +26.772, +30.236 ,FR: +28.504, +26.772, +26.772, HL: 40.630, +28.504, +33.701, HR: +45.827, +26.772, +37.165 Max HR-HipX = +45.827 Min FL-HipY = +26.772 
[2025-06-10 08:56:17.250.343] [INFO  ] [Battery] SoC = 97%, Volt = +32.600V, Temp 27 
[2025-06-10 08:56:19.058.736] [INFO  ] [Controller] [Joints] FL: +31.969, +26.772, +30.236 ,FR: +28.504, +26.772, +26.772, HL: 40.630, +28.504, +33.701, HR: +45.827, +26.772, +37.165 Max HR-HipX = +45.827 Min FL-HipY = +26.772 
[2025-06-10 08:56:21.558.742] [INFO  ] [Controller] [Joints] FL: +31.969, +26.772, +30.236 ,FR: +30.236, +26.772, +26.772, HL: 42.362, +28.504, +33.701, HR: +45.827, +26.772, +37.165 Max HR-HipX = +45.827 Min FL-HipY = +26.772 
[2025-06-10 08:56:22.235.624] [INFO  ] [Battery] SoC = 97%, Volt = +32.600V, Temp 27 
[2025-06-10 08:56:24.058.738] [INFO  ] [Controller] [Joints] FL: +31.969, +26.772, +30.236 ,FR: +30.236, +26.772, +26.772, HL: 42.362, +28.504, +33.701, HR: +45.827, +26.772, +37.165 Max HR-HipX = +45.827 Min FL-HipY = +26.772 
[2025-06-10 08:56:25.081.117] [ERROR ] [RT-CAN] [Error] can3 0x84 send error count 1
 
[2025-06-10 08:56:26.558.741] [INFO  ] [Controller] [Joints] FL: +31.969, +26.772, +30.236 ,FR: +30.236, +26.772, +26.772, HL: 42.362, +28.504, +33.701, HR: +45.827, +26.772, +37.165 Max HR-HipX = +45.827 Min FL-HipY = +26.772 
[2025-06-10 08:56:27.220.724] [INFO  ] [Battery] SoC = 97%, Volt = +32.600V, Temp 27 
[2025-06-10 08:56:29.058.739] [INFO  ] [Controller] [Joints] FL: +31.969, +26.772, +30.236 ,FR: +30.236, +26.772, +26.772, HL: 42.362, +28.504, +33.701, HR: +45.827, +26.772, +37.165 Max HR-HipX = +45.827 Min FL-HipY = +26.772 
[2025-06-10 08:56:31.558.738] [INFO  ] [Controller] [Joints] FL: +31.969, +26.772, +30.236 ,FR: +30.236, +26.772, +26.772, HL: 42.362, +28.504, +33.701, HR: +45.827, +26.772, +37.165 Max HR-HipX = +45.827 Min FL-HipY = +26.772 
[2025-06-10 08:56:32.205.890] [INFO  ] [Battery] SoC = 97%, Volt = +32.600V, Temp 27 
[2025-06-10 08:56:34.058.738] [INFO  ] [Controller] [Joints] FL: +31.969, +26.772, +30.236 ,FR: +30.236, +26.772, +26.772, HL: 42.362, +28.504, +33.701, HR: +45.827, +26.772, +37.165 Max HR-HipX = +45.827 Min FL-HipY = +26.772 
[2025-06-10 08:56:36.558.740] [INFO  ] [Controller] [Joints] FL: +31.969, +26.772, +30.236 ,FR: +30.236, +26.772, +28.504, HL: 42.362, +28.504, +33.701, HR: +45.827, +26.772, +37.165 Max HR-HipX = +45.827 Min FL-HipY = +26.772 
[2025-06-10 08:56:37.191.141] [INFO  ] [Battery] SoC = 97%, Volt = +32.600V, Temp 27 
[2025-06-10 08:56:39.058.740] [INFO  ] [Controller] [Joints] FL: +31.969, +26.772, +30.236 ,FR: +30.236, +26.772, +28.504, HL: 42.362, +28.504, +33.701, HR: +45.827, +26.772, +37.165 Max HR-HipX = +45.827 Min FL-HipY = +26.772 
[2025-06-10 08:56:41.558.738] [INFO  ] [Controller] [Joints] FL: +31.969, +26.772, +30.236 ,FR: +30.236, +26.772, +28.504, HL: 42.362, +28.504, +33.701, HR: +47.559, +26.772, +37.165 Max HR-HipX = +47.559 Min FL-HipY = +26.772 
[2025-06-10 08:56:42.176.254] [INFO  ] [Battery] SoC = 97%, Volt = +32.600V, Temp 27 
[2025-06-10 08:56:44.058.740] [INFO  ] [Controller] [Joints] FL: +31.969, +26.772, +31.969 ,FR: +30.236, +26.772, +28.504, HL: 42.362, +28.504, +33.701, HR: +47.559, +28.504, +37.165 Max HR-HipX = +47.559 Min FL-HipY = +26.772 
[2025-06-10 08:56:46.558.739] [INFO  ] [Controller] [Joints] FL: +31.969, +26.772, +31.969 ,FR: +30.236, +26.772, +28.504, HL: 42.362, +28.504, +33.701, HR: +47.559, +28.504, +37.165 Max HR-HipX = +47.559 Min FL-HipY = +26.772 
[2025-06-10 08:56:47.161.552] [INFO  ] [Battery] SoC = 97%, Volt = +32.600V, Temp 27 
[2025-06-10 08:56:49.058.740] [INFO  ] [Controller] [Joints] FL: +31.969, +26.772, +31.969 ,FR: +30.236, +26.772, +28.504, HL: 42.362, +28.504, +33.701, HR: +47.559, +28.504, +37.165 Max HR-HipX = +47.559 Min FL-HipY = +26.772 
[2025-06-10 08:56:51.558.742] [INFO  ] [Controller] [Joints] FL: +31.969, +26.772, +31.969 ,FR: +30.236, +26.772, +28.504, HL: 42.362, +28.504, +33.701, HR: +47.559, +28.504, +37.165 Max HR-HipX = +47.559 Min FL-HipY = +26.772 
[2025-06-10 08:56:52.146.760] [INFO  ] [Battery] SoC = 97%, Volt = +32.600V, Temp 27 
[2025-06-10 08:56:54.058.739] [INFO  ] [Controller] [Joints] FL: +31.969, +26.772, +31.969 ,FR: +30.236, +26.772, +28.504, HL: 42.362, +28.504, +33.701, HR: +47.559, +28.504, +38.898 Max HR-HipX = +47.559 Min FL-HipY = +26.772 
[2025-06-10 08:56:56.558.739] [INFO  ] [Controller] [Joints] FL: +31.969, +26.772, +31.969 ,FR: +30.236, +26.772, +28.504, HL: 42.362, +28.504, +33.701, HR: +47.559, +28.504, +38.898 Max HR-HipX = +47.559 Min FL-HipY = +26.772 
[2025-06-10 08:56:57.131.945] [INFO  ] [Battery] SoC = 97%, Volt = +32.600V, Temp 27 
[2025-06-10 08:56:59.058.739] [INFO  ] [Controller] [Joints] FL: +31.969, +26.772, +31.969 ,FR: +30.236, +26.772, +28.504, HL: 42.362, +28.504, +33.701, HR: +47.559, +28.504, +38.898 Max HR-HipX = +47.559 Min FL-HipY = +26.772 
[2025-06-10 08:57:01.558.736] [INFO  ] [Controller] [Joints] FL: +31.969, +26.772, +31.969 ,FR: +30.236, +26.772, +28.504, HL: 42.362, +28.504, +33.701, HR: +47.559, +28.504, +38.898 Max HR-HipX = +47.559 Min FL-HipY = +26.772 
[2025-06-10 08:57:02.117.061] [INFO  ] [Battery] SoC = 97%, Volt = +32.600V, Temp 27 
[2025-06-10 08:57:04.058.739] [INFO  ] [Controller] [Joints] FL: +31.969, +26.772, +31.969 ,FR: +30.236, +26.772, +28.504, HL: 42.362, +28.504, +35.433, HR: +47.559, +28.504, +38.898 Max HR-HipX = +47.559 Min FL-HipY = +26.772 
[2025-06-10 08:57:06.558.740] [INFO  ] [Controller] [Joints] FL: +31.969, +26.772, +31.969 ,FR: +30.236, +26.772, +28.504, HL: 42.362, +28.504, +35.433, HR: +47.559, +28.504, +38.898 Max HR-HipX = +47.559 Min FL-HipY = +26.772 
[2025-06-10 08:57:07.102.271] [INFO  ] [Battery] SoC = 97%, Volt = +32.600V, Temp 27 
[2025-06-10 08:57:09.058.738] [INFO  ] [Controller] [Joints] FL: +31.969, +26.772, +31.969 ,FR: +30.236, +26.772, +28.504, HL: 42.362, +28.504, +35.433, HR: +47.559, +28.504, +38.898 Max HR-HipX = +47.559 Min FL-HipY = +26.772 
[2025-06-10 08:57:11.558.740] [INFO  ] [Controller] [Joints] FL: +31.969, +26.772, +31.969 ,FR: +30.236, +26.772, +28.504, HL: 42.362, +28.504, +35.433, HR: +47.559, +28.504, +38.898 Max HR-HipX = +47.559 Min FL-HipY = +26.772 
[2025-06-10 08:57:12.087.501] [INFO  ] [Battery] SoC = 97%, Volt = +32.600V, Temp 27 
[2025-06-10 08:57:14.058.738] [INFO  ] [Controller] [Joints] FL: +31.969, +26.772, +31.969 ,FR: +30.236, +26.772, +28.504, HL: 42.362, +28.504, +35.433, HR: +47.559, +28.504, +38.898 Max HR-HipX = +47.559 Min FL-HipY = +26.772 
[2025-06-10 08:57:16.558.739] [INFO  ] [Controller] [Joints] FL: +31.969, +26.772, +31.969 ,FR: +30.236, +28.504, +28.504, HL: 44.094, +28.504, +35.433, HR: +47.559, +28.504, +38.898 Max HR-HipX = +47.559 Min FL-HipY = +26.772 
[2025-06-10 08:57:17.072.733] [INFO  ] [Battery] SoC = 97%, Volt = +32.600V, Temp 27 
[2025-06-10 08:57:19.058.739] [INFO  ] [Controller] [Joints] FL: +31.969, +26.772, +31.969 ,FR: +30.236, +28.504, +28.504, HL: 44.094, +28.504, +35.433, HR: +47.559, +28.504, +38.898 Max HR-HipX = +47.559 Min FL-HipY = +26.772 
[2025-06-10 08:57:21.558.742] [INFO  ] [Controller] [Joints] FL: +31.969, +26.772, +31.969 ,FR: +30.236, +28.504, +28.504, HL: 44.094, +28.504, +35.433, HR: +47.559, +28.504, +38.898 Max HR-HipX = +47.559 Min FL-HipY = +26.772 
[2025-06-10 08:57:22.057.846] [INFO  ] [Battery] SoC = 97%, Volt = +32.600V, Temp 27 
[2025-06-10 08:57:24.058.739] [INFO  ] [Controller] [Joints] FL: +31.969, +26.772, +31.969 ,FR: +30.236, +28.504, +28.504, HL: 44.094, +28.504, +35.433, HR: +47.559, +28.504, +38.898 Max HR-HipX = +47.559 Min FL-HipY = +26.772 
[2025-06-10 08:57:26.558.738] [INFO  ] [Controller] [Joints] FL: +31.969, +26.772, +31.969 ,FR: +30.236, +28.504, +28.504, HL: 44.094, +28.504, +35.433, HR: +49.291, +28.504, +38.898 Max HR-HipX = +49.291 Min FL-HipY = +26.772 
[2025-06-10 08:57:27.042.878] [INFO  ] [Battery] SoC = 97%, Volt = +32.600V, Temp 27 
[2025-06-10 08:57:29.058.738] [INFO  ] [Controller] [Joints] FL: +31.969, +26.772, +31.969 ,FR: +30.236, +28.504, +28.504, HL: 44.094, +28.504, +35.433, HR: +49.291, +28.504, +38.898 Max HR-HipX = +49.291 Min FL-HipY = +26.772 
[2025-06-10 08:57:31.558.737] [INFO  ] [Controller] [Joints] FL: +31.969, +26.772, +31.969 ,FR: +30.236, +28.504, +28.504, HL: 44.094, +28.504, +35.433, HR: +49.291, +28.504, +38.898 Max HR-HipX = +49.291 Min FL-HipY = +26.772 
[2025-06-10 08:57:32.027.939] [INFO  ] [Battery] SoC = 97%, Volt = +32.600V, Temp 27 
[2025-06-10 08:57:34.058.738] [INFO  ] [Controller] [Joints] FL: +31.969, +26.772, +31.969 ,FR: +30.236, +28.504, +28.504, HL: 44.094, +28.504, +35.433, HR: +49.291, +28.504, +38.898 Max HR-HipX = +49.291 Min FL-HipY = +26.772 
[2025-06-10 08:57:36.558.738] [INFO  ] [Controller] [Joints] FL: +31.969, +26.772, +31.969 ,FR: +30.236, +28.504, +28.504, HL: 44.094, +28.504, +35.433, HR: +49.291, +28.504, +38.898 Max HR-HipX = +49.291 Min FL-HipY = +26.772 
[2025-06-10 08:57:37.013.026] [INFO  ] [Battery] SoC = 97%, Volt = +32.600V, Temp 27 
[2025-06-10 08:57:39.058.735] [INFO  ] [Controller] [Joints] FL: +31.969, +26.772, +31.969 ,FR: +30.236, +28.504, +28.504, HL: 44.094, +28.504, +35.433, HR: +49.291, +28.504, +38.898 Max HR-HipX = +49.291 Min FL-HipY = +26.772 
[2025-06-10 08:57:41.558.739] [INFO  ] [Controller] [Joints] FL: +31.969, +26.772, +31.969 ,FR: +30.236, +28.504, +28.504, HL: 44.094, +28.504, +35.433, HR: +49.291, +28.504, +38.898 Max HR-HipX = +49.291 Min FL-HipY = +26.772 
[2025-06-10 08:57:41.998.240] [INFO  ] [Battery] SoC = 97%, Volt = +32.600V, Temp 27 
[2025-06-10 08:57:44.058.736] [INFO  ] [Controller] [Joints] FL: +31.969, +26.772, +31.969 ,FR: +30.236, +28.504, +28.504, HL: 44.094, +28.504, +35.433, HR: +49.291, +28.504, +38.898 Max HR-HipX = +49.291 Min FL-HipY = +26.772 
[2025-06-10 08:57:46.558.793] [INFO  ] [Controller] [Joints] FL: +31.969, +26.772, +31.969 ,FR: +30.236, +28.504, +28.504, HL: 44.094, +28.504, +35.433, HR: +49.291, +28.504, +38.898 Max HR-HipX = +49.291 Min FL-HipY = +26.772 
[2025-06-10 08:57:46.983.369] [INFO  ] [Battery] SoC = 96%, Volt = +32.500V, Temp 27 
[2025-06-10 08:57:49.058.740] [INFO  ] [Controller] [Joints] FL: +31.969, +26.772, +31.969 ,FR: +30.236, +28.504, +28.504, HL: 44.094, +28.504, +35.433, HR: +49.291, +28.504, +38.898 Max HR-HipX = +49.291 Min FL-HipY = +26.772 
[2025-06-10 08:57:51.558.740] [INFO  ] [Controller] [Joints] FL: +31.969, +26.772, +31.969 ,FR: +30.236, +28.504, +28.504, HL: 44.094, +28.504, +35.433, HR: +49.291, +28.504, +38.898 Max HR-HipX = +49.291 Min FL-HipY = +26.772 
[2025-06-10 08:57:51.968.503] [INFO  ] [Battery] SoC = 96%, Volt = +32.500V, Temp 27 
[2025-06-10 08:57:54.058.731] [INFO  ] [Controller] [Joints] FL: +33.701, +26.772, +31.969 ,FR: +31.969, +28.504, +28.504, HL: 44.094, +28.504, +35.433, HR: +49.291, +28.504, +38.898 Max HR-HipX = +49.291 Min FL-HipY = +26.772 
[2025-06-10 08:57:56.558.736] [INFO  ] [Controller] [Joints] FL: +33.701, +26.772, +31.969 ,FR: +31.969, +28.504, +28.504, HL: 44.094, +28.504, +35.433, HR: +49.291, +28.504, +38.898 Max HR-HipX = +49.291 Min FL-HipY = +26.772 
[2025-06-10 08:57:56.953.486] [INFO  ] [Battery] SoC = 96%, Volt = +32.500V, Temp 27 
[2025-06-10 08:57:59.058.737] [INFO  ] [Controller] [Joints] FL: +33.701, +26.772, +31.969 ,FR: +31.969, +28.504, +28.504, HL: 44.094, +28.504, +35.433, HR: +49.291, +28.504, +38.898 Max HR-HipX = +49.291 Min FL-HipY = +26.772 
[2025-06-10 08:58:01.558.738] [INFO  ] [Controller] [Joints] FL: +33.701, +26.772, +31.969 ,FR: +31.969, +28.504, +28.504, HL: 44.094, +28.504, +35.433, HR: +49.291, +28.504, +38.898 Max HR-HipX = +49.291 Min FL-HipY = +26.772 
[2025-06-10 08:58:01.938.558] [INFO  ] [Battery] SoC = 96%, Volt = +32.500V, Temp 27 
[2025-06-10 08:58:04.058.736] [INFO  ] [Controller] [Joints] FL: +33.701, +26.772, +31.969 ,FR: +31.969, +28.504, +28.504, HL: 44.094, +28.504, +35.433, HR: +49.291, +28.504, +38.898 Max HR-HipX = +49.291 Min FL-HipY = +26.772 
[2025-06-10 08:58:06.558.735] [INFO  ] [Controller] [Joints] FL: +33.701, +26.772, +31.969 ,FR: +31.969, +28.504, +28.504, HL: 44.094, +28.504, +35.433, HR: +49.291, +28.504, +38.898 Max HR-HipX = +49.291 Min FL-HipY = +26.772 
[2025-06-10 08:58:06.923.629] [INFO  ] [Battery] SoC = 96%, Volt = +32.500V, Temp 27 
[2025-06-10 08:58:07.488.057] [ERROR ] [RT-CAN] [Error] can3 0x84 send error count 2
 
[2025-06-10 08:58:09.058.738] [INFO  ] [Controller] [Joints] FL: +33.701, +26.772, +31.969 ,FR: +31.969, +28.504, +28.504, HL: 44.094, +28.504, +35.433, HR: +49.291, +28.504, +38.898 Max HR-HipX = +49.291 Min FL-HipY = +26.772 
[2025-06-10 08:58:11.558.740] [INFO  ] [Controller] [Joints] FL: +33.701, +26.772, +31.969 ,FR: +31.969, +28.504, +28.504, HL: 44.094, +28.504, +35.433, HR: +49.291, +28.504, +38.898 Max HR-HipX = +49.291 Min FL-HipY = +26.772 
[2025-06-10 08:58:11.908.713] [INFO  ] [Battery] SoC = 96%, Volt = +32.500V, Temp 27 
[2025-06-10 08:58:14.058.738] [INFO  ] [Controller] [Joints] FL: +33.701, +26.772, +31.969 ,FR: +31.969, +28.504, +28.504, HL: 44.094, +28.504, +35.433, HR: +49.291, +28.504, +38.898 Max HR-HipX = +49.291 Min FL-HipY = +26.772 
[2025-06-10 08:58:16.558.738] [INFO  ] [Controller] [Joints] FL: +33.701, +26.772, +31.969 ,FR: +31.969, +28.504, +28.504, HL: 44.094, +28.504, +35.433, HR: +49.291, +28.504, +38.898 Max HR-HipX = +49.291 Min FL-HipY = +26.772 
[2025-06-10 08:58:16.893.767] [INFO  ] [Battery] SoC = 96%, Volt = +32.500V, Temp 27 
[2025-06-10 08:58:19.058.738] [INFO  ] [Controller] [Joints] FL: +33.701, +26.772, +31.969 ,FR: +31.969, +28.504, +28.504, HL: 44.094, +28.504, +35.433, HR: +49.291, +28.504, +38.898 Max HR-HipX = +49.291 Min FL-HipY = +26.772 
[2025-06-10 08:58:21.558.736] [INFO  ] [Controller] [Joints] FL: +33.701, +26.772, +31.969 ,FR: +31.969, +28.504, +28.504, HL: 44.094, +28.504, +35.433, HR: +51.024, +28.504, +38.898 Max HR-HipX = +51.024 Min FL-HipY = +26.772 
[2025-06-10 08:58:21.878.883] [INFO  ] [Battery] SoC = 96%, Volt = +32.500V, Temp 27 
[2025-06-10 08:58:24.058.740] [INFO  ] [Controller] [Joints] FL: +33.701, +26.772, +31.969 ,FR: +31.969, +28.504, +28.504, HL: 44.094, +28.504, +35.433, HR: +51.024, +28.504, +38.898 Max HR-HipX = +51.024 Min FL-HipY = +26.772 
[2025-06-10 08:58:26.558.738] [INFO  ] [Controller] [Joints] FL: +33.701, +26.772, +31.969 ,FR: +31.969, +28.504, +28.504, HL: 45.827, +28.504, +35.433, HR: +51.024, +28.504, +38.898 Max HR-HipX = +51.024 Min FL-HipY = +26.772 
[2025-06-10 08:58:26.863.972] [INFO  ] [Battery] SoC = 96%, Volt = +32.500V, Temp 27 
[2025-06-10 08:58:29.058.738] [INFO  ] [Controller] [Joints] FL: +33.701, +26.772, +31.969 ,FR: +31.969, +28.504, +28.504, HL: 45.827, +28.504, +35.433, HR: +51.024, +28.504, +38.898 Max HR-HipX = +51.024 Min FL-HipY = +26.772 
[2025-06-10 08:58:31.558.738] [INFO  ] [Controller] [Joints] FL: +33.701, +26.772, +31.969 ,FR: +31.969, +28.504, +28.504, HL: 45.827, +28.504, +35.433, HR: +51.024, +28.504, +38.898 Max HR-HipX = +51.024 Min FL-HipY = +26.772 
[2025-06-10 08:58:31.849.149] [INFO  ] [Battery] SoC = 96%, Volt = +32.500V, Temp 27 
[2025-06-10 08:58:34.058.738] [INFO  ] [Controller] [Joints] FL: +33.701, +26.772, +31.969 ,FR: +31.969, +28.504, +28.504, HL: 45.827, +28.504, +35.433, HR: +51.024, +28.504, +38.898 Max HR-HipX = +51.024 Min FL-HipY = +26.772 
[2025-06-10 08:58:36.558.736] [INFO  ] [Controller] [Joints] FL: +33.701, +26.772, +31.969 ,FR: +31.969, +28.504, +28.504, HL: 45.827, +28.504, +35.433, HR: +51.024, +28.504, +38.898 Max HR-HipX = +51.024 Min FL-HipY = +26.772 
[2025-06-10 08:58:36.834.224] [INFO  ] [Battery] SoC = 96%, Volt = +32.500V, Temp 27 
[2025-06-10 08:58:39.058.741] [INFO  ] [Controller] [Joints] FL: +33.701, +26.772, +31.969 ,FR: +31.969, +28.504, +28.504, HL: 45.827, +28.504, +35.433, HR: +51.024, +28.504, +38.898 Max HR-HipX = +51.024 Min FL-HipY = +26.772 
[2025-06-10 08:58:41.558.740] [INFO  ] [Controller] [Joints] FL: +33.701, +26.772, +31.969 ,FR: +31.969, +28.504, +28.504, HL: 45.827, +28.504, +35.433, HR: +51.024, +28.504, +38.898 Max HR-HipX = +51.024 Min FL-HipY = +26.772 
[2025-06-10 08:58:41.819.495] [INFO  ] [Battery] SoC = 96%, Volt = +32.500V, Temp 27 
[2025-06-10 08:58:44.058.741] [INFO  ] [Controller] [Joints] FL: +33.701, +26.772, +31.969 ,FR: +31.969, +28.504, +28.504, HL: 45.827, +28.504, +35.433, HR: +51.024, +28.504, +38.898 Max HR-HipX = +51.024 Min FL-HipY = +26.772 
[2025-06-10 08:58:46.558.737] [INFO  ] [Controller] [Joints] FL: +33.701, +26.772, +31.969 ,FR: +31.969, +28.504, +28.504, HL: 45.827, +28.504, +35.433, HR: +51.024, +28.504, +38.898 Max HR-HipX = +51.024 Min FL-HipY = +26.772 
[2025-06-10 08:58:46.804.712] [INFO  ] [Battery] SoC = 96%, Volt = +32.500V, Temp 27 
[2025-06-10 08:58:49.058.739] [INFO  ] [Controller] [Joints] FL: +33.701, +26.772, +31.969 ,FR: +31.969, +28.504, +28.504, HL: 45.827, +28.504, +35.433, HR: +51.024, +28.504, +38.898 Max HR-HipX = +51.024 Min FL-HipY = +26.772 
[2025-06-10 08:58:51.558.739] [INFO  ] [Controller] [Joints] FL: +33.701, +26.772, +31.969 ,FR: +31.969, +28.504, +28.504, HL: 45.827, +28.504, +35.433, HR: +51.024, +28.504, +38.898 Max HR-HipX = +51.024 Min FL-HipY = +26.772 
[2025-06-10 08:58:51.789.815] [INFO  ] [Battery] SoC = 96%, Volt = +32.500V, Temp 27 
[2025-06-10 08:58:54.058.741] [INFO  ] [Controller] [Joints] FL: +33.701, +26.772, +31.969 ,FR: +31.969, +28.504, +28.504, HL: 45.827, +28.504, +35.433, HR: +51.024, +28.504, +40.630 Max HR-HipX = +51.024 Min FL-HipY = +26.772 
[2025-06-10 08:58:56.558.736] [INFO  ] [Controller] [Joints] FL: +33.701, +26.772, +31.969 ,FR: +31.969, +28.504, +28.504, HL: 45.827, +28.504, +35.433, HR: +51.024, +28.504, +40.630 Max HR-HipX = +51.024 Min FL-HipY = +26.772 
[2025-06-10 08:58:56.774.995] [INFO  ] [Battery] SoC = 96%, Volt = +32.500V, Temp 27 
[2025-06-10 08:58:59.058.738] [INFO  ] [Controller] [Joints] FL: +33.701, +26.772, +31.969 ,FR: +31.969, +28.504, +28.504, HL: 45.827, +28.504, +35.433, HR: +51.024, +28.504, +40.630 Max HR-HipX = +51.024 Min FL-HipY = +26.772 
[2025-06-10 08:59:01.558.740] [INFO  ] [Controller] [Joints] FL: +33.701, +26.772, +31.969 ,FR: +31.969, +28.504, +28.504, HL: 45.827, +28.504, +35.433, HR: +51.024, +28.504, +40.630 Max HR-HipX = +51.024 Min FL-HipY = +26.772 
[2025-06-10 08:59:01.760.166] [INFO  ] [Battery] SoC = 96%, Volt = +32.500V, Temp 27 
[2025-06-10 08:59:04.058.736] [INFO  ] [Controller] [Joints] FL: +33.701, +26.772, +31.969 ,FR: +31.969, +28.504, +28.504, HL: 45.827, +28.504, +35.433, HR: +51.024, +28.504, +40.630 Max HR-HipX = +51.024 Min FL-HipY = +26.772 
[2025-06-10 08:59:06.558.737] [INFO  ] [Controller] [Joints] FL: +33.701, +26.772, +31.969 ,FR: +31.969, +28.504, +28.504, HL: 45.827, +28.504, +35.433, HR: +51.024, +28.504, +40.630 Max HR-HipX = +51.024 Min FL-HipY = +26.772 
[2025-06-10 08:59:06.745.267] [INFO  ] [Battery] SoC = 96%, Volt = +32.500V, Temp 27 
[2025-06-10 08:59:09.058.740] [INFO  ] [Controller] [Joints] FL: +33.701, +26.772, +31.969 ,FR: +31.969, +28.504, +28.504, HL: 45.827, +28.504, +35.433, HR: +51.024, +28.504, +40.630 Max HR-HipX = +51.024 Min FL-HipY = +26.772 
[2025-06-10 08:59:11.558.738] [INFO  ] [Controller] [Joints] FL: +33.701, +26.772, +31.969 ,FR: +31.969, +28.504, +28.504, HL: 45.827, +28.504, +35.433, HR: +51.024, +28.504, +40.630 Max HR-HipX = +51.024 Min FL-HipY = +26.772 
[2025-06-10 08:59:11.730.255] [INFO  ] [Battery] SoC = 96%, Volt = +32.500V, Temp 27 
[2025-06-10 08:59:14.058.741] [INFO  ] [Controller] [Joints] FL: +33.701, +26.772, +31.969 ,FR: +31.969, +28.504, +28.504, HL: 45.827, +28.504, +35.433, HR: +51.024, +28.504, +40.630 Max HR-HipX = +51.024 Min FL-HipY = +26.772 
[2025-06-10 08:59:16.558.742] [INFO  ] [Controller] [Joints] FL: +33.701, +26.772, +31.969 ,FR: +31.969, +28.504, +28.504, HL: 45.827, +28.504, +35.433, HR: +51.024, +28.504, +40.630 Max HR-HipX = +51.024 Min FL-HipY = +26.772 
[2025-06-10 08:59:16.715.261] [INFO  ] [Battery] SoC = 95%, Volt = +32.500V, Temp 27 
[2025-06-10 08:59:19.058.739] [INFO  ] [Controller] [Joints] FL: +33.701, +26.772, +31.969 ,FR: +31.969, +28.504, +28.504, HL: 45.827, +28.504, +35.433, HR: +51.024, +28.504, +40.630 Max HR-HipX = +51.024 Min FL-HipY = +26.772 
[2025-06-10 08:59:21.558.739] [INFO  ] [Controller] [Joints] FL: +33.701, +26.772, +31.969 ,FR: +31.969, +28.504, +28.504, HL: 45.827, +28.504, +37.165, HR: +51.024, +28.504, +40.630 Max HR-HipX = +51.024 Min FL-HipY = +26.772 
[2025-06-10 08:59:21.700.470] [INFO  ] [Battery] SoC = 95%, Volt = +32.500V, Temp 27 
[2025-06-10 08:59:24.058.737] [INFO  ] [Controller] [Joints] FL: +33.701, +26.772, +31.969 ,FR: +31.969, +28.504, +28.504, HL: 45.827, +28.504, +37.165, HR: +52.756, +28.504, +40.630 Max HR-HipX = +52.756 Min FL-HipY = +26.772 
[2025-06-10 08:59:26.558.736] [INFO  ] [Controller] [Joints] FL: +33.701, +26.772, +31.969 ,FR: +31.969, +28.504, +28.504, HL: 45.827, +28.504, +37.165, HR: +52.756, +28.504, +40.630 Max HR-HipX = +52.756 Min FL-HipY = +26.772 
[2025-06-10 08:59:26.685.659] [INFO  ] [Battery] SoC = 95%, Volt = +32.500V, Temp 27 
[2025-06-10 08:59:29.058.737] [INFO  ] [Controller] [Joints] FL: +33.701, +26.772, +31.969 ,FR: +31.969, +28.504, +28.504, HL: 45.827, +28.504, +37.165, HR: +52.756, +28.504, +40.630 Max HR-HipX = +52.756 Min FL-HipY = +26.772 
[2025-06-10 08:59:31.558.739] [INFO  ] [Controller] [Joints] FL: +33.701, +26.772, +31.969 ,FR: +31.969, +28.504, +28.504, HL: 45.827, +28.504, +37.165, HR: +52.756, +28.504, +40.630 Max HR-HipX = +52.756 Min FL-HipY = +26.772 
[2025-06-10 08:59:31.670.715] [INFO  ] [Battery] SoC = 95%, Volt = +32.500V, Temp 27 
[2025-06-10 08:59:34.058.732] [INFO  ] [Controller] [Joints] FL: +33.701, +28.504, +31.969 ,FR: +31.969, +28.504, +28.504, HL: 45.827, +28.504, +37.165, HR: +52.756, +28.504, +40.630 Max HR-HipX = +52.756 Min FL-HipY = +28.504 
[2025-06-10 08:59:36.558.739] [INFO  ] [Controller] [Joints] FL: +33.701, +26.772, +31.969 ,FR: +31.969, +28.504, +28.504, HL: 45.827, +28.504, +37.165, HR: +52.756, +28.504, +40.630 Max HR-HipX = +52.756 Min FL-HipY = +26.772 
[2025-06-10 08:59:36.655.632] [INFO  ] [Battery] SoC = 95%, Volt = +32.500V, Temp 27 
[2025-06-10 08:59:39.058.738] [INFO  ] [Controller] [Joints] FL: +33.701, +28.504, +31.969 ,FR: +31.969, +28.504, +28.504, HL: 45.827, +28.504, +37.165, HR: +52.756, +28.504, +40.630 Max HR-HipX = +52.756 Min FL-HipY = +28.504 
[2025-06-10 08:59:41.558.739] [INFO  ] [Controller] [Joints] FL: +33.701, +28.504, +31.969 ,FR: +31.969, +28.504, +28.504, HL: 45.827, +28.504, +37.165, HR: +52.756, +28.504, +40.630 Max HR-HipX = +52.756 Min FL-HipY = +28.504 
[2025-06-10 08:59:41.640.726] [INFO  ] [Battery] SoC = 95%, Volt = +32.500V, Temp 27 
[2025-06-10 08:59:44.058.739] [INFO  ] [Controller] [Joints] FL: +33.701, +28.504, +31.969 ,FR: +31.969, +28.504, +28.504, HL: 45.827, +28.504, +37.165, HR: +52.756, +28.504, +40.630 Max HR-HipX = +52.756 Min FL-HipY = +28.504 
[2025-06-10 08:59:46.558.736] [INFO  ] [Controller] [Joints] FL: +33.701, +28.504, +31.969 ,FR: +31.969, +28.504, +28.504, HL: 45.827, +28.504, +37.165, HR: +52.756, +28.504, +40.630 Max HR-HipX = +52.756 Min FL-HipY = +28.504 
[2025-06-10 08:59:46.625.742] [INFO  ] [Battery] SoC = 95%, Volt = +32.500V, Temp 27 
[2025-06-10 08:59:49.058.738] [INFO  ] [Controller] [Joints] FL: +33.701, +28.504, +31.969 ,FR: +33.701, +28.504, +28.504, HL: 45.827, +28.504, +37.165, HR: +52.756, +28.504, +40.630 Max HR-HipX = +52.756 Min FL-HipY = +28.504 
[2025-06-10 08:59:51.558.737] [INFO  ] [Controller] [Joints] FL: +33.701, +28.504, +31.969 ,FR: +33.701, +28.504, +28.504, HL: 47.559, +28.504, +37.165, HR: +52.756, +28.504, +40.630 Max HR-HipX = +52.756 Min FL-HipY = +28.504 
[2025-06-10 08:59:51.610.830] [INFO  ] [Battery] SoC = 95%, Volt = +32.500V, Temp 27 
[2025-06-10 08:59:54.058.737] [INFO  ] [Controller] [Joints] FL: +35.433, +28.504, +31.969 ,FR: +33.701, +28.504, +28.504, HL: 47.559, +28.504, +37.165, HR: +52.756, +28.504, +40.630 Max HR-HipX = +52.756 Min FL-HipY = +28.504 
[2025-06-10 08:59:56.558.737] [INFO  ] [Controller] [Joints] FL: +35.433, +28.504, +31.969 ,FR: +33.701, +28.504, +28.504, HL: 47.559, +28.504, +37.165, HR: +52.756, +28.504, +40.630 Max HR-HipX = +52.756 Min FL-HipY = +28.504 
[2025-06-10 08:59:56.595.925] [INFO  ] [Battery] SoC = 95%, Volt = +32.400V, Temp 27 
[2025-06-10 08:59:59.058.737] [INFO  ] [Controller] [Joints] FL: +35.433, +28.504, +31.969 ,FR: +33.701, +28.504, +28.504, HL: 47.559, +28.504, +37.165, HR: +52.756, +28.504, +40.630 Max HR-HipX = +52.756 Min FL-HipY = +28.504 
[2025-06-10 09:00:01.558.737] [INFO  ] [Controller] [Joints] FL: +35.433, +28.504, +31.969 ,FR: +33.701, +28.504, +28.504, HL: 47.559, +28.504, +37.165, HR: +52.756, +28.504, +40.630 Max HR-HipX = +52.756 Min FL-HipY = +28.504 
[2025-06-10 09:00:01.581.031] [INFO  ] [Battery] SoC = 95%, Volt = +32.400V, Temp 27 
[2025-06-10 09:00:04.058.739] [INFO  ] [Controller] [Joints] FL: +35.433, +28.504, +31.969 ,FR: +33.701, +28.504, +28.504, HL: 47.559, +28.504, +37.165, HR: +52.756, +28.504, +40.630 Max HR-HipX = +52.756 Min FL-HipY = +28.504 
[2025-06-10 09:00:06.558.737] [INFO  ] [Controller] [Joints] FL: +35.433, +28.504, +31.969 ,FR: +33.701, +28.504, +28.504, HL: 47.559, +28.504, +37.165, HR: +52.756, +28.504, +40.630 Max HR-HipX = +52.756 Min FL-HipY = +28.504 
[2025-06-10 09:00:06.566.080] [INFO  ] [Battery] SoC = 95%, Volt = +32.400V, Temp 27 
[2025-06-10 09:00:09.058.739] [INFO  ] [Controller] [Joints] FL: +35.433, +28.504, +31.969 ,FR: +33.701, +28.504, +28.504, HL: 47.559, +28.504, +37.165, HR: +52.756, +28.504, +40.630 Max HR-HipX = +52.756 Min FL-HipY = +28.504 
[2025-06-10 09:00:11.551.323] [INFO  ] [Battery] SoC = 95%, Volt = +32.400V, Temp 27 
[2025-06-10 09:00:11.558.725] [INFO  ] [Controller] [Joints] FL: +35.433, +28.504, +31.969 ,FR: +33.701, +28.504, +28.504, HL: 47.559, +28.504, +37.165, HR: +52.756, +28.504, +40.630 Max HR-HipX = +52.756 Min FL-HipY = +28.504 
[2025-06-10 09:00:14.058.737] [INFO  ] [Controller] [Joints] FL: +35.433, +28.504, +31.969 ,FR: +33.701, +28.504, +28.504, HL: 47.559, +28.504, +37.165, HR: +52.756, +28.504, +40.630 Max HR-HipX = +52.756 Min FL-HipY = +28.504 
[2025-06-10 09:00:16.536.568] [INFO  ] [Battery] SoC = 95%, Volt = +32.400V, Temp 27 
[2025-06-10 09:00:16.558.727] [INFO  ] [Controller] [Joints] FL: +35.433, +28.504, +31.969 ,FR: +33.701, +28.504, +28.504, HL: 47.559, +28.504, +37.165, HR: +52.756, +28.504, +40.630 Max HR-HipX = +52.756 Min FL-HipY = +28.504 
[2025-06-10 09:00:19.058.738] [INFO  ] [Controller] [Joints] FL: +35.433, +28.504, +31.969 ,FR: +33.701, +28.504, +28.504, HL: 47.559, +28.504, +37.165, HR: +52.756, +28.504, +40.630 Max HR-HipX = +52.756 Min FL-HipY = +28.504 
[2025-06-10 09:00:21.521.790] [INFO  ] [Battery] SoC = 95%, Volt = +32.400V, Temp 27 
[2025-06-10 09:00:21.558.729] [INFO  ] [Controller] [Joints] FL: +35.433, +28.504, +31.969 ,FR: +33.701, +28.504, +28.504, HL: 47.559, +28.504, +37.165, HR: +52.756, +28.504, +40.630 Max HR-HipX = +52.756 Min FL-HipY = +28.504 
[2025-06-10 09:00:24.058.737] [INFO  ] [Controller] [Joints] FL: +35.433, +28.504, +31.969 ,FR: +33.701, +28.504, +28.504, HL: 47.559, +28.504, +37.165, HR: +52.756, +28.504, +40.630 Max HR-HipX = +52.756 Min FL-HipY = +28.504 
[2025-06-10 09:00:26.507.051] [INFO  ] [Battery] SoC = 95%, Volt = +32.400V, Temp 27 
[2025-06-10 09:00:26.558.731] [INFO  ] [Controller] [Joints] FL: +35.433, +28.504, +31.969 ,FR: +33.701, +28.504, +28.504, HL: 47.559, +28.504, +37.165, HR: +52.756, +28.504, +40.630 Max HR-HipX = +52.756 Min FL-HipY = +28.504 
[2025-06-10 09:00:29.058.741] [INFO  ] [Controller] [Joints] FL: +35.433, +28.504, +31.969 ,FR: +33.701, +28.504, +28.504, HL: 47.559, +28.504, +37.165, HR: +52.756, +28.504, +40.630 Max HR-HipX = +52.756 Min FL-HipY = +28.504 
[2025-06-10 09:00:31.492.180] [INFO  ] [Battery] SoC = 95%, Volt = +32.400V, Temp 27 
[2025-06-10 09:00:31.558.740] [INFO  ] [Controller] [Joints] FL: +35.433, +28.504, +31.969 ,FR: +33.701, +28.504, +28.504, HL: 47.559, +28.504, +37.165, HR: +52.756, +28.504, +40.630 Max HR-HipX = +52.756 Min FL-HipY = +28.504 
[2025-06-10 09:00:34.058.741] [INFO  ] [Controller] [Joints] FL: +35.433, +28.504, +31.969 ,FR: +33.701, +28.504, +28.504, HL: 47.559, +28.504, +37.165, HR: +54.488, +28.504, +40.630 Max HR-HipX = +54.488 Min FL-HipY = +28.504 
[2025-06-10 09:00:36.477.462] [INFO  ] [Battery] SoC = 95%, Volt = +32.400V, Temp 27 
[2025-06-10 09:00:36.558.739] [INFO  ] [Controller] [Joints] FL: +35.433, +28.504, +31.969 ,FR: +33.701, +28.504, +28.504, HL: 47.559, +28.504, +37.165, HR: +54.488, +28.504, +40.630 Max HR-HipX = +54.488 Min FL-HipY = +28.504 
[2025-06-10 09:00:39.058.740] [INFO  ] [Controller] [Joints] FL: +35.433, +28.504, +31.969 ,FR: +33.701, +28.504, +28.504, HL: 47.559, +30.236, +37.165, HR: +54.488, +28.504, +40.630 Max HR-HipX = +54.488 Min FL-HipY = +28.504 
[2025-06-10 09:00:41.462.736] [INFO  ] [Battery] SoC = 95%, Volt = +32.400V, Temp 27 
[2025-06-10 09:00:41.558.739] [INFO  ] [Controller] [Joints] FL: +35.433, +28.504, +31.969 ,FR: +33.701, +28.504, +28.504, HL: 47.559, +30.236, +37.165, HR: +54.488, +28.504, +40.630 Max HR-HipX = +54.488 Min FL-HipY = +28.504 
[2025-06-10 09:00:44.058.737] [INFO  ] [Controller] [Joints] FL: +35.433, +28.504, +31.969 ,FR: +33.701, +28.504, +28.504, HL: 47.559, +30.236, +37.165, HR: +54.488, +28.504, +40.630 Max HR-HipX = +54.488 Min FL-HipY = +28.504 
[2025-06-10 09:00:46.448.032] [INFO  ] [Battery] SoC = 95%, Volt = +32.400V, Temp 27 
[2025-06-10 09:00:46.558.733] [INFO  ] [Controller] [Joints] FL: +35.433, +28.504, +31.969 ,FR: +33.701, +28.504, +28.504, HL: 47.559, +30.236, +37.165, HR: +54.488, +28.504, +40.630 Max HR-HipX = +54.488 Min FL-HipY = +28.504 
[2025-06-10 09:00:49.058.738] [INFO  ] [Controller] [Joints] FL: +35.433, +28.504, +31.969 ,FR: +33.701, +28.504, +28.504, HL: 47.559, +30.236, +37.165, HR: +54.488, +28.504, +40.630 Max HR-HipX = +54.488 Min FL-HipY = +28.504 
[2025-06-10 09:00:51.433.229] [INFO  ] [Battery] SoC = 94%, Volt = +32.400V, Temp 27 
[2025-06-10 09:00:51.558.737] [INFO  ] [Controller] [Joints] FL: +35.433, +28.504, +31.969 ,FR: +33.701, +28.504, +28.504, HL: 47.559, +30.236, +37.165, HR: +54.488, +28.504, +40.630 Max HR-HipX = +54.488 Min FL-HipY = +28.504 
[2025-06-10 09:00:54.058.738] [INFO  ] [Controller] [Joints] FL: +35.433, +28.504, +31.969 ,FR: +33.701, +28.504, +28.504, HL: 47.559, +30.236, +37.165, HR: +54.488, +28.504, +40.630 Max HR-HipX = +54.488 Min FL-HipY = +28.504 
[2025-06-10 09:00:56.418.398] [INFO  ] [Battery] SoC = 94%, Volt = +32.400V, Temp 27 
[2025-06-10 09:00:56.558.737] [INFO  ] [Controller] [Joints] FL: +35.433, +28.504, +31.969 ,FR: +33.701, +28.504, +28.504, HL: 47.559, +30.236, +37.165, HR: +54.488, +28.504, +40.630 Max HR-HipX = +54.488 Min FL-HipY = +28.504 
[2025-06-10 09:00:59.058.740] [INFO  ] [Controller] [Joints] FL: +35.433, +28.504, +31.969 ,FR: +33.701, +28.504, +28.504, HL: 47.559, +30.236, +37.165, HR: +54.488, +28.504, +40.630 Max HR-HipX = +54.488 Min FL-HipY = +28.504 
[2025-06-10 09:01:01.403.738] [INFO  ] [Battery] SoC = 94%, Volt = +32.400V, Temp 27 
[2025-06-10 09:01:01.558.738] [INFO  ] [Controller] [Joints] FL: +35.433, +28.504, +31.969 ,FR: +33.701, +28.504, +28.504, HL: 47.559, +30.236, +37.165, HR: +54.488, +28.504, +40.630 Max HR-HipX = +54.488 Min FL-HipY = +28.504 
[2025-06-10 09:01:04.058.739] [INFO  ] [Controller] [Joints] FL: +35.433, +28.504, +31.969 ,FR: +33.701, +28.504, +28.504, HL: 47.559, +30.236, +37.165, HR: +54.488, +28.504, +40.630 Max HR-HipX = +54.488 Min FL-HipY = +28.504 
[2025-06-10 09:01:06.388.814] [INFO  ] [Battery] SoC = 94%, Volt = +32.400V, Temp 27 
[2025-06-10 09:01:06.558.736] [INFO  ] [Controller] [Joints] FL: +35.433, +28.504, +31.969 ,FR: +33.701, +28.504, +28.504, HL: 47.559, +30.236, +37.165, HR: +54.488, +28.504, +40.630 Max HR-HipX = +54.488 Min FL-HipY = +28.504 
[2025-06-10 09:01:09.058.730] [INFO  ] [Controller] [Joints] FL: +35.433, +28.504, +31.969 ,FR: +33.701, +28.504, +28.504, HL: 47.559, +30.236, +37.165, HR: +54.488, +28.504, +40.630 Max HR-HipX = +54.488 Min FL-HipY = +28.504 
[2025-06-10 09:01:11.374.152] [INFO  ] [Battery] SoC = 94%, Volt = +32.400V, Temp 27 
[2025-06-10 09:01:11.558.738] [INFO  ] [Controller] [Joints] FL: +35.433, +28.504, +31.969 ,FR: +33.701, +28.504, +28.504, HL: 47.559, +30.236, +37.165, HR: +54.488, +28.504, +40.630 Max HR-HipX = +54.488 Min FL-HipY = +28.504 
[2025-06-10 09:01:14.058.736] [INFO  ] [Controller] [Joints] FL: +35.433, +28.504, +31.969 ,FR: +33.701, +28.504, +28.504, HL: 47.559, +30.236, +37.165, HR: +54.488, +28.504, +40.630 Max HR-HipX = +54.488 Min FL-HipY = +28.504 
[2025-06-10 09:01:16.359.530] [INFO  ] [Battery] SoC = 94%, Volt = +32.400V, Temp 27 
[2025-06-10 09:01:16.558.737] [INFO  ] [Controller] [Joints] FL: +35.433, +28.504, +31.969 ,FR: +33.701, +28.504, +28.504, HL: 47.559, +30.236, +37.165, HR: +54.488, +28.504, +40.630 Max HR-HipX = +54.488 Min FL-HipY = +28.504 
[2025-06-10 09:01:19.058.738] [INFO  ] [Controller] [Joints] FL: +35.433, +28.504, +31.969 ,FR: +33.701, +28.504, +28.504, HL: 47.559, +30.236, +37.165, HR: +54.488, +28.504, +40.630 Max HR-HipX = +54.488 Min FL-HipY = +28.504 
[2025-06-10 09:01:21.344.872] [INFO  ] [Battery] SoC = 94%, Volt = +32.400V, Temp 27 
[2025-06-10 09:01:21.558.736] [INFO  ] [Controller] [Joints] FL: +35.433, +28.504, +31.969 ,FR: +33.701, +28.504, +28.504, HL: 47.559, +30.236, +37.165, HR: +54.488, +28.504, +40.630 Max HR-HipX = +54.488 Min FL-HipY = +28.504 
[2025-06-10 09:01:24.058.739] [INFO  ] [Controller] [Joints] FL: +35.433, +28.504, +31.969 ,FR: +33.701, +28.504, +28.504, HL: 49.291, +30.236, +37.165, HR: +54.488, +30.236, +40.630 Max HR-HipX = +54.488 Min FL-HipY = +28.504 
[2025-06-10 09:01:26.330.101] [INFO  ] [Battery] SoC = 94%, Volt = +32.400V, Temp 27 
[2025-06-10 09:01:26.558.737] [INFO  ] [Controller] [Joints] FL: +35.433, +28.504, +31.969 ,FR: +33.701, +28.504, +28.504, HL: 49.291, +30.236, +37.165, HR: +54.488, +30.236, +40.630 Max HR-HipX = +54.488 Min FL-HipY = +28.504 
[2025-06-10 09:01:29.058.739] [INFO  ] [Controller] [Joints] FL: +35.433, +28.504, +31.969 ,FR: +33.701, +28.504, +28.504, HL: 49.291, +30.236, +37.165, HR: +54.488, +30.236, +40.630 Max HR-HipX = +54.488 Min FL-HipY = +28.504 
[2025-06-10 09:01:31.315.280] [INFO  ] [Battery] SoC = 94%, Volt = +32.400V, Temp 27 
[2025-06-10 09:01:31.558.737] [INFO  ] [Controller] [Joints] FL: +35.433, +28.504, +31.969 ,FR: +33.701, +28.504, +28.504, HL: 49.291, +30.236, +37.165, HR: +54.488, +30.236, +40.630 Max HR-HipX = +54.488 Min FL-HipY = +28.504 
[2025-06-10 09:01:34.058.740] [INFO  ] [Controller] [Joints] FL: +35.433, +28.504, +31.969 ,FR: +33.701, +28.504, +28.504, HL: 49.291, +30.236, +37.165, HR: +54.488, +30.236, +40.630 Max HR-HipX = +54.488 Min FL-HipY = +28.504 
[2025-06-10 09:01:36.300.467] [INFO  ] [Battery] SoC = 94%, Volt = +32.400V, Temp 27 
[2025-06-10 09:01:36.558.735] [INFO  ] [Controller] [Joints] FL: +35.433, +28.504, +31.969 ,FR: +33.701, +28.504, +28.504, HL: 49.291, +30.236, +37.165, HR: +54.488, +30.236, +40.630 Max HR-HipX = +54.488 Min FL-HipY = +28.504 
[2025-06-10 09:01:39.058.737] [INFO  ] [Controller] [Joints] FL: +35.433, +28.504, +31.969 ,FR: +33.701, +28.504, +28.504, HL: 49.291, +30.236, +37.165, HR: +54.488, +30.236, +40.630 Max HR-HipX = +54.488 Min FL-HipY = +28.504 
[2025-06-10 09:01:41.285.674] [INFO  ] [Battery] SoC = 94%, Volt = +32.400V, Temp 27 
[2025-06-10 09:01:41.558.738] [INFO  ] [Controller] [Joints] FL: +35.433, +28.504, +31.969 ,FR: +33.701, +28.504, +28.504, HL: 49.291, +30.236, +37.165, HR: +54.488, +30.236, +40.630 Max HR-HipX = +54.488 Min FL-HipY = +28.504 
[2025-06-10 09:01:44.058.737] [INFO  ] [Controller] [Joints] FL: +35.433, +28.504, +31.969 ,FR: +33.701, +28.504, +28.504, HL: 49.291, +30.236, +37.165, HR: +54.488, +30.236, +40.630 Max HR-HipX = +54.488 Min FL-HipY = +28.504 
[2025-06-10 09:01:46.270.920] [INFO  ] [Battery] SoC = 94%, Volt = +32.400V, Temp 27 
[2025-06-10 09:01:46.558.738] [INFO  ] [Controller] [Joints] FL: +35.433, +28.504, +33.701 ,FR: +33.701, +28.504, +30.236, HL: 49.291, +30.236, +37.165, HR: +54.488, +30.236, +40.630 Max HR-HipX = +54.488 Min FL-HipY = +28.504 
[2025-06-10 09:01:49.058.734] [INFO  ] [Controller] [Joints] FL: +35.433, +28.504, +33.701 ,FR: +33.701, +28.504, +28.504, HL: 49.291, +30.236, +37.165, HR: +54.488, +30.236, +40.630 Max HR-HipX = +54.488 Min FL-HipY = +28.504 
[2025-06-10 09:01:51.256.235] [INFO  ] [Battery] SoC = 94%, Volt = +32.400V, Temp 27 
[2025-06-10 09:01:51.558.737] [INFO  ] [Controller] [Joints] FL: +35.433, +28.504, +33.701 ,FR: +33.701, +28.504, +30.236, HL: 49.291, +30.236, +37.165, HR: +56.220, +30.236, +40.630 Max HR-HipX = +56.220 Min FL-HipY = +28.504 
[2025-06-10 09:01:54.058.737] [INFO  ] [Controller] [Joints] FL: +35.433, +28.504, +33.701 ,FR: +33.701, +28.504, +30.236, HL: 49.291, +30.236, +37.165, HR: +56.220, +30.236, +40.630 Max HR-HipX = +56.220 Min FL-HipY = +28.504 
[2025-06-10 09:01:56.241.497] [INFO  ] [Battery] SoC = 94%, Volt = +32.400V, Temp 27 
[2025-06-10 09:01:56.558.736] [INFO  ] [Controller] [Joints] FL: +35.433, +28.504, +33.701 ,FR: +33.701, +28.504, +30.236, HL: 49.291, +30.236, +37.165, HR: +56.220, +30.236, +40.630 Max HR-HipX = +56.220 Min FL-HipY = +28.504 
[2025-06-10 09:01:59.058.737] [INFO  ] [Controller] [Joints] FL: +35.433, +28.504, +33.701 ,FR: +33.701, +28.504, +30.236, HL: 49.291, +30.236, +37.165, HR: +56.220, +30.236, +42.362 Max HR-HipX = +56.220 Min FL-HipY = +28.504 
[2025-06-10 09:02:01.226.764] [INFO  ] [Battery] SoC = 94%, Volt = +32.400V, Temp 27 
[2025-06-10 09:02:01.558.738] [INFO  ] [Controller] [Joints] FL: +35.433, +28.504, +33.701 ,FR: +33.701, +28.504, +30.236, HL: 49.291, +30.236, +37.165, HR: +56.220, +30.236, +42.362 Max HR-HipX = +56.220 Min FL-HipY = +28.504 
[2025-06-10 09:02:04.058.737] [INFO  ] [Controller] [Joints] FL: +35.433, +28.504, +33.701 ,FR: +33.701, +28.504, +30.236, HL: 49.291, +30.236, +37.165, HR: +56.220, +30.236, +42.362 Max HR-HipX = +56.220 Min FL-HipY = +28.504 
[2025-06-10 09:02:06.211.967] [INFO  ] [Battery] SoC = 94%, Volt = +32.400V, Temp 27 
[2025-06-10 09:02:06.558.734] [INFO  ] [Controller] [Joints] FL: +35.433, +28.504, +33.701 ,FR: +33.701, +28.504, +30.236, HL: 49.291, +30.236, +37.165, HR: +56.220, +30.236, +42.362 Max HR-HipX = +56.220 Min FL-HipY = +28.504 
[2025-06-10 09:02:09.058.738] [INFO  ] [Controller] [Joints] FL: +35.433, +28.504, +33.701 ,FR: +35.433, +28.504, +30.236, HL: 49.291, +30.236, +37.165, HR: +56.220, +30.236, +42.362 Max HR-HipX = +56.220 Min FL-HipY = +28.504 
[2025-06-10 09:02:11.197.282] [INFO  ] [Battery] SoC = 94%, Volt = +32.400V, Temp 27 
[2025-06-10 09:02:11.558.738] [INFO  ] [Controller] [Joints] FL: +35.433, +28.504, +33.701 ,FR: +35.433, +28.504, +30.236, HL: 49.291, +30.236, +37.165, HR: +56.220, +30.236, +42.362 Max HR-HipX = +56.220 Min FL-HipY = +28.504 
[2025-06-10 09:02:14.058.734] [INFO  ] [Controller] [Joints] FL: +35.433, +28.504, +33.701 ,FR: +35.433, +28.504, +30.236, HL: 49.291, +30.236, +37.165, HR: +56.220, +30.236, +42.362 Max HR-HipX = +56.220 Min FL-HipY = +28.504 
[2025-06-10 09:02:16.182.349] [INFO  ] [Battery] SoC = 94%, Volt = +32.400V, Temp 27 
[2025-06-10 09:02:16.558.735] [INFO  ] [Controller] [Joints] FL: +35.433, +28.504, +33.701 ,FR: +35.433, +28.504, +30.236, HL: 49.291, +30.236, +37.165, HR: +56.220, +30.236, +42.362 Max HR-HipX = +56.220 Min FL-HipY = +28.504 
[2025-06-10 09:02:19.058.740] [INFO  ] [Controller] [Joints] FL: +35.433, +28.504, +33.701 ,FR: +35.433, +28.504, +30.236, HL: 49.291, +30.236, +37.165, HR: +56.220, +30.236, +42.362 Max HR-HipX = +56.220 Min FL-HipY = +28.504 
[2025-06-10 09:02:21.167.395] [INFO  ] [Battery] SoC = 93%, Volt = +32.400V, Temp 27 
[2025-06-10 09:02:21.558.740] [INFO  ] [Controller] [Joints] FL: +35.433, +28.504, +33.701 ,FR: +35.433, +28.504, +30.236, HL: 49.291, +30.236, +37.165, HR: +56.220, +30.236, +42.362 Max HR-HipX = +56.220 Min FL-HipY = +28.504 
[2025-06-10 09:02:24.058.740] [INFO  ] [Controller] [Joints] FL: +35.433, +28.504, +33.701 ,FR: +35.433, +28.504, +30.236, HL: 49.291, +30.236, +37.165, HR: +56.220, +30.236, +42.362 Max HR-HipX = +56.220 Min FL-HipY = +28.504 
[2025-06-10 09:02:26.152.614] [INFO  ] [Battery] SoC = 93%, Volt = +32.400V, Temp 27 
[2025-06-10 09:02:26.558.741] [INFO  ] [Controller] [Joints] FL: +35.433, +28.504, +33.701 ,FR: +35.433, +28.504, +30.236, HL: 49.291, +30.236, +37.165, HR: +56.220, +30.236, +42.362 Max HR-HipX = +56.220 Min FL-HipY = +28.504 
[2025-06-10 09:02:29.058.741] [INFO  ] [Controller] [Joints] FL: +37.165, +28.504, +33.701 ,FR: +35.433, +28.504, +30.236, HL: 49.291, +30.236, +37.165, HR: +56.220, +30.236, +42.362 Max HR-HipX = +56.220 Min FL-HipY = +28.504 
[2025-06-10 09:02:31.137.801] [INFO  ] [Battery] SoC = 93%, Volt = +32.400V, Temp 27 
[2025-06-10 09:02:31.558.739] [INFO  ] [Controller] [Joints] FL: +37.165, +28.504, +33.701 ,FR: +35.433, +28.504, +30.236, HL: 49.291, +30.236, +37.165, HR: +56.220, +30.236, +42.362 Max HR-HipX = +56.220 Min FL-HipY = +28.504 
[2025-06-10 09:02:34.058.741] [INFO  ] [Controller] [Joints] FL: +37.165, +28.504, +33.701 ,FR: +35.433, +28.504, +30.236, HL: 49.291, +30.236, +37.165, HR: +56.220, +30.236, +42.362 Max HR-HipX = +56.220 Min FL-HipY = +28.504 
[2025-06-10 09:02:36.122.985] [INFO  ] [Battery] SoC = 93%, Volt = +32.400V, Temp 27 
[2025-06-10 09:02:36.558.738] [INFO  ] [Controller] [Joints] FL: +37.165, +28.504, +33.701 ,FR: +35.433, +28.504, +30.236, HL: 49.291, +30.236, +37.165, HR: +56.220, +30.236, +42.362 Max HR-HipX = +56.220 Min FL-HipY = +28.504 
[2025-06-10 09:02:39.058.738] [INFO  ] [Controller] [Joints] FL: +37.165, +28.504, +33.701 ,FR: +35.433, +28.504, +30.236, HL: 49.291, +30.236, +37.165, HR: +56.220, +30.236, +42.362 Max HR-HipX = +56.220 Min FL-HipY = +28.504 
[2025-06-10 09:02:41.108.172] [INFO  ] [Battery] SoC = 93%, Volt = +32.400V, Temp 27 
[2025-06-10 09:02:41.558.738] [INFO  ] [Controller] [Joints] FL: +37.165, +28.504, +33.701 ,FR: +35.433, +28.504, +30.236, HL: 49.291, +30.236, +37.165, HR: +56.220, +30.236, +42.362 Max HR-HipX = +56.220 Min FL-HipY = +28.504 
[2025-06-10 09:02:44.058.733] [INFO  ] [Controller] [Joints] FL: +37.165, +28.504, +33.701 ,FR: +35.433, +28.504, +30.236, HL: 49.291, +30.236, +37.165, HR: +56.220, +30.236, +42.362 Max HR-HipX = +56.220 Min FL-HipY = +28.504 
[2025-06-10 09:02:46.093.280] [INFO  ] [Battery] SoC = 93%, Volt = +32.400V, Temp 27 
[2025-06-10 09:02:46.558.738] [INFO  ] [Controller] [Joints] FL: +37.165, +28.504, +33.701 ,FR: +35.433, +28.504, +30.236, HL: 49.291, +30.236, +37.165, HR: +56.220, +30.236, +42.362 Max HR-HipX = +56.220 Min FL-HipY = +28.504 
[2025-06-10 09:02:49.058.740] [INFO  ] [Controller] [Joints] FL: +37.165, +28.504, +33.701 ,FR: +35.433, +28.504, +30.236, HL: 49.291, +30.236, +37.165, HR: +56.220, +30.236, +42.362 Max HR-HipX = +56.220 Min FL-HipY = +28.504 
[2025-06-10 09:02:51.078.465] [INFO  ] [Battery] SoC = 93%, Volt = +32.400V, Temp 27 
[2025-06-10 09:02:51.558.740] [INFO  ] [Controller] [Joints] FL: +37.165, +28.504, +33.701 ,FR: +35.433, +28.504, +30.236, HL: 49.291, +30.236, +37.165, HR: +56.220, +30.236, +42.362 Max HR-HipX = +56.220 Min FL-HipY = +28.504 
[2025-06-10 09:02:54.058.740] [INFO  ] [Controller] [Joints] FL: +37.165, +28.504, +33.701 ,FR: +35.433, +28.504, +30.236, HL: 49.291, +30.236, +37.165, HR: +56.220, +30.236, +42.362 Max HR-HipX = +56.220 Min FL-HipY = +28.504 
[2025-06-10 09:02:56.063.460] [INFO  ] [Battery] SoC = 93%, Volt = +32.400V, Temp 27 
[2025-06-10 09:02:56.558.739] [INFO  ] [Controller] [Joints] FL: +37.165, +28.504, +33.701 ,FR: +35.433, +28.504, +30.236, HL: 49.291, +30.236, +37.165, HR: +56.220, +30.236, +42.362 Max HR-HipX = +56.220 Min FL-HipY = +28.504 
[2025-06-10 09:02:59.058.739] [INFO  ] [Controller] [Joints] FL: +37.165, +28.504, +33.701 ,FR: +35.433, +28.504, +30.236, HL: 49.291, +30.236, +37.165, HR: +56.220, +30.236, +42.362 Max HR-HipX = +56.220 Min FL-HipY = +28.504 
[2025-06-10 09:03:01.048.579] [INFO  ] [Battery] SoC = 93%, Volt = +32.400V, Temp 27 
[2025-06-10 09:03:01.558.739] [INFO  ] [Controller] [Joints] FL: +37.165, +28.504, +33.701 ,FR: +35.433, +28.504, +30.236, HL: 49.291, +30.236, +37.165, HR: +56.220, +30.236, +42.362 Max HR-HipX = +56.220 Min FL-HipY = +28.504 
[2025-06-10 09:03:04.058.738] [INFO  ] [Controller] [Joints] FL: +37.165, +28.504, +33.701 ,FR: +35.433, +28.504, +30.236, HL: 49.291, +30.236, +37.165, HR: +56.220, +30.236, +42.362 Max HR-HipX = +56.220 Min FL-HipY = +28.504 
[2025-06-10 09:03:06.033.840] [INFO  ] [Battery] SoC = 93%, Volt = +32.400V, Temp 27 
[2025-06-10 09:03:06.558.738] [INFO  ] [Controller] [Joints] FL: +37.165, +28.504, +33.701 ,FR: +35.433, +28.504, +30.236, HL: 49.291, +30.236, +38.898, HR: +56.220, +30.236, +42.362 Max HR-HipX = +56.220 Min FL-HipY = +28.504 
[2025-06-10 09:03:09.058.736] [INFO  ] [Controller] [Joints] FL: +37.165, +28.504, +33.701 ,FR: +35.433, +28.504, +30.236, HL: 51.024, +30.236, +38.898, HR: +56.220, +30.236, +42.362 Max HR-HipX = +56.220 Min FL-HipY = +28.504 
[2025-06-10 09:03:11.019.094] [INFO  ] [Battery] SoC = 93%, Volt = +32.400V, Temp 27 
[2025-06-10 09:03:11.558.736] [INFO  ] [Controller] [Joints] FL: +37.165, +28.504, +33.701 ,FR: +35.433, +30.236, +30.236, HL: 51.024, +30.236, +38.898, HR: +56.220, +30.236, +42.362 Max HR-HipX = +56.220 Min FL-HipY = +28.504 
[2025-06-10 09:03:14.058.734] [INFO  ] [Controller] [Joints] FL: +37.165, +28.504, +33.701 ,FR: +35.433, +30.236, +30.236, HL: 51.024, +30.236, +38.898, HR: +56.220, +30.236, +42.362 Max HR-HipX = +56.220 Min FL-HipY = +28.504 
[2025-06-10 09:03:16.004.145] [INFO  ] [Battery] SoC = 93%, Volt = +32.400V, Temp 27 
[2025-06-10 09:03:16.558.738] [INFO  ] [Controller] [Joints] FL: +37.165, +28.504, +33.701 ,FR: +35.433, +30.236, +30.236, HL: 51.024, +30.236, +38.898, HR: +56.220, +30.236, +42.362 Max HR-HipX = +56.220 Min FL-HipY = +28.504 
[2025-06-10 09:03:19.058.738] [INFO  ] [Controller] [Joints] FL: +37.165, +28.504, +33.701 ,FR: +35.433, +30.236, +30.236, HL: 51.024, +30.236, +38.898, HR: +56.220, +30.236, +42.362 Max HR-HipX = +56.220 Min FL-HipY = +28.504 
[2025-06-10 09:03:20.989.101] [INFO  ] [Battery] SoC = 93%, Volt = +32.300V, Temp 27 
[2025-06-10 09:03:21.558.734] [INFO  ] [Controller] [Joints] FL: +37.165, +28.504, +33.701 ,FR: +35.433, +30.236, +30.236, HL: 51.024, +30.236, +38.898, HR: +57.953, +30.236, +42.362 Max HR-HipX = +57.953 Min FL-HipY = +28.504 
[2025-06-10 09:03:24.058.738] [INFO  ] [Controller] [Joints] FL: +37.165, +28.504, +33.701 ,FR: +35.433, +30.236, +30.236, HL: 51.024, +30.236, +38.898, HR: +57.953, +30.236, +42.362 Max HR-HipX = +57.953 Min FL-HipY = +28.504 
[2025-06-10 09:03:24.738.084] [ERROR ] [RT-CAN] [Error] can2 0x84 send error count 3
 
[2025-06-10 09:03:25.974.217] [INFO  ] [Battery] SoC = 93%, Volt = +32.300V, Temp 27 
[2025-06-10 09:03:26.558.736] [INFO  ] [Controller] [Joints] FL: +37.165, +28.504, +33.701 ,FR: +35.433, +30.236, +30.236, HL: 51.024, +30.236, +38.898, HR: +57.953, +30.236, +42.362 Max HR-HipX = +57.953 Min FL-HipY = +28.504 
[2025-06-10 09:03:29.058.737] [INFO  ] [Controller] [Joints] FL: +37.165, +28.504, +33.701 ,FR: +35.433, +30.236, +30.236, HL: 51.024, +30.236, +38.898, HR: +57.953, +30.236, +42.362 Max HR-HipX = +57.953 Min FL-HipY = +28.504 
[2025-06-10 09:03:30.959.143] [INFO  ] [Battery] SoC = 93%, Volt = +32.300V, Temp 27 
[2025-06-10 09:03:31.558.738] [INFO  ] [Controller] [Joints] FL: +37.165, +28.504, +33.701 ,FR: +35.433, +30.236, +30.236, HL: 51.024, +30.236, +38.898, HR: +57.953, +30.236, +42.362 Max HR-HipX = +57.953 Min FL-HipY = +28.504 
[2025-06-10 09:03:34.058.736] [INFO  ] [Controller] [Joints] FL: +37.165, +28.504, +33.701 ,FR: +35.433, +30.236, +30.236, HL: 51.024, +30.236, +38.898, HR: +57.953, +30.236, +42.362 Max HR-HipX = +57.953 Min FL-HipY = +28.504 
[2025-06-10 09:03:35.944.195] [INFO  ] [Battery] SoC = 93%, Volt = +32.300V, Temp 27 
[2025-06-10 09:03:36.558.736] [INFO  ] [Controller] [Joints] FL: +37.165, +28.504, +33.701 ,FR: +35.433, +30.236, +30.236, HL: 51.024, +30.236, +38.898, HR: +57.953, +30.236, +42.362 Max HR-HipX = +57.953 Min FL-HipY = +28.504 
[2025-06-10 09:03:39.058.736] [INFO  ] [Controller] [Joints] FL: +37.165, +28.504, +33.701 ,FR: +35.433, +30.236, +30.236, HL: 51.024, +30.236, +38.898, HR: +57.953, +30.236, +42.362 Max HR-HipX = +57.953 Min FL-HipY = +28.504 
[2025-06-10 09:03:40.929.171] [INFO  ] [Battery] SoC = 93%, Volt = +32.300V, Temp 27 
[2025-06-10 09:03:41.558.734] [INFO  ] [Controller] [Joints] FL: +37.165, +28.504, +33.701 ,FR: +35.433, +30.236, +30.236, HL: 51.024, +30.236, +38.898, HR: +57.953, +30.236, +42.362 Max HR-HipX = +57.953 Min FL-HipY = +28.504 
[2025-06-10 09:03:44.058.738] [INFO  ] [Controller] [Joints] FL: +37.165, +28.504, +33.701 ,FR: +35.433, +30.236, +30.236, HL: 51.024, +30.236, +38.898, HR: +57.953, +30.236, +42.362 Max HR-HipX = +57.953 Min FL-HipY = +28.504 
[2025-06-10 09:03:45.914.117] [INFO  ] [Battery] SoC = 93%, Volt = +32.300V, Temp 27 
[2025-06-10 09:03:46.558.737] [INFO  ] [Controller] [Joints] FL: +37.165, +28.504, +33.701 ,FR: +35.433, +30.236, +30.236, HL: 51.024, +30.236, +38.898, HR: +57.953, +30.236, +42.362 Max HR-HipX = +57.953 Min FL-HipY = +28.504 
[2025-06-10 09:03:49.058.738] [INFO  ] [Controller] [Joints] FL: +37.165, +28.504, +33.701 ,FR: +35.433, +30.236, +30.236, HL: 51.024, +30.236, +38.898, HR: +57.953, +30.236, +42.362 Max HR-HipX = +57.953 Min FL-HipY = +28.504 
[2025-06-10 09:03:50.899.130] [INFO  ] [Battery] SoC = 92%, Volt = +32.300V, Temp 27 
[2025-06-10 09:03:51.558.737] [INFO  ] [Controller] [Joints] FL: +37.165, +28.504, +33.701 ,FR: +35.433, +30.236, +30.236, HL: 51.024, +30.236, +38.898, HR: +57.953, +30.236, +42.362 Max HR-HipX = +57.953 Min FL-HipY = +28.504 
[2025-06-10 09:03:54.058.738] [INFO  ] [Controller] [Joints] FL: +37.165, +28.504, +33.701 ,FR: +35.433, +30.236, +30.236, HL: 51.024, +30.236, +38.898, HR: +57.953, +30.236, +42.362 Max HR-HipX = +57.953 Min FL-HipY = +28.504 
[2025-06-10 09:03:55.884.155] [INFO  ] [Battery] SoC = 92%, Volt = +32.300V, Temp 27 
[2025-06-10 09:03:56.558.739] [INFO  ] [Controller] [Joints] FL: +37.165, +28.504, +33.701 ,FR: +35.433, +30.236, +30.236, HL: 51.024, +30.236, +38.898, HR: +57.953, +30.236, +42.362 Max HR-HipX = +57.953 Min FL-HipY = +28.504 
[2025-06-10 09:03:59.058.736] [INFO  ] [Controller] [Joints] FL: +37.165, +28.504, +33.701 ,FR: +35.433, +30.236, +30.236, HL: 51.024, +30.236, +38.898, HR: +57.953, +30.236, +42.362 Max HR-HipX = +57.953 Min FL-HipY = +28.504 
[2025-06-10 09:04:00.869.229] [INFO  ] [Battery] SoC = 92%, Volt = +32.300V, Temp 27 
[2025-06-10 09:04:01.558.736] [INFO  ] [Controller] [Joints] FL: +37.165, +28.504, +33.701 ,FR: +35.433, +30.236, +30.236, HL: 51.024, +30.236, +38.898, HR: +57.953, +30.236, +42.362 Max HR-HipX = +57.953 Min FL-HipY = +28.504 
[2025-06-10 09:04:04.058.737] [INFO  ] [Controller] [Joints] FL: +37.165, +28.504, +33.701 ,FR: +35.433, +30.236, +30.236, HL: 51.024, +30.236, +38.898, HR: +57.953, +30.236, +42.362 Max HR-HipX = +57.953 Min FL-HipY = +28.504 
[2025-06-10 09:04:05.854.379] [INFO  ] [Battery] SoC = 92%, Volt = +32.300V, Temp 27 
[2025-06-10 09:04:06.558.735] [INFO  ] [Controller] [Joints] FL: +37.165, +28.504, +33.701 ,FR: +35.433, +30.236, +30.236, HL: 51.024, +30.236, +38.898, HR: +57.953, +30.236, +42.362 Max HR-HipX = +57.953 Min FL-HipY = +28.504 
[2025-06-10 09:04:09.058.736] [INFO  ] [Controller] [Joints] FL: +37.165, +28.504, +33.701 ,FR: +35.433, +30.236, +30.236, HL: 51.024, +30.236, +38.898, HR: +57.953, +30.236, +42.362 Max HR-HipX = +57.953 Min FL-HipY = +28.504 
[2025-06-10 09:04:10.839.483] [INFO  ] [Battery] SoC = 92%, Volt = +32.300V, Temp 27 
[2025-06-10 09:04:11.558.738] [INFO  ] [Controller] [Joints] FL: +37.165, +28.504, +33.701 ,FR: +35.433, +30.236, +30.236, HL: 51.024, +30.236, +38.898, HR: +57.953, +30.236, +42.362 Max HR-HipX = +57.953 Min FL-HipY = +28.504 
[2025-06-10 09:04:14.058.740] [INFO  ] [Controller] [Joints] FL: +37.165, +28.504, +33.701 ,FR: +35.433, +30.236, +30.236, HL: 51.024, +30.236, +38.898, HR: +57.953, +30.236, +42.362 Max HR-HipX = +57.953 Min FL-HipY = +28.504 
[2025-06-10 09:04:15.824.499] [INFO  ] [Battery] SoC = 92%, Volt = +32.300V, Temp 27 
[2025-06-10 09:04:16.558.741] [INFO  ] [Controller] [Joints] FL: +37.165, +28.504, +33.701 ,FR: +35.433, +30.236, +30.236, HL: 51.024, +30.236, +38.898, HR: +57.953, +30.236, +42.362 Max HR-HipX = +57.953 Min FL-HipY = +28.504 
[2025-06-10 09:04:19.058.742] [INFO  ] [Controller] [Joints] FL: +37.165, +28.504, +33.701 ,FR: +35.433, +30.236, +30.236, HL: 51.024, +30.236, +38.898, HR: +57.953, +30.236, +42.362 Max HR-HipX = +57.953 Min FL-HipY = +28.504 
[2025-06-10 09:04:20.809.486] [INFO  ] [Battery] SoC = 92%, Volt = +32.300V, Temp 27 
[2025-06-10 09:04:21.558.741] [INFO  ] [Controller] [Joints] FL: +37.165, +28.504, +33.701 ,FR: +35.433, +30.236, +30.236, HL: 51.024, +30.236, +38.898, HR: +57.953, +30.236, +42.362 Max HR-HipX = +57.953 Min FL-HipY = +28.504 
[2025-06-10 09:04:24.058.739] [INFO  ] [Controller] [Joints] FL: +37.165, +28.504, +33.701 ,FR: +35.433, +30.236, +30.236, HL: 51.024, +30.236, +38.898, HR: +57.953, +30.236, +42.362 Max HR-HipX = +57.953 Min FL-HipY = +28.504 
[2025-06-10 09:04:25.794.401] [INFO  ] [Battery] SoC = 92%, Volt = +32.300V, Temp 27 
[2025-06-10 09:04:26.558.740] [INFO  ] [Controller] [Joints] FL: +37.165, +28.504, +33.701 ,FR: +35.433, +30.236, +30.236, HL: 51.024, +30.236, +38.898, HR: +57.953, +30.236, +42.362 Max HR-HipX = +57.953 Min FL-HipY = +28.504 
[2025-06-10 09:04:29.058.738] [INFO  ] [Controller] [Joints] FL: +37.165, +28.504, +33.701 ,FR: +35.433, +30.236, +30.236, HL: 51.024, +30.236, +38.898, HR: +57.953, +30.236, +42.362 Max HR-HipX = +57.953 Min FL-HipY = +28.504 
[2025-06-10 09:04:30.779.386] [INFO  ] [Battery] SoC = 92%, Volt = +32.300V, Temp 27 
[2025-06-10 09:04:31.558.738] [INFO  ] [Controller] [Joints] FL: +37.165, +28.504, +33.701 ,FR: +35.433, +30.236, +30.236, HL: 51.024, +30.236, +38.898, HR: +57.953, +30.236, +42.362 Max HR-HipX = +57.953 Min FL-HipY = +28.504 
[2025-06-10 09:04:34.058.737] [INFO  ] [Controller] [Joints] FL: +37.165, +28.504, +33.701 ,FR: +35.433, +30.236, +30.236, HL: 51.024, +30.236, +38.898, HR: +57.953, +30.236, +42.362 Max HR-HipX = +57.953 Min FL-HipY = +28.504 
[2025-06-10 09:04:35.764.473] [INFO  ] [Battery] SoC = 92%, Volt = +32.300V, Temp 27 
[2025-06-10 09:04:36.558.738] [INFO  ] [Controller] [Joints] FL: +37.165, +28.504, +33.701 ,FR: +35.433, +30.236, +30.236, HL: 51.024, +30.236, +38.898, HR: +57.953, +30.236, +42.362 Max HR-HipX = +57.953 Min FL-HipY = +28.504 
[2025-06-10 09:04:39.058.740] [INFO  ] [Controller] [Joints] FL: +37.165, +28.504, +33.701 ,FR: +35.433, +30.236, +30.236, HL: 51.024, +30.236, +38.898, HR: +57.953, +30.236, +42.362 Max HR-HipX = +57.953 Min FL-HipY = +28.504 
[2025-06-10 09:04:40.749.616] [INFO  ] [Battery] SoC = 92%, Volt = +32.300V, Temp 27 
[2025-06-10 09:04:41.558.741] [INFO  ] [Controller] [Joints] FL: +37.165, +28.504, +33.701 ,FR: +35.433, +30.236, +30.236, HL: 51.024, +30.236, +38.898, HR: +57.953, +30.236, +42.362 Max HR-HipX = +57.953 Min FL-HipY = +28.504 
[2025-06-10 09:04:44.058.740] [INFO  ] [Controller] [Joints] FL: +37.165, +28.504, +33.701 ,FR: +35.433, +30.236, +30.236, HL: 51.024, +30.236, +38.898, HR: +57.953, +30.236, +42.362 Max HR-HipX = +57.953 Min FL-HipY = +28.504 
[2025-06-10 09:04:45.734.769] [INFO  ] [Battery] SoC = 92%, Volt = +32.300V, Temp 27 
[2025-06-10 09:04:46.558.738] [INFO  ] [Controller] [Joints] FL: +37.165, +28.504, +33.701 ,FR: +35.433, +30.236, +30.236, HL: 51.024, +30.236, +38.898, HR: +57.953, +30.236, +42.362 Max HR-HipX = +57.953 Min FL-HipY = +28.504 
[2025-06-10 09:04:49.058.739] [INFO  ] [Controller] [Joints] FL: +37.165, +28.504, +33.701 ,FR: +35.433, +30.236, +30.236, HL: 51.024, +30.236, +38.898, HR: +57.953, +30.236, +42.362 Max HR-HipX = +57.953 Min FL-HipY = +28.504 
[2025-06-10 09:04:50.719.810] [INFO  ] [Battery] SoC = 92%, Volt = +32.300V, Temp 27 
[2025-06-10 09:04:51.558.738] [INFO  ] [Controller] [Joints] FL: +37.165, +30.236, +33.701 ,FR: +35.433, +30.236, +30.236, HL: 51.024, +30.236, +38.898, HR: +57.953, +30.236, +42.362 Max HR-HipX = +57.953 Min FL-HipY = +30.236 
[2025-06-10 09:04:54.058.740] [INFO  ] [Controller] [Joints] FL: +37.165, +30.236, +33.701 ,FR: +37.165, +30.236, +30.236, HL: 51.024, +30.236, +38.898, HR: +57.953, +30.236, +42.362 Max HR-HipX = +57.953 Min FL-HipY = +30.236 
[2025-06-10 09:04:55.704.815] [INFO  ] [Battery] SoC = 92%, Volt = +32.300V, Temp 27 
[2025-06-10 09:04:56.558.737] [INFO  ] [Controller] [Joints] FL: +37.165, +28.504, +33.701 ,FR: +37.165, +30.236, +30.236, HL: 51.024, +30.236, +38.898, HR: +57.953, +30.236, +42.362 Max HR-HipX = +57.953 Min FL-HipY = +28.504 
[2025-06-10 09:04:59.058.738] [INFO  ] [Controller] [Joints] FL: +37.165, +30.236, +33.701 ,FR: +37.165, +30.236, +30.236, HL: 51.024, +30.236, +38.898, HR: +59.685, +30.236, +42.362 Max HR-HipX = +59.685 Min FL-HipY = +30.236 
[2025-06-10 09:05:00.689.959] [INFO  ] [Battery] SoC = 92%, Volt = +32.300V, Temp 27 
[2025-06-10 09:05:01.558.729] [INFO  ] [Controller] [Joints] FL: +37.165, +30.236, +33.701 ,FR: +37.165, +30.236, +30.236, HL: 51.024, +30.236, +38.898, HR: +59.685, +30.236, +42.362 Max HR-HipX = +59.685 Min FL-HipY = +30.236 
[2025-06-10 09:05:04.058.738] [INFO  ] [Controller] [Joints] FL: +37.165, +30.236, +33.701 ,FR: +37.165, +30.236, +30.236, HL: 51.024, +30.236, +38.898, HR: +59.685, +30.236, +42.362 Max HR-HipX = +59.685 Min FL-HipY = +30.236 
[2025-06-10 09:05:05.675.158] [INFO  ] [Battery] SoC = 92%, Volt = +32.300V, Temp 27 
[2025-06-10 09:05:06.558.740] [INFO  ] [Controller] [Joints] FL: +37.165, +30.236, +33.701 ,FR: +37.165, +30.236, +30.236, HL: 51.024, +30.236, +38.898, HR: +59.685, +30.236, +42.362 Max HR-HipX = +59.685 Min FL-HipY = +30.236 
[2025-06-10 09:05:09.058.738] [INFO  ] [Controller] [Joints] FL: +37.165, +30.236, +33.701 ,FR: +37.165, +30.236, +30.236, HL: 52.756, +31.969, +38.898, HR: +59.685, +31.969, +42.362 Max HR-HipX = +59.685 Min FL-HipY = +30.236 
[2025-06-10 09:05:10.660.450] [INFO  ] [Battery] SoC = 92%, Volt = +32.300V, Temp 27 
[2025-06-10 09:05:11.558.739] [INFO  ] [Controller] [Joints] FL: +37.165, +30.236, +33.701 ,FR: +37.165, +30.236, +30.236, HL: 52.756, +31.969, +38.898, HR: +59.685, +31.969, +42.362 Max HR-HipX = +59.685 Min FL-HipY = +30.236 
[2025-06-10 09:05:14.058.739] [INFO  ] [Controller] [Joints] FL: +37.165, +30.236, +33.701 ,FR: +37.165, +30.236, +30.236, HL: 52.756, +31.969, +38.898, HR: +59.685, +31.969, +42.362 Max HR-HipX = +59.685 Min FL-HipY = +30.236 
[2025-06-10 09:05:15.645.646] [INFO  ] [Battery] SoC = 92%, Volt = +32.300V, Temp 27 
[2025-06-10 09:05:16.558.737] [INFO  ] [Controller] [Joints] FL: +37.165, +30.236, +33.701 ,FR: +37.165, +30.236, +30.236, HL: 52.756, +31.969, +38.898, HR: +59.685, +31.969, +42.362 Max HR-HipX = +59.685 Min FL-HipY = +30.236 
[2025-06-10 09:05:19.058.739] [INFO  ] [Controller] [Joints] FL: +37.165, +30.236, +33.701 ,FR: +37.165, +30.236, +30.236, HL: 52.756, +31.969, +38.898, HR: +59.685, +31.969, +42.362 Max HR-HipX = +59.685 Min FL-HipY = +30.236 
[2025-06-10 09:05:20.630.750] [INFO  ] [Battery] SoC = 91%, Volt = +32.300V, Temp 27 
[2025-06-10 09:05:21.558.737] [INFO  ] [Controller] [Joints] FL: +37.165, +30.236, +33.701 ,FR: +37.165, +30.236, +30.236, HL: 52.756, +31.969, +38.898, HR: +59.685, +31.969, +42.362 Max HR-HipX = +59.685 Min FL-HipY = +30.236 
[2025-06-10 09:05:24.058.738] [INFO  ] [Controller] [Joints] FL: +37.165, +30.236, +33.701 ,FR: +37.165, +30.236, +30.236, HL: 52.756, +31.969, +38.898, HR: +59.685, +31.969, +42.362 Max HR-HipX = +59.685 Min FL-HipY = +30.236 
[2025-06-10 09:05:25.615.979] [INFO  ] [Battery] SoC = 91%, Volt = +32.300V, Temp 27 
[2025-06-10 09:05:26.558.734] [INFO  ] [Controller] [Joints] FL: +37.165, +30.236, +33.701 ,FR: +37.165, +30.236, +30.236, HL: 52.756, +31.969, +38.898, HR: +59.685, +31.969, +42.362 Max HR-HipX = +59.685 Min FL-HipY = +30.236 
[2025-06-10 09:05:29.058.735] [INFO  ] [Controller] [Joints] FL: +38.898, +30.236, +33.701 ,FR: +37.165, +30.236, +30.236, HL: 52.756, +31.969, +38.898, HR: +59.685, +31.969, +42.362 Max HR-HipX = +59.685 Min FL-HipY = +30.236 
[2025-06-10 09:05:30.601.255] [INFO  ] [Battery] SoC = 91%, Volt = +32.300V, Temp 27 
[2025-06-10 09:05:31.558.737] [INFO  ] [Controller] [Joints] FL: +38.898, +30.236, +33.701 ,FR: +37.165, +30.236, +30.236, HL: 52.756, +31.969, +38.898, HR: +59.685, +31.969, +42.362 Max HR-HipX = +59.685 Min FL-HipY = +30.236 
[2025-06-10 09:05:34.058.739] [INFO  ] [Controller] [Joints] FL: +38.898, +30.236, +33.701 ,FR: +37.165, +30.236, +30.236, HL: 52.756, +31.969, +38.898, HR: +59.685, +31.969, +42.362 Max HR-HipX = +59.685 Min FL-HipY = +30.236 
[2025-06-10 09:05:35.586.406] [INFO  ] [Battery] SoC = 91%, Volt = +32.300V, Temp 27 
[2025-06-10 09:05:36.558.738] [INFO  ] [Controller] [Joints] FL: +38.898, +30.236, +33.701 ,FR: +37.165, +30.236, +30.236, HL: 52.756, +31.969, +38.898, HR: +59.685, +31.969, +42.362 Max HR-HipX = +59.685 Min FL-HipY = +30.236 
[2025-06-10 09:05:39.058.738] [INFO  ] [Controller] [Joints] FL: +38.898, +30.236, +33.701 ,FR: +37.165, +30.236, +30.236, HL: 52.756, +31.969, +38.898, HR: +59.685, +31.969, +42.362 Max HR-HipX = +59.685 Min FL-HipY = +30.236 
[2025-06-10 09:05:40.571.528] [INFO  ] [Battery] SoC = 91%, Volt = +32.300V, Temp 27 
[2025-06-10 09:05:41.558.741] [INFO  ] [Controller] [Joints] FL: +38.898, +30.236, +33.701 ,FR: +37.165, +30.236, +30.236, HL: 52.756, +31.969, +38.898, HR: +59.685, +31.969, +42.362 Max HR-HipX = +59.685 Min FL-HipY = +30.236 
[2025-06-10 09:05:44.058.740] [INFO  ] [Controller] [Joints] FL: +38.898, +30.236, +33.701 ,FR: +37.165, +30.236, +30.236, HL: 52.756, +31.969, +38.898, HR: +59.685, +31.969, +42.362 Max HR-HipX = +59.685 Min FL-HipY = +30.236 
[2025-06-10 09:05:45.556.647] [INFO  ] [Battery] SoC = 91%, Volt = +32.300V, Temp 27 
[2025-06-10 09:05:46.558.738] [INFO  ] [Controller] [Joints] FL: +38.898, +30.236, +33.701 ,FR: +37.165, +30.236, +30.236, HL: 52.756, +31.969, +38.898, HR: +59.685, +31.969, +42.362 Max HR-HipX = +59.685 Min FL-HipY = +30.236 
[2025-06-10 09:05:49.058.738] [INFO  ] [Controller] [Joints] FL: +38.898, +30.236, +33.701 ,FR: +37.165, +30.236, +30.236, HL: 52.756, +31.969, +38.898, HR: +59.685, +31.969, +42.362 Max HR-HipX = +59.685 Min FL-HipY = +30.236 
[2025-06-10 09:05:50.541.983] [INFO  ] [Battery] SoC = 91%, Volt = +32.300V, Temp 27 
[2025-06-10 09:05:51.558.734] [INFO  ] [Controller] [Joints] FL: +38.898, +30.236, +33.701 ,FR: +37.165, +30.236, +30.236, HL: 52.756, +31.969, +38.898, HR: +59.685, +31.969, +42.362 Max HR-HipX = +59.685 Min FL-HipY = +30.236 
[2025-06-10 09:05:54.058.737] [INFO  ] [Controller] [Joints] FL: +38.898, +30.236, +33.701 ,FR: +37.165, +30.236, +30.236, HL: 52.756, +31.969, +38.898, HR: +59.685, +31.969, +42.362 Max HR-HipX = +59.685 Min FL-HipY = +30.236 
[2025-06-10 09:05:55.527.222] [INFO  ] [Battery] SoC = 91%, Volt = +32.300V, Temp 27 
[2025-06-10 09:05:56.558.739] [INFO  ] [Controller] [Joints] FL: +38.898, +30.236, +33.701 ,FR: +37.165, +30.236, +30.236, HL: 52.756, +31.969, +38.898, HR: +59.685, +31.969, +42.362 Max HR-HipX = +59.685 Min FL-HipY = +30.236 
[2025-06-10 09:05:59.058.738] [INFO  ] [Controller] [Joints] FL: +38.898, +30.236, +33.701 ,FR: +37.165, +30.236, +30.236, HL: 52.756, +31.969, +38.898, HR: +59.685, +31.969, +44.094 Max HR-HipX = +59.685 Min FL-HipY = +30.236 
[2025-06-10 09:06:00.512.402] [INFO  ] [Battery] SoC = 91%, Volt = +32.300V, Temp 27 
[2025-06-10 09:06:01.558.735] [INFO  ] [Controller] [Joints] FL: +38.898, +30.236, +33.701 ,FR: +37.165, +30.236, +30.236, HL: 52.756, +31.969, +38.898, HR: +59.685, +31.969, +44.094 Max HR-HipX = +59.685 Min FL-HipY = +30.236 
[2025-06-10 09:06:04.058.738] [INFO  ] [Controller] [Joints] FL: +38.898, +30.236, +33.701 ,FR: +37.165, +30.236, +30.236, HL: 52.756, +31.969, +38.898, HR: +59.685, +31.969, +44.094 Max HR-HipX = +59.685 Min FL-HipY = +30.236 
[2025-06-10 09:06:05.497.612] [INFO  ] [Battery] SoC = 91%, Volt = +32.300V, Temp 27 
[2025-06-10 09:06:06.558.741] [INFO  ] [Controller] [Joints] FL: +38.898, +30.236, +33.701 ,FR: +37.165, +30.236, +30.236, HL: 52.756, +31.969, +38.898, HR: +59.685, +31.969, +44.094 Max HR-HipX = +59.685 Min FL-HipY = +30.236 
[2025-06-10 09:06:09.058.742] [INFO  ] [Controller] [Joints] FL: +38.898, +30.236, +33.701 ,FR: +37.165, +30.236, +30.236, HL: 52.756, +31.969, +38.898, HR: +59.685, +31.969, +44.094 Max HR-HipX = +59.685 Min FL-HipY = +30.236 
[2025-06-10 09:06:10.482.940] [INFO  ] [Battery] SoC = 91%, Volt = +32.300V, Temp 27 
[2025-06-10 09:06:11.558.740] [INFO  ] [Controller] [Joints] FL: +38.898, +30.236, +33.701 ,FR: +37.165, +30.236, +30.236, HL: 52.756, +31.969, +38.898, HR: +59.685, +31.969, +44.094 Max HR-HipX = +59.685 Min FL-HipY = +30.236 
[2025-06-10 09:06:14.058.741] [INFO  ] [Controller] [Joints] FL: +38.898, +30.236, +33.701 ,FR: +37.165, +30.236, +30.236, HL: 52.756, +31.969, +38.898, HR: +59.685, +31.969, +44.094 Max HR-HipX = +59.685 Min FL-HipY = +30.236 
[2025-06-10 09:06:15.468.263] [INFO  ] [Battery] SoC = 91%, Volt = +32.300V, Temp 27 
[2025-06-10 09:06:16.558.740] [INFO  ] [Controller] [Joints] FL: +38.898, +30.236, +33.701 ,FR: +37.165, +30.236, +30.236, HL: 52.756, +31.969, +38.898, HR: +59.685, +31.969, +44.094 Max HR-HipX = +59.685 Min FL-HipY = +30.236 
[2025-06-10 09:06:19.058.740] [INFO  ] [Controller] [Joints] FL: +38.898, +30.236, +33.701 ,FR: +37.165, +30.236, +30.236, HL: 52.756, +31.969, +38.898, HR: +59.685, +31.969, +44.094 Max HR-HipX = +59.685 Min FL-HipY = +30.236 
[2025-06-10 09:06:20.453.502] [INFO  ] [Battery] SoC = 91%, Volt = +32.300V, Temp 27 
[2025-06-10 09:06:21.558.739] [INFO  ] [Controller] [Joints] FL: +38.898, +30.236, +33.701 ,FR: +37.165, +30.236, +30.236, HL: 52.756, +31.969, +38.898, HR: +59.685, +31.969, +44.094 Max HR-HipX = +59.685 Min FL-HipY = +30.236 
[2025-06-10 09:06:24.058.740] [INFO  ] [Controller] [Joints] FL: +38.898, +30.236, +33.701 ,FR: +37.165, +30.236, +30.236, HL: 52.756, +31.969, +38.898, HR: +59.685, +31.969, +44.094 Max HR-HipX = +59.685 Min FL-HipY = +30.236 
[2025-06-10 09:06:25.438.734] [INFO  ] [Battery] SoC = 91%, Volt = +32.300V, Temp 27 
[2025-06-10 09:06:26.558.740] [INFO  ] [Controller] [Joints] FL: +38.898, +30.236, +33.701 ,FR: +37.165, +30.236, +30.236, HL: 52.756, +31.969, +38.898, HR: +59.685, +31.969, +44.094 Max HR-HipX = +59.685 Min FL-HipY = +30.236 
[2025-06-10 09:06:29.058.738] [INFO  ] [Controller] [Joints] FL: +38.898, +30.236, +33.701 ,FR: +37.165, +30.236, +30.236, HL: 52.756, +31.969, +38.898, HR: +59.685, +31.969, +44.094 Max HR-HipX = +59.685 Min FL-HipY = +30.236 
[2025-06-10 09:06:30.423.966] [INFO  ] [Battery] SoC = 91%, Volt = +32.300V, Temp 27 
[2025-06-10 09:06:31.558.741] [INFO  ] [Controller] [Joints] FL: +38.898, +30.236, +33.701 ,FR: +37.165, +30.236, +30.236, HL: 52.756, +31.969, +38.898, HR: +59.685, +31.969, +44.094 Max HR-HipX = +59.685 Min FL-HipY = +30.236 
[2025-06-10 09:06:34.058.739] [INFO  ] [Controller] [Joints] FL: +38.898, +30.236, +33.701 ,FR: +37.165, +30.236, +30.236, HL: 52.756, +31.969, +38.898, HR: +59.685, +31.969, +44.094 Max HR-HipX = +59.685 Min FL-HipY = +30.236 
[2025-06-10 09:06:35.409.145] [INFO  ] [Battery] SoC = 91%, Volt = +32.300V, Temp 27 
[2025-06-10 09:06:36.558.740] [INFO  ] [Controller] [Joints] FL: +38.898, +30.236, +33.701 ,FR: +37.165, +30.236, +30.236, HL: 52.756, +31.969, +38.898, HR: +59.685, +31.969, +44.094 Max HR-HipX = +59.685 Min FL-HipY = +30.236 
[2025-06-10 09:06:39.058.739] [INFO  ] [Controller] [Joints] FL: +38.898, +30.236, +33.701 ,FR: +37.165, +30.236, +30.236, HL: 52.756, +31.969, +38.898, HR: +59.685, +31.969, +44.094 Max HR-HipX = +59.685 Min FL-HipY = +30.236 
[2025-06-10 09:06:40.394.360] [INFO  ] [Battery] SoC = 91%, Volt = +32.300V, Temp 27 
[2025-06-10 09:06:41.558.739] [INFO  ] [Controller] [Joints] FL: +38.898, +30.236, +33.701 ,FR: +37.165, +30.236, +30.236, HL: 52.756, +31.969, +38.898, HR: +59.685, +31.969, +44.094 Max HR-HipX = +59.685 Min FL-HipY = +30.236 
[2025-06-10 09:06:44.058.739] [INFO  ] [Controller] [Joints] FL: +38.898, +30.236, +33.701 ,FR: +37.165, +30.236, +30.236, HL: 52.756, +31.969, +38.898, HR: +59.685, +31.969, +44.094 Max HR-HipX = +59.685 Min FL-HipY = +30.236 
[2025-06-10 09:06:45.379.640] [INFO  ] [Battery] SoC = 91%, Volt = +32.300V, Temp 27 
[2025-06-10 09:06:46.558.739] [INFO  ] [Controller] [Joints] FL: +38.898, +30.236, +33.701 ,FR: +37.165, +30.236, +30.236, HL: 52.756, +31.969, +38.898, HR: +61.417, +31.969, +44.094 Max HR-HipX = +61.417 Min FL-HipY = +30.236 
[2025-06-10 09:06:49.058.739] [INFO  ] [Controller] [Joints] FL: +38.898, +30.236, +33.701 ,FR: +37.165, +30.236, +30.236, HL: 52.756, +31.969, +38.898, HR: +61.417, +31.969, +44.094 Max HR-HipX = +61.417 Min FL-HipY = +30.236 
[2025-06-10 09:06:50.364.952] [INFO  ] [Battery] SoC = 90%, Volt = +32.300V, Temp 27 
[2025-06-10 09:06:51.558.740] [INFO  ] [Controller] [Joints] FL: +38.898, +30.236, +33.701 ,FR: +37.165, +30.236, +30.236, HL: 52.756, +31.969, +38.898, HR: +61.417, +31.969, +44.094 Max HR-HipX = +61.417 Min FL-HipY = +30.236 
[2025-06-10 09:06:54.058.738] [INFO  ] [Controller] [Joints] FL: +38.898, +30.236, +33.701 ,FR: +37.165, +30.236, +30.236, HL: 52.756, +31.969, +38.898, HR: +61.417, +31.969, +44.094 Max HR-HipX = +61.417 Min FL-HipY = +30.236 
[2025-06-10 09:06:55.350.135] [INFO  ] [Battery] SoC = 90%, Volt = +32.300V, Temp 27 
[2025-06-10 09:06:56.558.738] [INFO  ] [Controller] [Joints] FL: +38.898, +30.236, +33.701 ,FR: +37.165, +30.236, +30.236, HL: 52.756, +31.969, +38.898, HR: +61.417, +31.969, +44.094 Max HR-HipX = +61.417 Min FL-HipY = +30.236 
[2025-06-10 09:06:59.058.736] [INFO  ] [Controller] [Joints] FL: +38.898, +30.236, +33.701 ,FR: +37.165, +30.236, +30.236, HL: 52.756, +31.969, +38.898, HR: +61.417, +31.969, +44.094 Max HR-HipX = +61.417 Min FL-HipY = +30.236 
[2025-06-10 09:07:00.335.264] [INFO  ] [Battery] SoC = 90%, Volt = +32.300V, Temp 27 
[2025-06-10 09:07:01.558.738] [INFO  ] [Controller] [Joints] FL: +38.898, +30.236, +33.701 ,FR: +37.165, +30.236, +30.236, HL: 52.756, +31.969, +38.898, HR: +61.417, +31.969, +44.094 Max HR-HipX = +61.417 Min FL-HipY = +30.236 
[2025-06-10 09:07:04.058.739] [INFO  ] [Controller] [Joints] FL: +38.898, +30.236, +33.701 ,FR: +37.165, +30.236, +30.236, HL: 52.756, +31.969, +38.898, HR: +61.417, +31.969, +44.094 Max HR-HipX = +61.417 Min FL-HipY = +30.236 
[2025-06-10 09:07:05.320.620] [INFO  ] [Battery] SoC = 90%, Volt = +32.300V, Temp 27 
[2025-06-10 09:07:06.558.737] [INFO  ] [Controller] [Joints] FL: +38.898, +30.236, +33.701 ,FR: +37.165, +30.236, +30.236, HL: 52.756, +31.969, +38.898, HR: +61.417, +31.969, +44.094 Max HR-HipX = +61.417 Min FL-HipY = +30.236 
[2025-06-10 09:07:09.058.731] [INFO  ] [Controller] [Joints] FL: +38.898, +30.236, +33.701 ,FR: +37.165, +30.236, +30.236, HL: 52.756, +31.969, +38.898, HR: +61.417, +31.969, +44.094 Max HR-HipX = +61.417 Min FL-HipY = +30.236 
[2025-06-10 09:07:10.305.796] [INFO  ] [Battery] SoC = 90%, Volt = +32.300V, Temp 27 
[2025-06-10 09:07:11.558.740] [INFO  ] [Controller] [Joints] FL: +38.898, +30.236, +33.701 ,FR: +37.165, +30.236, +30.236, HL: 52.756, +31.969, +38.898, HR: +61.417, +31.969, +44.094 Max HR-HipX = +61.417 Min FL-HipY = +30.236 
[2025-06-10 09:07:14.058.741] [INFO  ] [Controller] [Joints] FL: +38.898, +30.236, +33.701 ,FR: +37.165, +30.236, +30.236, HL: 52.756, +31.969, +38.898, HR: +61.417, +31.969, +44.094 Max HR-HipX = +61.417 Min FL-HipY = +30.236 
[2025-06-10 09:07:15.290.972] [INFO  ] [Battery] SoC = 90%, Volt = +32.300V, Temp 27 
[2025-06-10 09:07:16.558.739] [INFO  ] [Controller] [Joints] FL: +38.898, +30.236, +33.701 ,FR: +37.165, +30.236, +30.236, HL: 52.756, +31.969, +38.898, HR: +61.417, +31.969, +44.094 Max HR-HipX = +61.417 Min FL-HipY = +30.236 
[2025-06-10 09:07:19.058.740] [INFO  ] [Controller] [Joints] FL: +38.898, +30.236, +33.701 ,FR: +37.165, +30.236, +30.236, HL: 54.488, +31.969, +38.898, HR: +61.417, +31.969, +44.094 Max HR-HipX = +61.417 Min FL-HipY = +30.236 
[2025-06-10 09:07:20.276.127] [INFO  ] [Battery] SoC = 90%, Volt = +32.300V, Temp 27 
[2025-06-10 09:07:21.558.738] [INFO  ] [Controller] [Joints] FL: +38.898, +30.236, +33.701 ,FR: +37.165, +30.236, +30.236, HL: 54.488, +31.969, +38.898, HR: +61.417, +31.969, +44.094 Max HR-HipX = +61.417 Min FL-HipY = +30.236 
[2025-06-10 09:07:24.058.737] [INFO  ] [Controller] [Joints] FL: +38.898, +30.236, +33.701 ,FR: +37.165, +30.236, +30.236, HL: 54.488, +31.969, +38.898, HR: +61.417, +31.969, +44.094 Max HR-HipX = +61.417 Min FL-HipY = +30.236 
[2025-06-10 09:07:25.261.098] [INFO  ] [Battery] SoC = 90%, Volt = +32.300V, Temp 27 
[2025-06-10 09:07:26.558.733] [INFO  ] [Controller] [Joints] FL: +38.898, +30.236, +33.701 ,FR: +37.165, +30.236, +30.236, HL: 54.488, +31.969, +38.898, HR: +61.417, +31.969, +44.094 Max HR-HipX = +61.417 Min FL-HipY = +30.236 
[2025-06-10 09:07:29.058.737] [INFO  ] [Controller] [Joints] FL: +38.898, +30.236, +33.701 ,FR: +37.165, +30.236, +30.236, HL: 54.488, +31.969, +38.898, HR: +61.417, +31.969, +44.094 Max HR-HipX = +61.417 Min FL-HipY = +30.236 
[2025-06-10 09:07:30.246.236] [INFO  ] [Battery] SoC = 90%, Volt = +32.300V, Temp 27 
[2025-06-10 09:07:31.558.741] [INFO  ] [Controller] [Joints] FL: +38.898, +30.236, +33.701 ,FR: +37.165, +30.236, +30.236, HL: 54.488, +31.969, +38.898, HR: +61.417, +31.969, +44.094 Max HR-HipX = +61.417 Min FL-HipY = +30.236 
[2025-06-10 09:07:34.058.736] [INFO  ] [Controller] [Joints] FL: +38.898, +30.236, +33.701 ,FR: +37.165, +30.236, +30.236, HL: 54.488, +31.969, +38.898, HR: +61.417, +31.969, +44.094 Max HR-HipX = +61.417 Min FL-HipY = +30.236 
[2025-06-10 09:07:35.231.230] [INFO  ] [Battery] SoC = 90%, Volt = +32.300V, Temp 27 
[2025-06-10 09:07:36.558.737] [INFO  ] [Controller] [Joints] FL: +38.898, +30.236, +33.701 ,FR: +37.165, +30.236, +30.236, HL: 54.488, +31.969, +38.898, HR: +61.417, +31.969, +44.094 Max HR-HipX = +61.417 Min FL-HipY = +30.236 
[2025-06-10 09:07:39.058.739] [INFO  ] [Controller] [Joints] FL: +38.898, +30.236, +33.701 ,FR: +37.165, +30.236, +30.236, HL: 54.488, +31.969, +38.898, HR: +61.417, +31.969, +44.094 Max HR-HipX = +61.417 Min FL-HipY = +30.236 
[2025-06-10 09:07:40.216.343] [INFO  ] [Battery] SoC = 90%, Volt = +32.300V, Temp 27 
[2025-06-10 09:07:41.558.739] [INFO  ] [Controller] [Joints] FL: +38.898, +30.236, +33.701 ,FR: +37.165, +30.236, +30.236, HL: 54.488, +31.969, +38.898, HR: +61.417, +31.969, +44.094 Max HR-HipX = +61.417 Min FL-HipY = +30.236 
[2025-06-10 09:07:44.058.737] [INFO  ] [Controller] [Joints] FL: +38.898, +30.236, +33.701 ,FR: +37.165, +30.236, +30.236, HL: 54.488, +31.969, +38.898, HR: +61.417, +31.969, +44.094 Max HR-HipX = +61.417 Min FL-HipY = +30.236 
[2025-06-10 09:07:45.201.510] [INFO  ] [Battery] SoC = 90%, Volt = +32.300V, Temp 27 
[2025-06-10 09:07:46.558.738] [INFO  ] [Controller] [Joints] FL: +38.898, +30.236, +33.701 ,FR: +37.165, +30.236, +30.236, HL: 54.488, +31.969, +38.898, HR: +61.417, +31.969, +44.094 Max HR-HipX = +61.417 Min FL-HipY = +30.236 
[2025-06-10 09:07:49.058.738] [INFO  ] [Controller] [Joints] FL: +38.898, +30.236, +33.701 ,FR: +37.165, +30.236, +30.236, HL: 54.488, +31.969, +38.898, HR: +61.417, +31.969, +44.094 Max HR-HipX = +61.417 Min FL-HipY = +30.236 
[2025-06-10 09:07:50.186.635] [INFO  ] [Battery] SoC = 90%, Volt = +32.300V, Temp 27 
[2025-06-10 09:07:51.558.738] [INFO  ] [Controller] [Joints] FL: +38.898, +30.236, +33.701 ,FR: +37.165, +30.236, +30.236, HL: 54.488, +31.969, +38.898, HR: +61.417, +31.969, +44.094 Max HR-HipX = +61.417 Min FL-HipY = +30.236 
[2025-06-10 09:07:54.058.735] [INFO  ] [Controller] [Joints] FL: +38.898, +30.236, +33.701 ,FR: +37.165, +30.236, +30.236, HL: 54.488, +31.969, +38.898, HR: +61.417, +31.969, +44.094 Max HR-HipX = +61.417 Min FL-HipY = +30.236 
[2025-06-10 09:07:55.171.832] [INFO  ] [Battery] SoC = 90%, Volt = +32.300V, Temp 27 
[2025-06-10 09:07:56.558.737] [INFO  ] [Controller] [Joints] FL: +38.898, +30.236, +33.701 ,FR: +37.165, +30.236, +30.236, HL: 54.488, +31.969, +38.898, HR: +61.417, +31.969, +44.094 Max HR-HipX = +61.417 Min FL-HipY = +30.236 
[2025-06-10 09:07:59.058.742] [INFO  ] [Controller] [Joints] FL: +38.898, +30.236, +33.701 ,FR: +38.898, +30.236, +30.236, HL: 54.488, +31.969, +40.630, HR: +61.417, +31.969, +44.094 Max HR-HipX = +61.417 Min FL-HipY = +30.236 
[2025-06-10 09:08:00.157.095] [INFO  ] [Battery] SoC = 90%, Volt = +32.300V, Temp 27 
[2025-06-10 09:08:01.558.744] [INFO  ] [Controller] [Joints] FL: +38.898, +30.236, +33.701 ,FR: +38.898, +30.236, +30.236, HL: 54.488, +31.969, +40.630, HR: +61.417, +31.969, +44.094 Max HR-HipX = +61.417 Min FL-HipY = +30.236 
[2025-06-10 09:08:04.058.739] [INFO  ] [Controller] [Joints] FL: +38.898, +30.236, +33.701 ,FR: +38.898, +30.236, +30.236, HL: 54.488, +31.969, +40.630, HR: +61.417, +31.969, +44.094 Max HR-HipX = +61.417 Min FL-HipY = +30.236 
[2025-06-10 09:08:05.142.242] [INFO  ] [Battery] SoC = 90%, Volt = +32.300V, Temp 27 
[2025-06-10 09:08:06.558.741] [INFO  ] [Controller] [Joints] FL: +38.898, +30.236, +33.701 ,FR: +38.898, +30.236, +30.236, HL: 54.488, +31.969, +40.630, HR: +61.417, +31.969, +44.094 Max HR-HipX = +61.417 Min FL-HipY = +30.236 
[2025-06-10 09:08:09.058.741] [INFO  ] [Controller] [Joints] FL: +38.898, +30.236, +33.701 ,FR: +38.898, +30.236, +30.236, HL: 54.488, +31.969, +40.630, HR: +61.417, +31.969, +44.094 Max HR-HipX = +61.417 Min FL-HipY = +30.236 
[2025-06-10 09:08:10.127.498] [INFO  ] [Battery] SoC = 90%, Volt = +32.300V, Temp 27 
[2025-06-10 09:08:11.558.741] [INFO  ] [Controller] [Joints] FL: +38.898, +30.236, +33.701 ,FR: +38.898, +30.236, +30.236, HL: 54.488, +31.969, +40.630, HR: +61.417, +31.969, +44.094 Max HR-HipX = +61.417 Min FL-HipY = +30.236 
[2025-06-10 09:08:14.058.740] [INFO  ] [Controller] [Joints] FL: +38.898, +30.236, +33.701 ,FR: +38.898, +30.236, +30.236, HL: 54.488, +31.969, +40.630, HR: +61.417, +31.969, +44.094 Max HR-HipX = +61.417 Min FL-HipY = +30.236 
[2025-06-10 09:08:15.112.733] [INFO  ] [Battery] SoC = 90%, Volt = +32.300V, Temp 28 
[2025-06-10 09:08:16.558.739] [INFO  ] [Controller] [Joints] FL: +38.898, +30.236, +33.701 ,FR: +38.898, +30.236, +30.236, HL: 54.488, +31.969, +40.630, HR: +61.417, +31.969, +44.094 Max HR-HipX = +61.417 Min FL-HipY = +30.236 
[2025-06-10 09:08:19.058.740] [INFO  ] [Controller] [Joints] FL: +38.898, +30.236, +33.701 ,FR: +38.898, +30.236, +30.236, HL: 54.488, +31.969, +40.630, HR: +61.417, +31.969, +44.094 Max HR-HipX = +61.417 Min FL-HipY = +30.236 
[2025-06-10 09:08:20.097.891] [INFO  ] [Battery] SoC = 89%, Volt = +32.300V, Temp 28 
[2025-06-10 09:08:21.558.740] [INFO  ] [Controller] [Joints] FL: +38.898, +30.236, +33.701 ,FR: +38.898, +31.969, +30.236, HL: 54.488, +31.969, +40.630, HR: +61.417, +31.969, +44.094 Max HR-HipX = +61.417 Min FL-HipY = +30.236 
[2025-06-10 09:08:24.059.770] [INFO  ] [Controller] [Joints] FL: +38.898, +30.236, +33.701 ,FR: +38.898, +30.236, +30.236, HL: 54.488, +31.969, +40.630, HR: +61.417, +31.969, +44.094 Max HR-HipX = +61.417 Min FL-HipY = +30.236 
[2025-06-10 09:08:25.082.949] [INFO  ] [Battery] SoC = 89%, Volt = +32.300V, Temp 28 
[2025-06-10 09:08:26.559.740] [INFO  ] [Controller] [Joints] FL: +38.898, +30.236, +33.701 ,FR: +38.898, +30.236, +30.236, HL: 54.488, +31.969, +40.630, HR: +61.417, +31.969, +44.094 Max HR-HipX = +61.417 Min FL-HipY = +30.236 
[2025-06-10 09:08:29.059.743] [INFO  ] [Controller] [Joints] FL: +38.898, +30.236, +33.701 ,FR: +38.898, +31.969, +30.236, HL: 54.488, +31.969, +40.630, HR: +61.417, +31.969, +44.094 Max HR-HipX = +61.417 Min FL-HipY = +30.236 
[2025-06-10 09:08:30.068.073] [INFO  ] [Battery] SoC = 89%, Volt = +32.300V, Temp 28 
[2025-06-10 09:08:31.559.742] [INFO  ] [Controller] [Joints] FL: +38.898, +30.236, +33.701 ,FR: +38.898, +31.969, +30.236, HL: 54.488, +31.969, +40.630, HR: +61.417, +31.969, +44.094 Max HR-HipX = +61.417 Min FL-HipY = +30.236 
[2025-06-10 09:08:34.059.741] [INFO  ] [Controller] [Joints] FL: +38.898, +30.236, +33.701 ,FR: +38.898, +31.969, +30.236, HL: 54.488, +31.969, +40.630, HR: +61.417, +31.969, +44.094 Max HR-HipX = +61.417 Min FL-HipY = +30.236 
[2025-06-10 09:08:34.882.923] [INFO  ] [Controller] new dance... 
[2025-06-10 09:08:34.883.770] [INFO  ] [TVMPC] JY is Moving... (tvmpc),  time: 1161.667547 
[2025-06-10 09:08:35.053.167] [INFO  ] [Battery] SoC = 89%, Volt = +32.200V, Temp 28 
[2025-06-10 09:08:36.084.746] [INFO  ] [Dance2] dance_type : 1 
[2025-06-10 09:08:36.559.740] [INFO  ] [Controller] [Joints] FL: +38.898, +30.236, +33.701 ,FR: +38.898, +31.969, +30.236, HL: 54.488, +31.969, +40.630, HR: +61.417, +31.969, +44.094 Max HR-HipX = +61.417 Min FL-HipY = +30.236 
[2025-06-10 09:08:39.059.740] [INFO  ] [Controller] [Joints] FL: +38.898, +30.236, +33.701 ,FR: +38.898, +31.969, +30.236, HL: 54.488, +31.969, +40.630, HR: +61.417, +31.969, +44.094 Max HR-HipX = +61.417 Min FL-HipY = +30.236 
[2025-06-10 09:08:40.038.234] [INFO  ] [Battery] SoC = 89%, Volt = +32.200V, Temp 28 
[2025-06-10 09:08:41.559.739] [INFO  ] [Controller] [Joints] FL: +38.898, +30.236, +33.701 ,FR: +38.898, +31.969, +30.236, HL: 54.488, +31.969, +38.898, HR: +61.417, +31.969, +44.094 Max HR-HipX = +61.417 Min FL-HipY = +30.236 
[2025-06-10 09:08:44.059.738] [INFO  ] [Controller] [Joints] FL: +38.898, +30.236, +33.701 ,FR: +38.898, +31.969, +31.969, HL: 54.488, +33.701, +38.898, HR: +61.417, +33.701, +44.094 Max HR-HipX = +61.417 Min FL-HipY = +30.236 
[2025-06-10 09:08:45.023.102] [INFO  ] [Battery] SoC = 89%, Volt = +32.200V, Temp 28 
[2025-06-10 09:08:46.559.738] [INFO  ] [Controller] [Joints] FL: +40.630, +30.236, +33.701 ,FR: +38.898, +31.969, +31.969, HL: 54.488, +33.701, +38.898, HR: +59.685, +33.701, +44.094 Max HR-HipX = +59.685 Min FL-HipY = +30.236 
[2025-06-10 09:08:49.059.736] [INFO  ] [Controller] [Joints] FL: +40.630, +30.236, +33.701 ,FR: +38.898, +31.969, +31.969, HL: 54.488, +33.701, +38.898, HR: +59.685, +33.701, +44.094 Max HR-HipX = +59.685 Min FL-HipY = +30.236 
[2025-06-10 09:08:50.008.098] [INFO  ] [Battery] SoC = 89%, Volt = +32.200V, Temp 28 
[2025-06-10 09:08:51.286.732] [INFO  ] [BasicMotion] Switching to force control mode, please wait... 
[2025-06-10 09:08:51.559.734] [INFO  ] [Controller] [Joints] FL: +40.630, +31.969, +33.701 ,FR: +40.630, +31.969, +31.969, HL: 54.488, +33.701, +38.898, HR: +59.685, +33.701, +44.094 Max HR-HipX = +59.685 Min FL-HipY = +31.969 
[2025-06-10 09:08:54.059.731] [INFO  ] [Controller] [Joints] FL: +40.630, +31.969, +33.701 ,FR: +40.630, +31.969, +31.969, HL: 52.756, +33.701, +38.898, HR: +59.685, +33.701, +44.094 Max HR-HipX = +59.685 Min FL-HipY = +31.969 
[2025-06-10 09:08:54.992.889] [INFO  ] [Battery] SoC = 89%, Volt = +32.100V, Temp 28 
[2025-06-10 09:08:56.559.732] [INFO  ] [Controller] [Joints] FL: +40.630, +31.969, +33.701 ,FR: +40.630, +31.969, +31.969, HL: 52.756, +33.701, +38.898, HR: +57.953, +33.701, +44.094 Max HR-HipX = +57.953 Min FL-HipY = +31.969 
[2025-06-10 09:08:59.059.731] [INFO  ] [Controller] [Joints] FL: +40.630, +31.969, +33.701 ,FR: +40.630, +31.969, +31.969, HL: 52.756, +33.701, +40.630, HR: +57.953, +33.701, +44.094 Max HR-HipX = +57.953 Min FL-HipY = +31.969 
[2025-06-10 09:08:59.977.811] [INFO  ] [Battery] SoC = 89%, Volt = +32.300V, Temp 28 
[2025-06-10 09:09:01.559.730] [INFO  ] [Controller] [Joints] FL: +40.630, +31.969, +33.701 ,FR: +40.630, +31.969, +31.969, HL: 51.024, +33.701, +40.630, HR: +57.953, +33.701, +44.094 Max HR-HipX = +57.953 Min FL-HipY = +31.969 
[2025-06-10 09:09:04.059.736] [INFO  ] [Controller] [Joints] FL: +40.630, +31.969, +33.701 ,FR: +40.630, +31.969, +33.701, HL: 51.024, +33.701, +40.630, HR: +57.953, +33.701, +42.362 Max HR-HipX = +57.953 Min FL-HipY = +31.969 
[2025-06-10 09:09:04.962.747] [INFO  ] [Battery] SoC = 89%, Volt = +32.200V, Temp 28 
[2025-06-10 09:09:06.559.733] [INFO  ] [Controller] [Joints] FL: +40.630, +31.969, +33.701 ,FR: +40.630, +31.969, +33.701, HL: 51.024, +33.701, +40.630, HR: +56.220, +33.701, +42.362 Max HR-HipX = +56.220 Min FL-HipY = +31.969 
[2025-06-10 09:09:07.288.725] [INFO  ] [Dance2] dance_type : 2 
[2025-06-10 09:09:09.059.742] [INFO  ] [Controller] [Joints] FL: +40.630, +31.969, +33.701 ,FR: +40.630, +31.969, +33.701, HL: 51.024, +33.701, +40.630, HR: +56.220, +33.701, +42.362 Max HR-HipX = +56.220 Min FL-HipY = +31.969 
[2025-06-10 09:09:09.947.574] [INFO  ] [Battery] SoC = 89%, Volt = +32.100V, Temp 28 
[2025-06-10 09:09:11.559.747] [INFO  ] [Controller] [Joints] FL: +40.630, +31.969, +33.701 ,FR: +40.630, +31.969, +33.701, HL: 51.024, +33.701, +40.630, HR: +56.220, +33.701, +42.362 Max HR-HipX = +56.220 Min FL-HipY = +31.969 
[2025-06-10 09:09:14.059.742] [INFO  ] [Controller] [Joints] FL: +40.630, +31.969, +33.701 ,FR: +40.630, +31.969, +33.701, HL: 51.024, +33.701, +40.630, HR: +56.220, +33.701, +42.362 Max HR-HipX = +56.220 Min FL-HipY = +31.969 
[2025-06-10 09:09:14.932.596] [INFO  ] [Battery] SoC = 89%, Volt = +32.200V, Temp 28 
[2025-06-10 09:09:16.559.744] [INFO  ] [Controller] [Joints] FL: +40.630, +31.969, +33.701 ,FR: +40.630, +31.969, +33.701, HL: 51.024, +33.701, +40.630, HR: +56.220, +33.701, +44.094 Max HR-HipX = +56.220 Min FL-HipY = +31.969 
[2025-06-10 09:09:19.059.738] [INFO  ] [Controller] [Joints] FL: +40.630, +31.969, +33.701 ,FR: +40.630, +31.969, +33.701, HL: 51.024, +33.701, +40.630, HR: +54.488, +33.701, +44.094 Max HR-HipX = +54.488 Min FL-HipY = +31.969 
[2025-06-10 09:09:19.766.727] [INFO  ] [BasicMotion] Switching to force control mode, please wait... 
[2025-06-10 09:09:19.917.721] [INFO  ] [Battery] SoC = 89%, Volt = +31.600V, Temp 28 
[2025-06-10 09:09:21.559.732] [INFO  ] [Controller] [Joints] FL: +40.630, +31.969, +33.701 ,FR: +40.630, +31.969, +33.701, HL: 51.024, +33.701, +40.630, HR: +56.220, +33.701, +44.094 Max HR-HipX = +56.220 Min FL-HipY = +31.969 
[2025-06-10 09:09:24.059.735] [INFO  ] [Controller] [Joints] FL: +40.630, +31.969, +33.701 ,FR: +40.630, +31.969, +33.701, HL: 51.024, +33.701, +40.630, HR: +56.220, +33.701, +44.094 Max HR-HipX = +56.220 Min FL-HipY = +31.969 
[2025-06-10 09:09:24.902.734] [INFO  ] [Battery] SoC = 89%, Volt = +31.900V, Temp 28 
[2025-06-10 09:09:26.559.733] [INFO  ] [Controller] [Joints] FL: +42.362, +31.969, +33.701 ,FR: +42.362, +31.969, +33.701, HL: 51.024, +33.701, +40.630, HR: +57.953, +33.701, +44.094 Max HR-HipX = +57.953 Min FL-HipY = +31.969 
[2025-06-10 09:09:29.059.735] [INFO  ] [Controller] [Joints] FL: +42.362, +31.969, +33.701 ,FR: +42.362, +31.969, +35.433, HL: 49.291, +33.701, +40.630, HR: +57.953, +35.433, +44.094 Max HR-HipX = +57.953 Min FL-HipY = +31.969 
[2025-06-10 09:09:29.887.722] [INFO  ] [Battery] SoC = 89%, Volt = +32.100V, Temp 28 
[2025-06-10 09:09:31.559.736] [INFO  ] [Controller] [Joints] FL: +42.362, +31.969, +33.701 ,FR: +42.362, +31.969, +35.433, HL: 49.291, +33.701, +42.362, HR: +57.953, +35.433, +44.094 Max HR-HipX = +57.953 Min FL-HipY = +31.969 
[2025-06-10 09:09:33.901.877] [INFO  ] [Controller] Stop movement ... 
[2025-06-10 09:09:33.901.905] [INFO  ] [Controller] Stop movement ... 
[2025-06-10 09:09:34.059.736] [INFO  ] [Controller] [Joints] FL: +44.094, +31.969, +35.433 ,FR: +42.362, +31.969, +35.433, HL: 49.291, +33.701, +42.362, HR: +57.953, +35.433, +44.094 Max HR-HipX = +57.953 Min FL-HipY = +31.969 
[2025-06-10 09:09:34.406.718] [INFO  ] [Controller] Stop movement ... 
[2025-06-10 09:09:34.406.745] [INFO  ] [Controller] Stop movement ... 
[2025-06-10 09:09:34.872.727] [INFO  ] [Battery] SoC = 88%, Volt = +32.100V, Temp 28 
[2025-06-10 09:09:34.913.808] [INFO  ] [Controller] Stop movement ... 
[2025-06-10 09:09:34.913.833] [INFO  ] [Controller] Stop movement ... 
[2025-06-10 09:09:36.067.141] [INFO  ] [TVMPC] [trot]STOP!!! 
[2025-06-10 09:09:36.067.717] [INFO  ] [BasicMotion] Switching to force control mode, please wait... 
[2025-06-10 09:09:36.559.737] [INFO  ] [Controller] [Joints] FL: +44.094, +31.969, +35.433 ,FR: +42.362, +31.969, +35.433, HL: 49.291, +33.701, +42.362, HR: +57.953, +33.701, +45.827 Max HR-HipX = +57.953 Min FL-HipY = +31.969 
[2025-06-10 09:09:39.059.739] [INFO  ] [Controller] [Joints] FL: +44.094, +31.969, +35.433 ,FR: +42.362, +31.969, +35.433, HL: 49.291, +33.701, +42.362, HR: +57.953, +33.701, +45.827 Max HR-HipX = +57.953 Min FL-HipY = +31.969 
[2025-06-10 09:09:39.857.782] [INFO  ] [Battery] SoC = 88%, Volt = +32.200V, Temp 28 
[2025-06-10 09:09:41.559.737] [INFO  ] [Controller] [Joints] FL: +44.094, +31.969, +35.433 ,FR: +42.362, +31.969, +35.433, HL: 49.291, +33.701, +42.362, HR: +56.220, +33.701, +45.827 Max HR-HipX = +56.220 Min FL-HipY = +31.969 
[2025-06-10 09:09:44.059.736] [INFO  ] [Controller] [Joints] FL: +44.094, +31.969, +35.433 ,FR: +42.362, +31.969, +35.433, HL: 49.291, +33.701, +42.362, HR: +56.220, +33.701, +45.827 Max HR-HipX = +56.220 Min FL-HipY = +31.969 
[2025-06-10 09:09:44.176.719] [INFO  ] [Controller] Greeting1... 
[2025-06-10 09:09:44.176.767] [INFO  ] [BasicMotion] Greeting, please wait... 
[2025-06-10 09:09:44.842.809] [INFO  ] [Battery] SoC = 88%, Volt = +32.100V, Temp 28 
[2025-06-10 09:09:45.687.727] [INFO  ] [BasicMotion] Greeting Third State End ... 
[2025-06-10 09:09:46.188.728] [INFO  ] [BasicMotion] waving_cnt: 1 
[2025-06-10 09:09:46.559.736] [INFO  ] [Controller] [Joints] FL: +44.094, +31.969, +35.433 ,FR: +42.362, +31.969, +35.433, HL: 49.291, +33.701, +40.630, HR: +56.220, +33.701, +45.827 Max HR-HipX = +56.220 Min FL-HipY = +31.969 
[2025-06-10 09:09:46.688.727] [INFO  ] [BasicMotion] waving_cnt: 2 
[2025-06-10 09:09:47.189.728] [INFO  ] [BasicMotion] waving_cnt: 3 
[2025-06-10 09:09:47.690.732] [INFO  ] [BasicMotion] waving_cnt: 4 
[2025-06-10 09:09:49.059.738] [INFO  ] [Controller] [Joints] FL: +44.094, +31.969, +35.433 ,FR: +42.362, +31.969, +35.433, HL: 49.291, +33.701, +40.630, HR: +56.220, +33.701, +44.094 Max HR-HipX = +56.220 Min FL-HipY = +31.969 
[2025-06-10 09:09:49.827.830] [INFO  ] [Battery] SoC = 88%, Volt = +32.300V, Temp 28 
[2025-06-10 09:09:50.155.728] [INFO  ] [BasicMotion] waving_cnt: 1 
[2025-06-10 09:09:50.756.728] [INFO  ] [BasicMotion] waving_cnt: 2 
[2025-06-10 09:09:51.357.729] [INFO  ] [BasicMotion] waving_cnt: 3 
[2025-06-10 09:09:51.559.739] [INFO  ] [Controller] [Joints] FL: +42.362, +33.701, +35.433 ,FR: +42.362, +31.969, +35.433, HL: 47.559, +33.701, +40.630, HR: +54.488, +33.701, +44.094 Max HR-HipX = +54.488 Min FR-HipY = +31.969 
[2025-06-10 09:09:51.957.728] [INFO  ] [BasicMotion] waving_cnt: 4 
[2025-06-10 09:09:52.557.730] [INFO  ] [BasicMotion] waving_cnt: 5 
[2025-06-10 09:09:53.158.728] [INFO  ] [BasicMotion] waving_cnt: 6 
[2025-06-10 09:09:53.758.730] [INFO  ] [BasicMotion] waving_cnt: 7 
[2025-06-10 09:09:54.059.738] [INFO  ] [Controller] [Joints] FL: +42.362, +33.701, +35.433 ,FR: +42.362, +31.969, +35.433, HL: 47.559, +33.701, +40.630, HR: +54.488, +33.701, +44.094 Max HR-HipX = +54.488 Min FR-HipY = +31.969 
[2025-06-10 09:09:54.358.729] [INFO  ] [BasicMotion] waving_cnt: 8 
[2025-06-10 09:09:54.812.971] [INFO  ] [Battery] SoC = 88%, Volt = +32.300V, Temp 28 
[2025-06-10 09:09:54.958.735] [INFO  ] [BasicMotion] waving_cnt: 9 
[2025-06-10 09:09:56.559.739] [INFO  ] [Controller] [Joints] FL: +42.362, +35.433, +35.433 ,FR: +42.362, +31.969, +35.433, HL: 47.559, +33.701, +40.630, HR: +54.488, +33.701, +44.094 Max HR-HipX = +54.488 Min FR-HipY = +31.969 
[2025-06-10 09:09:56.960.740] [INFO  ] [BasicMotion] Stand up action has finished, waitting to switch to force control mode! 
[2025-06-10 09:09:56.960.776] [INFO  ] [BasicMotion] Switching to force control mode, please wait... 
[2025-06-10 09:09:59.059.740] [INFO  ] [Controller] [Joints] FL: +42.362, +35.433, +35.433 ,FR: +42.362, +31.969, +35.433, HL: 47.559, +33.701, +40.630, HR: +52.756, +33.701, +44.094 Max HR-HipX = +52.756 Min FR-HipY = +31.969 
[2025-06-10 09:09:59.798.084] [INFO  ] [Battery] SoC = 88%, Volt = +32.200V, Temp 28 
[2025-06-10 09:10:01.559.739] [INFO  ] [Controller] [Joints] FL: +42.362, +35.433, +37.165 ,FR: +42.362, +31.969, +35.433, HL: 47.559, +33.701, +40.630, HR: +52.756, +33.701, +44.094 Max HR-HipX = +52.756 Min FR-HipY = +31.969 
[2025-06-10 09:10:04.059.739] [INFO  ] [Controller] [Joints] FL: +42.362, +35.433, +37.165 ,FR: +42.362, +31.969, +35.433, HL: 47.559, +33.701, +38.898, HR: +52.756, +33.701, +44.094 Max HR-HipX = +52.756 Min FR-HipY = +31.969 
[2025-06-10 09:10:04.783.218] [INFO  ] [Battery] SoC = 88%, Volt = +32.200V, Temp 28 
[2025-06-10 09:10:06.559.791] [INFO  ] [Controller] [Joints] FL: +42.362, +35.433, +37.165 ,FR: +42.362, +31.969, +35.433, HL: 49.291, +33.701, +38.898, HR: +54.488, +33.701, +44.094 Max HR-HipX = +54.488 Min FR-HipY = +31.969 
[2025-06-10 09:10:09.059.859] [INFO  ] [Controller] [Joints] FL: +42.362, +35.433, +37.165 ,FR: +42.362, +33.701, +35.433, HL: 49.291, +33.701, +38.898, HR: +54.488, +33.701, +42.362 Max HR-HipX = +54.488 Min FR-HipY = +33.701 
[2025-06-10 09:10:09.768.392] [INFO  ] [Battery] SoC = 88%, Volt = +32.200V, Temp 28 
[2025-06-10 09:10:11.559.742] [INFO  ] [Controller] [Joints] FL: +42.362, +35.433, +37.165 ,FR: +42.362, +33.701, +35.433, HL: 49.291, +33.701, +38.898, HR: +54.488, +33.701, +42.362 Max HR-HipX = +54.488 Min FR-HipY = +33.701 
[2025-06-10 09:10:14.059.737] [INFO  ] [Controller] [Joints] FL: +42.362, +35.433, +37.165 ,FR: +42.362, +33.701, +35.433, HL: 51.024, +33.701, +38.898, HR: +54.488, +33.701, +42.362 Max HR-HipX = +54.488 Min FR-HipY = +33.701 
[2025-06-10 09:10:14.753.501] [INFO  ] [Battery] SoC = 88%, Volt = +32.200V, Temp 28 
[2025-06-10 09:10:16.559.735] [INFO  ] [Controller] [Joints] FL: +42.362, +35.433, +37.165 ,FR: +42.362, +33.701, +35.433, HL: 51.024, +33.701, +38.898, HR: +56.220, +33.701, +42.362 Max HR-HipX = +56.220 Min FR-HipY = +33.701 
[2025-06-10 09:10:19.059.739] [INFO  ] [Controller] [Joints] FL: +42.362, +35.433, +37.165 ,FR: +42.362, +33.701, +35.433, HL: 51.024, +33.701, +37.165, HR: +56.220, +33.701, +42.362 Max HR-HipX = +56.220 Min FR-HipY = +33.701 
[2025-06-10 09:10:19.738.700] [INFO  ] [Battery] SoC = 88%, Volt = +32.200V, Temp 28 
[2025-06-10 09:10:21.559.741] [INFO  ] [Controller] [Joints] FL: +44.094, +35.433, +37.165 ,FR: +44.094, +33.701, +35.433, HL: 51.024, +33.701, +37.165, HR: +56.220, +33.701, +40.630 Max HR-HipX = +56.220 Min FR-HipY = +33.701 
[2025-06-10 09:10:24.059.739] [INFO  ] [Controller] [Joints] FL: +44.094, +35.433, +37.165 ,FR: +44.094, +33.701, +35.433, HL: 52.756, +33.701, +37.165, HR: +56.220, +33.701, +40.630 Max HR-HipX = +56.220 Min FR-HipY = +33.701 
[2025-06-10 09:10:24.723.891] [INFO  ] [Battery] SoC = 88%, Volt = +32.200V, Temp 28 
[2025-06-10 09:10:26.559.739] [INFO  ] [Controller] [Joints] FL: +44.094, +35.433, +37.165 ,FR: +44.094, +33.701, +37.165, HL: 52.756, +33.701, +37.165, HR: +56.220, +33.701, +40.630 Max HR-HipX = +56.220 Min FR-HipY = +33.701 
[2025-06-10 09:10:29.059.739] [INFO  ] [Controller] [Joints] FL: +44.094, +35.433, +37.165 ,FR: +44.094, +33.701, +37.165, HL: 52.756, +33.701, +37.165, HR: +56.220, +33.701, +40.630 Max HR-HipX = +56.220 Min FR-HipY = +33.701 
[2025-06-10 09:10:29.708.967] [INFO  ] [Battery] SoC = 88%, Volt = +32.200V, Temp 28 
[2025-06-10 09:10:31.559.739] [INFO  ] [Controller] [Joints] FL: +44.094, +33.701, +37.165 ,FR: +44.094, +33.701, +37.165, HL: 52.756, +33.701, +37.165, HR: +57.953, +33.701, +40.630 Max HR-HipX = +57.953 Min FL-HipY = +33.701 
[2025-06-10 09:10:34.059.736] [INFO  ] [Controller] [Joints] FL: +44.094, +33.701, +37.165 ,FR: +44.094, +33.701, +37.165, HL: 52.756, +33.701, +37.165, HR: +57.953, +33.701, +40.630 Max HR-HipX = +57.953 Min FL-HipY = +33.701 
[2025-06-10 09:10:34.694.018] [INFO  ] [Battery] SoC = 88%, Volt = +32.200V, Temp 28 
[2025-06-10 09:10:36.559.738] [INFO  ] [Controller] [Joints] FL: +44.094, +33.701, +37.165 ,FR: +44.094, +33.701, +37.165, HL: 54.488, +33.701, +37.165, HR: +57.953, +33.701, +40.630 Max HR-HipX = +57.953 Min FL-HipY = +33.701 
[2025-06-10 09:10:39.059.739] [INFO  ] [Controller] [Joints] FL: +44.094, +33.701, +37.165 ,FR: +44.094, +33.701, +37.165, HL: 54.488, +33.701, +37.165, HR: +57.953, +33.701, +40.630 Max HR-HipX = +57.953 Min FL-HipY = +33.701 
[2025-06-10 09:10:39.679.104] [INFO  ] [Battery] SoC = 88%, Volt = +32.200V, Temp 28 
[2025-06-10 09:10:41.559.732] [INFO  ] [Controller] [Joints] FL: +44.094, +33.701, +37.165 ,FR: +44.094, +33.701, +37.165, HL: 54.488, +33.701, +37.165, HR: +57.953, +33.701, +38.898 Max HR-HipX = +57.953 Min FL-HipY = +33.701 
[2025-06-10 09:10:44.059.734] [INFO  ] [Controller] [Joints] FL: +44.094, +33.701, +37.165 ,FR: +44.094, +33.701, +37.165, HL: 54.488, +33.701, +35.433, HR: +57.953, +33.701, +38.898 Max HR-HipX = +57.953 Min FL-HipY = +33.701 
[2025-06-10 09:10:44.664.134] [INFO  ] [Battery] SoC = 88%, Volt = +32.200V, Temp 28 
[2025-06-10 09:10:46.559.736] [INFO  ] [Controller] [Joints] FL: +44.094, +33.701, +37.165 ,FR: +44.094, +33.701, +37.165, HL: 54.488, +33.701, +35.433, HR: +57.953, +33.701, +38.898 Max HR-HipX = +57.953 Min FL-HipY = +33.701 
[2025-06-10 09:10:49.059.739] [INFO  ] [Controller] [Joints] FL: +44.094, +33.701, +37.165 ,FR: +44.094, +33.701, +37.165, HL: 54.488, +33.701, +35.433, HR: +57.953, +33.701, +38.898 Max HR-HipX = +57.953 Min FL-HipY = +33.701 
[2025-06-10 09:10:49.649.233] [INFO  ] [Battery] SoC = 88%, Volt = +32.200V, Temp 28 
[2025-06-10 09:10:51.559.739] [INFO  ] [Controller] [Joints] FL: +44.094, +33.701, +37.165 ,FR: +44.094, +33.701, +37.165, HL: 54.488, +33.701, +35.433, HR: +57.953, +33.701, +38.898 Max HR-HipX = +57.953 Min FL-HipY = +33.701 
[2025-06-10 09:10:54.059.741] [INFO  ] [Controller] [Joints] FL: +44.094, +33.701, +37.165 ,FR: +44.094, +33.701, +37.165, HL: 54.488, +33.701, +35.433, HR: +57.953, +33.701, +38.898 Max HR-HipX = +57.953 Min FL-HipY = +33.701 
[2025-06-10 09:10:54.634.334] [INFO  ] [Battery] SoC = 88%, Volt = +32.200V, Temp 28 
[2025-06-10 09:10:56.559.739] [INFO  ] [Controller] [Joints] FL: +44.094, +33.701, +37.165 ,FR: +44.094, +33.701, +37.165, HL: 56.220, +31.969, +35.433, HR: +57.953, +33.701, +38.898 Max HR-HipX = +57.953 Min HL-HipY = +31.969 
[2025-06-10 09:10:59.059.743] [INFO  ] [Controller] [Joints] FL: +44.094, +33.701, +37.165 ,FR: +44.094, +33.701, +37.165, HL: 56.220, +31.969, +35.433, HR: +57.953, +33.701, +38.898 Max HR-HipX = +57.953 Min HL-HipY = +31.969 
[2025-06-10 09:10:59.619.492] [INFO  ] [Battery] SoC = 88%, Volt = +32.200V, Temp 28 
[2025-06-10 09:11:01.559.740] [INFO  ] [Controller] [Joints] FL: +45.827, +33.701, +37.165 ,FR: +44.094, +33.701, +37.165, HL: 56.220, +31.969, +35.433, HR: +59.685, +33.701, +38.898 Max HR-HipX = +59.685 Min HL-HipY = +31.969 
[2025-06-10 09:11:04.059.741] [INFO  ] [Controller] [Joints] FL: +45.827, +33.701, +37.165 ,FR: +45.827, +33.701, +37.165, HL: 56.220, +31.969, +35.433, HR: +59.685, +33.701, +38.898 Max HR-HipX = +59.685 Min HL-HipY = +31.969 
[2025-06-10 09:11:04.604.421] [INFO  ] [Battery] SoC = 87%, Volt = +32.200V, Temp 28 
[2025-06-10 09:11:06.559.748] [INFO  ] [Controller] [Joints] FL: +45.827, +33.701, +37.165 ,FR: +45.827, +33.701, +37.165, HL: 56.220, +31.969, +35.433, HR: +59.685, +33.701, +38.898 Max HR-HipX = +59.685 Min HL-HipY = +31.969 
[2025-06-10 09:11:09.059.742] [INFO  ] [Controller] [Joints] FL: +45.827, +33.701, +37.165 ,FR: +45.827, +33.701, +37.165, HL: 56.220, +31.969, +35.433, HR: +59.685, +33.701, +38.898 Max HR-HipX = +59.685 Min HL-HipY = +31.969 
[2025-06-10 09:11:09.589.497] [INFO  ] [Battery] SoC = 87%, Volt = +32.200V, Temp 28 
[2025-06-10 09:11:11.559.737] [INFO  ] [Controller] [Joints] FL: +45.827, +33.701, +37.165 ,FR: +45.827, +33.701, +37.165, HL: 56.220, +31.969, +35.433, HR: +59.685, +33.701, +38.898 Max HR-HipX = +59.685 Min HL-HipY = +31.969 
[2025-06-10 09:11:14.059.738] [INFO  ] [Controller] [Joints] FL: +45.827, +33.701, +37.165 ,FR: +45.827, +33.701, +37.165, HL: 56.220, +31.969, +35.433, HR: +59.685, +33.701, +38.898 Max HR-HipX = +59.685 Min HL-HipY = +31.969 
[2025-06-10 09:11:14.574.478] [INFO  ] [Battery] SoC = 87%, Volt = +32.200V, Temp 28 
[2025-06-10 09:11:16.559.737] [INFO  ] [Controller] [Joints] FL: +45.827, +33.701, +37.165 ,FR: +45.827, +33.701, +37.165, HL: 56.220, +31.969, +35.433, HR: +59.685, +33.701, +38.898 Max HR-HipX = +59.685 Min HL-HipY = +31.969 
[2025-06-10 09:11:19.059.736] [INFO  ] [Controller] [Joints] FL: +45.827, +33.701, +37.165 ,FR: +45.827, +33.701, +37.165, HL: 56.220, +31.969, +35.433, HR: +59.685, +33.701, +38.898 Max HR-HipX = +59.685 Min HL-HipY = +31.969 
[2025-06-10 09:11:19.559.499] [INFO  ] [Battery] SoC = 87%, Volt = +32.200V, Temp 28 
[2025-06-10 09:11:21.559.736] [INFO  ] [Controller] [Joints] FL: +45.827, +33.701, +37.165 ,FR: +45.827, +33.701, +37.165, HL: 56.220, +31.969, +35.433, HR: +59.685, +33.701, +38.898 Max HR-HipX = +59.685 Min HL-HipY = +31.969 
[2025-06-10 09:11:24.059.739] [INFO  ] [Controller] [Joints] FL: +45.827, +33.701, +37.165 ,FR: +45.827, +33.701, +37.165, HL: 56.220, +31.969, +35.433, HR: +59.685, +33.701, +38.898 Max HR-HipX = +59.685 Min HL-HipY = +31.969 
[2025-06-10 09:11:24.544.391] [INFO  ] [Battery] SoC = 87%, Volt = +32.200V, Temp 28 
[2025-06-10 09:11:26.559.737] [INFO  ] [Controller] [Joints] FL: +45.827, +33.701, +37.165 ,FR: +45.827, +33.701, +37.165, HL: 56.220, +31.969, +35.433, HR: +59.685, +33.701, +38.898 Max HR-HipX = +59.685 Min HL-HipY = +31.969 
[2025-06-10 09:11:29.059.741] [INFO  ] [Controller] [Joints] FL: +45.827, +33.701, +37.165 ,FR: +45.827, +33.701, +37.165, HL: 56.220, +31.969, +35.433, HR: +59.685, +33.701, +38.898 Max HR-HipX = +59.685 Min HL-HipY = +31.969 
[2025-06-10 09:11:29.529.380] [INFO  ] [Battery] SoC = 87%, Volt = +32.200V, Temp 28 
[2025-06-10 09:11:31.559.738] [INFO  ] [Controller] [Joints] FL: +45.827, +33.701, +37.165 ,FR: +45.827, +33.701, +37.165, HL: 56.220, +31.969, +35.433, HR: +59.685, +33.701, +38.898 Max HR-HipX = +59.685 Min HL-HipY = +31.969 
[2025-06-10 09:11:34.059.739] [INFO  ] [Controller] [Joints] FL: +45.827, +33.701, +37.165 ,FR: +45.827, +33.701, +37.165, HL: 56.220, +31.969, +35.433, HR: +59.685, +33.701, +38.898 Max HR-HipX = +59.685 Min HL-HipY = +31.969 
[2025-06-10 09:11:34.514.345] [INFO  ] [Battery] SoC = 87%, Volt = +32.200V, Temp 28 
[2025-06-10 09:11:36.559.736] [INFO  ] [Controller] [Joints] FL: +45.827, +33.701, +37.165 ,FR: +45.827, +33.701, +37.165, HL: 57.953, +31.969, +35.433, HR: +59.685, +33.701, +37.165 Max HR-HipX = +59.685 Min HL-HipY = +31.969 
[2025-06-10 09:11:39.059.736] [INFO  ] [Controller] [Joints] FL: +45.827, +33.701, +37.165 ,FR: +45.827, +33.701, +37.165, HL: 57.953, +31.969, +35.433, HR: +59.685, +33.701, +37.165 Max HR-HipX = +59.685 Min HL-HipY = +31.969 
[2025-06-10 09:11:39.499.412] [INFO  ] [Battery] SoC = 87%, Volt = +32.200V, Temp 28 
[2025-06-10 09:11:41.559.733] [INFO  ] [Controller] [Joints] FL: +45.827, +33.701, +37.165 ,FR: +45.827, +33.701, +37.165, HL: 57.953, +31.969, +35.433, HR: +59.685, +33.701, +37.165 Max HR-HipX = +59.685 Min HL-HipY = +31.969 
[2025-06-10 09:11:44.059.738] [INFO  ] [Controller] [Joints] FL: +45.827, +33.701, +37.165 ,FR: +45.827, +33.701, +37.165, HL: 57.953, +31.969, +35.433, HR: +59.685, +33.701, +37.165 Max HR-HipX = +59.685 Min HL-HipY = +31.969 
[2025-06-10 09:11:44.484.460] [INFO  ] [Battery] SoC = 87%, Volt = +32.200V, Temp 28 
[2025-06-10 09:11:46.559.740] [INFO  ] [Controller] [Joints] FL: +45.827, +33.701, +37.165 ,FR: +45.827, +33.701, +37.165, HL: 57.953, +31.969, +35.433, HR: +59.685, +33.701, +37.165 Max HR-HipX = +59.685 Min HL-HipY = +31.969 
[2025-06-10 09:11:49.059.739] [INFO  ] [Controller] [Joints] FL: +45.827, +33.701, +37.165 ,FR: +45.827, +33.701, +37.165, HL: 57.953, +31.969, +35.433, HR: +59.685, +33.701, +37.165 Max HR-HipX = +59.685 Min HL-HipY = +31.969 
[2025-06-10 09:11:49.469.538] [INFO  ] [Battery] SoC = 87%, Volt = +32.200V, Temp 28 
[2025-06-10 09:11:51.559.741] [INFO  ] [Controller] [Joints] FL: +45.827, +33.701, +37.165 ,FR: +45.827, +33.701, +37.165, HL: 57.953, +31.969, +35.433, HR: +59.685, +33.701, +37.165 Max HR-HipX = +59.685 Min HL-HipY = +31.969 
[2025-06-10 09:11:54.059.740] [INFO  ] [Controller] [Joints] FL: +45.827, +33.701, +37.165 ,FR: +45.827, +33.701, +37.165, HL: 57.953, +31.969, +35.433, HR: +59.685, +33.701, +37.165 Max HR-HipX = +59.685 Min HL-HipY = +31.969 
[2025-06-10 09:11:54.454.760] [INFO  ] [Battery] SoC = 87%, Volt = +32.200V, Temp 28 
[2025-06-10 09:11:56.559.741] [INFO  ] [Controller] [Joints] FL: +45.827, +33.701, +37.165 ,FR: +45.827, +33.701, +37.165, HL: 57.953, +31.969, +35.433, HR: +59.685, +33.701, +37.165 Max HR-HipX = +59.685 Min HL-HipY = +31.969 
[2025-06-10 09:11:59.059.740] [INFO  ] [Controller] [Joints] FL: +45.827, +33.701, +37.165 ,FR: +45.827, +33.701, +37.165, HL: 57.953, +31.969, +35.433, HR: +59.685, +33.701, +37.165 Max HR-HipX = +59.685 Min HL-HipY = +31.969 
[2025-06-10 09:11:59.439.923] [INFO  ] [Battery] SoC = 87%, Volt = +32.200V, Temp 28 
[2025-06-10 09:12:01.559.739] [INFO  ] [Controller] [Joints] FL: +45.827, +33.701, +37.165 ,FR: +45.827, +33.701, +37.165, HL: 57.953, +31.969, +35.433, HR: +59.685, +33.701, +37.165 Max HR-HipX = +59.685 Min HL-HipY = +31.969 
[2025-06-10 09:12:04.059.739] [INFO  ] [Controller] [Joints] FL: +45.827, +33.701, +37.165 ,FR: +45.827, +33.701, +37.165, HL: 57.953, +31.969, +35.433, HR: +59.685, +33.701, +37.165 Max HR-HipX = +59.685 Min HL-HipY = +31.969 
[2025-06-10 09:12:04.425.025] [INFO  ] [Battery] SoC = 87%, Volt = +32.200V, Temp 28 
[2025-06-10 09:12:06.559.737] [INFO  ] [Controller] [Joints] FL: +45.827, +33.701, +37.165 ,FR: +45.827, +33.701, +37.165, HL: 57.953, +31.969, +35.433, HR: +59.685, +33.701, +37.165 Max HR-HipX = +59.685 Min HL-HipY = +31.969 
[2025-06-10 09:12:09.059.737] [INFO  ] [Controller] [Joints] FL: +45.827, +33.701, +37.165 ,FR: +45.827, +33.701, +37.165, HL: 57.953, +31.969, +35.433, HR: +59.685, +33.701, +37.165 Max HR-HipX = +59.685 Min HL-HipY = +31.969 
[2025-06-10 09:12:09.410.077] [INFO  ] [Battery] SoC = 87%, Volt = +32.200V, Temp 28 
[2025-06-10 09:12:11.559.739] [INFO  ] [Controller] [Joints] FL: +45.827, +33.701, +37.165 ,FR: +45.827, +33.701, +37.165, HL: 57.953, +31.969, +35.433, HR: +59.685, +33.701, +37.165 Max HR-HipX = +59.685 Min HL-HipY = +31.969 
[2025-06-10 09:12:14.059.740] [INFO  ] [Controller] [Joints] FL: +45.827, +33.701, +37.165 ,FR: +45.827, +33.701, +37.165, HL: 57.953, +31.969, +35.433, HR: +59.685, +33.701, +37.165 Max HR-HipX = +59.685 Min HL-HipY = +31.969 
[2025-06-10 09:12:14.395.136] [INFO  ] [Battery] SoC = 87%, Volt = +32.200V, Temp 28 
[2025-06-10 09:12:16.559.740] [INFO  ] [Controller] [Joints] FL: +45.827, +33.701, +37.165 ,FR: +45.827, +33.701, +37.165, HL: 57.953, +31.969, +35.433, HR: +59.685, +33.701, +37.165 Max HR-HipX = +59.685 Min HL-HipY = +31.969 
[2025-06-10 09:12:19.059.739] [INFO  ] [Controller] [Joints] FL: +45.827, +33.701, +37.165 ,FR: +45.827, +33.701, +37.165, HL: 57.953, +31.969, +35.433, HR: +59.685, +33.701, +37.165 Max HR-HipX = +59.685 Min HL-HipY = +31.969 
[2025-06-10 09:12:19.380.217] [INFO  ] [Battery] SoC = 87%, Volt = +32.200V, Temp 28 
[2025-06-10 09:12:21.559.740] [INFO  ] [Controller] [Joints] FL: +45.827, +33.701, +37.165 ,FR: +45.827, +33.701, +37.165, HL: 57.953, +31.969, +35.433, HR: +59.685, +33.701, +37.165 Max HR-HipX = +59.685 Min HL-HipY = +31.969 
[2025-06-10 09:12:24.059.738] [INFO  ] [Controller] [Joints] FL: +45.827, +33.701, +37.165 ,FR: +45.827, +33.701, +37.165, HL: 57.953, +31.969, +35.433, HR: +59.685, +33.701, +37.165 Max HR-HipX = +59.685 Min HL-HipY = +31.969 
[2025-06-10 09:12:24.365.224] [INFO  ] [Battery] SoC = 87%, Volt = +32.200V, Temp 28 
[2025-06-10 09:12:26.559.737] [INFO  ] [Controller] [Joints] FL: +45.827, +33.701, +37.165 ,FR: +45.827, +33.701, +37.165, HL: 57.953, +33.701, +35.433, HR: +59.685, +33.701, +37.165 Max HR-HipX = +59.685 Min FL-HipY = +33.701 
[2025-06-10 09:12:29.059.738] [INFO  ] [Controller] [Joints] FL: +45.827, +33.701, +37.165 ,FR: +45.827, +33.701, +37.165, HL: 57.953, +33.701, +35.433, HR: +59.685, +33.701, +37.165 Max HR-HipX = +59.685 Min FL-HipY = +33.701 
[2025-06-10 09:12:29.350.241] [INFO  ] [Battery] SoC = 86%, Volt = +32.200V, Temp 28 
[2025-06-10 09:12:31.559.737] [INFO  ] [Controller] [Joints] FL: +45.827, +33.701, +37.165 ,FR: +45.827, +33.701, +37.165, HL: 57.953, +33.701, +35.433, HR: +59.685, +33.701, +37.165 Max HR-HipX = +59.685 Min FL-HipY = +33.701 
[2025-06-10 09:12:34.059.736] [INFO  ] [Controller] [Joints] FL: +45.827, +33.701, +37.165 ,FR: +45.827, +33.701, +37.165, HL: 57.953, +33.701, +35.433, HR: +59.685, +33.701, +37.165 Max HR-HipX = +59.685 Min FL-HipY = +33.701 
[2025-06-10 09:12:34.335.290] [INFO  ] [Battery] SoC = 86%, Volt = +32.200V, Temp 28 
[2025-06-10 09:12:36.559.738] [INFO  ] [Controller] [Joints] FL: +45.827, +33.701, +37.165 ,FR: +45.827, +33.701, +37.165, HL: 57.953, +33.701, +35.433, HR: +59.685, +33.701, +37.165 Max HR-HipX = +59.685 Min FL-HipY = +33.701 
[2025-06-10 09:12:39.059.735] [INFO  ] [Controller] [Joints] FL: +45.827, +33.701, +37.165 ,FR: +45.827, +33.701, +37.165, HL: 57.953, +33.701, +35.433, HR: +59.685, +33.701, +37.165 Max HR-HipX = +59.685 Min FL-HipY = +33.701 
[2025-06-10 09:12:39.320.334] [INFO  ] [Battery] SoC = 86%, Volt = +32.100V, Temp 28 
[2025-06-10 09:12:41.559.737] [INFO  ] [Controller] [Joints] FL: +45.827, +33.701, +37.165 ,FR: +45.827, +33.701, +37.165, HL: 57.953, +33.701, +35.433, HR: +59.685, +33.701, +37.165 Max HR-HipX = +59.685 Min FL-HipY = +33.701 
[2025-06-10 09:12:44.059.739] [INFO  ] [Controller] [Joints] FL: +45.827, +33.701, +37.165 ,FR: +45.827, +33.701, +37.165, HL: 57.953, +33.701, +35.433, HR: +61.417, +33.701, +37.165 Max HR-HipX = +61.417 Min FL-HipY = +33.701 
[2025-06-10 09:12:44.305.261] [INFO  ] [Battery] SoC = 86%, Volt = +32.100V, Temp 28 
[2025-06-10 09:12:46.559.738] [INFO  ] [Controller] [Joints] FL: +45.827, +33.701, +37.165 ,FR: +45.827, +33.701, +37.165, HL: 57.953, +33.701, +35.433, HR: +61.417, +33.701, +37.165 Max HR-HipX = +61.417 Min FL-HipY = +33.701 
[2025-06-10 09:12:49.059.741] [INFO  ] [Controller] [Joints] FL: +45.827, +33.701, +37.165 ,FR: +45.827, +35.433, +37.165, HL: 57.953, +33.701, +35.433, HR: +61.417, +33.701, +37.165 Max HR-HipX = +61.417 Min FL-HipY = +33.701 
[2025-06-10 09:12:49.290.058] [INFO  ] [Battery] SoC = 86%, Volt = +32.100V, Temp 28 
[2025-06-10 09:12:51.559.741] [INFO  ] [Controller] [Joints] FL: +45.827, +33.701, +37.165 ,FR: +45.827, +35.433, +37.165, HL: 57.953, +33.701, +35.433, HR: +61.417, +33.701, +37.165 Max HR-HipX = +61.417 Min FL-HipY = +33.701 
[2025-06-10 09:12:54.059.741] [INFO  ] [Controller] [Joints] FL: +45.827, +33.701, +37.165 ,FR: +45.827, +35.433, +37.165, HL: 57.953, +33.701, +35.433, HR: +61.417, +33.701, +37.165 Max HR-HipX = +61.417 Min FL-HipY = +33.701 
[2025-06-10 09:12:54.274.856] [INFO  ] [Battery] SoC = 86%, Volt = +32.100V, Temp 28 
[2025-06-10 09:12:56.559.739] [INFO  ] [Controller] [Joints] FL: +45.827, +33.701, +37.165 ,FR: +45.827, +35.433, +37.165, HL: 57.953, +33.701, +35.433, HR: +61.417, +33.701, +37.165 Max HR-HipX = +61.417 Min FL-HipY = +33.701 
[2025-06-10 09:12:59.059.742] [INFO  ] [Controller] [Joints] FL: +45.827, +33.701, +37.165 ,FR: +45.827, +35.433, +38.898, HL: 57.953, +33.701, +35.433, HR: +61.417, +33.701, +37.165 Max HR-HipX = +61.417 Min FL-HipY = +33.701 
[2025-06-10 09:12:59.259.765] [INFO  ] [Battery] SoC = 86%, Volt = +32.100V, Temp 28 
[2025-06-10 09:13:01.559.740] [INFO  ] [Controller] [Joints] FL: +45.827, +33.701, +37.165 ,FR: +45.827, +35.433, +38.898, HL: 57.953, +33.701, +35.433, HR: +61.417, +33.701, +37.165 Max HR-HipX = +61.417 Min FL-HipY = +33.701 
[2025-06-10 09:13:04.059.736] [INFO  ] [Controller] [Joints] FL: +45.827, +33.701, +37.165 ,FR: +45.827, +35.433, +38.898, HL: 57.953, +33.701, +35.433, HR: +61.417, +33.701, +37.165 Max HR-HipX = +61.417 Min FL-HipY = +33.701 
[2025-06-10 09:13:04.244.711] [INFO  ] [Battery] SoC = 86%, Volt = +32.100V, Temp 28 
[2025-06-10 09:13:06.559.736] [INFO  ] [Controller] [Joints] FL: +45.827, +33.701, +37.165 ,FR: +45.827, +35.433, +38.898, HL: 57.953, +33.701, +35.433, HR: +61.417, +33.701, +37.165 Max HR-HipX = +61.417 Min FL-HipY = +33.701 
[2025-06-10 09:13:09.059.737] [INFO  ] [Controller] [Joints] FL: +45.827, +33.701, +37.165 ,FR: +45.827, +35.433, +38.898, HL: 57.953, +33.701, +35.433, HR: +61.417, +35.433, +37.165 Max HR-HipX = +61.417 Min FL-HipY = +33.701 
[2025-06-10 09:13:09.229.699] [INFO  ] [Battery] SoC = 86%, Volt = +32.100V, Temp 28 
[2025-06-10 09:13:11.559.737] [INFO  ] [Controller] [Joints] FL: +45.827, +33.701, +37.165 ,FR: +45.827, +35.433, +38.898, HL: 57.953, +33.701, +35.433, HR: +61.417, +35.433, +37.165 Max HR-HipX = +61.417 Min FL-HipY = +33.701 
[2025-06-10 09:13:14.059.737] [INFO  ] [Controller] [Joints] FL: +45.827, +33.701, +37.165 ,FR: +45.827, +35.433, +38.898, HL: 57.953, +33.701, +35.433, HR: +61.417, +35.433, +37.165 Max HR-HipX = +61.417 Min FL-HipY = +33.701 
[2025-06-10 09:13:14.214.712] [INFO  ] [Battery] SoC = 86%, Volt = +32.100V, Temp 28 
[2025-06-10 09:13:16.559.737] [INFO  ] [Controller] [Joints] FL: +45.827, +33.701, +37.165 ,FR: +45.827, +35.433, +38.898, HL: 57.953, +33.701, +35.433, HR: +61.417, +35.433, +37.165 Max HR-HipX = +61.417 Min FL-HipY = +33.701 
[2025-06-10 09:13:19.059.739] [INFO  ] [Controller] [Joints] FL: +45.827, +33.701, +37.165 ,FR: +45.827, +35.433, +38.898, HL: 57.953, +33.701, +35.433, HR: +61.417, +35.433, +37.165 Max HR-HipX = +61.417 Min FL-HipY = +33.701 
[2025-06-10 09:13:19.199.705] [INFO  ] [Battery] SoC = 86%, Volt = +32.100V, Temp 28 
[2025-06-10 09:13:21.559.740] [INFO  ] [Controller] [Joints] FL: +45.827, +33.701, +37.165 ,FR: +45.827, +35.433, +38.898, HL: 57.953, +33.701, +35.433, HR: +61.417, +35.433, +37.165 Max HR-HipX = +61.417 Min FL-HipY = +33.701 
[2025-06-10 09:13:24.059.740] [INFO  ] [Controller] [Joints] FL: +45.827, +33.701, +37.165 ,FR: +45.827, +35.433, +38.898, HL: 57.953, +33.701, +35.433, HR: +61.417, +35.433, +37.165 Max HR-HipX = +61.417 Min FL-HipY = +33.701 
[2025-06-10 09:13:24.184.747] [INFO  ] [Battery] SoC = 86%, Volt = +32.100V, Temp 28 
[2025-06-10 09:13:26.559.738] [INFO  ] [Controller] [Joints] FL: +45.827, +33.701, +37.165 ,FR: +45.827, +35.433, +38.898, HL: 57.953, +33.701, +35.433, HR: +61.417, +35.433, +37.165 Max HR-HipX = +61.417 Min FL-HipY = +33.701 
[2025-06-10 09:13:29.059.737] [INFO  ] [Controller] [Joints] FL: +45.827, +33.701, +37.165 ,FR: +45.827, +35.433, +38.898, HL: 59.685, +33.701, +35.433, HR: +61.417, +35.433, +37.165 Max HR-HipX = +61.417 Min FL-HipY = +33.701 
[2025-06-10 09:13:29.169.922] [INFO  ] [Battery] SoC = 86%, Volt = +32.100V, Temp 28 
[2025-06-10 09:13:31.559.738] [INFO  ] [Controller] [Joints] FL: +45.827, +33.701, +37.165 ,FR: +45.827, +35.433, +38.898, HL: 59.685, +33.701, +35.433, HR: +61.417, +35.433, +37.165 Max HR-HipX = +61.417 Min FL-HipY = +33.701 
[2025-06-10 09:13:34.059.736] [INFO  ] [Controller] [Joints] FL: +45.827, +33.701, +37.165 ,FR: +45.827, +35.433, +38.898, HL: 59.685, +33.701, +35.433, HR: +61.417, +35.433, +37.165 Max HR-HipX = +61.417 Min FL-HipY = +33.701 
[2025-06-10 09:13:34.154.946] [INFO  ] [Battery] SoC = 86%, Volt = +32.100V, Temp 28 
[2025-06-10 09:13:36.559.738] [INFO  ] [Controller] [Joints] FL: +45.827, +33.701, +37.165 ,FR: +45.827, +35.433, +38.898, HL: 59.685, +33.701, +35.433, HR: +61.417, +35.433, +37.165 Max HR-HipX = +61.417 Min FL-HipY = +33.701 
[2025-06-10 09:13:39.059.739] [INFO  ] [Controller] [Joints] FL: +45.827, +33.701, +37.165 ,FR: +45.827, +35.433, +38.898, HL: 59.685, +33.701, +35.433, HR: +61.417, +35.433, +37.165 Max HR-HipX = +61.417 Min FL-HipY = +33.701 
[2025-06-10 09:13:39.140.137] [INFO  ] [Battery] SoC = 86%, Volt = +32.100V, Temp 28 
[2025-06-10 09:13:41.559.739] [INFO  ] [Controller] [Joints] FL: +45.827, +33.701, +37.165 ,FR: +45.827, +35.433, +38.898, HL: 59.685, +33.701, +35.433, HR: +61.417, +35.433, +37.165 Max HR-HipX = +61.417 Min FL-HipY = +33.701 
[2025-06-10 09:13:44.059.738] [INFO  ] [Controller] [Joints] FL: +45.827, +33.701, +37.165 ,FR: +45.827, +35.433, +38.898, HL: 59.685, +33.701, +35.433, HR: +61.417, +35.433, +37.165 Max HR-HipX = +61.417 Min FL-HipY = +33.701 
[2025-06-10 09:13:44.125.277] [INFO  ] [Battery] SoC = 86%, Volt = +32.100V, Temp 28 
[2025-06-10 09:13:46.559.740] [INFO  ] [Controller] [Joints] FL: +45.827, +33.701, +37.165 ,FR: +45.827, +35.433, +38.898, HL: 59.685, +33.701, +35.433, HR: +61.417, +35.433, +37.165 Max HR-HipX = +61.417 Min FL-HipY = +33.701 
[2025-06-10 09:13:49.059.741] [INFO  ] [Controller] [Joints] FL: +45.827, +33.701, +37.165 ,FR: +45.827, +35.433, +38.898, HL: 59.685, +33.701, +35.433, HR: +61.417, +35.433, +37.165 Max HR-HipX = +61.417 Min FL-HipY = +33.701 
[2025-06-10 09:13:49.110.449] [INFO  ] [Battery] SoC = 86%, Volt = +32.100V, Temp 28 
[2025-06-10 09:13:51.559.740] [INFO  ] [Controller] [Joints] FL: +45.827, +33.701, +37.165 ,FR: +45.827, +35.433, +38.898, HL: 59.685, +33.701, +35.433, HR: +61.417, +35.433, +37.165 Max HR-HipX = +61.417 Min FL-HipY = +33.701 
[2025-06-10 09:13:54.059.737] [INFO  ] [Controller] [Joints] FL: +45.827, +33.701, +37.165 ,FR: +45.827, +35.433, +38.898, HL: 59.685, +33.701, +35.433, HR: +61.417, +35.433, +37.165 Max HR-HipX = +61.417 Min FL-HipY = +33.701 
[2025-06-10 09:13:54.095.716] [INFO  ] [Battery] SoC = 86%, Volt = +32.100V, Temp 28 
[2025-06-10 09:13:56.559.739] [INFO  ] [Controller] [Joints] FL: +45.827, +33.701, +37.165 ,FR: +45.827, +35.433, +38.898, HL: 59.685, +33.701, +35.433, HR: +61.417, +35.433, +37.165 Max HR-HipX = +61.417 Min FL-HipY = +33.701 
[2025-06-10 09:13:59.059.740] [INFO  ] [Controller] [Joints] FL: +45.827, +33.701, +37.165 ,FR: +45.827, +35.433, +38.898, HL: 59.685, +33.701, +35.433, HR: +61.417, +35.433, +37.165 Max HR-HipX = +61.417 Min FL-HipY = +33.701 
[2025-06-10 09:13:59.080.962] [INFO  ] [Battery] SoC = 85%, Volt = +32.100V, Temp 28 
[2025-06-10 09:14:01.559.733] [INFO  ] [Controller] [Joints] FL: +45.827, +33.701, +37.165 ,FR: +45.827, +35.433, +38.898, HL: 59.685, +33.701, +35.433, HR: +61.417, +35.433, +37.165 Max HR-HipX = +61.417 Min FL-HipY = +33.701 
[2025-06-10 09:14:04.059.738] [INFO  ] [Controller] [Joints] FL: +45.827, +33.701, +37.165 ,FR: +45.827, +35.433, +38.898, HL: 59.685, +33.701, +35.433, HR: +61.417, +35.433, +38.898 Max HR-HipX = +61.417 Min FL-HipY = +33.701 
[2025-06-10 09:14:04.066.234] [INFO  ] [Battery] SoC = 85%, Volt = +32.100V, Temp 28 
[2025-06-10 09:14:06.559.739] [INFO  ] [Controller] [Joints] FL: +45.827, +33.701, +37.165 ,FR: +45.827, +35.433, +38.898, HL: 59.685, +33.701, +35.433, HR: +61.417, +35.433, +38.898 Max HR-HipX = +61.417 Min FL-HipY = +33.701 
[2025-06-10 09:14:09.051.507] [INFO  ] [Battery] SoC = 85%, Volt = +32.100V, Temp 28 
[2025-06-10 09:14:09.059.721] [INFO  ] [Controller] [Joints] FL: +45.827, +33.701, +37.165 ,FR: +45.827, +35.433, +38.898, HL: 59.685, +33.701, +35.433, HR: +61.417, +35.433, +38.898 Max HR-HipX = +61.417 Min FL-HipY = +33.701 
[2025-06-10 09:14:11.559.739] [INFO  ] [Controller] [Joints] FL: +45.827, +33.701, +37.165 ,FR: +45.827, +35.433, +38.898, HL: 59.685, +33.701, +35.433, HR: +61.417, +35.433, +38.898 Max HR-HipX = +61.417 Min FL-HipY = +33.701 
[2025-06-10 09:14:14.036.757] [INFO  ] [Battery] SoC = 85%, Volt = +32.100V, Temp 28 
[2025-06-10 09:14:14.059.725] [INFO  ] [Controller] [Joints] FL: +45.827, +33.701, +37.165 ,FR: +45.827, +35.433, +38.898, HL: 59.685, +33.701, +35.433, HR: +61.417, +35.433, +38.898 Max HR-HipX = +61.417 Min FL-HipY = +33.701 
[2025-06-10 09:14:15.002.717] [INFO  ] [Controller] stand_cmd.... 
[2025-06-10 09:14:15.002.773] [INFO  ] [BasicMotion] Standing down, please wait... 
[2025-06-10 09:14:16.559.743] [INFO  ] [Controller] [Joints] FL: +45.827, +33.701, +37.165 ,FR: +45.827, +35.433, +38.898, HL: 59.685, +33.701, +35.433, HR: +61.417, +35.433, +38.898 Max HR-HipX = +61.417 Min FL-HipY = +33.701 
[2025-06-10 09:14:17.503.728] [INFO  ] [BasicMotion] Stand down action has finished, waitting to stand up again!!! 
[2025-06-10 09:14:19.022.016] [INFO  ] [Battery] SoC = 85%, Volt = +32.200V, Temp 28 
[2025-06-10 09:14:19.059.728] [INFO  ] [Controller] [Joints] FL: +45.827, +33.701, +37.165 ,FR: +45.827, +35.433, +38.898, HL: 57.953, +33.701, +35.433, HR: +61.417, +35.433, +38.898 Max HR-HipX = +61.417 Min FL-HipY = +33.701 
[2025-06-10 09:14:21.559.740] [INFO  ] [Controller] [Joints] FL: +45.827, +33.701, +37.165 ,FR: +45.827, +35.433, +37.165, HL: 57.953, +33.701, +35.433, HR: +59.685, +35.433, +38.898 Max HR-HipX = +59.685 Min FL-HipY = +33.701 
[2025-06-10 09:14:22.098.721] [INFO  ] [Controller] stand_cmd.... 
[2025-06-10 09:14:22.098.760] [INFO  ] [BasicMotion] Standing up, please wait... 
[2025-06-10 09:14:24.007.279] [INFO  ] [Battery] SoC = 85%, Volt = +32.100V, Temp 28 
[2025-06-10 09:14:24.059.734] [INFO  ] [Controller] [Joints] FL: +45.827, +33.701, +37.165 ,FR: +45.827, +35.433, +37.165, HL: 57.953, +33.701, +35.433, HR: +59.685, +35.433, +38.898 Max HR-HipX = +59.685 Min FL-HipY = +33.701 
[2025-06-10 09:14:24.100.743] [INFO  ] [BasicMotion] Stand up action has finished, waitting to switch to force control mode! 
[2025-06-10 09:14:24.100.778] [INFO  ] [BasicMotion] Switching to force control mode, please wait... 
[2025-06-10 09:14:26.559.737] [INFO  ] [Controller] [Joints] FL: +45.827, +33.701, +37.165 ,FR: +45.827, +35.433, +37.165, HL: 56.220, +33.701, +35.433, HR: +59.685, +35.433, +38.898 Max HR-HipX = +59.685 Min FL-HipY = +33.701 
[2025-06-10 09:14:28.992.506] [INFO  ] [Battery] SoC = 85%, Volt = +32.100V, Temp 28 
[2025-06-10 09:14:29.059.736] [INFO  ] [Controller] [Joints] FL: +44.094, +33.701, +35.433 ,FR: +45.827, +35.433, +37.165, HL: 56.220, +33.701, +35.433, HR: +59.685, +35.433, +38.898 Max HR-HipX = +59.685 Min FL-HipY = +33.701 
[2025-06-10 09:14:31.559.735] [INFO  ] [Controller] [Joints] FL: +44.094, +33.701, +35.433 ,FR: +45.827, +35.433, +37.165, HL: 57.953, +33.701, +35.433, HR: +59.685, +35.433, +38.898 Max HR-HipX = +59.685 Min FL-HipY = +33.701 
[2025-06-10 09:14:33.977.725] [INFO  ] [Battery] SoC = 85%, Volt = +32.000V, Temp 28 
[2025-06-10 09:14:34.059.736] [INFO  ] [Controller] [Joints] FL: +44.094, +33.701, +35.433 ,FR: +45.827, +35.433, +37.165, HL: 57.953, +33.701, +37.165, HR: +59.685, +35.433, +40.630 Max HR-HipX = +59.685 Min FL-HipY = +33.701 
[2025-06-10 09:14:36.559.738] [INFO  ] [Controller] [Joints] FL: +44.094, +33.701, +35.433 ,FR: +45.827, +35.433, +37.165, HL: 57.953, +33.701, +37.165, HR: +59.685, +35.433, +40.630 Max HR-HipX = +59.685 Min FL-HipY = +33.701 
[2025-06-10 09:14:38.962.879] [INFO  ] [Battery] SoC = 85%, Volt = +32.000V, Temp 28 
[2025-06-10 09:14:39.059.728] [INFO  ] [Controller] [Joints] FL: +44.094, +33.701, +35.433 ,FR: +45.827, +35.433, +37.165, HL: 59.685, +33.701, +37.165, HR: +59.685, +35.433, +40.630 Max HL-HipX = +59.685 Min FL-HipY = +33.701 
[2025-06-10 09:14:41.559.738] [INFO  ] [Controller] [Joints] FL: +44.094, +33.701, +35.433 ,FR: +45.827, +35.433, +37.165, HL: 59.685, +33.701, +37.165, HR: +59.685, +35.433, +42.362 Max HL-HipX = +59.685 Min FL-HipY = +33.701 
[2025-06-10 09:14:43.948.100] [INFO  ] [Battery] SoC = 85%, Volt = +32.000V, Temp 28 
[2025-06-10 09:14:44.059.737] [INFO  ] [Controller] [Joints] FL: +44.094, +33.701, +35.433 ,FR: +45.827, +33.701, +37.165, HL: 59.685, +33.701, +38.898, HR: +59.685, +35.433, +42.362 Max HL-HipX = +59.685 Min FL-HipY = +33.701 
[2025-06-10 09:14:46.559.743] [INFO  ] [Controller] [Joints] FL: +44.094, +33.701, +35.433 ,FR: +45.827, +33.701, +37.165, HL: 61.417, +33.701, +38.898, HR: +61.417, +35.433, +42.362 Max HL-HipX = +61.417 Min FL-HipY = +33.701 
[2025-06-10 09:14:48.933.151] [INFO  ] [Battery] SoC = 85%, Volt = +32.000V, Temp 28 
[2025-06-10 09:14:49.059.750] [INFO  ] [Controller] [Joints] FL: +44.094, +33.701, +33.701 ,FR: +45.827, +33.701, +37.165, HL: 61.417, +33.701, +38.898, HR: +61.417, +35.433, +42.362 Max HL-HipX = +61.417 Min FL-HipY = +33.701 
[2025-06-10 09:14:51.559.745] [INFO  ] [Controller] [Joints] FL: +42.362, +33.701, +33.701 ,FR: +45.827, +33.701, +35.433, HL: 61.417, +33.701, +38.898, HR: +61.417, +35.433, +42.362 Max HL-HipX = +61.417 Min FL-HipY = +33.701 
[2025-06-10 09:14:53.918.278] [INFO  ] [Battery] SoC = 85%, Volt = +32.000V, Temp 28 
[2025-06-10 09:14:54.059.747] [INFO  ] [Controller] [Joints] FL: +42.362, +33.701, +33.701 ,FR: +45.827, +33.701, +35.433, HL: 61.417, +33.701, +38.898, HR: +61.417, +35.433, +42.362 Max HL-HipX = +61.417 Min FL-HipY = +33.701 
[2025-06-10 09:14:56.559.822] [INFO  ] [Controller] [Joints] FL: +42.362, +33.701, +33.701 ,FR: +45.827, +33.701, +35.433, HL: 63.150, +33.701, +38.898, HR: +61.417, +35.433, +44.094 Max HL-HipX = +63.150 Min FL-HipY = +33.701 
[2025-06-10 09:14:58.903.483] [INFO  ] [Battery] SoC = 85%, Volt = +32.000V, Temp 28 
[2025-06-10 09:14:59.059.736] [INFO  ] [Controller] [Joints] FL: +42.362, +33.701, +33.701 ,FR: +45.827, +33.701, +35.433, HL: 63.150, +33.701, +40.630, HR: +61.417, +35.433, +44.094 Max HL-HipX = +63.150 Min FL-HipY = +33.701 
[2025-06-10 09:15:01.559.737] [INFO  ] [Controller] [Joints] FL: +42.362, +33.701, +33.701 ,FR: +45.827, +33.701, +35.433, HL: 63.150, +33.701, +40.630, HR: +61.417, +35.433, +44.094 Max HL-HipX = +63.150 Min FL-HipY = +33.701 
[2025-06-10 09:15:03.888.721] [INFO  ] [Battery] SoC = 85%, Volt = +32.000V, Temp 28 
[2025-06-10 09:15:04.059.737] [INFO  ] [Controller] [Joints] FL: +42.362, +33.701, +33.701 ,FR: +45.827, +33.701, +35.433, HL: 63.150, +33.701, +40.630, HR: +61.417, +35.433, +44.094 Max HL-HipX = +63.150 Min FL-HipY = +33.701 
[2025-06-10 09:15:06.559.737] [INFO  ] [Controller] [Joints] FL: +42.362, +33.701, +33.701 ,FR: +45.827, +33.701, +35.433, HL: 63.150, +33.701, +40.630, HR: +61.417, +35.433, +44.094 Max HL-HipX = +63.150 Min FL-HipY = +33.701 
[2025-06-10 09:15:08.873.819] [INFO  ] [Battery] SoC = 85%, Volt = +32.000V, Temp 28 
[2025-06-10 09:15:09.059.738] [INFO  ] [Controller] [Joints] FL: +42.362, +33.701, +33.701 ,FR: +45.827, +33.701, +35.433, HL: 64.882, +33.701, +40.630, HR: +61.417, +35.433, +44.094 Max HL-HipX = +64.882 Min FL-HipY = +33.701 
[2025-06-10 09:15:11.559.736] [INFO  ] [Controller] [Joints] FL: +42.362, +33.701, +33.701 ,FR: +45.827, +33.701, +35.433, HL: 64.882, +33.701, +40.630, HR: +61.417, +35.433, +44.094 Max HL-HipX = +64.882 Min FL-HipY = +33.701 
[2025-06-10 09:15:13.858.877] [INFO  ] [Battery] SoC = 85%, Volt = +32.000V, Temp 28 
[2025-06-10 09:15:14.059.737] [INFO  ] [Controller] [Joints] FL: +42.362, +33.701, +33.701 ,FR: +45.827, +33.701, +35.433, HL: 64.882, +33.701, +40.630, HR: +63.150, +35.433, +44.094 Max HL-HipX = +64.882 Min FL-HipY = +33.701 
[2025-06-10 09:15:16.559.738] [INFO  ] [Controller] [Joints] FL: +42.362, +33.701, +33.701 ,FR: +45.827, +33.701, +35.433, HL: 64.882, +33.701, +40.630, HR: +63.150, +35.433, +44.094 Max HL-HipX = +64.882 Min FL-HipY = +33.701 
[2025-06-10 09:15:18.843.810] [INFO  ] [Battery] SoC = 85%, Volt = +32.000V, Temp 28 
[2025-06-10 09:15:19.059.737] [INFO  ] [Controller] [Joints] FL: +42.362, +33.701, +33.701 ,FR: +45.827, +33.701, +35.433, HL: 64.882, +33.701, +40.630, HR: +63.150, +35.433, +44.094 Max HL-HipX = +64.882 Min FL-HipY = +33.701 
[2025-06-10 09:15:21.559.739] [INFO  ] [Controller] [Joints] FL: +42.362, +33.701, +33.701 ,FR: +45.827, +33.701, +35.433, HL: 64.882, +33.701, +40.630, HR: +63.150, +35.433, +44.094 Max HL-HipX = +64.882 Min FL-HipY = +33.701 
[2025-06-10 09:15:23.828.740] [INFO  ] [Battery] SoC = 84%, Volt = +32.000V, Temp 28 
[2025-06-10 09:15:24.059.737] [INFO  ] [Controller] [Joints] FL: +42.362, +33.701, +33.701 ,FR: +45.827, +33.701, +35.433, HL: 64.882, +33.701, +40.630, HR: +63.150, +35.433, +44.094 Max HL-HipX = +64.882 Min FL-HipY = +33.701 
[2025-06-10 09:15:26.559.736] [INFO  ] [Controller] [Joints] FL: +42.362, +33.701, +33.701 ,FR: +45.827, +33.701, +35.433, HL: 66.614, +33.701, +40.630, HR: +63.150, +35.433, +45.827 Max HL-HipX = +66.614 Min FL-HipY = +33.701 
[2025-06-10 09:15:28.813.756] [INFO  ] [Battery] SoC = 84%, Volt = +32.000V, Temp 28 
[2025-06-10 09:15:29.059.737] [INFO  ] [Controller] [Joints] FL: +42.362, +33.701, +33.701 ,FR: +45.827, +33.701, +35.433, HL: 66.614, +33.701, +42.362, HR: +63.150, +35.433, +45.827 Max HL-HipX = +66.614 Min FL-HipY = +33.701 
[2025-06-10 09:15:31.559.739] [INFO  ] [Controller] [Joints] FL: +42.362, +33.701, +33.701 ,FR: +45.827, +33.701, +35.433, HL: 66.614, +33.701, +42.362, HR: +63.150, +35.433, +45.827 Max HL-HipX = +66.614 Min FL-HipY = +33.701 
[2025-06-10 09:15:33.402.749] [INFO  ] [TVMPC] JY is Moving... (tvmpc),  time: 1580.186547 
[2025-06-10 09:15:33.798.725] [INFO  ] [Battery] SoC = 84%, Volt = +31.900V, Temp 28 
[2025-06-10 09:15:34.059.735] [INFO  ] [Controller] [Joints] FL: +42.362, +33.701, +33.701 ,FR: +45.827, +33.701, +35.433, HL: 66.614, +33.701, +42.362, HR: +63.150, +35.433, +45.827 Max HL-HipX = +66.614 Min FL-HipY = +33.701 
[2025-06-10 09:15:36.559.734] [INFO  ] [Controller] [Joints] FL: +42.362, +33.701, +33.701 ,FR: +45.827, +33.701, +35.433, HL: 66.614, +33.701, +42.362, HR: +63.150, +35.433, +45.827 Max HL-HipX = +66.614 Min FL-HipY = +33.701 
[2025-06-10 09:15:38.783.611] [INFO  ] [Battery] SoC = 84%, Volt = +32.000V, Temp 28 
[2025-06-10 09:15:39.059.734] [INFO  ] [Controller] [Joints] FL: +42.362, +33.701, +33.701 ,FR: +45.827, +33.701, +35.433, HL: 64.882, +33.701, +42.362, HR: +63.150, +35.433, +45.827 Max HL-HipX = +64.882 Min FL-HipY = +33.701 
[2025-06-10 09:15:39.703.135] [INFO  ] [TVMPC] [trot]STOP!!! 
[2025-06-10 09:15:39.703.716] [INFO  ] [BasicMotion] Switching to force control mode, please wait... 
[2025-06-10 09:15:41.250.749] [INFO  ] [TVMPC] JY is Moving... (tvmpc),  time: 1588.034547 
[2025-06-10 09:15:41.559.735] [INFO  ] [Controller] [Joints] FL: +42.362, +33.701, +33.701 ,FR: +45.827, +33.701, +35.433, HL: 64.882, +33.701, +42.362, HR: +61.417, +35.433, +45.827 Max HL-HipX = +64.882 Min FL-HipY = +33.701 
[2025-06-10 09:15:42.601.144] [INFO  ] [TVMPC] [trot]STOP!!! 
[2025-06-10 09:15:42.601.718] [INFO  ] [BasicMotion] Switching to force control mode, please wait... 
[2025-06-10 09:15:43.709.748] [INFO  ] [TVMPC] JY is Moving... (tvmpc),  time: 1590.493547 
[2025-06-10 09:15:43.768.447] [INFO  ] [Battery] SoC = 84%, Volt = +31.900V, Temp 28 
[2025-06-10 09:15:44.059.732] [INFO  ] [Controller] [Joints] FL: +44.094, +33.701, +33.701 ,FR: +45.827, +33.701, +35.433, HL: 63.150, +33.701, +42.362, HR: +61.417, +35.433, +45.827 Max HL-HipX = +63.150 Min FL-HipY = +33.701 
[2025-06-10 09:15:45.510.139] [INFO  ] [TVMPC] [trot]STOP!!! 
[2025-06-10 09:15:45.510.717] [INFO  ] [BasicMotion] Switching to force control mode, please wait... 
[2025-06-10 09:15:46.512.746] [INFO  ] [TVMPC] JY is Moving... (tvmpc),  time: 1593.296547 
[2025-06-10 09:15:46.559.730] [INFO  ] [Controller] [Joints] FL: +44.094, +33.701, +33.701 ,FR: +45.827, +33.701, +35.433, HL: 63.150, +33.701, +42.362, HR: +61.417, +35.433, +45.827 Max HL-HipX = +63.150 Min FL-HipY = +33.701 
[2025-06-10 09:15:48.753.344] [INFO  ] [Battery] SoC = 84%, Volt = +31.900V, Temp 28 
[2025-06-10 09:15:49.059.737] [INFO  ] [Controller] [Joints] FL: +44.094, +33.701, +35.433 ,FR: +45.827, +33.701, +35.433, HL: 61.417, +33.701, +42.362, HR: +59.685, +35.433, +45.827 Max HL-HipX = +61.417 Min FL-HipY = +33.701 
[2025-06-10 09:15:50.563.135] [INFO  ] [TVMPC] [trot]STOP!!! 
[2025-06-10 09:15:50.563.718] [INFO  ] [BasicMotion] Switching to force control mode, please wait... 
[2025-06-10 09:15:51.559.739] [INFO  ] [Controller] [Joints] FL: +44.094, +33.701, +35.433 ,FR: +45.827, +33.701, +35.433, HL: 61.417, +33.701, +42.362, HR: +59.685, +35.433, +45.827 Max HL-HipX = +61.417 Min FL-HipY = +33.701 
[2025-06-10 09:15:53.738.233] [INFO  ] [Battery] SoC = 84%, Volt = +32.000V, Temp 28 
[2025-06-10 09:15:54.059.736] [INFO  ] [Controller] [Joints] FL: +44.094, +33.701, +35.433 ,FR: +45.827, +33.701, +37.165, HL: 59.685, +35.433, +42.362, HR: +59.685, +35.433, +45.827 Max HL-HipX = +59.685 Min FL-HipY = +33.701 
[2025-06-10 09:15:56.559.734] [INFO  ] [Controller] [Joints] FL: +44.094, +33.701, +35.433 ,FR: +45.827, +33.701, +37.165, HL: 59.685, +35.433, +42.362, HR: +57.953, +35.433, +45.827 Max HL-HipX = +59.685 Min FL-HipY = +33.701 
[2025-06-10 09:15:58.723.234] [INFO  ] [Battery] SoC = 84%, Volt = +32.000V, Temp 28 
[2025-06-10 09:15:59.059.740] [INFO  ] [Controller] [Joints] FL: +44.094, +33.701, +35.433 ,FR: +45.827, +33.701, +37.165, HL: 57.953, +35.433, +42.362, HR: +57.953, +35.433, +45.827 Max HL-HipX = +57.953 Min FL-HipY = +33.701 
[2025-06-10 09:16:01.559.740] [INFO  ] [Controller] [Joints] FL: +44.094, +33.701, +35.433 ,FR: +45.827, +33.701, +37.165, HL: 57.953, +35.433, +42.362, HR: +56.220, +35.433, +45.827 Max HL-HipX = +57.953 Min FL-HipY = +33.701 
[2025-06-10 09:16:03.708.102] [INFO  ] [Battery] SoC = 84%, Volt = +32.000V, Temp 28 
[2025-06-10 09:16:04.059.739] [INFO  ] [Controller] [Joints] FL: +44.094, +33.701, +35.433 ,FR: +45.827, +33.701, +35.433, HL: 56.220, +35.433, +42.362, HR: +56.220, +35.433, +45.827 Max HL-HipX = +56.220 Min FL-HipY = +33.701 
[2025-06-10 09:16:06.559.739] [INFO  ] [Controller] [Joints] FL: +42.362, +33.701, +35.433 ,FR: +45.827, +33.701, +35.433, HL: 56.220, +35.433, +42.362, HR: +56.220, +35.433, +44.094 Max HL-HipX = +56.220 Min FL-HipY = +33.701 
[2025-06-10 09:16:08.692.988] [INFO  ] [Battery] SoC = 84%, Volt = +32.000V, Temp 28 
[2025-06-10 09:16:09.059.740] [INFO  ] [Controller] [Joints] FL: +42.362, +33.701, +35.433 ,FR: +44.094, +33.701, +35.433, HL: 56.220, +35.433, +42.362, HR: +54.488, +35.433, +44.094 Max HL-HipX = +56.220 Min FL-HipY = +33.701 
[2025-06-10 09:16:11.559.739] [INFO  ] [Controller] [Joints] FL: +42.362, +33.701, +35.433 ,FR: +44.094, +35.433, +35.433, HL: 54.488, +35.433, +42.362, HR: +54.488, +35.433, +44.094 Max HL-HipX = +54.488 Min FL-HipY = +33.701 
[2025-06-10 09:16:13.677.900] [INFO  ] [Battery] SoC = 84%, Volt = +32.000V, Temp 28 
[2025-06-10 09:16:14.059.738] [INFO  ] [Controller] [Joints] FL: +42.362, +33.701, +35.433 ,FR: +44.094, +35.433, +35.433, HL: 54.488, +35.433, +42.362, HR: +54.488, +35.433, +44.094 Max HL-HipX = +54.488 Min FL-HipY = +33.701 
[2025-06-10 09:16:16.559.737] [INFO  ] [Controller] [Joints] FL: +42.362, +33.701, +35.433 ,FR: +44.094, +35.433, +35.433, HL: 54.488, +35.433, +42.362, HR: +54.488, +35.433, +44.094 Max HL-HipX = +54.488 Min FL-HipY = +33.701 
[2025-06-10 09:16:18.662.799] [INFO  ] [Battery] SoC = 84%, Volt = +32.000V, Temp 28 
[2025-06-10 09:16:19.059.728] [INFO  ] [Controller] [Joints] FL: +42.362, +33.701, +35.433 ,FR: +44.094, +35.433, +35.433, HL: 52.756, +35.433, +42.362, HR: +54.488, +35.433, +44.094 Max HR-HipX = +54.488 Min FL-HipY = +33.701 
[2025-06-10 09:16:21.559.736] [INFO  ] [Controller] [Joints] FL: +42.362, +33.701, +35.433 ,FR: +44.094, +35.433, +35.433, HL: 52.756, +35.433, +42.362, HR: +52.756, +35.433, +44.094 Max HL-HipX = +52.756 Min FL-HipY = +33.701 
[2025-06-10 09:16:23.647.732] [INFO  ] [Battery] SoC = 84%, Volt = +32.000V, Temp 28 
[2025-06-10 09:16:24.059.736] [INFO  ] [Controller] [Joints] FL: +42.362, +33.701, +35.433 ,FR: +44.094, +35.433, +35.433, HL: 52.756, +35.433, +42.362, HR: +52.756, +35.433, +44.094 Max HL-HipX = +52.756 Min FL-HipY = +33.701 
[2025-06-10 09:16:26.559.738] [INFO  ] [Controller] [Joints] FL: +42.362, +33.701, +35.433 ,FR: +44.094, +35.433, +35.433, HL: 52.756, +35.433, +42.362, HR: +52.756, +35.433, +44.094 Max HL-HipX = +52.756 Min FL-HipY = +33.701 
[2025-06-10 09:16:28.632.768] [INFO  ] [Battery] SoC = 84%, Volt = +32.000V, Temp 28 
[2025-06-10 09:16:29.059.739] [INFO  ] [Controller] [Joints] FL: +42.362, +33.701, +35.433 ,FR: +42.362, +35.433, +35.433, HL: 52.756, +35.433, +42.362, HR: +52.756, +35.433, +44.094 Max HL-HipX = +52.756 Min FL-HipY = +33.701 
[2025-06-10 09:16:31.559.738] [INFO  ] [Controller] [Joints] FL: +42.362, +33.701, +35.433 ,FR: +42.362, +35.433, +35.433, HL: 51.024, +35.433, +42.362, HR: +52.756, +35.433, +44.094 Max HR-HipX = +52.756 Min FL-HipY = +33.701 
[2025-06-10 09:16:33.617.579] [INFO  ] [Battery] SoC = 84%, Volt = +32.000V, Temp 28 
[2025-06-10 09:16:34.059.739] [INFO  ] [Controller] [Joints] FL: +42.362, +33.701, +35.433 ,FR: +42.362, +35.433, +35.433, HL: 51.024, +35.433, +42.362, HR: +52.756, +35.433, +44.094 Max HR-HipX = +52.756 Min FL-HipY = +33.701 
[2025-06-10 09:16:36.559.744] [INFO  ] [Controller] [Joints] FL: +40.630, +33.701, +35.433 ,FR: +42.362, +35.433, +35.433, HL: 51.024, +35.433, +44.094, HR: +51.024, +35.433, +44.094 Max HL-HipX = +51.024 Min FL-HipY = +33.701 
[2025-06-10 09:16:38.602.468] [INFO  ] [Battery] SoC = 84%, Volt = +32.000V, Temp 28 
[2025-06-10 09:16:38.721.749] [INFO  ] [TVMPC] JY is Moving... (tvmpc),  time: 1645.505547 
[2025-06-10 09:16:39.059.732] [INFO  ] [Controller] [Joints] FL: +40.630, +33.701, +35.433 ,FR: +42.362, +35.433, +35.433, HL: 51.024, +35.433, +44.094, HR: +51.024, +35.433, +44.094 Max HL-HipX = +51.024 Min FL-HipY = +33.701 
[2025-06-10 09:16:41.559.731] [INFO  ] [Controller] [Joints] FL: +40.630, +33.701, +35.433 ,FR: +42.362, +35.433, +37.165, HL: 51.024, +35.433, +44.094, HR: +51.024, +35.433, +44.094 Max HL-HipX = +51.024 Min FL-HipY = +33.701 
[2025-06-10 09:16:43.587.385] [INFO  ] [Battery] SoC = 84%, Volt = +31.900V, Temp 28 
[2025-06-10 09:16:44.059.732] [INFO  ] [Controller] [Joints] FL: +42.362, +33.701, +37.165 ,FR: +42.362, +35.433, +37.165, HL: 51.024, +35.433, +44.094, HR: +52.756, +35.433, +44.094 Max HR-HipX = +52.756 Min FL-HipY = +33.701 
[2025-06-10 09:16:45.022.146] [INFO  ] [TVMPC] [trot]STOP!!! 
[2025-06-10 09:16:45.022.716] [INFO  ] [BasicMotion] Switching to force control mode, please wait... 
[2025-06-10 09:16:46.024.750] [INFO  ] [TVMPC] JY is Moving... (tvmpc),  time: 1652.808547 
[2025-06-10 09:16:46.559.730] [INFO  ] [Controller] [Joints] FL: +42.362, +33.701, +37.165 ,FR: +42.362, +35.433, +37.165, HL: 51.024, +35.433, +44.094, HR: +52.756, +35.433, +44.094 Max HR-HipX = +52.756 Min FL-HipY = +33.701 
[2025-06-10 09:16:48.572.366] [INFO  ] [Battery] SoC = 83%, Volt = +31.800V, Temp 28 
[2025-06-10 09:16:49.059.729] [INFO  ] [Controller] [Joints] FL: +42.362, +33.701, +37.165 ,FR: +42.362, +35.433, +37.165, HL: 51.024, +35.433, +44.094, HR: +52.756, +35.433, +44.094 Max HR-HipX = +52.756 Min FL-HipY = +33.701 
[2025-06-10 09:16:51.559.730] [INFO  ] [Controller] [Joints] FL: +42.362, +33.701, +37.165 ,FR: +44.094, +35.433, +37.165, HL: 51.024, +35.433, +44.094, HR: +52.756, +35.433, +44.094 Max HR-HipX = +52.756 Min FL-HipY = +33.701 
[2025-06-10 09:16:53.557.488] [INFO  ] [Battery] SoC = 83%, Volt = +31.900V, Temp 28 
[2025-06-10 09:16:54.059.732] [INFO  ] [Controller] [Joints] FL: +42.362, +33.701, +37.165 ,FR: +44.094, +35.433, +37.165, HL: 51.024, +35.433, +44.094, HR: +52.756, +35.433, +45.827 Max HR-HipX = +52.756 Min FL-HipY = +33.701 
[2025-06-10 09:16:56.559.733] [INFO  ] [Controller] [Joints] FL: +42.362, +33.701, +37.165 ,FR: +44.094, +35.433, +37.165, HL: 51.024, +35.433, +44.094, HR: +52.756, +37.165, +45.827 Max HR-HipX = +52.756 Min FL-HipY = +33.701 
[2025-06-10 09:16:57.275.143] [INFO  ] [TVMPC] [trot]STOP!!! 
[2025-06-10 09:16:57.275.717] [INFO  ] [BasicMotion] Switching to force control mode, please wait... 
[2025-06-10 09:16:58.542.556] [INFO  ] [Battery] SoC = 83%, Volt = +31.900V, Temp 28 
[2025-06-10 09:16:58.902.719] [INFO  ] [Controller] stand_cmd.... 
[2025-06-10 09:16:58.902.769] [INFO  ] [BasicMotion] Standing down, please wait... 
[2025-06-10 09:16:59.059.737] [INFO  ] [Controller] [Joints] FL: +44.094, +33.701, +37.165 ,FR: +44.094, +35.433, +37.165, HL: 51.024, +35.433, +44.094, HR: +52.756, +37.165, +45.827 Max HR-HipX = +52.756 Min FL-HipY = +33.701 
[2025-06-10 09:17:01.402.725] [INFO  ] [BasicMotion] Stand down action has finished, waitting to stand up again!!! 
[2025-06-10 09:17:01.559.737] [INFO  ] [Controller] [Joints] FL: +44.094, +33.701, +37.165 ,FR: +44.094, +35.433, +37.165, HL: 51.024, +35.433, +44.094, HR: +52.756, +37.165, +45.827 Max HR-HipX = +52.756 Min FL-HipY = +33.701 
[2025-06-10 09:17:03.527.563] [INFO  ] [Battery] SoC = 83%, Volt = +32.000V, Temp 28 
[2025-06-10 09:17:04.059.739] [INFO  ] [Controller] [Joints] FL: +44.094, +33.701, +37.165 ,FR: +44.094, +35.433, +37.165, HL: 51.024, +35.433, +44.094, HR: +52.756, +37.165, +45.827 Max HR-HipX = +52.756 Min FL-HipY = +33.701 
[2025-06-10 09:17:06.377.724] [WARN  ] [basicmethod] 
[Working State Judge]
wifi connect: 0
gyro connect: 1
battary voltage normal: 1
 
[2025-06-10 09:17:06.559.739] [INFO  ] [Controller] [Joints] FL: +44.094, +33.701, +37.165 ,FR: +44.094, +35.433, +37.165, HL: 51.024, +35.433, +44.094, HR: +52.756, +37.165, +45.827 Max HR-HipX = +52.756 Min FL-HipY = +33.701 
[2025-06-10 09:17:08.512.512] [INFO  ] [Battery] SoC = 83%, Volt = +32.000V, Temp 28 
[2025-06-10 09:17:09.059.739] [INFO  ] [Controller] [Joints] FL: +44.094, +33.701, +37.165 ,FR: +44.094, +35.433, +37.165, HL: 49.291, +35.433, +42.362, HR: +52.756, +37.165, +45.827 Max HR-HipX = +52.756 Min FL-HipY = +33.701 
[2025-06-10 09:17:11.378.724] [WARN  ] [basicmethod] 
[Working State Judge]
wifi connect: 0
gyro connect: 1
battary voltage normal: 1
 
[2025-06-10 09:17:11.559.738] [INFO  ] [Controller] [Joints] FL: +44.094, +33.701, +37.165 ,FR: +44.094, +35.433, +37.165, HL: 49.291, +35.433, +42.362, HR: +52.756, +37.165, +44.094 Max HR-HipX = +52.756 Min FL-HipY = +33.701 
[2025-06-10 09:17:13.497.538] [INFO  ] [Battery] SoC = 83%, Volt = +32.100V, Temp 28 
[2025-06-10 09:17:14.059.738] [INFO  ] [Controller] [Joints] FL: +42.362, +33.701, +37.165 ,FR: +44.094, +35.433, +37.165, HL: 49.291, +35.433, +42.362, HR: +52.756, +35.433, +44.094 Max HR-HipX = +52.756 Min FL-HipY = +33.701 
[2025-06-10 09:17:16.378.723] [WARN  ] [basicmethod] 
[Working State Judge]
wifi connect: 0
gyro connect: 1
battary voltage normal: 1
 
[2025-06-10 09:17:16.559.739] [INFO  ] [Controller] [Joints] FL: +42.362, +33.701, +35.433 ,FR: +42.362, +35.433, +35.433, HL: 49.291, +35.433, +42.362, HR: +52.756, +35.433, +44.094 Max HR-HipX = +52.756 Min FL-HipY = +33.701 
[2025-06-10 09:17:18.482.600] [INFO  ] [Battery] SoC = 83%, Volt = +32.100V, Temp 28 
[2025-06-10 09:17:19.059.737] [INFO  ] [Controller] [Joints] FL: +42.362, +33.701, +35.433 ,FR: +42.362, +35.433, +35.433, HL: 49.291, +35.433, +40.630, HR: +51.024, +35.433, +42.362 Max HR-HipX = +51.024 Min FL-HipY = +33.701 
[2025-06-10 09:17:21.378.724] [WARN  ] [basicmethod] 
[Working State Judge]
wifi connect: 0
gyro connect: 1
battary voltage normal: 1
 
[2025-06-10 09:17:21.559.738] [INFO  ] [Controller] [Joints] FL: +42.362, +33.701, +35.433 ,FR: +42.362, +35.433, +35.433, HL: 49.291, +35.433, +40.630, HR: +51.024, +35.433, +42.362 Max HR-HipX = +51.024 Min FL-HipY = +33.701 
[2025-06-10 09:17:23.467.718] [INFO  ] [Battery] SoC = 83%, Volt = +32.100V, Temp 28 
[2025-06-10 09:17:24.059.740] [INFO  ] [Controller] [Joints] FL: +42.362, +33.701, +35.433 ,FR: +42.362, +35.433, +35.433, HL: 49.291, +35.433, +40.630, HR: +51.024, +35.433, +42.362 Max HR-HipX = +51.024 Min FL-HipY = +33.701 
[2025-06-10 09:17:26.379.721] [WARN  ] [basicmethod] 
[Working State Judge]
wifi connect: 0
gyro connect: 1
battary voltage normal: 1
 
[2025-06-10 09:17:26.559.738] [INFO  ] [Controller] [Joints] FL: +42.362, +33.701, +35.433 ,FR: +42.362, +35.433, +35.433, HL: 47.559, +35.433, +40.630, HR: +51.024, +35.433, +42.362 Max HR-HipX = +51.024 Min FL-HipY = +33.701 
[2025-06-10 09:17:28.452.820] [INFO  ] [Battery] SoC = 83%, Volt = +32.100V, Temp 28 
[2025-06-10 09:17:29.059.740] [INFO  ] [Controller] [Joints] FL: +42.362, +33.701, +35.433 ,FR: +42.362, +35.433, +35.433, HL: 47.559, +35.433, +38.898, HR: +51.024, +35.433, +40.630 Max HR-HipX = +51.024 Min FL-HipY = +33.701 
[2025-06-10 09:17:31.379.730] [WARN  ] [basicmethod] 
[Working State Judge]
wifi connect: 0
gyro connect: 1
battary voltage normal: 1
 
[2025-06-10 09:17:31.559.740] [INFO  ] [Controller] [Joints] FL: +42.362, +33.701, +35.433 ,FR: +42.362, +33.701, +35.433, HL: 47.559, +35.433, +38.898, HR: +51.024, +35.433, +40.630 Max HR-HipX = +51.024 Min FL-HipY = +33.701 
[2025-06-10 09:17:33.438.017] [INFO  ] [Battery] SoC = 83%, Volt = +32.100V, Temp 28 
[2025-06-10 09:17:34.059.741] [INFO  ] [Controller] [Joints] FL: +42.362, +33.701, +35.433 ,FR: +42.362, +33.701, +35.433, HL: 47.559, +35.433, +38.898, HR: +51.024, +35.433, +40.630 Max HR-HipX = +51.024 Min FL-HipY = +33.701 
[2025-06-10 09:17:36.380.731] [WARN  ] [basicmethod] 
[Working State Judge]
wifi connect: 0
gyro connect: 1
battary voltage normal: 1
 
[2025-06-10 09:17:36.559.740] [INFO  ] [Controller] [Joints] FL: +42.362, +33.701, +33.701 ,FR: +42.362, +33.701, +35.433, HL: 47.559, +35.433, +38.898, HR: +51.024, +35.433, +40.630 Max HR-HipX = +51.024 Min FL-HipY = +33.701 
[2025-06-10 09:17:38.423.048] [INFO  ] [Battery] SoC = 83%, Volt = +32.100V, Temp 28 
[2025-06-10 09:17:39.059.739] [INFO  ] [Controller] [Joints] FL: +42.362, +33.701, +33.701 ,FR: +42.362, +33.701, +33.701, HL: 47.559, +35.433, +38.898, HR: +49.291, +35.433, +40.630 Max HR-HipX = +49.291 Min FL-HipY = +33.701 
[2025-06-10 09:17:41.381.723] [WARN  ] [basicmethod] 
[Working State Judge]
wifi connect: 0
gyro connect: 1
battary voltage normal: 1
 
[2025-06-10 09:17:41.559.739] [INFO  ] [Controller] [Joints] FL: +40.630, +33.701, +33.701 ,FR: +42.362, +33.701, +33.701, HL: 47.559, +35.433, +38.898, HR: +49.291, +35.433, +40.630 Max HR-HipX = +49.291 Min FL-HipY = +33.701 
[2025-06-10 09:17:43.408.113] [INFO  ] [Battery] SoC = 83%, Volt = +32.100V, Temp 28 
[2025-06-10 09:17:44.059.741] [INFO  ] [Controller] [Joints] FL: +40.630, +33.701, +33.701 ,FR: +42.362, +33.701, +33.701, HL: 47.559, +35.433, +38.898, HR: +49.291, +35.433, +40.630 Max HR-HipX = +49.291 Min FL-HipY = +33.701 
[2025-06-10 09:17:46.382.722] [WARN  ] [basicmethod] 
[Working State Judge]
wifi connect: 0
gyro connect: 1
battary voltage normal: 1
 
[2025-06-10 09:17:46.559.737] [INFO  ] [Controller] [Joints] FL: +40.630, +33.701, +33.701 ,FR: +42.362, +33.701, +33.701, HL: 47.559, +35.433, +37.165, HR: +49.291, +35.433, +38.898 Max HR-HipX = +49.291 Min FL-HipY = +33.701 
[2025-06-10 09:17:48.393.021] [INFO  ] [Battery] SoC = 83%, Volt = +32.100V, Temp 28 
[2025-06-10 09:17:49.059.737] [INFO  ] [Controller] [Joints] FL: +40.630, +33.701, +33.701 ,FR: +42.362, +33.701, +33.701, HL: 47.559, +35.433, +37.165, HR: +49.291, +35.433, +38.898 Max HR-HipX = +49.291 Min FL-HipY = +33.701 
[2025-06-10 09:17:51.382.724] [WARN  ] [basicmethod] 
[Working State Judge]
wifi connect: 0
gyro connect: 1
battary voltage normal: 1
 
[2025-06-10 09:17:51.559.741] [INFO  ] [Controller] [Joints] FL: +40.630, +33.701, +33.701 ,FR: +40.630, +33.701, +33.701, HL: 47.559, +35.433, +37.165, HR: +49.291, +35.433, +38.898 Max HR-HipX = +49.291 Min FL-HipY = +33.701 
[2025-06-10 09:17:53.377.886] [INFO  ] [Battery] SoC = 83%, Volt = +32.100V, Temp 29 
[2025-06-10 09:17:54.059.736] [INFO  ] [Controller] [Joints] FL: +40.630, +33.701, +33.701 ,FR: +40.630, +33.701, +33.701, HL: 45.827, +35.433, +37.165, HR: +49.291, +35.433, +38.898 Max HR-HipX = +49.291 Min FL-HipY = +33.701 
[2025-06-10 09:17:56.383.719] [WARN  ] [basicmethod] 
[Working State Judge]
wifi connect: 0
gyro connect: 1
battary voltage normal: 1
 
[2025-06-10 09:17:56.559.739] [INFO  ] [Controller] [Joints] FL: +40.630, +33.701, +33.701 ,FR: +40.630, +33.701, +33.701, HL: 45.827, +35.433, +37.165, HR: +49.291, +35.433, +38.898 Max HR-HipX = +49.291 Min FL-HipY = +33.701 
[2025-06-10 09:17:58.362.587] [INFO  ] [Battery] SoC = 83%, Volt = +32.100V, Temp 29 
[2025-06-10 09:17:59.059.741] [INFO  ] [Controller] [Joints] FL: +40.630, +33.701, +33.701 ,FR: +40.630, +33.701, +33.701, HL: 45.827, +35.433, +37.165, HR: +49.291, +35.433, +38.898 Max HR-HipX = +49.291 Min FL-HipY = +33.701 
[2025-06-10 09:18:01.384.724] [WARN  ] [basicmethod] 
[Working State Judge]
wifi connect: 0
gyro connect: 1
battary voltage normal: 1
 
[2025-06-10 09:18:01.559.741] [INFO  ] [Controller] [Joints] FL: +40.630, +33.701, +33.701 ,FR: +40.630, +33.701, +33.701, HL: 45.827, +35.433, +37.165, HR: +49.291, +35.433, +38.898 Max HR-HipX = +49.291 Min FL-HipY = +33.701 
[2025-06-10 09:18:03.347.266] [INFO  ] [Battery] SoC = 83%, Volt = +32.100V, Temp 29 
[2025-06-10 09:18:04.059.740] [INFO  ] [Controller] [Joints] FL: +40.630, +33.701, +33.701 ,FR: +40.630, +33.701, +33.701, HL: 45.827, +35.433, +37.165, HR: +49.291, +35.433, +38.898 Max HR-HipX = +49.291 Min FL-HipY = +33.701 
[2025-06-10 09:18:06.385.726] [WARN  ] [basicmethod] 
[Working State Judge]
wifi connect: 0
gyro connect: 1
battary voltage normal: 1
 
[2025-06-10 09:18:06.559.739] [INFO  ] [Controller] [Joints] FL: +40.630, +33.701, +33.701 ,FR: +40.630, +33.701, +33.701, HL: 45.827, +35.433, +37.165, HR: +49.291, +35.433, +38.898 Max HR-HipX = +49.291 Min FL-HipY = +33.701 
[2025-06-10 09:18:08.332.044] [INFO  ] [Battery] SoC = 83%, Volt = +32.100V, Temp 29 
[2025-06-10 09:18:09.059.739] [INFO  ] [Controller] [Joints] FL: +40.630, +33.701, +33.701 ,FR: +40.630, +33.701, +33.701, HL: 45.827, +35.433, +37.165, HR: +49.291, +35.433, +37.165 Max HR-HipX = +49.291 Min FL-HipY = +33.701 
[2025-06-10 09:18:11.386.724] [WARN  ] [basicmethod] 
[Working State Judge]
wifi connect: 0
gyro connect: 1
battary voltage normal: 1
 
[2025-06-10 09:18:11.559.738] [INFO  ] [Controller] [Joints] FL: +40.630, +33.701, +33.701 ,FR: +40.630, +33.701, +33.701, HL: 45.827, +35.433, +35.433, HR: +47.559, +35.433, +37.165 Max HR-HipX = +47.559 Min FL-HipY = +33.701 
[2025-06-10 09:18:13.317.024] [INFO  ] [Battery] SoC = 83%, Volt = +32.100V, Temp 29 
[2025-06-10 09:18:14.059.739] [INFO  ] [Controller] [Joints] FL: +40.630, +33.701, +33.701 ,FR: +40.630, +33.701, +33.701, HL: 45.827, +35.433, +35.433, HR: +47.559, +35.433, +37.165 Max HR-HipX = +47.559 Min FL-HipY = +33.701 
[2025-06-10 09:18:16.387.725] [WARN  ] [basicmethod] 
[Working State Judge]
wifi connect: 0
gyro connect: 1
battary voltage normal: 1
 
[2025-06-10 09:18:16.559.735] [INFO  ] [Controller] [Joints] FL: +40.630, +33.701, +33.701 ,FR: +40.630, +33.701, +33.701, HL: 45.827, +35.433, +35.433, HR: +47.559, +35.433, +37.165 Max HR-HipX = +47.559 Min FL-HipY = +33.701 
[2025-06-10 09:18:18.302.034] [INFO  ] [Battery] SoC = 83%, Volt = +32.100V, Temp 29 
[2025-06-10 09:18:19.059.739] [INFO  ] [Controller] [Joints] FL: +40.630, +33.701, +33.701 ,FR: +40.630, +33.701, +33.701, HL: 45.827, +35.433, +35.433, HR: +47.559, +35.433, +37.165 Max HR-HipX = +47.559 Min FL-HipY = +33.701 
[2025-06-10 09:18:21.388.725] [WARN  ] [basicmethod] 
[Working State Judge]
wifi connect: 0
gyro connect: 1
battary voltage normal: 1
 
[2025-06-10 09:18:21.559.738] [INFO  ] [Controller] [Joints] FL: +40.630, +33.701, +33.701 ,FR: +40.630, +33.701, +31.969, HL: 45.827, +35.433, +35.433, HR: +47.559, +35.433, +37.165 Max HR-HipX = +47.559 Min FR-Knee = +31.969 
[2025-06-10 09:18:23.287.058] [INFO  ] [Battery] SoC = 83%, Volt = +32.100V, Temp 29 
[2025-06-10 09:18:24.059.739] [INFO  ] [Controller] [Joints] FL: +40.630, +33.701, +31.969 ,FR: +40.630, +33.701, +31.969, HL: 45.827, +35.433, +35.433, HR: +47.559, +35.433, +37.165 Max HR-HipX = +47.559 Min FL-Knee = +31.969 
[2025-06-10 09:18:26.389.720] [WARN  ] [basicmethod] 
[Working State Judge]
wifi connect: 0
gyro connect: 1
battary voltage normal: 1
 
[2025-06-10 09:18:26.559.731] [INFO  ] [Controller] [Joints] FL: +40.630, +33.701, +31.969 ,FR: +40.630, +33.701, +31.969, HL: 45.827, +35.433, +35.433, HR: +47.559, +35.433, +37.165 Max HR-HipX = +47.559 Min FL-Knee = +31.969 
[2025-06-10 09:18:28.272.026] [INFO  ] [Battery] SoC = 83%, Volt = +32.100V, Temp 29 
[2025-06-10 09:18:29.059.740] [INFO  ] [Controller] [Joints] FL: +40.630, +33.701, +31.969 ,FR: +40.630, +33.701, +31.969, HL: 45.827, +35.433, +35.433, HR: +47.559, +35.433, +37.165 Max HR-HipX = +47.559 Min FL-Knee = +31.969 
[2025-06-10 09:18:31.390.724] [WARN  ] [basicmethod] 
[Working State Judge]
wifi connect: 0
gyro connect: 1
battary voltage normal: 1
 
[2025-06-10 09:18:31.559.739] [INFO  ] [Controller] [Joints] FL: +40.630, +33.701, +31.969 ,FR: +40.630, +33.701, +31.969, HL: 45.827, +35.433, +35.433, HR: +47.559, +35.433, +37.165 Max HR-HipX = +47.559 Min FL-Knee = +31.969 
[2025-06-10 09:18:33.256.826] [INFO  ] [Battery] SoC = 83%, Volt = +32.100V, Temp 29 
[2025-06-10 09:18:34.059.744] [INFO  ] [Controller] [Joints] FL: +40.630, +33.701, +31.969 ,FR: +40.630, +33.701, +31.969, HL: 45.827, +35.433, +35.433, HR: +47.559, +35.433, +37.165 Max HR-HipX = +47.559 Min FL-Knee = +31.969 
[2025-06-10 09:18:36.390.724] [WARN  ] [basicmethod] 
[Working State Judge]
wifi connect: 0
gyro connect: 1
battary voltage normal: 1
 
[2025-06-10 09:18:36.559.742] [INFO  ] [Controller] [Joints] FL: +40.630, +33.701, +31.969 ,FR: +40.630, +33.701, +31.969, HL: 45.827, +35.433, +35.433, HR: +47.559, +35.433, +37.165 Max HR-HipX = +47.559 Min FL-Knee = +31.969 
[2025-06-10 09:18:38.241.657] [INFO  ] [Battery] SoC = 83%, Volt = +32.100V, Temp 29 
[2025-06-10 09:18:39.059.744] [INFO  ] [Controller] [Joints] FL: +40.630, +33.701, +31.969 ,FR: +40.630, +33.701, +31.969, HL: 45.827, +35.433, +35.433, HR: +47.559, +35.433, +37.165 Max HR-HipX = +47.559 Min FL-Knee = +31.969 
[2025-06-10 09:18:41.390.729] [WARN  ] [basicmethod] 
[Working State Judge]
wifi connect: 0
gyro connect: 1
battary voltage normal: 1
 
[2025-06-10 18:41:17.008.569] [INFO  ] [Deeprcs] Robot ID: JY-S5-200 
[2025-06-10 18:41:17.008.628] [INFO  ] [Deeprcs] Robot Version: standard 
[2025-06-10 18:41:17.008.631] [INFO  ] [Deeprcs] DeepRCS is working 
[2025-06-10 18:41:17.008.643] [INFO  ] [Deeprcs] Deeprcs Version: 2.0.153(153) 
[2025-06-10 18:41:17.008.645] [INFO  ] [Deeprcs] DeepROS Version: 0.2.24(39) 
[2025-06-10 18:41:17.008.648] [INFO  ] [Deeprcs] DeepRAS Version: 4.1.7(166) 
[2025-06-10 18:41:17.224.343] [INFO  ] [RT-CAN] Hello, CAN Receive 
[2025-06-10 18:41:17.224.344] [INFO  ] [Motor] Hello, CAN Send 
[2025-06-10 18:41:17.224.711] [INFO  ] [CPU] Hello, CPU Monitor 
[2025-06-10 18:41:17.224.797] [INFO  ] [Battery] Hello, Battery BMS 
[2025-06-10 18:41:17.224.982] [INFO  ] [Controller] Hello, MPC Controller 
[2025-06-10 18:41:17.225.157] [INFO  ] [UltrasonicSensor] Hello, Ultrasonic sensor 
[2025-06-10 18:41:17.225.288] [INFO  ] [MpvVoice] Hello, MpvVoice 
[2025-06-10 18:41:17.228.737] [INFO  ] [RT-CAN] Set motor timeout threshold = 200 ms
 
[2025-06-10 18:41:18.224.982] [INFO  ] [Deeprcs] Algorithm is start 
[2025-06-10 18:41:18.229.184] [INFO  ] [Controller] !!!Origin_jumplong_left_bias = +0.000 
[2025-06-10 18:41:18.229.235] [INFO  ] [basicmethod] 
******** Enable Status ********
Flip: 1
BackFlip: 1
SideFlip: 1
Greeting: 1
Jump: 1
Dance: 1
TurnOver: 1
******** Enable Status ********
 
[2025-06-10 18:41:18.229.257] [INFO  ] [basicmethod] 
******** Motion Config Setting ********
Forward Vel Offset: 0.000000
Side Vel Offset: 0.000000
is_Default_LIDAR: 0.000000
Load Mass: 0.000000
Load X Offset: 0.000000
Load Y Offset: 0.000000
Load Z Offset: 60.000000
Robot Backflip Hip Kp: 70.000000
Robot Backflip Knee Kp: 70.000000
Robot Sideflip Abed Kp: 70.000000
Robot Sideflip Hip Kp: 70.000000
Robot Sideflip Knee Kp: 60.000000
backflip_fl_knee_kp: 40.000000
kp_carpet_comp: 1.000000
backflip_hl_hip_kp_comp: 1.000000
backflip_hr_hip_kp_comp: 1.000000
frontflip_Rev_comp: 0.000000
jumplong_Rev_comp: 0.000000
jumplong_left_bias: 0.700000
policy_forward_kd: 0.900000
policy_backward_kd: 1.200000
policy_stand_kd: 0.000000
******** Motion Config Setting ********
 
[2025-06-10 18:41:18.524.940] [INFO  ] [common policy] common policy CZ network check success 
[2025-06-10 18:41:18.525.041] [INFO  ] [common policy] 
name : common policy
path : ../policy/policy_waq_v7.11-5history-----.pt
dim  : 45, 5, 270, 12
dof  : 0.100000, -0.715000, 1.430000,
       -0.100000, -0.715000, 1.430000,
       0.100000, -0.715000, 1.430000,
       -0.100000, -0.715000, 1.430000,
kp   : 30.000000, 30.000000, 30.000000,
       30.000000, 30.000000, 30.000000,
       30.000000, 30.000000, 30.000000,
       30.000000, 30.000000, 30.000000,
kd   : 0.800000, 0.800000, 0.800000,
       0.800000, 0.800000, 0.800000,
       0.800000, 0.800000, 0.800000,
       0.800000, 0.800000, 0.800000,
limit: 20.000000, 20.000000, 30.000000,
       20.000000, 20.000000, 30.000000,
       20.000000, 20.000000, 30.000000,
       20.000000, 20.000000, 30.000000,
max_v: 1.200000, 0.800000, 1.500000,
scale: 0.250000, 0.250000, 0.050000,
       2.000000, 2.000000, 0.280000, 
[2025-06-10 18:41:18.578.925] [INFO  ] [forward student policy] net_path: ../config/policy/ 
[2025-06-10 18:41:18.579.015] [INFO  ] [forward student policy] stand_lpf: 0.770000 
[2025-06-10 18:41:18.579.058] [INFO  ] [forward student policy] forward_init_lpf: 0.790000 
[2025-06-10 18:41:18.579.079] [INFO  ] [forward student policy] forward_init_v: 0.600000 
[2025-06-10 18:41:18.579.091] [INFO  ] [forward student policy] forward_end_lpf: 0.766667 
[2025-06-10 18:41:18.579.103] [INFO  ] [forward student policy] forward_end_v: 2.500000 
[2025-06-10 18:41:18.579.118] [INFO  ] [forward student policy] jump_lpf: 0.766667 
[2025-06-10 18:41:18.579.128] [INFO  ] [forward student policy] flip_lpf: 0.766667 
[2025-06-10 18:41:18.579.135] [INFO  ] [forward student policy] uncertain: 0.000000 
[2025-06-10 18:41:18.579.147] [INFO  ] [forward student policy] v_acc: 0.075000 
[2025-06-10 18:41:18.579.153] [INFO  ] [forward student policy] w_acc: 0.200000 
[2025-06-10 18:41:18.579.173] [INFO  ] [forward student policy] stand_switch_time: 0.000000 
[2025-06-10 18:41:18.579.191] [INFO  ] [forward student policy] reflect_freq: 0.000000 
[2025-06-10 18:41:18.579.201] [INFO  ] [forward student policy] base_w_co: 0.800000 
[2025-06-10 18:41:18.579.228] [INFO  ] [forward student policy] max_y_range: 0.250000 
[2025-06-10 18:41:18.579.237] [INFO  ] [forward student policy] stand_max_y_range: 0.400000 
[2025-06-10 18:41:18.579.245] [INFO  ] [forward student policy] max_x_range: 0.150000 
[2025-06-10 18:41:18.579.251] [INFO  ] [forward student policy] target_power: 0.900000 
[2025-06-10 18:41:18.579.262] [INFO  ] [forward student policy] target_air_time: 0.900000 
[2025-06-10 18:41:18.579.270] [INFO  ] [forward student policy] forward_limit: 2.000000 
[2025-06-10 18:41:18.579.277] [INFO  ] [forward student policy] horizon_limit: 1.000000 
[2025-06-10 18:41:18.579.286] [INFO  ] [forward student policy] jump_max_v: 1.400000 
[2025-06-10 18:41:18.579.295] [INFO  ] [forward student policy] jump_max_w: 1.900000 
[2025-06-10 18:41:18.579.318] [INFO  ] [forward student policy] max_jump_time: 0.000000 
[2025-06-10 18:41:18.579.329] [INFO  ] [forward student policy] max_flip_time: 0.000000 
[2025-06-10 18:41:18.579.362] [INFO  ] [forward student policy] log_path: ../logs/ 
[2025-06-10 18:41:18.579.372] [INFO  ] [forward student policy] dataPath: ../config/data/ 
[2025-06-10 18:41:18.579.411] [INFO  ] [forward student policy] forward_joint_d_gain[0] = 0.600000  
[2025-06-10 18:41:18.579.414] [INFO  ] [forward student policy] forward_joint_d_gain[1] = 0.600000  
[2025-06-10 18:41:18.579.416] [INFO  ] [forward student policy] forward_joint_d_gain[2] = 0.600000  
[2025-06-10 18:41:18.579.436] [INFO  ] [forward student policy] maxVelCmd[0] = 3.400000 
[2025-06-10 18:41:18.579.438] [INFO  ] [forward student policy] maxVelCmd[1] = 1.600000 
[2025-06-10 18:41:18.579.440] [INFO  ] [forward student policy] maxVelCmd[2] = 4.500000 
[2025-06-10 18:41:18.579.449] [INFO  ] [forward student policy] height_range[0] = 0.280000 
[2025-06-10 18:41:18.579.451] [INFO  ] [forward student policy] height_range[1] = 0.360000 
[2025-06-10 18:41:18.655.055] [INFO  ] [forward student policy] forward student policy LSC network check success 
[2025-06-10 18:41:18.655.504] [INFO  ] [forward student policy] 
name : forward student policy
path : ../policy/forward_policy.pt
dim  : 45, 56, 2565, 12
dof  : 0.100000, -0.900000, 1.430000,
       -0.100000, -0.900000, 1.430000,
       0.100000, -0.900000, 1.430000,
       -0.100000, -0.900000, 1.430000,
kp   : 25.000000, 25.000000, 25.000000,
       25.000000, 25.000000, 25.000000,
       25.000000, 25.000000, 25.000000,
       25.000000, 25.000000, 25.000000,
kd   : 0.600000, 0.600000, 0.600000,
       0.600000, 0.600000, 0.600000,
       0.600000, 0.600000, 0.600000,
       0.600000, 0.600000, 0.600000,
limit: 50.000000, 50.000000, 50.000000,
       50.000000, 50.000000, 50.000000,
       50.000000, 50.000000, 50.000000,
       50.000000, 50.000000, 50.000000,
max_v: 2.500000, 2.500000, 2.000000,
scale: 0.250000, 0.250000, -0.927338,
       -0.997514, 2.580091, -0.987383, 
[2025-06-10 18:41:18.699.336] [INFO  ] [jump student policy] net_path: ../config/policy/ 
[2025-06-10 18:41:18.699.433] [INFO  ] [jump student policy] stand_lpf: 0.770000 
[2025-06-10 18:41:18.699.458] [INFO  ] [jump student policy] forward_init_lpf: 0.790000 
[2025-06-10 18:41:18.699.467] [INFO  ] [jump student policy] forward_init_v: 0.600000 
[2025-06-10 18:41:18.699.477] [INFO  ] [jump student policy] forward_end_lpf: 0.766667 
[2025-06-10 18:41:18.699.486] [INFO  ] [jump student policy] forward_end_v: 2.500000 
[2025-06-10 18:41:18.699.497] [INFO  ] [jump student policy] jump_lpf: 0.766667 
[2025-06-10 18:41:18.699.507] [INFO  ] [jump student policy] flip_lpf: 0.766667 
[2025-06-10 18:41:18.699.515] [INFO  ] [jump student policy] uncertain: 0.000000 
[2025-06-10 18:41:18.699.522] [INFO  ] [jump student policy] v_acc: 0.075000 
[2025-06-10 18:41:18.699.529] [INFO  ] [jump student policy] w_acc: 0.200000 
[2025-06-10 18:41:18.699.541] [INFO  ] [jump student policy] stand_switch_time: 0.000000 
[2025-06-10 18:41:18.699.551] [INFO  ] [jump student policy] reflect_freq: 0.000000 
[2025-06-10 18:41:18.699.560] [INFO  ] [jump student policy] base_w_co: 0.800000 
[2025-06-10 18:41:18.699.585] [INFO  ] [jump student policy] max_y_range: 0.250000 
[2025-06-10 18:41:18.699.594] [INFO  ] [jump student policy] stand_max_y_range: 0.400000 
[2025-06-10 18:41:18.699.601] [INFO  ] [jump student policy] max_x_range: 0.150000 
[2025-06-10 18:41:18.699.607] [INFO  ] [jump student policy] target_power: 0.900000 
[2025-06-10 18:41:18.699.613] [INFO  ] [jump student policy] target_air_time: 0.900000 
[2025-06-10 18:41:18.699.621] [INFO  ] [jump student policy] forward_limit: 2.000000 
[2025-06-10 18:41:18.699.629] [INFO  ] [jump student policy] horizon_limit: 1.000000 
[2025-06-10 18:41:18.699.649] [INFO  ] [jump student policy] jump_max_v: 1.400000 
[2025-06-10 18:41:18.699.659] [INFO  ] [jump student policy] jump_max_w: 1.900000 
[2025-06-10 18:41:18.699.683] [INFO  ] [jump student policy] max_jump_time: 0.000000 
[2025-06-10 18:41:18.699.692] [INFO  ] [jump student policy] max_flip_time: 0.000000 
[2025-06-10 18:41:18.699.710] [INFO  ] [jump student policy] log_path: ../logs/ 
[2025-06-10 18:41:18.699.730] [INFO  ] [jump student policy] dataPath: ../config/data/ 
[2025-06-10 18:41:18.699.759] [INFO  ] [jump student policy] forward_joint_d_gain[0] = 0.600000  
[2025-06-10 18:41:18.699.763] [INFO  ] [jump student policy] forward_joint_d_gain[1] = 0.600000  
[2025-06-10 18:41:18.699.766] [INFO  ] [jump student policy] forward_joint_d_gain[2] = 0.600000  
[2025-06-10 18:41:18.699.788] [INFO  ] [jump student policy] maxVelCmd[0] = 3.400000 
[2025-06-10 18:41:18.699.795] [INFO  ] [jump student policy] maxVelCmd[1] = 1.600000 
[2025-06-10 18:41:18.699.798] [INFO  ] [jump student policy] maxVelCmd[2] = 4.500000 
[2025-06-10 18:41:18.699.807] [INFO  ] [jump student policy] height_range[0] = 0.280000 
[2025-06-10 18:41:18.699.809] [INFO  ] [jump student policy] height_range[1] = 0.360000 
[2025-06-10 18:41:18.731.632] [INFO  ] [jump student policy] jump student policy jump network check success 
[2025-06-10 18:41:18.732.162] [INFO  ] [jump student policy] 
name : jump student policy
path : ../policy/jump_policy.pt
dim  : 45, 56, 2565, 12
dof  : 0.100000, -0.900000, 1.430000,
       -0.100000, -0.900000, 1.430000,
       0.100000, -0.900000, 1.430000,
       -0.100000, -0.900000, 1.430000,
kp   : 25.000000, 25.000000, 25.000000,
       25.000000, 25.000000, 25.000000,
       25.000000, 25.000000, 25.000000,
       25.000000, 25.000000, 25.000000,
kd   : 0.600000, 0.600000, 0.600000,
       0.600000, 0.600000, 0.600000,
       0.600000, 0.600000, 0.600000,
       0.600000, 0.600000, 0.600000,
limit: 50.000000, 50.000000, 50.000000,
       50.000000, 50.000000, 50.000000,
       50.000000, 50.000000, 50.000000,
       50.000000, 50.000000, 50.000000,
max_v: 2.500000, 2.500000, 2.000000,
scale: 0.250000, 0.250000, -0.000000,
       0.000000, -0.000000, 0.000000, 
[2025-06-10 18:41:18.773.924] [INFO  ] [flip student policy] net_path: ../config/policy/ 
[2025-06-10 18:41:18.773.980] [INFO  ] [flip student policy] stand_lpf: 0.770000 
[2025-06-10 18:41:18.774.017] [INFO  ] [flip student policy] forward_init_lpf: 0.790000 
[2025-06-10 18:41:18.774.027] [INFO  ] [flip student policy] forward_init_v: 0.600000 
[2025-06-10 18:41:18.774.036] [INFO  ] [flip student policy] forward_end_lpf: 0.766667 
[2025-06-10 18:41:18.774.045] [INFO  ] [flip student policy] forward_end_v: 2.500000 
[2025-06-10 18:41:18.774.060] [INFO  ] [flip student policy] jump_lpf: 0.766667 
[2025-06-10 18:41:18.774.076] [INFO  ] [flip student policy] flip_lpf: 0.766667 
[2025-06-10 18:41:18.774.082] [INFO  ] [flip student policy] uncertain: 0.000000 
[2025-06-10 18:41:18.774.090] [INFO  ] [flip student policy] v_acc: 0.075000 
[2025-06-10 18:41:18.774.095] [INFO  ] [flip student policy] w_acc: 0.200000 
[2025-06-10 18:41:18.774.106] [INFO  ] [flip student policy] stand_switch_time: 0.000000 
[2025-06-10 18:41:18.774.113] [INFO  ] [flip student policy] reflect_freq: 0.000000 
[2025-06-10 18:41:18.774.118] [INFO  ] [flip student policy] base_w_co: 0.800000 
[2025-06-10 18:41:18.774.148] [INFO  ] [flip student policy] max_y_range: 0.250000 
[2025-06-10 18:41:18.774.156] [INFO  ] [flip student policy] stand_max_y_range: 0.400000 
[2025-06-10 18:41:18.774.162] [INFO  ] [flip student policy] max_x_range: 0.150000 
[2025-06-10 18:41:18.774.167] [INFO  ] [flip student policy] target_power: 0.900000 
[2025-06-10 18:41:18.774.177] [INFO  ] [flip student policy] target_air_time: 0.900000 
[2025-06-10 18:41:18.774.187] [INFO  ] [flip student policy] forward_limit: 2.000000 
[2025-06-10 18:41:18.774.194] [INFO  ] [flip student policy] horizon_limit: 1.000000 
[2025-06-10 18:41:18.774.202] [INFO  ] [flip student policy] jump_max_v: 1.400000 
[2025-06-10 18:41:18.774.210] [INFO  ] [flip student policy] jump_max_w: 1.900000 
[2025-06-10 18:41:18.774.233] [INFO  ] [flip student policy] max_jump_time: 0.000000 
[2025-06-10 18:41:18.774.242] [INFO  ] [flip student policy] max_flip_time: 0.000000 
[2025-06-10 18:41:18.774.252] [INFO  ] [flip student policy] log_path: ../logs/ 
[2025-06-10 18:41:18.774.266] [INFO  ] [flip student policy] dataPath: ../config/data/ 
[2025-06-10 18:41:18.774.289] [INFO  ] [flip student policy] forward_joint_d_gain[0] = 0.600000  
[2025-06-10 18:41:18.774.291] [INFO  ] [flip student policy] forward_joint_d_gain[1] = 0.600000  
[2025-06-10 18:41:18.774.293] [INFO  ] [flip student policy] forward_joint_d_gain[2] = 0.600000  
[2025-06-10 18:41:18.774.312] [INFO  ] [flip student policy] maxVelCmd[0] = 3.400000 
[2025-06-10 18:41:18.774.313] [INFO  ] [flip student policy] maxVelCmd[1] = 1.600000 
[2025-06-10 18:41:18.774.315] [INFO  ] [flip student policy] maxVelCmd[2] = 4.500000 
[2025-06-10 18:41:18.774.323] [INFO  ] [flip student policy] height_range[0] = 0.280000 
[2025-06-10 18:41:18.774.325] [INFO  ] [flip student policy] height_range[1] = 0.360000 
[2025-06-10 18:41:18.802.935] [INFO  ] [flip student policy] flip student policy flip network check success 
[2025-06-10 18:41:18.803.439] [INFO  ] [flip student policy] 
name : flip student policy
path : ../policy/flip_policy.pt
dim  : 45, 56, 2565, 12
dof  : 0.100000, -0.900000, 1.430000,
       -0.100000, -0.900000, 1.430000,
       0.100000, -0.900000, 1.430000,
       -0.100000, -0.900000, 1.430000,
kp   : 25.000000, 25.000000, 25.000000,
       25.000000, 25.000000, 25.000000,
       25.000000, 25.000000, 25.000000,
       25.000000, 25.000000, 25.000000,
kd   : 0.600000, 0.600000, 0.600000,
       0.600000, 0.600000, 0.600000,
       0.600000, 0.600000, 0.600000,
       0.600000, 0.600000, 0.600000,
limit: 50.000000, 50.000000, 50.000000,
       50.000000, 50.000000, 50.000000,
       50.000000, 50.000000, 50.000000,
       50.000000, 50.000000, 50.000000,
max_v: 2.500000, 2.500000, 2.000000,
scale: 0.250000, 0.250000, -0.000000,
       0.000000, -0.000000, 0.000000, 
[2025-06-10 18:41:18.852.400] [INFO  ] [stand student policy] net_path: ../config/policy/ 
[2025-06-10 18:41:18.852.455] [INFO  ] [stand student policy] stand_lpf: 0.770000 
[2025-06-10 18:41:18.852.484] [INFO  ] [stand student policy] forward_init_lpf: 0.790000 
[2025-06-10 18:41:18.852.492] [INFO  ] [stand student policy] forward_init_v: 0.600000 
[2025-06-10 18:41:18.852.502] [INFO  ] [stand student policy] forward_end_lpf: 0.766667 
[2025-06-10 18:41:18.852.511] [INFO  ] [stand student policy] forward_end_v: 2.500000 
[2025-06-10 18:41:18.852.521] [INFO  ] [stand student policy] jump_lpf: 0.766667 
[2025-06-10 18:41:18.852.530] [INFO  ] [stand student policy] flip_lpf: 0.766667 
[2025-06-10 18:41:18.852.537] [INFO  ] [stand student policy] uncertain: 0.000000 
[2025-06-10 18:41:18.852.543] [INFO  ] [stand student policy] v_acc: 0.075000 
[2025-06-10 18:41:18.852.549] [INFO  ] [stand student policy] w_acc: 0.200000 
[2025-06-10 18:41:18.852.558] [INFO  ] [stand student policy] stand_switch_time: 0.000000 
[2025-06-10 18:41:18.852.565] [INFO  ] [stand student policy] reflect_freq: 0.000000 
[2025-06-10 18:41:18.852.571] [INFO  ] [stand student policy] base_w_co: 0.800000 
[2025-06-10 18:41:18.852.594] [INFO  ] [stand student policy] max_y_range: 0.250000 
[2025-06-10 18:41:18.852.602] [INFO  ] [stand student policy] stand_max_y_range: 0.400000 
[2025-06-10 18:41:18.852.617] [INFO  ] [stand student policy] max_x_range: 0.150000 
[2025-06-10 18:41:18.852.622] [INFO  ] [stand student policy] target_power: 0.900000 
[2025-06-10 18:41:18.852.627] [INFO  ] [stand student policy] target_air_time: 0.900000 
[2025-06-10 18:41:18.852.633] [INFO  ] [stand student policy] forward_limit: 2.000000 
[2025-06-10 18:41:18.852.639] [INFO  ] [stand student policy] horizon_limit: 1.000000 
[2025-06-10 18:41:18.852.647] [INFO  ] [stand student policy] jump_max_v: 1.400000 
[2025-06-10 18:41:18.852.655] [INFO  ] [stand student policy] jump_max_w: 1.900000 
[2025-06-10 18:41:18.852.679] [INFO  ] [stand student policy] max_jump_time: 0.000000 
[2025-06-10 18:41:18.852.694] [INFO  ] [stand student policy] max_flip_time: 0.000000 
[2025-06-10 18:41:18.852.711] [INFO  ] [stand student policy] log_path: ../logs/ 
[2025-06-10 18:41:18.852.721] [INFO  ] [stand student policy] dataPath: ../config/data/ 
[2025-06-10 18:41:18.852.745] [INFO  ] [stand student policy] forward_joint_d_gain[0] = 0.600000  
[2025-06-10 18:41:18.852.747] [INFO  ] [stand student policy] forward_joint_d_gain[1] = 0.600000  
[2025-06-10 18:41:18.852.749] [INFO  ] [stand student policy] forward_joint_d_gain[2] = 0.600000  
[2025-06-10 18:41:18.852.773] [INFO  ] [stand student policy] maxVelCmd[0] = 3.400000 
[2025-06-10 18:41:18.852.777] [INFO  ] [stand student policy] maxVelCmd[1] = 1.600000 
[2025-06-10 18:41:18.852.780] [INFO  ] [stand student policy] maxVelCmd[2] = 4.500000 
[2025-06-10 18:41:18.852.789] [INFO  ] [stand student policy] height_range[0] = 0.280000 
[2025-06-10 18:41:18.852.791] [INFO  ] [stand student policy] height_range[1] = 0.360000 
[2025-06-10 18:41:18.913.416] [INFO  ] [stand student policy] stand student policy LSC network check success 
[2025-06-10 18:41:18.913.906] [INFO  ] [stand student policy] 
name : stand student policy
path : ../policy/stand_policy.pt
dim  : 45, 56, 2565, 12
dof  : 0.100000, -0.900000, 1.430000,
       -0.100000, -0.900000, 1.430000,
       0.100000, -0.900000, 1.430000,
       -0.100000, -0.900000, 1.430000,
kp   : 25.000000, 25.000000, 25.000000,
       25.000000, 25.000000, 25.000000,
       25.000000, 25.000000, 25.000000,
       25.000000, 25.000000, 25.000000,
kd   : 0.600000, 0.600000, 0.600000,
       0.600000, 0.600000, 0.600000,
       0.600000, 0.600000, 0.600000,
       0.600000, 0.600000, 0.600000,
limit: 50.000000, 50.000000, 50.000000,
       50.000000, 50.000000, 50.000000,
       50.000000, 50.000000, 50.000000,
       50.000000, 50.000000, 50.000000,
max_v: 2.500000, 2.500000, 2.000000,
scale: 0.250000, 0.250000, -0.000000,
       0.000000, -0.000000, 0.000000, 
[2025-06-10 18:41:18.961.531] [INFO  ] [handstand policy] net_path: ../config/policy/ 
[2025-06-10 18:41:18.961.594] [INFO  ] [handstand policy] lpf_HStand: 0.800000 
[2025-06-10 18:41:18.961.658] [INFO  ] [handstand policy] uncertain: 0.000000 
[2025-06-10 18:41:18.961.666] [INFO  ] [handstand policy] v_acc: 0.100000 
[2025-06-10 18:41:18.961.708] [INFO  ] [handstand policy] bipedal_base_w_co: 1.000000 
[2025-06-10 18:41:18.961.721] [INFO  ] [handstand policy] max_y_range: 0.250000 
[2025-06-10 18:41:18.961.731] [INFO  ] [handstand policy] max_x_range: 0.150000 
[2025-06-10 18:41:18.961.737] [INFO  ] [handstand policy] target_power: 0.900000 
[2025-06-10 18:41:18.961.742] [INFO  ] [handstand policy] target_air_time: 0.900000 
[2025-06-10 18:41:18.961.746] [INFO  ] [handstand policy] forward_limit: 0.500000 
[2025-06-10 18:41:18.961.750] [INFO  ] [handstand policy] horizon_limit: 0.000000 
[2025-06-10 18:41:18.961.773] [INFO  ] [handstand policy] bipedal_max_v: 1.200000 
[2025-06-10 18:41:18.961.780] [INFO  ] [handstand policy] bipedal_max_w: 1.500000 
[2025-06-10 18:41:18.961.798] [INFO  ] [handstand policy] log_path: ../logs/ 
[2025-06-10 18:41:18.961.806] [INFO  ] [handstand policy] dataPath: ../config/data/ 
[2025-06-10 18:41:18.961.838] [INFO  ] [handstand policy] bipedal_joint_d_gain[0] = 0.800000  
[2025-06-10 18:41:18.961.840] [INFO  ] [handstand policy] bipedal_joint_d_gain[1] = 0.800000  
[2025-06-10 18:41:18.961.842] [INFO  ] [handstand policy] bipedal_joint_d_gain[2] = 0.800000  
[2025-06-10 18:41:18.961.850] [INFO  ] [handstand policy] maxVelCmd[0] = 1.500000 
[2025-06-10 18:41:18.961.854] [INFO  ] [handstand policy] maxVelCmd[1] = 0.100000 
[2025-06-10 18:41:18.961.855] [INFO  ] [handstand policy] maxVelCmd[2] = 0.500000 
[2025-06-10 18:41:18.961.869] [INFO  ] [handstand policy] bipedal_height_range[0] = 0.490000 
[2025-06-10 18:41:18.961.871] [INFO  ] [handstand policy] bipedal_height_range[1] = 0.491000 
[2025-06-10 18:41:18.991.462] [INFO  ] [handstand policy] handstand policy HStand network check success 
[2025-06-10 18:41:18.991.857] [INFO  ] [handstand policy] 
name : handstand policy
path : ../policy/bipedal_policy.pt
dim  : 45, 56, 2565, 12
dof  : 0.100000, -0.900000, 1.430000,
       -0.100000, -0.900000, 1.430000,
       0.100000, -0.900000, 1.430000,
       -0.100000, -0.900000, 1.430000,
kp   : 25.000000, 25.000000, 25.000000,
       25.000000, 25.000000, 25.000000,
       25.000000, 25.000000, 25.000000,
       25.000000, 25.000000, 25.000000,
kd   : 0.800000, 0.800000, 0.800000,
       0.800000, 0.800000, 0.800000,
       0.800000, 0.800000, 0.800000,
       0.800000, 0.800000, 0.800000,
limit: 50.000000, 50.000000, 50.000000,
       50.000000, 50.000000, 50.000000,
       50.000000, 50.000000, 50.000000,
       50.000000, 50.000000, 50.000000,
max_v: 2.500000, 2.500000, 2.000000,
scale: 0.250000, 0.250000, -0.737694,
       -1.006226, 0.083016, -0.553506, 
[2025-06-10 18:41:19.029.846] [INFO  ] [handstandswing policy] net_path: ../config/policy/ 
[2025-06-10 18:41:19.029.910] [INFO  ] [handstandswing policy] lpf_HStand: 0.800000 
[2025-06-10 18:41:19.029.955] [INFO  ] [handstandswing policy] uncertain: 0.000000 
[2025-06-10 18:41:19.029.962] [INFO  ] [handstandswing policy] v_acc: 0.100000 
[2025-06-10 18:41:19.029.994] [INFO  ] [handstandswing policy] bipedal_base_w_co: 1.000000 
[2025-06-10 18:41:19.030.010] [INFO  ] [handstandswing policy] max_y_range: 0.250000 
[2025-06-10 18:41:19.030.022] [INFO  ] [handstandswing policy] max_x_range: 0.150000 
[2025-06-10 18:41:19.030.027] [INFO  ] [handstandswing policy] target_power: 0.900000 
[2025-06-10 18:41:19.030.034] [INFO  ] [handstandswing policy] target_air_time: 0.900000 
[2025-06-10 18:41:19.030.038] [INFO  ] [handstandswing policy] forward_limit: 0.500000 
[2025-06-10 18:41:19.030.043] [INFO  ] [handstandswing policy] horizon_limit: 0.000000 
[2025-06-10 18:41:19.030.070] [INFO  ] [handstandswing policy] bipedal_max_v: 1.200000 
[2025-06-10 18:41:19.030.076] [INFO  ] [handstandswing policy] bipedal_max_w: 1.500000 
[2025-06-10 18:41:19.030.094] [INFO  ] [handstandswing policy] log_path: ../logs/ 
[2025-06-10 18:41:19.030.101] [INFO  ] [handstandswing policy] dataPath: ../config/data/ 
[2025-06-10 18:41:19.030.129] [INFO  ] [handstandswing policy] bipedal_joint_d_gain[0] = 0.800000  
[2025-06-10 18:41:19.030.132] [INFO  ] [handstandswing policy] bipedal_joint_d_gain[1] = 0.800000  
[2025-06-10 18:41:19.030.134] [INFO  ] [handstandswing policy] bipedal_joint_d_gain[2] = 0.800000  
[2025-06-10 18:41:19.030.142] [INFO  ] [handstandswing policy] maxVelCmd[0] = 1.500000 
[2025-06-10 18:41:19.030.145] [INFO  ] [handstandswing policy] maxVelCmd[1] = 0.100000 
[2025-06-10 18:41:19.030.147] [INFO  ] [handstandswing policy] maxVelCmd[2] = 0.500000 
[2025-06-10 18:41:19.030.161] [INFO  ] [handstandswing policy] bipedal_height_range[0] = 0.490000 
[2025-06-10 18:41:19.030.162] [INFO  ] [handstandswing policy] bipedal_height_range[1] = 0.491000 
[2025-06-10 18:41:19.047.752] [INFO  ] [handstandswing policy] handstandswing policy HStandSwing network check success 
[2025-06-10 18:41:19.048.155] [INFO  ] [handstandswing policy] 
name : handstandswing policy
path : ../policy/bipedal_motor_p_command_policy.pt
dim  : 45, 56, 2565, 12
dof  : 0.100000, -0.900000, 1.430000,
       -0.100000, -0.900000, 1.430000,
       0.100000, -0.900000, 1.430000,
       -0.100000, -0.900000, 1.430000,
kp   : 25.000000, 25.000000, 25.000000,
       25.000000, 25.000000, 25.000000,
       25.000000, 25.000000, 25.000000,
       25.000000, 25.000000, 25.000000,
kd   : 0.800000, 0.800000, 0.800000,
       0.800000, 0.800000, 0.800000,
       0.800000, 0.800000, 0.800000,
       0.800000, 0.800000, 0.800000,
limit: 50.000000, 50.000000, 50.000000,
       50.000000, 50.000000, 50.000000,
       50.000000, 50.000000, 50.000000,
       50.000000, 50.000000, 50.000000,
max_v: 2.500000, 2.500000, 2.000000,
scale: 0.250000, 0.250000, 1.000000,
       1.000000, 1.000000, 1.000000, 
[2025-06-10 18:41:19.048.200] [INFO  ] [NetworkController] policy map contains : 
[2025-06-10 18:41:19.048.204] [INFO  ] [NetworkController] 0 : common policy  
[2025-06-10 18:41:19.048.212] [INFO  ] [NetworkController] 1 : forward student policy  
[2025-06-10 18:41:19.048.214] [INFO  ] [NetworkController] 2 : jump student policy  
[2025-06-10 18:41:19.048.217] [INFO  ] [NetworkController] 3 : flip student policy  
[2025-06-10 18:41:19.048.219] [INFO  ] [NetworkController] 4 : stand student policy  
[2025-06-10 18:41:19.048.221] [INFO  ] [NetworkController] 5 : handstand policy  
[2025-06-10 18:41:19.048.223] [INFO  ] [NetworkController] 6 : handstandswing policy  
[2025-06-10 18:41:19.048.257] [ERROR ] [Controller] IMU data reading is timeout! 
[2025-06-10 18:41:19.048.362] [INFO  ] [BasicMotion] Switching to kWaitForStanding!!! 
[2025-06-10 18:41:19.048.787] [INFO  ] [DeferredRecorder] -------max_cycle = +0.000, count = 0 
[2025-06-10 18:41:19.048.800] [INFO  ] [DeferredRecorder] -------max_cycle = +0.000, count = 0 
[2025-06-10 18:41:19.049.154] [INFO  ] [DeferredRecorder] -------max_cycle = +0.000, count = 1 
[2025-06-10 18:41:19.050.137] [INFO  ] [DeferredRecorder] -------max_cycle = +0.000, count = 2 
[2025-06-10 18:41:19.051.142] [INFO  ] [DeferredRecorder] -------max_cycle = +0.000, count = 3 
[2025-06-10 18:41:19.052.136] [INFO  ] [DeferredRecorder] -------max_cycle = +0.000, count = 4 
[2025-06-10 18:41:19.064.130] [NOTICE] [Controller] IMU data reading has resumed! 
[2025-06-10 18:41:21.230.846] [WARN  ] [CPU] Cpu temperature -1819907484 cpu  
[2025-06-10 18:41:21.547.182] [INFO  ] [Controller] [Joints] FL: +25.039, +25.039, +25.039 ,FR: +25.039, +25.039, +25.039, HL: 25.039, +25.039, +25.039, HR: +25.039, +25.039, +25.039 Max FL-HipX = +25.039 Min FL-HipX = +25.039 
[2025-06-10 18:41:21.583.662] [INFO  ] [Battery] SoC = 100%, Volt = +33.300V, Temp 25 
[2025-06-10 18:41:24.047.165] [INFO  ] [Controller] [Joints] FL: +25.039, +25.039, +23.307 ,FR: +25.039, +25.039, +25.039, HL: 25.039, +25.039, +25.039, HR: +25.039, +25.039, +25.039 Max FL-HipX = +25.039 Min FL-Knee = +23.307 
[2025-06-10 18:41:26.547.167] [INFO  ] [Controller] [Joints] FL: +25.039, +25.039, +23.307 ,FR: +25.039, +25.039, +25.039, HL: 25.039, +25.039, +25.039, HR: +25.039, +25.039, +25.039 Max FL-HipX = +25.039 Min FL-Knee = +23.307 
[2025-06-10 18:41:26.582.269] [INFO  ] [Battery] SoC = 100%, Volt = +33.300V, Temp 25 
[2025-06-10 18:41:29.047.168] [INFO  ] [Controller] [Joints] FL: +25.039, +25.039, +23.307 ,FR: +25.039, +25.039, +25.039, HL: 25.039, +25.039, +25.039, HR: +25.039, +25.039, +25.039 Max FL-HipX = +25.039 Min FL-Knee = +23.307 
[2025-06-10 18:41:31.547.168] [INFO  ] [Controller] [Joints] FL: +25.039, +25.039, +23.307 ,FR: +25.039, +25.039, +25.039, HL: 25.039, +25.039, +25.039, HR: +25.039, +25.039, +25.039 Max FL-HipX = +25.039 Min FL-Knee = +23.307 
[2025-06-10 18:41:31.580.939] [INFO  ] [Battery] SoC = 100%, Volt = +33.300V, Temp 25 
[2025-06-10 18:41:34.047.175] [INFO  ] [Controller] [Joints] FL: +25.039, +25.039, +23.307 ,FR: +25.039, +25.039, +25.039, HL: 25.039, +25.039, +25.039, HR: +25.039, +25.039, +25.039 Max FL-HipX = +25.039 Min FL-Knee = +23.307 
[2025-06-10 18:41:36.547.166] [INFO  ] [Controller] [Joints] FL: +25.039, +25.039, +23.307 ,FR: +25.039, +25.039, +25.039, HL: 25.039, +25.039, +25.039, HR: +25.039, +25.039, +25.039 Max FL-HipX = +25.039 Min FL-Knee = +23.307 
[2025-06-10 18:41:36.579.690] [INFO  ] [Battery] SoC = 100%, Volt = +33.200V, Temp 25 
[2025-06-10 18:41:39.047.202] [INFO  ] [Controller] [Joints] FL: +25.039, +25.039, +25.039 ,FR: +25.039, +25.039, +25.039, HL: 25.039, +25.039, +25.039, HR: +25.039, +25.039, +25.039 Max FL-HipX = +25.039 Min FL-HipX = +25.039 
[2025-06-10 18:41:41.547.163] [INFO  ] [Controller] [Joints] FL: +25.039, +25.039, +23.307 ,FR: +25.039, +25.039, +25.039, HL: 25.039, +25.039, +25.039, HR: +25.039, +25.039, +25.039 Max FL-HipX = +25.039 Min FL-Knee = +23.307 
[2025-06-10 18:41:41.578.459] [INFO  ] [Battery] SoC = 100%, Volt = +33.200V, Temp 25 
[2025-06-10 18:41:44.047.168] [INFO  ] [Controller] [Joints] FL: +25.039, +25.039, +23.307 ,FR: +25.039, +25.039, +25.039, HL: 25.039, +25.039, +25.039, HR: +25.039, +25.039, +25.039 Max FL-HipX = +25.039 Min FL-Knee = +23.307 
[2025-06-10 18:41:46.547.163] [INFO  ] [Controller] [Joints] FL: +25.039, +25.039, +23.307 ,FR: +25.039, +25.039, +25.039, HL: 25.039, +25.039, +25.039, HR: +25.039, +25.039, +25.039 Max FL-HipX = +25.039 Min FL-Knee = +23.307 
[2025-06-10 18:41:46.577.116] [INFO  ] [Battery] SoC = 100%, Volt = +33.200V, Temp 25 
[2025-06-10 18:41:49.047.161] [INFO  ] [Controller] [Joints] FL: +25.039, +25.039, +23.307 ,FR: +25.039, +25.039, +25.039, HL: 25.039, +25.039, +25.039, HR: +25.039, +25.039, +25.039 Max FL-HipX = +25.039 Min FL-Knee = +23.307 
[2025-06-10 18:41:51.521.146] [INFO  ] [Controller] [AI Close] 
[2025-06-10 18:41:51.547.168] [INFO  ] [Controller] [Joints] FL: +25.039, +25.039, +25.039 ,FR: +25.039, +25.039, +25.039, HL: 25.039, +25.039, +25.039, HR: +25.039, +25.039, +25.039 Max FL-HipX = +25.039 Min FL-HipX = +25.039 
[2025-06-10 18:41:51.576.276] [INFO  ] [Battery] SoC = 100%, Volt = +33.200V, Temp 25 
[2025-06-10 18:41:52.404.150] [INFO  ] [Controller] Switch to Joystick Mode!!! 
[2025-06-10 18:41:54.047.163] [INFO  ] [Controller] [Joints] FL: +25.039, +25.039, +25.039 ,FR: +25.039, +25.039, +25.039, HL: 25.039, +25.039, +25.039, HR: +25.039, +25.039, +25.039 Max FL-HipX = +25.039 Min FL-HipX = +25.039 
[2025-06-10 18:41:55.108.158] [INFO  ] [Controller] stand_cmd.... 
[2025-06-10 18:41:55.108.218] [INFO  ] [BasicMotion] Standing up, please wait... 
[2025-06-10 18:41:55.108.226] [INFO  ] [BasicMotion] Switching to zeroposition !!!!! 
[2025-06-10 18:41:56.547.168] [INFO  ] [Controller] [Joints] FL: +25.039, +25.039, +25.039 ,FR: +25.039, +25.039, +25.039, HL: 25.039, +25.039, +25.039, HR: +25.039, +25.039, +25.039 Max FL-HipX = +25.039 Min FL-HipX = +25.039 
[2025-06-10 18:41:56.574.258] [INFO  ] [Battery] SoC = 100%, Volt = +33.200V, Temp 25 
[2025-06-10 18:41:56.634.147] [INFO  ] [Controller] stand_cmd.... 
[2025-06-10 18:41:57.174.145] [INFO  ] [Controller] stand_cmd.... 
[2025-06-10 18:41:59.047.172] [INFO  ] [Controller] [Joints] FL: +25.039, +25.039, +25.039 ,FR: +25.039, +25.039, +25.039, HL: 25.039, +25.039, +25.039, HR: +25.039, +25.039, +25.039 Max FL-HipX = +25.039 Min FL-HipX = +25.039 
[2025-06-10 18:42:00.610.155] [INFO  ] [BasicMotion] Standing up, please wait... 
[2025-06-10 18:42:01.323.152] [INFO  ] [Controller] stand_cmd.... 
[2025-06-10 18:42:01.549.166] [INFO  ] [Controller] [Joints] FL: +25.039, +25.039, +25.039 ,FR: +25.039, +25.039, +25.039, HL: 25.039, +25.039, +25.039, HR: +25.039, +25.039, +25.039 Max FL-HipX = +25.039 Min FL-HipX = +25.039 
[2025-06-10 18:42:01.572.965] [INFO  ] [Battery] SoC = 100%, Volt = +33.000V, Temp 25 
[2025-06-10 18:42:02.611.163] [INFO  ] [BasicMotion] Stand up action has finished, waitting to switch to force control mode! 
[2025-06-10 18:42:02.611.208] [INFO  ] [BasicMotion] Switching to force control mode, please wait... 
[2025-06-10 18:42:03.413.218] [INFO  ] [TVMPC] JY is Moving... (tvmpc),  time: 45.188112 
[2025-06-10 18:42:04.049.166] [INFO  ] [Controller] [Joints] FL: +25.039, +25.039, +25.039 ,FR: +25.039, +25.039, +25.039, HL: 25.039, +25.039, +25.039, HR: +25.039, +25.039, +25.039 Max FL-HipX = +25.039 Min FL-HipX = +25.039 
[2025-06-10 18:42:06.549.164] [INFO  ] [Controller] [Joints] FL: +25.039, +25.039, +25.039 ,FR: +26.772, +26.772, +25.039, HL: 26.772, +25.039, +25.039, HR: +26.772, +25.039, +25.039 Max FR-HipX = +26.772 Min FL-HipX = +25.039 
[2025-06-10 18:42:06.571.655] [INFO  ] [Battery] SoC = 100%, Volt = +33.000V, Temp 25 
[2025-06-10 18:42:09.049.170] [INFO  ] [Controller] [Joints] FL: +25.039, +25.039, +25.039 ,FR: +26.772, +26.772, +25.039, HL: 26.772, +25.039, +25.039, HR: +26.772, +25.039, +26.772 Max FR-HipX = +26.772 Min FL-HipX = +25.039 
[2025-06-10 18:42:11.549.163] [INFO  ] [Controller] [Joints] FL: +25.039, +25.039, +25.039 ,FR: +26.772, +26.772, +26.772, HL: 26.772, +25.039, +26.772, HR: +26.772, +25.039, +26.772 Max FR-HipX = +26.772 Min FL-HipX = +25.039 
[2025-06-10 18:42:11.570.353] [INFO  ] [Battery] SoC = 100%, Volt = +32.800V, Temp 25 
[2025-06-10 18:42:12.863.568] [INFO  ] [TVMPC] [trot]STOP!!! 
[2025-06-10 18:42:12.864.150] [INFO  ] [BasicMotion] Switching to force control mode, please wait... 
[2025-06-10 18:42:13.866.182] [INFO  ] [TVMPC] JY is Moving... (tvmpc),  time: 55.641111 
[2025-06-10 18:42:14.049.160] [INFO  ] [Controller] [Joints] FL: +25.039, +25.039, +26.772 ,FR: +26.772, +26.772, +26.772, HL: 26.772, +25.039, +26.772, HR: +26.772, +25.039, +28.504 Max HR-Knee = +28.504 Min FL-HipX = +25.039 
[2025-06-10 18:42:16.549.166] [INFO  ] [Controller] [Joints] FL: +26.772, +25.039, +26.772 ,FR: +26.772, +26.772, +26.772, HL: 26.772, +25.039, +26.772, HR: +26.772, +25.039, +28.504 Max HR-Knee = +28.504 Min FL-HipY = +25.039 
[2025-06-10 18:42:16.569.135] [INFO  ] [Battery] SoC = 100%, Volt = +32.900V, Temp 25 
[2025-06-10 18:42:19.049.167] [INFO  ] [Controller] [Joints] FL: +26.772, +25.039, +26.772 ,FR: +26.772, +26.772, +26.772, HL: 26.772, +25.039, +28.504, HR: +26.772, +25.039, +30.236 Max HR-Knee = +30.236 Min FL-HipY = +25.039 
[2025-06-10 18:42:21.549.164] [INFO  ] [Controller] [Joints] FL: +26.772, +25.039, +26.772 ,FR: +28.504, +26.772, +26.772, HL: 28.504, +25.039, +28.504, HR: +28.504, +25.039, +30.236 Max HR-Knee = +30.236 Min FL-HipY = +25.039 
[2025-06-10 18:42:21.567.732] [INFO  ] [Battery] SoC = 99%, Volt = +32.900V, Temp 25 
[2025-06-10 18:42:24.049.168] [INFO  ] [Controller] [Joints] FL: +26.772, +25.039, +26.772 ,FR: +28.504, +26.772, +28.504, HL: 28.504, +25.039, +30.236, HR: +28.504, +26.772, +30.236 Max HL-Knee = +30.236 Min FL-HipY = +25.039 
[2025-06-10 18:42:26.549.163] [INFO  ] [Controller] [Joints] FL: +26.772, +25.039, +28.504 ,FR: +28.504, +26.772, +28.504, HL: 28.504, +25.039, +30.236, HR: +28.504, +26.772, +31.969 Max HR-Knee = +31.969 Min FL-HipY = +25.039 
[2025-06-10 18:42:26.566.347] [INFO  ] [Battery] SoC = 99%, Volt = +32.800V, Temp 25 
[2025-06-10 18:42:29.049.168] [INFO  ] [Controller] [Joints] FL: +28.504, +25.039, +28.504 ,FR: +28.504, +26.772, +28.504, HL: 28.504, +26.772, +30.236, HR: +28.504, +26.772, +31.969 Max HR-Knee = +31.969 Min FL-HipY = +25.039 
[2025-06-10 18:42:29.616.577] [INFO  ] [TVMPC] [trot]STOP!!! 
[2025-06-10 18:42:29.617.144] [INFO  ] [BasicMotion] Switching to force control mode, please wait... 
[2025-06-10 18:42:31.549.173] [INFO  ] [Controller] [Joints] FL: +28.504, +25.039, +28.504 ,FR: +28.504, +26.772, +28.504, HL: 28.504, +26.772, +30.236, HR: +28.504, +26.772, +33.701 Max HR-Knee = +33.701 Min FL-HipY = +25.039 
[2025-06-10 18:42:31.564.986] [INFO  ] [Battery] SoC = 99%, Volt = +32.900V, Temp 25 
[2025-06-10 18:42:32.374.181] [INFO  ] [TVMPC] JY is Moving... (tvmpc),  time: 74.149111 
[2025-06-10 18:42:34.049.167] [INFO  ] [Controller] [Joints] FL: +28.504, +25.039, +28.504 ,FR: +28.504, +26.772, +28.504, HL: 28.504, +26.772, +31.969, HR: +28.504, +26.772, +33.701 Max HR-Knee = +33.701 Min FL-HipY = +25.039 
[2025-06-10 18:42:36.549.166] [INFO  ] [Controller] [Joints] FL: +28.504, +25.039, +28.504 ,FR: +28.504, +26.772, +28.504, HL: 28.504, +26.772, +31.969, HR: +28.504, +26.772, +33.701 Max HR-Knee = +33.701 Min FL-HipY = +25.039 
[2025-06-10 18:42:36.563.585] [INFO  ] [Battery] SoC = 99%, Volt = +32.800V, Temp 25 
[2025-06-10 18:42:39.049.166] [INFO  ] [Controller] [Joints] FL: +28.504, +25.039, +28.504 ,FR: +28.504, +26.772, +30.236, HL: 28.504, +26.772, +31.969, HR: +30.236, +26.772, +33.701 Max HR-Knee = +33.701 Min FL-HipY = +25.039 
[2025-06-10 18:42:41.549.162] [INFO  ] [Controller] [Joints] FL: +28.504, +25.039, +28.504 ,FR: +28.504, +26.772, +30.236, HL: 28.504, +26.772, +31.969, HR: +30.236, +26.772, +35.433 Max HR-Knee = +35.433 Min FL-HipY = +25.039 
[2025-06-10 18:42:41.562.086] [INFO  ] [Battery] SoC = 99%, Volt = +32.800V, Temp 25 
[2025-06-10 18:42:44.049.163] [INFO  ] [Controller] [Joints] FL: +28.504, +25.039, +30.236 ,FR: +28.504, +26.772, +30.236, HL: 28.504, +26.772, +31.969, HR: +30.236, +26.772, +35.433 Max HR-Knee = +35.433 Min FL-HipY = +25.039 
[2025-06-10 18:42:46.549.166] [INFO  ] [Controller] [Joints] FL: +28.504, +25.039, +30.236 ,FR: +28.504, +26.772, +30.236, HL: 28.504, +26.772, +33.701, HR: +30.236, +26.772, +35.433 Max HR-Knee = +35.433 Min FL-HipY = +25.039 
[2025-06-10 18:42:46.560.555] [INFO  ] [Battery] SoC = 99%, Volt = +32.800V, Temp 25 
[2025-06-10 18:42:49.049.174] [INFO  ] [Controller] [Joints] FL: +30.236, +25.039, +30.236 ,FR: +30.236, +26.772, +30.236, HL: 28.504, +26.772, +33.701, HR: +30.236, +26.772, +35.433 Max HR-Knee = +35.433 Min FL-HipY = +25.039 
[2025-06-10 18:42:51.549.162] [INFO  ] [Controller] [Joints] FL: +30.236, +25.039, +30.236 ,FR: +30.236, +26.772, +30.236, HL: 28.504, +26.772, +33.701, HR: +30.236, +26.772, +35.433 Max HR-Knee = +35.433 Min FL-HipY = +25.039 
[2025-06-10 18:42:51.559.087] [INFO  ] [Battery] SoC = 99%, Volt = +32.700V, Temp 25 
[2025-06-10 18:42:54.049.169] [INFO  ] [Controller] [Joints] FL: +30.236, +25.039, +30.236 ,FR: +30.236, +26.772, +30.236, HL: 28.504, +26.772, +33.701, HR: +30.236, +26.772, +37.165 Max HR-Knee = +37.165 Min FL-HipY = +25.039 
[2025-06-10 18:42:56.549.166] [INFO  ] [Controller] [Joints] FL: +30.236, +26.772, +30.236 ,FR: +30.236, +26.772, +31.969, HL: 28.504, +26.772, +33.701, HR: +30.236, +26.772, +37.165 Max HR-Knee = +37.165 Min FL-HipY = +26.772 
[2025-06-10 18:42:56.557.656] [INFO  ] [Battery] SoC = 99%, Volt = +32.800V, Temp 25 
[2025-06-10 18:42:59.049.163] [INFO  ] [Controller] [Joints] FL: +30.236, +26.772, +30.236 ,FR: +30.236, +26.772, +31.969, HL: 30.236, +26.772, +33.701, HR: +30.236, +26.772, +37.165 Max HR-Knee = +37.165 Min FL-HipY = +26.772 
[2025-06-10 18:43:01.549.167] [INFO  ] [Controller] [Joints] FL: +30.236, +26.772, +30.236 ,FR: +30.236, +26.772, +31.969, HL: 30.236, +26.772, +35.433, HR: +30.236, +26.772, +37.165 Max HR-Knee = +37.165 Min FL-HipY = +26.772 
[2025-06-10 18:43:01.556.317] [INFO  ] [Battery] SoC = 99%, Volt = +32.800V, Temp 25 
[2025-06-10 18:43:04.049.165] [INFO  ] [Controller] [Joints] FL: +30.236, +26.772, +31.969 ,FR: +30.236, +26.772, +31.969, HL: 30.236, +26.772, +35.433, HR: +30.236, +26.772, +37.165 Max HR-Knee = +37.165 Min FL-HipY = +26.772 
[2025-06-10 18:43:06.549.161] [INFO  ] [Controller] [Joints] FL: +30.236, +26.772, +31.969 ,FR: +30.236, +26.772, +31.969, HL: 30.236, +26.772, +35.433, HR: +30.236, +26.772, +38.898 Max HR-Knee = +38.898 Min FL-HipY = +26.772 
[2025-06-10 18:43:06.554.858] [INFO  ] [Battery] SoC = 99%, Volt = +32.800V, Temp 25 
[2025-06-10 18:43:09.049.167] [INFO  ] [Controller] [Joints] FL: +30.236, +26.772, +31.969 ,FR: +30.236, +26.772, +31.969, HL: 30.236, +26.772, +35.433, HR: +30.236, +26.772, +38.898 Max HR-Knee = +38.898 Min FL-HipY = +26.772 
[2025-06-10 18:43:11.549.157] [INFO  ] [Controller] [Joints] FL: +30.236, +26.772, +31.969 ,FR: +30.236, +26.772, +31.969, HL: 30.236, +26.772, +35.433, HR: +30.236, +26.772, +38.898 Max HR-Knee = +38.898 Min FL-HipY = +26.772 
[2025-06-10 18:43:11.553.504] [INFO  ] [Battery] SoC = 99%, Volt = +32.800V, Temp 25 
[2025-06-10 18:43:14.049.159] [INFO  ] [Controller] [Joints] FL: +30.236, +26.772, +31.969 ,FR: +31.969, +26.772, +31.969, HL: 30.236, +26.772, +35.433, HR: +30.236, +26.772, +38.898 Max HR-Knee = +38.898 Min FL-HipY = +26.772 
[2025-06-10 18:43:16.549.161] [INFO  ] [Controller] [Joints] FL: +31.969, +26.772, +31.969 ,FR: +31.969, +26.772, +31.969, HL: 30.236, +26.772, +35.433, HR: +30.236, +26.772, +40.630 Max HR-Knee = +40.630 Min FL-HipY = +26.772 
[2025-06-10 18:43:16.552.097] [INFO  ] [Battery] SoC = 99%, Volt = +32.600V, Temp 25 
[2025-06-10 18:43:18.274.570] [INFO  ] [TVMPC] [trot]STOP!!! 
[2025-06-10 18:43:18.275.145] [INFO  ] [BasicMotion] Switching to force control mode, please wait... 
[2025-06-10 18:43:19.049.173] [INFO  ] [Controller] [Joints] FL: +31.969, +26.772, +31.969 ,FR: +31.969, +26.772, +31.969, HL: 30.236, +26.772, +37.165, HR: +30.236, +26.772, +40.630 Max HR-Knee = +40.630 Min FL-HipY = +26.772 
[2025-06-10 18:43:21.549.166] [INFO  ] [Controller] [Joints] FL: +31.969, +26.772, +31.969 ,FR: +31.969, +26.772, +31.969, HL: 30.236, +26.772, +37.165, HR: +30.236, +26.772, +40.630 Max HR-Knee = +40.630 Min FL-HipY = +26.772 
[2025-06-10 18:43:21.550.692] [INFO  ] [Battery] SoC = 98%, Volt = +32.800V, Temp 25 
[2025-06-10 18:43:24.049.176] [INFO  ] [Controller] [Joints] FL: +31.969, +26.772, +31.969 ,FR: +31.969, +26.772, +31.969, HL: 30.236, +26.772, +35.433, HR: +30.236, +26.772, +40.630 Max HR-Knee = +40.630 Min FL-HipY = +26.772 
[2025-06-10 18:43:24.657.181] [INFO  ] [TVMPC] JY is Moving... (tvmpc),  time: 126.432111 
[2025-06-10 18:43:26.549.169] [INFO  ] [Controller] [Joints] FL: +31.969, +26.772, +31.969 ,FR: +30.236, +26.772, +31.969, HL: 30.236, +26.772, +35.433, HR: +31.969, +26.772, +40.630 Max HR-Knee = +40.630 Min FL-HipY = +26.772 
[2025-06-10 18:43:26.549.346] [INFO  ] [Battery] SoC = 98%, Volt = +32.700V, Temp 25 
[2025-06-10 18:43:27.357.568] [INFO  ] [TVMPC] [trot]STOP!!! 
[2025-06-10 18:43:27.358.143] [INFO  ] [BasicMotion] Switching to force control mode, please wait... 
[2025-06-10 18:43:29.049.172] [INFO  ] [Controller] [Joints] FL: +31.969, +26.772, +31.969 ,FR: +30.236, +26.772, +31.969, HL: 30.236, +26.772, +35.433, HR: +31.969, +26.772, +38.898 Max HR-Knee = +38.898 Min FL-HipY = +26.772 
[2025-06-10 18:43:31.547.931] [INFO  ] [Battery] SoC = 98%, Volt = +32.800V, Temp 25 
[2025-06-10 18:43:31.549.144] [INFO  ] [Controller] [Joints] FL: +31.969, +26.772, +31.969 ,FR: +30.236, +26.772, +31.969, HL: 30.236, +26.772, +35.433, HR: +31.969, +26.772, +38.898 Max HR-Knee = +38.898 Min FL-HipY = +26.772 
[2025-06-10 18:43:34.049.169] [INFO  ] [Controller] [Joints] FL: +31.969, +26.772, +31.969 ,FR: +30.236, +26.772, +31.969, HL: 30.236, +26.772, +35.433, HR: +31.969, +26.772, +38.898 Max HR-Knee = +38.898 Min FL-HipY = +26.772 
[2025-06-10 18:43:36.546.594] [INFO  ] [Battery] SoC = 98%, Volt = +32.800V, Temp 25 
[2025-06-10 18:43:36.549.143] [INFO  ] [Controller] [Joints] FL: +31.969, +26.772, +31.969 ,FR: +30.236, +26.772, +31.969, HL: 30.236, +26.772, +35.433, HR: +31.969, +26.772, +38.898 Max HR-Knee = +38.898 Min FL-HipY = +26.772 
[2025-06-10 18:43:39.049.170] [INFO  ] [Controller] [Joints] FL: +31.969, +26.772, +31.969 ,FR: +30.236, +26.772, +31.969, HL: 31.969, +26.772, +35.433, HR: +33.701, +26.772, +38.898 Max HR-Knee = +38.898 Min FL-HipY = +26.772 
[2025-06-10 18:43:41.545.194] [INFO  ] [Battery] SoC = 98%, Volt = +32.800V, Temp 25 
[2025-06-10 18:43:41.549.204] [INFO  ] [Controller] [Joints] FL: +30.236, +26.772, +31.969 ,FR: +30.236, +26.772, +31.969, HL: 31.969, +26.772, +35.433, HR: +33.701, +26.772, +37.165 Max HR-Knee = +37.165 Min FL-HipY = +26.772 
[2025-06-10 18:43:44.049.169] [INFO  ] [Controller] [Joints] FL: +30.236, +26.772, +30.236 ,FR: +30.236, +26.772, +31.969, HL: 31.969, +26.772, +35.433, HR: +33.701, +26.772, +37.165 Max HR-Knee = +37.165 Min FL-HipY = +26.772 
[2025-06-10 18:43:46.543.866] [INFO  ] [Battery] SoC = 98%, Volt = +32.800V, Temp 25 
[2025-06-10 18:43:46.549.151] [INFO  ] [Controller] [Joints] FL: +30.236, +26.772, +30.236 ,FR: +30.236, +26.772, +31.969, HL: 31.969, +26.772, +35.433, HR: +33.701, +26.772, +37.165 Max HR-Knee = +37.165 Min FL-HipY = +26.772 
[2025-06-10 18:43:49.049.171] [INFO  ] [Controller] [Joints] FL: +30.236, +26.772, +30.236 ,FR: +30.236, +26.772, +31.969, HL: 31.969, +26.772, +35.433, HR: +33.701, +26.772, +35.433 Max HL-Knee = +35.433 Min FL-HipY = +26.772 
[2025-06-10 18:43:51.542.396] [INFO  ] [Battery] SoC = 98%, Volt = +32.800V, Temp 25 
[2025-06-10 18:43:51.549.145] [INFO  ] [Controller] [Joints] FL: +30.236, +26.772, +30.236 ,FR: +30.236, +26.772, +31.969, HL: 31.969, +26.772, +33.701, HR: +33.701, +26.772, +35.433 Max HR-Knee = +35.433 Min FL-HipY = +26.772 
[2025-06-10 18:43:54.049.172] [INFO  ] [Controller] [Joints] FL: +30.236, +26.772, +30.236 ,FR: +30.236, +26.772, +31.969, HL: 31.969, +26.772, +33.701, HR: +33.701, +26.772, +35.433 Max HR-Knee = +35.433 Min FL-HipY = +26.772 
[2025-06-10 18:43:56.541.019] [INFO  ] [Battery] SoC = 98%, Volt = +32.700V, Temp 25 
[2025-06-10 18:43:56.549.146] [INFO  ] [Controller] [Joints] FL: +30.236, +26.772, +30.236 ,FR: +30.236, +26.772, +31.969, HL: 31.969, +26.772, +33.701, HR: +35.433, +26.772, +35.433 Max HR-HipX = +35.433 Min FL-HipY = +26.772 
[2025-06-10 18:43:59.049.167] [INFO  ] [Controller] [Joints] FL: +30.236, +26.772, +30.236 ,FR: +30.236, +26.772, +31.969, HL: 31.969, +26.772, +33.701, HR: +35.433, +26.772, +35.433 Max HR-HipX = +35.433 Min FL-HipY = +26.772 
[2025-06-10 18:44:01.539.717] [INFO  ] [Battery] SoC = 98%, Volt = +32.700V, Temp 25 
[2025-06-10 18:44:01.549.154] [INFO  ] [Controller] [Joints] FL: +30.236, +26.772, +30.236 ,FR: +30.236, +26.772, +30.236, HL: 31.969, +26.772, +33.701, HR: +35.433, +26.772, +35.433 Max HR-HipX = +35.433 Min FL-HipY = +26.772 
[2025-06-10 18:44:04.049.174] [INFO  ] [Controller] [Joints] FL: +30.236, +26.772, +30.236 ,FR: +31.969, +26.772, +30.236, HL: 31.969, +26.772, +33.701, HR: +35.433, +26.772, +33.701 Max HR-HipX = +35.433 Min FL-HipY = +26.772 
[2025-06-10 18:44:06.538.327] [INFO  ] [Battery] SoC = 98%, Volt = +32.700V, Temp 25 
[2025-06-10 18:44:06.549.146] [INFO  ] [Controller] [Joints] FL: +30.236, +26.772, +30.236 ,FR: +31.969, +26.772, +30.236, HL: 33.701, +26.772, +33.701, HR: +35.433, +26.772, +33.701 Max HR-HipX = +35.433 Min FL-HipY = +26.772 
[2025-06-10 18:44:07.377.183] [INFO  ] [TVMPC] JY is Moving... (tvmpc),  time: 169.152112 
[2025-06-10 18:44:09.049.169] [INFO  ] [Controller] [Joints] FL: +30.236, +26.772, +30.236 ,FR: +31.969, +26.772, +30.236, HL: 33.701, +26.772, +33.701, HR: +35.433, +26.772, +33.701 Max HR-HipX = +35.433 Min FL-HipY = +26.772 
[2025-06-10 18:44:10.077.581] [INFO  ] [TVMPC] [trot]STOP!!! 
[2025-06-10 18:44:10.078.142] [INFO  ] [BasicMotion] Switching to force control mode, please wait... 
[2025-06-10 18:44:11.536.913] [INFO  ] [Battery] SoC = 98%, Volt = +32.700V, Temp 25 
[2025-06-10 18:44:11.549.148] [INFO  ] [Controller] [Joints] FL: +30.236, +26.772, +30.236 ,FR: +31.969, +26.772, +30.236, HL: 33.701, +26.772, +33.701, HR: +35.433, +26.772, +35.433 Max HR-HipX = +35.433 Min FL-HipY = +26.772 
[2025-06-10 18:44:14.049.175] [INFO  ] [Controller] [Joints] FL: +30.236, +26.772, +30.236 ,FR: +31.969, +26.772, +30.236, HL: 33.701, +26.772, +33.701, HR: +35.433, +26.772, +35.433 Max HR-HipX = +35.433 Min FL-HipY = +26.772 
[2025-06-10 18:44:16.535.612] [INFO  ] [Battery] SoC = 98%, Volt = +32.700V, Temp 25 
[2025-06-10 18:44:16.549.152] [INFO  ] [Controller] [Joints] FL: +30.236, +26.772, +30.236 ,FR: +31.969, +26.772, +30.236, HL: 33.701, +26.772, +33.701, HR: +35.433, +26.772, +35.433 Max HR-HipX = +35.433 Min FL-HipY = +26.772 
[2025-06-10 18:44:18.067.162] [INFO  ] [Controller] Switch to Twist Body Mode!!! 
[2025-06-10 18:44:19.049.175] [INFO  ] [Controller] [Joints] FL: +30.236, +26.772, +30.236 ,FR: +31.969, +26.772, +30.236, HL: 33.701, +26.772, +33.701, HR: +33.701, +26.772, +35.433 Max HR-Knee = +35.433 Min FL-HipY = +26.772 
[2025-06-10 18:44:21.534.357] [INFO  ] [Battery] SoC = 98%, Volt = +32.700V, Temp 25 
[2025-06-10 18:44:21.549.153] [INFO  ] [Controller] [Joints] FL: +30.236, +26.772, +30.236 ,FR: +31.969, +26.772, +30.236, HL: 33.701, +26.772, +33.701, HR: +33.701, +26.772, +35.433 Max HR-Knee = +35.433 Min FL-HipY = +26.772 
[2025-06-10 18:44:21.835.147] [INFO  ] [Controller] stand_cmd.... 
[2025-06-10 18:44:21.835.208] [INFO  ] [BasicMotion] Standing down, please wait... 
[2025-06-10 18:44:23.103.318] [INFO  ] [Controller] stand_cmd.... 
[2025-06-10 18:44:23.846.150] [INFO  ] [Controller] stand_cmd.... 
[2025-06-10 18:44:24.049.171] [INFO  ] [Controller] [Joints] FL: +30.236, +26.772, +30.236 ,FR: +30.236, +26.772, +30.236, HL: 33.701, +26.772, +33.701, HR: +33.701, +26.772, +35.433 Max HR-Knee = +35.433 Min FL-HipY = +26.772 
[2025-06-10 18:44:24.336.150] [INFO  ] [BasicMotion] Stand down action has finished, waitting to stand up again!!! 
[2025-06-10 18:44:24.777.146] [INFO  ] [Controller] stand_cmd.... 
[2025-06-10 18:44:24.777.195] [INFO  ] [BasicMotion] Standing up, please wait... 
[2025-06-10 18:44:26.533.092] [INFO  ] [Battery] SoC = 98%, Volt = +32.600V, Temp 25 
[2025-06-10 18:44:26.549.153] [INFO  ] [Controller] [Joints] FL: +30.236, +26.772, +30.236 ,FR: +30.236, +26.772, +30.236, HL: 33.701, +26.772, +33.701, HR: +33.701, +26.772, +35.433 Max HR-Knee = +35.433 Min FL-HipY = +26.772 
[2025-06-10 18:44:26.778.165] [INFO  ] [BasicMotion] Stand up action has finished, waitting to switch to force control mode! 
[2025-06-10 18:44:26.778.205] [INFO  ] [BasicMotion] Switching to force control mode, please wait... 
[2025-06-10 18:44:29.049.176] [INFO  ] [Controller] [Joints] FL: +30.236, +26.772, +30.236 ,FR: +30.236, +26.772, +30.236, HL: 33.701, +26.772, +33.701, HR: +33.701, +26.772, +35.433 Max HR-Knee = +35.433 Min FL-HipY = +26.772 
[2025-06-10 18:44:30.212.151] [INFO  ] [Controller] Switch to Move Mode!!! 
[2025-06-10 18:44:31.531.836] [INFO  ] [Battery] SoC = 98%, Volt = +32.600V, Temp 25 
[2025-06-10 18:44:31.549.146] [INFO  ] [Controller] [Joints] FL: +30.236, +26.772, +30.236 ,FR: +30.236, +26.772, +30.236, HL: 33.701, +26.772, +33.701, HR: +33.701, +26.772, +35.433 Max HR-Knee = +35.433 Min FL-HipY = +26.772 
[2025-06-10 18:44:33.010.148] [INFO  ] [Controller] trot run... 
[2025-06-10 18:44:33.389.146] [INFO  ] [Controller] trot run2... 
[2025-06-10 18:44:33.641.146] [INFO  ] [Controller] trot... 
[2025-06-10 18:44:34.049.172] [INFO  ] [Controller] [Joints] FL: +30.236, +26.772, +30.236 ,FR: +30.236, +26.772, +30.236, HL: 33.701, +26.772, +33.701, HR: +33.701, +26.772, +35.433 Max HR-Knee = +35.433 Min FL-HipY = +26.772 
[2025-06-10 18:44:34.261.145] [INFO  ] [Controller] trot run... 
[2025-06-10 18:44:34.878.146] [INFO  ] [Controller] trot run2... 
[2025-06-10 18:44:35.357.144] [INFO  ] [Controller] trot... 
[2025-06-10 18:44:36.090.195] [INFO  ] [TVMPC] JY is Moving... (tvmpc),  time: 197.865119 
[2025-06-10 18:44:36.530.522] [INFO  ] [Battery] SoC = 98%, Volt = +32.600V, Temp 25 
[2025-06-10 18:44:36.549.153] [INFO  ] [Controller] [Joints] FL: +30.236, +26.772, +30.236 ,FR: +30.236, +26.772, +30.236, HL: 35.433, +26.772, +33.701, HR: +33.701, +26.772, +35.433 Max HL-HipX = +35.433 Min FL-HipY = +26.772 
[2025-06-10 18:44:39.049.167] [INFO  ] [Controller] [Joints] FL: +30.236, +26.772, +30.236 ,FR: +30.236, +26.772, +30.236, HL: 35.433, +26.772, +33.701, HR: +33.701, +26.772, +35.433 Max HL-HipX = +35.433 Min FL-HipY = +26.772 
[2025-06-10 18:44:40.140.611] [INFO  ] [TVMPC] [trot]STOP!!! 
[2025-06-10 18:44:40.141.148] [INFO  ] [BasicMotion] Switching to force control mode, please wait... 
[2025-06-10 18:44:41.529.178] [INFO  ] [Battery] SoC = 98%, Volt = +32.700V, Temp 25 
[2025-06-10 18:44:41.549.152] [INFO  ] [Controller] [Joints] FL: +30.236, +26.772, +30.236 ,FR: +30.236, +26.772, +30.236, HL: 35.433, +26.772, +35.433, HR: +33.701, +26.772, +35.433 Max HL-HipX = +35.433 Min FL-HipY = +26.772 
[2025-06-10 18:44:44.049.169] [INFO  ] [Controller] [Joints] FL: +30.236, +26.772, +30.236 ,FR: +30.236, +26.772, +31.969, HL: 35.433, +26.772, +35.433, HR: +33.701, +26.772, +35.433 Max HL-HipX = +35.433 Min FL-HipY = +26.772 
[2025-06-10 18:44:46.527.713] [INFO  ] [Battery] SoC = 98%, Volt = +32.700V, Temp 25 
[2025-06-10 18:44:46.549.149] [INFO  ] [Controller] [Joints] FL: +30.236, +26.772, +30.236 ,FR: +30.236, +26.772, +31.969, HL: 35.433, +26.772, +35.433, HR: +33.701, +26.772, +37.165 Max HR-Knee = +37.165 Min FL-HipY = +26.772 
[2025-06-10 18:44:49.049.173] [INFO  ] [Controller] [Joints] FL: +30.236, +26.772, +30.236 ,FR: +30.236, +26.772, +31.969, HL: 35.433, +26.772, +33.701, HR: +33.701, +26.772, +37.165 Max HR-Knee = +37.165 Min FL-HipY = +26.772 
[2025-06-10 18:44:51.526.569] [INFO  ] [Battery] SoC = 97%, Volt = +32.700V, Temp 25 
[2025-06-10 18:44:51.549.155] [INFO  ] [Controller] [Joints] FL: +30.236, +26.772, +30.236 ,FR: +30.236, +26.772, +30.236, HL: 35.433, +26.772, +33.701, HR: +33.701, +26.772, +37.165 Max HR-Knee = +37.165 Min FL-HipY = +26.772 
[2025-06-10 18:44:54.049.172] [INFO  ] [Controller] [Joints] FL: +30.236, +26.772, +30.236 ,FR: +30.236, +26.772, +30.236, HL: 35.433, +26.772, +33.701, HR: +33.701, +26.772, +37.165 Max HR-Knee = +37.165 Min FL-HipY = +26.772 
[2025-06-10 18:44:56.524.925] [INFO  ] [Battery] SoC = 97%, Volt = +32.700V, Temp 25 
[2025-06-10 18:44:56.549.153] [INFO  ] [Controller] [Joints] FL: +30.236, +26.772, +30.236 ,FR: +30.236, +26.772, +30.236, HL: 35.433, +26.772, +33.701, HR: +33.701, +26.772, +37.165 Max HR-Knee = +37.165 Min FL-HipY = +26.772 
[2025-06-10 18:44:59.049.167] [INFO  ] [Controller] [Joints] FL: +31.969, +26.772, +30.236 ,FR: +30.236, +26.772, +30.236, HL: 35.433, +26.772, +33.701, HR: +33.701, +26.772, +37.165 Max HR-Knee = +37.165 Min FL-HipY = +26.772 
[2025-06-10 18:45:01.523.338] [INFO  ] [Battery] SoC = 97%, Volt = +32.700V, Temp 25 
[2025-06-10 18:45:01.549.151] [INFO  ] [Controller] [Joints] FL: +31.969, +26.772, +30.236 ,FR: +30.236, +26.772, +30.236, HL: 35.433, +26.772, +31.969, HR: +33.701, +26.772, +37.165 Max HR-Knee = +37.165 Min FL-HipY = +26.772 
[2025-06-10 18:45:04.049.170] [INFO  ] [Controller] [Joints] FL: +31.969, +26.772, +30.236 ,FR: +30.236, +26.772, +30.236, HL: 35.433, +26.772, +31.969, HR: +33.701, +26.772, +38.898 Max HR-Knee = +38.898 Min FL-HipY = +26.772 
[2025-06-10 18:45:06.521.848] [INFO  ] [Battery] SoC = 97%, Volt = +32.700V, Temp 25 
[2025-06-10 18:45:06.549.151] [INFO  ] [Controller] [Joints] FL: +31.969, +26.772, +28.504 ,FR: +30.236, +26.772, +30.236, HL: 35.433, +26.772, +31.969, HR: +33.701, +26.772, +38.898 Max HR-Knee = +38.898 Min FL-HipY = +26.772 
[2025-06-10 18:45:09.049.172] [INFO  ] [Controller] [Joints] FL: +31.969, +26.772, +28.504 ,FR: +30.236, +26.772, +30.236, HL: 35.433, +26.772, +31.969, HR: +33.701, +26.772, +38.898 Max HR-Knee = +38.898 Min FL-HipY = +26.772 
[2025-06-10 18:45:11.520.330] [INFO  ] [Battery] SoC = 97%, Volt = +32.700V, Temp 25 
[2025-06-10 18:45:11.549.158] [INFO  ] [Controller] [Joints] FL: +31.969, +26.772, +28.504 ,FR: +30.236, +26.772, +30.236, HL: 35.433, +26.772, +31.969, HR: +33.701, +26.772, +38.898 Max HR-Knee = +38.898 Min FL-HipY = +26.772 
[2025-06-10 18:45:14.049.226] [INFO  ] [Controller] [Joints] FL: +31.969, +26.772, +28.504 ,FR: +30.236, +26.772, +30.236, HL: 35.433, +26.772, +31.969, HR: +33.701, +26.772, +38.898 Max HR-Knee = +38.898 Min FL-HipY = +26.772 
[2025-06-10 18:45:16.518.838] [INFO  ] [Battery] SoC = 97%, Volt = +32.600V, Temp 25 
[2025-06-10 18:45:16.549.170] [INFO  ] [Controller] [Joints] FL: +31.969, +26.772, +28.504 ,FR: +30.236, +26.772, +30.236, HL: 35.433, +26.772, +31.969, HR: +33.701, +26.772, +38.898 Max HR-Knee = +38.898 Min FL-HipY = +26.772 
[2025-06-10 18:45:19.049.175] [INFO  ] [Controller] [Joints] FL: +31.969, +26.772, +28.504 ,FR: +30.236, +26.772, +30.236, HL: 35.433, +26.772, +31.969, HR: +33.701, +26.772, +38.898 Max HR-Knee = +38.898 Min FL-HipY = +26.772 
[2025-06-10 18:45:21.517.364] [INFO  ] [Battery] SoC = 97%, Volt = +32.600V, Temp 25 
[2025-06-10 18:45:21.549.172] [INFO  ] [Controller] [Joints] FL: +31.969, +26.772, +28.504 ,FR: +30.236, +26.772, +30.236, HL: 35.433, +26.772, +31.969, HR: +33.701, +26.772, +38.898 Max HR-Knee = +38.898 Min FL-HipY = +26.772 
[2025-06-10 18:45:24.049.179] [INFO  ] [Controller] [Joints] FL: +31.969, +26.772, +28.504 ,FR: +30.236, +26.772, +30.236, HL: 35.433, +26.772, +31.969, HR: +33.701, +26.772, +38.898 Max HR-Knee = +38.898 Min FL-HipY = +26.772 
[2025-06-10 18:45:26.515.993] [INFO  ] [Battery] SoC = 97%, Volt = +32.600V, Temp 25 
[2025-06-10 18:45:26.549.166] [INFO  ] [Controller] [Joints] FL: +31.969, +26.772, +28.504 ,FR: +30.236, +26.772, +30.236, HL: 35.433, +26.772, +30.236, HR: +33.701, +26.772, +38.898 Max HR-Knee = +38.898 Min FL-HipY = +26.772 
[2025-06-10 18:45:29.049.178] [INFO  ] [Controller] [Joints] FL: +31.969, +26.772, +28.504 ,FR: +30.236, +26.772, +30.236, HL: 35.433, +26.772, +30.236, HR: +33.701, +26.772, +38.898 Max HR-Knee = +38.898 Min FL-HipY = +26.772 
[2025-06-10 18:45:31.514.552] [INFO  ] [Battery] SoC = 97%, Volt = +32.600V, Temp 25 
[2025-06-10 18:45:31.549.164] [INFO  ] [Controller] [Joints] FL: +31.969, +26.772, +28.504 ,FR: +30.236, +26.772, +30.236, HL: 35.433, +26.772, +30.236, HR: +33.701, +26.772, +38.898 Max HR-Knee = +38.898 Min FL-HipY = +26.772 
[2025-06-10 18:45:34.049.171] [INFO  ] [Controller] [Joints] FL: +31.969, +26.772, +28.504 ,FR: +30.236, +26.772, +30.236, HL: 35.433, +26.772, +30.236, HR: +33.701, +26.772, +38.898 Max HR-Knee = +38.898 Min FL-HipY = +26.772 
[2025-06-10 18:45:36.513.271] [INFO  ] [Battery] SoC = 97%, Volt = +32.600V, Temp 25 
[2025-06-10 18:45:36.549.167] [INFO  ] [Controller] [Joints] FL: +31.969, +26.772, +28.504 ,FR: +30.236, +26.772, +30.236, HL: 35.433, +26.772, +30.236, HR: +33.701, +26.772, +40.630 Max HR-Knee = +40.630 Min FL-HipY = +26.772 
[2025-06-10 18:45:39.049.171] [INFO  ] [Controller] [Joints] FL: +31.969, +26.772, +28.504 ,FR: +30.236, +26.772, +30.236, HL: 35.433, +26.772, +30.236, HR: +33.701, +26.772, +40.630 Max HR-Knee = +40.630 Min FL-HipY = +26.772 
[2025-06-10 18:45:41.511.996] [INFO  ] [Battery] SoC = 97%, Volt = +32.600V, Temp 25 
[2025-06-10 18:45:41.549.165] [INFO  ] [Controller] [Joints] FL: +31.969, +26.772, +28.504 ,FR: +30.236, +26.772, +30.236, HL: 35.433, +26.772, +30.236, HR: +33.701, +26.772, +40.630 Max HR-Knee = +40.630 Min FL-HipY = +26.772 
[2025-06-10 18:45:44.049.172] [INFO  ] [Controller] [Joints] FL: +31.969, +26.772, +28.504 ,FR: +30.236, +26.772, +30.236, HL: 35.433, +26.772, +30.236, HR: +33.701, +26.772, +40.630 Max HR-Knee = +40.630 Min FL-HipY = +26.772 
[2025-06-10 18:45:46.510.753] [INFO  ] [Battery] SoC = 97%, Volt = +32.600V, Temp 25 
[2025-06-10 18:45:46.549.170] [INFO  ] [Controller] [Joints] FL: +31.969, +26.772, +28.504 ,FR: +30.236, +26.772, +30.236, HL: 35.433, +26.772, +30.236, HR: +33.701, +26.772, +40.630 Max HR-Knee = +40.630 Min FL-HipY = +26.772 
[2025-06-10 18:45:49.049.169] [INFO  ] [Controller] [Joints] FL: +31.969, +26.772, +28.504 ,FR: +30.236, +26.772, +30.236, HL: 35.433, +26.772, +30.236, HR: +33.701, +26.772, +40.630 Max HR-Knee = +40.630 Min FL-HipY = +26.772 
[2025-06-10 18:45:51.509.564] [INFO  ] [Battery] SoC = 97%, Volt = +32.600V, Temp 25 
[2025-06-10 18:45:51.549.169] [INFO  ] [Controller] [Joints] FL: +31.969, +26.772, +28.504 ,FR: +30.236, +26.772, +30.236, HL: 35.433, +26.772, +30.236, HR: +33.701, +26.772, +40.630 Max HR-Knee = +40.630 Min FL-HipY = +26.772 
[2025-06-10 18:45:54.049.170] [INFO  ] [Controller] [Joints] FL: +33.701, +26.772, +28.504 ,FR: +30.236, +26.772, +30.236, HL: 35.433, +26.772, +30.236, HR: +33.701, +26.772, +40.630 Max HR-Knee = +40.630 Min FL-HipY = +26.772 
[2025-06-10 18:45:56.508.318] [INFO  ] [Battery] SoC = 97%, Volt = +32.600V, Temp 25 
[2025-06-10 18:45:56.549.168] [INFO  ] [Controller] [Joints] FL: +33.701, +26.772, +28.504 ,FR: +30.236, +26.772, +30.236, HL: 35.433, +26.772, +30.236, HR: +33.701, +26.772, +40.630 Max HR-Knee = +40.630 Min FL-HipY = +26.772 
[2025-06-10 18:45:59.049.169] [INFO  ] [Controller] [Joints] FL: +33.701, +26.772, +28.504 ,FR: +30.236, +26.772, +30.236, HL: 35.433, +26.772, +30.236, HR: +33.701, +26.772, +40.630 Max HR-Knee = +40.630 Min FL-HipY = +26.772 
[2025-06-10 18:46:01.507.069] [INFO  ] [Battery] SoC = 97%, Volt = +32.600V, Temp 25 
[2025-06-10 18:46:01.549.160] [INFO  ] [Controller] [Joints] FL: +33.701, +26.772, +28.504 ,FR: +30.236, +26.772, +30.236, HL: 35.433, +26.772, +30.236, HR: +33.701, +26.772, +40.630 Max HR-Knee = +40.630 Min FL-HipY = +26.772 
[2025-06-10 18:46:04.049.165] [INFO  ] [Controller] [Joints] FL: +33.701, +26.772, +28.504 ,FR: +30.236, +26.772, +30.236, HL: 35.433, +26.772, +30.236, HR: +33.701, +26.772, +40.630 Max HR-Knee = +40.630 Min FL-HipY = +26.772 
[2025-06-10 18:46:06.505.835] [INFO  ] [Battery] SoC = 97%, Volt = +32.600V, Temp 25 
[2025-06-10 18:46:06.549.171] [INFO  ] [Controller] [Joints] FL: +33.701, +26.772, +28.504 ,FR: +30.236, +26.772, +30.236, HL: 35.433, +26.772, +30.236, HR: +33.701, +26.772, +40.630 Max HR-Knee = +40.630 Min FL-HipY = +26.772 
[2025-06-10 18:46:09.049.171] [INFO  ] [Controller] [Joints] FL: +33.701, +26.772, +28.504 ,FR: +30.236, +26.772, +30.236, HL: 35.433, +26.772, +30.236, HR: +35.433, +26.772, +40.630 Max HR-Knee = +40.630 Min FL-HipY = +26.772 
[2025-06-10 18:46:11.504.489] [INFO  ] [Battery] SoC = 97%, Volt = +32.600V, Temp 25 
[2025-06-10 18:46:11.549.169] [INFO  ] [Controller] [Joints] FL: +33.701, +26.772, +28.504 ,FR: +30.236, +26.772, +30.236, HL: 35.433, +26.772, +30.236, HR: +35.433, +26.772, +40.630 Max HR-Knee = +40.630 Min FL-HipY = +26.772 
[2025-06-10 18:46:14.049.173] [INFO  ] [Controller] [Joints] FL: +33.701, +26.772, +28.504 ,FR: +30.236, +26.772, +30.236, HL: 35.433, +26.772, +30.236, HR: +35.433, +26.772, +40.630 Max HR-Knee = +40.630 Min FL-HipY = +26.772 
[2025-06-10 18:46:16.503.199] [INFO  ] [Battery] SoC = 97%, Volt = +32.600V, Temp 25 
[2025-06-10 18:46:16.549.199] [INFO  ] [Controller] [Joints] FL: +33.701, +26.772, +28.504 ,FR: +30.236, +26.772, +30.236, HL: 35.433, +26.772, +30.236, HR: +35.433, +26.772, +40.630 Max HR-Knee = +40.630 Min FL-HipY = +26.772 
[2025-06-10 18:46:19.049.173] [INFO  ] [Controller] [Joints] FL: +33.701, +26.772, +28.504 ,FR: +30.236, +26.772, +30.236, HL: 35.433, +26.772, +30.236, HR: +35.433, +26.772, +40.630 Max HR-Knee = +40.630 Min FL-HipY = +26.772 
[2025-06-10 18:46:21.501.870] [INFO  ] [Battery] SoC = 97%, Volt = +32.600V, Temp 25 
[2025-06-10 18:46:21.549.170] [INFO  ] [Controller] [Joints] FL: +33.701, +26.772, +28.504 ,FR: +30.236, +26.772, +30.236, HL: 35.433, +26.772, +30.236, HR: +35.433, +26.772, +40.630 Max HR-Knee = +40.630 Min FL-HipY = +26.772 
[2025-06-10 18:46:24.049.172] [INFO  ] [Controller] [Joints] FL: +33.701, +26.772, +28.504 ,FR: +30.236, +26.772, +30.236, HL: 35.433, +26.772, +30.236, HR: +35.433, +26.772, +40.630 Max HR-Knee = +40.630 Min FL-HipY = +26.772 
[2025-06-10 18:46:26.500.435] [INFO  ] [Battery] SoC = 97%, Volt = +32.600V, Temp 25 
[2025-06-10 18:46:26.549.168] [INFO  ] [Controller] [Joints] FL: +33.701, +26.772, +28.504 ,FR: +30.236, +26.772, +30.236, HL: 35.433, +26.772, +30.236, HR: +35.433, +26.772, +40.630 Max HR-Knee = +40.630 Min FL-HipY = +26.772 
[2025-06-10 18:46:29.049.165] [INFO  ] [Controller] [Joints] FL: +33.701, +26.772, +28.504 ,FR: +31.969, +26.772, +30.236, HL: 35.433, +26.772, +30.236, HR: +35.433, +26.772, +40.630 Max HR-Knee = +40.630 Min FL-HipY = +26.772 
[2025-06-10 18:46:31.499.112] [INFO  ] [Battery] SoC = 97%, Volt = +32.600V, Temp 25 
[2025-06-10 18:46:31.549.169] [INFO  ] [Controller] [Joints] FL: +33.701, +26.772, +28.504 ,FR: +31.969, +26.772, +30.236, HL: 35.433, +26.772, +30.236, HR: +35.433, +26.772, +40.630 Max HR-Knee = +40.630 Min FL-HipY = +26.772 
[2025-06-10 18:46:34.049.172] [INFO  ] [Controller] [Joints] FL: +33.701, +26.772, +28.504 ,FR: +31.969, +26.772, +30.236, HL: 35.433, +26.772, +30.236, HR: +35.433, +26.772, +40.630 Max HR-Knee = +40.630 Min FL-HipY = +26.772 
[2025-06-10 18:46:36.497.750] [INFO  ] [Battery] SoC = 96%, Volt = +32.600V, Temp 25 
[2025-06-10 18:46:36.549.174] [INFO  ] [Controller] [Joints] FL: +33.701, +26.772, +28.504 ,FR: +31.969, +26.772, +30.236, HL: 35.433, +26.772, +30.236, HR: +35.433, +26.772, +40.630 Max HR-Knee = +40.630 Min FL-HipY = +26.772 
[2025-06-10 18:46:39.049.170] [INFO  ] [Controller] [Joints] FL: +33.701, +26.772, +28.504 ,FR: +31.969, +26.772, +30.236, HL: 35.433, +26.772, +30.236, HR: +35.433, +26.772, +40.630 Max HR-Knee = +40.630 Min FL-HipY = +26.772 
[2025-06-10 18:46:41.496.348] [INFO  ] [Battery] SoC = 96%, Volt = +32.600V, Temp 25 
[2025-06-10 18:46:41.549.166] [INFO  ] [Controller] [Joints] FL: +33.701, +26.772, +28.504 ,FR: +31.969, +26.772, +30.236, HL: 35.433, +26.772, +30.236, HR: +35.433, +26.772, +40.630 Max HR-Knee = +40.630 Min FL-HipY = +26.772 
[2025-06-10 18:46:44.049.169] [INFO  ] [Controller] [Joints] FL: +33.701, +26.772, +28.504 ,FR: +31.969, +26.772, +30.236, HL: 35.433, +26.772, +30.236, HR: +35.433, +26.772, +40.630 Max HR-Knee = +40.630 Min FL-HipY = +26.772 
[2025-06-10 18:46:46.494.980] [INFO  ] [Battery] SoC = 96%, Volt = +32.600V, Temp 25 
[2025-06-10 18:46:46.549.173] [INFO  ] [Controller] [Joints] FL: +33.701, +26.772, +28.504 ,FR: +31.969, +26.772, +30.236, HL: 35.433, +26.772, +30.236, HR: +35.433, +26.772, +40.630 Max HR-Knee = +40.630 Min FL-HipY = +26.772 
[2025-06-10 18:46:49.049.169] [INFO  ] [Controller] [Joints] FL: +33.701, +26.772, +28.504 ,FR: +31.969, +26.772, +30.236, HL: 35.433, +26.772, +30.236, HR: +35.433, +26.772, +40.630 Max HR-Knee = +40.630 Min FL-HipY = +26.772 
[2025-06-10 18:46:51.493.534] [INFO  ] [Battery] SoC = 96%, Volt = +32.600V, Temp 25 
[2025-06-10 18:46:51.549.172] [INFO  ] [Controller] [Joints] FL: +33.701, +26.772, +28.504 ,FR: +31.969, +26.772, +30.236, HL: 35.433, +26.772, +30.236, HR: +35.433, +26.772, +40.630 Max HR-Knee = +40.630 Min FL-HipY = +26.772 
[2025-06-10 18:46:54.049.174] [INFO  ] [Controller] [Joints] FL: +33.701, +26.772, +28.504 ,FR: +31.969, +26.772, +30.236, HL: 35.433, +26.772, +30.236, HR: +35.433, +26.772, +40.630 Max HR-Knee = +40.630 Min FL-HipY = +26.772 
[2025-06-10 18:46:56.492.103] [INFO  ] [Battery] SoC = 96%, Volt = +32.600V, Temp 25 
[2025-06-10 18:46:56.549.170] [INFO  ] [Controller] [Joints] FL: +33.701, +26.772, +28.504 ,FR: +31.969, +26.772, +31.969, HL: 35.433, +26.772, +30.236, HR: +35.433, +26.772, +40.630 Max HR-Knee = +40.630 Min FL-HipY = +26.772 
[2025-06-10 18:46:59.049.165] [INFO  ] [Controller] [Joints] FL: +33.701, +26.772, +28.504 ,FR: +31.969, +26.772, +30.236, HL: 35.433, +26.772, +30.236, HR: +35.433, +26.772, +40.630 Max HR-Knee = +40.630 Min FL-HipY = +26.772 
[2025-06-10 18:47:01.490.684] [INFO  ] [Battery] SoC = 96%, Volt = +32.600V, Temp 25 
[2025-06-10 18:47:01.549.163] [INFO  ] [Controller] [Joints] FL: +33.701, +26.772, +28.504 ,FR: +31.969, +26.772, +30.236, HL: 35.433, +26.772, +30.236, HR: +35.433, +26.772, +40.630 Max HR-Knee = +40.630 Min FL-HipY = +26.772 
[2025-06-10 18:47:04.049.163] [INFO  ] [Controller] [Joints] FL: +33.701, +26.772, +28.504 ,FR: +31.969, +26.772, +31.969, HL: 35.433, +26.772, +30.236, HR: +35.433, +26.772, +40.630 Max HR-Knee = +40.630 Min FL-HipY = +26.772 
[2025-06-10 18:47:06.489.380] [INFO  ] [Battery] SoC = 96%, Volt = +32.600V, Temp 25 
[2025-06-10 18:47:06.549.166] [INFO  ] [Controller] [Joints] FL: +33.701, +26.772, +28.504 ,FR: +31.969, +26.772, +30.236, HL: 35.433, +26.772, +30.236, HR: +35.433, +26.772, +40.630 Max HR-Knee = +40.630 Min FL-HipY = +26.772 
[2025-06-10 18:47:09.049.167] [INFO  ] [Controller] [Joints] FL: +33.701, +26.772, +28.504 ,FR: +31.969, +26.772, +30.236, HL: 35.433, +26.772, +30.236, HR: +35.433, +26.772, +40.630 Max HR-Knee = +40.630 Min FL-HipY = +26.772 
[2025-06-10 18:47:11.488.101] [INFO  ] [Battery] SoC = 96%, Volt = +32.600V, Temp 25 
[2025-06-10 18:47:11.549.178] [INFO  ] [Controller] [Joints] FL: +33.701, +26.772, +28.504 ,FR: +31.969, +26.772, +31.969, HL: 35.433, +26.772, +30.236, HR: +35.433, +26.772, +40.630 Max HR-Knee = +40.630 Min FL-HipY = +26.772 
[2025-06-10 18:47:14.049.175] [INFO  ] [Controller] [Joints] FL: +33.701, +26.772, +28.504 ,FR: +31.969, +26.772, +31.969, HL: 35.433, +26.772, +30.236, HR: +35.433, +26.772, +40.630 Max HR-Knee = +40.630 Min FL-HipY = +26.772 
[2025-06-10 18:47:16.486.713] [INFO  ] [Battery] SoC = 96%, Volt = +32.500V, Temp 25 
[2025-06-10 18:47:16.549.176] [INFO  ] [Controller] [Joints] FL: +33.701, +26.772, +28.504 ,FR: +31.969, +26.772, +31.969, HL: 35.433, +26.772, +30.236, HR: +35.433, +26.772, +40.630 Max HR-Knee = +40.630 Min FL-HipY = +26.772 
[2025-06-10 18:47:19.049.180] [INFO  ] [Controller] [Joints] FL: +33.701, +26.772, +28.504 ,FR: +31.969, +26.772, +31.969, HL: 35.433, +26.772, +30.236, HR: +35.433, +26.772, +40.630 Max HR-Knee = +40.630 Min FL-HipY = +26.772 
[2025-06-10 18:47:21.485.450] [INFO  ] [Battery] SoC = 96%, Volt = +32.500V, Temp 25 
[2025-06-10 18:47:21.549.172] [INFO  ] [Controller] [Joints] FL: +33.701, +26.772, +28.504 ,FR: +31.969, +26.772, +31.969, HL: 35.433, +26.772, +30.236, HR: +35.433, +26.772, +40.630 Max HR-Knee = +40.630 Min FL-HipY = +26.772 
[2025-06-10 18:47:24.049.167] [INFO  ] [Controller] [Joints] FL: +33.701, +26.772, +28.504 ,FR: +31.969, +26.772, +31.969, HL: 35.433, +26.772, +30.236, HR: +35.433, +26.772, +40.630 Max HR-Knee = +40.630 Min FL-HipY = +26.772 
[2025-06-10 18:47:26.484.114] [INFO  ] [Battery] SoC = 96%, Volt = +32.500V, Temp 25 
[2025-06-10 18:47:26.549.172] [INFO  ] [Controller] [Joints] FL: +33.701, +26.772, +28.504 ,FR: +31.969, +26.772, +31.969, HL: 35.433, +26.772, +30.236, HR: +35.433, +26.772, +40.630 Max HR-Knee = +40.630 Min FL-HipY = +26.772 
[2025-06-10 18:47:29.049.166] [INFO  ] [Controller] [Joints] FL: +33.701, +26.772, +28.504 ,FR: +31.969, +26.772, +31.969, HL: 35.433, +26.772, +30.236, HR: +35.433, +26.772, +40.630 Max HR-Knee = +40.630 Min FL-HipY = +26.772 
[2025-06-10 18:47:31.482.872] [INFO  ] [Battery] SoC = 96%, Volt = +32.500V, Temp 25 
[2025-06-10 18:47:31.549.167] [INFO  ] [Controller] [Joints] FL: +33.701, +26.772, +28.504 ,FR: +31.969, +26.772, +31.969, HL: 35.433, +26.772, +30.236, HR: +35.433, +26.772, +40.630 Max HR-Knee = +40.630 Min FL-HipY = +26.772 
[2025-06-10 18:47:34.049.171] [INFO  ] [Controller] [Joints] FL: +33.701, +26.772, +28.504 ,FR: +31.969, +26.772, +31.969, HL: 35.433, +26.772, +30.236, HR: +35.433, +26.772, +40.630 Max HR-Knee = +40.630 Min FL-HipY = +26.772 
[2025-06-10 18:47:36.481.780] [INFO  ] [Battery] SoC = 96%, Volt = +32.500V, Temp 25 
[2025-06-10 18:47:36.549.166] [INFO  ] [Controller] [Joints] FL: +33.701, +26.772, +28.504 ,FR: +31.969, +26.772, +31.969, HL: 37.165, +26.772, +30.236, HR: +35.433, +26.772, +40.630 Max HR-Knee = +40.630 Min FL-HipY = +26.772 
[2025-06-10 18:47:39.049.169] [INFO  ] [Controller] [Joints] FL: +33.701, +26.772, +28.504 ,FR: +31.969, +26.772, +31.969, HL: 37.165, +26.772, +30.236, HR: +35.433, +26.772, +40.630 Max HR-Knee = +40.630 Min FL-HipY = +26.772 
[2025-06-10 18:47:41.480.605] [INFO  ] [Battery] SoC = 96%, Volt = +32.500V, Temp 25 
[2025-06-10 18:47:41.549.170] [INFO  ] [Controller] [Joints] FL: +33.701, +26.772, +28.504 ,FR: +31.969, +26.772, +31.969, HL: 37.165, +26.772, +30.236, HR: +35.433, +26.772, +42.362 Max HR-Knee = +42.362 Min FL-HipY = +26.772 
[2025-06-10 18:47:44.049.173] [INFO  ] [Controller] [Joints] FL: +33.701, +26.772, +28.504 ,FR: +31.969, +26.772, +31.969, HL: 37.165, +26.772, +30.236, HR: +35.433, +26.772, +42.362 Max HR-Knee = +42.362 Min FL-HipY = +26.772 
[2025-06-10 18:47:46.479.624] [INFO  ] [Battery] SoC = 96%, Volt = +32.500V, Temp 25 
[2025-06-10 18:47:46.549.171] [INFO  ] [Controller] [Joints] FL: +33.701, +26.772, +28.504 ,FR: +31.969, +26.772, +31.969, HL: 37.165, +26.772, +30.236, HR: +35.433, +26.772, +42.362 Max HR-Knee = +42.362 Min FL-HipY = +26.772 
[2025-06-10 18:47:49.049.172] [INFO  ] [Controller] [Joints] FL: +33.701, +26.772, +28.504 ,FR: +31.969, +26.772, +31.969, HL: 37.165, +26.772, +30.236, HR: +35.433, +26.772, +42.362 Max HR-Knee = +42.362 Min FL-HipY = +26.772 
[2025-06-10 18:47:51.478.667] [INFO  ] [Battery] SoC = 96%, Volt = +32.500V, Temp 25 
[2025-06-10 18:47:51.549.164] [INFO  ] [Controller] [Joints] FL: +33.701, +26.772, +28.504 ,FR: +31.969, +26.772, +31.969, HL: 37.165, +26.772, +30.236, HR: +35.433, +26.772, +42.362 Max HR-Knee = +42.362 Min FL-HipY = +26.772 
[2025-06-10 18:47:54.049.172] [INFO  ] [Controller] [Joints] FL: +33.701, +26.772, +28.504 ,FR: +31.969, +26.772, +31.969, HL: 37.165, +26.772, +30.236, HR: +35.433, +26.772, +42.362 Max HR-Knee = +42.362 Min FL-HipY = +26.772 
[2025-06-10 18:47:56.477.593] [INFO  ] [Battery] SoC = 96%, Volt = +32.500V, Temp 25 
[2025-06-10 18:47:56.549.165] [INFO  ] [Controller] [Joints] FL: +33.701, +26.772, +28.504 ,FR: +31.969, +26.772, +31.969, HL: 37.165, +26.772, +30.236, HR: +35.433, +26.772, +42.362 Max HR-Knee = +42.362 Min FL-HipY = +26.772 
[2025-06-10 18:47:59.049.183] [INFO  ] [Controller] [Joints] FL: +33.701, +26.772, +28.504 ,FR: +31.969, +26.772, +31.969, HL: 37.165, +26.772, +30.236, HR: +35.433, +26.772, +42.362 Max HR-Knee = +42.362 Min FL-HipY = +26.772 
[2025-06-10 18:48:01.476.428] [INFO  ] [Battery] SoC = 96%, Volt = +32.500V, Temp 25 
[2025-06-10 18:48:01.549.173] [INFO  ] [Controller] [Joints] FL: +33.701, +26.772, +28.504 ,FR: +31.969, +26.772, +31.969, HL: 37.165, +26.772, +30.236, HR: +35.433, +26.772, +42.362 Max HR-Knee = +42.362 Min FL-HipY = +26.772 
[2025-06-10 18:48:04.049.174] [INFO  ] [Controller] [Joints] FL: +33.701, +26.772, +28.504 ,FR: +31.969, +26.772, +31.969, HL: 37.165, +26.772, +30.236, HR: +37.165, +26.772, +42.362 Max HR-Knee = +42.362 Min FL-HipY = +26.772 
[2025-06-10 18:48:06.475.196] [INFO  ] [Battery] SoC = 96%, Volt = +32.500V, Temp 25 
[2025-06-10 18:48:06.549.170] [INFO  ] [Controller] [Joints] FL: +33.701, +26.772, +28.504 ,FR: +31.969, +26.772, +31.969, HL: 37.165, +26.772, +31.969, HR: +37.165, +26.772, +42.362 Max HR-Knee = +42.362 Min FL-HipY = +26.772 
[2025-06-10 18:48:09.049.173] [INFO  ] [Controller] [Joints] FL: +33.701, +26.772, +28.504 ,FR: +31.969, +26.772, +31.969, HL: 37.165, +26.772, +31.969, HR: +37.165, +26.772, +42.362 Max HR-Knee = +42.362 Min FL-HipY = +26.772 
[2025-06-10 18:48:11.474.021] [INFO  ] [Battery] SoC = 96%, Volt = +32.500V, Temp 25 
[2025-06-10 18:48:11.549.171] [INFO  ] [Controller] [Joints] FL: +33.701, +26.772, +28.504 ,FR: +31.969, +26.772, +31.969, HL: 37.165, +26.772, +31.969, HR: +37.165, +26.772, +42.362 Max HR-Knee = +42.362 Min FL-HipY = +26.772 
[2025-06-10 18:48:14.049.174] [INFO  ] [Controller] [Joints] FL: +33.701, +26.772, +28.504 ,FR: +31.969, +26.772, +31.969, HL: 37.165, +26.772, +31.969, HR: +37.165, +26.772, +42.362 Max HR-Knee = +42.362 Min FL-HipY = +26.772 
[2025-06-10 18:48:16.472.707] [INFO  ] [Battery] SoC = 95%, Volt = +32.500V, Temp 25 
[2025-06-10 18:48:16.549.175] [INFO  ] [Controller] [Joints] FL: +33.701, +26.772, +28.504 ,FR: +31.969, +26.772, +31.969, HL: 37.165, +26.772, +31.969, HR: +37.165, +26.772, +42.362 Max HR-Knee = +42.362 Min FL-HipY = +26.772 
[2025-06-10 18:48:19.049.176] [INFO  ] [Controller] [Joints] FL: +33.701, +26.772, +28.504 ,FR: +31.969, +26.772, +31.969, HL: 37.165, +26.772, +31.969, HR: +37.165, +26.772, +42.362 Max HR-Knee = +42.362 Min FL-HipY = +26.772 
[2025-06-10 18:48:21.471.430] [INFO  ] [Battery] SoC = 95%, Volt = +32.500V, Temp 25 
[2025-06-10 18:48:21.549.170] [INFO  ] [Controller] [Joints] FL: +33.701, +26.772, +28.504 ,FR: +31.969, +26.772, +31.969, HL: 37.165, +26.772, +31.969, HR: +37.165, +26.772, +42.362 Max HR-Knee = +42.362 Min FL-HipY = +26.772 
[2025-06-10 18:48:24.049.169] [INFO  ] [Controller] [Joints] FL: +33.701, +26.772, +28.504 ,FR: +31.969, +26.772, +31.969, HL: 37.165, +26.772, +31.969, HR: +37.165, +26.772, +42.362 Max HR-Knee = +42.362 Min FL-HipY = +26.772 
[2025-06-10 18:48:26.470.115] [INFO  ] [Battery] SoC = 95%, Volt = +32.500V, Temp 25 
[2025-06-10 18:48:26.549.167] [INFO  ] [Controller] [Joints] FL: +33.701, +26.772, +28.504 ,FR: +31.969, +26.772, +31.969, HL: 37.165, +26.772, +31.969, HR: +37.165, +26.772, +42.362 Max HR-Knee = +42.362 Min FL-HipY = +26.772 
[2025-06-10 18:48:29.049.172] [INFO  ] [Controller] [Joints] FL: +33.701, +26.772, +28.504 ,FR: +31.969, +26.772, +31.969, HL: 37.165, +26.772, +31.969, HR: +37.165, +26.772, +42.362 Max HR-Knee = +42.362 Min FL-HipY = +26.772 
[2025-06-10 18:48:31.468.871] [INFO  ] [Battery] SoC = 95%, Volt = +32.500V, Temp 25 
[2025-06-10 18:48:31.549.167] [INFO  ] [Controller] [Joints] FL: +33.701, +26.772, +28.504 ,FR: +31.969, +26.772, +31.969, HL: 37.165, +26.772, +31.969, HR: +37.165, +26.772, +42.362 Max HR-Knee = +42.362 Min FL-HipY = +26.772 
[2025-06-10 18:48:34.049.170] [INFO  ] [Controller] [Joints] FL: +33.701, +26.772, +28.504 ,FR: +31.969, +26.772, +31.969, HL: 37.165, +26.772, +31.969, HR: +37.165, +26.772, +42.362 Max HR-Knee = +42.362 Min FL-HipY = +26.772 
[2025-06-10 18:48:36.467.495] [INFO  ] [Battery] SoC = 95%, Volt = +32.500V, Temp 25 
[2025-06-10 18:48:36.549.168] [INFO  ] [Controller] [Joints] FL: +33.701, +26.772, +28.504 ,FR: +31.969, +26.772, +31.969, HL: 37.165, +26.772, +31.969, HR: +37.165, +26.772, +42.362 Max HR-Knee = +42.362 Min FL-HipY = +26.772 
[2025-06-10 18:48:39.049.169] [INFO  ] [Controller] [Joints] FL: +33.701, +26.772, +28.504 ,FR: +31.969, +26.772, +31.969, HL: 37.165, +26.772, +31.969, HR: +37.165, +26.772, +42.362 Max HR-Knee = +42.362 Min FL-HipY = +26.772 
[2025-06-10 18:48:41.466.234] [INFO  ] [Battery] SoC = 95%, Volt = +32.500V, Temp 25 
[2025-06-10 18:48:41.549.168] [INFO  ] [Controller] [Joints] FL: +33.701, +26.772, +28.504 ,FR: +31.969, +26.772, +31.969, HL: 37.165, +26.772, +31.969, HR: +37.165, +26.772, +42.362 Max HR-Knee = +42.362 Min FL-HipY = +26.772 
[2025-06-10 18:48:44.049.173] [INFO  ] [Controller] [Joints] FL: +33.701, +26.772, +28.504 ,FR: +31.969, +26.772, +31.969, HL: 37.165, +26.772, +31.969, HR: +37.165, +26.772, +42.362 Max HR-Knee = +42.362 Min FL-HipY = +26.772 
[2025-06-10 18:48:46.465.078] [INFO  ] [Battery] SoC = 95%, Volt = +32.500V, Temp 25 
[2025-06-10 18:48:46.549.177] [INFO  ] [Controller] [Joints] FL: +35.433, +26.772, +28.504 ,FR: +31.969, +26.772, +31.969, HL: 37.165, +26.772, +31.969, HR: +37.165, +26.772, +42.362 Max HR-Knee = +42.362 Min FL-HipY = +26.772 
[2025-06-10 18:48:49.049.173] [INFO  ] [Controller] [Joints] FL: +35.433, +26.772, +28.504 ,FR: +31.969, +26.772, +31.969, HL: 37.165, +26.772, +31.969, HR: +37.165, +26.772, +42.362 Max HR-Knee = +42.362 Min FL-HipY = +26.772 
[2025-06-10 18:48:51.463.932] [INFO  ] [Battery] SoC = 95%, Volt = +32.500V, Temp 25 
[2025-06-10 18:48:51.549.171] [INFO  ] [Controller] [Joints] FL: +35.433, +26.772, +28.504 ,FR: +31.969, +26.772, +31.969, HL: 37.165, +26.772, +31.969, HR: +37.165, +26.772, +42.362 Max HR-Knee = +42.362 Min FL-HipY = +26.772 
[2025-06-10 18:48:54.049.167] [INFO  ] [Controller] [Joints] FL: +35.433, +26.772, +28.504 ,FR: +31.969, +26.772, +31.969, HL: 37.165, +26.772, +31.969, HR: +37.165, +26.772, +42.362 Max HR-Knee = +42.362 Min FL-HipY = +26.772 
[2025-06-10 18:48:56.462.772] [INFO  ] [Battery] SoC = 95%, Volt = +32.500V, Temp 25 
[2025-06-10 18:48:56.549.172] [INFO  ] [Controller] [Joints] FL: +35.433, +26.772, +28.504 ,FR: +31.969, +26.772, +31.969, HL: 37.165, +26.772, +31.969, HR: +37.165, +26.772, +42.362 Max HR-Knee = +42.362 Min FL-HipY = +26.772 
[2025-06-10 18:48:59.049.170] [INFO  ] [Controller] [Joints] FL: +35.433, +26.772, +28.504 ,FR: +31.969, +26.772, +31.969, HL: 37.165, +26.772, +31.969, HR: +37.165, +26.772, +42.362 Max HR-Knee = +42.362 Min FL-HipY = +26.772 
[2025-06-10 18:49:01.461.694] [INFO  ] [Battery] SoC = 95%, Volt = +32.500V, Temp 25 
[2025-06-10 18:49:01.549.170] [INFO  ] [Controller] [Joints] FL: +35.433, +26.772, +28.504 ,FR: +31.969, +26.772, +31.969, HL: 37.165, +26.772, +31.969, HR: +37.165, +26.772, +42.362 Max HR-Knee = +42.362 Min FL-HipY = +26.772 
[2025-06-10 18:49:04.049.177] [INFO  ] [Controller] [Joints] FL: +35.433, +26.772, +28.504 ,FR: +31.969, +26.772, +31.969, HL: 37.165, +26.772, +31.969, HR: +37.165, +26.772, +42.362 Max HR-Knee = +42.362 Min FL-HipY = +26.772 
[2025-06-10 18:49:06.460.618] [INFO  ] [Battery] SoC = 95%, Volt = +32.500V, Temp 25 
[2025-06-10 18:49:06.549.174] [INFO  ] [Controller] [Joints] FL: +35.433, +28.504, +28.504 ,FR: +31.969, +26.772, +31.969, HL: 37.165, +26.772, +31.969, HR: +37.165, +26.772, +42.362 Max HR-Knee = +42.362 Min FR-HipY = +26.772 
[2025-06-10 18:49:09.049.176] [INFO  ] [Controller] [Joints] FL: +35.433, +28.504, +28.504 ,FR: +31.969, +26.772, +31.969, HL: 37.165, +26.772, +31.969, HR: +37.165, +26.772, +42.362 Max HR-Knee = +42.362 Min FR-HipY = +26.772 
[2025-06-10 18:49:11.459.551] [INFO  ] [Battery] SoC = 95%, Volt = +32.500V, Temp 25 
[2025-06-10 18:49:11.549.175] [INFO  ] [Controller] [Joints] FL: +35.433, +28.504, +28.504 ,FR: +31.969, +26.772, +31.969, HL: 37.165, +26.772, +31.969, HR: +37.165, +26.772, +42.362 Max HR-Knee = +42.362 Min FR-HipY = +26.772 
[2025-06-10 18:49:14.049.176] [INFO  ] [Controller] [Joints] FL: +35.433, +28.504, +28.504 ,FR: +31.969, +26.772, +31.969, HL: 37.165, +26.772, +31.969, HR: +37.165, +26.772, +42.362 Max HR-Knee = +42.362 Min FR-HipY = +26.772 
[2025-06-10 18:49:16.458.336] [INFO  ] [Battery] SoC = 95%, Volt = +32.500V, Temp 25 
[2025-06-10 18:49:16.549.166] [INFO  ] [Controller] [Joints] FL: +35.433, +28.504, +28.504 ,FR: +31.969, +26.772, +31.969, HL: 37.165, +26.772, +31.969, HR: +37.165, +26.772, +42.362 Max HR-Knee = +42.362 Min FR-HipY = +26.772 
[2025-06-10 18:49:19.049.169] [INFO  ] [Controller] [Joints] FL: +35.433, +28.504, +28.504 ,FR: +31.969, +26.772, +31.969, HL: 37.165, +26.772, +31.969, HR: +37.165, +26.772, +42.362 Max HR-Knee = +42.362 Min FR-HipY = +26.772 
[2025-06-10 18:49:21.457.076] [INFO  ] [Battery] SoC = 95%, Volt = +32.500V, Temp 25 
[2025-06-10 18:49:21.549.164] [INFO  ] [Controller] [Joints] FL: +35.433, +28.504, +28.504 ,FR: +31.969, +26.772, +31.969, HL: 37.165, +26.772, +31.969, HR: +37.165, +26.772, +42.362 Max HR-Knee = +42.362 Min FR-HipY = +26.772 
[2025-06-10 18:49:24.049.225] [INFO  ] [Controller] [Joints] FL: +35.433, +28.504, +28.504 ,FR: +31.969, +26.772, +31.969, HL: 37.165, +26.772, +31.969, HR: +37.165, +26.772, +42.362 Max HR-Knee = +42.362 Min FR-HipY = +26.772 
[2025-06-10 18:49:26.455.849] [INFO  ] [Battery] SoC = 95%, Volt = +32.500V, Temp 25 
[2025-06-10 18:49:26.549.175] [INFO  ] [Controller] [Joints] FL: +35.433, +28.504, +28.504 ,FR: +31.969, +26.772, +31.969, HL: 37.165, +26.772, +31.969, HR: +37.165, +26.772, +42.362 Max HR-Knee = +42.362 Min FR-HipY = +26.772 
[2025-06-10 18:49:29.049.165] [INFO  ] [Controller] [Joints] FL: +35.433, +28.504, +28.504 ,FR: +31.969, +26.772, +31.969, HL: 37.165, +26.772, +31.969, HR: +37.165, +26.772, +42.362 Max HR-Knee = +42.362 Min FR-HipY = +26.772 
[2025-06-10 18:49:31.454.475] [INFO  ] [Battery] SoC = 95%, Volt = +32.500V, Temp 25 
[2025-06-10 18:49:31.549.168] [INFO  ] [Controller] [Joints] FL: +35.433, +28.504, +28.504 ,FR: +31.969, +26.772, +31.969, HL: 37.165, +26.772, +31.969, HR: +37.165, +26.772, +42.362 Max HR-Knee = +42.362 Min FR-HipY = +26.772 
[2025-06-10 18:49:34.049.173] [INFO  ] [Controller] [Joints] FL: +35.433, +28.504, +28.504 ,FR: +31.969, +26.772, +31.969, HL: 37.165, +26.772, +31.969, HR: +37.165, +26.772, +42.362 Max HR-Knee = +42.362 Min FR-HipY = +26.772 
[2025-06-10 18:49:36.453.010] [INFO  ] [Battery] SoC = 95%, Volt = +32.500V, Temp 25 
[2025-06-10 18:49:36.549.174] [INFO  ] [Controller] [Joints] FL: +35.433, +28.504, +28.504 ,FR: +31.969, +26.772, +31.969, HL: 37.165, +26.772, +31.969, HR: +37.165, +26.772, +42.362 Max HR-Knee = +42.362 Min FR-HipY = +26.772 
[2025-06-10 18:49:39.049.165] [INFO  ] [Controller] [Joints] FL: +35.433, +28.504, +28.504 ,FR: +31.969, +26.772, +31.969, HL: 37.165, +26.772, +31.969, HR: +37.165, +26.772, +42.362 Max HR-Knee = +42.362 Min FR-HipY = +26.772 
[2025-06-10 18:49:41.451.712] [INFO  ] [Battery] SoC = 95%, Volt = +32.500V, Temp 25 
[2025-06-10 18:49:41.549.169] [INFO  ] [Controller] [Joints] FL: +35.433, +28.504, +28.504 ,FR: +31.969, +26.772, +31.969, HL: 37.165, +26.772, +31.969, HR: +37.165, +26.772, +42.362 Max HR-Knee = +42.362 Min FR-HipY = +26.772 
[2025-06-10 18:49:44.049.172] [INFO  ] [Controller] [Joints] FL: +35.433, +28.504, +28.504 ,FR: +31.969, +26.772, +31.969, HL: 37.165, +26.772, +31.969, HR: +37.165, +26.772, +42.362 Max HR-Knee = +42.362 Min FR-HipY = +26.772 
[2025-06-10 18:49:46.450.362] [INFO  ] [Battery] SoC = 95%, Volt = +32.500V, Temp 25 
[2025-06-10 18:49:46.549.167] [INFO  ] [Controller] [Joints] FL: +35.433, +28.504, +28.504 ,FR: +31.969, +26.772, +31.969, HL: 37.165, +26.772, +31.969, HR: +37.165, +26.772, +42.362 Max HR-Knee = +42.362 Min FR-HipY = +26.772 
[2025-06-10 18:49:49.049.173] [INFO  ] [Controller] [Joints] FL: +35.433, +28.504, +28.504 ,FR: +31.969, +26.772, +31.969, HL: 37.165, +26.772, +31.969, HR: +37.165, +26.772, +42.362 Max HR-Knee = +42.362 Min FR-HipY = +26.772 
[2025-06-10 18:49:51.448.759] [INFO  ] [Battery] SoC = 95%, Volt = +32.500V, Temp 25 
[2025-06-10 18:49:51.549.166] [INFO  ] [Controller] [Joints] FL: +35.433, +28.504, +28.504 ,FR: +31.969, +26.772, +31.969, HL: 37.165, +26.772, +31.969, HR: +37.165, +26.772, +42.362 Max HR-Knee = +42.362 Min FR-HipY = +26.772 
[2025-06-10 18:49:54.049.173] [INFO  ] [Controller] [Joints] FL: +35.433, +28.504, +28.504 ,FR: +31.969, +26.772, +31.969, HL: 37.165, +26.772, +31.969, HR: +37.165, +26.772, +42.362 Max HR-Knee = +42.362 Min FR-HipY = +26.772 
[2025-06-10 18:49:56.447.336] [INFO  ] [Battery] SoC = 94%, Volt = +32.500V, Temp 25 
[2025-06-10 18:49:56.549.174] [INFO  ] [Controller] [Joints] FL: +35.433, +28.504, +28.504 ,FR: +31.969, +26.772, +31.969, HL: 37.165, +26.772, +31.969, HR: +37.165, +26.772, +42.362 Max HR-Knee = +42.362 Min FR-HipY = +26.772 
[2025-06-10 18:49:59.049.172] [INFO  ] [Controller] [Joints] FL: +35.433, +28.504, +28.504 ,FR: +33.701, +26.772, +31.969, HL: 37.165, +26.772, +31.969, HR: +37.165, +28.504, +42.362 Max HR-Knee = +42.362 Min FR-HipY = +26.772 
[2025-06-10 18:50:01.445.888] [INFO  ] [Battery] SoC = 94%, Volt = +32.500V, Temp 25 
[2025-06-10 18:50:01.549.176] [INFO  ] [Controller] [Joints] FL: +35.433, +28.504, +28.504 ,FR: +33.701, +26.772, +31.969, HL: 37.165, +26.772, +31.969, HR: +37.165, +28.504, +42.362 Max HR-Knee = +42.362 Min FR-HipY = +26.772 
[2025-06-10 18:50:04.049.175] [INFO  ] [Controller] [Joints] FL: +35.433, +28.504, +28.504 ,FR: +33.701, +26.772, +31.969, HL: 37.165, +26.772, +31.969, HR: +37.165, +28.504, +42.362 Max HR-Knee = +42.362 Min FR-HipY = +26.772 
[2025-06-10 18:50:06.444.482] [INFO  ] [Battery] SoC = 94%, Volt = +32.400V, Temp 25 
[2025-06-10 18:50:06.549.171] [INFO  ] [Controller] [Joints] FL: +35.433, +28.504, +28.504 ,FR: +33.701, +26.772, +31.969, HL: 37.165, +26.772, +31.969, HR: +37.165, +28.504, +42.362 Max HR-Knee = +42.362 Min FR-HipY = +26.772 
[2025-06-10 18:50:09.049.176] [INFO  ] [Controller] [Joints] FL: +35.433, +28.504, +28.504 ,FR: +33.701, +28.504, +31.969, HL: 37.165, +26.772, +31.969, HR: +37.165, +28.504, +42.362 Max HR-Knee = +42.362 Min HL-HipY = +26.772 
[2025-06-10 18:50:11.443.086] [INFO  ] [Battery] SoC = 94%, Volt = +32.400V, Temp 25 
[2025-06-10 18:50:11.549.171] [INFO  ] [Controller] [Joints] FL: +35.433, +28.504, +28.504 ,FR: +33.701, +28.504, +31.969, HL: 37.165, +26.772, +31.969, HR: +37.165, +28.504, +42.362 Max HR-Knee = +42.362 Min HL-HipY = +26.772 
[2025-06-10 18:50:14.049.171] [INFO  ] [Controller] [Joints] FL: +35.433, +28.504, +28.504 ,FR: +33.701, +28.504, +31.969, HL: 37.165, +26.772, +31.969, HR: +37.165, +28.504, +42.362 Max HR-Knee = +42.362 Min HL-HipY = +26.772 
[2025-06-10 18:50:16.441.606] [INFO  ] [Battery] SoC = 94%, Volt = +32.400V, Temp 25 
[2025-06-10 18:50:16.549.172] [INFO  ] [Controller] [Joints] FL: +35.433, +28.504, +28.504 ,FR: +33.701, +28.504, +31.969, HL: 37.165, +26.772, +31.969, HR: +37.165, +28.504, +42.362 Max HR-Knee = +42.362 Min HL-HipY = +26.772 
[2025-06-10 18:50:19.049.173] [INFO  ] [Controller] [Joints] FL: +35.433, +28.504, +28.504 ,FR: +33.701, +28.504, +31.969, HL: 37.165, +26.772, +31.969, HR: +37.165, +28.504, +42.362 Max HR-Knee = +42.362 Min HL-HipY = +26.772 
[2025-06-10 18:50:21.440.172] [INFO  ] [Battery] SoC = 94%, Volt = +32.400V, Temp 25 
[2025-06-10 18:50:21.549.171] [INFO  ] [Controller] [Joints] FL: +35.433, +28.504, +28.504 ,FR: +33.701, +28.504, +31.969, HL: 37.165, +26.772, +31.969, HR: +38.898, +28.504, +42.362 Max HR-Knee = +42.362 Min HL-HipY = +26.772 
[2025-06-10 18:50:24.049.175] [INFO  ] [Controller] [Joints] FL: +35.433, +28.504, +28.504 ,FR: +33.701, +28.504, +31.969, HL: 38.898, +26.772, +31.969, HR: +38.898, +28.504, +42.362 Max HR-Knee = +42.362 Min HL-HipY = +26.772 
[2025-06-10 18:50:26.438.714] [INFO  ] [Battery] SoC = 94%, Volt = +32.400V, Temp 25 
[2025-06-10 18:50:26.549.171] [INFO  ] [Controller] [Joints] FL: +35.433, +28.504, +28.504 ,FR: +33.701, +28.504, +31.969, HL: 38.898, +26.772, +31.969, HR: +38.898, +28.504, +42.362 Max HR-Knee = +42.362 Min HL-HipY = +26.772 
[2025-06-10 18:50:29.049.172] [INFO  ] [Controller] [Joints] FL: +35.433, +28.504, +28.504 ,FR: +33.701, +28.504, +31.969, HL: 38.898, +26.772, +31.969, HR: +38.898, +28.504, +42.362 Max HR-Knee = +42.362 Min HL-HipY = +26.772 
[2025-06-10 18:50:31.437.210] [INFO  ] [Battery] SoC = 94%, Volt = +32.400V, Temp 25 
[2025-06-10 18:50:31.549.169] [INFO  ] [Controller] [Joints] FL: +35.433, +28.504, +28.504 ,FR: +33.701, +28.504, +31.969, HL: 38.898, +26.772, +31.969, HR: +38.898, +28.504, +42.362 Max HR-Knee = +42.362 Min HL-HipY = +26.772 
[2025-06-10 18:50:34.049.173] [INFO  ] [Controller] [Joints] FL: +35.433, +28.504, +28.504 ,FR: +33.701, +28.504, +31.969, HL: 38.898, +26.772, +31.969, HR: +38.898, +28.504, +42.362 Max HR-Knee = +42.362 Min HL-HipY = +26.772 
[2025-06-10 18:50:36.435.620] [INFO  ] [Battery] SoC = 94%, Volt = +32.400V, Temp 25 
[2025-06-10 18:50:36.549.170] [INFO  ] [Controller] [Joints] FL: +35.433, +28.504, +28.504 ,FR: +33.701, +28.504, +31.969, HL: 38.898, +26.772, +31.969, HR: +38.898, +28.504, +42.362 Max HR-Knee = +42.362 Min HL-HipY = +26.772 
[2025-06-10 18:50:39.049.168] [INFO  ] [Controller] [Joints] FL: +35.433, +28.504, +28.504 ,FR: +33.701, +28.504, +31.969, HL: 38.898, +26.772, +31.969, HR: +38.898, +28.504, +42.362 Max HR-Knee = +42.362 Min HL-HipY = +26.772 
[2025-06-10 18:50:41.434.024] [INFO  ] [Battery] SoC = 94%, Volt = +32.400V, Temp 25 
[2025-06-10 18:50:41.549.172] [INFO  ] [Controller] [Joints] FL: +35.433, +28.504, +28.504 ,FR: +33.701, +28.504, +31.969, HL: 38.898, +26.772, +31.969, HR: +38.898, +28.504, +42.362 Max HR-Knee = +42.362 Min HL-HipY = +26.772 
[2025-06-10 18:50:44.049.164] [INFO  ] [Controller] [Joints] FL: +35.433, +28.504, +28.504 ,FR: +33.701, +28.504, +31.969, HL: 38.898, +26.772, +31.969, HR: +38.898, +28.504, +42.362 Max HR-Knee = +42.362 Min HL-HipY = +26.772 
[2025-06-10 18:50:46.432.715] [INFO  ] [Battery] SoC = 94%, Volt = +32.400V, Temp 25 
[2025-06-10 18:50:46.549.171] [INFO  ] [Controller] [Joints] FL: +35.433, +28.504, +28.504 ,FR: +33.701, +28.504, +31.969, HL: 38.898, +26.772, +31.969, HR: +38.898, +28.504, +42.362 Max HR-Knee = +42.362 Min HL-HipY = +26.772 
[2025-06-10 18:50:49.049.173] [INFO  ] [Controller] [Joints] FL: +35.433, +28.504, +28.504 ,FR: +33.701, +28.504, +31.969, HL: 38.898, +26.772, +31.969, HR: +38.898, +28.504, +42.362 Max HR-Knee = +42.362 Min HL-HipY = +26.772 
[2025-06-10 18:50:51.431.097] [INFO  ] [Battery] SoC = 94%, Volt = +32.400V, Temp 25 
[2025-06-10 18:50:51.549.173] [INFO  ] [Controller] [Joints] FL: +35.433, +28.504, +28.504 ,FR: +33.701, +28.504, +31.969, HL: 38.898, +26.772, +31.969, HR: +38.898, +28.504, +42.362 Max HR-Knee = +42.362 Min HL-HipY = +26.772 
[2025-06-10 18:50:54.049.171] [INFO  ] [Controller] [Joints] FL: +35.433, +28.504, +28.504 ,FR: +33.701, +28.504, +31.969, HL: 38.898, +26.772, +31.969, HR: +38.898, +28.504, +42.362 Max HR-Knee = +42.362 Min HL-HipY = +26.772 
[2025-06-10 18:50:56.429.774] [INFO  ] [Battery] SoC = 94%, Volt = +32.400V, Temp 25 
[2025-06-10 18:50:56.549.176] [INFO  ] [Controller] [Joints] FL: +35.433, +28.504, +28.504 ,FR: +33.701, +28.504, +31.969, HL: 38.898, +26.772, +31.969, HR: +38.898, +28.504, +42.362 Max HR-Knee = +42.362 Min HL-HipY = +26.772 
[2025-06-10 18:50:59.049.172] [INFO  ] [Controller] [Joints] FL: +35.433, +28.504, +28.504 ,FR: +33.701, +28.504, +31.969, HL: 38.898, +26.772, +31.969, HR: +38.898, +28.504, +42.362 Max HR-Knee = +42.362 Min HL-HipY = +26.772 
[2025-06-10 18:51:01.428.498] [INFO  ] [Battery] SoC = 94%, Volt = +32.400V, Temp 25 
[2025-06-10 18:51:01.549.171] [INFO  ] [Controller] [Joints] FL: +35.433, +28.504, +28.504 ,FR: +33.701, +28.504, +31.969, HL: 38.898, +26.772, +31.969, HR: +38.898, +28.504, +42.362 Max HR-Knee = +42.362 Min HL-HipY = +26.772 
[2025-06-10 18:51:04.049.183] [INFO  ] [Controller] [Joints] FL: +35.433, +28.504, +28.504 ,FR: +33.701, +28.504, +31.969, HL: 38.898, +26.772, +31.969, HR: +38.898, +28.504, +42.362 Max HR-Knee = +42.362 Min HL-HipY = +26.772 
[2025-06-10 18:51:06.427.091] [INFO  ] [Battery] SoC = 94%, Volt = +32.400V, Temp 25 
[2025-06-10 18:51:06.549.176] [INFO  ] [Controller] [Joints] FL: +35.433, +28.504, +28.504 ,FR: +33.701, +28.504, +31.969, HL: 38.898, +26.772, +31.969, HR: +38.898, +28.504, +42.362 Max HR-Knee = +42.362 Min HL-HipY = +26.772 
[2025-06-10 18:51:09.049.177] [INFO  ] [Controller] [Joints] FL: +35.433, +28.504, +28.504 ,FR: +33.701, +28.504, +31.969, HL: 38.898, +26.772, +31.969, HR: +38.898, +28.504, +42.362 Max HR-Knee = +42.362 Min HL-HipY = +26.772 
[2025-06-10 18:51:11.425.595] [INFO  ] [Battery] SoC = 94%, Volt = +32.400V, Temp 25 
[2025-06-10 18:51:11.549.164] [INFO  ] [Controller] [Joints] FL: +35.433, +28.504, +28.504 ,FR: +33.701, +28.504, +31.969, HL: 38.898, +26.772, +31.969, HR: +38.898, +28.504, +42.362 Max HR-Knee = +42.362 Min HL-HipY = +26.772 
[2025-06-10 18:51:12.958.183] [INFO  ] [TVMPC] JY is Moving... (tvmpc),  time: 594.733112 
[2025-06-10 18:51:12.974.140] [INFO  ] [Controller] KeepRun ... 
[2025-06-10 18:51:14.049.154] [INFO  ] [Controller] [Joints] FL: +35.433, +28.504, +28.504 ,FR: +33.701, +28.504, +31.969, HL: 38.898, +26.772, +31.969, HR: +38.898, +28.504, +42.362 Max HR-Knee = +42.362 Min HL-HipY = +26.772 
[2025-06-10 18:51:16.424.223] [INFO  ] [Battery] SoC = 94%, Volt = +32.300V, Temp 25 
[2025-06-10 18:51:16.549.165] [INFO  ] [Controller] [Joints] FL: +35.433, +28.504, +28.504 ,FR: +33.701, +28.504, +31.969, HL: 38.898, +26.772, +31.969, HR: +38.898, +28.504, +42.362 Max HR-Knee = +42.362 Min HL-HipY = +26.772 
[2025-06-10 18:51:19.049.160] [INFO  ] [Controller] [Joints] FL: +35.433, +28.504, +30.236 ,FR: +33.701, +28.504, +31.969, HL: 38.898, +26.772, +33.701, HR: +38.898, +28.504, +44.094 Max HR-Knee = +44.094 Min HL-HipY = +26.772 
[2025-06-10 18:51:21.422.766] [INFO  ] [Battery] SoC = 94%, Volt = +32.300V, Temp 25 
[2025-06-10 18:51:21.549.164] [INFO  ] [Controller] [Joints] FL: +35.433, +28.504, +30.236 ,FR: +33.701, +28.504, +33.701, HL: 37.165, +28.504, +33.701, HR: +38.898, +28.504, +44.094 Max HR-Knee = +44.094 Min FL-HipY = +28.504 
[2025-06-10 18:51:23.920.148] [INFO  ] [Controller] AutoStop ... 
[2025-06-10 18:51:24.049.171] [INFO  ] [Controller] [Joints] FL: +35.433, +28.504, +30.236 ,FR: +33.701, +28.504, +33.701, HL: 37.165, +28.504, +35.433, HR: +38.898, +28.504, +44.094 Max HR-Knee = +44.094 Min FL-HipY = +28.504 
[2025-06-10 18:51:24.208.604] [INFO  ] [TVMPC] [trot]STOP!!! 
[2025-06-10 18:51:24.209.146] [INFO  ] [BasicMotion] Switching to force control mode, please wait... 
[2025-06-10 18:51:24.575.154] [INFO  ] [Controller] stairtrot... 
[2025-06-10 18:51:26.326.148] [INFO  ] [Controller] trot... 
[2025-06-10 18:51:26.421.238] [INFO  ] [Battery] SoC = 94%, Volt = +32.200V, Temp 25 
[2025-06-10 18:51:26.549.171] [INFO  ] [Controller] [Joints] FL: +35.433, +28.504, +31.969 ,FR: +33.701, +28.504, +33.701, HL: 37.165, +28.504, +35.433, HR: +38.898, +28.504, +44.094 Max HR-Knee = +44.094 Min FL-HipY = +28.504 
[2025-06-10 18:51:28.723.185] [INFO  ] [TVMPC] JY is Moving... (tvmpc),  time: 610.498112 
[2025-06-10 18:51:29.049.160] [INFO  ] [Controller] [Joints] FL: +35.433, +28.504, +31.969 ,FR: +33.701, +28.504, +33.701, HL: 37.165, +28.504, +35.433, HR: +38.898, +28.504, +44.094 Max HR-Knee = +44.094 Min FL-HipY = +28.504 
[2025-06-10 18:51:30.073.583] [INFO  ] [TVMPC] [trot]STOP!!! 
[2025-06-10 18:51:30.074.149] [INFO  ] [BasicMotion] Switching to force control mode, please wait... 
[2025-06-10 18:51:31.076.182] [INFO  ] [TVMPC] JY is Moving... (tvmpc),  time: 612.851111 
[2025-06-10 18:51:31.419.670] [INFO  ] [Battery] SoC = 93%, Volt = +32.300V, Temp 25 
[2025-06-10 18:51:31.549.164] [INFO  ] [Controller] [Joints] FL: +35.433, +28.504, +31.969 ,FR: +33.701, +28.504, +33.701, HL: 37.165, +28.504, +37.165, HR: +38.898, +28.504, +42.362 Max HR-Knee = +42.362 Min FL-HipY = +28.504 
[2025-06-10 18:51:34.049.162] [INFO  ] [Controller] [Joints] FL: +35.433, +28.504, +31.969 ,FR: +33.701, +28.504, +33.701, HL: 37.165, +28.504, +37.165, HR: +38.898, +28.504, +42.362 Max HR-Knee = +42.362 Min FL-HipY = +28.504 
[2025-06-10 18:51:35.576.567] [INFO  ] [TVMPC] [trot]STOP!!! 
[2025-06-10 18:51:35.577.143] [INFO  ] [BasicMotion] Switching to force control mode, please wait... 
[2025-06-10 18:51:36.418.225] [INFO  ] [Battery] SoC = 93%, Volt = +32.400V, Temp 25 
[2025-06-10 18:51:36.549.172] [INFO  ] [Controller] [Joints] FL: +35.433, +28.504, +31.969 ,FR: +33.701, +28.504, +33.701, HL: 37.165, +28.504, +37.165, HR: +38.898, +28.504, +42.362 Max HR-Knee = +42.362 Min FL-HipY = +28.504 
[2025-06-10 18:51:39.049.167] [INFO  ] [Controller] [Joints] FL: +35.433, +28.504, +33.701 ,FR: +33.701, +28.504, +33.701, HL: 37.165, +28.504, +38.898, HR: +40.630, +28.504, +42.362 Max HR-Knee = +42.362 Min FL-HipY = +28.504 
[2025-06-10 18:51:40.378.181] [INFO  ] [TVMPC] JY is Moving... (tvmpc),  time: 622.153112 
[2025-06-10 18:51:41.416.680] [INFO  ] [Battery] SoC = 93%, Volt = +32.300V, Temp 25 
[2025-06-10 18:51:41.549.169] [INFO  ] [Controller] [Joints] FL: +35.433, +28.504, +33.701 ,FR: +33.701, +28.504, +33.701, HL: 37.165, +28.504, +38.898, HR: +38.898, +28.504, +42.362 Max HR-Knee = +42.362 Min FL-HipY = +28.504 
[2025-06-10 18:51:42.628.564] [INFO  ] [TVMPC] [trot]STOP!!! 
[2025-06-10 18:51:42.629.143] [INFO  ] [BasicMotion] Switching to force control mode, please wait... 
[2025-06-10 18:51:43.631.183] [INFO  ] [TVMPC] JY is Moving... (tvmpc),  time: 625.406111 
[2025-06-10 18:51:44.049.160] [INFO  ] [Controller] [Joints] FL: +35.433, +28.504, +33.701 ,FR: +35.433, +28.504, +33.701, HL: 37.165, +28.504, +38.898, HR: +38.898, +28.504, +42.362 Max HR-Knee = +42.362 Min FL-HipY = +28.504 
[2025-06-10 18:51:46.331.573] [INFO  ] [TVMPC] [trot]STOP!!! 
[2025-06-10 18:51:46.332.141] [INFO  ] [BasicMotion] Switching to force control mode, please wait... 
[2025-06-10 18:51:46.415.247] [INFO  ] [Battery] SoC = 93%, Volt = +32.400V, Temp 25 
[2025-06-10 18:51:46.549.171] [INFO  ] [Controller] [Joints] FL: +35.433, +28.504, +33.701 ,FR: +35.433, +28.504, +33.701, HL: 37.165, +28.504, +38.898, HR: +38.898, +28.504, +42.362 Max HR-Knee = +42.362 Min FL-HipY = +28.504 
[2025-06-10 18:51:49.049.174] [INFO  ] [Controller] [Joints] FL: +35.433, +28.504, +33.701 ,FR: +35.433, +28.504, +33.701, HL: 37.165, +28.504, +38.898, HR: +38.898, +28.504, +44.094 Max HR-Knee = +44.094 Min FL-HipY = +28.504 
[2025-06-10 18:51:51.413.835] [INFO  ] [Battery] SoC = 93%, Volt = +32.400V, Temp 25 
[2025-06-10 18:51:51.549.175] [INFO  ] [Controller] [Joints] FL: +35.433, +28.504, +33.701 ,FR: +35.433, +28.504, +33.701, HL: 37.165, +28.504, +38.898, HR: +38.898, +28.504, +44.094 Max HR-Knee = +44.094 Min FL-HipY = +28.504 
[2025-06-10 18:51:54.049.172] [INFO  ] [Controller] [Joints] FL: +35.433, +28.504, +33.701 ,FR: +35.433, +28.504, +33.701, HL: 37.165, +28.504, +38.898, HR: +38.898, +28.504, +42.362 Max HR-Knee = +42.362 Min FL-HipY = +28.504 
[2025-06-10 18:51:56.412.534] [INFO  ] [Battery] SoC = 93%, Volt = +32.400V, Temp 25 
[2025-06-10 18:51:56.549.168] [INFO  ] [Controller] [Joints] FL: +35.433, +28.504, +33.701 ,FR: +35.433, +28.504, +33.701, HL: 37.165, +28.504, +38.898, HR: +38.898, +28.504, +42.362 Max HR-Knee = +42.362 Min FL-HipY = +28.504 
[2025-06-10 18:51:59.049.169] [INFO  ] [Controller] [Joints] FL: +35.433, +28.504, +33.701 ,FR: +35.433, +28.504, +33.701, HL: 37.165, +28.504, +38.898, HR: +38.898, +28.504, +42.362 Max HR-Knee = +42.362 Min FL-HipY = +28.504 
[2025-06-10 18:52:01.411.371] [INFO  ] [Battery] SoC = 93%, Volt = +32.400V, Temp 25 
[2025-06-10 18:52:01.549.174] [INFO  ] [Controller] [Joints] FL: +33.701, +28.504, +31.969 ,FR: +35.433, +28.504, +33.701, HL: 37.165, +28.504, +40.630, HR: +38.898, +28.504, +42.362 Max HR-Knee = +42.362 Min FL-HipY = +28.504 
[2025-06-10 18:52:04.049.169] [INFO  ] [Controller] [Joints] FL: +33.701, +28.504, +31.969 ,FR: +35.433, +28.504, +33.701, HL: 37.165, +28.504, +40.630, HR: +38.898, +28.504, +42.362 Max HR-Knee = +42.362 Min FL-HipY = +28.504 
[2025-06-10 18:52:06.410.114] [INFO  ] [Battery] SoC = 93%, Volt = +32.400V, Temp 25 
[2025-06-10 18:52:06.549.170] [INFO  ] [Controller] [Joints] FL: +33.701, +28.504, +31.969 ,FR: +35.433, +28.504, +33.701, HL: 37.165, +28.504, +40.630, HR: +37.165, +28.504, +42.362 Max HR-Knee = +42.362 Min FL-HipY = +28.504 
[2025-06-10 18:52:09.049.176] [INFO  ] [Controller] [Joints] FL: +33.701, +28.504, +31.969 ,FR: +35.433, +28.504, +33.701, HL: 37.165, +28.504, +40.630, HR: +37.165, +28.504, +42.362 Max HR-Knee = +42.362 Min FL-HipY = +28.504 
[2025-06-10 18:52:11.408.654] [INFO  ] [Battery] SoC = 93%, Volt = +32.400V, Temp 25 
[2025-06-10 18:52:11.549.173] [INFO  ] [Controller] [Joints] FL: +33.701, +28.504, +31.969 ,FR: +35.433, +28.504, +33.701, HL: 37.165, +28.504, +40.630, HR: +37.165, +28.504, +42.362 Max HR-Knee = +42.362 Min FL-HipY = +28.504 
[2025-06-10 18:52:14.049.165] [INFO  ] [Controller] [Joints] FL: +33.701, +28.504, +31.969 ,FR: +35.433, +28.504, +33.701, HL: 37.165, +28.504, +40.630, HR: +37.165, +28.504, +42.362 Max HR-Knee = +42.362 Min FL-HipY = +28.504 
[2025-06-10 18:52:16.407.342] [INFO  ] [Battery] SoC = 93%, Volt = +32.400V, Temp 25 
[2025-06-10 18:52:16.549.167] [INFO  ] [Controller] [Joints] FL: +33.701, +28.504, +31.969 ,FR: +35.433, +28.504, +33.701, HL: 37.165, +28.504, +40.630, HR: +37.165, +28.504, +42.362 Max HR-Knee = +42.362 Min FL-HipY = +28.504 
[2025-06-10 18:52:19.049.170] [INFO  ] [Controller] [Joints] FL: +33.701, +28.504, +31.969 ,FR: +35.433, +28.504, +33.701, HL: 37.165, +28.504, +40.630, HR: +37.165, +28.504, +42.362 Max HR-Knee = +42.362 Min FL-HipY = +28.504 
[2025-06-10 18:52:20.019.180] [INFO  ] [TVMPC] JY is Moving... (tvmpc),  time: 661.794112 
[2025-06-10 18:52:21.369.567] [INFO  ] [TVMPC] [trot]STOP!!! 
[2025-06-10 18:52:21.370.142] [INFO  ] [BasicMotion] Switching to force control mode, please wait... 
[2025-06-10 18:52:21.406.124] [INFO  ] [Battery] SoC = 93%, Volt = +32.400V, Temp 25 
[2025-06-10 18:52:21.549.167] [INFO  ] [Controller] [Joints] FL: +33.701, +28.504, +31.969 ,FR: +35.433, +28.504, +33.701, HL: 37.165, +28.504, +42.362, HR: +37.165, +28.504, +42.362 Max HL-Knee = +42.362 Min FL-HipY = +28.504 
[2025-06-10 18:52:24.049.167] [INFO  ] [Controller] [Joints] FL: +33.701, +28.504, +31.969 ,FR: +35.433, +28.504, +33.701, HL: 37.165, +28.504, +42.362, HR: +37.165, +28.504, +42.362 Max HL-Knee = +42.362 Min FL-HipY = +28.504 
[2025-06-10 18:52:24.078.184] [INFO  ] [TVMPC] JY is Moving... (tvmpc),  time: 665.853111 
[2025-06-10 18:52:25.878.561] [INFO  ] [TVMPC] [trot]STOP!!! 
[2025-06-10 18:52:25.879.142] [INFO  ] [BasicMotion] Switching to force control mode, please wait... 
[2025-06-10 18:52:26.404.790] [INFO  ] [Battery] SoC = 93%, Volt = +32.300V, Temp 25 
[2025-06-10 18:52:26.549.170] [INFO  ] [Controller] [Joints] FL: +33.701, +28.504, +31.969 ,FR: +35.433, +28.504, +33.701, HL: 37.165, +28.504, +42.362, HR: +37.165, +28.504, +42.362 Max HL-Knee = +42.362 Min FL-HipY = +28.504 
[2025-06-10 18:52:27.839.186] [INFO  ] [TVMPC] JY is Moving... (tvmpc),  time: 669.614111 
[2025-06-10 18:52:29.049.163] [INFO  ] [Controller] [Joints] FL: +33.701, +28.504, +31.969 ,FR: +35.433, +28.504, +33.701, HL: 37.165, +28.504, +42.362, HR: +37.165, +28.504, +44.094 Max HR-Knee = +44.094 Min FL-HipY = +28.504 
[2025-06-10 18:52:29.189.590] [INFO  ] [TVMPC] [trot]STOP!!! 
[2025-06-10 18:52:29.190.162] [INFO  ] [BasicMotion] Switching to force control mode, please wait... 
[2025-06-10 18:52:30.192.183] [INFO  ] [TVMPC] JY is Moving... (tvmpc),  time: 671.967112 
[2025-06-10 18:52:31.092.569] [INFO  ] [TVMPC] [trot]STOP!!! 
[2025-06-10 18:52:31.093.142] [INFO  ] [BasicMotion] Switching to force control mode, please wait... 
[2025-06-10 18:52:31.403.328] [INFO  ] [Battery] SoC = 93%, Volt = +32.300V, Temp 25 
[2025-06-10 18:52:31.549.172] [INFO  ] [Controller] [Joints] FL: +33.701, +28.504, +31.969 ,FR: +35.433, +28.504, +33.701, HL: 37.165, +28.504, +40.630, HR: +37.165, +28.504, +44.094 Max HR-Knee = +44.094 Min FL-HipY = +28.504 
[2025-06-10 18:52:34.049.172] [INFO  ] [Controller] [Joints] FL: +33.701, +28.504, +31.969 ,FR: +35.433, +28.504, +33.701, HL: 37.165, +28.504, +40.630, HR: +37.165, +28.504, +44.094 Max HR-Knee = +44.094 Min FL-HipY = +28.504 
[2025-06-10 18:52:36.401.959] [INFO  ] [Battery] SoC = 93%, Volt = +32.400V, Temp 25 
[2025-06-10 18:52:36.549.167] [INFO  ] [Controller] [Joints] FL: +33.701, +28.504, +31.969 ,FR: +35.433, +28.504, +33.701, HL: 37.165, +28.504, +40.630, HR: +37.165, +28.504, +44.094 Max HR-Knee = +44.094 Min FL-HipY = +28.504 
[2025-06-10 18:52:39.049.174] [INFO  ] [Controller] [Joints] FL: +33.701, +28.504, +31.969 ,FR: +35.433, +28.504, +33.701, HL: 37.165, +28.504, +40.630, HR: +37.165, +28.504, +42.362 Max HR-Knee = +42.362 Min FL-HipY = +28.504 
[2025-06-10 18:52:41.400.469] [INFO  ] [Battery] SoC = 93%, Volt = +32.400V, Temp 25 
[2025-06-10 18:52:41.549.170] [INFO  ] [Controller] [Joints] FL: +33.701, +28.504, +31.969 ,FR: +35.433, +28.504, +33.701, HL: 37.165, +28.504, +40.630, HR: +38.898, +28.504, +42.362 Max HR-Knee = +42.362 Min FL-HipY = +28.504 
[2025-06-10 18:52:42.399.188] [INFO  ] [TVMPC] JY is Moving... (tvmpc),  time: 684.174112 
[2025-06-10 18:52:44.049.163] [INFO  ] [Controller] [Joints] FL: +33.701, +28.504, +31.969 ,FR: +35.433, +28.504, +33.701, HL: 37.165, +28.504, +40.630, HR: +38.898, +28.504, +42.362 Max HR-Knee = +42.362 Min FL-HipY = +28.504 
[2025-06-10 18:52:46.398.993] [INFO  ] [Battery] SoC = 93%, Volt = +32.300V, Temp 25 
[2025-06-10 18:52:46.549.163] [INFO  ] [Controller] [Joints] FL: +33.701, +28.504, +31.969 ,FR: +35.433, +28.504, +33.701, HL: 37.165, +28.504, +40.630, HR: +38.898, +28.504, +42.362 Max HR-Knee = +42.362 Min FL-HipY = +28.504 
[2025-06-10 18:52:49.049.162] [INFO  ] [Controller] [Joints] FL: +35.433, +28.504, +31.969 ,FR: +35.433, +28.504, +33.701, HL: 37.165, +28.504, +40.630, HR: +38.898, +28.504, +42.362 Max HR-Knee = +42.362 Min FL-HipY = +28.504 
[2025-06-10 18:52:51.397.576] [INFO  ] [Battery] SoC = 93%, Volt = +32.300V, Temp 25 
[2025-06-10 18:52:51.549.166] [INFO  ] [Controller] [Joints] FL: +35.433, +28.504, +31.969 ,FR: +35.433, +28.504, +35.433, HL: 37.165, +28.504, +42.362, HR: +38.898, +28.504, +42.362 Max HL-Knee = +42.362 Min FL-HipY = +28.504 
[2025-06-10 18:52:52.299.569] [INFO  ] [TVMPC] [trot]STOP!!! 
[2025-06-10 18:52:52.300.143] [INFO  ] [BasicMotion] Switching to force control mode, please wait... 
[2025-06-10 18:52:54.049.176] [INFO  ] [Controller] [Joints] FL: +35.433, +28.504, +33.701 ,FR: +35.433, +28.504, +35.433, HL: 37.165, +28.504, +42.362, HR: +38.898, +28.504, +44.094 Max HR-Knee = +44.094 Min FL-HipY = +28.504 
[2025-06-10 18:52:56.396.083] [INFO  ] [Battery] SoC = 92%, Volt = +32.400V, Temp 25 
[2025-06-10 18:52:56.549.177] [INFO  ] [Controller] [Joints] FL: +35.433, +28.504, +33.701 ,FR: +35.433, +28.504, +35.433, HL: 37.165, +28.504, +42.362, HR: +38.898, +28.504, +44.094 Max HR-Knee = +44.094 Min FL-HipY = +28.504 
[2025-06-10 18:52:59.049.169] [INFO  ] [Controller] [Joints] FL: +35.433, +28.504, +33.701 ,FR: +35.433, +28.504, +35.433, HL: 37.165, +28.504, +42.362, HR: +38.898, +28.504, +44.094 Max HR-Knee = +44.094 Min FL-HipY = +28.504 
[2025-06-10 18:53:01.394.392] [INFO  ] [Battery] SoC = 92%, Volt = +32.400V, Temp 25 
[2025-06-10 18:53:01.549.175] [INFO  ] [Controller] [Joints] FL: +35.433, +28.504, +33.701 ,FR: +35.433, +28.504, +33.701, HL: 37.165, +28.504, +40.630, HR: +38.898, +28.504, +44.094 Max HR-Knee = +44.094 Min FL-HipY = +28.504 
[2025-06-10 18:53:04.049.166] [INFO  ] [Controller] [Joints] FL: +35.433, +28.504, +33.701 ,FR: +35.433, +28.504, +33.701, HL: 37.165, +28.504, +40.630, HR: +38.898, +28.504, +44.094 Max HR-Knee = +44.094 Min FL-HipY = +28.504 
[2025-06-10 18:53:06.392.855] [INFO  ] [Battery] SoC = 92%, Volt = +32.400V, Temp 25 
[2025-06-10 18:53:06.549.165] [INFO  ] [Controller] [Joints] FL: +35.433, +28.504, +31.969 ,FR: +35.433, +28.504, +33.701, HL: 37.165, +28.504, +40.630, HR: +38.898, +28.504, +44.094 Max HR-Knee = +44.094 Min FL-HipY = +28.504 
[2025-06-10 18:53:09.049.186] [INFO  ] [Controller] [Joints] FL: +35.433, +28.504, +31.969 ,FR: +35.433, +28.504, +33.701, HL: 37.165, +28.504, +38.898, HR: +38.898, +28.504, +44.094 Max HR-Knee = +44.094 Min FL-HipY = +28.504 
[2025-06-10 18:53:11.391.400] [INFO  ] [Battery] SoC = 92%, Volt = +32.400V, Temp 25 
[2025-06-10 18:53:11.549.168] [INFO  ] [Controller] [Joints] FL: +35.433, +28.504, +31.969 ,FR: +35.433, +28.504, +33.701, HL: 37.165, +28.504, +38.898, HR: +38.898, +28.504, +44.094 Max HR-Knee = +44.094 Min FL-HipY = +28.504 
[2025-06-10 18:53:14.049.167] [INFO  ] [Controller] [Joints] FL: +35.433, +28.504, +31.969 ,FR: +35.433, +28.504, +33.701, HL: 38.898, +28.504, +38.898, HR: +38.898, +28.504, +44.094 Max HR-Knee = +44.094 Min FL-HipY = +28.504 
[2025-06-10 18:53:16.389.843] [INFO  ] [Battery] SoC = 92%, Volt = +32.400V, Temp 25 
[2025-06-10 18:53:16.549.173] [INFO  ] [Controller] [Joints] FL: +35.433, +28.504, +31.969 ,FR: +35.433, +28.504, +33.701, HL: 38.898, +28.504, +38.898, HR: +38.898, +28.504, +44.094 Max HR-Knee = +44.094 Min FL-HipY = +28.504 
[2025-06-10 18:53:19.049.172] [INFO  ] [Controller] [Joints] FL: +35.433, +28.504, +31.969 ,FR: +35.433, +28.504, +33.701, HL: 38.898, +28.504, +38.898, HR: +38.898, +28.504, +44.094 Max HR-Knee = +44.094 Min FL-HipY = +28.504 
[2025-06-10 18:53:21.388.330] [INFO  ] [Battery] SoC = 92%, Volt = +32.400V, Temp 25 
[2025-06-10 18:53:21.549.171] [INFO  ] [Controller] [Joints] FL: +35.433, +28.504, +31.969 ,FR: +35.433, +28.504, +33.701, HL: 38.898, +28.504, +37.165, HR: +38.898, +28.504, +44.094 Max HR-Knee = +44.094 Min FL-HipY = +28.504 
[2025-06-10 18:53:24.049.171] [INFO  ] [Controller] [Joints] FL: +35.433, +28.504, +31.969 ,FR: +35.433, +28.504, +33.701, HL: 38.898, +28.504, +37.165, HR: +38.898, +28.504, +44.094 Max HR-Knee = +44.094 Min FL-HipY = +28.504 
[2025-06-10 18:53:26.386.759] [INFO  ] [Battery] SoC = 92%, Volt = +32.400V, Temp 25 
[2025-06-10 18:53:26.549.172] [INFO  ] [Controller] [Joints] FL: +35.433, +28.504, +31.969 ,FR: +35.433, +28.504, +33.701, HL: 38.898, +28.504, +37.165, HR: +38.898, +28.504, +44.094 Max HR-Knee = +44.094 Min FL-HipY = +28.504 
[2025-06-10 18:53:29.049.170] [INFO  ] [Controller] [Joints] FL: +35.433, +28.504, +31.969 ,FR: +35.433, +28.504, +33.701, HL: 38.898, +28.504, +37.165, HR: +38.898, +28.504, +42.362 Max HR-Knee = +42.362 Min FL-HipY = +28.504 
[2025-06-10 18:53:31.385.195] [INFO  ] [Battery] SoC = 92%, Volt = +32.400V, Temp 25 
[2025-06-10 18:53:31.549.167] [INFO  ] [Controller] [Joints] FL: +35.433, +28.504, +31.969 ,FR: +35.433, +28.504, +33.701, HL: 38.898, +28.504, +37.165, HR: +38.898, +28.504, +42.362 Max HR-Knee = +42.362 Min FL-HipY = +28.504 
[2025-06-10 18:53:34.049.166] [INFO  ] [Controller] [Joints] FL: +35.433, +28.504, +31.969 ,FR: +35.433, +28.504, +33.701, HL: 38.898, +28.504, +37.165, HR: +38.898, +28.504, +42.362 Max HR-Knee = +42.362 Min FL-HipY = +28.504 
[2025-06-10 18:53:36.383.679] [INFO  ] [Battery] SoC = 92%, Volt = +32.400V, Temp 25 
[2025-06-10 18:53:36.549.171] [INFO  ] [Controller] [Joints] FL: +35.433, +28.504, +31.969 ,FR: +35.433, +28.504, +31.969, HL: 38.898, +28.504, +35.433, HR: +38.898, +28.504, +42.362 Max HR-Knee = +42.362 Min FL-HipY = +28.504 
[2025-06-10 18:53:39.049.172] [INFO  ] [Controller] [Joints] FL: +35.433, +28.504, +31.969 ,FR: +35.433, +28.504, +31.969, HL: 38.898, +28.504, +35.433, HR: +38.898, +28.504, +42.362 Max HR-Knee = +42.362 Min FL-HipY = +28.504 
[2025-06-10 18:53:41.382.185] [INFO  ] [Battery] SoC = 92%, Volt = +32.400V, Temp 25 
[2025-06-10 18:53:41.549.220] [INFO  ] [Controller] [Joints] FL: +35.433, +28.504, +31.969 ,FR: +35.433, +28.504, +31.969, HL: 38.898, +28.504, +35.433, HR: +38.898, +28.504, +42.362 Max HR-Knee = +42.362 Min FL-HipY = +28.504 
[2025-06-10 18:53:44.049.169] [INFO  ] [Controller] [Joints] FL: +35.433, +28.504, +31.969 ,FR: +35.433, +28.504, +31.969, HL: 38.898, +28.504, +35.433, HR: +38.898, +28.504, +42.362 Max HR-Knee = +42.362 Min FL-HipY = +28.504 
[2025-06-10 18:53:46.380.644] [INFO  ] [Battery] SoC = 92%, Volt = +32.400V, Temp 25 
[2025-06-10 18:53:46.549.172] [INFO  ] [Controller] [Joints] FL: +35.433, +28.504, +31.969 ,FR: +35.433, +28.504, +31.969, HL: 38.898, +28.504, +35.433, HR: +38.898, +28.504, +42.362 Max HR-Knee = +42.362 Min FL-HipY = +28.504 
[2025-06-10 18:53:49.049.175] [INFO  ] [Controller] [Joints] FL: +35.433, +28.504, +31.969 ,FR: +35.433, +28.504, +31.969, HL: 38.898, +28.504, +35.433, HR: +38.898, +28.504, +42.362 Max HR-Knee = +42.362 Min FL-HipY = +28.504 
[2025-06-10 18:53:51.379.078] [INFO  ] [Battery] SoC = 92%, Volt = +32.400V, Temp 25 
[2025-06-10 18:53:51.549.175] [INFO  ] [Controller] [Joints] FL: +35.433, +28.504, +31.969 ,FR: +35.433, +28.504, +31.969, HL: 38.898, +28.504, +35.433, HR: +38.898, +28.504, +42.362 Max HR-Knee = +42.362 Min FL-HipY = +28.504 
[2025-06-10 18:53:54.049.171] [INFO  ] [Controller] [Joints] FL: +35.433, +28.504, +31.969 ,FR: +35.433, +28.504, +31.969, HL: 38.898, +28.504, +35.433, HR: +38.898, +28.504, +42.362 Max HR-Knee = +42.362 Min FL-HipY = +28.504 
[2025-06-10 18:53:56.377.513] [INFO  ] [Battery] SoC = 92%, Volt = +32.400V, Temp 25 
[2025-06-10 18:53:56.549.176] [INFO  ] [Controller] [Joints] FL: +35.433, +28.504, +31.969 ,FR: +35.433, +28.504, +31.969, HL: 38.898, +28.504, +35.433, HR: +38.898, +28.504, +42.362 Max HR-Knee = +42.362 Min FL-HipY = +28.504 
[2025-06-10 18:53:59.049.174] [INFO  ] [Controller] [Joints] FL: +35.433, +28.504, +31.969 ,FR: +35.433, +28.504, +31.969, HL: 38.898, +28.504, +35.433, HR: +38.898, +28.504, +42.362 Max HR-Knee = +42.362 Min FL-HipY = +28.504 
[2025-06-10 18:54:01.375.944] [INFO  ] [Battery] SoC = 92%, Volt = +32.400V, Temp 25 
[2025-06-10 18:54:01.549.174] [INFO  ] [Controller] [Joints] FL: +35.433, +28.504, +30.236 ,FR: +35.433, +28.504, +31.969, HL: 38.898, +30.236, +35.433, HR: +38.898, +28.504, +42.362 Max HR-Knee = +42.362 Min FL-HipY = +28.504 
[2025-06-10 18:54:04.049.169] [INFO  ] [Controller] [Joints] FL: +35.433, +28.504, +30.236 ,FR: +35.433, +28.504, +31.969, HL: 38.898, +30.236, +35.433, HR: +38.898, +28.504, +42.362 Max HR-Knee = +42.362 Min FL-HipY = +28.504 
[2025-06-10 18:54:06.374.351] [INFO  ] [Battery] SoC = 92%, Volt = +32.400V, Temp 25 
[2025-06-10 18:54:06.549.172] [INFO  ] [Controller] [Joints] FL: +35.433, +28.504, +30.236 ,FR: +35.433, +28.504, +31.969, HL: 38.898, +30.236, +35.433, HR: +38.898, +28.504, +42.362 Max HR-Knee = +42.362 Min FL-HipY = +28.504 
[2025-06-10 18:54:09.049.167] [INFO  ] [Controller] [Joints] FL: +35.433, +28.504, +30.236 ,FR: +35.433, +28.504, +31.969, HL: 38.898, +30.236, +35.433, HR: +38.898, +28.504, +42.362 Max HR-Knee = +42.362 Min FL-HipY = +28.504 
[2025-06-10 18:54:11.372.876] [INFO  ] [Battery] SoC = 92%, Volt = +32.300V, Temp 25 
[2025-06-10 18:54:11.549.171] [INFO  ] [Controller] [Joints] FL: +35.433, +28.504, +30.236 ,FR: +35.433, +28.504, +31.969, HL: 38.898, +30.236, +35.433, HR: +38.898, +28.504, +42.362 Max HR-Knee = +42.362 Min FL-HipY = +28.504 
[2025-06-10 18:54:14.049.170] [INFO  ] [Controller] [Joints] FL: +35.433, +28.504, +30.236 ,FR: +35.433, +28.504, +31.969, HL: 38.898, +30.236, +35.433, HR: +38.898, +28.504, +42.362 Max HR-Knee = +42.362 Min FL-HipY = +28.504 
[2025-06-10 18:54:16.371.379] [INFO  ] [Battery] SoC = 92%, Volt = +32.300V, Temp 25 
[2025-06-10 18:54:16.549.175] [INFO  ] [Controller] [Joints] FL: +35.433, +28.504, +30.236 ,FR: +35.433, +28.504, +31.969, HL: 40.630, +30.236, +35.433, HR: +38.898, +28.504, +42.362 Max HR-Knee = +42.362 Min FL-HipY = +28.504 
[2025-06-10 18:54:19.049.158] [INFO  ] [Controller] [Joints] FL: +35.433, +28.504, +30.236 ,FR: +35.433, +28.504, +31.969, HL: 40.630, +30.236, +35.433, HR: +38.898, +28.504, +42.362 Max HR-Knee = +42.362 Min FL-HipY = +28.504 
[2025-06-10 18:54:21.369.905] [INFO  ] [Battery] SoC = 92%, Volt = +32.300V, Temp 25 
[2025-06-10 18:54:21.549.174] [INFO  ] [Controller] [Joints] FL: +35.433, +30.236, +30.236 ,FR: +35.433, +28.504, +31.969, HL: 40.630, +30.236, +33.701, HR: +38.898, +28.504, +42.362 Max HR-Knee = +42.362 Min FR-HipY = +28.504 
[2025-06-10 18:54:24.049.171] [INFO  ] [Controller] [Joints] FL: +35.433, +28.504, +30.236 ,FR: +35.433, +28.504, +31.969, HL: 40.630, +30.236, +33.701, HR: +38.898, +28.504, +42.362 Max HR-Knee = +42.362 Min FL-HipY = +28.504 
[2025-06-10 18:54:26.368.562] [INFO  ] [Battery] SoC = 92%, Volt = +32.300V, Temp 25 
[2025-06-10 18:54:26.549.168] [INFO  ] [Controller] [Joints] FL: +35.433, +28.504, +30.236 ,FR: +35.433, +28.504, +31.969, HL: 40.630, +30.236, +33.701, HR: +38.898, +28.504, +42.362 Max HR-Knee = +42.362 Min FL-HipY = +28.504 
[2025-06-10 18:54:29.049.167] [INFO  ] [Controller] [Joints] FL: +35.433, +28.504, +30.236 ,FR: +35.433, +30.236, +31.969, HL: 40.630, +30.236, +33.701, HR: +38.898, +28.504, +42.362 Max HR-Knee = +42.362 Min FL-HipY = +28.504 
[2025-06-10 18:54:31.367.186] [INFO  ] [Battery] SoC = 91%, Volt = +32.300V, Temp 25 
[2025-06-10 18:54:31.549.172] [INFO  ] [Controller] [Joints] FL: +35.433, +30.236, +30.236 ,FR: +35.433, +30.236, +31.969, HL: 40.630, +30.236, +33.701, HR: +38.898, +28.504, +42.362 Max HR-Knee = +42.362 Min HR-HipY = +28.504 
[2025-06-10 18:54:34.049.167] [INFO  ] [Controller] [Joints] FL: +35.433, +30.236, +30.236 ,FR: +35.433, +30.236, +31.969, HL: 40.630, +30.236, +33.701, HR: +38.898, +28.504, +42.362 Max HR-Knee = +42.362 Min HR-HipY = +28.504 
[2025-06-10 18:54:36.365.752] [INFO  ] [Battery] SoC = 91%, Volt = +32.300V, Temp 25 
[2025-06-10 18:54:36.549.166] [INFO  ] [Controller] [Joints] FL: +35.433, +30.236, +30.236 ,FR: +35.433, +30.236, +31.969, HL: 40.630, +30.236, +33.701, HR: +38.898, +28.504, +42.362 Max HR-Knee = +42.362 Min HR-HipY = +28.504 
[2025-06-10 18:54:39.049.172] [INFO  ] [Controller] [Joints] FL: +35.433, +30.236, +30.236 ,FR: +35.433, +30.236, +31.969, HL: 40.630, +30.236, +33.701, HR: +38.898, +28.504, +42.362 Max HR-Knee = +42.362 Min HR-HipY = +28.504 
[2025-06-10 18:54:41.364.311] [INFO  ] [Battery] SoC = 91%, Volt = +32.300V, Temp 25 
[2025-06-10 18:54:41.549.171] [INFO  ] [Controller] [Joints] FL: +35.433, +30.236, +30.236 ,FR: +35.433, +30.236, +31.969, HL: 40.630, +30.236, +33.701, HR: +38.898, +28.504, +42.362 Max HR-Knee = +42.362 Min HR-HipY = +28.504 
[2025-06-10 18:54:44.049.179] [INFO  ] [Controller] [Joints] FL: +35.433, +30.236, +30.236 ,FR: +35.433, +30.236, +31.969, HL: 40.630, +30.236, +33.701, HR: +38.898, +28.504, +42.362 Max HR-Knee = +42.362 Min HR-HipY = +28.504 
[2025-06-10 18:54:46.362.896] [INFO  ] [Battery] SoC = 91%, Volt = +32.300V, Temp 25 
[2025-06-10 18:54:46.549.174] [INFO  ] [Controller] [Joints] FL: +35.433, +30.236, +30.236 ,FR: +35.433, +30.236, +31.969, HL: 40.630, +30.236, +33.701, HR: +38.898, +28.504, +42.362 Max HR-Knee = +42.362 Min HR-HipY = +28.504 
[2025-06-10 18:54:49.049.174] [INFO  ] [Controller] [Joints] FL: +35.433, +30.236, +30.236 ,FR: +35.433, +30.236, +31.969, HL: 40.630, +30.236, +33.701, HR: +38.898, +28.504, +42.362 Max HR-Knee = +42.362 Min HR-HipY = +28.504 
[2025-06-10 18:54:51.361.517] [INFO  ] [Battery] SoC = 91%, Volt = +32.300V, Temp 25 
[2025-06-10 18:54:51.549.171] [INFO  ] [Controller] [Joints] FL: +35.433, +30.236, +30.236 ,FR: +35.433, +30.236, +31.969, HL: 40.630, +30.236, +33.701, HR: +38.898, +28.504, +42.362 Max HR-Knee = +42.362 Min HR-HipY = +28.504 
[2025-06-10 18:54:54.049.178] [INFO  ] [Controller] [Joints] FL: +35.433, +30.236, +30.236 ,FR: +35.433, +30.236, +31.969, HL: 40.630, +30.236, +33.701, HR: +38.898, +28.504, +42.362 Max HR-Knee = +42.362 Min HR-HipY = +28.504 
[2025-06-10 18:54:56.360.111] [INFO  ] [Battery] SoC = 91%, Volt = +32.300V, Temp 25 
[2025-06-10 18:54:56.549.172] [INFO  ] [Controller] [Joints] FL: +35.433, +30.236, +30.236 ,FR: +35.433, +30.236, +31.969, HL: 40.630, +30.236, +33.701, HR: +38.898, +28.504, +42.362 Max HR-Knee = +42.362 Min HR-HipY = +28.504 
[2025-06-10 18:54:59.049.170] [INFO  ] [Controller] [Joints] FL: +35.433, +30.236, +30.236 ,FR: +35.433, +30.236, +31.969, HL: 40.630, +30.236, +33.701, HR: +38.898, +30.236, +42.362 Max HR-Knee = +42.362 Min FL-HipY = +30.236 
[2025-06-10 18:55:01.358.633] [INFO  ] [Battery] SoC = 91%, Volt = +32.300V, Temp 25 
[2025-06-10 18:55:01.549.176] [INFO  ] [Controller] [Joints] FL: +35.433, +30.236, +30.236 ,FR: +35.433, +30.236, +31.969, HL: 40.630, +30.236, +33.701, HR: +38.898, +30.236, +42.362 Max HR-Knee = +42.362 Min FL-HipY = +30.236 
[2025-06-10 18:55:04.049.173] [INFO  ] [Controller] [Joints] FL: +35.433, +30.236, +30.236 ,FR: +35.433, +30.236, +31.969, HL: 40.630, +30.236, +33.701, HR: +38.898, +30.236, +42.362 Max HR-Knee = +42.362 Min FL-HipY = +30.236 
[2025-06-10 18:55:06.357.158] [INFO  ] [Battery] SoC = 91%, Volt = +32.300V, Temp 25 
[2025-06-10 18:55:06.549.165] [INFO  ] [Controller] [Joints] FL: +35.433, +30.236, +30.236 ,FR: +35.433, +30.236, +31.969, HL: 40.630, +30.236, +33.701, HR: +38.898, +30.236, +42.362 Max HR-Knee = +42.362 Min FL-HipY = +30.236 
[2025-06-10 18:55:09.049.168] [INFO  ] [Controller] [Joints] FL: +35.433, +30.236, +30.236 ,FR: +35.433, +30.236, +31.969, HL: 40.630, +30.236, +33.701, HR: +38.898, +30.236, +42.362 Max HR-Knee = +42.362 Min FL-HipY = +30.236 
[2025-06-10 18:55:11.355.601] [INFO  ] [Battery] SoC = 91%, Volt = +32.300V, Temp 25 
[2025-06-10 18:55:11.549.169] [INFO  ] [Controller] [Joints] FL: +35.433, +30.236, +30.236 ,FR: +35.433, +30.236, +31.969, HL: 40.630, +30.236, +33.701, HR: +38.898, +30.236, +42.362 Max HR-Knee = +42.362 Min FL-HipY = +30.236 
[2025-06-10 18:55:14.049.167] [INFO  ] [Controller] [Joints] FL: +35.433, +30.236, +30.236 ,FR: +35.433, +30.236, +31.969, HL: 40.630, +30.236, +33.701, HR: +38.898, +30.236, +42.362 Max HR-Knee = +42.362 Min FL-HipY = +30.236 
[2025-06-10 18:55:16.354.175] [INFO  ] [Battery] SoC = 91%, Volt = +32.300V, Temp 25 
[2025-06-10 18:55:16.549.175] [INFO  ] [Controller] [Joints] FL: +35.433, +30.236, +30.236 ,FR: +35.433, +30.236, +31.969, HL: 40.630, +30.236, +33.701, HR: +38.898, +30.236, +42.362 Max HR-Knee = +42.362 Min FL-HipY = +30.236 
[2025-06-10 18:55:19.049.167] [INFO  ] [Controller] [Joints] FL: +35.433, +30.236, +30.236 ,FR: +35.433, +30.236, +31.969, HL: 40.630, +30.236, +33.701, HR: +38.898, +30.236, +42.362 Max HR-Knee = +42.362 Min FL-HipY = +30.236 
[2025-06-10 18:55:21.352.793] [INFO  ] [Battery] SoC = 91%, Volt = +32.300V, Temp 25 
[2025-06-10 18:55:21.549.166] [INFO  ] [Controller] [Joints] FL: +35.433, +30.236, +30.236 ,FR: +35.433, +30.236, +31.969, HL: 40.630, +30.236, +33.701, HR: +38.898, +30.236, +42.362 Max HR-Knee = +42.362 Min FL-HipY = +30.236 
[2025-06-10 18:55:24.049.175] [INFO  ] [Controller] [Joints] FL: +35.433, +30.236, +30.236 ,FR: +35.433, +30.236, +31.969, HL: 40.630, +30.236, +33.701, HR: +38.898, +30.236, +42.362 Max HR-Knee = +42.362 Min FL-HipY = +30.236 
[2025-06-10 18:55:26.351.507] [INFO  ] [Battery] SoC = 91%, Volt = +32.300V, Temp 25 
[2025-06-10 18:55:26.549.173] [INFO  ] [Controller] [Joints] FL: +35.433, +30.236, +30.236 ,FR: +35.433, +30.236, +31.969, HL: 40.630, +30.236, +33.701, HR: +38.898, +30.236, +42.362 Max HR-Knee = +42.362 Min FL-HipY = +30.236 
[2025-06-10 18:55:29.049.169] [INFO  ] [Controller] [Joints] FL: +35.433, +30.236, +30.236 ,FR: +35.433, +30.236, +31.969, HL: 40.630, +30.236, +33.701, HR: +38.898, +30.236, +42.362 Max HR-Knee = +42.362 Min FL-HipY = +30.236 
[2025-06-10 18:55:31.350.108] [INFO  ] [Battery] SoC = 91%, Volt = +32.300V, Temp 25 
[2025-06-10 18:55:31.549.168] [INFO  ] [Controller] [Joints] FL: +35.433, +30.236, +30.236 ,FR: +35.433, +30.236, +31.969, HL: 40.630, +30.236, +33.701, HR: +38.898, +30.236, +42.362 Max HR-Knee = +42.362 Min FL-HipY = +30.236 
[2025-06-10 18:55:34.049.171] [INFO  ] [Controller] [Joints] FL: +35.433, +30.236, +30.236 ,FR: +35.433, +30.236, +31.969, HL: 40.630, +30.236, +33.701, HR: +38.898, +30.236, +42.362 Max HR-Knee = +42.362 Min FL-HipY = +30.236 
[2025-06-10 18:55:36.348.661] [INFO  ] [Battery] SoC = 91%, Volt = +32.300V, Temp 25 
[2025-06-10 18:55:36.549.172] [INFO  ] [Controller] [Joints] FL: +35.433, +30.236, +30.236 ,FR: +37.165, +30.236, +31.969, HL: 40.630, +30.236, +33.701, HR: +38.898, +30.236, +42.362 Max HR-Knee = +42.362 Min FL-HipY = +30.236 
[2025-06-10 18:55:39.049.175] [INFO  ] [Controller] [Joints] FL: +35.433, +30.236, +30.236 ,FR: +37.165, +30.236, +31.969, HL: 40.630, +30.236, +33.701, HR: +38.898, +30.236, +42.362 Max HR-Knee = +42.362 Min FL-HipY = +30.236 
[2025-06-10 18:55:41.347.322] [INFO  ] [Battery] SoC = 91%, Volt = +32.300V, Temp 25 
[2025-06-10 18:55:41.549.173] [INFO  ] [Controller] [Joints] FL: +35.433, +30.236, +30.236 ,FR: +37.165, +30.236, +31.969, HL: 40.630, +30.236, +33.701, HR: +38.898, +30.236, +42.362 Max HR-Knee = +42.362 Min FL-HipY = +30.236 
[2025-06-10 18:55:44.049.167] [INFO  ] [Controller] [Joints] FL: +35.433, +30.236, +30.236 ,FR: +37.165, +30.236, +31.969, HL: 40.630, +30.236, +33.701, HR: +38.898, +30.236, +42.362 Max HR-Knee = +42.362 Min FL-HipY = +30.236 
[2025-06-10 18:55:46.345.976] [INFO  ] [Battery] SoC = 91%, Volt = +32.300V, Temp 25 
[2025-06-10 18:55:46.549.173] [INFO  ] [Controller] [Joints] FL: +35.433, +30.236, +30.236 ,FR: +37.165, +30.236, +31.969, HL: 40.630, +30.236, +33.701, HR: +38.898, +30.236, +42.362 Max HR-Knee = +42.362 Min FL-HipY = +30.236 
[2025-06-10 18:55:49.049.171] [INFO  ] [Controller] [Joints] FL: +35.433, +30.236, +30.236 ,FR: +37.165, +30.236, +31.969, HL: 40.630, +30.236, +33.701, HR: +38.898, +30.236, +42.362 Max HR-Knee = +42.362 Min FL-HipY = +30.236 
[2025-06-10 18:55:51.344.793] [INFO  ] [Battery] SoC = 91%, Volt = +32.300V, Temp 25 
[2025-06-10 18:55:51.549.173] [INFO  ] [Controller] [Joints] FL: +35.433, +30.236, +30.236 ,FR: +37.165, +30.236, +31.969, HL: 40.630, +30.236, +33.701, HR: +38.898, +30.236, +42.362 Max HR-Knee = +42.362 Min FL-HipY = +30.236 
[2025-06-10 18:55:54.049.173] [INFO  ] [Controller] [Joints] FL: +35.433, +30.236, +30.236 ,FR: +37.165, +30.236, +31.969, HL: 40.630, +30.236, +33.701, HR: +38.898, +30.236, +42.362 Max HR-Knee = +42.362 Min FL-HipY = +30.236 
[2025-06-10 18:55:56.343.479] [INFO  ] [Battery] SoC = 91%, Volt = +32.300V, Temp 25 
[2025-06-10 18:55:56.549.172] [INFO  ] [Controller] [Joints] FL: +35.433, +30.236, +30.236 ,FR: +37.165, +30.236, +31.969, HL: 40.630, +30.236, +33.701, HR: +38.898, +30.236, +42.362 Max HR-Knee = +42.362 Min FL-HipY = +30.236 
[2025-06-10 18:55:59.049.172] [INFO  ] [Controller] [Joints] FL: +35.433, +30.236, +30.236 ,FR: +37.165, +30.236, +31.969, HL: 40.630, +30.236, +33.701, HR: +38.898, +30.236, +42.362 Max HR-Knee = +42.362 Min FL-HipY = +30.236 
[2025-06-10 18:56:01.342.150] [INFO  ] [Battery] SoC = 91%, Volt = +32.300V, Temp 25 
[2025-06-10 18:56:01.549.175] [INFO  ] [Controller] [Joints] FL: +35.433, +30.236, +30.236 ,FR: +37.165, +30.236, +31.969, HL: 40.630, +30.236, +33.701, HR: +38.898, +30.236, +42.362 Max HR-Knee = +42.362 Min FL-HipY = +30.236 
[2025-06-10 18:56:04.049.169] [INFO  ] [Controller] [Joints] FL: +35.433, +30.236, +30.236 ,FR: +37.165, +30.236, +31.969, HL: 40.630, +30.236, +33.701, HR: +38.898, +30.236, +42.362 Max HR-Knee = +42.362 Min FL-HipY = +30.236 
[2025-06-10 18:56:06.340.948] [INFO  ] [Battery] SoC = 91%, Volt = +32.300V, Temp 25 
[2025-06-10 18:56:06.549.172] [INFO  ] [Controller] [Joints] FL: +35.433, +30.236, +30.236 ,FR: +37.165, +30.236, +31.969, HL: 40.630, +30.236, +33.701, HR: +38.898, +30.236, +42.362 Max HR-Knee = +42.362 Min FL-HipY = +30.236 
[2025-06-10 18:56:09.049.170] [INFO  ] [Controller] [Joints] FL: +35.433, +30.236, +30.236 ,FR: +37.165, +30.236, +31.969, HL: 40.630, +30.236, +33.701, HR: +38.898, +30.236, +42.362 Max HR-Knee = +42.362 Min FL-HipY = +30.236 
[2025-06-10 18:56:11.339.843] [INFO  ] [Battery] SoC = 90%, Volt = +32.300V, Temp 25 
[2025-06-10 18:56:11.549.171] [INFO  ] [Controller] [Joints] FL: +35.433, +30.236, +30.236 ,FR: +37.165, +30.236, +31.969, HL: 40.630, +30.236, +33.701, HR: +38.898, +30.236, +42.362 Max HR-Knee = +42.362 Min FL-HipY = +30.236 
[2025-06-10 18:56:14.049.170] [INFO  ] [Controller] [Joints] FL: +35.433, +30.236, +30.236 ,FR: +37.165, +30.236, +31.969, HL: 40.630, +30.236, +33.701, HR: +38.898, +30.236, +42.362 Max HR-Knee = +42.362 Min FL-HipY = +30.236 
[2025-06-10 18:56:16.338.652] [INFO  ] [Battery] SoC = 90%, Volt = +32.300V, Temp 25 
[2025-06-10 18:56:16.549.243] [INFO  ] [Controller] [Joints] FL: +35.433, +30.236, +30.236 ,FR: +37.165, +30.236, +31.969, HL: 40.630, +30.236, +33.701, HR: +38.898, +30.236, +42.362 Max HR-Knee = +42.362 Min FL-HipY = +30.236 
[2025-06-10 18:56:19.050.172] [INFO  ] [Controller] [Joints] FL: +35.433, +30.236, +30.236 ,FR: +37.165, +30.236, +31.969, HL: 40.630, +30.236, +33.701, HR: +38.898, +30.236, +42.362 Max HR-Knee = +42.362 Min FL-HipY = +30.236 
[2025-06-10 18:56:21.337.493] [INFO  ] [Battery] SoC = 90%, Volt = +32.300V, Temp 25 
[2025-06-10 18:56:21.550.167] [INFO  ] [Controller] [Joints] FL: +35.433, +30.236, +30.236 ,FR: +37.165, +30.236, +31.969, HL: 40.630, +30.236, +33.701, HR: +38.898, +30.236, +42.362 Max HR-Knee = +42.362 Min FL-HipY = +30.236 
[2025-06-10 18:56:24.050.170] [INFO  ] [Controller] [Joints] FL: +35.433, +30.236, +30.236 ,FR: +37.165, +30.236, +31.969, HL: 40.630, +30.236, +33.701, HR: +38.898, +30.236, +42.362 Max HR-Knee = +42.362 Min FL-HipY = +30.236 
[2025-06-10 18:56:26.336.332] [INFO  ] [Battery] SoC = 90%, Volt = +32.300V, Temp 25 
[2025-06-10 18:56:26.550.168] [INFO  ] [Controller] [Joints] FL: +35.433, +30.236, +30.236 ,FR: +37.165, +30.236, +31.969, HL: 40.630, +30.236, +33.701, HR: +38.898, +30.236, +42.362 Max HR-Knee = +42.362 Min FL-HipY = +30.236 
[2025-06-10 18:56:29.050.165] [INFO  ] [Controller] [Joints] FL: +35.433, +30.236, +30.236 ,FR: +37.165, +30.236, +31.969, HL: 40.630, +30.236, +33.701, HR: +38.898, +30.236, +42.362 Max HR-Knee = +42.362 Min FL-HipY = +30.236 
[2025-06-10 18:56:31.335.120] [INFO  ] [Battery] SoC = 90%, Volt = +32.300V, Temp 25 
[2025-06-10 18:56:31.550.168] [INFO  ] [Controller] [Joints] FL: +35.433, +30.236, +30.236 ,FR: +37.165, +30.236, +31.969, HL: 40.630, +30.236, +33.701, HR: +38.898, +30.236, +42.362 Max HR-Knee = +42.362 Min FL-HipY = +30.236 
[2025-06-10 18:56:34.050.171] [INFO  ] [Controller] [Joints] FL: +35.433, +30.236, +30.236 ,FR: +37.165, +30.236, +31.969, HL: 40.630, +30.236, +33.701, HR: +40.630, +30.236, +42.362 Max HR-Knee = +42.362 Min FL-HipY = +30.236 
[2025-06-10 18:56:36.334.089] [INFO  ] [Battery] SoC = 90%, Volt = +32.300V, Temp 25 
[2025-06-10 18:56:36.550.166] [INFO  ] [Controller] [Joints] FL: +35.433, +30.236, +30.236 ,FR: +37.165, +30.236, +31.969, HL: 40.630, +30.236, +33.701, HR: +40.630, +30.236, +42.362 Max HR-Knee = +42.362 Min FL-HipY = +30.236 
[2025-06-10 18:56:39.050.172] [INFO  ] [Controller] [Joints] FL: +35.433, +30.236, +30.236 ,FR: +37.165, +30.236, +31.969, HL: 40.630, +30.236, +33.701, HR: +40.630, +30.236, +42.362 Max HR-Knee = +42.362 Min FL-HipY = +30.236 
[2025-06-10 18:56:39.663.185] [INFO  ] [TVMPC] JY is Moving... (tvmpc),  time: 921.438111 
[2025-06-10 18:56:41.332.885] [INFO  ] [Battery] SoC = 90%, Volt = +32.000V, Temp 25 
[2025-06-10 18:56:41.550.169] [INFO  ] [Controller] [Joints] FL: +35.433, +30.236, +30.236 ,FR: +37.165, +30.236, +31.969, HL: 40.630, +30.236, +33.701, HR: +40.630, +30.236, +42.362 Max HR-Knee = +42.362 Min FL-HipY = +30.236 
[2025-06-10 18:56:42.363.569] [INFO  ] [TVMPC] [trot]STOP!!! 
[2025-06-10 18:56:42.364.143] [INFO  ] [BasicMotion] Switching to force control mode, please wait... 
[2025-06-10 18:56:44.050.165] [INFO  ] [Controller] [Joints] FL: +35.433, +30.236, +31.969 ,FR: +37.165, +30.236, +31.969, HL: 40.630, +30.236, +35.433, HR: +40.630, +30.236, +44.094 Max HR-Knee = +44.094 Min FL-HipY = +30.236 
[2025-06-10 18:56:44.465.148] [INFO  ] [Controller] Switch to Twist Body Mode!!! 
[2025-06-10 18:56:46.331.683] [INFO  ] [Battery] SoC = 90%, Volt = +32.200V, Temp 25 
[2025-06-10 18:56:46.550.173] [INFO  ] [Controller] [Joints] FL: +35.433, +30.236, +31.969 ,FR: +37.165, +30.236, +31.969, HL: 40.630, +30.236, +35.433, HR: +40.630, +30.236, +44.094 Max HR-Knee = +44.094 Min FL-HipY = +30.236 
[2025-06-10 18:56:49.050.163] [INFO  ] [Controller] [Joints] FL: +35.433, +30.236, +31.969 ,FR: +37.165, +30.236, +31.969, HL: 40.630, +30.236, +35.433, HR: +40.630, +30.236, +44.094 Max HR-Knee = +44.094 Min FL-HipY = +30.236 
[2025-06-10 18:56:51.330.431] [INFO  ] [Battery] SoC = 90%, Volt = +32.300V, Temp 25 
[2025-06-10 18:56:51.550.582] [INFO  ] [Controller] [Joints] FL: +35.433, +30.236, +31.969 ,FR: +37.165, +30.236, +31.969, HL: 40.630, +30.236, +35.433, HR: +40.630, +30.236, +44.094 Max HR-Knee = +44.094 Min FL-HipY = +30.236 
[2025-06-10 18:56:54.050.173] [INFO  ] [Controller] [Joints] FL: +35.433, +30.236, +31.969 ,FR: +37.165, +30.236, +33.701, HL: 40.630, +30.236, +37.165, HR: +40.630, +30.236, +44.094 Max HR-Knee = +44.094 Min FL-HipY = +30.236 
[2025-06-10 18:56:56.329.344] [INFO  ] [Battery] SoC = 90%, Volt = +32.300V, Temp 25 
[2025-06-10 18:56:56.550.167] [INFO  ] [Controller] [Joints] FL: +35.433, +30.236, +31.969 ,FR: +35.433, +30.236, +33.701, HL: 40.630, +30.236, +37.165, HR: +40.630, +30.236, +44.094 Max HR-Knee = +44.094 Min FL-HipY = +30.236 
[2025-06-10 18:56:59.050.169] [INFO  ] [Controller] [Joints] FL: +35.433, +30.236, +31.969 ,FR: +35.433, +30.236, +33.701, HL: 40.630, +30.236, +38.898, HR: +42.362, +30.236, +44.094 Max HR-Knee = +44.094 Min FL-HipY = +30.236 
[2025-06-10 18:57:01.328.227] [INFO  ] [Battery] SoC = 90%, Volt = +32.200V, Temp 25 
[2025-06-10 18:57:01.550.170] [INFO  ] [Controller] [Joints] FL: +35.433, +30.236, +33.701 ,FR: +35.433, +30.236, +33.701, HL: 40.630, +30.236, +38.898, HR: +42.362, +30.236, +44.094 Max HR-Knee = +44.094 Min FL-HipY = +30.236 
[2025-06-10 18:57:04.050.170] [INFO  ] [Controller] [Joints] FL: +35.433, +30.236, +33.701 ,FR: +35.433, +30.236, +33.701, HL: 40.630, +30.236, +38.898, HR: +42.362, +30.236, +44.094 Max HR-Knee = +44.094 Min FL-HipY = +30.236 
[2025-06-10 18:57:06.327.081] [INFO  ] [Battery] SoC = 90%, Volt = +32.200V, Temp 25 
[2025-06-10 18:57:06.550.167] [INFO  ] [Controller] [Joints] FL: +35.433, +30.236, +33.701 ,FR: +35.433, +30.236, +33.701, HL: 40.630, +30.236, +40.630, HR: +42.362, +30.236, +44.094 Max HR-Knee = +44.094 Min FL-HipY = +30.236 
[2025-06-10 18:57:09.050.170] [INFO  ] [Controller] [Joints] FL: +35.433, +30.236, +33.701 ,FR: +35.433, +30.236, +33.701, HL: 40.630, +30.236, +40.630, HR: +44.094, +30.236, +44.094 Max HR-HipX = +44.094 Min FL-HipY = +30.236 
[2025-06-10 18:57:11.326.006] [INFO  ] [Battery] SoC = 90%, Volt = +32.400V, Temp 25 
[2025-06-10 18:57:11.550.166] [INFO  ] [Controller] [Joints] FL: +35.433, +30.236, +33.701 ,FR: +35.433, +30.236, +33.701, HL: 40.630, +30.236, +40.630, HR: +44.094, +30.236, +44.094 Max HR-HipX = +44.094 Min FL-HipY = +30.236 
[2025-06-10 18:57:14.050.500] [INFO  ] [Controller] [Joints] FL: +35.433, +30.236, +33.701 ,FR: +35.433, +30.236, +33.701, HL: 40.630, +30.236, +40.630, HR: +44.094, +30.236, +44.094 Max HR-HipX = +44.094 Min FL-HipY = +30.236 
[2025-06-10 18:57:16.324.842] [INFO  ] [Battery] SoC = 90%, Volt = +32.200V, Temp 25 
[2025-06-10 18:57:16.550.173] [INFO  ] [Controller] [Joints] FL: +35.433, +30.236, +33.701 ,FR: +35.433, +30.236, +33.701, HL: 40.630, +30.236, +42.362, HR: +44.094, +30.236, +44.094 Max HR-HipX = +44.094 Min FL-HipY = +30.236 
[2025-06-10 18:57:19.050.176] [INFO  ] [Controller] [Joints] FL: +35.433, +30.236, +33.701 ,FR: +35.433, +30.236, +33.701, HL: 40.630, +31.969, +42.362, HR: +42.362, +31.969, +44.094 Max HR-Knee = +44.094 Min FL-HipY = +30.236 
[2025-06-10 18:57:21.323.642] [INFO  ] [Battery] SoC = 90%, Volt = +32.300V, Temp 25 
[2025-06-10 18:57:21.550.172] [INFO  ] [Controller] [Joints] FL: +35.433, +30.236, +33.701 ,FR: +35.433, +30.236, +33.701, HL: 40.630, +31.969, +42.362, HR: +42.362, +31.969, +44.094 Max HR-Knee = +44.094 Min FL-HipY = +30.236 
[2025-06-10 18:57:24.050.174] [INFO  ] [Controller] [Joints] FL: +35.433, +30.236, +33.701 ,FR: +35.433, +30.236, +33.701, HL: 40.630, +31.969, +42.362, HR: +42.362, +31.969, +44.094 Max HR-Knee = +44.094 Min FL-HipY = +30.236 
[2025-06-10 18:57:26.322.365] [INFO  ] [Battery] SoC = 90%, Volt = +32.300V, Temp 25 
[2025-06-10 18:57:26.550.171] [INFO  ] [Controller] [Joints] FL: +35.433, +30.236, +33.701 ,FR: +35.433, +31.969, +33.701, HL: 38.898, +31.969, +42.362, HR: +42.362, +31.969, +44.094 Max HR-Knee = +44.094 Min FL-HipY = +30.236 
[2025-06-10 18:57:29.050.167] [INFO  ] [Controller] [Joints] FL: +35.433, +30.236, +33.701 ,FR: +35.433, +31.969, +35.433, HL: 38.898, +31.969, +42.362, HR: +42.362, +31.969, +44.094 Max HR-Knee = +44.094 Min FL-HipY = +30.236 
[2025-06-10 18:57:31.321.139] [INFO  ] [Battery] SoC = 90%, Volt = +32.200V, Temp 25 
[2025-06-10 18:57:31.550.174] [INFO  ] [Controller] [Joints] FL: +35.433, +30.236, +33.701 ,FR: +35.433, +31.969, +35.433, HL: 38.898, +31.969, +42.362, HR: +42.362, +31.969, +44.094 Max HR-Knee = +44.094 Min FL-HipY = +30.236 
[2025-06-10 18:57:34.050.175] [INFO  ] [Controller] [Joints] FL: +35.433, +30.236, +33.701 ,FR: +35.433, +31.969, +35.433, HL: 38.898, +31.969, +42.362, HR: +42.362, +31.969, +44.094 Max HR-Knee = +44.094 Min FL-HipY = +30.236 
[2025-06-10 18:57:36.319.901] [INFO  ] [Battery] SoC = 89%, Volt = +32.200V, Temp 25 
[2025-06-10 18:57:36.550.173] [INFO  ] [Controller] [Joints] FL: +35.433, +30.236, +35.433 ,FR: +35.433, +31.969, +35.433, HL: 38.898, +31.969, +42.362, HR: +42.362, +31.969, +44.094 Max HR-Knee = +44.094 Min FL-HipY = +30.236 
[2025-06-10 18:57:39.050.175] [INFO  ] [Controller] [Joints] FL: +35.433, +30.236, +35.433 ,FR: +35.433, +31.969, +35.433, HL: 38.898, +31.969, +42.362, HR: +42.362, +31.969, +44.094 Max HR-Knee = +44.094 Min FL-HipY = +30.236 
[2025-06-10 18:57:41.318.602] [INFO  ] [Battery] SoC = 89%, Volt = +32.300V, Temp 25 
[2025-06-10 18:57:41.550.174] [INFO  ] [Controller] [Joints] FL: +35.433, +31.969, +35.433 ,FR: +35.433, +31.969, +35.433, HL: 38.898, +31.969, +42.362, HR: +42.362, +31.969, +44.094 Max HR-Knee = +44.094 Min FL-HipY = +31.969 
[2025-06-10 18:57:44.050.174] [INFO  ] [Controller] [Joints] FL: +35.433, +31.969, +35.433 ,FR: +35.433, +33.701, +35.433, HL: 38.898, +31.969, +40.630, HR: +42.362, +31.969, +44.094 Max HR-Knee = +44.094 Min FL-HipY = +31.969 
[2025-06-10 18:57:46.317.456] [INFO  ] [Battery] SoC = 89%, Volt = +32.100V, Temp 25 
[2025-06-10 18:57:46.550.172] [INFO  ] [Controller] [Joints] FL: +35.433, +31.969, +35.433 ,FR: +35.433, +33.701, +35.433, HL: 38.898, +31.969, +40.630, HR: +40.630, +31.969, +42.362 Max HR-Knee = +42.362 Min FL-HipY = +31.969 
[2025-06-10 18:57:49.050.168] [INFO  ] [Controller] [Joints] FL: +35.433, +31.969, +35.433 ,FR: +35.433, +33.701, +35.433, HL: 38.898, +31.969, +40.630, HR: +40.630, +31.969, +42.362 Max HR-Knee = +42.362 Min FL-HipY = +31.969 
[2025-06-10 18:57:51.316.199] [INFO  ] [Battery] SoC = 89%, Volt = +32.300V, Temp 25 
[2025-06-10 18:57:51.550.167] [INFO  ] [Controller] [Joints] FL: +35.433, +31.969, +35.433 ,FR: +35.433, +33.701, +37.165, HL: 38.898, +31.969, +40.630, HR: +42.362, +33.701, +42.362 Max HR-HipX = +42.362 Min FL-HipY = +31.969 
[2025-06-10 18:57:54.050.173] [INFO  ] [Controller] [Joints] FL: +35.433, +31.969, +35.433 ,FR: +35.433, +33.701, +37.165, HL: 38.898, +31.969, +40.630, HR: +42.362, +33.701, +42.362 Max HR-HipX = +42.362 Min FL-HipY = +31.969 
[2025-06-10 18:57:56.314.877] [INFO  ] [Battery] SoC = 89%, Volt = +32.200V, Temp 25 
[2025-06-10 18:57:56.550.166] [INFO  ] [Controller] [Joints] FL: +35.433, +31.969, +35.433 ,FR: +35.433, +35.433, +37.165, HL: 38.898, +33.701, +40.630, HR: +42.362, +33.701, +40.630 Max HR-HipX = +42.362 Min FL-HipY = +31.969 
[2025-06-10 18:57:59.050.169] [INFO  ] [Controller] [Joints] FL: +35.433, +33.701, +35.433 ,FR: +35.433, +35.433, +37.165, HL: 38.898, +33.701, +40.630, HR: +42.362, +33.701, +40.630 Max HR-HipX = +42.362 Min FL-HipY = +33.701 
[2025-06-10 18:58:01.313.544] [INFO  ] [Battery] SoC = 89%, Volt = +32.300V, Temp 25 
[2025-06-10 18:58:01.550.173] [INFO  ] [Controller] [Joints] FL: +35.433, +33.701, +35.433 ,FR: +35.433, +35.433, +37.165, HL: 38.898, +33.701, +38.898, HR: +42.362, +33.701, +40.630 Max HR-HipX = +42.362 Min FL-HipY = +33.701 
[2025-06-10 18:58:04.050.170] [INFO  ] [Controller] [Joints] FL: +35.433, +33.701, +35.433 ,FR: +35.433, +35.433, +37.165, HL: 38.898, +33.701, +38.898, HR: +42.362, +33.701, +40.630 Max HR-HipX = +42.362 Min FL-HipY = +33.701 
[2025-06-10 18:58:06.312.151] [INFO  ] [Battery] SoC = 89%, Volt = +32.300V, Temp 25 
[2025-06-10 18:58:06.550.170] [INFO  ] [Controller] [Joints] FL: +35.433, +33.701, +35.433 ,FR: +35.433, +35.433, +37.165, HL: 38.898, +33.701, +38.898, HR: +42.362, +33.701, +40.630 Max HR-HipX = +42.362 Min FL-HipY = +33.701 
[2025-06-10 18:58:09.050.173] [INFO  ] [Controller] [Joints] FL: +35.433, +33.701, +35.433 ,FR: +35.433, +35.433, +37.165, HL: 38.898, +33.701, +38.898, HR: +40.630, +33.701, +40.630 Max HR-HipX = +40.630 Min FL-HipY = +33.701 
[2025-06-10 18:58:11.310.682] [INFO  ] [Battery] SoC = 89%, Volt = +32.200V, Temp 25 
[2025-06-10 18:58:11.550.170] [INFO  ] [Controller] [Joints] FL: +35.433, +33.701, +35.433 ,FR: +35.433, +35.433, +37.165, HL: 38.898, +33.701, +38.898, HR: +40.630, +33.701, +40.630 Max HR-HipX = +40.630 Min FL-HipY = +33.701 
[2025-06-10 18:58:14.050.173] [INFO  ] [Controller] [Joints] FL: +35.433, +33.701, +35.433 ,FR: +35.433, +35.433, +37.165, HL: 38.898, +33.701, +38.898, HR: +40.630, +33.701, +40.630 Max HR-HipX = +40.630 Min FL-HipY = +33.701 
[2025-06-10 18:58:16.309.326] [INFO  ] [Battery] SoC = 89%, Volt = +32.100V, Temp 25 
[2025-06-10 18:58:16.550.171] [INFO  ] [Controller] [Joints] FL: +35.433, +33.701, +35.433 ,FR: +35.433, +37.165, +37.165, HL: 38.898, +33.701, +38.898, HR: +40.630, +33.701, +40.630 Max HR-HipX = +40.630 Min FL-HipY = +33.701 
[2025-06-10 18:58:19.050.174] [INFO  ] [Controller] [Joints] FL: +35.433, +33.701, +35.433 ,FR: +35.433, +37.165, +37.165, HL: 38.898, +33.701, +38.898, HR: +40.630, +33.701, +40.630 Max HR-HipX = +40.630 Min FL-HipY = +33.701 
[2025-06-10 18:58:21.308.001] [INFO  ] [Battery] SoC = 89%, Volt = +32.300V, Temp 25 
[2025-06-10 18:58:21.550.172] [INFO  ] [Controller] [Joints] FL: +35.433, +33.701, +35.433 ,FR: +35.433, +37.165, +37.165, HL: 38.898, +33.701, +38.898, HR: +40.630, +33.701, +40.630 Max HR-HipX = +40.630 Min FL-HipY = +33.701 
[2025-06-10 18:58:24.050.170] [INFO  ] [Controller] [Joints] FL: +35.433, +35.433, +35.433 ,FR: +35.433, +37.165, +37.165, HL: 38.898, +33.701, +38.898, HR: +40.630, +33.701, +40.630 Max HR-HipX = +40.630 Min HL-HipY = +33.701 
[2025-06-10 18:58:26.306.689] [INFO  ] [Battery] SoC = 89%, Volt = +32.300V, Temp 25 
[2025-06-10 18:58:26.550.169] [INFO  ] [Controller] [Joints] FL: +35.433, +35.433, +35.433 ,FR: +35.433, +37.165, +38.898, HL: 38.898, +33.701, +38.898, HR: +40.630, +33.701, +40.630 Max HR-HipX = +40.630 Min HL-HipY = +33.701 
[2025-06-10 18:58:29.050.172] [INFO  ] [Controller] [Joints] FL: +35.433, +35.433, +35.433 ,FR: +35.433, +37.165, +38.898, HL: 37.165, +33.701, +38.898, HR: +40.630, +33.701, +40.630 Max HR-HipX = +40.630 Min HL-HipY = +33.701 
[2025-06-10 18:58:31.305.364] [INFO  ] [Battery] SoC = 89%, Volt = +32.300V, Temp 25 
[2025-06-10 18:58:31.550.165] [INFO  ] [Controller] [Joints] FL: +35.433, +35.433, +35.433 ,FR: +35.433, +37.165, +38.898, HL: 37.165, +33.701, +37.165, HR: +40.630, +33.701, +40.630 Max HR-HipX = +40.630 Min HL-HipY = +33.701 
[2025-06-10 18:58:34.050.173] [INFO  ] [Controller] [Joints] FL: +35.433, +35.433, +35.433 ,FR: +35.433, +37.165, +38.898, HL: 37.165, +33.701, +37.165, HR: +40.630, +33.701, +40.630 Max HR-HipX = +40.630 Min HL-HipY = +33.701 
[2025-06-10 18:58:36.304.053] [INFO  ] [Battery] SoC = 89%, Volt = +32.300V, Temp 25 
[2025-06-10 18:58:36.550.177] [INFO  ] [Controller] [Joints] FL: +35.433, +35.433, +35.433 ,FR: +35.433, +37.165, +38.898, HL: 37.165, +33.701, +37.165, HR: +38.898, +33.701, +40.630 Max HR-Knee = +40.630 Min HL-HipY = +33.701 
[2025-06-10 18:58:39.050.170] [INFO  ] [Controller] [Joints] FL: +33.701, +35.433, +33.701 ,FR: +35.433, +38.898, +40.630, HL: 37.165, +33.701, +37.165, HR: +38.898, +33.701, +40.630 Max FR-Knee = +40.630 Min FL-HipX = +33.701 
[2025-06-10 18:58:41.302.711] [INFO  ] [Battery] SoC = 89%, Volt = +32.300V, Temp 25 
[2025-06-10 18:58:41.550.169] [INFO  ] [Controller] [Joints] FL: +33.701, +35.433, +33.701 ,FR: +35.433, +38.898, +40.630, HL: 37.165, +33.701, +37.165, HR: +38.898, +33.701, +40.630 Max FR-Knee = +40.630 Min FL-HipX = +33.701 
[2025-06-10 18:58:44.050.450] [INFO  ] [Controller] [Joints] FL: +33.701, +35.433, +33.701 ,FR: +35.433, +38.898, +40.630, HL: 37.165, +33.701, +37.165, HR: +38.898, +33.701, +40.630 Max FR-Knee = +40.630 Min FL-HipX = +33.701 
[2025-06-10 18:58:46.301.356] [INFO  ] [Battery] SoC = 89%, Volt = +32.300V, Temp 25 
[2025-06-10 18:58:46.550.166] [INFO  ] [Controller] [Joints] FL: +33.701, +35.433, +33.701 ,FR: +35.433, +38.898, +40.630, HL: 37.165, +33.701, +37.165, HR: +38.898, +33.701, +40.630 Max FR-Knee = +40.630 Min FL-HipX = +33.701 
[2025-06-10 18:58:49.050.169] [INFO  ] [Controller] [Joints] FL: +33.701, +35.433, +33.701 ,FR: +35.433, +38.898, +40.630, HL: 37.165, +33.701, +37.165, HR: +38.898, +33.701, +40.630 Max FR-Knee = +40.630 Min FL-HipX = +33.701 
[2025-06-10 18:58:51.300.242] [INFO  ] [Battery] SoC = 89%, Volt = +32.300V, Temp 25 
[2025-06-10 18:58:51.550.169] [INFO  ] [Controller] [Joints] FL: +33.701, +35.433, +33.701 ,FR: +35.433, +38.898, +40.630, HL: 37.165, +33.701, +37.165, HR: +38.898, +33.701, +40.630 Max FR-Knee = +40.630 Min FL-HipX = +33.701 
[2025-06-10 18:58:54.050.165] [INFO  ] [Controller] [Joints] FL: +33.701, +35.433, +33.701 ,FR: +33.701, +38.898, +40.630, HL: 37.165, +33.701, +35.433, HR: +38.898, +31.969, +40.630 Max FR-Knee = +40.630 Min HR-HipY = +31.969 
[2025-06-10 18:58:56.298.952] [INFO  ] [Battery] SoC = 89%, Volt = +32.300V, Temp 25 
[2025-06-10 18:58:56.550.170] [INFO  ] [Controller] [Joints] FL: +33.701, +35.433, +33.701 ,FR: +33.701, +38.898, +40.630, HL: 37.165, +33.701, +35.433, HR: +38.898, +31.969, +40.630 Max FR-Knee = +40.630 Min HR-HipY = +31.969 
[2025-06-10 18:58:59.050.171] [INFO  ] [Controller] [Joints] FL: +33.701, +35.433, +33.701 ,FR: +33.701, +38.898, +42.362, HL: 35.433, +33.701, +35.433, HR: +38.898, +31.969, +40.630 Max FR-Knee = +42.362 Min HR-HipY = +31.969 
[2025-06-10 18:59:01.297.619] [INFO  ] [Battery] SoC = 88%, Volt = +32.300V, Temp 25 
[2025-06-10 18:59:01.550.173] [INFO  ] [Controller] [Joints] FL: +33.701, +35.433, +33.701 ,FR: +33.701, +38.898, +42.362, HL: 35.433, +33.701, +35.433, HR: +38.898, +31.969, +40.630 Max FR-Knee = +42.362 Min HR-HipY = +31.969 
[2025-06-10 18:59:04.050.170] [INFO  ] [Controller] [Joints] FL: +33.701, +35.433, +33.701 ,FR: +33.701, +38.898, +42.362, HL: 35.433, +33.701, +35.433, HR: +38.898, +31.969, +40.630 Max FR-Knee = +42.362 Min HR-HipY = +31.969 
[2025-06-10 18:59:06.296.355] [INFO  ] [Battery] SoC = 88%, Volt = +32.300V, Temp 26 
[2025-06-10 18:59:06.550.174] [INFO  ] [Controller] [Joints] FL: +33.701, +35.433, +31.969 ,FR: +33.701, +38.898, +42.362, HL: 35.433, +33.701, +35.433, HR: +38.898, +31.969, +40.630 Max FR-Knee = +42.362 Min FL-Knee = +31.969 
[2025-06-10 18:59:09.050.171] [INFO  ] [Controller] [Joints] FL: +33.701, +35.433, +31.969 ,FR: +33.701, +38.898, +42.362, HL: 35.433, +33.701, +35.433, HR: +37.165, +31.969, +40.630 Max FR-Knee = +42.362 Min FL-Knee = +31.969 
[2025-06-10 18:59:11.294.998] [INFO  ] [Battery] SoC = 88%, Volt = +32.300V, Temp 26 
[2025-06-10 18:59:11.550.173] [INFO  ] [Controller] [Joints] FL: +33.701, +35.433, +31.969 ,FR: +33.701, +38.898, +42.362, HL: 35.433, +33.701, +35.433, HR: +37.165, +31.969, +40.630 Max FR-Knee = +42.362 Min FL-Knee = +31.969 
[2025-06-10 18:59:14.050.175] [INFO  ] [Controller] [Joints] FL: +33.701, +35.433, +31.969 ,FR: +33.701, +38.898, +42.362, HL: 35.433, +33.701, +35.433, HR: +37.165, +31.969, +40.630 Max FR-Knee = +42.362 Min FL-Knee = +31.969 
[2025-06-10 18:59:16.293.679] [INFO  ] [Battery] SoC = 88%, Volt = +32.300V, Temp 26 
[2025-06-10 18:59:16.550.254] [INFO  ] [Controller] [Joints] FL: +33.701, +35.433, +31.969 ,FR: +33.701, +38.898, +42.362, HL: 35.433, +33.701, +35.433, HR: +37.165, +31.969, +40.630 Max FR-Knee = +42.362 Min FL-Knee = +31.969 
[2025-06-10 18:59:19.050.173] [INFO  ] [Controller] [Joints] FL: +33.701, +35.433, +31.969 ,FR: +33.701, +38.898, +42.362, HL: 35.433, +33.701, +35.433, HR: +37.165, +31.969, +40.630 Max FR-Knee = +42.362 Min FL-Knee = +31.969 
[2025-06-10 18:59:21.292.484] [INFO  ] [Battery] SoC = 88%, Volt = +32.300V, Temp 26 
[2025-06-10 18:59:21.550.172] [INFO  ] [Controller] [Joints] FL: +33.701, +35.433, +31.969 ,FR: +33.701, +38.898, +42.362, HL: 35.433, +33.701, +35.433, HR: +37.165, +31.969, +40.630 Max FR-Knee = +42.362 Min FL-Knee = +31.969 
[2025-06-10 18:59:24.050.168] [INFO  ] [Controller] [Joints] FL: +33.701, +35.433, +31.969 ,FR: +33.701, +38.898, +42.362, HL: 35.433, +33.701, +35.433, HR: +37.165, +31.969, +38.898 Max FR-Knee = +42.362 Min FL-Knee = +31.969 
[2025-06-10 18:59:26.291.102] [INFO  ] [Battery] SoC = 88%, Volt = +32.300V, Temp 26 
[2025-06-10 18:59:26.550.165] [INFO  ] [Controller] [Joints] FL: +33.701, +35.433, +31.969 ,FR: +33.701, +38.898, +42.362, HL: 35.433, +33.701, +35.433, HR: +37.165, +31.969, +38.898 Max FR-Knee = +42.362 Min FL-Knee = +31.969 
[2025-06-10 18:59:27.531.152] [INFO  ] [Controller] Switch to Move Mode!!! 
[2025-06-10 18:59:28.206.184] [INFO  ] [TVMPC] JY is Moving... (tvmpc),  time: 1089.981112 
[2025-06-10 18:59:29.050.162] [INFO  ] [Controller] [Joints] FL: +33.701, +35.433, +31.969 ,FR: +33.701, +38.898, +42.362, HL: 35.433, +33.701, +35.433, HR: +37.165, +31.969, +38.898 Max FR-Knee = +42.362 Min FL-Knee = +31.969 
[2025-06-10 18:59:31.289.749] [INFO  ] [Battery] SoC = 88%, Volt = +32.200V, Temp 26 
[2025-06-10 18:59:31.550.165] [INFO  ] [Controller] [Joints] FL: +33.701, +35.433, +31.969 ,FR: +33.701, +38.898, +42.362, HL: 35.433, +33.701, +35.433, HR: +37.165, +31.969, +40.630 Max FR-Knee = +42.362 Min FL-Knee = +31.969 
[2025-06-10 18:59:31.806.574] [INFO  ] [TVMPC] [trot]STOP!!! 
[2025-06-10 18:59:31.807.143] [INFO  ] [BasicMotion] Switching to force control mode, please wait... 
[2025-06-10 18:59:33.721.161] [INFO  ] [Controller] trot run... 
[2025-06-10 18:59:34.050.175] [INFO  ] [Controller] [Joints] FL: +33.701, +35.433, +33.701 ,FR: +33.701, +38.898, +42.362, HL: 35.433, +33.701, +35.433, HR: +37.165, +31.969, +40.630 Max FR-Knee = +42.362 Min HR-HipY = +31.969 
[2025-06-10 18:59:36.288.375] [INFO  ] [Battery] SoC = 88%, Volt = +32.200V, Temp 26 
[2025-06-10 18:59:36.550.175] [INFO  ] [Controller] [Joints] FL: +33.701, +35.433, +33.701 ,FR: +33.701, +38.898, +42.362, HL: 35.433, +33.701, +35.433, HR: +38.898, +31.969, +40.630 Max FR-Knee = +42.362 Min HR-HipY = +31.969 
[2025-06-10 18:59:39.050.174] [INFO  ] [Controller] [Joints] FL: +33.701, +35.433, +33.701 ,FR: +35.433, +38.898, +42.362, HL: 35.433, +33.701, +35.433, HR: +38.898, +31.969, +40.630 Max FR-Knee = +42.362 Min HR-HipY = +31.969 
[2025-06-10 18:59:41.286.945] [INFO  ] [Battery] SoC = 88%, Volt = +32.200V, Temp 26 
[2025-06-10 18:59:41.550.173] [INFO  ] [Controller] [Joints] FL: +33.701, +35.433, +33.701 ,FR: +35.433, +37.165, +40.630, HL: 37.165, +33.701, +37.165, HR: +38.898, +31.969, +42.362 Max HR-Knee = +42.362 Min HR-HipY = +31.969 
[2025-06-10 18:59:44.050.176] [INFO  ] [Controller] [Joints] FL: +35.433, +35.433, +33.701 ,FR: +35.433, +37.165, +40.630, HL: 37.165, +33.701, +37.165, HR: +38.898, +31.969, +42.362 Max HR-Knee = +42.362 Min HR-HipY = +31.969 
[2025-06-10 18:59:46.285.460] [INFO  ] [Battery] SoC = 88%, Volt = +32.200V, Temp 26 
[2025-06-10 18:59:46.550.172] [INFO  ] [Controller] [Joints] FL: +35.433, +35.433, +35.433 ,FR: +35.433, +37.165, +40.630, HL: 37.165, +33.701, +37.165, HR: +38.898, +31.969, +42.362 Max HR-Knee = +42.362 Min HR-HipY = +31.969 
[2025-06-10 18:59:49.050.174] [INFO  ] [Controller] [Joints] FL: +35.433, +35.433, +35.433 ,FR: +35.433, +37.165, +38.898, HL: 38.898, +33.701, +37.165, HR: +40.630, +31.969, +44.094 Max HR-Knee = +44.094 Min HR-HipY = +31.969 
[2025-06-10 18:59:51.283.977] [INFO  ] [Battery] SoC = 88%, Volt = +32.200V, Temp 26 
[2025-06-10 18:59:51.481.163] [INFO  ] [Controller] trot... 
[2025-06-10 18:59:51.550.172] [INFO  ] [Controller] [Joints] FL: +35.433, +33.701, +35.433 ,FR: +35.433, +37.165, +38.898, HL: 38.898, +33.701, +37.165, HR: +40.630, +31.969, +44.094 Max HR-Knee = +44.094 Min HR-HipY = +31.969 
[2025-06-10 18:59:52.041.151] [INFO  ] [Controller] trot... 
[2025-06-10 18:59:53.670.149] [INFO  ] [Controller] Switch to Twist Body Mode!!! 
[2025-06-10 18:59:54.050.167] [INFO  ] [Controller] [Joints] FL: +35.433, +33.701, +35.433 ,FR: +35.433, +35.433, +38.898, HL: 38.898, +33.701, +37.165, HR: +40.630, +31.969, +44.094 Max HR-Knee = +44.094 Min HR-HipY = +31.969 
[2025-06-10 18:59:56.282.516] [INFO  ] [Battery] SoC = 88%, Volt = +32.200V, Temp 26 
[2025-06-10 18:59:56.550.171] [INFO  ] [Controller] [Joints] FL: +35.433, +33.701, +35.433 ,FR: +35.433, +35.433, +38.898, HL: 38.898, +33.701, +38.898, HR: +40.630, +31.969, +44.094 Max HR-Knee = +44.094 Min HR-HipY = +31.969 
[2025-06-10 18:59:59.050.172] [INFO  ] [Controller] [Joints] FL: +35.433, +33.701, +35.433 ,FR: +35.433, +35.433, +38.898, HL: 38.898, +33.701, +38.898, HR: +40.630, +31.969, +44.094 Max HR-Knee = +44.094 Min HR-HipY = +31.969 
[2025-06-10 19:00:01.281.133] [INFO  ] [Battery] SoC = 88%, Volt = +32.200V, Temp 26 
[2025-06-10 19:00:01.550.171] [INFO  ] [Controller] [Joints] FL: +35.433, +33.701, +35.433 ,FR: +35.433, +35.433, +37.165, HL: 38.898, +33.701, +40.630, HR: +42.362, +31.969, +44.094 Max HR-Knee = +44.094 Min HR-HipY = +31.969 
[2025-06-10 19:00:04.050.172] [INFO  ] [Controller] [Joints] FL: +35.433, +33.701, +35.433 ,FR: +35.433, +35.433, +37.165, HL: 38.898, +33.701, +40.630, HR: +42.362, +31.969, +42.362 Max HR-HipX = +42.362 Min HR-HipY = +31.969 
[2025-06-10 19:00:06.279.838] [INFO  ] [Battery] SoC = 88%, Volt = +32.200V, Temp 26 
[2025-06-10 19:00:06.550.174] [INFO  ] [Controller] [Joints] FL: +35.433, +33.701, +35.433 ,FR: +35.433, +35.433, +37.165, HL: 40.630, +33.701, +42.362, HR: +42.362, +31.969, +42.362 Max HL-Knee = +42.362 Min HR-HipY = +31.969 
[2025-06-10 19:00:09.050.168] [INFO  ] [Controller] [Joints] FL: +37.165, +33.701, +35.433 ,FR: +35.433, +35.433, +37.165, HL: 40.630, +31.969, +42.362, HR: +42.362, +31.969, +42.362 Max HL-Knee = +42.362 Min HL-HipY = +31.969 
[2025-06-10 19:00:11.278.382] [INFO  ] [Battery] SoC = 88%, Volt = +32.200V, Temp 26 
[2025-06-10 19:00:11.550.170] [INFO  ] [Controller] [Joints] FL: +37.165, +33.701, +35.433 ,FR: +37.165, +35.433, +37.165, HL: 40.630, +31.969, +44.094, HR: +44.094, +31.969, +42.362 Max HL-Knee = +44.094 Min HL-HipY = +31.969 
[2025-06-10 19:00:14.051.174] [INFO  ] [Controller] [Joints] FL: +37.165, +33.701, +35.433 ,FR: +37.165, +33.701, +37.165, HL: 40.630, +31.969, +44.094, HR: +44.094, +31.969, +40.630 Max HL-Knee = +44.094 Min HL-HipY = +31.969 
[2025-06-10 19:00:14.993.189] [INFO  ] [Controller] Greeting1... 
[2025-06-10 19:00:14.993.256] [INFO  ] [BasicMotion] Greeting, please wait... 
[2025-06-10 19:00:16.276.964] [INFO  ] [Battery] SoC = 88%, Volt = +32.100V, Temp 26 
[2025-06-10 19:00:16.505.159] [INFO  ] [BasicMotion] Greeting Third State End ... 
[2025-06-10 19:00:16.551.166] [INFO  ] [Controller] [Joints] FL: +37.165, +33.701, +35.433 ,FR: +37.165, +33.701, +37.165, HL: 40.630, +31.969, +44.094, HR: +44.094, +31.969, +40.630 Max HL-Knee = +44.094 Min HL-HipY = +31.969 
[2025-06-10 19:00:17.005.155] [INFO  ] [BasicMotion] waving_cnt: 1 
[2025-06-10 19:00:17.505.154] [INFO  ] [BasicMotion] waving_cnt: 2 
[2025-06-10 19:00:18.006.160] [INFO  ] [BasicMotion] waving_cnt: 3 
[2025-06-10 19:00:18.506.162] [INFO  ] [BasicMotion] waving_cnt: 4 
[2025-06-10 19:00:19.006.160] [INFO  ] [BasicMotion] waving_cnt: 5 
[2025-06-10 19:00:19.053.170] [INFO  ] [Controller] [Joints] FL: +37.165, +33.701, +35.433 ,FR: +37.165, +33.701, +37.165, HL: 40.630, +31.969, +44.094, HR: +44.094, +31.969, +40.630 Max HL-Knee = +44.094 Min HL-HipY = +31.969 
[2025-06-10 19:00:19.506.157] [INFO  ] [BasicMotion] waving_cnt: 6 
[2025-06-10 19:00:20.007.159] [INFO  ] [BasicMotion] waving_cnt: 7 
[2025-06-10 19:00:20.507.159] [INFO  ] [BasicMotion] waving_cnt: 8 
[2025-06-10 19:00:21.008.154] [INFO  ] [BasicMotion] waving_cnt: 9 
[2025-06-10 19:00:21.275.441] [INFO  ] [Battery] SoC = 88%, Volt = +32.200V, Temp 26 
[2025-06-10 19:00:21.553.174] [INFO  ] [Controller] [Joints] FL: +37.165, +33.701, +35.433 ,FR: +37.165, +33.701, +37.165, HL: 40.630, +31.969, +44.094, HR: +44.094, +31.969, +40.630 Max HL-Knee = +44.094 Min HL-HipY = +31.969 
[2025-06-10 19:00:23.011.161] [INFO  ] [BasicMotion] Stand up action has finished, waitting to switch to force control mode! 
[2025-06-10 19:00:23.011.201] [INFO  ] [BasicMotion] Switching to force control mode, please wait... 
[2025-06-10 19:00:24.053.172] [INFO  ] [Controller] [Joints] FL: +37.165, +35.433, +35.433 ,FR: +37.165, +33.701, +37.165, HL: 38.898, +31.969, +44.094, HR: +42.362, +31.969, +40.630 Max HL-Knee = +44.094 Min HL-HipY = +31.969 
[2025-06-10 19:00:26.274.009] [INFO  ] [Battery] SoC = 88%, Volt = +32.200V, Temp 26 
[2025-06-10 19:00:26.553.170] [INFO  ] [Controller] [Joints] FL: +37.165, +35.433, +35.433 ,FR: +37.165, +33.701, +37.165, HL: 40.630, +31.969, +44.094, HR: +42.362, +31.969, +40.630 Max HL-Knee = +44.094 Min HL-HipY = +31.969 
[2025-06-10 19:00:27.231.147] [INFO  ] [Controller] dance... 
[2025-06-10 19:00:29.053.165] [INFO  ] [Controller] [Joints] FL: +35.433, +35.433, +37.165 ,FR: +37.165, +33.701, +37.165, HL: 40.630, +31.969, +44.094, HR: +42.362, +31.969, +40.630 Max HL-Knee = +44.094 Min HL-HipY = +31.969 
[2025-06-10 19:00:31.272.620] [INFO  ] [Battery] SoC = 87%, Volt = +32.100V, Temp 26 
[2025-06-10 19:00:31.553.169] [INFO  ] [Controller] [Joints] FL: +35.433, +35.433, +37.165 ,FR: +37.165, +33.701, +37.165, HL: 40.630, +31.969, +44.094, HR: +42.362, +31.969, +40.630 Max HL-Knee = +44.094 Min HL-HipY = +31.969 
[2025-06-10 19:00:34.053.188] [INFO  ] [Controller] [Joints] FL: +35.433, +35.433, +37.165 ,FR: +37.165, +33.701, +37.165, HL: 40.630, +31.969, +42.362, HR: +42.362, +31.969, +40.630 Max HL-Knee = +42.362 Min HL-HipY = +31.969 
[2025-06-10 19:00:36.271.265] [INFO  ] [Battery] SoC = 87%, Volt = +32.200V, Temp 26 
[2025-06-10 19:00:36.553.174] [INFO  ] [Controller] [Joints] FL: +35.433, +35.433, +37.165 ,FR: +37.165, +33.701, +37.165, HL: 40.630, +31.969, +42.362, HR: +42.362, +31.969, +40.630 Max HL-Knee = +42.362 Min HL-HipY = +31.969 
[2025-06-10 19:00:39.053.171] [INFO  ] [Controller] [Joints] FL: +35.433, +35.433, +37.165 ,FR: +37.165, +33.701, +37.165, HL: 40.630, +31.969, +42.362, HR: +42.362, +31.969, +40.630 Max HL-Knee = +42.362 Min HL-HipY = +31.969 
[2025-06-10 19:00:41.270.016] [INFO  ] [Battery] SoC = 87%, Volt = +32.200V, Temp 26 
[2025-06-10 19:00:41.553.170] [INFO  ] [Controller] [Joints] FL: +37.165, +35.433, +37.165 ,FR: +37.165, +33.701, +37.165, HL: 42.362, +31.969, +42.362, HR: +42.362, +31.969, +40.630 Max HL-HipX = +42.362 Min HL-HipY = +31.969 
[2025-06-10 19:00:44.053.173] [INFO  ] [Controller] [Joints] FL: +37.165, +35.433, +37.165 ,FR: +37.165, +33.701, +37.165, HL: 42.362, +31.969, +42.362, HR: +42.362, +31.969, +40.630 Max HL-HipX = +42.362 Min HL-HipY = +31.969 
[2025-06-10 19:00:46.268.711] [INFO  ] [Battery] SoC = 87%, Volt = +32.100V, Temp 26 
[2025-06-10 19:00:46.553.171] [INFO  ] [Controller] [Joints] FL: +37.165, +35.433, +37.165 ,FR: +37.165, +33.701, +37.165, HL: 42.362, +31.969, +42.362, HR: +42.362, +31.969, +40.630 Max HL-HipX = +42.362 Min HL-HipY = +31.969 
[2025-06-10 19:00:47.127.159] [INFO  ] [BasicMotion] Switching to force control mode, please wait... 
[2025-06-10 19:00:49.053.172] [INFO  ] [Controller] [Joints] FL: +37.165, +35.433, +37.165 ,FR: +37.165, +33.701, +37.165, HL: 42.362, +31.969, +42.362, HR: +42.362, +31.969, +40.630 Max HL-HipX = +42.362 Min HL-HipY = +31.969 
[2025-06-10 19:00:51.267.413] [INFO  ] [Battery] SoC = 87%, Volt = +32.200V, Temp 26 
[2025-06-10 19:00:51.553.171] [INFO  ] [Controller] [Joints] FL: +37.165, +35.433, +37.165 ,FR: +37.165, +33.701, +37.165, HL: 42.362, +31.969, +42.362, HR: +42.362, +31.969, +40.630 Max HL-HipX = +42.362 Min HL-HipY = +31.969 
[2025-06-10 19:00:54.053.171] [INFO  ] [Controller] [Joints] FL: +37.165, +35.433, +37.165 ,FR: +37.165, +35.433, +37.165, HL: 42.362, +31.969, +40.630, HR: +42.362, +31.969, +40.630 Max HL-HipX = +42.362 Min HL-HipY = +31.969 
[2025-06-10 19:00:56.266.018] [INFO  ] [Battery] SoC = 87%, Volt = +32.200V, Temp 26 
[2025-06-10 19:00:56.553.174] [INFO  ] [Controller] [Joints] FL: +35.433, +33.701, +37.165 ,FR: +37.165, +35.433, +37.165, HL: 42.362, +31.969, +40.630, HR: +42.362, +31.969, +40.630 Max HL-HipX = +42.362 Min HL-HipY = +31.969 
[2025-06-10 19:00:56.911.202] [INFO  ] [Controller] jumprot... 
[2025-06-10 19:00:56.912.168] [INFO  ] [rot_pronk] JY is Moving... (Normal Pronk) 
[2025-06-10 19:00:57.413.164] [INFO  ] [rot_pronk] lowing body finished, starts to jump 
[2025-06-10 19:00:57.600.173] [INFO  ] [rot_pronk] JY takes off at abs_run_time: 1179.375111 
[2025-06-10 19:00:57.600.199] [INFO  ] [rot_pronk] yaw_vel_takeoff_record:  4.830987 
[2025-06-10 19:00:57.836.179] [INFO  ] [rot_pronk] touchdown of fl by time at abs_run_time: 1179.611111 
[2025-06-10 19:00:57.836.208] [INFO  ] [rot_pronk] touchdown of fr by time at abs_run_time: 1179.611111 
[2025-06-10 19:00:57.836.212] [INFO  ] [rot_pronk] touchdown of hl by time at abs_run_time: 1179.611111 
[2025-06-10 19:00:57.836.222] [INFO  ] [rot_pronk] touchdown of hr by time at abs_run_time: 1179.611111 
[2025-06-10 19:00:57.836.226] [INFO  ] [rot_pronk] JY lands at abs_run_time: 1179.611111 
[2025-06-10 19:00:57.836.248] [INFO  ] [rot_pronk] LegSideOffset: 0.000000 
[2025-06-10 19:00:57.836.255] [INFO  ] [rot_pronk] goal_pos_2: -0.020000 
[2025-06-10 19:00:58.088.168] [INFO  ] [BasicMotion] Switching to force control mode, please wait... 
[2025-06-10 19:00:59.053.170] [INFO  ] [Controller] [Joints] FL: +35.433, +33.701, +37.165 ,FR: +37.165, +35.433, +37.165, HL: 44.094, +31.969, +40.630, HR: +42.362, +31.969, +40.630 Max HL-HipX = +44.094 Min HL-HipY = +31.969 
[2025-06-10 19:01:01.264.749] [INFO  ] [Battery] SoC = 87%, Volt = +32.200V, Temp 26 
[2025-06-10 19:01:01.553.172] [INFO  ] [Controller] [Joints] FL: +35.433, +33.701, +37.165 ,FR: +37.165, +35.433, +37.165, HL: 44.094, +31.969, +42.362, HR: +44.094, +31.969, +42.362 Max HL-HipX = +44.094 Min HL-HipY = +31.969 
[2025-06-10 19:01:04.053.173] [INFO  ] [Controller] [Joints] FL: +35.433, +33.701, +37.165 ,FR: +37.165, +35.433, +37.165, HL: 44.094, +33.701, +42.362, HR: +44.094, +31.969, +42.362 Max HL-HipX = +44.094 Min HR-HipY = +31.969 
[2025-06-10 19:01:05.258.153] [INFO  ] [Controller] Switch to Move Mode!!! 
[2025-06-10 19:01:06.062.182] [INFO  ] [TVMPC] JY is Moving... (tvmpc),  time: 1187.837112 
[2025-06-10 19:01:06.263.565] [INFO  ] [Battery] SoC = 87%, Volt = +32.100V, Temp 26 
[2025-06-10 19:01:06.553.168] [INFO  ] [Controller] [Joints] FL: +35.433, +33.701, +37.165 ,FR: +38.898, +33.701, +37.165, HL: 44.094, +33.701, +42.362, HR: +44.094, +31.969, +40.630 Max HL-HipX = +44.094 Min HR-HipY = +31.969 
[2025-06-10 19:01:09.053.167] [INFO  ] [Controller] [Joints] FL: +35.433, +33.701, +37.165 ,FR: +38.898, +33.701, +37.165, HL: 44.094, +33.701, +42.362, HR: +44.094, +31.969, +42.362 Max HL-HipX = +44.094 Min HR-HipY = +31.969 
[2025-06-10 19:01:11.262.270] [INFO  ] [Battery] SoC = 87%, Volt = +32.100V, Temp 26 
[2025-06-10 19:01:11.553.164] [INFO  ] [Controller] [Joints] FL: +37.165, +33.701, +37.165 ,FR: +38.898, +33.701, +37.165, HL: 44.094, +33.701, +42.362, HR: +45.827, +31.969, +42.362 Max HR-HipX = +45.827 Min HR-HipY = +31.969 
[2025-06-10 19:01:11.912.583] [INFO  ] [TVMPC] [trot]STOP!!! 
[2025-06-10 19:01:11.913.147] [INFO  ] [BasicMotion] Switching to force control mode, please wait... 
[2025-06-10 19:01:14.047.148] [INFO  ] [Controller] Change Height!!! 
[2025-06-10 19:01:14.053.150] [INFO  ] [Controller] [Joints] FL: +37.165, +33.701, +37.165 ,FR: +38.898, +33.701, +37.165, HL: 44.094, +33.701, +42.362, HR: +45.827, +31.969, +42.362 Max HR-HipX = +45.827 Min HR-HipY = +31.969 
[2025-06-10 19:01:16.260.946] [INFO  ] [Battery] SoC = 87%, Volt = +32.200V, Temp 26 
[2025-06-10 19:01:16.553.171] [INFO  ] [Controller] [Joints] FL: +37.165, +33.701, +37.165 ,FR: +38.898, +33.701, +37.165, HL: 44.094, +31.969, +42.362, HR: +45.827, +31.969, +42.362 Max HR-HipX = +45.827 Min HL-HipY = +31.969 
[2025-06-10 19:01:19.053.174] [INFO  ] [Controller] [Joints] FL: +37.165, +33.701, +37.165 ,FR: +38.898, +33.701, +37.165, HL: 44.094, +33.701, +42.362, HR: +44.094, +31.969, +42.362 Max HL-HipX = +44.094 Min HR-HipY = +31.969 
[2025-06-10 19:01:21.259.534] [INFO  ] [Battery] SoC = 87%, Volt = +32.200V, Temp 26 
[2025-06-10 19:01:21.553.173] [INFO  ] [Controller] [Joints] FL: +37.165, +33.701, +37.165 ,FR: +38.898, +33.701, +37.165, HL: 44.094, +33.701, +42.362, HR: +44.094, +31.969, +44.094 Max HL-HipX = +44.094 Min HR-HipY = +31.969 
[2025-06-10 19:01:24.053.171] [INFO  ] [Controller] [Joints] FL: +37.165, +33.701, +37.165 ,FR: +38.898, +33.701, +37.165, HL: 44.094, +33.701, +42.362, HR: +44.094, +31.969, +44.094 Max HL-HipX = +44.094 Min HR-HipY = +31.969 
[2025-06-10 19:01:24.103.143] [INFO  ] [Controller] stand_cmd.... 
[2025-06-10 19:01:24.103.204] [INFO  ] [BasicMotion] Standing down, please wait... 
[2025-06-10 19:01:25.592.146] [INFO  ] [Controller] stand_cmd.... 
[2025-06-10 19:01:26.258.136] [INFO  ] [Battery] SoC = 87%, Volt = +32.300V, Temp 26 
[2025-06-10 19:01:26.553.168] [INFO  ] [Controller] [Joints] FL: +37.165, +33.701, +37.165 ,FR: +38.898, +33.701, +37.165, HL: 44.094, +33.701, +42.362, HR: +44.094, +31.969, +44.094 Max HL-HipX = +44.094 Min HR-HipY = +31.969 
[2025-06-10 19:01:26.604.150] [INFO  ] [BasicMotion] Stand down action has finished, waitting to stand up again!!! 
[2025-06-10 19:01:27.320.150] [INFO  ] [Controller] stand_cmd.... 
[2025-06-10 19:01:27.320.197] [INFO  ] [BasicMotion] Standing up, please wait... 
[2025-06-10 19:01:29.053.170] [INFO  ] [Controller] [Joints] FL: +37.165, +33.701, +37.165 ,FR: +38.898, +33.701, +37.165, HL: 44.094, +33.701, +42.362, HR: +44.094, +31.969, +44.094 Max HL-HipX = +44.094 Min HR-HipY = +31.969 
[2025-06-10 19:01:29.321.160] [INFO  ] [BasicMotion] Stand up action has finished, waitting to switch to force control mode! 
[2025-06-10 19:01:29.321.201] [INFO  ] [BasicMotion] Switching to force control mode, please wait... 
[2025-06-10 19:01:31.256.684] [INFO  ] [Battery] SoC = 87%, Volt = +32.100V, Temp 26 
[2025-06-10 19:01:31.553.172] [INFO  ] [Controller] [Joints] FL: +37.165, +33.701, +37.165 ,FR: +38.898, +33.701, +37.165, HL: 44.094, +33.701, +42.362, HR: +44.094, +31.969, +44.094 Max HL-HipX = +44.094 Min HR-HipY = +31.969 
[2025-06-10 19:01:32.864.188] [INFO  ] [TVMPC] JY is Moving... (tvmpc),  time: 1214.639112 
[2025-06-10 19:01:34.053.168] [INFO  ] [Controller] [Joints] FL: +37.165, +33.701, +37.165 ,FR: +38.898, +33.701, +37.165, HL: 44.094, +33.701, +42.362, HR: +44.094, +31.969, +45.827 Max HR-Knee = +45.827 Min HR-HipY = +31.969 
[2025-06-10 19:01:36.255.147] [INFO  ] [Battery] SoC = 87%, Volt = +32.100V, Temp 26 
[2025-06-10 19:01:36.553.165] [INFO  ] [Controller] [Joints] FL: +37.165, +33.701, +38.898 ,FR: +38.898, +33.701, +37.165, HL: 44.094, +33.701, +42.362, HR: +44.094, +31.969, +45.827 Max HR-Knee = +45.827 Min HR-HipY = +31.969 
[2025-06-10 19:01:39.054.160] [INFO  ] [Controller] [Joints] FL: +37.165, +33.701, +38.898 ,FR: +38.898, +33.701, +37.165, HL: 44.094, +33.701, +42.362, HR: +44.094, +31.969, +45.827 Max HR-Knee = +45.827 Min HR-HipY = +31.969 
[2025-06-10 19:01:41.253.697] [INFO  ] [Battery] SoC = 86%, Volt = +31.900V, Temp 26 
[2025-06-10 19:01:41.554.166] [INFO  ] [Controller] [Joints] FL: +37.165, +33.701, +38.898 ,FR: +38.898, +33.701, +38.898, HL: 44.094, +33.701, +42.362, HR: +44.094, +31.969, +45.827 Max HR-Knee = +45.827 Min HR-HipY = +31.969 
[2025-06-10 19:01:44.054.160] [INFO  ] [Controller] [Joints] FL: +37.165, +33.701, +40.630 ,FR: +38.898, +33.701, +38.898, HL: 44.094, +31.969, +44.094, HR: +44.094, +31.969, +47.559 Max HR-Knee = +47.559 Min HL-HipY = +31.969 
[2025-06-10 19:01:46.252.331] [INFO  ] [Battery] SoC = 86%, Volt = +32.000V, Temp 26 
[2025-06-10 19:01:46.554.159] [INFO  ] [Controller] [Joints] FL: +38.898, +33.701, +40.630 ,FR: +38.898, +33.701, +38.898, HL: 44.094, +31.969, +44.094, HR: +44.094, +31.969, +47.559 Max HR-Knee = +47.559 Min HL-HipY = +31.969 
[2025-06-10 19:01:47.265.579] [INFO  ] [TVMPC] [trot]STOP!!! 
[2025-06-10 19:01:47.266.144] [INFO  ] [BasicMotion] Switching to force control mode, please wait... 
[2025-06-10 19:01:48.268.185] [INFO  ] [TVMPC] JY is Moving... (tvmpc),  time: 1230.043112 
[2025-06-10 19:01:49.054.162] [INFO  ] [Controller] [Joints] FL: +38.898, +33.701, +40.630 ,FR: +38.898, +33.701, +40.630, HL: 44.094, +31.969, +44.094, HR: +44.094, +31.969, +49.291 Max HR-Knee = +49.291 Min HL-HipY = +31.969 
[2025-06-10 19:01:49.618.576] [INFO  ] [TVMPC] [trot]STOP!!! 
[2025-06-10 19:01:49.619.142] [INFO  ] [BasicMotion] Switching to force control mode, please wait... 
[2025-06-10 19:01:51.250.889] [INFO  ] [Battery] SoC = 86%, Volt = +32.100V, Temp 26 
[2025-06-10 19:01:51.554.170] [INFO  ] [Controller] [Joints] FL: +38.898, +33.701, +40.630 ,FR: +38.898, +33.701, +40.630, HL: 44.094, +31.969, +45.827, HR: +44.094, +31.969, +49.291 Max HR-Knee = +49.291 Min HL-HipY = +31.969 
[2025-06-10 19:01:54.054.173] [INFO  ] [Controller] [Joints] FL: +38.898, +33.701, +40.630 ,FR: +38.898, +33.701, +40.630, HL: 44.094, +31.969, +45.827, HR: +44.094, +31.969, +49.291 Max HR-Knee = +49.291 Min HL-HipY = +31.969 
[2025-06-10 19:01:56.249.512] [INFO  ] [Battery] SoC = 86%, Volt = +32.100V, Temp 26 
[2025-06-10 19:01:56.554.177] [INFO  ] [Controller] [Joints] FL: +38.898, +33.701, +40.630 ,FR: +38.898, +33.701, +40.630, HL: 44.094, +31.969, +45.827, HR: +44.094, +31.969, +49.291 Max HR-Knee = +49.291 Min HL-HipY = +31.969 
[2025-06-10 19:01:59.054.170] [INFO  ] [Controller] [Joints] FL: +38.898, +33.701, +40.630 ,FR: +38.898, +33.701, +40.630, HL: 42.362, +31.969, +45.827, HR: +44.094, +31.969, +47.559 Max HR-Knee = +47.559 Min HL-HipY = +31.969 
[2025-06-10 19:02:01.248.165] [INFO  ] [Battery] SoC = 86%, Volt = +32.100V, Temp 26 
[2025-06-10 19:02:01.554.175] [INFO  ] [Controller] [Joints] FL: +38.898, +33.701, +40.630 ,FR: +38.898, +33.701, +40.630, HL: 42.362, +31.969, +45.827, HR: +44.094, +31.969, +47.559 Max HR-Knee = +47.559 Min HL-HipY = +31.969 
[2025-06-10 19:02:04.054.173] [INFO  ] [Controller] [Joints] FL: +38.898, +33.701, +40.630 ,FR: +38.898, +33.701, +38.898, HL: 42.362, +33.701, +45.827, HR: +45.827, +31.969, +47.559 Max HR-Knee = +47.559 Min HR-HipY = +31.969 
[2025-06-10 19:02:06.246.843] [INFO  ] [Battery] SoC = 86%, Volt = +32.100V, Temp 26 
[2025-06-10 19:02:06.554.165] [INFO  ] [Controller] [Joints] FL: +38.898, +33.701, +40.630 ,FR: +37.165, +33.701, +38.898, HL: 42.362, +33.701, +45.827, HR: +45.827, +31.969, +47.559 Max HR-Knee = +47.559 Min HR-HipY = +31.969 
[2025-06-10 19:02:09.054.168] [INFO  ] [Controller] [Joints] FL: +38.898, +33.701, +40.630 ,FR: +37.165, +33.701, +38.898, HL: 40.630, +33.701, +45.827, HR: +45.827, +31.969, +47.559 Max HR-Knee = +47.559 Min HR-HipY = +31.969 
[2025-06-10 19:02:11.245.484] [INFO  ] [Battery] SoC = 86%, Volt = +32.100V, Temp 26 
[2025-06-10 19:02:11.554.172] [INFO  ] [Controller] [Joints] FL: +38.898, +33.701, +40.630 ,FR: +37.165, +33.701, +38.898, HL: 40.630, +33.701, +45.827, HR: +45.827, +31.969, +45.827 Max HL-Knee = +45.827 Min HR-HipY = +31.969 
[2025-06-10 19:02:14.054.172] [INFO  ] [Controller] [Joints] FL: +38.898, +33.701, +40.630 ,FR: +37.165, +33.701, +38.898, HL: 40.630, +33.701, +45.827, HR: +45.827, +31.969, +45.827 Max HL-Knee = +45.827 Min HR-HipY = +31.969 
[2025-06-10 19:02:16.244.173] [INFO  ] [Battery] SoC = 86%, Volt = +32.100V, Temp 26 
[2025-06-10 19:02:16.554.166] [INFO  ] [Controller] [Joints] FL: +38.898, +33.701, +40.630 ,FR: +37.165, +33.701, +38.898, HL: 40.630, +33.701, +45.827, HR: +45.827, +31.969, +45.827 Max HL-Knee = +45.827 Min HR-HipY = +31.969 
[2025-06-10 19:02:19.054.165] [INFO  ] [Controller] [Joints] FL: +38.898, +33.701, +40.630 ,FR: +37.165, +33.701, +38.898, HL: 40.630, +33.701, +45.827, HR: +45.827, +31.969, +45.827 Max HL-Knee = +45.827 Min HR-HipY = +31.969 
[2025-06-10 19:02:21.242.949] [INFO  ] [Battery] SoC = 86%, Volt = +32.100V, Temp 26 
[2025-06-10 19:02:21.554.173] [INFO  ] [Controller] [Joints] FL: +38.898, +33.701, +40.630 ,FR: +37.165, +33.701, +38.898, HL: 40.630, +33.701, +45.827, HR: +47.559, +31.969, +45.827 Max HR-HipX = +47.559 Min HR-HipY = +31.969 
[2025-06-10 19:02:24.054.171] [INFO  ] [Controller] [Joints] FL: +38.898, +33.701, +40.630 ,FR: +37.165, +33.701, +38.898, HL: 40.630, +33.701, +45.827, HR: +47.559, +31.969, +45.827 Max HR-HipX = +47.559 Min HR-HipY = +31.969 
[2025-06-10 19:02:26.241.663] [INFO  ] [Battery] SoC = 86%, Volt = +32.100V, Temp 26 
[2025-06-10 19:02:26.554.173] [INFO  ] [Controller] [Joints] FL: +38.898, +33.701, +40.630 ,FR: +37.165, +33.701, +37.165, HL: 40.630, +33.701, +45.827, HR: +47.559, +31.969, +45.827 Max HR-HipX = +47.559 Min HR-HipY = +31.969 
[2025-06-10 19:02:29.055.174] [INFO  ] [Controller] [Joints] FL: +38.898, +33.701, +40.630 ,FR: +37.165, +33.701, +37.165, HL: 38.898, +33.701, +45.827, HR: +47.559, +31.969, +45.827 Max HR-HipX = +47.559 Min HR-HipY = +31.969 
[2025-06-10 19:02:31.240.399] [INFO  ] [Battery] SoC = 86%, Volt = +32.100V, Temp 26 
[2025-06-10 19:02:31.555.170] [INFO  ] [Controller] [Joints] FL: +38.898, +33.701, +40.630 ,FR: +37.165, +33.701, +37.165, HL: 38.898, +33.701, +45.827, HR: +47.559, +31.969, +44.094 Max HR-HipX = +47.559 Min HR-HipY = +31.969 
[2025-06-10 19:02:34.055.176] [INFO  ] [Controller] [Joints] FL: +38.898, +33.701, +38.898 ,FR: +37.165, +33.701, +37.165, HL: 38.898, +33.701, +45.827, HR: +47.559, +31.969, +44.094 Max HR-HipX = +47.559 Min HR-HipY = +31.969 
[2025-06-10 19:02:36.239.073] [INFO  ] [Battery] SoC = 86%, Volt = +32.100V, Temp 26 
[2025-06-10 19:02:36.555.170] [INFO  ] [Controller] [Joints] FL: +38.898, +33.701, +38.898 ,FR: +35.433, +33.701, +37.165, HL: 38.898, +33.701, +45.827, HR: +47.559, +31.969, +44.094 Max HR-HipX = +47.559 Min HR-HipY = +31.969 
[2025-06-10 19:02:39.055.174] [INFO  ] [Controller] [Joints] FL: +38.898, +33.701, +38.898 ,FR: +35.433, +33.701, +37.165, HL: 38.898, +33.701, +45.827, HR: +47.559, +31.969, +44.094 Max HR-HipX = +47.559 Min HR-HipY = +31.969 
[2025-06-10 19:02:41.237.704] [INFO  ] [Battery] SoC = 86%, Volt = +32.100V, Temp 26 
[2025-06-10 19:02:41.555.173] [INFO  ] [Controller] [Joints] FL: +38.898, +33.701, +38.898 ,FR: +35.433, +33.701, +37.165, HL: 38.898, +33.701, +47.559, HR: +47.559, +31.969, +44.094 Max HL-Knee = +47.559 Min HR-HipY = +31.969 
[2025-06-10 19:02:44.055.175] [INFO  ] [Controller] [Joints] FL: +38.898, +33.701, +38.898 ,FR: +35.433, +33.701, +37.165, HL: 38.898, +33.701, +47.559, HR: +47.559, +31.969, +44.094 Max HL-Knee = +47.559 Min HR-HipY = +31.969 
[2025-06-10 19:02:46.236.240] [INFO  ] [Battery] SoC = 86%, Volt = +32.100V, Temp 26 
[2025-06-10 19:02:46.555.165] [INFO  ] [Controller] [Joints] FL: +38.898, +33.701, +38.898 ,FR: +35.433, +33.701, +37.165, HL: 38.898, +33.701, +47.559, HR: +47.559, +31.969, +44.094 Max HL-Knee = +47.559 Min HR-HipY = +31.969 
[2025-06-10 19:02:46.845.187] [INFO  ] [TVMPC] JY is Moving... (tvmpc),  time: 1288.620112 
[2025-06-10 19:02:49.055.169] [INFO  ] [Controller] [Joints] FL: +38.898, +33.701, +38.898 ,FR: +35.433, +33.701, +37.165, HL: 38.898, +33.701, +47.559, HR: +47.559, +31.969, +44.094 Max HL-Knee = +47.559 Min HR-HipY = +31.969 
[2025-06-10 19:02:50.895.573] [INFO  ] [TVMPC] [trot]STOP!!! 
[2025-06-10 19:02:50.896.144] [INFO  ] [BasicMotion] Switching to force control mode, please wait... 
[2025-06-10 19:02:51.234.771] [INFO  ] [Battery] SoC = 86%, Volt = +32.100V, Temp 26 
[2025-06-10 19:02:51.555.173] [INFO  ] [Controller] [Joints] FL: +38.898, +33.701, +38.898 ,FR: +35.433, +33.701, +37.165, HL: 38.898, +33.701, +47.559, HR: +47.559, +31.969, +45.827 Max HL-Knee = +47.559 Min HR-HipY = +31.969 
[2025-06-10 19:02:54.055.174] [INFO  ] [Controller] [Joints] FL: +38.898, +33.701, +38.898 ,FR: +37.165, +33.701, +37.165, HL: 38.898, +33.701, +47.559, HR: +47.559, +31.969, +45.827 Max HL-Knee = +47.559 Min HR-HipY = +31.969 
[2025-06-10 19:02:56.233.475] [INFO  ] [Battery] SoC = 85%, Volt = +32.100V, Temp 26 
[2025-06-10 19:02:56.555.174] [INFO  ] [Controller] [Joints] FL: +38.898, +33.701, +38.898 ,FR: +37.165, +33.701, +38.898, HL: 38.898, +33.701, +47.559, HR: +47.559, +31.969, +47.559 Max HL-Knee = +47.559 Min HR-HipY = +31.969 
[2025-06-10 19:02:59.055.175] [INFO  ] [Controller] [Joints] FL: +38.898, +33.701, +38.898 ,FR: +37.165, +33.701, +37.165, HL: 40.630, +33.701, +47.559, HR: +47.559, +31.969, +47.559 Max HL-Knee = +47.559 Min HR-HipY = +31.969 
[2025-06-10 19:03:01.232.115] [INFO  ] [Battery] SoC = 85%, Volt = +32.100V, Temp 26 
[2025-06-10 19:03:01.555.172] [INFO  ] [Controller] [Joints] FL: +38.898, +33.701, +40.630 ,FR: +37.165, +33.701, +37.165, HL: 40.630, +33.701, +47.559, HR: +47.559, +31.969, +47.559 Max HL-Knee = +47.559 Min HR-HipY = +31.969 
[2025-06-10 19:03:04.055.171] [INFO  ] [Controller] [Joints] FL: +38.898, +33.701, +40.630 ,FR: +37.165, +33.701, +37.165, HL: 40.630, +33.701, +47.559, HR: +47.559, +31.969, +49.291 Max HR-Knee = +49.291 Min HR-HipY = +31.969 
[2025-06-10 19:03:06.230.615] [INFO  ] [Battery] SoC = 85%, Volt = +32.100V, Temp 26 
[2025-06-10 19:03:06.555.175] [INFO  ] [Controller] [Joints] FL: +38.898, +33.701, +40.630 ,FR: +37.165, +33.701, +37.165, HL: 40.630, +33.701, +47.559, HR: +47.559, +31.969, +49.291 Max HR-Knee = +49.291 Min HR-HipY = +31.969 
[2025-06-10 19:03:09.055.175] [INFO  ] [Controller] [Joints] FL: +38.898, +33.701, +40.630 ,FR: +37.165, +33.701, +37.165, HL: 40.630, +33.701, +47.559, HR: +47.559, +31.969, +49.291 Max HR-Knee = +49.291 Min HR-HipY = +31.969 
[2025-06-10 19:03:11.229.229] [INFO  ] [Battery] SoC = 85%, Volt = +32.100V, Temp 26 
[2025-06-10 19:03:11.555.175] [INFO  ] [Controller] [Joints] FL: +38.898, +33.701, +40.630 ,FR: +37.165, +33.701, +37.165, HL: 40.630, +33.701, +47.559, HR: +47.559, +31.969, +51.024 Max HR-Knee = +51.024 Min HR-HipY = +31.969 
[2025-06-10 19:03:14.055.170] [INFO  ] [Controller] [Joints] FL: +38.898, +33.701, +40.630 ,FR: +37.165, +33.701, +37.165, HL: 40.630, +31.969, +47.559, HR: +47.559, +31.969, +51.024 Max HR-Knee = +51.024 Min HL-HipY = +31.969 
[2025-06-10 19:03:16.227.843] [INFO  ] [Battery] SoC = 85%, Volt = +32.100V, Temp 26 
[2025-06-10 19:03:16.555.168] [INFO  ] [Controller] [Joints] FL: +38.898, +33.701, +40.630 ,FR: +38.898, +33.701, +37.165, HL: 40.630, +31.969, +47.559, HR: +47.559, +31.969, +51.024 Max HR-Knee = +51.024 Min HL-HipY = +31.969 
[2025-06-10 19:03:19.055.172] [INFO  ] [Controller] [Joints] FL: +38.898, +33.701, +40.630 ,FR: +38.898, +33.701, +37.165, HL: 40.630, +31.969, +47.559, HR: +47.559, +31.969, +51.024 Max HR-Knee = +51.024 Min HL-HipY = +31.969 
[2025-06-10 19:03:21.226.459] [INFO  ] [Battery] SoC = 85%, Volt = +32.100V, Temp 26 
[2025-06-10 19:03:21.555.172] [INFO  ] [Controller] [Joints] FL: +38.898, +33.701, +40.630 ,FR: +38.898, +33.701, +37.165, HL: 40.630, +31.969, +47.559, HR: +47.559, +31.969, +51.024 Max HR-Knee = +51.024 Min HL-HipY = +31.969 
[2025-06-10 19:03:22.203.182] [INFO  ] [TVMPC] JY is Moving... (tvmpc),  time: 1323.978112 
[2025-06-10 19:03:24.055.165] [INFO  ] [Controller] [Joints] FL: +38.898, +33.701, +40.630 ,FR: +38.898, +33.701, +37.165, HL: 40.630, +31.969, +47.559, HR: +47.559, +31.969, +52.756 Max HR-Knee = +52.756 Min HL-HipY = +31.969 
[2025-06-10 19:03:26.225.232] [INFO  ] [Battery] SoC = 85%, Volt = +32.100V, Temp 26 
[2025-06-10 19:03:26.555.160] [INFO  ] [Controller] [Joints] FL: +38.898, +33.701, +40.630 ,FR: +38.898, +33.701, +37.165, HL: 42.362, +31.969, +47.559, HR: +47.559, +31.969, +52.756 Max HR-Knee = +52.756 Min HL-HipY = +31.969 
[2025-06-10 19:03:29.055.162] [INFO  ] [Controller] [Joints] FL: +38.898, +33.701, +40.630 ,FR: +38.898, +33.701, +37.165, HL: 42.362, +31.969, +47.559, HR: +47.559, +31.969, +52.756 Max HR-Knee = +52.756 Min HL-HipY = +31.969 
[2025-06-10 19:03:31.223.974] [INFO  ] [Battery] SoC = 85%, Volt = +32.000V, Temp 26 
[2025-06-10 19:03:31.555.160] [INFO  ] [Controller] [Joints] FL: +38.898, +33.701, +40.630 ,FR: +38.898, +33.701, +37.165, HL: 42.362, +31.969, +47.559, HR: +47.559, +31.969, +52.756 Max HR-Knee = +52.756 Min HL-HipY = +31.969 
[2025-06-10 19:03:34.055.158] [INFO  ] [Controller] [Joints] FL: +38.898, +33.701, +42.362 ,FR: +38.898, +33.701, +38.898, HL: 42.362, +33.701, +49.291, HR: +47.559, +31.969, +54.488 Max HR-Knee = +54.488 Min HR-HipY = +31.969 
[2025-06-10 19:03:36.222.824] [INFO  ] [Battery] SoC = 85%, Volt = +31.800V, Temp 26 
[2025-06-10 19:03:36.555.162] [INFO  ] [Controller] [Joints] FL: +38.898, +33.701, +42.362 ,FR: +38.898, +33.701, +38.898, HL: 42.362, +33.701, +49.291, HR: +47.559, +31.969, +54.488 Max HR-Knee = +54.488 Min HR-HipY = +31.969 
[2025-06-10 19:03:36.603.576] [INFO  ] [TVMPC] [trot]STOP!!! 
[2025-06-10 19:03:36.604.181] [INFO  ] [BasicMotion] Switching to force control mode, please wait... 
[2025-06-10 19:03:37.606.182] [INFO  ] [TVMPC] JY is Moving... (tvmpc),  time: 1339.381111 
[2025-06-10 19:03:39.055.165] [INFO  ] [Controller] [Joints] FL: +38.898, +33.701, +42.362 ,FR: +38.898, +33.701, +38.898, HL: 42.362, +33.701, +49.291, HR: +47.559, +31.969, +54.488 Max HR-Knee = +54.488 Min HR-HipY = +31.969 
[2025-06-10 19:03:40.306.586] [INFO  ] [TVMPC] [trot]STOP!!! 
[2025-06-10 19:03:40.307.142] [INFO  ] [BasicMotion] Switching to force control mode, please wait... 
[2025-06-10 19:03:41.221.567] [INFO  ] [Battery] SoC = 85%, Volt = +32.000V, Temp 26 
[2025-06-10 19:03:41.308.186] [INFO  ] [TVMPC] JY is Moving... (tvmpc),  time: 1343.083112 
[2025-06-10 19:03:41.555.162] [INFO  ] [Controller] [Joints] FL: +38.898, +33.701, +42.362 ,FR: +38.898, +33.701, +38.898, HL: 42.362, +33.701, +49.291, HR: +45.827, +31.969, +54.488 Max HR-Knee = +54.488 Min HR-HipY = +31.969 
[2025-06-10 19:03:44.055.166] [INFO  ] [Controller] [Joints] FL: +38.898, +33.701, +42.362 ,FR: +38.898, +33.701, +40.630, HL: 42.362, +33.701, +51.024, HR: +45.827, +31.969, +54.488 Max HR-Knee = +54.488 Min HR-HipY = +31.969 
[2025-06-10 19:03:45.808.577] [INFO  ] [TVMPC] [trot]STOP!!! 
[2025-06-10 19:03:45.809.143] [INFO  ] [BasicMotion] Switching to force control mode, please wait... 
[2025-06-10 19:03:46.220.311] [INFO  ] [Battery] SoC = 85%, Volt = +32.000V, Temp 26 
[2025-06-10 19:03:46.555.167] [INFO  ] [Controller] [Joints] FL: +38.898, +33.701, +42.362 ,FR: +38.898, +33.701, +40.630, HL: 42.362, +33.701, +51.024, HR: +45.827, +31.969, +54.488 Max HR-Knee = +54.488 Min HR-HipY = +31.969 
[2025-06-10 19:03:49.055.172] [INFO  ] [Controller] [Joints] FL: +38.898, +33.701, +42.362 ,FR: +38.898, +33.701, +40.630, HL: 42.362, +33.701, +51.024, HR: +45.827, +31.969, +54.488 Max HR-Knee = +54.488 Min HR-HipY = +31.969 
[2025-06-10 19:03:51.219.108] [INFO  ] [Battery] SoC = 85%, Volt = +32.100V, Temp 26 
[2025-06-10 19:03:51.555.175] [INFO  ] [Controller] [Joints] FL: +38.898, +33.701, +42.362 ,FR: +38.898, +33.701, +40.630, HL: 42.362, +33.701, +49.291, HR: +45.827, +31.969, +54.488 Max HR-Knee = +54.488 Min HR-HipY = +31.969 
[2025-06-10 19:03:54.055.177] [INFO  ] [Controller] [Joints] FL: +38.898, +33.701, +42.362 ,FR: +38.898, +33.701, +40.630, HL: 42.362, +33.701, +49.291, HR: +45.827, +31.969, +54.488 Max HR-Knee = +54.488 Min HR-HipY = +31.969 
[2025-06-10 19:03:56.217.991] [INFO  ] [Battery] SoC = 85%, Volt = +32.100V, Temp 26 
[2025-06-10 19:03:56.555.171] [INFO  ] [Controller] [Joints] FL: +38.898, +33.701, +42.362 ,FR: +38.898, +33.701, +40.630, HL: 42.362, +33.701, +49.291, HR: +45.827, +31.969, +54.488 Max HR-Knee = +54.488 Min HR-HipY = +31.969 
[2025-06-10 19:03:59.055.172] [INFO  ] [Controller] [Joints] FL: +38.898, +33.701, +42.362 ,FR: +38.898, +33.701, +40.630, HL: 42.362, +33.701, +47.559, HR: +45.827, +31.969, +52.756 Max HR-Knee = +52.756 Min HR-HipY = +31.969 
[2025-06-10 19:04:01.216.842] [INFO  ] [Battery] SoC = 85%, Volt = +32.100V, Temp 26 
[2025-06-10 19:04:01.555.169] [INFO  ] [Controller] [Joints] FL: +38.898, +33.701, +42.362 ,FR: +38.898, +33.701, +38.898, HL: 42.362, +33.701, +47.559, HR: +45.827, +31.969, +52.756 Max HR-Knee = +52.756 Min HR-HipY = +31.969 
[2025-06-10 19:04:04.055.172] [INFO  ] [Controller] [Joints] FL: +38.898, +33.701, +42.362 ,FR: +38.898, +33.701, +38.898, HL: 42.362, +33.701, +45.827, HR: +45.827, +31.969, +52.756 Max HR-Knee = +52.756 Min HR-HipY = +31.969 
[2025-06-10 19:04:06.215.590] [INFO  ] [Battery] SoC = 84%, Volt = +32.100V, Temp 26 
[2025-06-10 19:04:06.555.168] [INFO  ] [Controller] [Joints] FL: +38.898, +33.701, +42.362 ,FR: +38.898, +33.701, +38.898, HL: 42.362, +33.701, +45.827, HR: +45.827, +31.969, +52.756 Max HR-Knee = +52.756 Min HR-HipY = +31.969 
[2025-06-10 19:04:09.055.170] [INFO  ] [Controller] [Joints] FL: +38.898, +33.701, +42.362 ,FR: +38.898, +33.701, +38.898, HL: 42.362, +33.701, +45.827, HR: +45.827, +31.969, +52.756 Max HR-Knee = +52.756 Min HR-HipY = +31.969 
[2025-06-10 19:04:11.214.277] [INFO  ] [Battery] SoC = 84%, Volt = +32.100V, Temp 26 
[2025-06-10 19:04:11.555.164] [INFO  ] [Controller] [Joints] FL: +38.898, +33.701, +42.362 ,FR: +38.898, +33.701, +38.898, HL: 42.362, +33.701, +44.094, HR: +45.827, +31.969, +51.024 Max HR-Knee = +51.024 Min HR-HipY = +31.969 
[2025-06-10 19:04:14.055.173] [INFO  ] [Controller] [Joints] FL: +38.898, +33.701, +40.630 ,FR: +38.898, +33.701, +37.165, HL: 42.362, +33.701, +44.094, HR: +45.827, +31.969, +51.024 Max HR-Knee = +51.024 Min HR-HipY = +31.969 
[2025-06-10 19:04:16.213.079] [INFO  ] [Battery] SoC = 84%, Volt = +32.100V, Temp 26 
[2025-06-10 19:04:16.555.173] [INFO  ] [Controller] [Joints] FL: +38.898, +33.701, +40.630 ,FR: +38.898, +33.701, +37.165, HL: 42.362, +33.701, +44.094, HR: +45.827, +31.969, +51.024 Max HR-Knee = +51.024 Min HR-HipY = +31.969 
[2025-06-10 19:04:19.055.166] [INFO  ] [Controller] [Joints] FL: +38.898, +33.701, +40.630 ,FR: +38.898, +33.701, +37.165, HL: 42.362, +33.701, +44.094, HR: +45.827, +31.969, +51.024 Max HR-Knee = +51.024 Min HR-HipY = +31.969 
[2025-06-10 19:04:21.211.743] [INFO  ] [Battery] SoC = 84%, Volt = +32.100V, Temp 26 
[2025-06-10 19:04:21.555.166] [INFO  ] [Controller] [Joints] FL: +38.898, +33.701, +40.630 ,FR: +38.898, +33.701, +37.165, HL: 42.362, +33.701, +42.362, HR: +45.827, +31.969, +51.024 Max HR-Knee = +51.024 Min HR-HipY = +31.969 
[2025-06-10 19:04:24.055.170] [INFO  ] [Controller] [Joints] FL: +38.898, +33.701, +40.630 ,FR: +40.630, +33.701, +37.165, HL: 42.362, +33.701, +42.362, HR: +45.827, +31.969, +51.024 Max HR-Knee = +51.024 Min HR-HipY = +31.969 
[2025-06-10 19:04:26.210.565] [INFO  ] [Battery] SoC = 84%, Volt = +32.100V, Temp 26 
[2025-06-10 19:04:26.555.180] [INFO  ] [Controller] [Joints] FL: +38.898, +33.701, +40.630 ,FR: +38.898, +33.701, +37.165, HL: 42.362, +33.701, +42.362, HR: +45.827, +31.969, +49.291 Max HR-Knee = +49.291 Min HR-HipY = +31.969 
[2025-06-10 19:04:29.055.176] [INFO  ] [Controller] [Joints] FL: +38.898, +33.701, +40.630 ,FR: +38.898, +33.701, +37.165, HL: 42.362, +33.701, +42.362, HR: +45.827, +31.969, +49.291 Max HR-Knee = +49.291 Min HR-HipY = +31.969 
[2025-06-10 19:04:31.209.400] [INFO  ] [Battery] SoC = 84%, Volt = +32.100V, Temp 26 
[2025-06-10 19:04:31.555.168] [INFO  ] [Controller] [Joints] FL: +38.898, +33.701, +40.630 ,FR: +38.898, +33.701, +35.433, HL: 42.362, +33.701, +42.362, HR: +45.827, +31.969, +49.291 Max HR-Knee = +49.291 Min HR-HipY = +31.969 
[2025-06-10 19:04:34.055.173] [INFO  ] [Controller] [Joints] FL: +38.898, +33.701, +40.630 ,FR: +38.898, +33.701, +35.433, HL: 42.362, +33.701, +40.630, HR: +45.827, +31.969, +49.291 Max HR-Knee = +49.291 Min HR-HipY = +31.969 
[2025-06-10 19:04:36.208.208] [INFO  ] [Battery] SoC = 84%, Volt = +32.000V, Temp 26 
[2025-06-10 19:04:36.555.171] [INFO  ] [Controller] [Joints] FL: +38.898, +33.701, +40.630 ,FR: +40.630, +33.701, +35.433, HL: 42.362, +33.701, +40.630, HR: +45.827, +31.969, +49.291 Max HR-Knee = +49.291 Min HR-HipY = +31.969 
[2025-06-10 19:04:39.055.171] [INFO  ] [Controller] [Joints] FL: +38.898, +33.701, +40.630 ,FR: +38.898, +33.701, +35.433, HL: 42.362, +33.701, +40.630, HR: +45.827, +31.969, +49.291 Max HR-Knee = +49.291 Min HR-HipY = +31.969 
[2025-06-10 19:04:41.207.156] [INFO  ] [Battery] SoC = 84%, Volt = +32.000V, Temp 26 
[2025-06-10 19:04:41.555.170] [INFO  ] [Controller] [Joints] FL: +38.898, +33.701, +40.630 ,FR: +38.898, +33.701, +35.433, HL: 42.362, +33.701, +40.630, HR: +45.827, +31.969, +49.291 Max HR-Knee = +49.291 Min HR-HipY = +31.969 
[2025-06-10 19:04:44.055.178] [INFO  ] [Controller] [Joints] FL: +38.898, +33.701, +40.630 ,FR: +38.898, +33.701, +35.433, HL: 42.362, +33.701, +40.630, HR: +45.827, +31.969, +49.291 Max HR-Knee = +49.291 Min HR-HipY = +31.969 
[2025-06-10 19:04:46.206.030] [INFO  ] [Battery] SoC = 84%, Volt = +32.000V, Temp 26 
[2025-06-10 19:04:46.555.175] [INFO  ] [Controller] [Joints] FL: +38.898, +33.701, +40.630 ,FR: +38.898, +33.701, +35.433, HL: 42.362, +33.701, +40.630, HR: +45.827, +31.969, +49.291 Max HR-Knee = +49.291 Min HR-HipY = +31.969 
[2025-06-10 19:04:49.055.172] [INFO  ] [Controller] [Joints] FL: +38.898, +33.701, +40.630 ,FR: +40.630, +33.701, +35.433, HL: 42.362, +33.701, +40.630, HR: +47.559, +31.969, +49.291 Max HR-Knee = +49.291 Min HR-HipY = +31.969 
[2025-06-10 19:04:51.204.863] [INFO  ] [Battery] SoC = 84%, Volt = +32.000V, Temp 26 
[2025-06-10 19:04:51.555.173] [INFO  ] [Controller] [Joints] FL: +38.898, +33.701, +40.630 ,FR: +40.630, +33.701, +35.433, HL: 42.362, +33.701, +40.630, HR: +47.559, +31.969, +49.291 Max HR-Knee = +49.291 Min HR-HipY = +31.969 
[2025-06-10 19:04:54.055.174] [INFO  ] [Controller] [Joints] FL: +38.898, +33.701, +40.630 ,FR: +40.630, +33.701, +35.433, HL: 42.362, +33.701, +40.630, HR: +47.559, +31.969, +49.291 Max HR-Knee = +49.291 Min HR-HipY = +31.969 
[2025-06-10 19:04:56.203.661] [INFO  ] [Battery] SoC = 84%, Volt = +32.000V, Temp 26 
[2025-06-10 19:04:56.555.173] [INFO  ] [Controller] [Joints] FL: +38.898, +33.701, +40.630 ,FR: +38.898, +33.701, +35.433, HL: 42.362, +33.701, +38.898, HR: +47.559, +31.969, +49.291 Max HR-Knee = +49.291 Min HR-HipY = +31.969 
[2025-06-10 19:04:56.880.679] [ERROR ] [RT-CAN] [Error] can3 0x84 send error count 1
 
[2025-06-10 19:04:59.055.166] [INFO  ] [Controller] [Joints] FL: +38.898, +33.701, +40.630 ,FR: +40.630, +33.701, +35.433, HL: 44.094, +33.701, +38.898, HR: +47.559, +31.969, +47.559 Max HR-HipX = +47.559 Min HR-HipY = +31.969 
[2025-06-10 19:05:01.202.268] [INFO  ] [Battery] SoC = 84%, Volt = +32.000V, Temp 26 
[2025-06-10 19:05:01.555.174] [INFO  ] [Controller] [Joints] FL: +38.898, +33.701, +40.630 ,FR: +40.630, +33.701, +35.433, HL: 44.094, +33.701, +38.898, HR: +47.559, +31.969, +47.559 Max HR-HipX = +47.559 Min HR-HipY = +31.969 
[2025-06-10 19:05:04.055.174] [INFO  ] [Controller] [Joints] FL: +38.898, +33.701, +40.630 ,FR: +40.630, +33.701, +35.433, HL: 44.094, +33.701, +38.898, HR: +47.559, +31.969, +47.559 Max HR-HipX = +47.559 Min HR-HipY = +31.969 
[2025-06-10 19:05:06.200.959] [INFO  ] [Battery] SoC = 84%, Volt = +32.000V, Temp 26 
[2025-06-10 19:05:06.555.172] [INFO  ] [Controller] [Joints] FL: +38.898, +33.701, +40.630 ,FR: +40.630, +33.701, +35.433, HL: 44.094, +33.701, +38.898, HR: +47.559, +31.969, +47.559 Max HR-HipX = +47.559 Min HR-HipY = +31.969 
[2025-06-10 19:05:09.055.168] [INFO  ] [Controller] [Joints] FL: +38.898, +33.701, +40.630 ,FR: +40.630, +33.701, +35.433, HL: 44.094, +33.701, +38.898, HR: +47.559, +31.969, +47.559 Max HR-HipX = +47.559 Min HR-HipY = +31.969 
[2025-06-10 19:05:11.199.715] [INFO  ] [Battery] SoC = 84%, Volt = +32.000V, Temp 26 
[2025-06-10 19:05:11.555.174] [INFO  ] [Controller] [Joints] FL: +38.898, +33.701, +40.630 ,FR: +40.630, +33.701, +35.433, HL: 44.094, +33.701, +38.898, HR: +47.559, +31.969, +47.559 Max HR-HipX = +47.559 Min HR-HipY = +31.969 
[2025-06-10 19:05:14.055.175] [INFO  ] [Controller] [Joints] FL: +38.898, +33.701, +40.630 ,FR: +40.630, +33.701, +35.433, HL: 44.094, +33.701, +38.898, HR: +47.559, +31.969, +47.559 Max HR-HipX = +47.559 Min HR-HipY = +31.969 
[2025-06-10 19:05:16.198.601] [INFO  ] [Battery] SoC = 84%, Volt = +32.000V, Temp 26 
[2025-06-10 19:05:16.555.184] [INFO  ] [Controller] [Joints] FL: +38.898, +33.701, +40.630 ,FR: +40.630, +33.701, +35.433, HL: 44.094, +33.701, +38.898, HR: +47.559, +31.969, +47.559 Max HR-HipX = +47.559 Min HR-HipY = +31.969 
[2025-06-10 19:05:19.055.171] [INFO  ] [Controller] [Joints] FL: +38.898, +33.701, +40.630 ,FR: +40.630, +33.701, +35.433, HL: 44.094, +33.701, +38.898, HR: +47.559, +31.969, +47.559 Max HR-HipX = +47.559 Min HR-HipY = +31.969 
[2025-06-10 19:05:21.197.411] [INFO  ] [Battery] SoC = 84%, Volt = +32.000V, Temp 26 
[2025-06-10 19:05:21.555.162] [INFO  ] [Controller] [Joints] FL: +38.898, +33.701, +40.630 ,FR: +40.630, +33.701, +35.433, HL: 44.094, +33.701, +38.898, HR: +47.559, +31.969, +47.559 Max HR-HipX = +47.559 Min HR-HipY = +31.969 
[2025-06-10 19:05:24.055.173] [INFO  ] [Controller] [Joints] FL: +38.898, +33.701, +40.630 ,FR: +40.630, +33.701, +33.701, HL: 44.094, +33.701, +38.898, HR: +47.559, +31.969, +47.559 Max HR-HipX = +47.559 Min HR-HipY = +31.969 
[2025-06-10 19:05:26.196.197] [INFO  ] [Battery] SoC = 84%, Volt = +32.000V, Temp 26 
[2025-06-10 19:05:26.556.168] [INFO  ] [Controller] [Joints] FL: +38.898, +33.701, +40.630 ,FR: +40.630, +33.701, +33.701, HL: 44.094, +33.701, +38.898, HR: +47.559, +31.969, +47.559 Max HR-HipX = +47.559 Min HR-HipY = +31.969 
[2025-06-10 19:05:29.056.167] [INFO  ] [Controller] [Joints] FL: +38.898, +33.701, +40.630 ,FR: +40.630, +33.701, +33.701, HL: 44.094, +33.701, +38.898, HR: +47.559, +31.969, +47.559 Max HR-HipX = +47.559 Min HR-HipY = +31.969 
[2025-06-10 19:05:30.864.187] [INFO  ] [TVMPC] JY is Moving... (tvmpc),  time: 1452.639112 
[2025-06-10 19:05:31.195.065] [INFO  ] [Battery] SoC = 83%, Volt = +31.800V, Temp 26 
[2025-06-10 19:05:31.556.160] [INFO  ] [Controller] [Joints] FL: +38.898, +33.701, +40.630 ,FR: +40.630, +33.701, +33.701, HL: 44.094, +33.701, +38.898, HR: +47.559, +31.969, +47.559 Max HR-HipX = +47.559 Min HR-HipY = +31.969 
[2025-06-10 19:05:33.114.567] [INFO  ] [TVMPC] [trot]STOP!!! 
[2025-06-10 19:05:33.115.143] [INFO  ] [BasicMotion] Switching to force control mode, please wait... 
[2025-06-10 19:05:34.056.168] [INFO  ] [Controller] [Joints] FL: +38.898, +33.701, +40.630 ,FR: +40.630, +33.701, +35.433, HL: 44.094, +33.701, +38.898, HR: +47.559, +31.969, +47.559 Max HR-HipX = +47.559 Min HR-HipY = +31.969 
[2025-06-10 19:05:34.117.196] [INFO  ] [TVMPC] JY is Moving... (tvmpc),  time: 1455.892121 
[2025-06-10 19:05:35.018.598] [INFO  ] [TVMPC] [trot]STOP!!! 
[2025-06-10 19:05:35.019.144] [INFO  ] [BasicMotion] Switching to force control mode, please wait... 
[2025-06-10 19:05:36.021.182] [INFO  ] [TVMPC] JY is Moving... (tvmpc),  time: 1457.796111 
[2025-06-10 19:05:36.193.882] [INFO  ] [Battery] SoC = 83%, Volt = +31.900V, Temp 26 
[2025-06-10 19:05:36.557.169] [INFO  ] [Controller] [Joints] FL: +38.898, +33.701, +40.630 ,FR: +40.630, +33.701, +35.433, HL: 44.094, +33.701, +40.630, HR: +47.559, +31.969, +49.291 Max HR-Knee = +49.291 Min HR-HipY = +31.969 
[2025-06-10 19:05:36.921.571] [INFO  ] [TVMPC] [trot]STOP!!! 
[2025-06-10 19:05:36.922.144] [INFO  ] [BasicMotion] Switching to force control mode, please wait... 
[2025-06-10 19:05:39.057.171] [INFO  ] [Controller] [Joints] FL: +38.898, +33.701, +40.630 ,FR: +38.898, +33.701, +35.433, HL: 44.094, +33.701, +40.630, HR: +47.559, +31.969, +49.291 Max HR-Knee = +49.291 Min HR-HipY = +31.969 
[2025-06-10 19:05:40.604.186] [INFO  ] [TVMPC] JY is Moving... (tvmpc),  time: 1462.379111 
[2025-06-10 19:05:41.192.454] [INFO  ] [Battery] SoC = 83%, Volt = +31.800V, Temp 26 
[2025-06-10 19:05:41.557.173] [INFO  ] [Controller] [Joints] FL: +38.898, +33.701, +40.630 ,FR: +38.898, +33.701, +35.433, HL: 44.094, +33.701, +42.362, HR: +47.559, +33.701, +49.291 Max HR-Knee = +49.291 Min FL-HipY = +33.701 
[2025-06-10 19:05:44.057.161] [INFO  ] [Controller] [Joints] FL: +38.898, +33.701, +40.630 ,FR: +38.898, +33.701, +35.433, HL: 44.094, +33.701, +42.362, HR: +47.559, +33.701, +49.291 Max HR-Knee = +49.291 Min FL-HipY = +33.701 
[2025-06-10 19:05:46.191.191] [INFO  ] [Battery] SoC = 83%, Volt = +31.800V, Temp 26 
[2025-06-10 19:05:46.557.164] [INFO  ] [Controller] [Joints] FL: +40.630, +33.701, +40.630 ,FR: +38.898, +33.701, +37.165, HL: 44.094, +33.701, +44.094, HR: +47.559, +33.701, +51.024 Max HR-Knee = +51.024 Min FL-HipY = +33.701 
[2025-06-10 19:05:49.057.168] [INFO  ] [Controller] [Joints] FL: +40.630, +33.701, +40.630 ,FR: +38.898, +33.701, +37.165, HL: 44.094, +33.701, +44.094, HR: +47.559, +33.701, +51.024 Max HR-Knee = +51.024 Min FL-HipY = +33.701 
[2025-06-10 19:05:51.190.027] [INFO  ] [Battery] SoC = 83%, Volt = +31.700V, Temp 26 
[2025-06-10 19:05:51.557.169] [INFO  ] [Controller] [Joints] FL: +40.630, +33.701, +40.630 ,FR: +38.898, +33.701, +38.898, HL: 44.094, +33.701, +45.827, HR: +47.559, +33.701, +52.756 Max HR-Knee = +52.756 Min FL-HipY = +33.701 
[2025-06-10 19:05:54.057.167] [INFO  ] [Controller] [Joints] FL: +40.630, +33.701, +42.362 ,FR: +38.898, +33.701, +38.898, HL: 44.094, +33.701, +45.827, HR: +47.559, +33.701, +52.756 Max HR-Knee = +52.756 Min FL-HipY = +33.701 
[2025-06-10 19:05:56.188.842] [INFO  ] [Battery] SoC = 83%, Volt = +31.800V, Temp 26 
[2025-06-10 19:05:56.557.165] [INFO  ] [Controller] [Joints] FL: +40.630, +33.701, +42.362 ,FR: +40.630, +33.701, +38.898, HL: 44.094, +33.701, +45.827, HR: +47.559, +33.701, +52.756 Max HR-Knee = +52.756 Min FL-HipY = +33.701 
[2025-06-10 19:05:59.054.580] [INFO  ] [TVMPC] [trot]STOP!!! 
[2025-06-10 19:05:59.055.150] [INFO  ] [BasicMotion] Switching to force control mode, please wait... 
[2025-06-10 19:05:59.057.142] [INFO  ] [Controller] [Joints] FL: +40.630, +33.701, +42.362 ,FR: +40.630, +33.701, +40.630, HL: 44.094, +33.701, +47.559, HR: +47.559, +33.701, +54.488 Max HR-Knee = +54.488 Min FL-HipY = +33.701 
[2025-06-10 19:06:00.057.183] [INFO  ] [TVMPC] JY is Moving... (tvmpc),  time: 1481.832112 
[2025-06-10 19:06:01.187.797] [INFO  ] [Battery] SoC = 83%, Volt = +31.800V, Temp 26 
[2025-06-10 19:06:01.407.596] [INFO  ] [TVMPC] [trot]STOP!!! 
[2025-06-10 19:06:01.408.143] [INFO  ] [BasicMotion] Switching to force control mode, please wait... 
[2025-06-10 19:06:01.557.164] [INFO  ] [Controller] [Joints] FL: +40.630, +33.701, +42.362 ,FR: +40.630, +33.701, +40.630, HL: 44.094, +33.701, +47.559, HR: +47.559, +33.701, +54.488 Max HR-Knee = +54.488 Min FL-HipY = +33.701 
[2025-06-10 19:06:02.409.184] [INFO  ] [TVMPC] JY is Moving... (tvmpc),  time: 1484.184112 
[2025-06-10 19:06:04.057.165] [INFO  ] [Controller] [Joints] FL: +40.630, +33.701, +42.362 ,FR: +40.630, +33.701, +40.630, HL: 44.094, +33.701, +47.559, HR: +47.559, +33.701, +54.488 Max HR-Knee = +54.488 Min FL-HipY = +33.701 
[2025-06-10 19:06:05.559.586] [INFO  ] [TVMPC] [trot]STOP!!! 
[2025-06-10 19:06:05.560.143] [INFO  ] [BasicMotion] Switching to force control mode, please wait... 
[2025-06-10 19:06:06.186.670] [INFO  ] [Battery] SoC = 83%, Volt = +31.800V, Temp 26 
[2025-06-10 19:06:06.557.168] [INFO  ] [Controller] [Joints] FL: +40.630, +33.701, +42.362 ,FR: +40.630, +33.701, +40.630, HL: 44.094, +33.701, +49.291, HR: +47.559, +33.701, +54.488 Max HR-Knee = +54.488 Min FL-HipY = +33.701 
[2025-06-10 19:06:08.647.187] [INFO  ] [TVMPC] JY is Moving... (tvmpc),  time: 1490.422111 
[2025-06-10 19:06:09.057.167] [INFO  ] [Controller] [Joints] FL: +40.630, +33.701, +42.362 ,FR: +40.630, +33.701, +40.630, HL: 44.094, +33.701, +49.291, HR: +47.559, +33.701, +54.488 Max HR-Knee = +54.488 Min FL-HipY = +33.701 
[2025-06-10 19:06:11.185.613] [INFO  ] [Battery] SoC = 83%, Volt = +31.700V, Temp 26 
[2025-06-10 19:06:11.557.166] [INFO  ] [Controller] [Joints] FL: +40.630, +33.701, +42.362 ,FR: +40.630, +33.701, +40.630, HL: 44.094, +33.701, +49.291, HR: +47.559, +33.701, +54.488 Max HR-Knee = +54.488 Min FL-HipY = +33.701 
[2025-06-10 19:06:12.247.578] [INFO  ] [TVMPC] [trot]STOP!!! 
[2025-06-10 19:06:12.248.182] [INFO  ] [BasicMotion] Switching to force control mode, please wait... 
[2025-06-10 19:06:13.250.183] [INFO  ] [TVMPC] JY is Moving... (tvmpc),  time: 1495.025111 
[2025-06-10 19:06:14.057.166] [INFO  ] [Controller] [Joints] FL: +40.630, +33.701, +42.362 ,FR: +40.630, +33.701, +42.362, HL: 44.094, +33.701, +51.024, HR: +47.559, +33.701, +54.488 Max HR-Knee = +54.488 Min FL-HipY = +33.701 
[2025-06-10 19:06:16.184.517] [INFO  ] [Battery] SoC = 83%, Volt = +31.700V, Temp 26 
[2025-06-10 19:06:16.557.165] [INFO  ] [Controller] [Joints] FL: +40.630, +33.701, +42.362 ,FR: +40.630, +33.701, +42.362, HL: 44.094, +33.701, +51.024, HR: +47.559, +33.701, +54.488 Max HR-Knee = +54.488 Min FL-HipY = +33.701 
[2025-06-10 19:06:17.750.579] [INFO  ] [TVMPC] [trot]STOP!!! 
[2025-06-10 19:06:17.751.144] [INFO  ] [BasicMotion] Switching to force control mode, please wait... 
[2025-06-10 19:06:18.846.201] [INFO  ] [TVMPC] JY is Moving... (tvmpc),  time: 1500.621113 
[2025-06-10 19:06:19.057.166] [INFO  ] [Controller] [Joints] FL: +40.630, +33.701, +44.094 ,FR: +40.630, +33.701, +42.362, HL: 44.094, +33.701, +51.024, HR: +47.559, +33.701, +56.220 Max HR-Knee = +56.220 Min FL-HipY = +33.701 
[2025-06-10 19:06:21.183.331] [INFO  ] [Battery] SoC = 83%, Volt = +31.700V, Temp 26 
[2025-06-10 19:06:21.557.168] [INFO  ] [Controller] [Joints] FL: +40.630, +33.701, +44.094 ,FR: +40.630, +33.701, +42.362, HL: 44.094, +33.701, +51.024, HR: +47.559, +33.701, +56.220 Max HR-Knee = +56.220 Min FL-HipY = +33.701 
[2025-06-10 19:06:24.057.162] [INFO  ] [Controller] [Joints] FL: +40.630, +33.701, +44.094 ,FR: +40.630, +33.701, +42.362, HL: 44.094, +33.701, +52.756, HR: +47.559, +33.701, +56.220 Max HR-Knee = +56.220 Min FL-HipY = +33.701 
[2025-06-10 19:06:26.182.071] [INFO  ] [Battery] SoC = 82%, Volt = +31.800V, Temp 26 
[2025-06-10 19:06:26.557.171] [INFO  ] [Controller] [Joints] FL: +40.630, +33.701, +44.094 ,FR: +40.630, +33.701, +42.362, HL: 44.094, +33.701, +52.756, HR: +47.559, +33.701, +56.220 Max HR-Knee = +56.220 Min FL-HipY = +33.701 
[2025-06-10 19:06:29.057.166] [INFO  ] [Controller] [Joints] FL: +40.630, +33.701, +44.094 ,FR: +40.630, +33.701, +44.094, HL: 44.094, +33.701, +52.756, HR: +47.559, +33.701, +56.220 Max HR-Knee = +56.220 Min FL-HipY = +33.701 
[2025-06-10 19:06:31.180.910] [INFO  ] [Battery] SoC = 82%, Volt = +31.800V, Temp 26 
[2025-06-10 19:06:31.557.165] [INFO  ] [Controller] [Joints] FL: +42.362, +33.701, +44.094 ,FR: +40.630, +33.701, +44.094, HL: 44.094, +33.701, +52.756, HR: +47.559, +33.701, +57.953 Max HR-Knee = +57.953 Min FL-HipY = +33.701 
[2025-06-10 19:06:34.057.161] [INFO  ] [Controller] [Joints] FL: +42.362, +33.701, +44.094 ,FR: +40.630, +33.701, +44.094, HL: 44.094, +33.701, +54.488, HR: +47.559, +33.701, +57.953 Max HR-Knee = +57.953 Min FL-HipY = +33.701 
[2025-06-10 19:06:36.179.680] [INFO  ] [Battery] SoC = 82%, Volt = +31.800V, Temp 26 
[2025-06-10 19:06:36.396.566] [INFO  ] [TVMPC] [trot]STOP!!! 
[2025-06-10 19:06:36.397.143] [INFO  ] [BasicMotion] Switching to force control mode, please wait... 
[2025-06-10 19:06:36.557.168] [INFO  ] [Controller] [Joints] FL: +42.362, +33.701, +44.094 ,FR: +42.362, +33.701, +44.094, HL: 44.094, +33.701, +54.488, HR: +47.559, +33.701, +57.953 Max HR-Knee = +57.953 Min FL-HipY = +33.701 
[2025-06-10 19:06:37.399.184] [INFO  ] [TVMPC] JY is Moving... (tvmpc),  time: 1519.174111 
[2025-06-10 19:06:39.057.164] [INFO  ] [Controller] [Joints] FL: +42.362, +33.701, +44.094 ,FR: +42.362, +33.701, +44.094, HL: 44.094, +33.701, +54.488, HR: +47.559, +33.701, +57.953 Max HR-Knee = +57.953 Min FL-HipY = +33.701 
[2025-06-10 19:06:40.099.583] [INFO  ] [TVMPC] [trot]STOP!!! 
[2025-06-10 19:06:40.100.144] [INFO  ] [BasicMotion] Switching to force control mode, please wait... 
[2025-06-10 19:06:41.102.183] [INFO  ] [TVMPC] JY is Moving... (tvmpc),  time: 1522.877112 
[2025-06-10 19:06:41.178.446] [INFO  ] [Battery] SoC = 82%, Volt = +31.700V, Temp 26 
[2025-06-10 19:06:41.557.162] [INFO  ] [Controller] [Joints] FL: +42.362, +33.701, +44.094 ,FR: +42.362, +33.701, +44.094, HL: 44.094, +33.701, +54.488, HR: +47.559, +33.701, +57.953 Max HR-Knee = +57.953 Min FL-HipY = +33.701 
[2025-06-10 19:06:42.002.585] [INFO  ] [TVMPC] [trot]STOP!!! 
[2025-06-10 19:06:42.003.142] [INFO  ] [BasicMotion] Switching to force control mode, please wait... 
[2025-06-10 19:06:43.306.181] [INFO  ] [TVMPC] JY is Moving... (tvmpc),  time: 1525.081111 
[2025-06-10 19:06:44.057.161] [INFO  ] [Controller] [Joints] FL: +42.362, +33.701, +44.094 ,FR: +42.362, +33.701, +44.094, HL: 44.094, +33.701, +54.488, HR: +47.559, +33.701, +57.953 Max HR-Knee = +57.953 Min FL-HipY = +33.701 
[2025-06-10 19:06:46.177.208] [INFO  ] [Battery] SoC = 82%, Volt = +31.800V, Temp 26 
[2025-06-10 19:06:46.557.165] [INFO  ] [Controller] [Joints] FL: +42.362, +33.701, +44.094 ,FR: +42.362, +33.701, +44.094, HL: 45.827, +33.701, +54.488, HR: +47.559, +33.701, +57.953 Max HR-Knee = +57.953 Min FL-HipY = +33.701 
[2025-06-10 19:06:47.356.577] [INFO  ] [TVMPC] [trot]STOP!!! 
[2025-06-10 19:06:47.357.144] [INFO  ] [BasicMotion] Switching to force control mode, please wait... 
[2025-06-10 19:06:48.358.186] [INFO  ] [TVMPC] JY is Moving... (tvmpc),  time: 1530.133111 
[2025-06-10 19:06:49.057.168] [INFO  ] [Controller] [Joints] FL: +42.362, +33.701, +44.094 ,FR: +42.362, +33.701, +44.094, HL: 45.827, +33.701, +54.488, HR: +47.559, +33.701, +57.953 Max HR-Knee = +57.953 Min FL-HipY = +33.701 
[2025-06-10 19:06:50.608.641] [INFO  ] [TVMPC] [trot]STOP!!! 
[2025-06-10 19:06:50.609.143] [INFO  ] [BasicMotion] Switching to force control mode, please wait... 
[2025-06-10 19:06:51.090.153] [INFO  ] [Controller] Change Height!!! 
[2025-06-10 19:06:51.176.068] [INFO  ] [Battery] SoC = 82%, Volt = +31.700V, Temp 26 
[2025-06-10 19:06:51.557.167] [INFO  ] [Controller] [Joints] FL: +42.362, +33.701, +45.827 ,FR: +42.362, +33.701, +44.094, HL: 45.827, +33.701, +56.220, HR: +47.559, +33.701, +57.953 Max HR-Knee = +57.953 Min FL-HipY = +33.701 
[2025-06-10 19:06:54.006.185] [INFO  ] [TVMPC] JY is Moving... (tvmpc),  time: 1535.781112 
[2025-06-10 19:06:54.057.169] [INFO  ] [Controller] [Joints] FL: +42.362, +33.701, +44.094 ,FR: +42.362, +33.701, +44.094, HL: 45.827, +33.701, +56.220, HR: +47.559, +33.701, +57.953 Max HR-Knee = +57.953 Min FL-HipY = +33.701 
[2025-06-10 19:06:56.174.779] [INFO  ] [Battery] SoC = 82%, Volt = +31.800V, Temp 26 
[2025-06-10 19:06:56.256.562] [INFO  ] [TVMPC] [trot]STOP!!! 
[2025-06-10 19:06:56.257.144] [INFO  ] [BasicMotion] Switching to force control mode, please wait... 
[2025-06-10 19:06:56.557.166] [INFO  ] [Controller] [Joints] FL: +42.362, +33.701, +44.094 ,FR: +42.362, +33.701, +44.094, HL: 45.827, +33.701, +56.220, HR: +47.559, +33.701, +57.953 Max HR-Knee = +57.953 Min FL-HipY = +33.701 
[2025-06-10 19:06:59.057.164] [INFO  ] [Controller] [Joints] FL: +42.362, +33.701, +44.094 ,FR: +42.362, +33.701, +44.094, HL: 45.827, +33.701, +54.488, HR: +47.559, +33.701, +57.953 Max HR-Knee = +57.953 Min FL-HipY = +33.701 
[2025-06-10 19:06:59.311.146] [INFO  ] [Controller] Change Height!!! 
[2025-06-10 19:07:00.486.167] [INFO  ] [Controller] Change Height!!! 
[2025-06-10 19:07:01.173.688] [INFO  ] [Battery] SoC = 82%, Volt = +31.800V, Temp 26 
[2025-06-10 19:07:01.517.149] [INFO  ] [Controller] Change Height!!! 
[2025-06-10 19:07:01.557.165] [INFO  ] [Controller] [Joints] FL: +42.362, +33.701, +44.094 ,FR: +42.362, +33.701, +44.094, HL: 45.827, +33.701, +54.488, HR: +47.559, +33.701, +57.953 Max HR-Knee = +57.953 Min FL-HipY = +33.701 
[2025-06-10 19:07:03.569.146] [INFO  ] [Controller] Change Height!!! 
[2025-06-10 19:07:04.057.166] [INFO  ] [Controller] [Joints] FL: +40.630, +33.701, +44.094 ,FR: +40.630, +33.701, +44.094, HL: 45.827, +33.701, +54.488, HR: +47.559, +33.701, +56.220 Max HR-Knee = +56.220 Min FL-HipY = +33.701 
[2025-06-10 19:07:06.172.465] [INFO  ] [Battery] SoC = 82%, Volt = +31.800V, Temp 26 
[2025-06-10 19:07:06.512.152] [INFO  ] [Controller] trot run... 
[2025-06-10 19:07:06.557.168] [INFO  ] [Controller] [Joints] FL: +40.630, +33.701, +44.094 ,FR: +40.630, +33.701, +44.094, HL: 45.827, +33.701, +54.488, HR: +47.559, +33.701, +56.220 Max HR-Knee = +56.220 Min FL-HipY = +33.701 
[2025-06-10 19:07:07.274.150] [INFO  ] [Controller] trot run2... 
[2025-06-10 19:07:08.141.146] [INFO  ] [Controller] trot... 
[2025-06-10 19:07:09.057.170] [INFO  ] [Controller] [Joints] FL: +40.630, +33.701, +44.094 ,FR: +40.630, +33.701, +44.094, HL: 45.827, +33.701, +54.488, HR: +47.559, +33.701, +56.220 Max HR-Knee = +56.220 Min FL-HipY = +33.701 
[2025-06-10 19:07:11.171.299] [INFO  ] [Battery] SoC = 82%, Volt = +31.800V, Temp 26 
[2025-06-10 19:07:11.557.159] [INFO  ] [Controller] [Joints] FL: +40.630, +33.701, +44.094 ,FR: +40.630, +33.701, +44.094, HL: 45.827, +33.701, +54.488, HR: +47.559, +33.701, +56.220 Max HR-Knee = +56.220 Min FL-HipY = +33.701 
[2025-06-10 19:07:14.057.169] [INFO  ] [Controller] [Joints] FL: +40.630, +33.701, +42.362 ,FR: +40.630, +33.701, +44.094, HL: 45.827, +33.701, +54.488, HR: +47.559, +33.701, +56.220 Max HR-Knee = +56.220 Min FL-HipY = +33.701 
[2025-06-10 19:07:14.057.202] [INFO  ] [Controller] Switch to Twist Body Mode!!! 
[2025-06-10 19:07:16.169.986] [INFO  ] [Battery] SoC = 82%, Volt = +31.800V, Temp 26 
[2025-06-10 19:07:16.256.146] [INFO  ] [Controller] Switch to Move Mode!!! 
[2025-06-10 19:07:16.557.175] [INFO  ] [Controller] [Joints] FL: +40.630, +33.701, +42.362 ,FR: +40.630, +33.701, +44.094, HL: 45.827, +33.701, +54.488, HR: +47.559, +33.701, +54.488 Max HL-Knee = +54.488 Min FL-HipY = +33.701 
[2025-06-10 19:07:19.057.170] [INFO  ] [Controller] [Joints] FL: +40.630, +33.701, +42.362 ,FR: +40.630, +33.701, +44.094, HL: 45.827, +33.701, +54.488, HR: +47.559, +33.701, +54.488 Max HL-Knee = +54.488 Min FL-HipY = +33.701 
[2025-06-10 19:07:21.168.727] [INFO  ] [Battery] SoC = 82%, Volt = +31.800V, Temp 26 
[2025-06-10 19:07:21.557.171] [INFO  ] [Controller] [Joints] FL: +40.630, +33.701, +42.362 ,FR: +40.630, +33.701, +44.094, HL: 45.827, +33.701, +54.488, HR: +49.291, +33.701, +54.488 Max HL-Knee = +54.488 Min FL-HipY = +33.701 
[2025-06-10 19:07:24.057.170] [INFO  ] [Controller] [Joints] FL: +40.630, +33.701, +42.362 ,FR: +40.630, +33.701, +44.094, HL: 45.827, +33.701, +54.488, HR: +49.291, +33.701, +54.488 Max HL-Knee = +54.488 Min FL-HipY = +33.701 
[2025-06-10 19:07:26.167.519] [INFO  ] [Battery] SoC = 82%, Volt = +31.800V, Temp 26 
[2025-06-10 19:07:26.557.167] [INFO  ] [Controller] [Joints] FL: +40.630, +33.701, +42.362 ,FR: +40.630, +33.701, +44.094, HL: 45.827, +33.701, +54.488, HR: +49.291, +33.701, +54.488 Max HL-Knee = +54.488 Min FL-HipY = +33.701 
[2025-06-10 19:07:28.849.149] [INFO  ] [Controller] Change Height!!! 
[2025-06-10 19:07:29.057.173] [INFO  ] [Controller] [Joints] FL: +40.630, +33.701, +42.362 ,FR: +40.630, +33.701, +44.094, HL: 45.827, +33.701, +56.220, HR: +49.291, +33.701, +54.488 Max HL-Knee = +56.220 Min FL-HipY = +33.701 
[2025-06-10 19:07:29.675.154] [INFO  ] [Controller] Change Height!!! 
[2025-06-10 19:07:31.166.268] [INFO  ] [Battery] SoC = 81%, Volt = +31.800V, Temp 26 
[2025-06-10 19:07:31.557.172] [INFO  ] [Controller] [Joints] FL: +40.630, +33.701, +42.362 ,FR: +40.630, +33.701, +42.362, HL: 45.827, +33.701, +56.220, HR: +49.291, +33.701, +54.488 Max HL-Knee = +56.220 Min FL-HipY = +33.701 
[2025-06-10 19:07:32.678.165] [INFO  ] [Controller] stand_cmd.... 
[2025-06-10 19:07:32.678.223] [INFO  ] [BasicMotion] Standing down, please wait... 
[2025-06-10 19:07:34.057.173] [INFO  ] [Controller] [Joints] FL: +40.630, +33.701, +42.362 ,FR: +40.630, +33.701, +42.362, HL: 45.827, +33.701, +56.220, HR: +49.291, +33.701, +52.756 Max HL-Knee = +56.220 Min FL-HipY = +33.701 
[2025-06-10 19:07:35.179.149] [INFO  ] [BasicMotion] Stand down action has finished, waitting to stand up again!!! 
[2025-06-10 19:07:35.736.148] [INFO  ] [Controller] stand_cmd.... 
[2025-06-10 19:07:35.736.195] [INFO  ] [BasicMotion] Standing up, please wait... 
[2025-06-10 19:07:36.164.907] [INFO  ] [Battery] SoC = 81%, Volt = +31.700V, Temp 26 
[2025-06-10 19:07:36.557.182] [INFO  ] [Controller] [Joints] FL: +40.630, +33.701, +42.362 ,FR: +40.630, +33.701, +42.362, HL: 45.827, +33.701, +54.488, HR: +49.291, +33.701, +52.756 Max HL-Knee = +54.488 Min FL-HipY = +33.701 
[2025-06-10 19:07:37.737.158] [INFO  ] [BasicMotion] Stand up action has finished, waitting to switch to force control mode! 
[2025-06-10 19:07:37.737.201] [INFO  ] [BasicMotion] Switching to force control mode, please wait... 
[2025-06-10 19:07:39.057.176] [INFO  ] [Controller] [Joints] FL: +40.630, +33.701, +42.362 ,FR: +40.630, +33.701, +42.362, HL: 45.827, +33.701, +54.488, HR: +49.291, +33.701, +52.756 Max HL-Knee = +54.488 Min FL-HipY = +33.701 
[2025-06-10 19:07:41.163.566] [INFO  ] [Battery] SoC = 81%, Volt = +31.800V, Temp 26 
[2025-06-10 19:07:41.557.177] [INFO  ] [Controller] [Joints] FL: +40.630, +33.701, +42.362 ,FR: +40.630, +33.701, +42.362, HL: 45.827, +33.701, +54.488, HR: +49.291, +33.701, +52.756 Max HL-Knee = +54.488 Min FL-HipY = +33.701 
[2025-06-10 19:07:44.057.166] [INFO  ] [Controller] [Joints] FL: +40.630, +33.701, +40.630 ,FR: +40.630, +33.701, +42.362, HL: 47.559, +33.701, +54.488, HR: +49.291, +33.701, +52.756 Max HL-Knee = +54.488 Min FL-HipY = +33.701 
[2025-06-10 19:07:46.162.093] [INFO  ] [Battery] SoC = 81%, Volt = +31.800V, Temp 26 
[2025-06-10 19:07:46.557.173] [INFO  ] [Controller] [Joints] FL: +40.630, +33.701, +40.630 ,FR: +40.630, +33.701, +42.362, HL: 47.559, +33.701, +54.488, HR: +49.291, +33.701, +52.756 Max HL-Knee = +54.488 Min FL-HipY = +33.701 
[2025-06-10 19:07:49.057.169] [INFO  ] [Controller] [Joints] FL: +40.630, +33.701, +40.630 ,FR: +40.630, +33.701, +42.362, HL: 47.559, +33.701, +52.756, HR: +49.291, +33.701, +52.756 Max HL-Knee = +52.756 Min FL-HipY = +33.701 
[2025-06-10 19:07:51.160.712] [INFO  ] [Battery] SoC = 81%, Volt = +31.800V, Temp 26 
[2025-06-10 19:07:51.557.168] [INFO  ] [Controller] [Joints] FL: +40.630, +33.701, +40.630 ,FR: +40.630, +33.701, +42.362, HL: 49.291, +33.701, +52.756, HR: +49.291, +33.701, +51.024 Max HL-Knee = +52.756 Min FL-HipY = +33.701 
[2025-06-10 19:07:54.057.167] [INFO  ] [Controller] [Joints] FL: +40.630, +33.701, +40.630 ,FR: +40.630, +33.701, +42.362, HL: 49.291, +33.701, +52.756, HR: +49.291, +33.701, +51.024 Max HL-Knee = +52.756 Min FL-HipY = +33.701 
[2025-06-10 19:07:56.159.331] [INFO  ] [Battery] SoC = 81%, Volt = +31.800V, Temp 26 
[2025-06-10 19:07:56.557.170] [INFO  ] [Controller] [Joints] FL: +40.630, +33.701, +40.630 ,FR: +40.630, +33.701, +40.630, HL: 49.291, +33.701, +52.756, HR: +47.559, +33.701, +51.024 Max HL-Knee = +52.756 Min FL-HipY = +33.701 
[2025-06-10 19:07:59.057.191] [INFO  ] [Controller] [Joints] FL: +40.630, +33.701, +38.898 ,FR: +40.630, +33.701, +40.630, HL: 51.024, +33.701, +52.756, HR: +47.559, +33.701, +51.024 Max HL-Knee = +52.756 Min FL-HipY = +33.701 
[2025-06-10 19:08:01.157.995] [INFO  ] [Battery] SoC = 81%, Volt = +31.800V, Temp 26 
[2025-06-10 19:08:01.557.168] [INFO  ] [Controller] [Joints] FL: +40.630, +33.701, +38.898 ,FR: +40.630, +33.701, +40.630, HL: 51.024, +33.701, +52.756, HR: +47.559, +33.701, +51.024 Max HL-Knee = +52.756 Min FL-HipY = +33.701 
[2025-06-10 19:08:04.057.172] [INFO  ] [Controller] [Joints] FL: +40.630, +33.701, +38.898 ,FR: +40.630, +33.701, +40.630, HL: 51.024, +33.701, +51.024, HR: +47.559, +33.701, +51.024 Max HL-HipX = +51.024 Min FL-HipY = +33.701 
[2025-06-10 19:08:06.156.758] [INFO  ] [Battery] SoC = 81%, Volt = +31.700V, Temp 26 
[2025-06-10 19:08:06.557.174] [INFO  ] [Controller] [Joints] FL: +40.630, +33.701, +38.898 ,FR: +40.630, +33.701, +40.630, HL: 51.024, +33.701, +51.024, HR: +47.559, +33.701, +51.024 Max HL-HipX = +51.024 Min FL-HipY = +33.701 
[2025-06-10 19:08:09.057.171] [INFO  ] [Controller] [Joints] FL: +40.630, +33.701, +38.898 ,FR: +40.630, +33.701, +40.630, HL: 52.756, +33.701, +51.024, HR: +47.559, +33.701, +51.024 Max HL-HipX = +52.756 Min FL-HipY = +33.701 
[2025-06-10 19:08:11.155.580] [INFO  ] [Battery] SoC = 81%, Volt = +31.700V, Temp 26 
[2025-06-10 19:08:11.557.169] [INFO  ] [Controller] [Joints] FL: +40.630, +33.701, +38.898 ,FR: +40.630, +33.701, +40.630, HL: 52.756, +33.701, +51.024, HR: +47.559, +33.701, +51.024 Max HL-HipX = +52.756 Min FL-HipY = +33.701 
[2025-06-10 19:08:14.057.169] [INFO  ] [Controller] [Joints] FL: +40.630, +33.701, +38.898 ,FR: +40.630, +33.701, +40.630, HL: 52.756, +33.701, +51.024, HR: +47.559, +33.701, +51.024 Max HL-HipX = +52.756 Min FL-HipY = +33.701 
[2025-06-10 19:08:16.154.494] [INFO  ] [Battery] SoC = 81%, Volt = +31.700V, Temp 26 
[2025-06-10 19:08:16.557.173] [INFO  ] [Controller] [Joints] FL: +40.630, +33.701, +37.165 ,FR: +40.630, +33.701, +40.630, HL: 52.756, +33.701, +51.024, HR: +47.559, +33.701, +49.291 Max HL-HipX = +52.756 Min FL-HipY = +33.701 
[2025-06-10 19:08:19.057.170] [INFO  ] [Controller] [Joints] FL: +40.630, +33.701, +37.165 ,FR: +40.630, +33.701, +40.630, HL: 52.756, +33.701, +51.024, HR: +47.559, +33.701, +49.291 Max HL-HipX = +52.756 Min FL-HipY = +33.701 
[2025-06-10 19:08:21.153.204] [INFO  ] [Battery] SoC = 81%, Volt = +31.700V, Temp 26 
[2025-06-10 19:08:21.557.169] [INFO  ] [Controller] [Joints] FL: +40.630, +33.701, +37.165 ,FR: +40.630, +33.701, +40.630, HL: 54.488, +33.701, +51.024, HR: +47.559, +33.701, +49.291 Max HL-HipX = +54.488 Min FL-HipY = +33.701 
[2025-06-10 19:08:24.057.173] [INFO  ] [Controller] [Joints] FL: +40.630, +33.701, +37.165 ,FR: +40.630, +33.701, +40.630, HL: 54.488, +33.701, +51.024, HR: +47.559, +33.701, +49.291 Max HL-HipX = +54.488 Min FL-HipY = +33.701 
[2025-06-10 19:08:26.151.899] [INFO  ] [Battery] SoC = 81%, Volt = +31.700V, Temp 26 
[2025-06-10 19:08:26.557.175] [INFO  ] [Controller] [Joints] FL: +40.630, +33.701, +37.165 ,FR: +40.630, +33.701, +40.630, HL: 54.488, +33.701, +49.291, HR: +47.559, +33.701, +49.291 Max HL-HipX = +54.488 Min FL-HipY = +33.701 
[2025-06-10 19:08:29.057.172] [INFO  ] [Controller] [Joints] FL: +40.630, +33.701, +37.165 ,FR: +40.630, +33.701, +40.630, HL: 54.488, +33.701, +49.291, HR: +47.559, +33.701, +49.291 Max HL-HipX = +54.488 Min FL-HipY = +33.701 
[2025-06-10 19:08:31.150.589] [INFO  ] [Battery] SoC = 81%, Volt = +31.700V, Temp 26 
[2025-06-10 19:08:31.557.169] [INFO  ] [Controller] [Joints] FL: +40.630, +33.701, +37.165 ,FR: +40.630, +33.701, +40.630, HL: 54.488, +33.701, +49.291, HR: +47.559, +33.701, +49.291 Max HL-HipX = +54.488 Min FL-HipY = +33.701 
[2025-06-10 19:08:34.057.173] [INFO  ] [Controller] [Joints] FL: +40.630, +33.701, +37.165 ,FR: +40.630, +33.701, +40.630, HL: 54.488, +33.701, +49.291, HR: +47.559, +33.701, +49.291 Max HL-HipX = +54.488 Min FL-HipY = +33.701 
[2025-06-10 19:08:36.149.358] [INFO  ] [Battery] SoC = 81%, Volt = +31.700V, Temp 26 
[2025-06-10 19:08:36.557.175] [INFO  ] [Controller] [Joints] FL: +40.630, +33.701, +37.165 ,FR: +40.630, +33.701, +40.630, HL: 54.488, +33.701, +49.291, HR: +47.559, +33.701, +49.291 Max HL-HipX = +54.488 Min FL-HipY = +33.701 
[2025-06-10 19:08:39.057.172] [INFO  ] [Controller] [Joints] FL: +40.630, +33.701, +37.165 ,FR: +40.630, +33.701, +38.898, HL: 56.220, +33.701, +49.291, HR: +47.559, +33.701, +49.291 Max HL-HipX = +56.220 Min FL-HipY = +33.701 
[2025-06-10 19:08:41.148.115] [INFO  ] [Battery] SoC = 81%, Volt = +31.700V, Temp 26 
[2025-06-10 19:08:41.557.175] [INFO  ] [Controller] [Joints] FL: +40.630, +33.701, +37.165 ,FR: +40.630, +33.701, +38.898, HL: 56.220, +33.701, +49.291, HR: +49.291, +33.701, +49.291 Max HL-HipX = +56.220 Min FL-HipY = +33.701 
[2025-06-10 19:08:44.057.175] [INFO  ] [Controller] [Joints] FL: +40.630, +33.701, +37.165 ,FR: +40.630, +33.701, +38.898, HL: 56.220, +33.701, +49.291, HR: +49.291, +33.701, +49.291 Max HL-HipX = +56.220 Min FL-HipY = +33.701 
[2025-06-10 19:08:46.146.862] [INFO  ] [Battery] SoC = 80%, Volt = +31.700V, Temp 26 
[2025-06-10 19:08:46.557.173] [INFO  ] [Controller] [Joints] FL: +40.630, +33.701, +37.165 ,FR: +40.630, +33.701, +38.898, HL: 56.220, +33.701, +49.291, HR: +49.291, +33.701, +49.291 Max HL-HipX = +56.220 Min FL-HipY = +33.701 
[2025-06-10 19:08:49.057.168] [INFO  ] [Controller] [Joints] FL: +40.630, +33.701, +37.165 ,FR: +42.362, +33.701, +38.898, HL: 56.220, +33.701, +49.291, HR: +49.291, +33.701, +49.291 Max HL-HipX = +56.220 Min FL-HipY = +33.701 
[2025-06-10 19:08:51.145.685] [INFO  ] [Battery] SoC = 80%, Volt = +31.700V, Temp 26 
[2025-06-10 19:08:51.557.167] [INFO  ] [Controller] [Joints] FL: +40.630, +33.701, +35.433 ,FR: +42.362, +33.701, +38.898, HL: 56.220, +33.701, +49.291, HR: +49.291, +33.701, +49.291 Max HL-HipX = +56.220 Min FL-HipY = +33.701 
[2025-06-10 19:08:54.057.166] [INFO  ] [Controller] [Joints] FL: +40.630, +33.701, +35.433 ,FR: +42.362, +33.701, +38.898, HL: 56.220, +33.701, +49.291, HR: +49.291, +33.701, +49.291 Max HL-HipX = +56.220 Min FL-HipY = +33.701 
[2025-06-10 19:08:56.144.524] [INFO  ] [Battery] SoC = 80%, Volt = +31.700V, Temp 26 
[2025-06-10 19:08:56.557.156] [INFO  ] [Controller] [Joints] FL: +40.630, +33.701, +35.433 ,FR: +42.362, +33.701, +38.898, HL: 56.220, +33.701, +49.291, HR: +49.291, +33.701, +49.291 Max HL-HipX = +56.220 Min FL-HipY = +33.701 
[2025-06-10 19:08:59.057.174] [INFO  ] [Controller] [Joints] FL: +40.630, +33.701, +35.433 ,FR: +42.362, +33.701, +38.898, HL: 56.220, +33.701, +49.291, HR: +49.291, +33.701, +49.291 Max HL-HipX = +56.220 Min FL-HipY = +33.701 
[2025-06-10 19:09:01.143.196] [INFO  ] [Battery] SoC = 80%, Volt = +31.700V, Temp 26 
[2025-06-10 19:09:01.557.169] [INFO  ] [Controller] [Joints] FL: +40.630, +33.701, +35.433 ,FR: +42.362, +33.701, +38.898, HL: 56.220, +33.701, +49.291, HR: +49.291, +33.701, +49.291 Max HL-HipX = +56.220 Min FL-HipY = +33.701 
[2025-06-10 19:09:04.057.174] [INFO  ] [Controller] [Joints] FL: +40.630, +33.701, +35.433 ,FR: +42.362, +33.701, +38.898, HL: 56.220, +33.701, +49.291, HR: +49.291, +33.701, +47.559 Max HL-HipX = +56.220 Min FL-HipY = +33.701 
[2025-06-10 19:09:06.141.913] [INFO  ] [Battery] SoC = 80%, Volt = +31.700V, Temp 26 
[2025-06-10 19:09:06.557.173] [INFO  ] [Controller] [Joints] FL: +40.630, +33.701, +35.433 ,FR: +42.362, +33.701, +38.898, HL: 57.953, +33.701, +49.291, HR: +49.291, +33.701, +47.559 Max HL-HipX = +57.953 Min FL-HipY = +33.701 
[2025-06-10 19:09:09.057.173] [INFO  ] [Controller] [Joints] FL: +40.630, +33.701, +35.433 ,FR: +42.362, +33.701, +38.898, HL: 57.953, +33.701, +49.291, HR: +49.291, +33.701, +47.559 Max HL-HipX = +57.953 Min FL-HipY = +33.701 
[2025-06-10 19:09:11.140.607] [INFO  ] [Battery] SoC = 80%, Volt = +31.700V, Temp 26 
[2025-06-10 19:09:11.557.169] [INFO  ] [Controller] [Joints] FL: +40.630, +33.701, +35.433 ,FR: +42.362, +33.701, +38.898, HL: 57.953, +33.701, +47.559, HR: +49.291, +33.701, +47.559 Max HL-HipX = +57.953 Min FL-HipY = +33.701 
[2025-06-10 19:09:14.057.174] [INFO  ] [Controller] [Joints] FL: +40.630, +33.701, +35.433 ,FR: +42.362, +33.701, +38.898, HL: 57.953, +33.701, +47.559, HR: +49.291, +33.701, +47.559 Max HL-HipX = +57.953 Min FL-HipY = +33.701 
[2025-06-10 19:09:16.139.338] [INFO  ] [Battery] SoC = 80%, Volt = +31.600V, Temp 26 
[2025-06-10 19:09:16.557.172] [INFO  ] [Controller] [Joints] FL: +40.630, +33.701, +35.433 ,FR: +42.362, +33.701, +38.898, HL: 57.953, +33.701, +47.559, HR: +49.291, +33.701, +47.559 Max HL-HipX = +57.953 Min FL-HipY = +33.701 
[2025-06-10 19:09:19.057.173] [INFO  ] [Controller] [Joints] FL: +40.630, +33.701, +35.433 ,FR: +42.362, +33.701, +38.898, HL: 57.953, +33.701, +47.559, HR: +49.291, +33.701, +47.559 Max HL-HipX = +57.953 Min FL-HipY = +33.701 
[2025-06-10 19:09:21.137.967] [INFO  ] [Battery] SoC = 80%, Volt = +31.600V, Temp 26 
[2025-06-10 19:09:21.557.173] [INFO  ] [Controller] [Joints] FL: +40.630, +33.701, +35.433 ,FR: +42.362, +33.701, +38.898, HL: 57.953, +33.701, +47.559, HR: +49.291, +33.701, +47.559 Max HL-HipX = +57.953 Min FL-HipY = +33.701 
[2025-06-10 19:09:24.057.172] [INFO  ] [Controller] [Joints] FL: +40.630, +33.701, +35.433 ,FR: +42.362, +33.701, +38.898, HL: 57.953, +33.701, +47.559, HR: +49.291, +33.701, +47.559 Max HL-HipX = +57.953 Min FL-HipY = +33.701 
[2025-06-10 19:09:26.136.615] [INFO  ] [Battery] SoC = 80%, Volt = +31.600V, Temp 26 
[2025-06-10 19:09:26.557.174] [INFO  ] [Controller] [Joints] FL: +40.630, +33.701, +35.433 ,FR: +42.362, +33.701, +38.898, HL: 57.953, +33.701, +47.559, HR: +49.291, +33.701, +47.559 Max HL-HipX = +57.953 Min FL-HipY = +33.701 
[2025-06-10 19:09:29.057.179] [INFO  ] [Controller] [Joints] FL: +40.630, +33.701, +35.433 ,FR: +42.362, +33.701, +38.898, HL: 57.953, +33.701, +47.559, HR: +49.291, +33.701, +47.559 Max HL-HipX = +57.953 Min FL-HipY = +33.701 
[2025-06-10 19:09:31.135.316] [INFO  ] [Battery] SoC = 80%, Volt = +31.600V, Temp 26 
[2025-06-10 19:09:31.557.175] [INFO  ] [Controller] [Joints] FL: +40.630, +33.701, +35.433 ,FR: +42.362, +33.701, +38.898, HL: 57.953, +33.701, +47.559, HR: +49.291, +33.701, +47.559 Max HL-HipX = +57.953 Min FL-HipY = +33.701 
[2025-06-10 19:09:34.057.173] [INFO  ] [Controller] [Joints] FL: +40.630, +33.701, +35.433 ,FR: +42.362, +33.701, +38.898, HL: 57.953, +33.701, +47.559, HR: +49.291, +33.701, +47.559 Max HL-HipX = +57.953 Min FL-HipY = +33.701 
[2025-06-10 19:09:36.134.119] [INFO  ] [Battery] SoC = 80%, Volt = +31.600V, Temp 26 
[2025-06-10 19:09:36.557.166] [INFO  ] [Controller] [Joints] FL: +40.630, +33.701, +35.433 ,FR: +42.362, +33.701, +38.898, HL: 57.953, +33.701, +47.559, HR: +49.291, +33.701, +47.559 Max HL-HipX = +57.953 Min FL-HipY = +33.701 
[2025-06-10 19:09:39.057.167] [INFO  ] [Controller] [Joints] FL: +40.630, +33.701, +35.433 ,FR: +42.362, +33.701, +38.898, HL: 57.953, +33.701, +47.559, HR: +49.291, +33.701, +47.559 Max HL-HipX = +57.953 Min FL-HipY = +33.701 
[2025-06-10 19:09:41.132.716] [INFO  ] [Battery] SoC = 80%, Volt = +31.600V, Temp 26 
[2025-06-10 19:09:41.557.167] [INFO  ] [Controller] [Joints] FL: +40.630, +33.701, +35.433 ,FR: +42.362, +33.701, +38.898, HL: 57.953, +33.701, +47.559, HR: +49.291, +33.701, +47.559 Max HL-HipX = +57.953 Min FL-HipY = +33.701 
[2025-06-10 19:09:44.057.170] [INFO  ] [Controller] [Joints] FL: +40.630, +33.701, +35.433 ,FR: +42.362, +33.701, +38.898, HL: 57.953, +33.701, +47.559, HR: +49.291, +33.701, +47.559 Max HL-HipX = +57.953 Min FL-HipY = +33.701 
[2025-06-10 19:09:46.131.456] [INFO  ] [Battery] SoC = 80%, Volt = +31.600V, Temp 26 
[2025-06-10 19:09:46.557.166] [INFO  ] [Controller] [Joints] FL: +40.630, +33.701, +35.433 ,FR: +42.362, +33.701, +38.898, HL: 57.953, +33.701, +47.559, HR: +49.291, +33.701, +47.559 Max HL-HipX = +57.953 Min FL-HipY = +33.701 
[2025-06-10 19:09:49.057.171] [INFO  ] [Controller] [Joints] FL: +40.630, +33.701, +35.433 ,FR: +42.362, +33.701, +38.898, HL: 57.953, +33.701, +47.559, HR: +49.291, +33.701, +47.559 Max HL-HipX = +57.953 Min FL-HipY = +33.701 
[2025-06-10 19:09:51.130.156] [INFO  ] [Battery] SoC = 80%, Volt = +31.600V, Temp 26 
[2025-06-10 19:09:51.557.172] [INFO  ] [Controller] [Joints] FL: +40.630, +33.701, +35.433 ,FR: +42.362, +33.701, +38.898, HL: 57.953, +33.701, +47.559, HR: +51.024, +33.701, +47.559 Max HL-HipX = +57.953 Min FL-HipY = +33.701 
[2025-06-10 19:09:54.057.174] [INFO  ] [Controller] [Joints] FL: +40.630, +33.701, +35.433 ,FR: +42.362, +33.701, +38.898, HL: 59.685, +33.701, +47.559, HR: +51.024, +33.701, +47.559 Max HL-HipX = +59.685 Min FL-HipY = +33.701 
[2025-06-10 19:09:56.128.960] [INFO  ] [Battery] SoC = 79%, Volt = +31.600V, Temp 26 
[2025-06-10 19:09:56.557.170] [INFO  ] [Controller] [Joints] FL: +40.630, +33.701, +35.433 ,FR: +42.362, +33.701, +38.898, HL: 59.685, +33.701, +47.559, HR: +51.024, +33.701, +47.559 Max HL-HipX = +59.685 Min FL-HipY = +33.701 
[2025-06-10 19:09:59.057.172] [INFO  ] [Controller] [Joints] FL: +40.630, +33.701, +35.433 ,FR: +42.362, +33.701, +38.898, HL: 59.685, +33.701, +47.559, HR: +51.024, +33.701, +47.559 Max HL-HipX = +59.685 Min FL-HipY = +33.701 
[2025-06-10 19:10:01.127.763] [INFO  ] [Battery] SoC = 79%, Volt = +31.600V, Temp 26 
[2025-06-10 19:10:01.557.173] [INFO  ] [Controller] [Joints] FL: +40.630, +33.701, +35.433 ,FR: +42.362, +33.701, +38.898, HL: 59.685, +33.701, +47.559, HR: +51.024, +33.701, +47.559 Max HL-HipX = +59.685 Min FL-HipY = +33.701 
[2025-06-10 19:10:04.058.174] [INFO  ] [Controller] [Joints] FL: +40.630, +33.701, +35.433 ,FR: +42.362, +33.701, +38.898, HL: 59.685, +33.701, +47.559, HR: +51.024, +33.701, +47.559 Max HL-HipX = +59.685 Min FL-HipY = +33.701 
[2025-06-10 19:10:06.126.490] [INFO  ] [Battery] SoC = 79%, Volt = +31.600V, Temp 26 
[2025-06-10 19:10:06.558.175] [INFO  ] [Controller] [Joints] FL: +40.630, +33.701, +35.433 ,FR: +42.362, +33.701, +38.898, HL: 59.685, +33.701, +47.559, HR: +51.024, +33.701, +47.559 Max HL-HipX = +59.685 Min FL-HipY = +33.701 
[2025-06-10 19:10:09.060.175] [INFO  ] [Controller] [Joints] FL: +42.362, +33.701, +35.433 ,FR: +42.362, +33.701, +38.898, HL: 59.685, +33.701, +47.559, HR: +51.024, +33.701, +47.559 Max HL-HipX = +59.685 Min FL-HipY = +33.701 
[2025-06-10 19:10:11.125.254] [INFO  ] [Battery] SoC = 79%, Volt = +31.600V, Temp 26 
[2025-06-10 19:10:11.560.172] [INFO  ] [Controller] [Joints] FL: +42.362, +33.701, +35.433 ,FR: +42.362, +33.701, +38.898, HL: 59.685, +33.701, +47.559, HR: +51.024, +33.701, +47.559 Max HL-HipX = +59.685 Min FL-HipY = +33.701 
[2025-06-10 19:10:14.060.166] [INFO  ] [Controller] [Joints] FL: +42.362, +33.701, +35.433 ,FR: +42.362, +33.701, +38.898, HL: 59.685, +33.701, +47.559, HR: +51.024, +33.701, +47.559 Max HL-HipX = +59.685 Min FL-HipY = +33.701 
[2025-06-10 19:10:16.124.129] [INFO  ] [Battery] SoC = 79%, Volt = +31.600V, Temp 27 
[2025-06-10 19:10:16.560.170] [INFO  ] [Controller] [Joints] FL: +42.362, +33.701, +35.433 ,FR: +42.362, +33.701, +38.898, HL: 59.685, +33.701, +47.559, HR: +51.024, +33.701, +47.559 Max HL-HipX = +59.685 Min FL-HipY = +33.701 
[2025-06-10 19:10:19.060.172] [INFO  ] [Controller] [Joints] FL: +42.362, +33.701, +35.433 ,FR: +44.094, +33.701, +38.898, HL: 59.685, +33.701, +47.559, HR: +51.024, +33.701, +47.559 Max HL-HipX = +59.685 Min FL-HipY = +33.701 
[2025-06-10 19:10:21.122.866] [INFO  ] [Battery] SoC = 79%, Volt = +31.600V, Temp 26 
[2025-06-10 19:10:21.560.170] [INFO  ] [Controller] [Joints] FL: +42.362, +33.701, +35.433 ,FR: +44.094, +33.701, +38.898, HL: 59.685, +33.701, +47.559, HR: +51.024, +33.701, +47.559 Max HL-HipX = +59.685 Min FL-HipY = +33.701 
[2025-06-10 19:10:24.060.169] [INFO  ] [Controller] [Joints] FL: +42.362, +33.701, +35.433 ,FR: +44.094, +33.701, +38.898, HL: 59.685, +33.701, +47.559, HR: +51.024, +33.701, +47.559 Max HL-HipX = +59.685 Min FL-HipY = +33.701 
[2025-06-10 19:10:26.121.574] [INFO  ] [Battery] SoC = 79%, Volt = +31.600V, Temp 27 
[2025-06-10 19:10:26.560.177] [INFO  ] [Controller] [Joints] FL: +42.362, +33.701, +35.433 ,FR: +44.094, +33.701, +38.898, HL: 59.685, +33.701, +47.559, HR: +51.024, +33.701, +47.559 Max HL-HipX = +59.685 Min FL-HipY = +33.701 
[2025-06-10 19:10:29.060.176] [INFO  ] [Controller] [Joints] FL: +42.362, +33.701, +35.433 ,FR: +44.094, +33.701, +38.898, HL: 59.685, +33.701, +47.559, HR: +51.024, +33.701, +47.559 Max HL-HipX = +59.685 Min FL-HipY = +33.701 
[2025-06-10 19:10:31.120.433] [INFO  ] [Battery] SoC = 79%, Volt = +31.500V, Temp 27 
[2025-06-10 19:10:31.560.177] [INFO  ] [Controller] [Joints] FL: +42.362, +33.701, +35.433 ,FR: +44.094, +33.701, +38.898, HL: 59.685, +33.701, +47.559, HR: +51.024, +33.701, +47.559 Max HL-HipX = +59.685 Min FL-HipY = +33.701 
[2025-06-10 19:10:34.060.176] [INFO  ] [Controller] [Joints] FL: +42.362, +33.701, +35.433 ,FR: +44.094, +33.701, +38.898, HL: 59.685, +33.701, +47.559, HR: +51.024, +33.701, +47.559 Max HL-HipX = +59.685 Min FL-HipY = +33.701 
[2025-06-10 19:10:36.119.229] [INFO  ] [Battery] SoC = 79%, Volt = +31.500V, Temp 27 
[2025-06-10 19:10:36.560.173] [INFO  ] [Controller] [Joints] FL: +42.362, +33.701, +35.433 ,FR: +44.094, +33.701, +38.898, HL: 59.685, +33.701, +47.559, HR: +51.024, +33.701, +47.559 Max HL-HipX = +59.685 Min FL-HipY = +33.701 
[2025-06-10 19:10:39.060.174] [INFO  ] [Controller] [Joints] FL: +42.362, +33.701, +35.433 ,FR: +44.094, +33.701, +38.898, HL: 59.685, +33.701, +47.559, HR: +51.024, +33.701, +47.559 Max HL-HipX = +59.685 Min FL-HipY = +33.701 
[2025-06-10 19:10:41.118.008] [INFO  ] [Battery] SoC = 79%, Volt = +31.500V, Temp 27 
[2025-06-10 19:10:41.560.173] [INFO  ] [Controller] [Joints] FL: +42.362, +33.701, +35.433 ,FR: +44.094, +33.701, +38.898, HL: 59.685, +33.701, +47.559, HR: +51.024, +33.701, +45.827 Max HL-HipX = +59.685 Min FL-HipY = +33.701 
[2025-06-10 19:10:44.060.164] [INFO  ] [Controller] [Joints] FL: +42.362, +33.701, +35.433 ,FR: +44.094, +33.701, +38.898, HL: 59.685, +33.701, +47.559, HR: +51.024, +33.701, +45.827 Max HL-HipX = +59.685 Min FL-HipY = +33.701 
[2025-06-10 19:10:46.116.667] [INFO  ] [Battery] SoC = 79%, Volt = +31.500V, Temp 27 
[2025-06-10 19:10:46.560.169] [INFO  ] [Controller] [Joints] FL: +42.362, +33.701, +35.433 ,FR: +44.094, +33.701, +38.898, HL: 59.685, +33.701, +47.559, HR: +51.024, +33.701, +45.827 Max HL-HipX = +59.685 Min FL-HipY = +33.701 
[2025-06-10 19:10:49.060.165] [INFO  ] [Controller] [Joints] FL: +42.362, +33.701, +35.433 ,FR: +44.094, +33.701, +38.898, HL: 59.685, +33.701, +47.559, HR: +51.024, +33.701, +45.827 Max HL-HipX = +59.685 Min FL-HipY = +33.701 
[2025-06-10 19:10:51.115.336] [INFO  ] [Battery] SoC = 79%, Volt = +31.500V, Temp 27 
[2025-06-10 19:10:51.560.163] [INFO  ] [Controller] [Joints] FL: +42.362, +33.701, +35.433 ,FR: +44.094, +33.701, +38.898, HL: 59.685, +33.701, +47.559, HR: +51.024, +33.701, +45.827 Max HL-HipX = +59.685 Min FL-HipY = +33.701 
[2025-06-10 19:10:54.060.171] [INFO  ] [Controller] [Joints] FL: +42.362, +33.701, +35.433 ,FR: +44.094, +33.701, +38.898, HL: 59.685, +33.701, +47.559, HR: +52.756, +33.701, +45.827 Max HL-HipX = +59.685 Min FL-HipY = +33.701 
[2025-06-10 19:10:56.114.020] [INFO  ] [Battery] SoC = 79%, Volt = +31.500V, Temp 27 
[2025-06-10 19:10:56.560.172] [INFO  ] [Controller] [Joints] FL: +42.362, +33.701, +35.433 ,FR: +44.094, +33.701, +37.165, HL: 59.685, +33.701, +47.559, HR: +52.756, +33.701, +45.827 Max HL-HipX = +59.685 Min FL-HipY = +33.701 
[2025-06-10 19:10:59.060.173] [INFO  ] [Controller] [Joints] FL: +42.362, +33.701, +35.433 ,FR: +44.094, +33.701, +38.898, HL: 59.685, +33.701, +47.559, HR: +52.756, +33.701, +45.827 Max HL-HipX = +59.685 Min FL-HipY = +33.701 
[2025-06-10 19:11:01.112.718] [INFO  ] [Battery] SoC = 79%, Volt = +31.500V, Temp 27 
[2025-06-10 19:11:01.560.176] [INFO  ] [Controller] [Joints] FL: +42.362, +33.701, +35.433 ,FR: +44.094, +33.701, +38.898, HL: 59.685, +33.701, +47.559, HR: +52.756, +33.701, +45.827 Max HL-HipX = +59.685 Min FL-HipY = +33.701 
[2025-06-10 19:11:04.060.174] [INFO  ] [Controller] [Joints] FL: +42.362, +33.701, +35.433 ,FR: +44.094, +33.701, +37.165, HL: 61.417, +33.701, +47.559, HR: +52.756, +33.701, +45.827 Max HL-HipX = +61.417 Min FL-HipY = +33.701 
[2025-06-10 19:11:06.111.436] [INFO  ] [Battery] SoC = 79%, Volt = +31.500V, Temp 27 
[2025-06-10 19:11:06.560.174] [INFO  ] [Controller] [Joints] FL: +42.362, +33.701, +35.433 ,FR: +44.094, +33.701, +37.165, HL: 61.417, +33.701, +47.559, HR: +52.756, +35.433, +45.827 Max HL-HipX = +61.417 Min FL-HipY = +33.701 
[2025-06-10 19:11:09.060.177] [INFO  ] [Controller] [Joints] FL: +42.362, +33.701, +35.433 ,FR: +44.094, +33.701, +37.165, HL: 61.417, +33.701, +47.559, HR: +52.756, +35.433, +45.827 Max HL-HipX = +61.417 Min FL-HipY = +33.701 
[2025-06-10 19:11:11.110.033] [INFO  ] [Battery] SoC = 78%, Volt = +31.500V, Temp 27 
[2025-06-10 19:11:11.560.191] [INFO  ] [Controller] [Joints] FL: +42.362, +33.701, +35.433 ,FR: +44.094, +33.701, +37.165, HL: 61.417, +33.701, +47.559, HR: +52.756, +35.433, +45.827 Max HL-HipX = +61.417 Min FL-HipY = +33.701 
[2025-06-10 19:11:14.060.177] [INFO  ] [Controller] [Joints] FL: +42.362, +33.701, +35.433 ,FR: +44.094, +33.701, +37.165, HL: 61.417, +33.701, +47.559, HR: +52.756, +35.433, +45.827 Max HL-HipX = +61.417 Min FL-HipY = +33.701 
[2025-06-10 19:11:16.108.840] [INFO  ] [Battery] SoC = 78%, Volt = +31.500V, Temp 27 
[2025-06-10 19:11:16.560.175] [INFO  ] [Controller] [Joints] FL: +42.362, +33.701, +35.433 ,FR: +44.094, +33.701, +37.165, HL: 61.417, +33.701, +47.559, HR: +52.756, +35.433, +45.827 Max HL-HipX = +61.417 Min FL-HipY = +33.701 
[2025-06-10 19:11:19.060.164] [INFO  ] [Controller] [Joints] FL: +42.362, +33.701, +35.433 ,FR: +44.094, +33.701, +37.165, HL: 61.417, +33.701, +47.559, HR: +52.756, +35.433, +45.827 Max HL-HipX = +61.417 Min FL-HipY = +33.701 
[2025-06-10 19:11:21.107.584] [INFO  ] [Battery] SoC = 78%, Volt = +31.500V, Temp 27 
[2025-06-10 19:11:21.560.173] [INFO  ] [Controller] [Joints] FL: +42.362, +33.701, +35.433 ,FR: +44.094, +33.701, +37.165, HL: 61.417, +33.701, +47.559, HR: +52.756, +35.433, +45.827 Max HL-HipX = +61.417 Min FL-HipY = +33.701 
[2025-06-10 19:11:24.060.168] [INFO  ] [Controller] [Joints] FL: +42.362, +33.701, +35.433 ,FR: +44.094, +33.701, +37.165, HL: 61.417, +33.701, +47.559, HR: +52.756, +35.433, +45.827 Max HL-HipX = +61.417 Min FL-HipY = +33.701 
[2025-06-10 19:11:26.106.374] [INFO  ] [Battery] SoC = 78%, Volt = +31.500V, Temp 27 
[2025-06-10 19:11:26.560.168] [INFO  ] [Controller] [Joints] FL: +42.362, +33.701, +35.433 ,FR: +44.094, +33.701, +37.165, HL: 61.417, +33.701, +47.559, HR: +52.756, +35.433, +45.827 Max HL-HipX = +61.417 Min FL-HipY = +33.701 
[2025-06-10 19:11:29.060.174] [INFO  ] [Controller] [Joints] FL: +42.362, +33.701, +35.433 ,FR: +44.094, +33.701, +37.165, HL: 61.417, +33.701, +47.559, HR: +52.756, +35.433, +45.827 Max HL-HipX = +61.417 Min FL-HipY = +33.701 
[2025-06-10 19:11:31.105.163] [INFO  ] [Battery] SoC = 78%, Volt = +31.500V, Temp 27 
[2025-06-10 19:11:31.560.171] [INFO  ] [Controller] [Joints] FL: +42.362, +33.701, +35.433 ,FR: +44.094, +33.701, +37.165, HL: 61.417, +33.701, +45.827, HR: +52.756, +35.433, +45.827 Max HL-HipX = +61.417 Min FL-HipY = +33.701 
[2025-06-10 19:11:34.060.170] [INFO  ] [Controller] [Joints] FL: +42.362, +33.701, +35.433 ,FR: +44.094, +33.701, +37.165, HL: 61.417, +33.701, +47.559, HR: +52.756, +35.433, +45.827 Max HL-HipX = +61.417 Min FL-HipY = +33.701 
[2025-06-10 19:11:36.103.890] [INFO  ] [Battery] SoC = 78%, Volt = +31.500V, Temp 27 
[2025-06-10 19:11:36.560.173] [INFO  ] [Controller] [Joints] FL: +42.362, +33.701, +35.433 ,FR: +44.094, +33.701, +37.165, HL: 61.417, +33.701, +45.827, HR: +52.756, +35.433, +45.827 Max HL-HipX = +61.417 Min FL-HipY = +33.701 
[2025-06-10 19:11:39.060.174] [INFO  ] [Controller] [Joints] FL: +42.362, +33.701, +35.433 ,FR: +44.094, +33.701, +37.165, HL: 61.417, +33.701, +45.827, HR: +52.756, +35.433, +45.827 Max HL-HipX = +61.417 Min FL-HipY = +33.701 
[2025-06-10 19:11:41.102.597] [INFO  ] [Battery] SoC = 78%, Volt = +31.400V, Temp 27 
[2025-06-10 19:11:41.560.165] [INFO  ] [Controller] [Joints] FL: +42.362, +33.701, +35.433 ,FR: +44.094, +33.701, +37.165, HL: 61.417, +33.701, +45.827, HR: +52.756, +35.433, +45.827 Max HL-HipX = +61.417 Min FL-HipY = +33.701 
[2025-06-10 19:11:44.060.173] [INFO  ] [Controller] [Joints] FL: +42.362, +33.701, +35.433 ,FR: +44.094, +33.701, +37.165, HL: 61.417, +33.701, +45.827, HR: +52.756, +35.433, +45.827 Max HL-HipX = +61.417 Min FL-HipY = +33.701 
[2025-06-10 19:11:46.101.409] [INFO  ] [Battery] SoC = 78%, Volt = +31.400V, Temp 27 
[2025-06-10 19:11:46.560.169] [INFO  ] [Controller] [Joints] FL: +42.362, +33.701, +35.433 ,FR: +44.094, +33.701, +37.165, HL: 61.417, +33.701, +45.827, HR: +52.756, +35.433, +45.827 Max HL-HipX = +61.417 Min FL-HipY = +33.701 
[2025-06-10 19:11:49.060.174] [INFO  ] [Controller] [Joints] FL: +42.362, +33.701, +35.433 ,FR: +44.094, +33.701, +37.165, HL: 61.417, +33.701, +45.827, HR: +52.756, +35.433, +45.827 Max HL-HipX = +61.417 Min FL-HipY = +33.701 
[2025-06-10 19:11:51.100.128] [INFO  ] [Battery] SoC = 78%, Volt = +31.400V, Temp 27 
[2025-06-10 19:11:51.560.174] [INFO  ] [Controller] [Joints] FL: +42.362, +33.701, +35.433 ,FR: +44.094, +33.701, +37.165, HL: 61.417, +33.701, +45.827, HR: +52.756, +35.433, +45.827 Max HL-HipX = +61.417 Min FL-HipY = +33.701 
[2025-06-10 19:11:54.060.169] [INFO  ] [Controller] [Joints] FL: +42.362, +33.701, +35.433 ,FR: +44.094, +33.701, +37.165, HL: 61.417, +33.701, +45.827, HR: +52.756, +35.433, +45.827 Max HL-HipX = +61.417 Min FL-HipY = +33.701 
[2025-06-10 19:11:56.098.919] [INFO  ] [Battery] SoC = 78%, Volt = +31.400V, Temp 27 
[2025-06-10 19:11:56.560.176] [INFO  ] [Controller] [Joints] FL: +42.362, +33.701, +35.433 ,FR: +44.094, +33.701, +37.165, HL: 61.417, +33.701, +45.827, HR: +52.756, +35.433, +45.827 Max HL-HipX = +61.417 Min FL-HipY = +33.701 
[2025-06-10 19:11:59.060.174] [INFO  ] [Controller] [Joints] FL: +42.362, +33.701, +35.433 ,FR: +44.094, +33.701, +37.165, HL: 61.417, +33.701, +45.827, HR: +52.756, +35.433, +45.827 Max HL-HipX = +61.417 Min FL-HipY = +33.701 
[2025-06-10 19:12:01.097.677] [INFO  ] [Battery] SoC = 78%, Volt = +31.400V, Temp 27 
[2025-06-10 19:12:01.560.174] [INFO  ] [Controller] [Joints] FL: +42.362, +33.701, +35.433 ,FR: +44.094, +33.701, +37.165, HL: 61.417, +33.701, +45.827, HR: +52.756, +35.433, +45.827 Max HL-HipX = +61.417 Min FL-HipY = +33.701 
[2025-06-10 19:12:04.060.170] [INFO  ] [Controller] [Joints] FL: +42.362, +33.701, +35.433 ,FR: +44.094, +33.701, +37.165, HL: 61.417, +33.701, +45.827, HR: +52.756, +35.433, +45.827 Max HL-HipX = +61.417 Min FL-HipY = +33.701 
[2025-06-10 19:12:06.096.419] [INFO  ] [Battery] SoC = 78%, Volt = +31.400V, Temp 27 
[2025-06-10 19:12:06.560.175] [INFO  ] [Controller] [Joints] FL: +42.362, +33.701, +35.433 ,FR: +44.094, +33.701, +37.165, HL: 61.417, +33.701, +45.827, HR: +52.756, +35.433, +45.827 Max HL-HipX = +61.417 Min FL-HipY = +33.701 
[2025-06-10 19:12:09.060.173] [INFO  ] [Controller] [Joints] FL: +42.362, +33.701, +35.433 ,FR: +44.094, +33.701, +37.165, HL: 61.417, +33.701, +45.827, HR: +52.756, +35.433, +45.827 Max HL-HipX = +61.417 Min FL-HipY = +33.701 
[2025-06-10 19:12:11.095.188] [INFO  ] [Battery] SoC = 78%, Volt = +31.400V, Temp 27 
[2025-06-10 19:12:11.560.173] [INFO  ] [Controller] [Joints] FL: +42.362, +33.701, +35.433 ,FR: +45.827, +33.701, +37.165, HL: 61.417, +33.701, +45.827, HR: +54.488, +35.433, +45.827 Max HL-HipX = +61.417 Min FL-HipY = +33.701 
[2025-06-10 19:12:14.060.176] [INFO  ] [Controller] [Joints] FL: +44.094, +33.701, +35.433 ,FR: +45.827, +33.701, +37.165, HL: 61.417, +33.701, +45.827, HR: +54.488, +35.433, +45.827 Max HL-HipX = +61.417 Min FL-HipY = +33.701 
[2025-06-10 19:12:15.982.150] [INFO  ] [Controller] stand_cmd.... 
[2025-06-10 19:12:15.982.206] [INFO  ] [BasicMotion] Standing down, please wait... 
[2025-06-10 19:12:16.093.845] [INFO  ] [Battery] SoC = 78%, Volt = +31.500V, Temp 27 
[2025-06-10 19:12:16.560.174] [INFO  ] [Controller] [Joints] FL: +44.094, +33.701, +35.433 ,FR: +45.827, +33.701, +37.165, HL: 61.417, +33.701, +45.827, HR: +54.488, +35.433, +45.827 Max HL-HipX = +61.417 Min FL-HipY = +33.701 
[2025-06-10 19:12:18.483.155] [INFO  ] [BasicMotion] Stand down action has finished, waitting to stand up again!!! 
[2025-06-10 19:12:19.060.170] [INFO  ] [Controller] [Joints] FL: +44.094, +33.701, +35.433 ,FR: +45.827, +33.701, +37.165, HL: 61.417, +33.701, +45.827, HR: +54.488, +35.433, +45.827 Max HL-HipX = +61.417 Min FL-HipY = +33.701 
[2025-06-10 19:12:21.092.599] [INFO  ] [Battery] SoC = 78%, Volt = +31.600V, Temp 27 
[2025-06-10 19:12:21.560.177] [INFO  ] [Controller] [Joints] FL: +44.094, +33.701, +35.433 ,FR: +45.827, +33.701, +37.165, HL: 61.417, +33.701, +45.827, HR: +54.488, +35.433, +45.827 Max HL-HipX = +61.417 Min FL-HipY = +33.701 
[2025-06-10 19:12:24.060.168] [INFO  ] [Controller] [Joints] FL: +42.362, +33.701, +35.433 ,FR: +45.827, +33.701, +37.165, HL: 59.685, +33.701, +45.827, HR: +52.756, +35.433, +45.827 Max HL-HipX = +59.685 Min FL-HipY = +33.701 
[2025-06-10 19:12:26.091.351] [INFO  ] [Battery] SoC = 78%, Volt = +31.600V, Temp 27 
[2025-06-10 19:12:26.560.171] [INFO  ] [Controller] [Joints] FL: +42.362, +33.701, +35.433 ,FR: +44.094, +33.701, +37.165, HL: 59.685, +33.701, +45.827, HR: +52.756, +35.433, +44.094 Max HL-HipX = +59.685 Min FL-HipY = +33.701 
[2025-06-10 19:12:29.060.170] [INFO  ] [Controller] [Joints] FL: +42.362, +33.701, +33.701 ,FR: +44.094, +33.701, +37.165, HL: 57.953, +33.701, +44.094, HR: +52.756, +35.433, +44.094 Max HL-HipX = +57.953 Min FL-HipY = +33.701 
[2025-06-10 19:12:31.090.082] [INFO  ] [Battery] SoC = 78%, Volt = +31.600V, Temp 27 
[2025-06-10 19:12:31.560.172] [INFO  ] [Controller] [Joints] FL: +42.362, +33.701, +33.701 ,FR: +44.094, +33.701, +37.165, HL: 57.953, +33.701, +44.094, HR: +52.756, +35.433, +44.094 Max HL-HipX = +57.953 Min FL-HipY = +33.701 
[2025-06-10 19:12:34.060.164] [INFO  ] [Controller] [Joints] FL: +42.362, +33.701, +33.701 ,FR: +44.094, +33.701, +35.433, HL: 56.220, +33.701, +44.094, HR: +52.756, +35.433, +44.094 Max HL-HipX = +56.220 Min FL-HipY = +33.701 
[2025-06-10 19:12:36.088.900] [INFO  ] [Battery] SoC = 77%, Volt = +31.600V, Temp 27 
[2025-06-10 19:12:36.560.170] [INFO  ] [Controller] [Joints] FL: +42.362, +33.701, +33.701 ,FR: +44.094, +33.701, +35.433, HL: 56.220, +33.701, +42.362, HR: +51.024, +35.433, +42.362 Max HL-HipX = +56.220 Min FL-HipY = +33.701 
[2025-06-10 19:12:39.060.168] [INFO  ] [Controller] [Joints] FL: +42.362, +33.701, +33.701 ,FR: +44.094, +33.701, +35.433, HL: 54.488, +33.701, +42.362, HR: +51.024, +35.433, +42.362 Max HL-HipX = +54.488 Min FL-HipY = +33.701 
[2025-06-10 19:12:41.087.690] [INFO  ] [Battery] SoC = 77%, Volt = +31.600V, Temp 27 
[2025-06-10 19:12:41.560.162] [INFO  ] [Controller] [Joints] FL: +42.362, +33.701, +33.701 ,FR: +44.094, +33.701, +35.433, HL: 54.488, +33.701, +42.362, HR: +51.024, +35.433, +42.362 Max HL-HipX = +54.488 Min FL-HipY = +33.701 
[2025-06-10 19:12:44.060.162] [INFO  ] [Controller] [Joints] FL: +42.362, +33.701, +33.701 ,FR: +44.094, +33.701, +35.433, HL: 54.488, +33.701, +42.362, HR: +51.024, +35.433, +42.362 Max HL-HipX = +54.488 Min FL-HipY = +33.701 
[2025-06-10 19:12:46.086.338] [INFO  ] [Battery] SoC = 77%, Volt = +31.600V, Temp 27 
[2025-06-10 19:12:46.560.169] [INFO  ] [Controller] [Joints] FL: +42.362, +33.701, +33.701 ,FR: +44.094, +33.701, +35.433, HL: 52.756, +33.701, +40.630, HR: +51.024, +35.433, +40.630 Max HL-HipX = +52.756 Min FL-HipY = +33.701 
[2025-06-10 19:12:49.060.174] [INFO  ] [Controller] [Joints] FL: +42.362, +33.701, +33.701 ,FR: +44.094, +33.701, +35.433, HL: 52.756, +33.701, +40.630, HR: +51.024, +35.433, +40.630 Max HL-HipX = +52.756 Min FL-HipY = +33.701 
[2025-06-10 19:12:51.085.122] [INFO  ] [Battery] SoC = 77%, Volt = +31.600V, Temp 27 
[2025-06-10 19:12:51.560.168] [INFO  ] [Controller] [Joints] FL: +42.362, +33.701, +33.701 ,FR: +44.094, +33.701, +35.433, HL: 52.756, +33.701, +40.630, HR: +51.024, +35.433, +40.630 Max HL-HipX = +52.756 Min FL-HipY = +33.701 
[2025-06-10 19:12:54.060.155] [INFO  ] [Controller] [Joints] FL: +42.362, +33.701, +33.701 ,FR: +44.094, +33.701, +33.701, HL: 51.024, +33.701, +40.630, HR: +49.291, +35.433, +40.630 Max HL-HipX = +51.024 Min FL-HipY = +33.701 
[2025-06-10 19:12:56.083.918] [INFO  ] [Battery] SoC = 77%, Volt = +31.600V, Temp 27 
[2025-06-10 19:12:56.560.172] [INFO  ] [Controller] [Joints] FL: +42.362, +33.701, +33.701 ,FR: +42.362, +33.701, +33.701, HL: 51.024, +33.701, +40.630, HR: +49.291, +35.433, +40.630 Max HL-HipX = +51.024 Min FL-HipY = +33.701 
[2025-06-10 19:12:59.060.179] [INFO  ] [Controller] [Joints] FL: +42.362, +33.701, +33.701 ,FR: +42.362, +33.701, +33.701, HL: 51.024, +33.701, +38.898, HR: +49.291, +35.433, +40.630 Max HL-HipX = +51.024 Min FL-HipY = +33.701 
[2025-06-10 19:13:01.082.720] [INFO  ] [Battery] SoC = 77%, Volt = +31.600V, Temp 27 
[2025-06-10 19:13:01.560.175] [INFO  ] [Controller] [Joints] FL: +42.362, +33.701, +33.701 ,FR: +42.362, +33.701, +33.701, HL: 51.024, +33.701, +38.898, HR: +49.291, +35.433, +40.630 Max HL-HipX = +51.024 Min FL-HipY = +33.701 
[2025-06-10 19:13:04.060.181] [INFO  ] [Controller] [Joints] FL: +42.362, +33.701, +33.701 ,FR: +42.362, +33.701, +33.701, HL: 49.291, +33.701, +38.898, HR: +49.291, +35.433, +38.898 Max HL-HipX = +49.291 Min FL-HipY = +33.701 
[2025-06-10 19:13:06.081.681] [INFO  ] [Battery] SoC = 77%, Volt = +31.600V, Temp 27 
[2025-06-10 19:13:06.560.176] [INFO  ] [Controller] [Joints] FL: +42.362, +33.701, +33.701 ,FR: +42.362, +33.701, +33.701, HL: 49.291, +33.701, +38.898, HR: +49.291, +35.433, +38.898 Max HL-HipX = +49.291 Min FL-HipY = +33.701 
[2025-06-10 19:13:09.060.165] [INFO  ] [Controller] [Joints] FL: +42.362, +33.701, +33.701 ,FR: +42.362, +33.701, +33.701, HL: 49.291, +33.701, +38.898, HR: +49.291, +35.433, +38.898 Max HL-HipX = +49.291 Min FL-HipY = +33.701 
[2025-06-10 19:13:11.080.641] [INFO  ] [Battery] SoC = 77%, Volt = +31.600V, Temp 27 
[2025-06-10 19:13:11.560.168] [INFO  ] [Controller] [Joints] FL: +42.362, +33.701, +33.701 ,FR: +42.362, +33.701, +33.701, HL: 49.291, +33.701, +38.898, HR: +49.291, +33.701, +38.898 Max HL-HipX = +49.291 Min FL-HipY = +33.701 
[2025-06-10 19:13:14.060.163] [INFO  ] [Controller] [Joints] FL: +40.630, +33.701, +33.701 ,FR: +42.362, +33.701, +33.701, HL: 49.291, +33.701, +38.898, HR: +49.291, +33.701, +38.898 Max HL-HipX = +49.291 Min FL-HipY = +33.701 
[2025-06-10 19:13:16.079.553] [INFO  ] [Battery] SoC = 77%, Volt = +31.600V, Temp 27 
[2025-06-10 19:13:16.560.158] [INFO  ] [Controller] [Joints] FL: +40.630, +33.701, +33.701 ,FR: +42.362, +33.701, +33.701, HL: 47.559, +33.701, +38.898, HR: +49.291, +33.701, +38.898 Max HR-HipX = +49.291 Min FL-HipY = +33.701 
[2025-06-10 19:13:19.060.166] [INFO  ] [Controller] [Joints] FL: +40.630, +33.701, +33.701 ,FR: +42.362, +33.701, +33.701, HL: 47.559, +33.701, +38.898, HR: +49.291, +33.701, +38.898 Max HR-HipX = +49.291 Min FL-HipY = +33.701 
[2025-06-10 19:13:21.078.401] [INFO  ] [Battery] SoC = 77%, Volt = +31.600V, Temp 27 
[2025-06-10 19:13:21.560.166] [INFO  ] [Controller] [Joints] FL: +40.630, +33.701, +33.701 ,FR: +42.362, +33.701, +33.701, HL: 47.559, +33.701, +38.898, HR: +47.559, +33.701, +38.898 Max HL-HipX = +47.559 Min FL-HipY = +33.701 
[2025-06-10 19:13:24.060.164] [INFO  ] [Controller] [Joints] FL: +40.630, +33.701, +33.701 ,FR: +42.362, +33.701, +33.701, HL: 47.559, +35.433, +37.165, HR: +47.559, +33.701, +38.898 Max HL-HipX = +47.559 Min FL-HipY = +33.701 
[2025-06-10 19:13:26.077.344] [INFO  ] [Battery] SoC = 77%, Volt = +31.600V, Temp 27 
[2025-06-10 19:13:26.560.163] [INFO  ] [Controller] [Joints] FL: +40.630, +33.701, +33.701 ,FR: +42.362, +33.701, +33.701, HL: 47.559, +35.433, +37.165, HR: +47.559, +35.433, +38.898 Max HL-HipX = +47.559 Min FL-HipY = +33.701 
[2025-06-10 19:13:29.060.167] [INFO  ] [Controller] [Joints] FL: +40.630, +33.701, +33.701 ,FR: +42.362, +33.701, +33.701, HL: 47.559, +35.433, +37.165, HR: +47.559, +35.433, +37.165 Max HL-HipX = +47.559 Min FL-HipY = +33.701 
[2025-06-10 19:13:31.076.188] [INFO  ] [Battery] SoC = 77%, Volt = +31.600V, Temp 27 
[2025-06-10 19:13:31.560.166] [INFO  ] [Controller] [Joints] FL: +40.630, +33.701, +33.701 ,FR: +42.362, +33.701, +33.701, HL: 47.559, +35.433, +37.165, HR: +47.559, +35.433, +37.165 Max HL-HipX = +47.559 Min FL-HipY = +33.701 
[2025-06-10 19:13:34.060.167] [INFO  ] [Controller] [Joints] FL: +40.630, +33.701, +33.701 ,FR: +42.362, +33.701, +33.701, HL: 47.559, +35.433, +37.165, HR: +47.559, +35.433, +37.165 Max HL-HipX = +47.559 Min FL-HipY = +33.701 
[2025-06-10 19:13:36.075.000] [INFO  ] [Battery] SoC = 77%, Volt = +31.600V, Temp 27 
[2025-06-10 19:13:36.560.163] [INFO  ] [Controller] [Joints] FL: +40.630, +33.701, +33.701 ,FR: +42.362, +33.701, +33.701, HL: 47.559, +35.433, +37.165, HR: +47.559, +35.433, +37.165 Max HL-HipX = +47.559 Min FL-HipY = +33.701 
[2025-06-10 19:13:39.060.167] [INFO  ] [Controller] [Joints] FL: +40.630, +33.701, +33.701 ,FR: +42.362, +33.701, +33.701, HL: 45.827, +35.433, +37.165, HR: +47.559, +35.433, +37.165 Max HR-HipX = +47.559 Min FL-HipY = +33.701 
[2025-06-10 19:13:41.073.847] [INFO  ] [Battery] SoC = 77%, Volt = +31.600V, Temp 27 
[2025-06-10 19:13:41.560.172] [INFO  ] [Controller] [Joints] FL: +40.630, +33.701, +33.701 ,FR: +42.362, +33.701, +33.701, HL: 45.827, +35.433, +37.165, HR: +47.559, +35.433, +37.165 Max HR-HipX = +47.559 Min FL-HipY = +33.701 
[2025-06-10 19:13:44.060.168] [INFO  ] [Controller] [Joints] FL: +40.630, +33.701, +33.701 ,FR: +42.362, +33.701, +31.969, HL: 45.827, +35.433, +37.165, HR: +47.559, +35.433, +37.165 Max HR-HipX = +47.559 Min FR-Knee = +31.969 
[2025-06-10 19:13:46.072.763] [INFO  ] [Battery] SoC = 77%, Volt = +31.600V, Temp 27 
[2025-06-10 19:13:46.560.167] [INFO  ] [Controller] [Joints] FL: +40.630, +33.701, +33.701 ,FR: +42.362, +33.701, +31.969, HL: 45.827, +35.433, +37.165, HR: +47.559, +35.433, +37.165 Max HR-HipX = +47.559 Min FR-Knee = +31.969 
[2025-06-10 19:13:49.060.189] [INFO  ] [Controller] [Joints] FL: +40.630, +33.701, +33.701 ,FR: +40.630, +33.701, +31.969, HL: 45.827, +35.433, +37.165, HR: +47.559, +35.433, +37.165 Max HR-HipX = +47.559 Min FR-Knee = +31.969 
[2025-06-10 19:13:51.071.604] [INFO  ] [Battery] SoC = 77%, Volt = +31.600V, Temp 27 
[2025-06-10 19:13:51.560.170] [INFO  ] [Controller] [Joints] FL: +40.630, +33.701, +33.701 ,FR: +40.630, +33.701, +31.969, HL: 45.827, +35.433, +37.165, HR: +47.559, +35.433, +37.165 Max HR-HipX = +47.559 Min FR-Knee = +31.969 
[2025-06-10 19:13:54.060.171] [INFO  ] [Controller] [Joints] FL: +40.630, +33.701, +33.701 ,FR: +40.630, +33.701, +31.969, HL: 45.827, +35.433, +37.165, HR: +47.559, +35.433, +37.165 Max HR-HipX = +47.559 Min FR-Knee = +31.969 
[2025-06-10 19:13:56.070.374] [INFO  ] [Battery] SoC = 77%, Volt = +31.600V, Temp 27 
[2025-06-10 19:13:56.560.168] [INFO  ] [Controller] [Joints] FL: +40.630, +33.701, +33.701 ,FR: +40.630, +33.701, +31.969, HL: 45.827, +35.433, +37.165, HR: +47.559, +35.433, +37.165 Max HR-HipX = +47.559 Min FR-Knee = +31.969 
[2025-06-10 19:13:59.060.167] [INFO  ] [Controller] [Joints] FL: +40.630, +33.701, +33.701 ,FR: +40.630, +33.701, +31.969, HL: 45.827, +35.433, +37.165, HR: +47.559, +35.433, +37.165 Max HR-HipX = +47.559 Min FR-Knee = +31.969 
[2025-06-10 19:14:01.069.134] [INFO  ] [Battery] SoC = 77%, Volt = +31.600V, Temp 27 
[2025-06-10 19:14:01.560.169] [INFO  ] [Controller] [Joints] FL: +40.630, +33.701, +33.701 ,FR: +40.630, +33.701, +31.969, HL: 45.827, +35.433, +37.165, HR: +47.559, +35.433, +37.165 Max HR-HipX = +47.559 Min FR-Knee = +31.969 
[2025-06-10 19:14:04.060.173] [INFO  ] [Controller] [Joints] FL: +40.630, +33.701, +33.701 ,FR: +40.630, +33.701, +31.969, HL: 45.827, +35.433, +37.165, HR: +45.827, +35.433, +37.165 Max HL-HipX = +45.827 Min FR-Knee = +31.969 
[2025-06-10 19:14:06.067.849] [INFO  ] [Battery] SoC = 77%, Volt = +31.600V, Temp 27 
[2025-06-10 19:14:06.560.167] [INFO  ] [Controller] [Joints] FL: +40.630, +33.701, +33.701 ,FR: +40.630, +33.701, +31.969, HL: 45.827, +35.433, +37.165, HR: +45.827, +35.433, +37.165 Max HL-HipX = +45.827 Min FR-Knee = +31.969 
[2025-06-10 19:14:09.060.163] [INFO  ] [Controller] [Joints] FL: +40.630, +33.701, +33.701 ,FR: +40.630, +33.701, +31.969, HL: 45.827, +35.433, +37.165, HR: +45.827, +35.433, +37.165 Max HL-HipX = +45.827 Min FR-Knee = +31.969 
[2025-06-10 19:14:11.066.631] [INFO  ] [Battery] SoC = 77%, Volt = +31.600V, Temp 27 
[2025-06-10 19:14:11.560.173] [INFO  ] [Controller] [Joints] FL: +40.630, +33.701, +33.701 ,FR: +40.630, +33.701, +31.969, HL: 45.827, +35.433, +37.165, HR: +45.827, +35.433, +37.165 Max HL-HipX = +45.827 Min FR-Knee = +31.969 
[2025-06-10 19:14:14.060.170] [INFO  ] [Controller] [Joints] FL: +40.630, +33.701, +33.701 ,FR: +40.630, +33.701, +31.969, HL: 45.827, +35.433, +37.165, HR: +45.827, +35.433, +37.165 Max HL-HipX = +45.827 Min FR-Knee = +31.969 
[2025-06-10 19:14:16.065.335] [INFO  ] [Battery] SoC = 77%, Volt = +31.600V, Temp 27 
[2025-06-10 19:14:16.560.172] [INFO  ] [Controller] [Joints] FL: +40.630, +33.701, +33.701 ,FR: +40.630, +33.701, +31.969, HL: 44.094, +35.433, +35.433, HR: +45.827, +35.433, +37.165 Max HR-HipX = +45.827 Min FR-Knee = +31.969 
[2025-06-10 19:14:19.060.171] [INFO  ] [Controller] [Joints] FL: +40.630, +33.701, +33.701 ,FR: +40.630, +33.701, +31.969, HL: 44.094, +35.433, +35.433, HR: +45.827, +35.433, +37.165 Max HR-HipX = +45.827 Min FR-Knee = +31.969 
[2025-06-10 19:14:21.064.050] [INFO  ] [Battery] SoC = 77%, Volt = +31.600V, Temp 27 
[2025-06-10 19:14:21.560.171] [INFO  ] [Controller] [Joints] FL: +40.630, +33.701, +33.701 ,FR: +40.630, +33.701, +31.969, HL: 44.094, +35.433, +35.433, HR: +45.827, +35.433, +35.433 Max HR-HipX = +45.827 Min FR-Knee = +31.969 
[2025-06-10 19:14:24.060.167] [INFO  ] [Controller] [Joints] FL: +40.630, +33.701, +33.701 ,FR: +40.630, +33.701, +31.969, HL: 44.094, +35.433, +35.433, HR: +45.827, +35.433, +35.433 Max HR-HipX = +45.827 Min FR-Knee = +31.969 
[2025-06-10 19:14:26.062.898] [INFO  ] [Battery] SoC = 77%, Volt = +31.600V, Temp 27 
[2025-06-10 19:14:26.560.172] [INFO  ] [Controller] [Joints] FL: +40.630, +33.701, +33.701 ,FR: +40.630, +33.701, +31.969, HL: 44.094, +35.433, +35.433, HR: +45.827, +35.433, +35.433 Max HR-HipX = +45.827 Min FR-Knee = +31.969 
[2025-06-10 19:14:29.060.170] [INFO  ] [Controller] [Joints] FL: +40.630, +33.701, +33.701 ,FR: +40.630, +33.701, +31.969, HL: 44.094, +35.433, +35.433, HR: +45.827, +35.433, +35.433 Max HR-HipX = +45.827 Min FR-Knee = +31.969 
[2025-06-10 19:14:31.061.730] [INFO  ] [Battery] SoC = 77%, Volt = +31.600V, Temp 27 
[2025-06-10 19:14:31.560.165] [INFO  ] [Controller] [Joints] FL: +40.630, +33.701, +33.701 ,FR: +40.630, +33.701, +31.969, HL: 44.094, +35.433, +35.433, HR: +45.827, +35.433, +35.433 Max HR-HipX = +45.827 Min FR-Knee = +31.969 
[2025-06-10 19:14:34.060.166] [INFO  ] [Controller] [Joints] FL: +40.630, +33.701, +33.701 ,FR: +40.630, +33.701, +31.969, HL: 44.094, +35.433, +35.433, HR: +45.827, +35.433, +35.433 Max HR-HipX = +45.827 Min FR-Knee = +31.969 
[2025-06-10 19:14:36.060.508] [INFO  ] [Battery] SoC = 77%, Volt = +31.600V, Temp 27 
[2025-06-10 19:14:36.560.166] [INFO  ] [Controller] [Joints] FL: +40.630, +33.701, +33.701 ,FR: +40.630, +33.701, +31.969, HL: 44.094, +35.433, +35.433, HR: +45.827, +35.433, +35.433 Max HR-HipX = +45.827 Min FR-Knee = +31.969 
[2025-06-10 19:14:39.060.169] [INFO  ] [Controller] [Joints] FL: +40.630, +33.701, +33.701 ,FR: +40.630, +33.701, +31.969, HL: 44.094, +35.433, +35.433, HR: +45.827, +35.433, +35.433 Max HR-HipX = +45.827 Min FR-Knee = +31.969 
[2025-06-10 19:14:41.059.267] [INFO  ] [Battery] SoC = 77%, Volt = +31.600V, Temp 27 
[2025-06-10 19:14:41.560.169] [INFO  ] [Controller] [Joints] FL: +40.630, +33.701, +33.701 ,FR: +40.630, +33.701, +31.969, HL: 44.094, +35.433, +35.433, HR: +45.827, +35.433, +35.433 Max HR-HipX = +45.827 Min FR-Knee = +31.969 
[2025-06-10 19:14:44.060.182] [INFO  ] [Controller] [Joints] FL: +40.630, +33.701, +33.701 ,FR: +40.630, +33.701, +31.969, HL: 44.094, +35.433, +35.433, HR: +45.827, +35.433, +35.433 Max HR-HipX = +45.827 Min FR-Knee = +31.969 
[2025-06-10 19:14:46.057.952] [INFO  ] [Battery] SoC = 77%, Volt = +31.600V, Temp 27 
[2025-06-10 19:14:46.560.166] [INFO  ] [Controller] [Joints] FL: +40.630, +33.701, +33.701 ,FR: +40.630, +33.701, +31.969, HL: 44.094, +35.433, +35.433, HR: +45.827, +35.433, +35.433 Max HR-HipX = +45.827 Min FR-Knee = +31.969 
[2025-06-10 19:14:49.060.170] [INFO  ] [Controller] [Joints] FL: +38.898, +33.701, +33.701 ,FR: +40.630, +33.701, +31.969, HL: 44.094, +35.433, +35.433, HR: +45.827, +35.433, +35.433 Max HR-HipX = +45.827 Min FR-Knee = +31.969 
[2025-06-10 19:14:51.056.717] [INFO  ] [Battery] SoC = 77%, Volt = +31.600V, Temp 27 
[2025-06-10 19:14:51.560.177] [INFO  ] [Controller] [Joints] FL: +38.898, +33.701, +33.701 ,FR: +40.630, +33.701, +31.969, HL: 44.094, +35.433, +35.433, HR: +45.827, +35.433, +35.433 Max HR-HipX = +45.827 Min FR-Knee = +31.969 
[2025-06-10 19:14:54.060.171] [INFO  ] [Controller] [Joints] FL: +38.898, +33.701, +33.701 ,FR: +40.630, +33.701, +31.969, HL: 44.094, +35.433, +35.433, HR: +45.827, +35.433, +35.433 Max HR-HipX = +45.827 Min FR-Knee = +31.969 
[2025-06-10 19:14:56.055.497] [INFO  ] [Battery] SoC = 77%, Volt = +31.600V, Temp 27 
[2025-06-10 19:14:56.560.168] [INFO  ] [Controller] [Joints] FL: +38.898, +33.701, +31.969 ,FR: +40.630, +33.701, +31.969, HL: 44.094, +35.433, +35.433, HR: +45.827, +35.433, +35.433 Max HR-HipX = +45.827 Min FL-Knee = +31.969 
[2025-06-10 19:14:59.060.175] [INFO  ] [Controller] [Joints] FL: +38.898, +33.701, +31.969 ,FR: +40.630, +33.701, +31.969, HL: 44.094, +35.433, +35.433, HR: +45.827, +35.433, +35.433 Max HR-HipX = +45.827 Min FL-Knee = +31.969 
[2025-06-10 19:15:01.054.372] [INFO  ] [Battery] SoC = 77%, Volt = +31.600V, Temp 27 
[2025-06-10 19:15:01.560.171] [INFO  ] [Controller] [Joints] FL: +38.898, +33.701, +31.969 ,FR: +40.630, +33.701, +31.969, HL: 44.094, +35.433, +35.433, HR: +45.827, +35.433, +35.433 Max HR-HipX = +45.827 Min FL-Knee = +31.969 
[2025-06-10 19:15:04.060.191] [INFO  ] [Controller] [Joints] FL: +38.898, +33.701, +31.969 ,FR: +40.630, +33.701, +31.969, HL: 44.094, +35.433, +35.433, HR: +45.827, +35.433, +35.433 Max HR-HipX = +45.827 Min FL-Knee = +31.969 
[2025-06-10 19:15:06.053.248] [INFO  ] [Battery] SoC = 77%, Volt = +31.600V, Temp 27 
[2025-06-10 19:15:06.560.257] [INFO  ] [Controller] [Joints] FL: +38.898, +33.701, +31.969 ,FR: +40.630, +33.701, +31.969, HL: 44.094, +35.433, +35.433, HR: +44.094, +35.433, +35.433 Max HL-HipX = +44.094 Min FL-Knee = +31.969 
[2025-06-10 19:15:09.060.164] [INFO  ] [Controller] [Joints] FL: +38.898, +33.701, +31.969 ,FR: +40.630, +33.701, +31.969, HL: 44.094, +35.433, +35.433, HR: +44.094, +35.433, +35.433 Max HL-HipX = +44.094 Min FL-Knee = +31.969 
[2025-06-10 19:15:11.052.082] [INFO  ] [Battery] SoC = 77%, Volt = +31.600V, Temp 27 
[2025-06-10 19:15:11.560.167] [INFO  ] [Controller] [Joints] FL: +38.898, +33.701, +31.969 ,FR: +40.630, +33.701, +31.969, HL: 44.094, +35.433, +35.433, HR: +44.094, +35.433, +35.433 Max HL-HipX = +44.094 Min FL-Knee = +31.969 
[2025-06-10 19:15:14.060.164] [INFO  ] [Controller] [Joints] FL: +38.898, +33.701, +31.969 ,FR: +40.630, +33.701, +31.969, HL: 44.094, +35.433, +35.433, HR: +44.094, +35.433, +35.433 Max HL-HipX = +44.094 Min FL-Knee = +31.969 
[2025-06-10 19:15:16.050.738] [INFO  ] [Battery] SoC = 77%, Volt = +31.600V, Temp 27 
[2025-06-10 19:15:16.560.169] [INFO  ] [Controller] [Joints] FL: +38.898, +33.701, +31.969 ,FR: +40.630, +33.701, +31.969, HL: 44.094, +35.433, +35.433, HR: +44.094, +35.433, +35.433 Max HL-HipX = +44.094 Min FL-Knee = +31.969 
[2025-06-10 19:15:19.060.163] [INFO  ] [Controller] [Joints] FL: +38.898, +33.701, +31.969 ,FR: +40.630, +33.701, +31.969, HL: 44.094, +35.433, +35.433, HR: +44.094, +35.433, +35.433 Max HL-HipX = +44.094 Min FL-Knee = +31.969 
[2025-06-10 19:15:21.049.405] [INFO  ] [Battery] SoC = 77%, Volt = +31.600V, Temp 27 
[2025-06-10 19:15:21.560.164] [INFO  ] [Controller] [Joints] FL: +38.898, +33.701, +31.969 ,FR: +40.630, +33.701, +31.969, HL: 44.094, +35.433, +35.433, HR: +44.094, +35.433, +35.433 Max HL-HipX = +44.094 Min FL-Knee = +31.969 
[2025-06-10 19:15:24.060.167] [INFO  ] [Controller] [Joints] FL: +38.898, +33.701, +31.969 ,FR: +40.630, +33.701, +31.969, HL: 44.094, +35.433, +35.433, HR: +44.094, +35.433, +35.433 Max HL-HipX = +44.094 Min FL-Knee = +31.969 
[2025-06-10 19:15:26.048.143] [INFO  ] [Battery] SoC = 77%, Volt = +31.600V, Temp 27 
[2025-06-10 19:15:26.560.167] [INFO  ] [Controller] [Joints] FL: +38.898, +33.701, +31.969 ,FR: +40.630, +33.701, +31.969, HL: 44.094, +35.433, +35.433, HR: +44.094, +35.433, +35.433 Max HL-HipX = +44.094 Min FL-Knee = +31.969 
[2025-06-10 19:15:29.060.168] [INFO  ] [Controller] [Joints] FL: +38.898, +33.701, +31.969 ,FR: +40.630, +33.701, +31.969, HL: 44.094, +35.433, +35.433, HR: +44.094, +35.433, +35.433 Max HL-HipX = +44.094 Min FL-Knee = +31.969 
[2025-06-10 19:15:31.046.924] [INFO  ] [Battery] SoC = 77%, Volt = +31.600V, Temp 27 
[2025-06-10 19:15:31.560.164] [INFO  ] [Controller] [Joints] FL: +38.898, +33.701, +31.969 ,FR: +40.630, +33.701, +31.969, HL: 42.362, +35.433, +35.433, HR: +44.094, +35.433, +35.433 Max HR-HipX = +44.094 Min FL-Knee = +31.969 
[2025-06-10 19:15:34.060.163] [INFO  ] [Controller] [Joints] FL: +38.898, +33.701, +31.969 ,FR: +40.630, +33.701, +31.969, HL: 42.362, +35.433, +35.433, HR: +44.094, +35.433, +35.433 Max HR-HipX = +44.094 Min FL-Knee = +31.969 
[2025-06-10 19:15:36.045.523] [INFO  ] [Battery] SoC = 77%, Volt = +31.600V, Temp 27 
[2025-06-10 19:15:36.560.171] [INFO  ] [Controller] [Joints] FL: +38.898, +33.701, +31.969 ,FR: +40.630, +33.701, +31.969, HL: 42.362, +35.433, +35.433, HR: +44.094, +35.433, +35.433 Max HR-HipX = +44.094 Min FL-Knee = +31.969 
[2025-06-10 19:15:39.060.170] [INFO  ] [Controller] [Joints] FL: +38.898, +33.701, +31.969 ,FR: +40.630, +33.701, +31.969, HL: 42.362, +35.433, +35.433, HR: +44.094, +35.433, +35.433 Max HR-HipX = +44.094 Min FL-Knee = +31.969 
[2025-06-10 19:15:41.044.192] [INFO  ] [Battery] SoC = 77%, Volt = +31.500V, Temp 27 
[2025-06-10 19:15:41.560.167] [INFO  ] [Controller] [Joints] FL: +38.898, +33.701, +31.969 ,FR: +38.898, +33.701, +31.969, HL: 42.362, +35.433, +35.433, HR: +44.094, +35.433, +35.433 Max HR-HipX = +44.094 Min FL-Knee = +31.969 
[2025-06-10 19:15:44.060.170] [INFO  ] [Controller] [Joints] FL: +38.898, +33.701, +31.969 ,FR: +38.898, +33.701, +31.969, HL: 42.362, +35.433, +35.433, HR: +44.094, +35.433, +35.433 Max HR-HipX = +44.094 Min FL-Knee = +31.969 
[2025-06-10 19:15:46.042.841] [INFO  ] [Battery] SoC = 77%, Volt = +31.500V, Temp 27 
[2025-06-10 19:15:46.560.165] [INFO  ] [Controller] [Joints] FL: +38.898, +33.701, +31.969 ,FR: +38.898, +33.701, +31.969, HL: 42.362, +35.433, +35.433, HR: +44.094, +35.433, +35.433 Max HR-HipX = +44.094 Min FL-Knee = +31.969 
[2025-06-10 19:15:49.060.171] [INFO  ] [Controller] [Joints] FL: +38.898, +33.701, +31.969 ,FR: +38.898, +33.701, +31.969, HL: 42.362, +35.433, +35.433, HR: +44.094, +35.433, +35.433 Max HR-HipX = +44.094 Min FL-Knee = +31.969 
[2025-06-10 19:15:51.041.525] [INFO  ] [Battery] SoC = 77%, Volt = +31.500V, Temp 27 
[2025-06-10 19:15:51.560.170] [INFO  ] [Controller] [Joints] FL: +38.898, +33.701, +31.969 ,FR: +38.898, +33.701, +31.969, HL: 42.362, +35.433, +35.433, HR: +44.094, +35.433, +35.433 Max HR-HipX = +44.094 Min FL-Knee = +31.969 
[2025-06-10 19:15:54.060.168] [INFO  ] [Controller] [Joints] FL: +38.898, +33.701, +31.969 ,FR: +38.898, +33.701, +31.969, HL: 42.362, +35.433, +35.433, HR: +44.094, +35.433, +35.433 Max HR-HipX = +44.094 Min FL-Knee = +31.969 
[2025-06-10 19:15:56.040.124] [INFO  ] [Battery] SoC = 77%, Volt = +31.500V, Temp 27 
[2025-06-10 19:15:56.560.169] [INFO  ] [Controller] [Joints] FL: +38.898, +33.701, +31.969 ,FR: +38.898, +33.701, +31.969, HL: 42.362, +35.433, +35.433, HR: +44.094, +35.433, +35.433 Max HR-HipX = +44.094 Min FL-Knee = +31.969 
[2025-06-10 19:15:59.060.163] [INFO  ] [Controller] [Joints] FL: +38.898, +33.701, +31.969 ,FR: +38.898, +33.701, +31.969, HL: 42.362, +35.433, +35.433, HR: +44.094, +35.433, +35.433 Max HR-HipX = +44.094 Min FL-Knee = +31.969 
[2025-06-10 19:16:01.038.667] [INFO  ] [Battery] SoC = 77%, Volt = +31.500V, Temp 27 
[2025-06-10 19:16:01.560.172] [INFO  ] [Controller] [Joints] FL: +38.898, +33.701, +31.969 ,FR: +38.898, +33.701, +31.969, HL: 42.362, +35.433, +35.433, HR: +44.094, +35.433, +35.433 Max HR-HipX = +44.094 Min FL-Knee = +31.969 
[2025-06-10 19:16:04.060.167] [INFO  ] [Controller] [Joints] FL: +38.898, +33.701, +31.969 ,FR: +38.898, +33.701, +31.969, HL: 42.362, +35.433, +35.433, HR: +44.094, +35.433, +35.433 Max HR-HipX = +44.094 Min FL-Knee = +31.969 
[2025-06-10 19:16:06.037.326] [INFO  ] [Battery] SoC = 77%, Volt = +31.500V, Temp 27 
[2025-06-10 19:16:06.560.171] [INFO  ] [Controller] [Joints] FL: +38.898, +33.701, +31.969 ,FR: +38.898, +33.701, +31.969, HL: 42.362, +35.433, +35.433, HR: +44.094, +35.433, +35.433 Max HR-HipX = +44.094 Min FL-Knee = +31.969 
[2025-06-10 19:16:09.060.174] [INFO  ] [Controller] [Joints] FL: +38.898, +33.701, +31.969 ,FR: +38.898, +33.701, +31.969, HL: 42.362, +35.433, +35.433, HR: +44.094, +35.433, +35.433 Max HR-HipX = +44.094 Min FL-Knee = +31.969 
[2025-06-10 19:16:11.035.873] [INFO  ] [Battery] SoC = 77%, Volt = +31.500V, Temp 27 
[2025-06-10 19:16:11.560.171] [INFO  ] [Controller] [Joints] FL: +38.898, +33.701, +31.969 ,FR: +38.898, +33.701, +31.969, HL: 42.362, +35.433, +35.433, HR: +44.094, +35.433, +35.433 Max HR-HipX = +44.094 Min FL-Knee = +31.969 
[2025-06-10 19:16:14.060.175] [INFO  ] [Controller] [Joints] FL: +38.898, +33.701, +31.969 ,FR: +38.898, +33.701, +31.969, HL: 42.362, +35.433, +35.433, HR: +44.094, +35.433, +35.433 Max HR-HipX = +44.094 Min FL-Knee = +31.969 
[2025-06-10 19:16:16.034.409] [INFO  ] [Battery] SoC = 77%, Volt = +31.500V, Temp 27 
[2025-06-10 19:16:16.560.172] [INFO  ] [Controller] [Joints] FL: +38.898, +33.701, +31.969 ,FR: +38.898, +33.701, +31.969, HL: 42.362, +35.433, +35.433, HR: +44.094, +35.433, +33.701 Max HR-HipX = +44.094 Min FL-Knee = +31.969 
[2025-06-10 19:16:19.060.168] [INFO  ] [Controller] [Joints] FL: +38.898, +33.701, +31.969 ,FR: +38.898, +33.701, +31.969, HL: 42.362, +35.433, +35.433, HR: +44.094, +35.433, +33.701 Max HR-HipX = +44.094 Min FL-Knee = +31.969 
[2025-06-10 19:16:21.033.132] [INFO  ] [Battery] SoC = 77%, Volt = +31.500V, Temp 27 
[2025-06-10 19:16:21.560.168] [INFO  ] [Controller] [Joints] FL: +38.898, +33.701, +31.969 ,FR: +38.898, +33.701, +31.969, HL: 42.362, +35.433, +35.433, HR: +44.094, +35.433, +33.701 Max HR-HipX = +44.094 Min FL-Knee = +31.969 
[2025-06-10 19:16:24.060.164] [INFO  ] [Controller] [Joints] FL: +38.898, +33.701, +31.969 ,FR: +38.898, +33.701, +31.969, HL: 42.362, +35.433, +35.433, HR: +44.094, +35.433, +33.701 Max HR-HipX = +44.094 Min FL-Knee = +31.969 
[2025-06-10 19:16:26.031.968] [INFO  ] [Battery] SoC = 76%, Volt = +31.500V, Temp 27 
[2025-06-10 19:16:26.560.168] [INFO  ] [Controller] [Joints] FL: +38.898, +33.701, +31.969 ,FR: +38.898, +33.701, +31.969, HL: 42.362, +35.433, +35.433, HR: +44.094, +35.433, +33.701 Max HR-HipX = +44.094 Min FL-Knee = +31.969 
[2025-06-10 19:16:29.060.168] [INFO  ] [Controller] [Joints] FL: +38.898, +33.701, +31.969 ,FR: +38.898, +33.701, +31.969, HL: 42.362, +35.433, +35.433, HR: +44.094, +35.433, +33.701 Max HR-HipX = +44.094 Min FL-Knee = +31.969 
[2025-06-10 19:16:31.030.893] [INFO  ] [Battery] SoC = 76%, Volt = +31.500V, Temp 27 
[2025-06-10 19:16:31.560.166] [INFO  ] [Controller] [Joints] FL: +38.898, +33.701, +31.969 ,FR: +38.898, +33.701, +31.969, HL: 42.362, +35.433, +35.433, HR: +44.094, +35.433, +33.701 Max HR-HipX = +44.094 Min FL-Knee = +31.969 
[2025-06-10 19:16:34.060.167] [INFO  ] [Controller] [Joints] FL: +38.898, +33.701, +31.969 ,FR: +38.898, +33.701, +31.969, HL: 42.362, +35.433, +33.701, HR: +42.362, +35.433, +33.701 Max HL-HipX = +42.362 Min FL-Knee = +31.969 
[2025-06-10 19:16:36.029.706] [INFO  ] [Battery] SoC = 76%, Volt = +31.500V, Temp 27 
[2025-06-10 19:16:36.560.155] [INFO  ] [Controller] [Joints] FL: +38.898, +33.701, +31.969 ,FR: +38.898, +33.701, +31.969, HL: 42.362, +35.433, +33.701, HR: +42.362, +35.433, +33.701 Max HL-HipX = +42.362 Min FL-Knee = +31.969 
[2025-06-10 19:16:39.060.164] [INFO  ] [Controller] [Joints] FL: +38.898, +33.701, +31.969 ,FR: +38.898, +33.701, +31.969, HL: 42.362, +35.433, +33.701, HR: +42.362, +35.433, +33.701 Max HL-HipX = +42.362 Min FL-Knee = +31.969 
[2025-06-10 19:16:41.028.421] [INFO  ] [Battery] SoC = 76%, Volt = +31.500V, Temp 27 
[2025-06-10 19:16:41.431.148] [INFO  ] [Controller] stand_cmd.... 
[2025-06-10 19:16:41.431.201] [INFO  ] [BasicMotion] Standing up, please wait... 
[2025-06-10 19:16:41.560.177] [INFO  ] [Controller] [Joints] FL: +38.898, +33.701, +31.969 ,FR: +38.898, +33.701, +31.969, HL: 42.362, +35.433, +33.701, HR: +42.362, +35.433, +33.701 Max HL-HipX = +42.362 Min FL-Knee = +31.969 
[2025-06-10 19:16:43.432.165] [INFO  ] [BasicMotion] Stand up action has finished, waitting to switch to force control mode! 
[2025-06-10 19:16:43.432.199] [INFO  ] [BasicMotion] Switching to force control mode, please wait... 
[2025-06-10 19:16:44.060.182] [INFO  ] [Controller] [Joints] FL: +38.898, +33.701, +31.969 ,FR: +38.898, +33.701, +31.969, HL: 42.362, +35.433, +35.433, HR: +44.094, +35.433, +33.701 Max HR-HipX = +44.094 Min FL-Knee = +31.969 
[2025-06-10 19:16:44.288.181] [INFO  ] [TVMPC] JY is Moving... (tvmpc),  time: 2126.063112 
[2025-06-10 19:16:46.027.124] [INFO  ] [Battery] SoC = 76%, Volt = +31.300V, Temp 27 
[2025-06-10 19:16:46.560.176] [INFO  ] [Controller] [Joints] FL: +38.898, +35.433, +31.969 ,FR: +38.898, +33.701, +31.969, HL: 42.362, +35.433, +35.433, HR: +44.094, +35.433, +35.433 Max HR-HipX = +44.094 Min FL-Knee = +31.969 
[2025-06-10 19:16:49.060.181] [INFO  ] [Controller] [Joints] FL: +38.898, +35.433, +33.701 ,FR: +40.630, +33.701, +31.969, HL: 42.362, +35.433, +35.433, HR: +44.094, +35.433, +35.433 Max HR-HipX = +44.094 Min FR-Knee = +31.969 
[2025-06-10 19:16:50.387.144] [INFO  ] [Controller] stand_cmd.... 
[2025-06-10 19:16:51.025.776] [INFO  ] [Battery] SoC = 76%, Volt = +31.300V, Temp 27 
[2025-06-10 19:16:51.038.560] [INFO  ] [TVMPC] [trot]STOP!!! 
[2025-06-10 19:16:51.039.143] [INFO  ] [BasicMotion] Switching to force control mode, please wait... 
[2025-06-10 19:16:51.560.183] [INFO  ] [Controller] [Joints] FL: +38.898, +35.433, +33.701 ,FR: +40.630, +33.701, +31.969, HL: 44.094, +35.433, +37.165, HR: +44.094, +35.433, +37.165 Max HL-HipX = +44.094 Min FR-Knee = +31.969 
[2025-06-10 19:16:54.060.187] [INFO  ] [Controller] [Joints] FL: +38.898, +35.433, +33.701 ,FR: +40.630, +33.701, +31.969, HL: 44.094, +35.433, +37.165, HR: +44.094, +35.433, +37.165 Max HL-HipX = +44.094 Min FR-Knee = +31.969 
[2025-06-10 19:16:54.532.146] [INFO  ] [Controller] Change Height!!! 
[2025-06-10 19:16:55.468.176] [INFO  ] [TVMPC] JY is Moving... (tvmpc),  time: 2137.243111 
[2025-06-10 19:16:56.025.294] [INFO  ] [Battery] SoC = 76%, Volt = +31.200V, Temp 27 
[2025-06-10 19:16:56.560.173] [INFO  ] [Controller] [Joints] FL: +40.630, +35.433, +33.701 ,FR: +40.630, +33.701, +31.969, HL: 44.094, +35.433, +37.165, HR: +45.827, +35.433, +37.165 Max HR-HipX = +45.827 Min FR-Knee = +31.969 
[2025-06-10 19:16:58.270.144] [INFO  ] [Controller] stand_cmd.... 
[2025-06-10 19:16:58.618.579] [INFO  ] [TVMPC] [trot]STOP!!! 
[2025-06-10 19:16:58.619.143] [INFO  ] [BasicMotion] Switching to force control mode, please wait... 
[2025-06-10 19:16:59.060.206] [INFO  ] [Controller] [Joints] FL: +40.630, +35.433, +33.701 ,FR: +40.630, +33.701, +33.701, HL: 44.094, +35.433, +38.898, HR: +45.827, +35.433, +38.898 Max HR-HipX = +45.827 Min FL-Knee = +33.701 
[2025-06-10 19:17:00.838.147] [INFO  ] [Controller] Change Height!!! 
[2025-06-10 19:17:01.023.375] [INFO  ] [Battery] SoC = 76%, Volt = +31.200V, Temp 27 
[2025-06-10 19:17:01.560.162] [INFO  ] [Controller] [Joints] FL: +40.630, +35.433, +35.433 ,FR: +40.630, +35.433, +33.701, HL: 44.094, +35.433, +38.898, HR: +45.827, +35.433, +38.898 Max HR-HipX = +45.827 Min FR-Knee = +33.701 
[2025-06-10 19:17:01.568.163] [INFO  ] [TVMPC] JY is Moving... (tvmpc),  time: 2143.343111 
[2025-06-10 19:17:04.060.162] [INFO  ] [Controller] [Joints] FL: +40.630, +35.433, +35.433 ,FR: +40.630, +35.433, +33.701, HL: 44.094, +35.433, +38.898, HR: +45.827, +35.433, +40.630 Max HR-HipX = +45.827 Min FR-Knee = +33.701 
[2025-06-10 19:17:06.022.155] [INFO  ] [Battery] SoC = 76%, Volt = +31.200V, Temp 27 
[2025-06-10 19:17:06.560.169] [INFO  ] [Controller] [Joints] FL: +40.630, +35.433, +35.433 ,FR: +40.630, +35.433, +33.701, HL: 44.094, +35.433, +40.630, HR: +45.827, +35.433, +40.630 Max HR-HipX = +45.827 Min FR-Knee = +33.701 
[2025-06-10 19:17:09.060.168] [INFO  ] [Controller] [Joints] FL: +40.630, +35.433, +35.433 ,FR: +42.362, +35.433, +35.433, HL: 44.094, +35.433, +40.630, HR: +45.827, +35.433, +40.630 Max HR-HipX = +45.827 Min FL-HipY = +35.433 
[2025-06-10 19:17:11.020.867] [INFO  ] [Battery] SoC = 76%, Volt = +31.300V, Temp 27 
[2025-06-10 19:17:11.560.161] [INFO  ] [Controller] [Joints] FL: +40.630, +35.433, +37.165 ,FR: +42.362, +35.433, +35.433, HL: 44.094, +35.433, +40.630, HR: +45.827, +35.433, +42.362 Max HR-HipX = +45.827 Min FL-HipY = +35.433 
[2025-06-10 19:17:14.061.160] [INFO  ] [Controller] [Joints] FL: +40.630, +35.433, +37.165 ,FR: +42.362, +35.433, +35.433, HL: 45.827, +35.433, +42.362, HR: +45.827, +35.433, +42.362 Max HL-HipX = +45.827 Min FL-HipY = +35.433 
[2025-06-10 19:17:16.019.501] [INFO  ] [Battery] SoC = 76%, Volt = +31.100V, Temp 27 
[2025-06-10 19:17:16.561.167] [INFO  ] [Controller] [Joints] FL: +40.630, +35.433, +37.165 ,FR: +42.362, +35.433, +35.433, HL: 45.827, +37.165, +42.362, HR: +45.827, +35.433, +42.362 Max HL-HipX = +45.827 Min FL-HipY = +35.433 
[2025-06-10 19:17:19.061.159] [INFO  ] [Controller] [Joints] FL: +42.362, +35.433, +37.165 ,FR: +42.362, +35.433, +35.433, HL: 45.827, +37.165, +42.362, HR: +45.827, +35.433, +44.094 Max HL-HipX = +45.827 Min FL-HipY = +35.433 
[2025-06-10 19:17:21.018.145] [INFO  ] [Battery] SoC = 76%, Volt = +31.200V, Temp 27 
[2025-06-10 19:17:21.561.160] [INFO  ] [Controller] [Joints] FL: +42.362, +35.433, +37.165 ,FR: +42.362, +35.433, +35.433, HL: 45.827, +37.165, +42.362, HR: +45.827, +35.433, +44.094 Max HL-HipX = +45.827 Min FL-HipY = +35.433 
[2025-06-10 19:17:22.269.567] [INFO  ] [TVMPC] [trot]STOP!!! 
[2025-06-10 19:17:22.270.141] [INFO  ] [BasicMotion] Switching to force control mode, please wait... 
[2025-06-10 19:17:24.061.171] [INFO  ] [Controller] [Joints] FL: +42.362, +35.433, +37.165 ,FR: +42.362, +35.433, +35.433, HL: 45.827, +37.165, +44.094, HR: +47.559, +35.433, +44.094 Max HR-HipX = +47.559 Min FL-HipY = +35.433 
[2025-06-10 19:17:26.016.888] [INFO  ] [Battery] SoC = 76%, Volt = +31.300V, Temp 27 
[2025-06-10 19:17:26.561.172] [INFO  ] [Controller] [Joints] FL: +42.362, +35.433, +37.165 ,FR: +42.362, +35.433, +35.433, HL: 45.827, +37.165, +44.094, HR: +47.559, +35.433, +44.094 Max HR-HipX = +47.559 Min FL-HipY = +35.433 
[2025-06-10 19:17:29.061.167] [INFO  ] [Controller] [Joints] FL: +42.362, +35.433, +37.165 ,FR: +44.094, +35.433, +35.433, HL: 45.827, +37.165, +44.094, HR: +47.559, +35.433, +44.094 Max HR-HipX = +47.559 Min FL-HipY = +35.433 
[2025-06-10 19:17:31.015.713] [INFO  ] [Battery] SoC = 76%, Volt = +31.300V, Temp 27 
[2025-06-10 19:17:31.561.172] [INFO  ] [Controller] [Joints] FL: +42.362, +35.433, +37.165 ,FR: +44.094, +35.433, +37.165, HL: 45.827, +37.165, +44.094, HR: +45.827, +35.433, +44.094 Max HL-HipX = +45.827 Min FL-HipY = +35.433 
[2025-06-10 19:17:34.061.171] [INFO  ] [Controller] [Joints] FL: +42.362, +35.433, +37.165 ,FR: +44.094, +35.433, +37.165, HL: 45.827, +37.165, +44.094, HR: +45.827, +35.433, +44.094 Max HL-HipX = +45.827 Min FL-HipY = +35.433 
[2025-06-10 19:17:36.014.418] [INFO  ] [Battery] SoC = 76%, Volt = +31.300V, Temp 27 
[2025-06-10 19:17:36.561.173] [INFO  ] [Controller] [Joints] FL: +42.362, +35.433, +37.165 ,FR: +44.094, +35.433, +37.165, HL: 45.827, +37.165, +44.094, HR: +45.827, +35.433, +44.094 Max HL-HipX = +45.827 Min FL-HipY = +35.433 
[2025-06-10 19:17:39.061.172] [INFO  ] [Controller] [Joints] FL: +42.362, +35.433, +37.165 ,FR: +44.094, +35.433, +37.165, HL: 45.827, +37.165, +44.094, HR: +45.827, +35.433, +44.094 Max HL-HipX = +45.827 Min FL-HipY = +35.433 
[2025-06-10 19:17:41.013.102] [INFO  ] [Battery] SoC = 76%, Volt = +31.300V, Temp 27 
[2025-06-10 19:17:41.561.168] [INFO  ] [Controller] [Joints] FL: +42.362, +35.433, +37.165 ,FR: +44.094, +35.433, +37.165, HL: 45.827, +37.165, +44.094, HR: +45.827, +35.433, +44.094 Max HL-HipX = +45.827 Min FL-HipY = +35.433 
[2025-06-10 19:17:44.061.169] [INFO  ] [Controller] [Joints] FL: +42.362, +35.433, +35.433 ,FR: +44.094, +35.433, +37.165, HL: 45.827, +37.165, +44.094, HR: +45.827, +35.433, +44.094 Max HL-HipX = +45.827 Min FL-HipY = +35.433 
[2025-06-10 19:17:46.011.836] [INFO  ] [Battery] SoC = 75%, Volt = +31.300V, Temp 27 
[2025-06-10 19:17:46.561.174] [INFO  ] [Controller] [Joints] FL: +42.362, +35.433, +35.433 ,FR: +44.094, +35.433, +37.165, HL: 44.094, +37.165, +45.827, HR: +45.827, +35.433, +44.094 Max HL-Knee = +45.827 Min FL-HipY = +35.433 
[2025-06-10 19:17:49.061.174] [INFO  ] [Controller] [Joints] FL: +42.362, +35.433, +35.433 ,FR: +44.094, +35.433, +37.165, HL: 44.094, +37.165, +45.827, HR: +45.827, +35.433, +44.094 Max HL-Knee = +45.827 Min FL-HipY = +35.433 
[2025-06-10 19:17:51.010.673] [INFO  ] [Battery] SoC = 75%, Volt = +31.300V, Temp 27 
[2025-06-10 19:17:51.561.169] [INFO  ] [Controller] [Joints] FL: +42.362, +35.433, +35.433 ,FR: +44.094, +35.433, +37.165, HL: 44.094, +37.165, +45.827, HR: +45.827, +35.433, +44.094 Max HL-Knee = +45.827 Min FL-HipY = +35.433 
[2025-06-10 19:17:54.061.169] [INFO  ] [Controller] [Joints] FL: +42.362, +35.433, +35.433 ,FR: +44.094, +35.433, +37.165, HL: 44.094, +37.165, +45.827, HR: +45.827, +35.433, +44.094 Max HL-Knee = +45.827 Min FL-HipY = +35.433 
[2025-06-10 19:17:56.009.279] [INFO  ] [Battery] SoC = 75%, Volt = +31.300V, Temp 27 
[2025-06-10 19:17:56.561.165] [INFO  ] [Controller] [Joints] FL: +42.362, +35.433, +35.433 ,FR: +44.094, +35.433, +37.165, HL: 44.094, +37.165, +45.827, HR: +45.827, +35.433, +42.362 Max HL-Knee = +45.827 Min FL-HipY = +35.433 
[2025-06-10 19:17:59.061.172] [INFO  ] [Controller] [Joints] FL: +42.362, +35.433, +35.433 ,FR: +44.094, +35.433, +37.165, HL: 44.094, +37.165, +45.827, HR: +45.827, +35.433, +42.362 Max HL-Knee = +45.827 Min FL-HipY = +35.433 
[2025-06-10 19:18:01.007.969] [INFO  ] [Battery] SoC = 75%, Volt = +31.300V, Temp 27 
[2025-06-10 19:18:01.561.173] [INFO  ] [Controller] [Joints] FL: +40.630, +35.433, +35.433 ,FR: +44.094, +35.433, +37.165, HL: 44.094, +37.165, +45.827, HR: +45.827, +35.433, +42.362 Max HL-Knee = +45.827 Min FL-HipY = +35.433 
[2025-06-10 19:18:04.061.164] [INFO  ] [Controller] [Joints] FL: +40.630, +35.433, +35.433 ,FR: +44.094, +35.433, +37.165, HL: 44.094, +37.165, +45.827, HR: +45.827, +35.433, +42.362 Max HL-Knee = +45.827 Min FL-HipY = +35.433 
[2025-06-10 19:18:06.006.566] [INFO  ] [Battery] SoC = 75%, Volt = +31.300V, Temp 27 
[2025-06-10 19:18:06.561.170] [INFO  ] [Controller] [Joints] FL: +40.630, +35.433, +35.433 ,FR: +44.094, +35.433, +37.165, HL: 44.094, +37.165, +45.827, HR: +45.827, +35.433, +42.362 Max HL-Knee = +45.827 Min FL-HipY = +35.433 
[2025-06-10 19:18:09.061.167] [INFO  ] [Controller] [Joints] FL: +40.630, +35.433, +33.701 ,FR: +44.094, +35.433, +37.165, HL: 44.094, +37.165, +45.827, HR: +45.827, +35.433, +42.362 Max HL-Knee = +45.827 Min FL-Knee = +33.701 
[2025-06-10 19:18:11.005.265] [INFO  ] [Battery] SoC = 75%, Volt = +31.300V, Temp 27 
[2025-06-10 19:18:11.561.172] [INFO  ] [Controller] [Joints] FL: +40.630, +35.433, +33.701 ,FR: +44.094, +35.433, +37.165, HL: 44.094, +37.165, +45.827, HR: +45.827, +35.433, +42.362 Max HL-Knee = +45.827 Min FL-Knee = +33.701 
[2025-06-10 19:18:14.061.175] [INFO  ] [Controller] [Joints] FL: +40.630, +35.433, +33.701 ,FR: +44.094, +35.433, +37.165, HL: 44.094, +37.165, +45.827, HR: +45.827, +35.433, +42.362 Max HL-Knee = +45.827 Min FL-Knee = +33.701 
[2025-06-10 19:18:16.004.096] [INFO  ] [Battery] SoC = 75%, Volt = +31.300V, Temp 27 
[2025-06-10 19:18:16.561.173] [INFO  ] [Controller] [Joints] FL: +40.630, +35.433, +33.701 ,FR: +44.094, +35.433, +37.165, HL: 44.094, +37.165, +45.827, HR: +45.827, +35.433, +42.362 Max HL-Knee = +45.827 Min FL-Knee = +33.701 
[2025-06-10 19:18:19.061.171] [INFO  ] [Controller] [Joints] FL: +40.630, +35.433, +33.701 ,FR: +44.094, +35.433, +37.165, HL: 44.094, +37.165, +45.827, HR: +45.827, +35.433, +42.362 Max HL-Knee = +45.827 Min FL-Knee = +33.701 
[2025-06-10 19:18:21.003.070] [INFO  ] [Battery] SoC = 75%, Volt = +31.300V, Temp 27 
[2025-06-10 19:18:21.561.167] [INFO  ] [Controller] [Joints] FL: +40.630, +35.433, +33.701 ,FR: +44.094, +35.433, +37.165, HL: 44.094, +37.165, +45.827, HR: +45.827, +35.433, +42.362 Max HL-Knee = +45.827 Min FL-Knee = +33.701 
[2025-06-10 19:18:24.061.169] [INFO  ] [Controller] [Joints] FL: +40.630, +35.433, +33.701 ,FR: +44.094, +35.433, +37.165, HL: 44.094, +37.165, +45.827, HR: +45.827, +35.433, +42.362 Max HL-Knee = +45.827 Min FL-Knee = +33.701 
[2025-06-10 19:18:26.001.844] [INFO  ] [Battery] SoC = 75%, Volt = +31.200V, Temp 27 
[2025-06-10 19:18:26.561.167] [INFO  ] [Controller] [Joints] FL: +40.630, +35.433, +33.701 ,FR: +44.094, +35.433, +37.165, HL: 44.094, +37.165, +45.827, HR: +45.827, +35.433, +42.362 Max HL-Knee = +45.827 Min FL-Knee = +33.701 
[2025-06-10 19:18:29.061.168] [INFO  ] [Controller] [Joints] FL: +40.630, +35.433, +33.701 ,FR: +44.094, +35.433, +37.165, HL: 44.094, +37.165, +45.827, HR: +45.827, +35.433, +42.362 Max HL-Knee = +45.827 Min FL-Knee = +33.701 
[2025-06-10 19:18:31.000.545] [INFO  ] [Battery] SoC = 75%, Volt = +31.200V, Temp 27 
[2025-06-10 19:18:31.561.163] [INFO  ] [Controller] [Joints] FL: +40.630, +35.433, +33.701 ,FR: +44.094, +35.433, +37.165, HL: 44.094, +37.165, +45.827, HR: +45.827, +35.433, +42.362 Max HL-Knee = +45.827 Min FL-Knee = +33.701 
[2025-06-10 19:18:34.061.170] [INFO  ] [Controller] [Joints] FL: +40.630, +35.433, +33.701 ,FR: +44.094, +35.433, +37.165, HL: 44.094, +37.165, +45.827, HR: +45.827, +35.433, +42.362 Max HL-Knee = +45.827 Min FL-Knee = +33.701 
[2025-06-10 19:18:35.999.209] [INFO  ] [Battery] SoC = 75%, Volt = +31.200V, Temp 27 
[2025-06-10 19:18:36.561.195] [INFO  ] [Controller] [Joints] FL: +40.630, +35.433, +33.701 ,FR: +44.094, +35.433, +37.165, HL: 44.094, +37.165, +45.827, HR: +45.827, +35.433, +42.362 Max HL-Knee = +45.827 Min FL-Knee = +33.701 
[2025-06-10 19:18:39.061.174] [INFO  ] [Controller] [Joints] FL: +40.630, +35.433, +33.701 ,FR: +44.094, +35.433, +37.165, HL: 44.094, +37.165, +45.827, HR: +45.827, +35.433, +42.362 Max HL-Knee = +45.827 Min FL-Knee = +33.701 
[2025-06-10 19:18:40.997.947] [INFO  ] [Battery] SoC = 75%, Volt = +31.200V, Temp 27 
[2025-06-10 19:18:41.561.172] [INFO  ] [Controller] [Joints] FL: +40.630, +35.433, +33.701 ,FR: +44.094, +35.433, +37.165, HL: 44.094, +37.165, +45.827, HR: +45.827, +35.433, +42.362 Max HL-Knee = +45.827 Min FL-Knee = +33.701 
[2025-06-10 19:18:44.061.172] [INFO  ] [Controller] [Joints] FL: +40.630, +35.433, +33.701 ,FR: +44.094, +35.433, +37.165, HL: 44.094, +37.165, +45.827, HR: +45.827, +35.433, +42.362 Max HL-Knee = +45.827 Min FL-Knee = +33.701 
[2025-06-10 19:18:45.996.732] [INFO  ] [Battery] SoC = 75%, Volt = +31.200V, Temp 27 
[2025-06-10 19:18:46.561.177] [INFO  ] [Controller] [Joints] FL: +40.630, +35.433, +33.701 ,FR: +44.094, +35.433, +37.165, HL: 44.094, +37.165, +45.827, HR: +45.827, +35.433, +42.362 Max HL-Knee = +45.827 Min FL-Knee = +33.701 
[2025-06-10 19:18:49.061.172] [INFO  ] [Controller] [Joints] FL: +40.630, +35.433, +33.701 ,FR: +44.094, +35.433, +37.165, HL: 44.094, +37.165, +45.827, HR: +45.827, +35.433, +42.362 Max HL-Knee = +45.827 Min FL-Knee = +33.701 
[2025-06-10 19:18:50.995.547] [INFO  ] [Battery] SoC = 75%, Volt = +31.200V, Temp 27 
[2025-06-10 19:18:51.561.166] [INFO  ] [Controller] [Joints] FL: +40.630, +35.433, +33.701 ,FR: +44.094, +35.433, +37.165, HL: 44.094, +37.165, +45.827, HR: +45.827, +35.433, +42.362 Max HL-Knee = +45.827 Min FL-Knee = +33.701 
[2025-06-10 19:18:54.061.163] [INFO  ] [Controller] [Joints] FL: +40.630, +35.433, +33.701 ,FR: +44.094, +35.433, +37.165, HL: 44.094, +37.165, +45.827, HR: +45.827, +35.433, +42.362 Max HL-Knee = +45.827 Min FL-Knee = +33.701 
[2025-06-10 19:18:55.994.269] [INFO  ] [Battery] SoC = 75%, Volt = +31.200V, Temp 27 
[2025-06-10 19:18:56.561.164] [INFO  ] [Controller] [Joints] FL: +40.630, +35.433, +33.701 ,FR: +44.094, +35.433, +37.165, HL: 44.094, +37.165, +45.827, HR: +45.827, +35.433, +42.362 Max HL-Knee = +45.827 Min FL-Knee = +33.701 
[2025-06-10 19:18:59.061.169] [INFO  ] [Controller] [Joints] FL: +40.630, +35.433, +33.701 ,FR: +44.094, +35.433, +37.165, HL: 44.094, +37.165, +45.827, HR: +45.827, +35.433, +42.362 Max HL-Knee = +45.827 Min FL-Knee = +33.701 
[2025-06-10 19:19:00.992.978] [INFO  ] [Battery] SoC = 75%, Volt = +31.200V, Temp 27 
[2025-06-10 19:19:01.561.172] [INFO  ] [Controller] [Joints] FL: +40.630, +35.433, +33.701 ,FR: +44.094, +35.433, +37.165, HL: 44.094, +37.165, +45.827, HR: +45.827, +35.433, +42.362 Max HL-Knee = +45.827 Min FL-Knee = +33.701 
[2025-06-10 19:19:04.061.170] [INFO  ] [Controller] [Joints] FL: +40.630, +35.433, +33.701 ,FR: +44.094, +35.433, +37.165, HL: 44.094, +37.165, +45.827, HR: +45.827, +35.433, +42.362 Max HL-Knee = +45.827 Min FL-Knee = +33.701 
[2025-06-10 19:19:05.991.733] [INFO  ] [Battery] SoC = 75%, Volt = +31.200V, Temp 27 
[2025-06-10 19:19:06.561.167] [INFO  ] [Controller] [Joints] FL: +40.630, +35.433, +33.701 ,FR: +44.094, +35.433, +37.165, HL: 44.094, +37.165, +45.827, HR: +45.827, +35.433, +42.362 Max HL-Knee = +45.827 Min FL-Knee = +33.701 
[2025-06-10 19:19:09.061.171] [INFO  ] [Controller] [Joints] FL: +40.630, +35.433, +33.701 ,FR: +44.094, +35.433, +37.165, HL: 44.094, +37.165, +45.827, HR: +45.827, +35.433, +42.362 Max HL-Knee = +45.827 Min FL-Knee = +33.701 
[2025-06-10 19:19:10.990.367] [INFO  ] [Battery] SoC = 75%, Volt = +31.200V, Temp 27 
[2025-06-10 19:19:11.561.169] [INFO  ] [Controller] [Joints] FL: +40.630, +35.433, +33.701 ,FR: +44.094, +35.433, +37.165, HL: 44.094, +37.165, +45.827, HR: +45.827, +35.433, +42.362 Max HL-Knee = +45.827 Min FL-Knee = +33.701 
[2025-06-10 19:19:14.061.172] [INFO  ] [Controller] [Joints] FL: +40.630, +35.433, +33.701 ,FR: +44.094, +35.433, +37.165, HL: 44.094, +37.165, +45.827, HR: +45.827, +35.433, +42.362 Max HL-Knee = +45.827 Min FL-Knee = +33.701 
[2025-06-10 19:19:15.989.098] [INFO  ] [Battery] SoC = 75%, Volt = +31.200V, Temp 27 
[2025-06-10 19:19:16.561.168] [INFO  ] [Controller] [Joints] FL: +40.630, +35.433, +33.701 ,FR: +44.094, +35.433, +37.165, HL: 44.094, +37.165, +45.827, HR: +45.827, +35.433, +42.362 Max HL-Knee = +45.827 Min FL-Knee = +33.701 
[2025-06-10 19:19:19.061.167] [INFO  ] [Controller] [Joints] FL: +40.630, +35.433, +33.701 ,FR: +44.094, +35.433, +37.165, HL: 44.094, +37.165, +45.827, HR: +45.827, +35.433, +42.362 Max HL-Knee = +45.827 Min FL-Knee = +33.701 
[2025-06-10 19:19:20.988.041] [INFO  ] [Battery] SoC = 74%, Volt = +31.200V, Temp 27 
[2025-06-10 19:19:21.561.167] [INFO  ] [Controller] [Joints] FL: +40.630, +35.433, +33.701 ,FR: +44.094, +35.433, +37.165, HL: 44.094, +37.165, +45.827, HR: +45.827, +35.433, +42.362 Max HL-Knee = +45.827 Min FL-Knee = +33.701 
[2025-06-10 19:19:24.061.169] [INFO  ] [Controller] [Joints] FL: +40.630, +35.433, +33.701 ,FR: +44.094, +35.433, +37.165, HL: 44.094, +37.165, +45.827, HR: +45.827, +35.433, +42.362 Max HL-Knee = +45.827 Min FL-Knee = +33.701 
[2025-06-10 19:19:25.986.867] [INFO  ] [Battery] SoC = 74%, Volt = +31.200V, Temp 27 
[2025-06-10 19:19:26.561.175] [INFO  ] [Controller] [Joints] FL: +40.630, +35.433, +33.701 ,FR: +44.094, +35.433, +37.165, HL: 44.094, +37.165, +45.827, HR: +45.827, +35.433, +42.362 Max HL-Knee = +45.827 Min FL-Knee = +33.701 
[2025-06-10 19:19:29.061.174] [INFO  ] [Controller] [Joints] FL: +40.630, +35.433, +33.701 ,FR: +44.094, +35.433, +37.165, HL: 44.094, +37.165, +45.827, HR: +45.827, +35.433, +42.362 Max HL-Knee = +45.827 Min FL-Knee = +33.701 
[2025-06-10 19:19:30.986.162] [INFO  ] [Battery] SoC = 74%, Volt = +31.200V, Temp 27 
[2025-06-10 19:19:31.561.167] [INFO  ] [Controller] [Joints] FL: +40.630, +35.433, +33.701 ,FR: +44.094, +35.433, +37.165, HL: 44.094, +37.165, +45.827, HR: +45.827, +35.433, +42.362 Max HL-Knee = +45.827 Min FL-Knee = +33.701 
[2025-06-10 19:19:34.061.173] [INFO  ] [Controller] [Joints] FL: +40.630, +35.433, +33.701 ,FR: +44.094, +35.433, +37.165, HL: 44.094, +37.165, +45.827, HR: +45.827, +35.433, +42.362 Max HL-Knee = +45.827 Min FL-Knee = +33.701 
[2025-06-10 19:19:35.984.662] [INFO  ] [Battery] SoC = 74%, Volt = +31.200V, Temp 27 
[2025-06-10 19:19:36.561.171] [INFO  ] [Controller] [Joints] FL: +40.630, +35.433, +33.701 ,FR: +44.094, +35.433, +37.165, HL: 44.094, +37.165, +45.827, HR: +45.827, +35.433, +42.362 Max HL-Knee = +45.827 Min FL-Knee = +33.701 
[2025-06-10 19:19:39.061.172] [INFO  ] [Controller] [Joints] FL: +40.630, +35.433, +33.701 ,FR: +44.094, +35.433, +37.165, HL: 44.094, +37.165, +45.827, HR: +45.827, +35.433, +42.362 Max HL-Knee = +45.827 Min FL-Knee = +33.701 
[2025-06-10 19:19:40.983.582] [INFO  ] [Battery] SoC = 74%, Volt = +31.200V, Temp 27 
[2025-06-10 19:19:41.561.170] [INFO  ] [Controller] [Joints] FL: +40.630, +35.433, +33.701 ,FR: +44.094, +35.433, +37.165, HL: 44.094, +37.165, +45.827, HR: +45.827, +35.433, +42.362 Max HL-Knee = +45.827 Min FL-Knee = +33.701 
[2025-06-10 19:19:44.061.170] [INFO  ] [Controller] [Joints] FL: +40.630, +35.433, +33.701 ,FR: +44.094, +35.433, +37.165, HL: 44.094, +37.165, +45.827, HR: +45.827, +35.433, +42.362 Max HL-Knee = +45.827 Min FL-Knee = +33.701 
[2025-06-10 19:19:45.982.555] [INFO  ] [Battery] SoC = 74%, Volt = +31.200V, Temp 27 
[2025-06-10 19:19:46.561.167] [INFO  ] [Controller] [Joints] FL: +40.630, +35.433, +33.701 ,FR: +44.094, +35.433, +37.165, HL: 44.094, +37.165, +45.827, HR: +45.827, +35.433, +42.362 Max HL-Knee = +45.827 Min FL-Knee = +33.701 
[2025-06-10 19:19:49.061.174] [INFO  ] [Controller] [Joints] FL: +40.630, +35.433, +33.701 ,FR: +44.094, +35.433, +37.165, HL: 44.094, +37.165, +45.827, HR: +45.827, +35.433, +42.362 Max HL-Knee = +45.827 Min FL-Knee = +33.701 
[2025-06-10 19:19:50.981.548] [INFO  ] [Battery] SoC = 74%, Volt = +31.200V, Temp 27 
[2025-06-10 19:19:51.561.167] [INFO  ] [Controller] [Joints] FL: +40.630, +35.433, +33.701 ,FR: +44.094, +35.433, +37.165, HL: 44.094, +37.165, +45.827, HR: +45.827, +35.433, +42.362 Max HL-Knee = +45.827 Min FL-Knee = +33.701 
[2025-06-10 19:19:54.061.176] [INFO  ] [Controller] [Joints] FL: +40.630, +35.433, +33.701 ,FR: +44.094, +35.433, +37.165, HL: 44.094, +37.165, +45.827, HR: +45.827, +35.433, +42.362 Max HL-Knee = +45.827 Min FL-Knee = +33.701 
[2025-06-10 19:19:55.980.591] [INFO  ] [Battery] SoC = 74%, Volt = +31.200V, Temp 27 
[2025-06-10 19:19:56.561.171] [INFO  ] [Controller] [Joints] FL: +40.630, +35.433, +33.701 ,FR: +44.094, +35.433, +37.165, HL: 44.094, +37.165, +45.827, HR: +45.827, +35.433, +42.362 Max HL-Knee = +45.827 Min FL-Knee = +33.701 
[2025-06-10 19:19:59.061.169] [INFO  ] [Controller] [Joints] FL: +40.630, +35.433, +33.701 ,FR: +44.094, +35.433, +37.165, HL: 44.094, +37.165, +45.827, HR: +45.827, +35.433, +42.362 Max HL-Knee = +45.827 Min FL-Knee = +33.701 
[2025-06-10 19:20:00.979.668] [INFO  ] [Battery] SoC = 74%, Volt = +31.200V, Temp 27 
[2025-06-10 19:20:01.561.170] [INFO  ] [Controller] [Joints] FL: +40.630, +35.433, +33.701 ,FR: +44.094, +35.433, +37.165, HL: 44.094, +37.165, +45.827, HR: +45.827, +35.433, +42.362 Max HL-Knee = +45.827 Min FL-Knee = +33.701 
[2025-06-10 19:20:04.061.172] [INFO  ] [Controller] [Joints] FL: +40.630, +35.433, +33.701 ,FR: +44.094, +35.433, +37.165, HL: 44.094, +37.165, +45.827, HR: +45.827, +35.433, +42.362 Max HL-Knee = +45.827 Min FL-Knee = +33.701 
[2025-06-10 19:20:05.978.714] [INFO  ] [Battery] SoC = 74%, Volt = +31.200V, Temp 27 
[2025-06-10 19:20:06.561.170] [INFO  ] [Controller] [Joints] FL: +40.630, +35.433, +33.701 ,FR: +44.094, +35.433, +37.165, HL: 44.094, +37.165, +45.827, HR: +45.827, +35.433, +42.362 Max HL-Knee = +45.827 Min FL-Knee = +33.701 
[2025-06-10 19:20:09.061.169] [INFO  ] [Controller] [Joints] FL: +40.630, +35.433, +33.701 ,FR: +44.094, +35.433, +37.165, HL: 44.094, +37.165, +45.827, HR: +45.827, +35.433, +42.362 Max HL-Knee = +45.827 Min FL-Knee = +33.701 
[2025-06-10 19:20:10.977.764] [INFO  ] [Battery] SoC = 74%, Volt = +31.200V, Temp 27 
[2025-06-10 19:20:11.561.173] [INFO  ] [Controller] [Joints] FL: +40.630, +35.433, +33.701 ,FR: +44.094, +35.433, +37.165, HL: 44.094, +37.165, +45.827, HR: +45.827, +35.433, +42.362 Max HL-Knee = +45.827 Min FL-Knee = +33.701 
[2025-06-10 19:20:14.061.171] [INFO  ] [Controller] [Joints] FL: +40.630, +35.433, +33.701 ,FR: +44.094, +35.433, +37.165, HL: 44.094, +37.165, +45.827, HR: +45.827, +35.433, +42.362 Max HL-Knee = +45.827 Min FL-Knee = +33.701 
[2025-06-10 19:20:15.976.654] [INFO  ] [Battery] SoC = 74%, Volt = +31.200V, Temp 27 
[2025-06-10 19:20:16.561.171] [INFO  ] [Controller] [Joints] FL: +40.630, +35.433, +33.701 ,FR: +44.094, +35.433, +37.165, HL: 44.094, +37.165, +45.827, HR: +45.827, +35.433, +42.362 Max HL-Knee = +45.827 Min FL-Knee = +33.701 
[2025-06-10 19:20:19.061.173] [INFO  ] [Controller] [Joints] FL: +40.630, +35.433, +33.701 ,FR: +44.094, +35.433, +37.165, HL: 44.094, +37.165, +45.827, HR: +45.827, +35.433, +42.362 Max HL-Knee = +45.827 Min FL-Knee = +33.701 
[2025-06-10 19:20:20.975.634] [INFO  ] [Battery] SoC = 74%, Volt = +31.200V, Temp 27 
[2025-06-10 19:20:21.561.168] [INFO  ] [Controller] [Joints] FL: +40.630, +35.433, +33.701 ,FR: +44.094, +35.433, +37.165, HL: 44.094, +37.165, +45.827, HR: +45.827, +35.433, +42.362 Max HL-Knee = +45.827 Min FL-Knee = +33.701 
[2025-06-10 19:20:24.061.169] [INFO  ] [Controller] [Joints] FL: +40.630, +35.433, +33.701 ,FR: +44.094, +35.433, +37.165, HL: 44.094, +37.165, +45.827, HR: +45.827, +35.433, +42.362 Max HL-Knee = +45.827 Min FL-Knee = +33.701 
[2025-06-10 19:20:25.974.536] [INFO  ] [Battery] SoC = 74%, Volt = +31.100V, Temp 27 
[2025-06-10 19:20:26.561.174] [INFO  ] [Controller] [Joints] FL: +40.630, +35.433, +33.701 ,FR: +44.094, +35.433, +37.165, HL: 44.094, +37.165, +45.827, HR: +45.827, +35.433, +42.362 Max HL-Knee = +45.827 Min FL-Knee = +33.701 
[2025-06-10 19:20:29.061.171] [INFO  ] [Controller] [Joints] FL: +40.630, +35.433, +33.701 ,FR: +44.094, +35.433, +37.165, HL: 44.094, +37.165, +45.827, HR: +45.827, +35.433, +42.362 Max HL-Knee = +45.827 Min FL-Knee = +33.701 
[2025-06-10 19:20:30.973.337] [INFO  ] [Battery] SoC = 74%, Volt = +31.100V, Temp 27 
[2025-06-10 19:20:31.561.172] [INFO  ] [Controller] [Joints] FL: +40.630, +35.433, +33.701 ,FR: +44.094, +35.433, +37.165, HL: 44.094, +37.165, +45.827, HR: +45.827, +35.433, +42.362 Max HL-Knee = +45.827 Min FL-Knee = +33.701 
[2025-06-10 19:20:34.061.171] [INFO  ] [Controller] [Joints] FL: +40.630, +35.433, +33.701 ,FR: +44.094, +35.433, +37.165, HL: 44.094, +37.165, +45.827, HR: +45.827, +35.433, +42.362 Max HL-Knee = +45.827 Min FL-Knee = +33.701 
[2025-06-10 19:20:35.972.221] [INFO  ] [Battery] SoC = 74%, Volt = +31.100V, Temp 27 
[2025-06-10 19:20:36.561.177] [INFO  ] [Controller] [Joints] FL: +40.630, +35.433, +33.701 ,FR: +44.094, +35.433, +37.165, HL: 44.094, +37.165, +45.827, HR: +45.827, +35.433, +42.362 Max HL-Knee = +45.827 Min FL-Knee = +33.701 
[2025-06-10 19:20:39.061.175] [INFO  ] [Controller] [Joints] FL: +40.630, +35.433, +33.701 ,FR: +44.094, +35.433, +37.165, HL: 44.094, +37.165, +45.827, HR: +45.827, +35.433, +42.362 Max HL-Knee = +45.827 Min FL-Knee = +33.701 
[2025-06-10 19:20:40.971.146] [INFO  ] [Battery] SoC = 74%, Volt = +31.100V, Temp 27 
[2025-06-10 19:20:41.561.176] [INFO  ] [Controller] [Joints] FL: +40.630, +35.433, +33.701 ,FR: +44.094, +35.433, +37.165, HL: 44.094, +37.165, +45.827, HR: +45.827, +35.433, +42.362 Max HL-Knee = +45.827 Min FL-Knee = +33.701 
[2025-06-10 19:20:44.061.165] [INFO  ] [Controller] [Joints] FL: +40.630, +35.433, +33.701 ,FR: +44.094, +35.433, +37.165, HL: 44.094, +37.165, +45.827, HR: +45.827, +35.433, +42.362 Max HL-Knee = +45.827 Min FL-Knee = +33.701 
[2025-06-10 19:20:45.969.967] [INFO  ] [Battery] SoC = 74%, Volt = +31.100V, Temp 27 
[2025-06-10 19:20:46.561.169] [INFO  ] [Controller] [Joints] FL: +40.630, +35.433, +33.701 ,FR: +44.094, +35.433, +37.165, HL: 44.094, +37.165, +45.827, HR: +45.827, +35.433, +42.362 Max HL-Knee = +45.827 Min FL-Knee = +33.701 
[2025-06-10 19:20:49.061.167] [INFO  ] [Controller] [Joints] FL: +40.630, +35.433, +33.701 ,FR: +44.094, +35.433, +37.165, HL: 44.094, +37.165, +45.827, HR: +45.827, +35.433, +42.362 Max HL-Knee = +45.827 Min FL-Knee = +33.701 
[2025-06-10 19:20:50.968.748] [INFO  ] [Battery] SoC = 73%, Volt = +31.100V, Temp 27 
[2025-06-10 19:20:51.561.169] [INFO  ] [Controller] [Joints] FL: +40.630, +35.433, +33.701 ,FR: +44.094, +35.433, +37.165, HL: 44.094, +37.165, +45.827, HR: +45.827, +35.433, +42.362 Max HL-Knee = +45.827 Min FL-Knee = +33.701 
[2025-06-10 19:20:54.061.169] [INFO  ] [Controller] [Joints] FL: +40.630, +35.433, +33.701 ,FR: +44.094, +35.433, +37.165, HL: 44.094, +37.165, +45.827, HR: +45.827, +35.433, +42.362 Max HL-Knee = +45.827 Min FL-Knee = +33.701 
[2025-06-10 19:20:55.967.682] [INFO  ] [Battery] SoC = 73%, Volt = +31.100V, Temp 27 
[2025-06-10 19:20:56.561.166] [INFO  ] [Controller] [Joints] FL: +40.630, +35.433, +33.701 ,FR: +44.094, +35.433, +37.165, HL: 44.094, +37.165, +45.827, HR: +45.827, +35.433, +42.362 Max HL-Knee = +45.827 Min FL-Knee = +33.701 
[2025-06-10 19:20:59.061.168] [INFO  ] [Controller] [Joints] FL: +40.630, +35.433, +33.701 ,FR: +44.094, +35.433, +37.165, HL: 45.827, +37.165, +45.827, HR: +45.827, +35.433, +42.362 Max HL-HipX = +45.827 Min FL-Knee = +33.701 
[2025-06-10 19:21:00.966.567] [INFO  ] [Battery] SoC = 73%, Volt = +31.100V, Temp 27 
[2025-06-10 19:21:01.561.169] [INFO  ] [Controller] [Joints] FL: +40.630, +35.433, +33.701 ,FR: +44.094, +35.433, +37.165, HL: 45.827, +37.165, +45.827, HR: +45.827, +35.433, +42.362 Max HL-HipX = +45.827 Min FL-Knee = +33.701 
[2025-06-10 19:21:04.061.166] [INFO  ] [Controller] [Joints] FL: +40.630, +35.433, +33.701 ,FR: +44.094, +35.433, +37.165, HL: 44.094, +37.165, +45.827, HR: +45.827, +35.433, +42.362 Max HL-Knee = +45.827 Min FL-Knee = +33.701 
[2025-06-10 19:21:05.965.359] [INFO  ] [Battery] SoC = 73%, Volt = +31.100V, Temp 27 
[2025-06-10 19:21:06.561.170] [INFO  ] [Controller] [Joints] FL: +40.630, +35.433, +33.701 ,FR: +44.094, +35.433, +37.165, HL: 45.827, +37.165, +45.827, HR: +45.827, +35.433, +42.362 Max HL-HipX = +45.827 Min FL-Knee = +33.701 
[2025-06-10 19:21:09.061.166] [INFO  ] [Controller] [Joints] FL: +40.630, +35.433, +33.701 ,FR: +44.094, +35.433, +37.165, HL: 45.827, +37.165, +45.827, HR: +45.827, +35.433, +42.362 Max HL-HipX = +45.827 Min FL-Knee = +33.701 
[2025-06-10 19:21:10.964.320] [INFO  ] [Battery] SoC = 73%, Volt = +31.100V, Temp 27 
[2025-06-10 19:21:11.561.169] [INFO  ] [Controller] [Joints] FL: +40.630, +35.433, +33.701 ,FR: +44.094, +35.433, +37.165, HL: 45.827, +37.165, +45.827, HR: +45.827, +35.433, +42.362 Max HL-HipX = +45.827 Min FL-Knee = +33.701 
[2025-06-10 19:21:14.061.170] [INFO  ] [Controller] [Joints] FL: +40.630, +35.433, +33.701 ,FR: +44.094, +35.433, +37.165, HL: 45.827, +37.165, +45.827, HR: +45.827, +35.433, +42.362 Max HL-HipX = +45.827 Min FL-Knee = +33.701 
[2025-06-10 19:21:15.963.075] [INFO  ] [Battery] SoC = 73%, Volt = +31.100V, Temp 27 
[2025-06-10 19:21:16.561.164] [INFO  ] [Controller] [Joints] FL: +40.630, +35.433, +33.701 ,FR: +44.094, +35.433, +37.165, HL: 45.827, +37.165, +45.827, HR: +45.827, +35.433, +42.362 Max HL-HipX = +45.827 Min FL-Knee = +33.701 
[2025-06-10 19:21:19.061.168] [INFO  ] [Controller] [Joints] FL: +40.630, +35.433, +33.701 ,FR: +44.094, +35.433, +37.165, HL: 45.827, +37.165, +45.827, HR: +45.827, +35.433, +42.362 Max HL-HipX = +45.827 Min FL-Knee = +33.701 
[2025-06-10 19:21:20.961.722] [INFO  ] [Battery] SoC = 73%, Volt = +31.100V, Temp 27 
[2025-06-10 19:21:21.561.173] [INFO  ] [Controller] [Joints] FL: +40.630, +35.433, +33.701 ,FR: +44.094, +35.433, +37.165, HL: 45.827, +37.165, +45.827, HR: +45.827, +35.433, +42.362 Max HL-HipX = +45.827 Min FL-Knee = +33.701 
[2025-06-10 19:21:24.061.175] [INFO  ] [Controller] [Joints] FL: +40.630, +35.433, +33.701 ,FR: +44.094, +35.433, +37.165, HL: 45.827, +37.165, +45.827, HR: +45.827, +35.433, +42.362 Max HL-HipX = +45.827 Min FL-Knee = +33.701 
[2025-06-10 19:21:25.960.362] [INFO  ] [Battery] SoC = 73%, Volt = +31.100V, Temp 27 
[2025-06-10 19:21:26.561.172] [INFO  ] [Controller] [Joints] FL: +40.630, +35.433, +33.701 ,FR: +44.094, +35.433, +37.165, HL: 45.827, +37.165, +45.827, HR: +45.827, +35.433, +42.362 Max HL-HipX = +45.827 Min FL-Knee = +33.701 
[2025-06-10 19:21:29.061.174] [INFO  ] [Controller] [Joints] FL: +40.630, +35.433, +33.701 ,FR: +44.094, +35.433, +37.165, HL: 45.827, +37.165, +45.827, HR: +45.827, +35.433, +42.362 Max HL-HipX = +45.827 Min FL-Knee = +33.701 
[2025-06-10 19:21:30.959.115] [INFO  ] [Battery] SoC = 73%, Volt = +31.100V, Temp 27 
[2025-06-10 19:21:31.561.174] [INFO  ] [Controller] [Joints] FL: +40.630, +35.433, +33.701 ,FR: +44.094, +35.433, +37.165, HL: 45.827, +37.165, +45.827, HR: +45.827, +35.433, +42.362 Max HL-HipX = +45.827 Min FL-Knee = +33.701 
[2025-06-10 19:21:34.061.171] [INFO  ] [Controller] [Joints] FL: +40.630, +35.433, +33.701 ,FR: +44.094, +35.433, +37.165, HL: 45.827, +37.165, +45.827, HR: +45.827, +35.433, +42.362 Max HL-HipX = +45.827 Min FL-Knee = +33.701 
[2025-06-10 19:21:35.957.923] [INFO  ] [Battery] SoC = 73%, Volt = +31.100V, Temp 28 
[2025-06-10 19:21:36.561.173] [INFO  ] [Controller] [Joints] FL: +40.630, +35.433, +33.701 ,FR: +44.094, +35.433, +37.165, HL: 45.827, +37.165, +45.827, HR: +45.827, +35.433, +42.362 Max HL-HipX = +45.827 Min FL-Knee = +33.701 
[2025-06-10 19:21:39.061.169] [INFO  ] [Controller] [Joints] FL: +40.630, +35.433, +33.701 ,FR: +44.094, +35.433, +37.165, HL: 45.827, +37.165, +45.827, HR: +45.827, +35.433, +42.362 Max HL-HipX = +45.827 Min FL-Knee = +33.701 
[2025-06-10 19:21:40.956.681] [INFO  ] [Battery] SoC = 73%, Volt = +31.100V, Temp 27 
[2025-06-10 19:21:41.561.173] [INFO  ] [Controller] [Joints] FL: +40.630, +35.433, +33.701 ,FR: +44.094, +35.433, +37.165, HL: 45.827, +37.165, +45.827, HR: +45.827, +35.433, +42.362 Max HL-HipX = +45.827 Min FL-Knee = +33.701 
[2025-06-10 19:21:44.061.175] [INFO  ] [Controller] [Joints] FL: +40.630, +35.433, +33.701 ,FR: +44.094, +35.433, +37.165, HL: 45.827, +37.165, +45.827, HR: +45.827, +35.433, +42.362 Max HL-HipX = +45.827 Min FL-Knee = +33.701 
[2025-06-10 19:21:45.955.421] [INFO  ] [Battery] SoC = 73%, Volt = +31.100V, Temp 28 
[2025-06-10 19:21:46.561.175] [INFO  ] [Controller] [Joints] FL: +40.630, +35.433, +33.701 ,FR: +44.094, +35.433, +37.165, HL: 45.827, +37.165, +45.827, HR: +45.827, +35.433, +42.362 Max HL-HipX = +45.827 Min FL-Knee = +33.701 
[2025-06-10 19:21:49.061.169] [INFO  ] [Controller] [Joints] FL: +40.630, +35.433, +33.701 ,FR: +44.094, +35.433, +37.165, HL: 45.827, +37.165, +45.827, HR: +45.827, +35.433, +42.362 Max HL-HipX = +45.827 Min FL-Knee = +33.701 
[2025-06-10 19:21:50.954.184] [INFO  ] [Battery] SoC = 73%, Volt = +31.100V, Temp 28 
[2025-06-10 19:21:51.561.172] [INFO  ] [Controller] [Joints] FL: +40.630, +35.433, +33.701 ,FR: +44.094, +35.433, +37.165, HL: 45.827, +37.165, +45.827, HR: +45.827, +35.433, +42.362 Max HL-HipX = +45.827 Min FL-Knee = +33.701 
[2025-06-10 19:21:54.061.171] [INFO  ] [Controller] [Joints] FL: +40.630, +35.433, +33.701 ,FR: +44.094, +35.433, +37.165, HL: 45.827, +37.165, +45.827, HR: +45.827, +35.433, +42.362 Max HL-HipX = +45.827 Min FL-Knee = +33.701 
[2025-06-10 19:21:55.952.991] [INFO  ] [Battery] SoC = 73%, Volt = +31.100V, Temp 28 
[2025-06-10 19:21:56.561.167] [INFO  ] [Controller] [Joints] FL: +40.630, +35.433, +33.701 ,FR: +44.094, +35.433, +37.165, HL: 45.827, +37.165, +45.827, HR: +45.827, +35.433, +42.362 Max HL-HipX = +45.827 Min FL-Knee = +33.701 
[2025-06-10 19:21:59.061.175] [INFO  ] [Controller] [Joints] FL: +40.630, +35.433, +33.701 ,FR: +44.094, +35.433, +37.165, HL: 45.827, +37.165, +45.827, HR: +45.827, +35.433, +42.362 Max HL-HipX = +45.827 Min FL-Knee = +33.701 
[2025-06-10 19:22:00.951.795] [INFO  ] [Battery] SoC = 73%, Volt = +31.100V, Temp 28 
[2025-06-10 19:22:01.561.172] [INFO  ] [Controller] [Joints] FL: +40.630, +35.433, +33.701 ,FR: +44.094, +35.433, +37.165, HL: 45.827, +37.165, +45.827, HR: +45.827, +35.433, +42.362 Max HL-HipX = +45.827 Min FL-Knee = +33.701 
[2025-06-10 19:22:04.061.170] [INFO  ] [Controller] [Joints] FL: +40.630, +35.433, +33.701 ,FR: +44.094, +35.433, +37.165, HL: 45.827, +37.165, +45.827, HR: +45.827, +35.433, +42.362 Max HL-HipX = +45.827 Min FL-Knee = +33.701 
[2025-06-10 19:22:05.950.752] [INFO  ] [Battery] SoC = 73%, Volt = +31.100V, Temp 28 
[2025-06-10 19:22:06.561.167] [INFO  ] [Controller] [Joints] FL: +40.630, +35.433, +33.701 ,FR: +44.094, +35.433, +37.165, HL: 45.827, +37.165, +45.827, HR: +45.827, +35.433, +42.362 Max HL-HipX = +45.827 Min FL-Knee = +33.701 
[2025-06-10 19:22:09.061.170] [INFO  ] [Controller] [Joints] FL: +40.630, +35.433, +33.701 ,FR: +44.094, +35.433, +37.165, HL: 45.827, +37.165, +45.827, HR: +45.827, +35.433, +42.362 Max HL-HipX = +45.827 Min FL-Knee = +33.701 
[2025-06-10 19:22:10.949.577] [INFO  ] [Battery] SoC = 73%, Volt = +31.100V, Temp 28 
[2025-06-10 19:22:11.561.176] [INFO  ] [Controller] [Joints] FL: +40.630, +35.433, +33.701 ,FR: +44.094, +35.433, +37.165, HL: 45.827, +37.165, +45.827, HR: +45.827, +35.433, +42.362 Max HL-HipX = +45.827 Min FL-Knee = +33.701 
[2025-06-10 19:22:14.061.169] [INFO  ] [Controller] [Joints] FL: +40.630, +35.433, +33.701 ,FR: +44.094, +35.433, +37.165, HL: 45.827, +37.165, +45.827, HR: +45.827, +35.433, +42.362 Max HL-HipX = +45.827 Min FL-Knee = +33.701 
[2025-06-10 19:22:15.948.420] [INFO  ] [Battery] SoC = 73%, Volt = +31.100V, Temp 28 
[2025-06-10 19:22:16.561.167] [INFO  ] [Controller] [Joints] FL: +40.630, +35.433, +33.701 ,FR: +44.094, +35.433, +37.165, HL: 45.827, +37.165, +45.827, HR: +45.827, +35.433, +42.362 Max HL-HipX = +45.827 Min FL-Knee = +33.701 
[2025-06-10 19:22:19.061.189] [INFO  ] [Controller] [Joints] FL: +40.630, +35.433, +33.701 ,FR: +44.094, +35.433, +37.165, HL: 45.827, +37.165, +45.827, HR: +45.827, +35.433, +42.362 Max HL-HipX = +45.827 Min FL-Knee = +33.701 
[2025-06-10 19:22:20.947.195] [INFO  ] [Battery] SoC = 73%, Volt = +31.100V, Temp 28 
[2025-06-10 19:22:21.561.176] [INFO  ] [Controller] [Joints] FL: +40.630, +35.433, +33.701 ,FR: +44.094, +35.433, +37.165, HL: 45.827, +37.165, +45.827, HR: +45.827, +35.433, +42.362 Max HL-HipX = +45.827 Min FL-Knee = +33.701 
[2025-06-10 19:22:24.061.171] [INFO  ] [Controller] [Joints] FL: +40.630, +35.433, +33.701 ,FR: +44.094, +35.433, +37.165, HL: 45.827, +37.165, +45.827, HR: +45.827, +35.433, +42.362 Max HL-HipX = +45.827 Min FL-Knee = +33.701 
[2025-06-10 19:22:25.945.986] [INFO  ] [Battery] SoC = 72%, Volt = +31.100V, Temp 28 
[2025-06-10 19:22:26.561.176] [INFO  ] [Controller] [Joints] FL: +40.630, +35.433, +33.701 ,FR: +44.094, +35.433, +37.165, HL: 45.827, +37.165, +45.827, HR: +47.559, +35.433, +42.362 Max HR-HipX = +47.559 Min FL-Knee = +33.701 
[2025-06-10 19:22:29.061.170] [INFO  ] [Controller] [Joints] FL: +40.630, +35.433, +33.701 ,FR: +44.094, +35.433, +37.165, HL: 45.827, +37.165, +45.827, HR: +47.559, +35.433, +42.362 Max HR-HipX = +47.559 Min FL-Knee = +33.701 
[2025-06-10 19:22:30.944.885] [INFO  ] [Battery] SoC = 72%, Volt = +31.000V, Temp 28 
[2025-06-10 19:22:31.561.173] [INFO  ] [Controller] [Joints] FL: +40.630, +35.433, +33.701 ,FR: +44.094, +35.433, +37.165, HL: 45.827, +37.165, +45.827, HR: +47.559, +35.433, +42.362 Max HR-HipX = +47.559 Min FL-Knee = +33.701 
[2025-06-10 19:22:34.061.178] [INFO  ] [Controller] [Joints] FL: +40.630, +35.433, +33.701 ,FR: +44.094, +35.433, +37.165, HL: 45.827, +37.165, +45.827, HR: +47.559, +35.433, +42.362 Max HR-HipX = +47.559 Min FL-Knee = +33.701 
[2025-06-10 19:22:35.943.753] [INFO  ] [Battery] SoC = 72%, Volt = +31.000V, Temp 28 
[2025-06-10 19:22:36.561.166] [INFO  ] [Controller] [Joints] FL: +40.630, +35.433, +33.701 ,FR: +44.094, +35.433, +37.165, HL: 45.827, +37.165, +45.827, HR: +47.559, +35.433, +42.362 Max HR-HipX = +47.559 Min FL-Knee = +33.701 
[2025-06-10 19:22:39.061.170] [INFO  ] [Controller] [Joints] FL: +40.630, +35.433, +33.701 ,FR: +44.094, +35.433, +37.165, HL: 45.827, +37.165, +45.827, HR: +47.559, +35.433, +42.362 Max HR-HipX = +47.559 Min FL-Knee = +33.701 
[2025-06-10 19:22:40.942.644] [INFO  ] [Battery] SoC = 72%, Volt = +31.000V, Temp 28 
[2025-06-10 19:22:41.561.163] [INFO  ] [Controller] [Joints] FL: +40.630, +35.433, +33.701 ,FR: +44.094, +35.433, +37.165, HL: 45.827, +37.165, +45.827, HR: +47.559, +35.433, +42.362 Max HR-HipX = +47.559 Min FL-Knee = +33.701 
[2025-06-10 19:22:44.061.164] [INFO  ] [Controller] [Joints] FL: +40.630, +35.433, +33.701 ,FR: +44.094, +35.433, +37.165, HL: 45.827, +37.165, +45.827, HR: +47.559, +35.433, +42.362 Max HR-HipX = +47.559 Min FL-Knee = +33.701 
[2025-06-10 19:22:45.941.638] [INFO  ] [Battery] SoC = 72%, Volt = +31.000V, Temp 28 
[2025-06-10 19:22:46.561.173] [INFO  ] [Controller] [Joints] FL: +40.630, +35.433, +33.701 ,FR: +44.094, +35.433, +37.165, HL: 45.827, +37.165, +45.827, HR: +47.559, +35.433, +42.362 Max HR-HipX = +47.559 Min FL-Knee = +33.701 
[2025-06-10 19:22:49.061.173] [INFO  ] [Controller] [Joints] FL: +40.630, +35.433, +33.701 ,FR: +44.094, +35.433, +37.165, HL: 45.827, +37.165, +45.827, HR: +47.559, +35.433, +42.362 Max HR-HipX = +47.559 Min FL-Knee = +33.701 
[2025-06-10 19:22:50.940.657] [INFO  ] [Battery] SoC = 72%, Volt = +31.000V, Temp 28 
[2025-06-10 19:22:51.561.171] [INFO  ] [Controller] [Joints] FL: +40.630, +35.433, +33.701 ,FR: +44.094, +35.433, +37.165, HL: 45.827, +37.165, +45.827, HR: +47.559, +35.433, +42.362 Max HR-HipX = +47.559 Min FL-Knee = +33.701 
[2025-06-10 19:22:54.061.169] [INFO  ] [Controller] [Joints] FL: +40.630, +35.433, +33.701 ,FR: +44.094, +35.433, +37.165, HL: 45.827, +37.165, +45.827, HR: +47.559, +35.433, +42.362 Max HR-HipX = +47.559 Min FL-Knee = +33.701 
[2025-06-10 19:22:55.939.646] [INFO  ] [Battery] SoC = 72%, Volt = +31.000V, Temp 28 
[2025-06-10 19:22:56.561.170] [INFO  ] [Controller] [Joints] FL: +40.630, +35.433, +33.701 ,FR: +44.094, +35.433, +37.165, HL: 45.827, +37.165, +45.827, HR: +47.559, +35.433, +42.362 Max HR-HipX = +47.559 Min FL-Knee = +33.701 
[2025-06-10 19:22:59.061.167] [INFO  ] [Controller] [Joints] FL: +40.630, +35.433, +33.701 ,FR: +44.094, +35.433, +37.165, HL: 45.827, +37.165, +45.827, HR: +47.559, +35.433, +42.362 Max HR-HipX = +47.559 Min FL-Knee = +33.701 
[2025-06-10 19:23:00.938.541] [INFO  ] [Battery] SoC = 72%, Volt = +31.000V, Temp 28 
[2025-06-10 19:23:01.561.166] [INFO  ] [Controller] [Joints] FL: +40.630, +35.433, +33.701 ,FR: +44.094, +35.433, +37.165, HL: 45.827, +37.165, +45.827, HR: +47.559, +35.433, +42.362 Max HR-HipX = +47.559 Min FL-Knee = +33.701 
[2025-06-10 19:23:04.061.170] [INFO  ] [Controller] [Joints] FL: +40.630, +35.433, +33.701 ,FR: +44.094, +35.433, +37.165, HL: 45.827, +37.165, +45.827, HR: +47.559, +35.433, +42.362 Max HR-HipX = +47.559 Min FL-Knee = +33.701 
[2025-06-10 19:23:05.937.463] [INFO  ] [Battery] SoC = 72%, Volt = +31.000V, Temp 28 
[2025-06-10 19:23:06.561.167] [INFO  ] [Controller] [Joints] FL: +40.630, +35.433, +33.701 ,FR: +44.094, +35.433, +37.165, HL: 45.827, +37.165, +45.827, HR: +47.559, +35.433, +42.362 Max HR-HipX = +47.559 Min FL-Knee = +33.701 
[2025-06-10 19:23:09.061.173] [INFO  ] [Controller] [Joints] FL: +40.630, +35.433, +33.701 ,FR: +44.094, +35.433, +37.165, HL: 45.827, +37.165, +45.827, HR: +47.559, +35.433, +42.362 Max HR-HipX = +47.559 Min FL-Knee = +33.701 
[2025-06-10 19:23:10.936.278] [INFO  ] [Battery] SoC = 72%, Volt = +31.000V, Temp 28 
[2025-06-10 19:23:11.561.169] [INFO  ] [Controller] [Joints] FL: +40.630, +35.433, +33.701 ,FR: +44.094, +35.433, +37.165, HL: 45.827, +37.165, +45.827, HR: +47.559, +35.433, +42.362 Max HR-HipX = +47.559 Min FL-Knee = +33.701 
[2025-06-10 19:23:14.061.172] [INFO  ] [Controller] [Joints] FL: +40.630, +35.433, +33.701 ,FR: +44.094, +35.433, +37.165, HL: 45.827, +37.165, +45.827, HR: +47.559, +35.433, +42.362 Max HR-HipX = +47.559 Min FL-Knee = +33.701 
[2025-06-10 19:23:15.935.221] [INFO  ] [Battery] SoC = 72%, Volt = +31.000V, Temp 28 
[2025-06-10 19:23:16.561.172] [INFO  ] [Controller] [Joints] FL: +40.630, +35.433, +33.701 ,FR: +44.094, +35.433, +37.165, HL: 45.827, +37.165, +45.827, HR: +47.559, +35.433, +42.362 Max HR-HipX = +47.559 Min FL-Knee = +33.701 
[2025-06-10 19:23:17.454.461] [ERROR ] [RT-CAN] [Error] can1 0x82 send error count 1
 
[2025-06-10 19:23:17.454.493] [ERROR ] [RT-CAN] [Error] can2 0x82 send error count 2
 
[2025-06-10 19:23:19.061.173] [INFO  ] [Controller] [Joints] FL: +40.630, +35.433, +33.701 ,FR: +44.094, +35.433, +37.165, HL: 45.827, +37.165, +45.827, HR: +47.559, +35.433, +42.362 Max HR-HipX = +47.559 Min FL-Knee = +33.701 
[2025-06-10 19:23:20.934.222] [INFO  ] [Battery] SoC = 72%, Volt = +31.000V, Temp 28 
[2025-06-10 19:23:21.561.171] [INFO  ] [Controller] [Joints] FL: +40.630, +35.433, +33.701 ,FR: +44.094, +35.433, +37.165, HL: 45.827, +37.165, +45.827, HR: +47.559, +35.433, +42.362 Max HR-HipX = +47.559 Min FL-Knee = +33.701 
[2025-06-10 19:23:24.061.177] [INFO  ] [Controller] [Joints] FL: +40.630, +35.433, +33.701 ,FR: +44.094, +35.433, +37.165, HL: 45.827, +37.165, +45.827, HR: +47.559, +35.433, +42.362 Max HR-HipX = +47.559 Min FL-Knee = +33.701 
[2025-06-10 19:23:25.933.345] [INFO  ] [Battery] SoC = 72%, Volt = +31.000V, Temp 28 
[2025-06-10 19:23:26.561.177] [INFO  ] [Controller] [Joints] FL: +40.630, +35.433, +33.701 ,FR: +44.094, +35.433, +37.165, HL: 45.827, +37.165, +45.827, HR: +47.559, +35.433, +42.362 Max HR-HipX = +47.559 Min FL-Knee = +33.701 
[2025-06-10 19:23:29.061.174] [INFO  ] [Controller] [Joints] FL: +40.630, +35.433, +33.701 ,FR: +44.094, +35.433, +37.165, HL: 45.827, +37.165, +45.827, HR: +47.559, +35.433, +42.362 Max HR-HipX = +47.559 Min FL-Knee = +33.701 
[2025-06-10 19:23:30.932.342] [INFO  ] [Battery] SoC = 72%, Volt = +31.000V, Temp 28 
[2025-06-10 19:23:31.561.174] [INFO  ] [Controller] [Joints] FL: +40.630, +35.433, +33.701 ,FR: +44.094, +35.433, +37.165, HL: 45.827, +37.165, +45.827, HR: +47.559, +35.433, +42.362 Max HR-HipX = +47.559 Min FL-Knee = +33.701 
[2025-06-10 19:23:34.061.172] [INFO  ] [Controller] [Joints] FL: +40.630, +35.433, +33.701 ,FR: +44.094, +35.433, +37.165, HL: 45.827, +37.165, +45.827, HR: +47.559, +35.433, +42.362 Max HR-HipX = +47.559 Min FL-Knee = +33.701 
[2025-06-10 19:23:35.931.248] [INFO  ] [Battery] SoC = 72%, Volt = +31.000V, Temp 28 
[2025-06-10 19:23:36.561.169] [INFO  ] [Controller] [Joints] FL: +40.630, +35.433, +33.701 ,FR: +44.094, +35.433, +37.165, HL: 45.827, +37.165, +45.827, HR: +47.559, +35.433, +42.362 Max HR-HipX = +47.559 Min FL-Knee = +33.701 
[2025-06-10 19:23:39.061.168] [INFO  ] [Controller] [Joints] FL: +40.630, +35.433, +33.701 ,FR: +44.094, +35.433, +37.165, HL: 45.827, +37.165, +45.827, HR: +47.559, +35.433, +42.362 Max HR-HipX = +47.559 Min FL-Knee = +33.701 
[2025-06-10 19:23:40.930.079] [INFO  ] [Battery] SoC = 72%, Volt = +31.000V, Temp 28 
[2025-06-10 19:23:41.561.169] [INFO  ] [Controller] [Joints] FL: +40.630, +35.433, +33.701 ,FR: +44.094, +35.433, +37.165, HL: 45.827, +37.165, +45.827, HR: +47.559, +35.433, +42.362 Max HR-HipX = +47.559 Min FL-Knee = +33.701 
[2025-06-10 19:23:44.061.170] [INFO  ] [Controller] [Joints] FL: +40.630, +35.433, +33.701 ,FR: +44.094, +35.433, +37.165, HL: 45.827, +37.165, +45.827, HR: +47.559, +35.433, +42.362 Max HR-HipX = +47.559 Min FL-Knee = +33.701 
[2025-06-10 19:23:45.928.856] [INFO  ] [Battery] SoC = 72%, Volt = +31.000V, Temp 28 
[2025-06-10 19:23:46.561.165] [INFO  ] [Controller] [Joints] FL: +40.630, +35.433, +33.701 ,FR: +44.094, +35.433, +37.165, HL: 45.827, +37.165, +45.827, HR: +47.559, +35.433, +42.362 Max HR-HipX = +47.559 Min FL-Knee = +33.701 
[2025-06-10 19:23:49.061.168] [INFO  ] [Controller] [Joints] FL: +40.630, +35.433, +33.701 ,FR: +44.094, +35.433, +37.165, HL: 45.827, +37.165, +45.827, HR: +47.559, +35.433, +42.362 Max HR-HipX = +47.559 Min FL-Knee = +33.701 
[2025-06-10 19:23:50.927.648] [INFO  ] [Battery] SoC = 72%, Volt = +31.000V, Temp 28 
[2025-06-10 19:23:51.561.169] [INFO  ] [Controller] [Joints] FL: +40.630, +35.433, +33.701 ,FR: +44.094, +35.433, +37.165, HL: 45.827, +37.165, +45.827, HR: +47.559, +35.433, +42.362 Max HR-HipX = +47.559 Min FL-Knee = +33.701 
[2025-06-10 19:23:54.061.174] [INFO  ] [Controller] [Joints] FL: +40.630, +35.433, +33.701 ,FR: +44.094, +35.433, +37.165, HL: 45.827, +37.165, +45.827, HR: +47.559, +35.433, +42.362 Max HR-HipX = +47.559 Min FL-Knee = +33.701 
[2025-06-10 19:23:55.926.391] [INFO  ] [Battery] SoC = 72%, Volt = +31.000V, Temp 28 
[2025-06-10 19:23:56.561.175] [INFO  ] [Controller] [Joints] FL: +40.630, +35.433, +33.701 ,FR: +44.094, +35.433, +37.165, HL: 45.827, +37.165, +45.827, HR: +47.559, +35.433, +42.362 Max HR-HipX = +47.559 Min FL-Knee = +33.701 
[2025-06-10 19:23:59.061.175] [INFO  ] [Controller] [Joints] FL: +40.630, +35.433, +33.701 ,FR: +44.094, +35.433, +37.165, HL: 45.827, +37.165, +45.827, HR: +47.559, +35.433, +42.362 Max HR-HipX = +47.559 Min FL-Knee = +33.701 
[2025-06-10 19:24:00.925.411] [INFO  ] [Battery] SoC = 71%, Volt = +31.000V, Temp 28 
[2025-06-10 19:24:01.561.169] [INFO  ] [Controller] [Joints] FL: +40.630, +35.433, +33.701 ,FR: +44.094, +35.433, +37.165, HL: 45.827, +37.165, +45.827, HR: +47.559, +35.433, +42.362 Max HR-HipX = +47.559 Min FL-Knee = +33.701 
[2025-06-10 19:24:04.061.169] [INFO  ] [Controller] [Joints] FL: +40.630, +35.433, +33.701 ,FR: +44.094, +35.433, +37.165, HL: 45.827, +37.165, +45.827, HR: +47.559, +35.433, +42.362 Max HR-HipX = +47.559 Min FL-Knee = +33.701 
[2025-06-10 19:24:05.924.345] [INFO  ] [Battery] SoC = 71%, Volt = +31.000V, Temp 28 
[2025-06-10 19:24:06.561.171] [INFO  ] [Controller] [Joints] FL: +40.630, +35.433, +33.701 ,FR: +44.094, +35.433, +37.165, HL: 45.827, +37.165, +45.827, HR: +47.559, +35.433, +42.362 Max HR-HipX = +47.559 Min FL-Knee = +33.701 
[2025-06-10 19:24:09.061.164] [INFO  ] [Controller] [Joints] FL: +40.630, +35.433, +33.701 ,FR: +44.094, +35.433, +37.165, HL: 45.827, +37.165, +45.827, HR: +47.559, +35.433, +42.362 Max HR-HipX = +47.559 Min FL-Knee = +33.701 
[2025-06-10 19:24:10.923.337] [INFO  ] [Battery] SoC = 71%, Volt = +31.000V, Temp 28 
[2025-06-10 19:24:11.561.170] [INFO  ] [Controller] [Joints] FL: +40.630, +35.433, +33.701 ,FR: +44.094, +35.433, +37.165, HL: 45.827, +37.165, +45.827, HR: +47.559, +35.433, +42.362 Max HR-HipX = +47.559 Min FL-Knee = +33.701 
[2025-06-10 19:24:14.061.170] [INFO  ] [Controller] [Joints] FL: +40.630, +35.433, +33.701 ,FR: +44.094, +35.433, +37.165, HL: 45.827, +37.165, +45.827, HR: +47.559, +35.433, +42.362 Max HR-HipX = +47.559 Min FL-Knee = +33.701 
[2025-06-10 19:24:15.922.279] [INFO  ] [Battery] SoC = 71%, Volt = +31.000V, Temp 28 
[2025-06-10 19:24:16.561.187] [INFO  ] [Controller] [Joints] FL: +40.630, +35.433, +33.701 ,FR: +44.094, +35.433, +37.165, HL: 45.827, +37.165, +45.827, HR: +47.559, +35.433, +42.362 Max HR-HipX = +47.559 Min FL-Knee = +33.701 
[2025-06-10 19:24:19.061.171] [INFO  ] [Controller] [Joints] FL: +40.630, +35.433, +33.701 ,FR: +44.094, +35.433, +37.165, HL: 45.827, +37.165, +45.827, HR: +47.559, +35.433, +42.362 Max HR-HipX = +47.559 Min FL-Knee = +33.701 
[2025-06-10 19:24:20.921.228] [INFO  ] [Battery] SoC = 71%, Volt = +31.000V, Temp 28 
[2025-06-10 19:24:21.561.173] [INFO  ] [Controller] [Joints] FL: +40.630, +35.433, +33.701 ,FR: +44.094, +35.433, +37.165, HL: 45.827, +37.165, +45.827, HR: +47.559, +35.433, +42.362 Max HR-HipX = +47.559 Min FL-Knee = +33.701 
[2025-06-10 19:24:24.061.178] [INFO  ] [Controller] [Joints] FL: +40.630, +35.433, +33.701 ,FR: +44.094, +35.433, +37.165, HL: 45.827, +37.165, +45.827, HR: +47.559, +35.433, +42.362 Max HR-HipX = +47.559 Min FL-Knee = +33.701 
[2025-06-10 19:24:25.920.127] [INFO  ] [Battery] SoC = 71%, Volt = +31.000V, Temp 28 
[2025-06-10 19:24:26.561.175] [INFO  ] [Controller] [Joints] FL: +40.630, +35.433, +33.701 ,FR: +44.094, +35.433, +37.165, HL: 45.827, +37.165, +45.827, HR: +47.559, +35.433, +42.362 Max HR-HipX = +47.559 Min FL-Knee = +33.701 
[2025-06-10 19:24:29.061.171] [INFO  ] [Controller] [Joints] FL: +40.630, +35.433, +33.701 ,FR: +44.094, +35.433, +37.165, HL: 45.827, +37.165, +45.827, HR: +47.559, +35.433, +42.362 Max HR-HipX = +47.559 Min FL-Knee = +33.701 
[2025-06-10 19:24:30.918.971] [INFO  ] [Battery] SoC = 71%, Volt = +31.000V, Temp 28 
[2025-06-10 19:24:31.561.167] [INFO  ] [Controller] [Joints] FL: +40.630, +35.433, +33.701 ,FR: +44.094, +35.433, +37.165, HL: 45.827, +37.165, +45.827, HR: +47.559, +35.433, +42.362 Max HR-HipX = +47.559 Min FL-Knee = +33.701 
[2025-06-10 19:24:34.061.169] [INFO  ] [Controller] [Joints] FL: +40.630, +35.433, +33.701 ,FR: +44.094, +35.433, +37.165, HL: 45.827, +37.165, +45.827, HR: +47.559, +35.433, +42.362 Max HR-HipX = +47.559 Min FL-Knee = +33.701 
[2025-06-10 19:24:35.917.844] [INFO  ] [Battery] SoC = 71%, Volt = +31.000V, Temp 28 
[2025-06-10 19:24:36.561.164] [INFO  ] [Controller] [Joints] FL: +40.630, +35.433, +33.701 ,FR: +44.094, +35.433, +37.165, HL: 45.827, +37.165, +45.827, HR: +47.559, +35.433, +42.362 Max HR-HipX = +47.559 Min FL-Knee = +33.701 
[2025-06-10 19:24:39.061.173] [INFO  ] [Controller] [Joints] FL: +40.630, +35.433, +33.701 ,FR: +44.094, +35.433, +37.165, HL: 45.827, +37.165, +45.827, HR: +47.559, +35.433, +42.362 Max HR-HipX = +47.559 Min FL-Knee = +33.701 
[2025-06-10 19:24:40.916.546] [INFO  ] [Battery] SoC = 71%, Volt = +31.000V, Temp 28 
[2025-06-10 19:24:41.561.170] [INFO  ] [Controller] [Joints] FL: +40.630, +35.433, +33.701 ,FR: +44.094, +35.433, +37.165, HL: 45.827, +37.165, +45.827, HR: +47.559, +35.433, +42.362 Max HR-HipX = +47.559 Min FL-Knee = +33.701 
[2025-06-10 19:24:44.061.171] [INFO  ] [Controller] [Joints] FL: +40.630, +35.433, +33.701 ,FR: +44.094, +35.433, +37.165, HL: 45.827, +37.165, +45.827, HR: +47.559, +35.433, +42.362 Max HR-HipX = +47.559 Min FL-Knee = +33.701 
[2025-06-10 19:24:45.915.363] [INFO  ] [Battery] SoC = 71%, Volt = +31.000V, Temp 28 
[2025-06-10 19:24:46.561.166] [INFO  ] [Controller] [Joints] FL: +40.630, +35.433, +33.701 ,FR: +44.094, +35.433, +37.165, HL: 45.827, +37.165, +45.827, HR: +47.559, +35.433, +42.362 Max HR-HipX = +47.559 Min FL-Knee = +33.701 
[2025-06-10 19:24:49.061.166] [INFO  ] [Controller] [Joints] FL: +40.630, +35.433, +33.701 ,FR: +44.094, +35.433, +37.165, HL: 45.827, +37.165, +45.827, HR: +47.559, +35.433, +42.362 Max HR-HipX = +47.559 Min FL-Knee = +33.701 
[2025-06-10 19:24:50.914.124] [INFO  ] [Battery] SoC = 71%, Volt = +31.000V, Temp 28 
[2025-06-10 19:24:51.561.170] [INFO  ] [Controller] [Joints] FL: +40.630, +35.433, +33.701 ,FR: +44.094, +35.433, +37.165, HL: 45.827, +37.165, +45.827, HR: +47.559, +35.433, +42.362 Max HR-HipX = +47.559 Min FL-Knee = +33.701 
[2025-06-10 19:24:54.061.168] [INFO  ] [Controller] [Joints] FL: +40.630, +35.433, +33.701 ,FR: +44.094, +35.433, +37.165, HL: 45.827, +37.165, +45.827, HR: +47.559, +35.433, +42.362 Max HR-HipX = +47.559 Min FL-Knee = +33.701 
[2025-06-10 19:24:55.912.980] [INFO  ] [Battery] SoC = 71%, Volt = +31.000V, Temp 28 
[2025-06-10 19:24:56.561.173] [INFO  ] [Controller] [Joints] FL: +40.630, +35.433, +33.701 ,FR: +44.094, +35.433, +37.165, HL: 45.827, +37.165, +45.827, HR: +47.559, +35.433, +42.362 Max HR-HipX = +47.559 Min FL-Knee = +33.701 
[2025-06-10 19:24:59.061.167] [INFO  ] [Controller] [Joints] FL: +40.630, +35.433, +33.701 ,FR: +44.094, +35.433, +37.165, HL: 45.827, +37.165, +45.827, HR: +47.559, +35.433, +42.362 Max HR-HipX = +47.559 Min FL-Knee = +33.701 
[2025-06-10 19:25:00.911.838] [INFO  ] [Battery] SoC = 71%, Volt = +30.900V, Temp 28 
[2025-06-10 19:25:01.561.173] [INFO  ] [Controller] [Joints] FL: +40.630, +35.433, +33.701 ,FR: +44.094, +35.433, +37.165, HL: 45.827, +37.165, +45.827, HR: +47.559, +35.433, +42.362 Max HR-HipX = +47.559 Min FL-Knee = +33.701 
[2025-06-10 19:25:04.061.170] [INFO  ] [Controller] [Joints] FL: +40.630, +35.433, +33.701 ,FR: +44.094, +35.433, +37.165, HL: 45.827, +37.165, +45.827, HR: +47.559, +35.433, +42.362 Max HR-HipX = +47.559 Min FL-Knee = +33.701 
[2025-06-10 19:25:05.910.753] [INFO  ] [Battery] SoC = 71%, Volt = +30.900V, Temp 28 
[2025-06-10 19:25:06.561.171] [INFO  ] [Controller] [Joints] FL: +40.630, +35.433, +33.701 ,FR: +44.094, +35.433, +37.165, HL: 45.827, +37.165, +45.827, HR: +47.559, +35.433, +42.362 Max HR-HipX = +47.559 Min FL-Knee = +33.701 
[2025-06-10 19:25:09.061.174] [INFO  ] [Controller] [Joints] FL: +40.630, +35.433, +33.701 ,FR: +44.094, +35.433, +37.165, HL: 45.827, +37.165, +45.827, HR: +47.559, +37.165, +42.362 Max HR-HipX = +47.559 Min FL-Knee = +33.701 
[2025-06-10 19:25:10.909.580] [INFO  ] [Battery] SoC = 71%, Volt = +30.900V, Temp 28 
[2025-06-10 19:25:11.561.171] [INFO  ] [Controller] [Joints] FL: +40.630, +35.433, +33.701 ,FR: +44.094, +35.433, +37.165, HL: 45.827, +37.165, +45.827, HR: +47.559, +37.165, +42.362 Max HR-HipX = +47.559 Min FL-Knee = +33.701 
[2025-06-10 19:25:14.061.174] [INFO  ] [Controller] [Joints] FL: +40.630, +35.433, +33.701 ,FR: +44.094, +35.433, +37.165, HL: 45.827, +37.165, +45.827, HR: +47.559, +37.165, +42.362 Max HR-HipX = +47.559 Min FL-Knee = +33.701 
[2025-06-10 19:25:15.908.424] [INFO  ] [Battery] SoC = 71%, Volt = +30.900V, Temp 28 
[2025-06-10 19:25:16.561.177] [INFO  ] [Controller] [Joints] FL: +40.630, +35.433, +33.701 ,FR: +44.094, +35.433, +37.165, HL: 45.827, +37.165, +45.827, HR: +47.559, +37.165, +42.362 Max HR-HipX = +47.559 Min FL-Knee = +33.701 
[2025-06-10 19:25:19.061.173] [INFO  ] [Controller] [Joints] FL: +40.630, +35.433, +33.701 ,FR: +44.094, +35.433, +37.165, HL: 45.827, +37.165, +45.827, HR: +47.559, +37.165, +42.362 Max HR-HipX = +47.559 Min FL-Knee = +33.701 
[2025-06-10 19:25:20.907.447] [INFO  ] [Battery] SoC = 71%, Volt = +30.900V, Temp 28 
[2025-06-10 19:25:21.561.171] [INFO  ] [Controller] [Joints] FL: +40.630, +35.433, +33.701 ,FR: +44.094, +35.433, +37.165, HL: 45.827, +37.165, +45.827, HR: +47.559, +35.433, +42.362 Max HR-HipX = +47.559 Min FL-Knee = +33.701 
[2025-06-10 19:25:24.061.174] [INFO  ] [Controller] [Joints] FL: +40.630, +35.433, +33.701 ,FR: +44.094, +35.433, +37.165, HL: 45.827, +37.165, +45.827, HR: +47.559, +35.433, +42.362 Max HR-HipX = +47.559 Min FL-Knee = +33.701 
[2025-06-10 19:25:25.906.420] [INFO  ] [Battery] SoC = 71%, Volt = +30.900V, Temp 28 
[2025-06-10 19:25:26.561.174] [INFO  ] [Controller] [Joints] FL: +40.630, +35.433, +33.701 ,FR: +44.094, +35.433, +37.165, HL: 45.827, +37.165, +45.827, HR: +47.559, +37.165, +42.362 Max HR-HipX = +47.559 Min FL-Knee = +33.701 
[2025-06-10 19:25:29.061.174] [INFO  ] [Controller] [Joints] FL: +40.630, +35.433, +33.701 ,FR: +44.094, +35.433, +37.165, HL: 45.827, +37.165, +45.827, HR: +47.559, +37.165, +42.362 Max HR-HipX = +47.559 Min FL-Knee = +33.701 
[2025-06-10 19:25:30.905.340] [INFO  ] [Battery] SoC = 70%, Volt = +30.900V, Temp 28 
[2025-06-10 19:25:31.561.175] [INFO  ] [Controller] [Joints] FL: +40.630, +35.433, +33.701 ,FR: +44.094, +35.433, +37.165, HL: 45.827, +37.165, +45.827, HR: +47.559, +37.165, +42.362 Max HR-HipX = +47.559 Min FL-Knee = +33.701 
[2025-06-10 19:25:34.061.169] [INFO  ] [Controller] [Joints] FL: +40.630, +35.433, +33.701 ,FR: +44.094, +35.433, +37.165, HL: 45.827, +37.165, +45.827, HR: +47.559, +37.165, +42.362 Max HR-HipX = +47.559 Min FL-Knee = +33.701 
[2025-06-10 19:25:35.904.348] [INFO  ] [Battery] SoC = 70%, Volt = +30.900V, Temp 28 
[2025-06-10 19:25:36.561.169] [INFO  ] [Controller] [Joints] FL: +40.630, +35.433, +33.701 ,FR: +44.094, +35.433, +37.165, HL: 45.827, +37.165, +45.827, HR: +47.559, +37.165, +42.362 Max HR-HipX = +47.559 Min FL-Knee = +33.701 
[2025-06-10 19:25:39.061.168] [INFO  ] [Controller] [Joints] FL: +40.630, +35.433, +33.701 ,FR: +44.094, +35.433, +37.165, HL: 45.827, +37.165, +45.827, HR: +47.559, +37.165, +42.362 Max HR-HipX = +47.559 Min FL-Knee = +33.701 
[2025-06-10 19:25:40.903.316] [INFO  ] [Battery] SoC = 70%, Volt = +30.900V, Temp 28 
[2025-06-10 19:25:41.561.168] [INFO  ] [Controller] [Joints] FL: +40.630, +35.433, +33.701 ,FR: +44.094, +35.433, +37.165, HL: 45.827, +37.165, +45.827, HR: +47.559, +37.165, +42.362 Max HR-HipX = +47.559 Min FL-Knee = +33.701 
[2025-06-10 19:25:44.061.167] [INFO  ] [Controller] [Joints] FL: +40.630, +35.433, +33.701 ,FR: +44.094, +35.433, +37.165, HL: 45.827, +37.165, +45.827, HR: +47.559, +37.165, +42.362 Max HR-HipX = +47.559 Min FL-Knee = +33.701 
[2025-06-10 19:25:45.902.105] [INFO  ] [Battery] SoC = 70%, Volt = +30.900V, Temp 28 
[2025-06-10 19:25:46.561.168] [INFO  ] [Controller] [Joints] FL: +40.630, +35.433, +33.701 ,FR: +44.094, +35.433, +37.165, HL: 45.827, +37.165, +45.827, HR: +47.559, +37.165, +42.362 Max HR-HipX = +47.559 Min FL-Knee = +33.701 
[2025-06-10 19:25:49.061.175] [INFO  ] [Controller] [Joints] FL: +40.630, +35.433, +33.701 ,FR: +44.094, +35.433, +37.165, HL: 45.827, +37.165, +45.827, HR: +47.559, +37.165, +42.362 Max HR-HipX = +47.559 Min FL-Knee = +33.701 
[2025-06-10 19:25:50.900.955] [INFO  ] [Battery] SoC = 70%, Volt = +30.900V, Temp 28 
[2025-06-10 19:25:51.561.171] [INFO  ] [Controller] [Joints] FL: +40.630, +35.433, +33.701 ,FR: +44.094, +35.433, +37.165, HL: 45.827, +37.165, +45.827, HR: +47.559, +37.165, +42.362 Max HR-HipX = +47.559 Min FL-Knee = +33.701 
[2025-06-10 19:25:54.061.168] [INFO  ] [Controller] [Joints] FL: +40.630, +35.433, +33.701 ,FR: +44.094, +35.433, +37.165, HL: 45.827, +37.165, +45.827, HR: +47.559, +37.165, +42.362 Max HR-HipX = +47.559 Min FL-Knee = +33.701 
[2025-06-10 19:25:55.899.896] [INFO  ] [Battery] SoC = 70%, Volt = +30.900V, Temp 28 
[2025-06-10 19:25:56.561.170] [INFO  ] [Controller] [Joints] FL: +40.630, +35.433, +33.701 ,FR: +44.094, +35.433, +37.165, HL: 45.827, +37.165, +45.827, HR: +47.559, +37.165, +42.362 Max HR-HipX = +47.559 Min FL-Knee = +33.701 
[2025-06-10 19:25:59.061.170] [INFO  ] [Controller] [Joints] FL: +40.630, +35.433, +33.701 ,FR: +44.094, +35.433, +37.165, HL: 45.827, +37.165, +45.827, HR: +47.559, +37.165, +42.362 Max HR-HipX = +47.559 Min FL-Knee = +33.701 
[2025-06-10 19:26:00.898.787] [INFO  ] [Battery] SoC = 70%, Volt = +30.900V, Temp 28 
[2025-06-10 19:26:01.561.179] [INFO  ] [Controller] [Joints] FL: +40.630, +35.433, +33.701 ,FR: +44.094, +35.433, +37.165, HL: 45.827, +37.165, +47.559, HR: +47.559, +37.165, +42.362 Max HL-Knee = +47.559 Min FL-Knee = +33.701 
[2025-06-10 19:26:04.061.165] [INFO  ] [Controller] [Joints] FL: +40.630, +35.433, +33.701 ,FR: +44.094, +35.433, +37.165, HL: 45.827, +37.165, +45.827, HR: +47.559, +37.165, +42.362 Max HR-HipX = +47.559 Min FL-Knee = +33.701 
[2025-06-10 19:26:05.897.787] [INFO  ] [Battery] SoC = 70%, Volt = +30.900V, Temp 28 
[2025-06-10 19:26:06.561.172] [INFO  ] [Controller] [Joints] FL: +40.630, +35.433, +33.701 ,FR: +44.094, +35.433, +37.165, HL: 45.827, +37.165, +47.559, HR: +47.559, +37.165, +42.362 Max HL-Knee = +47.559 Min FL-Knee = +33.701 
[2025-06-10 19:26:09.061.170] [INFO  ] [Controller] [Joints] FL: +40.630, +35.433, +33.701 ,FR: +44.094, +35.433, +37.165, HL: 45.827, +37.165, +45.827, HR: +47.559, +37.165, +42.362 Max HR-HipX = +47.559 Min FL-Knee = +33.701 
[2025-06-10 19:26:10.896.548] [INFO  ] [Battery] SoC = 70%, Volt = +30.900V, Temp 28 
[2025-06-10 19:26:11.561.172] [INFO  ] [Controller] [Joints] FL: +40.630, +35.433, +33.701 ,FR: +44.094, +35.433, +37.165, HL: 45.827, +37.165, +47.559, HR: +47.559, +37.165, +42.362 Max HL-Knee = +47.559 Min FL-Knee = +33.701 
[2025-06-10 19:26:14.061.178] [INFO  ] [Controller] [Joints] FL: +40.630, +35.433, +33.701 ,FR: +44.094, +35.433, +37.165, HL: 45.827, +37.165, +45.827, HR: +47.559, +37.165, +42.362 Max HR-HipX = +47.559 Min FL-Knee = +33.701 
[2025-06-10 19:26:15.895.376] [INFO  ] [Battery] SoC = 70%, Volt = +30.900V, Temp 28 
[2025-06-10 19:26:16.561.177] [INFO  ] [Controller] [Joints] FL: +40.630, +35.433, +33.701 ,FR: +44.094, +35.433, +37.165, HL: 45.827, +37.165, +45.827, HR: +47.559, +37.165, +42.362 Max HR-HipX = +47.559 Min FL-Knee = +33.701 
[2025-06-10 19:26:19.061.177] [INFO  ] [Controller] [Joints] FL: +40.630, +35.433, +33.701 ,FR: +44.094, +35.433, +37.165, HL: 45.827, +37.165, +47.559, HR: +47.559, +37.165, +42.362 Max HL-Knee = +47.559 Min FL-Knee = +33.701 
[2025-06-10 19:26:20.894.248] [INFO  ] [Battery] SoC = 70%, Volt = +30.900V, Temp 28 
[2025-06-10 19:26:21.561.168] [INFO  ] [Controller] [Joints] FL: +40.630, +35.433, +33.701 ,FR: +44.094, +35.433, +37.165, HL: 45.827, +37.165, +47.559, HR: +47.559, +37.165, +42.362 Max HL-Knee = +47.559 Min FL-Knee = +33.701 
[2025-06-10 19:26:24.061.167] [INFO  ] [Controller] [Joints] FL: +40.630, +35.433, +33.701 ,FR: +44.094, +35.433, +37.165, HL: 45.827, +37.165, +47.559, HR: +47.559, +37.165, +42.362 Max HL-Knee = +47.559 Min FL-Knee = +33.701 
[2025-06-10 19:26:25.893.124] [INFO  ] [Battery] SoC = 70%, Volt = +30.900V, Temp 28 
[2025-06-10 19:26:26.561.173] [INFO  ] [Controller] [Joints] FL: +40.630, +35.433, +33.701 ,FR: +44.094, +35.433, +37.165, HL: 45.827, +37.165, +47.559, HR: +47.559, +37.165, +42.362 Max HL-Knee = +47.559 Min FL-Knee = +33.701 
[2025-06-10 19:26:29.061.169] [INFO  ] [Controller] [Joints] FL: +40.630, +35.433, +33.701 ,FR: +44.094, +35.433, +37.165, HL: 45.827, +37.165, +47.559, HR: +47.559, +37.165, +42.362 Max HL-Knee = +47.559 Min FL-Knee = +33.701 
[2025-06-10 19:26:30.892.070] [INFO  ] [Battery] SoC = 70%, Volt = +30.900V, Temp 28 
[2025-06-10 19:26:31.561.171] [INFO  ] [Controller] [Joints] FL: +40.630, +35.433, +33.701 ,FR: +44.094, +35.433, +37.165, HL: 45.827, +37.165, +47.559, HR: +47.559, +37.165, +42.362 Max HL-Knee = +47.559 Min FL-Knee = +33.701 
[2025-06-10 19:26:34.061.171] [INFO  ] [Controller] [Joints] FL: +40.630, +35.433, +33.701 ,FR: +44.094, +35.433, +37.165, HL: 45.827, +37.165, +47.559, HR: +47.559, +37.165, +42.362 Max HL-Knee = +47.559 Min FL-Knee = +33.701 
[2025-06-10 19:26:35.890.951] [INFO  ] [Battery] SoC = 70%, Volt = +30.900V, Temp 28 
[2025-06-10 19:26:36.561.170] [INFO  ] [Controller] [Joints] FL: +40.630, +35.433, +33.701 ,FR: +44.094, +35.433, +37.165, HL: 45.827, +37.165, +47.559, HR: +47.559, +37.165, +42.362 Max HL-Knee = +47.559 Min FL-Knee = +33.701 
[2025-06-10 19:26:39.061.171] [INFO  ] [Controller] [Joints] FL: +40.630, +35.433, +33.701 ,FR: +44.094, +35.433, +37.165, HL: 45.827, +37.165, +47.559, HR: +47.559, +37.165, +42.362 Max HL-Knee = +47.559 Min FL-Knee = +33.701 
[2025-06-10 19:26:40.889.887] [INFO  ] [Battery] SoC = 70%, Volt = +30.900V, Temp 28 
[2025-06-10 19:26:41.561.166] [INFO  ] [Controller] [Joints] FL: +40.630, +35.433, +33.701 ,FR: +44.094, +35.433, +37.165, HL: 45.827, +37.165, +47.559, HR: +47.559, +37.165, +42.362 Max HL-Knee = +47.559 Min FL-Knee = +33.701 
[2025-06-10 19:26:44.061.168] [INFO  ] [Controller] [Joints] FL: +40.630, +35.433, +33.701 ,FR: +44.094, +35.433, +37.165, HL: 45.827, +37.165, +47.559, HR: +47.559, +37.165, +42.362 Max HL-Knee = +47.559 Min FL-Knee = +33.701 
[2025-06-10 19:26:45.888.878] [INFO  ] [Battery] SoC = 70%, Volt = +30.900V, Temp 28 
[2025-06-10 19:26:46.561.172] [INFO  ] [Controller] [Joints] FL: +40.630, +35.433, +33.701 ,FR: +44.094, +35.433, +37.165, HL: 45.827, +37.165, +47.559, HR: +47.559, +37.165, +42.362 Max HL-Knee = +47.559 Min FL-Knee = +33.701 
[2025-06-10 19:26:49.061.167] [INFO  ] [Controller] [Joints] FL: +40.630, +35.433, +33.701 ,FR: +44.094, +35.433, +37.165, HL: 45.827, +37.165, +47.559, HR: +47.559, +37.165, +42.362 Max HL-Knee = +47.559 Min FL-Knee = +33.701 
[2025-06-10 19:26:50.887.727] [INFO  ] [Battery] SoC = 70%, Volt = +30.900V, Temp 28 
[2025-06-10 19:26:51.561.172] [INFO  ] [Controller] [Joints] FL: +40.630, +35.433, +33.701 ,FR: +44.094, +35.433, +37.165, HL: 45.827, +37.165, +47.559, HR: +47.559, +37.165, +42.362 Max HL-Knee = +47.559 Min FL-Knee = +33.701 
[2025-06-10 19:26:54.061.170] [INFO  ] [Controller] [Joints] FL: +40.630, +35.433, +33.701 ,FR: +44.094, +35.433, +37.165, HL: 45.827, +37.165, +47.559, HR: +47.559, +37.165, +42.362 Max HL-Knee = +47.559 Min FL-Knee = +33.701 
[2025-06-10 19:26:55.886.711] [INFO  ] [Battery] SoC = 70%, Volt = +30.900V, Temp 28 
[2025-06-10 19:26:56.561.170] [INFO  ] [Controller] [Joints] FL: +40.630, +35.433, +33.701 ,FR: +44.094, +35.433, +37.165, HL: 45.827, +37.165, +47.559, HR: +47.559, +37.165, +42.362 Max HL-Knee = +47.559 Min FL-Knee = +33.701 
[2025-06-10 19:26:59.061.167] [INFO  ] [Controller] [Joints] FL: +40.630, +35.433, +33.701 ,FR: +44.094, +35.433, +37.165, HL: 45.827, +37.165, +47.559, HR: +47.559, +37.165, +42.362 Max HL-Knee = +47.559 Min FL-Knee = +33.701 
[2025-06-10 19:27:00.885.680] [INFO  ] [Battery] SoC = 70%, Volt = +30.900V, Temp 28 
[2025-06-10 19:27:01.561.172] [INFO  ] [Controller] [Joints] FL: +40.630, +35.433, +33.701 ,FR: +44.094, +35.433, +37.165, HL: 45.827, +37.165, +47.559, HR: +47.559, +37.165, +42.362 Max HL-Knee = +47.559 Min FL-Knee = +33.701 
[2025-06-10 19:27:02.451.186] [INFO  ] [TVMPC] JY is Moving... (tvmpc),  time: 2744.226112 
[2025-06-10 19:27:04.061.168] [INFO  ] [Controller] [Joints] FL: +40.630, +35.433, +33.701 ,FR: +44.094, +35.433, +37.165, HL: 45.827, +37.165, +47.559, HR: +47.559, +37.165, +42.362 Max HL-Knee = +47.559 Min FL-Knee = +33.701 
[2025-06-10 19:27:05.884.500] [INFO  ] [Battery] SoC = 69%, Volt = +30.700V, Temp 28 
[2025-06-10 19:27:06.561.162] [INFO  ] [Controller] [Joints] FL: +42.362, +35.433, +33.701 ,FR: +44.094, +35.433, +37.165, HL: 45.827, +37.165, +47.559, HR: +47.559, +37.165, +44.094 Max HL-Knee = +47.559 Min FL-Knee = +33.701 
                                                                                                                                                                                                                                                                                                                                                                                                                                                                                                                                                                                                                                                                                                     