[2025-06-11 10:30:21.086.586] [INFO  ] [Deeprcs] Robot ID: JY-S5-200 
[2025-06-11 10:30:21.086.623] [INFO  ] [Deeprcs] Robot Version: standard 
[2025-06-11 10:30:21.086.625] [INFO  ] [Deeprcs] DeepRCS is working 
[2025-06-11 10:30:21.086.627] [INFO  ] [Deeprcs] Deeprcs Version: 2.0.153(153) 
[2025-06-11 10:30:21.086.629] [INFO  ] [Deeprcs] DeepROS Version: 0.2.24(39) 
[2025-06-11 10:30:21.086.631] [INFO  ] [Deeprcs] DeepRAS Version: 4.1.7(166) 
[2025-06-11 10:30:21.144.691] [INFO  ] [Motor] Hello, CAN Send 
[2025-06-11 10:30:21.144.733] [INFO  ] [RT-CAN] Hello, CAN Receive 
[2025-06-11 10:30:21.144.915] [INFO  ] [CPU] Hello, CPU Monitor 
[2025-06-11 10:30:21.144.955] [INFO  ] [MpvVoice] Hello, MpvVoice 
[2025-06-11 10:30:21.144.986] [INFO  ] [UltrasonicSensor] Hello, Ultrasonic sensor 
[2025-06-11 10:30:21.145.029] [INFO  ] [Controller] Hello, MPC Controller 
[2025-06-11 10:30:21.145.068] [INFO  ] [Battery] Hello, Battery BMS 
[2025-06-11 10:30:21.148.593] [INFO  ] [RT-CAN] Set motor timeout threshold = 200 ms
 
[2025-06-11 10:30:22.145.084] [INFO  ] [Deeprcs] Algorithm is start 
[2025-06-11 10:30:22.151.545] [INFO  ] [Controller] !!!Origin_jumplong_left_bias = +0.000 
[2025-06-11 10:30:22.151.607] [INFO  ] [basicmethod] 
******** Enable Status ********
Flip: 1
BackFlip: 1
SideFlip: 1
Greeting: 1
Jump: 1
Dance: 1
TurnOver: 1
******** Enable Status ********
 
[2025-06-11 10:30:22.151.627] [INFO  ] [basicmethod] 
******** Motion Config Setting ********
Forward Vel Offset: 0.000000
Side Vel Offset: 0.000000
is_Default_LIDAR: 0.000000
Load Mass: 0.000000
Load X Offset: 0.000000
Load Y Offset: 0.000000
Load Z Offset: 60.000000
Robot Backflip Hip Kp: 70.000000
Robot Backflip Knee Kp: 70.000000
Robot Sideflip Abed Kp: 70.000000
Robot Sideflip Hip Kp: 70.000000
Robot Sideflip Knee Kp: 60.000000
backflip_fl_knee_kp: 40.000000
kp_carpet_comp: 1.000000
backflip_hl_hip_kp_comp: 1.000000
backflip_hr_hip_kp_comp: 1.000000
frontflip_Rev_comp: 0.000000
jumplong_Rev_comp: 0.000000
jumplong_left_bias: 0.700000
policy_forward_kd: 0.900000
policy_backward_kd: 1.200000
policy_stand_kd: 0.000000
******** Motion Config Setting ********
 
[2025-06-11 10:30:22.434.075] [INFO  ] [common policy] common policy CZ network check success 
[2025-06-11 10:30:22.434.176] [INFO  ] [common policy] 
name : common policy
path : ../policy/policy_waq_v7.11-5history-----.pt
dim  : 45, 5, 270, 12
dof  : 0.100000, -0.715000, 1.430000,
       -0.100000, -0.715000, 1.430000,
       0.100000, -0.715000, 1.430000,
       -0.100000, -0.715000, 1.430000,
kp   : 30.000000, 30.000000, 30.000000,
       30.000000, 30.000000, 30.000000,
       30.000000, 30.000000, 30.000000,
       30.000000, 30.000000, 30.000000,
kd   : 0.800000, 0.800000, 0.800000,
       0.800000, 0.800000, 0.800000,
       0.800000, 0.800000, 0.800000,
       0.800000, 0.800000, 0.800000,
limit: 20.000000, 20.000000, 30.000000,
       20.000000, 20.000000, 30.000000,
       20.000000, 20.000000, 30.000000,
       20.000000, 20.000000, 30.000000,
max_v: 1.200000, 0.800000, 1.500000,
scale: 0.250000, 0.250000, 0.050000,
       2.000000, 2.000000, 0.280000, 
[2025-06-11 10:30:22.486.620] [INFO  ] [forward student policy] net_path: ../config/policy/ 
[2025-06-11 10:30:22.486.730] [INFO  ] [forward student policy] stand_lpf: 0.770000 
[2025-06-11 10:30:22.486.771] [INFO  ] [forward student policy] forward_init_lpf: 0.790000 
[2025-06-11 10:30:22.486.786] [INFO  ] [forward student policy] forward_init_v: 0.600000 
[2025-06-11 10:30:22.486.810] [INFO  ] [forward student policy] forward_end_lpf: 0.766667 
[2025-06-11 10:30:22.486.821] [INFO  ] [forward student policy] forward_end_v: 2.500000 
[2025-06-11 10:30:22.486.833] [INFO  ] [forward student policy] jump_lpf: 0.766667 
[2025-06-11 10:30:22.486.843] [INFO  ] [forward student policy] flip_lpf: 0.766667 
[2025-06-11 10:30:22.486.850] [INFO  ] [forward student policy] uncertain: 0.000000 
[2025-06-11 10:30:22.486.861] [INFO  ] [forward student policy] v_acc: 0.075000 
[2025-06-11 10:30:22.486.867] [INFO  ] [forward student policy] w_acc: 0.200000 
[2025-06-11 10:30:22.486.882] [INFO  ] [forward student policy] stand_switch_time: 0.000000 
[2025-06-11 10:30:22.486.893] [INFO  ] [forward student policy] reflect_freq: 0.000000 
[2025-06-11 10:30:22.486.901] [INFO  ] [forward student policy] base_w_co: 0.800000 
[2025-06-11 10:30:22.486.938] [INFO  ] [forward student policy] max_y_range: 0.250000 
[2025-06-11 10:30:22.486.947] [INFO  ] [forward student policy] stand_max_y_range: 0.400000 
[2025-06-11 10:30:22.486.954] [INFO  ] [forward student policy] max_x_range: 0.150000 
[2025-06-11 10:30:22.486.959] [INFO  ] [forward student policy] target_power: 0.900000 
[2025-06-11 10:30:22.486.965] [INFO  ] [forward student policy] target_air_time: 0.900000 
[2025-06-11 10:30:22.486.972] [INFO  ] [forward student policy] forward_limit: 2.000000 
[2025-06-11 10:30:22.486.991] [INFO  ] [forward student policy] horizon_limit: 1.000000 
[2025-06-11 10:30:22.487.002] [INFO  ] [forward student policy] jump_max_v: 1.400000 
[2025-06-11 10:30:22.487.013] [INFO  ] [forward student policy] jump_max_w: 1.900000 
[2025-06-11 10:30:22.487.038] [INFO  ] [forward student policy] max_jump_time: 0.000000 
[2025-06-11 10:30:22.487.068] [INFO  ] [forward student policy] max_flip_time: 0.000000 
[2025-06-11 10:30:22.487.084] [INFO  ] [forward student policy] log_path: ../logs/ 
[2025-06-11 10:30:22.487.094] [INFO  ] [forward student policy] dataPath: ../config/data/ 
[2025-06-11 10:30:22.487.144] [INFO  ] [forward student policy] forward_joint_d_gain[0] = 0.600000  
[2025-06-11 10:30:22.487.147] [INFO  ] [forward student policy] forward_joint_d_gain[1] = 0.600000  
[2025-06-11 10:30:22.487.148] [INFO  ] [forward student policy] forward_joint_d_gain[2] = 0.600000  
[2025-06-11 10:30:22.487.172] [INFO  ] [forward student policy] maxVelCmd[0] = 3.400000 
[2025-06-11 10:30:22.487.175] [INFO  ] [forward student policy] maxVelCmd[1] = 1.600000 
[2025-06-11 10:30:22.487.177] [INFO  ] [forward student policy] maxVelCmd[2] = 4.500000 
[2025-06-11 10:30:22.487.188] [INFO  ] [forward student policy] height_range[0] = 0.280000 
[2025-06-11 10:30:22.487.199] [INFO  ] [forward student policy] height_range[1] = 0.360000 
[2025-06-11 10:30:22.561.786] [INFO  ] [forward student policy] forward student policy LSC network check success 
[2025-06-11 10:30:22.562.233] [INFO  ] [forward student policy] 
name : forward student policy
path : ../policy/forward_policy.pt
dim  : 45, 56, 2565, 12
dof  : 0.100000, -0.900000, 1.430000,
       -0.100000, -0.900000, 1.430000,
       0.100000, -0.900000, 1.430000,
       -0.100000, -0.900000, 1.430000,
kp   : 25.000000, 25.000000, 25.000000,
       25.000000, 25.000000, 25.000000,
       25.000000, 25.000000, 25.000000,
       25.000000, 25.000000, 25.000000,
kd   : 0.600000, 0.600000, 0.600000,
       0.600000, 0.600000, 0.600000,
       0.600000, 0.600000, 0.600000,
       0.600000, 0.600000, 0.600000,
limit: 50.000000, 50.000000, 50.000000,
       50.000000, 50.000000, 50.000000,
       50.000000, 50.000000, 50.000000,
       50.000000, 50.000000, 50.000000,
max_v: 2.500000, 2.500000, 2.000000,
scale: 0.250000, 0.250000, 0.000000,
       0.000000, 0.000000, 0.000000, 
[2025-06-11 10:30:22.604.972] [INFO  ] [jump student policy] net_path: ../config/policy/ 
[2025-06-11 10:30:22.605.030] [INFO  ] [jump student policy] stand_lpf: 0.770000 
[2025-06-11 10:30:22.605.050] [INFO  ] [jump student policy] forward_init_lpf: 0.790000 
[2025-06-11 10:30:22.605.058] [INFO  ] [jump student policy] forward_init_v: 0.600000 
[2025-06-11 10:30:22.605.072] [INFO  ] [jump student policy] forward_end_lpf: 0.766667 
[2025-06-11 10:30:22.605.082] [INFO  ] [jump student policy] forward_end_v: 2.500000 
[2025-06-11 10:30:22.605.091] [INFO  ] [jump student policy] jump_lpf: 0.766667 
[2025-06-11 10:30:22.605.100] [INFO  ] [jump student policy] flip_lpf: 0.766667 
[2025-06-11 10:30:22.605.107] [INFO  ] [jump student policy] uncertain: 0.000000 
[2025-06-11 10:30:22.605.113] [INFO  ] [jump student policy] v_acc: 0.075000 
[2025-06-11 10:30:22.605.117] [INFO  ] [jump student policy] w_acc: 0.200000 
[2025-06-11 10:30:22.605.139] [INFO  ] [jump student policy] stand_switch_time: 0.000000 
[2025-06-11 10:30:22.605.145] [INFO  ] [jump student policy] reflect_freq: 0.000000 
[2025-06-11 10:30:22.605.150] [INFO  ] [jump student policy] base_w_co: 0.800000 
[2025-06-11 10:30:22.605.174] [INFO  ] [jump student policy] max_y_range: 0.250000 
[2025-06-11 10:30:22.605.182] [INFO  ] [jump student policy] stand_max_y_range: 0.400000 
[2025-06-11 10:30:22.605.189] [INFO  ] [jump student policy] max_x_range: 0.150000 
[2025-06-11 10:30:22.605.194] [INFO  ] [jump student policy] target_power: 0.900000 
[2025-06-11 10:30:22.605.198] [INFO  ] [jump student policy] target_air_time: 0.900000 
[2025-06-11 10:30:22.605.205] [INFO  ] [jump student policy] forward_limit: 2.000000 
[2025-06-11 10:30:22.605.211] [INFO  ] [jump student policy] horizon_limit: 1.000000 
[2025-06-11 10:30:22.605.219] [INFO  ] [jump student policy] jump_max_v: 1.400000 
[2025-06-11 10:30:22.605.229] [INFO  ] [jump student policy] jump_max_w: 1.900000 
[2025-06-11 10:30:22.605.252] [INFO  ] [jump student policy] max_jump_time: 0.000000 
[2025-06-11 10:30:22.605.273] [INFO  ] [jump student policy] max_flip_time: 0.000000 
[2025-06-11 10:30:22.605.283] [INFO  ] [jump student policy] log_path: ../logs/ 
[2025-06-11 10:30:22.605.292] [INFO  ] [jump student policy] dataPath: ../config/data/ 
[2025-06-11 10:30:22.605.318] [INFO  ] [jump student policy] forward_joint_d_gain[0] = 0.600000  
[2025-06-11 10:30:22.605.320] [INFO  ] [jump student policy] forward_joint_d_gain[1] = 0.600000  
[2025-06-11 10:30:22.605.322] [INFO  ] [jump student policy] forward_joint_d_gain[2] = 0.600000  
[2025-06-11 10:30:22.605.340] [INFO  ] [jump student policy] maxVelCmd[0] = 3.400000 
[2025-06-11 10:30:22.605.346] [INFO  ] [jump student policy] maxVelCmd[1] = 1.600000 
[2025-06-11 10:30:22.605.348] [INFO  ] [jump student policy] maxVelCmd[2] = 4.500000 
[2025-06-11 10:30:22.605.357] [INFO  ] [jump student policy] height_range[0] = 0.280000 
[2025-06-11 10:30:22.605.359] [INFO  ] [jump student policy] height_range[1] = 0.360000 
[2025-06-11 10:30:22.635.144] [INFO  ] [jump student policy] jump student policy jump network check success 
[2025-06-11 10:30:22.635.583] [INFO  ] [jump student policy] 
name : jump student policy
path : ../policy/jump_policy.pt
dim  : 45, 56, 2565, 12
dof  : 0.100000, -0.900000, 1.430000,
       -0.100000, -0.900000, 1.430000,
       0.100000, -0.900000, 1.430000,
       -0.100000, -0.900000, 1.430000,
kp   : 25.000000, 25.000000, 25.000000,
       25.000000, 25.000000, 25.000000,
       25.000000, 25.000000, 25.000000,
       25.000000, 25.000000, 25.000000,
kd   : 0.600000, 0.600000, 0.600000,
       0.600000, 0.600000, 0.600000,
       0.600000, 0.600000, 0.600000,
       0.600000, 0.600000, 0.600000,
limit: 50.000000, 50.000000, 50.000000,
       50.000000, 50.000000, 50.000000,
       50.000000, 50.000000, 50.000000,
       50.000000, 50.000000, 50.000000,
max_v: 2.500000, 2.500000, 2.000000,
scale: 0.250000, 0.250000, -6030360576.000000,
       0.000000, -6555107328.000000, 0.000000, 
[2025-06-11 10:30:22.679.796] [INFO  ] [flip student policy] net_path: ../config/policy/ 
[2025-06-11 10:30:22.679.864] [INFO  ] [flip student policy] stand_lpf: 0.770000 
[2025-06-11 10:30:22.679.889] [INFO  ] [flip student policy] forward_init_lpf: 0.790000 
[2025-06-11 10:30:22.679.899] [INFO  ] [flip student policy] forward_init_v: 0.600000 
[2025-06-11 10:30:22.679.909] [INFO  ] [flip student policy] forward_end_lpf: 0.766667 
[2025-06-11 10:30:22.679.920] [INFO  ] [flip student policy] forward_end_v: 2.500000 
[2025-06-11 10:30:22.679.931] [INFO  ] [flip student policy] jump_lpf: 0.766667 
[2025-06-11 10:30:22.679.945] [INFO  ] [flip student policy] flip_lpf: 0.766667 
[2025-06-11 10:30:22.679.953] [INFO  ] [flip student policy] uncertain: 0.000000 
[2025-06-11 10:30:22.679.961] [INFO  ] [flip student policy] v_acc: 0.075000 
[2025-06-11 10:30:22.679.968] [INFO  ] [flip student policy] w_acc: 0.200000 
[2025-06-11 10:30:22.679.995] [INFO  ] [flip student policy] stand_switch_time: 0.000000 
[2025-06-11 10:30:22.680.007] [INFO  ] [flip student policy] reflect_freq: 0.000000 
[2025-06-11 10:30:22.680.014] [INFO  ] [flip student policy] base_w_co: 0.800000 
[2025-06-11 10:30:22.680.040] [INFO  ] [flip student policy] max_y_range: 0.250000 
[2025-06-11 10:30:22.680.051] [INFO  ] [flip student policy] stand_max_y_range: 0.400000 
[2025-06-11 10:30:22.680.080] [INFO  ] [flip student policy] max_x_range: 0.150000 
[2025-06-11 10:30:22.680.086] [INFO  ] [flip student policy] target_power: 0.900000 
[2025-06-11 10:30:22.680.092] [INFO  ] [flip student policy] target_air_time: 0.900000 
[2025-06-11 10:30:22.680.100] [INFO  ] [flip student policy] forward_limit: 2.000000 
[2025-06-11 10:30:22.680.108] [INFO  ] [flip student policy] horizon_limit: 1.000000 
[2025-06-11 10:30:22.680.117] [INFO  ] [flip student policy] jump_max_v: 1.400000 
[2025-06-11 10:30:22.680.126] [INFO  ] [flip student policy] jump_max_w: 1.900000 
[2025-06-11 10:30:22.680.152] [INFO  ] [flip student policy] max_jump_time: 0.000000 
[2025-06-11 10:30:22.680.162] [INFO  ] [flip student policy] max_flip_time: 0.000000 
[2025-06-11 10:30:22.680.172] [INFO  ] [flip student policy] log_path: ../logs/ 
[2025-06-11 10:30:22.680.183] [INFO  ] [flip student policy] dataPath: ../config/data/ 
[2025-06-11 10:30:22.680.210] [INFO  ] [flip student policy] forward_joint_d_gain[0] = 0.600000  
[2025-06-11 10:30:22.680.213] [INFO  ] [flip student policy] forward_joint_d_gain[1] = 0.600000  
[2025-06-11 10:30:22.680.230] [INFO  ] [flip student policy] forward_joint_d_gain[2] = 0.600000  
[2025-06-11 10:30:22.680.251] [INFO  ] [flip student policy] maxVelCmd[0] = 3.400000 
[2025-06-11 10:30:22.680.255] [INFO  ] [flip student policy] maxVelCmd[1] = 1.600000 
[2025-06-11 10:30:22.680.256] [INFO  ] [flip student policy] maxVelCmd[2] = 4.500000 
[2025-06-11 10:30:22.680.267] [INFO  ] [flip student policy] height_range[0] = 0.280000 
[2025-06-11 10:30:22.680.269] [INFO  ] [flip student policy] height_range[1] = 0.360000 
[2025-06-11 10:30:22.711.907] [INFO  ] [flip student policy] flip student policy flip network check success 
[2025-06-11 10:30:22.712.393] [INFO  ] [flip student policy] 
name : flip student policy
path : ../policy/flip_policy.pt
dim  : 45, 56, 2565, 12
dof  : 0.100000, -0.900000, 1.430000,
       -0.100000, -0.900000, 1.430000,
       0.100000, -0.900000, 1.430000,
       -0.100000, -0.900000, 1.430000,
kp   : 25.000000, 25.000000, 25.000000,
       25.000000, 25.000000, 25.000000,
       25.000000, 25.000000, 25.000000,
       25.000000, 25.000000, 25.000000,
kd   : 0.600000, 0.600000, 0.600000,
       0.600000, 0.600000, 0.600000,
       0.600000, 0.600000, 0.600000,
       0.600000, 0.600000, 0.600000,
limit: 50.000000, 50.000000, 50.000000,
       50.000000, 50.000000, 50.000000,
       50.000000, 50.000000, 50.000000,
       50.000000, 50.000000, 50.000000,
max_v: 2.500000, 2.500000, 2.000000,
scale: 0.250000, 0.250000, -5981945856.000000,
       0.000000, -6350962688.000000, 0.000000, 
[2025-06-11 10:30:22.757.234] [INFO  ] [stand student policy] net_path: ../config/policy/ 
[2025-06-11 10:30:22.757.291] [INFO  ] [stand student policy] stand_lpf: 0.770000 
[2025-06-11 10:30:22.757.324] [INFO  ] [stand student policy] forward_init_lpf: 0.790000 
[2025-06-11 10:30:22.757.332] [INFO  ] [stand student policy] forward_init_v: 0.600000 
[2025-06-11 10:30:22.757.345] [INFO  ] [stand student policy] forward_end_lpf: 0.766667 
[2025-06-11 10:30:22.757.358] [INFO  ] [stand student policy] forward_end_v: 2.500000 
[2025-06-11 10:30:22.757.368] [INFO  ] [stand student policy] jump_lpf: 0.766667 
[2025-06-11 10:30:22.757.377] [INFO  ] [stand student policy] flip_lpf: 0.766667 
[2025-06-11 10:30:22.757.383] [INFO  ] [stand student policy] uncertain: 0.000000 
[2025-06-11 10:30:22.757.390] [INFO  ] [stand student policy] v_acc: 0.075000 
[2025-06-11 10:30:22.757.395] [INFO  ] [stand student policy] w_acc: 0.200000 
[2025-06-11 10:30:22.757.404] [INFO  ] [stand student policy] stand_switch_time: 0.000000 
[2025-06-11 10:30:22.757.411] [INFO  ] [stand student policy] reflect_freq: 0.000000 
[2025-06-11 10:30:22.757.416] [INFO  ] [stand student policy] base_w_co: 0.800000 
[2025-06-11 10:30:22.757.440] [INFO  ] [stand student policy] max_y_range: 0.250000 
[2025-06-11 10:30:22.757.448] [INFO  ] [stand student policy] stand_max_y_range: 0.400000 
[2025-06-11 10:30:22.757.454] [INFO  ] [stand student policy] max_x_range: 0.150000 
[2025-06-11 10:30:22.757.463] [INFO  ] [stand student policy] target_power: 0.900000 
[2025-06-11 10:30:22.757.467] [INFO  ] [stand student policy] target_air_time: 0.900000 
[2025-06-11 10:30:22.757.477] [INFO  ] [stand student policy] forward_limit: 2.000000 
[2025-06-11 10:30:22.757.487] [INFO  ] [stand student policy] horizon_limit: 1.000000 
[2025-06-11 10:30:22.757.495] [INFO  ] [stand student policy] jump_max_v: 1.400000 
[2025-06-11 10:30:22.757.503] [INFO  ] [stand student policy] jump_max_w: 1.900000 
[2025-06-11 10:30:22.757.526] [INFO  ] [stand student policy] max_jump_time: 0.000000 
[2025-06-11 10:30:22.757.534] [INFO  ] [stand student policy] max_flip_time: 0.000000 
[2025-06-11 10:30:22.757.544] [INFO  ] [stand student policy] log_path: ../logs/ 
[2025-06-11 10:30:22.757.558] [INFO  ] [stand student policy] dataPath: ../config/data/ 
[2025-06-11 10:30:22.757.581] [INFO  ] [stand student policy] forward_joint_d_gain[0] = 0.600000  
[2025-06-11 10:30:22.757.583] [INFO  ] [stand student policy] forward_joint_d_gain[1] = 0.600000  
[2025-06-11 10:30:22.757.585] [INFO  ] [stand student policy] forward_joint_d_gain[2] = 0.600000  
[2025-06-11 10:30:22.757.603] [INFO  ] [stand student policy] maxVelCmd[0] = 3.400000 
[2025-06-11 10:30:22.757.604] [INFO  ] [stand student policy] maxVelCmd[1] = 1.600000 
[2025-06-11 10:30:22.757.606] [INFO  ] [stand student policy] maxVelCmd[2] = 4.500000 
[2025-06-11 10:30:22.757.614] [INFO  ] [stand student policy] height_range[0] = 0.280000 
[2025-06-11 10:30:22.757.616] [INFO  ] [stand student policy] height_range[1] = 0.360000 
[2025-06-11 10:30:22.816.165] [INFO  ] [stand student policy] stand student policy LSC network check success 
[2025-06-11 10:30:22.816.657] [INFO  ] [stand student policy] 
name : stand student policy
path : ../policy/stand_policy.pt
dim  : 45, 56, 2565, 12
dof  : 0.100000, -0.900000, 1.430000,
       -0.100000, -0.900000, 1.430000,
       0.100000, -0.900000, 1.430000,
       -0.100000, -0.900000, 1.430000,
kp   : 25.000000, 25.000000, 25.000000,
       25.000000, 25.000000, 25.000000,
       25.000000, 25.000000, 25.000000,
       25.000000, 25.000000, 25.000000,
kd   : 0.600000, 0.600000, 0.600000,
       0.600000, 0.600000, 0.600000,
       0.600000, 0.600000, 0.600000,
       0.600000, 0.600000, 0.600000,
limit: 50.000000, 50.000000, 50.000000,
       50.000000, 50.000000, 50.000000,
       50.000000, 50.000000, 50.000000,
       50.000000, 50.000000, 50.000000,
max_v: 2.500000, 2.500000, 2.000000,
scale: 0.250000, 0.250000, -9927835648.000000,
       0.000000, -11434803200.000000, 0.000000, 
[2025-06-11 10:30:22.865.136] [INFO  ] [handstand policy] net_path: ../config/policy/ 
[2025-06-11 10:30:22.865.201] [INFO  ] [handstand policy] lpf_HStand: 0.800000 
[2025-06-11 10:30:22.865.253] [INFO  ] [handstand policy] uncertain: 0.000000 
[2025-06-11 10:30:22.865.260] [INFO  ] [handstand policy] v_acc: 0.100000 
[2025-06-11 10:30:22.865.293] [INFO  ] [handstand policy] bipedal_base_w_co: 1.000000 
[2025-06-11 10:30:22.865.311] [INFO  ] [handstand policy] max_y_range: 0.250000 
[2025-06-11 10:30:22.865.321] [INFO  ] [handstand policy] max_x_range: 0.150000 
[2025-06-11 10:30:22.865.329] [INFO  ] [handstand policy] target_power: 0.900000 
[2025-06-11 10:30:22.865.334] [INFO  ] [handstand policy] target_air_time: 0.900000 
[2025-06-11 10:30:22.865.338] [INFO  ] [handstand policy] forward_limit: 0.500000 
[2025-06-11 10:30:22.865.342] [INFO  ] [handstand policy] horizon_limit: 0.000000 
[2025-06-11 10:30:22.865.368] [INFO  ] [handstand policy] bipedal_max_v: 1.200000 
[2025-06-11 10:30:22.865.375] [INFO  ] [handstand policy] bipedal_max_w: 1.500000 
[2025-06-11 10:30:22.865.392] [INFO  ] [handstand policy] log_path: ../logs/ 
[2025-06-11 10:30:22.865.400] [INFO  ] [handstand policy] dataPath: ../config/data/ 
[2025-06-11 10:30:22.865.431] [INFO  ] [handstand policy] bipedal_joint_d_gain[0] = 0.800000  
[2025-06-11 10:30:22.865.434] [INFO  ] [handstand policy] bipedal_joint_d_gain[1] = 0.800000  
[2025-06-11 10:30:22.865.436] [INFO  ] [handstand policy] bipedal_joint_d_gain[2] = 0.800000  
[2025-06-11 10:30:22.865.444] [INFO  ] [handstand policy] maxVelCmd[0] = 1.500000 
[2025-06-11 10:30:22.865.446] [INFO  ] [handstand policy] maxVelCmd[1] = 0.100000 
[2025-06-11 10:30:22.865.449] [INFO  ] [handstand policy] maxVelCmd[2] = 0.500000 
[2025-06-11 10:30:22.865.463] [INFO  ] [handstand policy] bipedal_height_range[0] = 0.490000 
[2025-06-11 10:30:22.865.465] [INFO  ] [handstand policy] bipedal_height_range[1] = 0.491000 
[2025-06-11 10:30:22.895.195] [INFO  ] [handstand policy] handstand policy HStand network check success 
[2025-06-11 10:30:22.895.612] [INFO  ] [handstand policy] 
name : handstand policy
path : ../policy/bipedal_policy.pt
dim  : 45, 56, 2565, 12
dof  : 0.100000, -0.900000, 1.430000,
       -0.100000, -0.900000, 1.430000,
       0.100000, -0.900000, 1.430000,
       -0.100000, -0.900000, 1.430000,
kp   : 25.000000, 25.000000, 25.000000,
       25.000000, 25.000000, 25.000000,
       25.000000, 25.000000, 25.000000,
       25.000000, 25.000000, 25.000000,
kd   : 0.800000, 0.800000, 0.800000,
       0.800000, 0.800000, 0.800000,
       0.800000, 0.800000, 0.800000,
       0.800000, 0.800000, 0.800000,
limit: 50.000000, 50.000000, 50.000000,
       50.000000, 50.000000, 50.000000,
       50.000000, 50.000000, 50.000000,
       50.000000, 50.000000, 50.000000,
max_v: 2.500000, 2.500000, 2.000000,
scale: 0.250000, 0.250000, -10989158400.000000,
       0.000000, -14363705344.000000, 0.000000, 
[2025-06-11 10:30:22.932.609] [INFO  ] [handstandswing policy] net_path: ../config/policy/ 
[2025-06-11 10:30:22.932.677] [INFO  ] [handstandswing policy] lpf_HStand: 0.800000 
[2025-06-11 10:30:22.932.724] [INFO  ] [handstandswing policy] uncertain: 0.000000 
[2025-06-11 10:30:22.932.732] [INFO  ] [handstandswing policy] v_acc: 0.100000 
[2025-06-11 10:30:22.932.766] [INFO  ] [handstandswing policy] bipedal_base_w_co: 1.000000 
[2025-06-11 10:30:22.932.778] [INFO  ] [handstandswing policy] max_y_range: 0.250000 
[2025-06-11 10:30:22.932.788] [INFO  ] [handstandswing policy] max_x_range: 0.150000 
[2025-06-11 10:30:22.932.796] [INFO  ] [handstandswing policy] target_power: 0.900000 
[2025-06-11 10:30:22.932.802] [INFO  ] [handstandswing policy] target_air_time: 0.900000 
[2025-06-11 10:30:22.932.816] [INFO  ] [handstandswing policy] forward_limit: 0.500000 
[2025-06-11 10:30:22.932.821] [INFO  ] [handstandswing policy] horizon_limit: 0.000000 
[2025-06-11 10:30:22.932.837] [INFO  ] [handstandswing policy] bipedal_max_v: 1.200000 
[2025-06-11 10:30:22.932.844] [INFO  ] [handstandswing policy] bipedal_max_w: 1.500000 
[2025-06-11 10:30:22.932.862] [INFO  ] [handstandswing policy] log_path: ../logs/ 
[2025-06-11 10:30:22.932.871] [INFO  ] [handstandswing policy] dataPath: ../config/data/ 
[2025-06-11 10:30:22.932.902] [INFO  ] [handstandswing policy] bipedal_joint_d_gain[0] = 0.800000  
[2025-06-11 10:30:22.932.905] [INFO  ] [handstandswing policy] bipedal_joint_d_gain[1] = 0.800000  
[2025-06-11 10:30:22.932.907] [INFO  ] [handstandswing policy] bipedal_joint_d_gain[2] = 0.800000  
[2025-06-11 10:30:22.932.916] [INFO  ] [handstandswing policy] maxVelCmd[0] = 1.500000 
[2025-06-11 10:30:22.932.920] [INFO  ] [handstandswing policy] maxVelCmd[1] = 0.100000 
[2025-06-11 10:30:22.932.922] [INFO  ] [handstandswing policy] maxVelCmd[2] = 0.500000 
[2025-06-11 10:30:22.932.936] [INFO  ] [handstandswing policy] bipedal_height_range[0] = 0.490000 
[2025-06-11 10:30:22.932.939] [INFO  ] [handstandswing policy] bipedal_height_range[1] = 0.491000 
[2025-06-11 10:30:22.949.738] [INFO  ] [handstandswing policy] handstandswing policy HStandSwing network check success 
[2025-06-11 10:30:22.950.147] [INFO  ] [handstandswing policy] 
name : handstandswing policy
path : ../policy/bipedal_motor_p_command_policy.pt
dim  : 45, 56, 2565, 12
dof  : 0.100000, -0.900000, 1.430000,
       -0.100000, -0.900000, 1.430000,
       0.100000, -0.900000, 1.430000,
       -0.100000, -0.900000, 1.430000,
kp   : 25.000000, 25.000000, 25.000000,
       25.000000, 25.000000, 25.000000,
       25.000000, 25.000000, 25.000000,
       25.000000, 25.000000, 25.000000,
kd   : 0.800000, 0.800000, 0.800000,
       0.800000, 0.800000, 0.800000,
       0.800000, 0.800000, 0.800000,
       0.800000, 0.800000, 0.800000,
limit: 50.000000, 50.000000, 50.000000,
       50.000000, 50.000000, 50.000000,
       50.000000, 50.000000, 50.000000,
       50.000000, 50.000000, 50.000000,
max_v: 2.500000, 2.500000, 2.000000,
scale: 0.250000, 0.250000, -13.061520,
       -44.977272, -40.147224, -9.804644, 
[2025-06-11 10:30:22.950.184] [INFO  ] [NetworkController] policy map contains : 
[2025-06-11 10:30:22.950.187] [INFO  ] [NetworkController] 0 : common policy  
[2025-06-11 10:30:22.950.196] [INFO  ] [NetworkController] 1 : forward student policy  
[2025-06-11 10:30:22.950.198] [INFO  ] [NetworkController] 2 : jump student policy  
[2025-06-11 10:30:22.950.201] [INFO  ] [NetworkController] 3 : flip student policy  
[2025-06-11 10:30:22.950.203] [INFO  ] [NetworkController] 4 : stand student policy  
[2025-06-11 10:30:22.950.205] [INFO  ] [NetworkController] 5 : handstand policy  
[2025-06-11 10:30:22.950.208] [INFO  ] [NetworkController] 6 : handstandswing policy  
[2025-06-11 10:30:22.950.245] [ERROR ] [Controller] IMU data reading is timeout! 
[2025-06-11 10:30:22.950.355] [INFO  ] [BasicMotion] Switching to kWaitForStanding!!! 
[2025-06-11 10:30:22.950.820] [INFO  ] [DeferredRecorder] -------max_cycle = +0.000, count = 0 
[2025-06-11 10:30:22.950.830] [INFO  ] [DeferredRecorder] -------max_cycle = +0.000, count = 0 
[2025-06-11 10:30:22.950.866] [INFO  ] [DeferredRecorder] -------max_cycle = +0.000, count = 1 
[2025-06-11 10:30:22.951.521] [INFO  ] [DeferredRecorder] -------max_cycle = +0.000, count = 2 
[2025-06-11 10:30:22.952.518] [INFO  ] [DeferredRecorder] -------max_cycle = +0.000, count = 3 
[2025-06-11 10:30:22.953.518] [INFO  ] [DeferredRecorder] -------max_cycle = +0.000, count = 4 
[2025-06-11 10:30:23.063.526] [NOTICE] [Controller] IMU data reading has resumed! 
[2025-06-11 10:30:23.728.548] [INFO  ] [Battery] SoC = 100%, Volt = +33.200V, Temp 25 
[2025-06-11 10:30:25.150.609] [WARN  ] [CPU] Cpu temperature -1110967708 cpu  
[2025-06-11 10:30:25.448.559] [INFO  ] [Controller] [Joints] FL: +25.039, +25.039, +25.039 ,FR: +25.039, +25.039, +25.039, HL: 25.039, +25.039, +25.039, HR: +25.039, +25.039, +25.039 Max FL-HipX = +25.039 Min FL-HipX = +25.039 
[2025-06-11 10:30:27.948.556] [INFO  ] [Controller] [Joints] FL: +25.039, +25.039, +25.039 ,FR: +25.039, +25.039, +25.039, HL: 25.039, +25.039, +25.039, HR: +25.039, +25.039, +25.039 Max FL-HipX = +25.039 Min FL-HipX = +25.039 
[2025-06-11 10:30:28.717.960] [INFO  ] [Battery] SoC = 100%, Volt = +33.200V, Temp 25 
[2025-06-11 10:30:30.448.555] [INFO  ] [Controller] [Joints] FL: +25.039, +25.039, +25.039 ,FR: +25.039, +25.039, +25.039, HL: 25.039, +25.039, +25.039, HR: +25.039, +25.039, +25.039 Max FL-HipX = +25.039 Min FL-HipX = +25.039 
[2025-06-11 10:30:32.948.551] [INFO  ] [Controller] [Joints] FL: +25.039, +25.039, +25.039 ,FR: +25.039, +25.039, +25.039, HL: 25.039, +25.039, +25.039, HR: +25.039, +25.039, +25.039 Max FL-HipX = +25.039 Min FL-HipX = +25.039 
[2025-06-11 10:30:33.707.264] [INFO  ] [Battery] SoC = 100%, Volt = +33.100V, Temp 25 
[2025-06-11 10:30:35.448.556] [INFO  ] [Controller] [Joints] FL: +25.039, +25.039, +25.039 ,FR: +25.039, +25.039, +25.039, HL: 25.039, +25.039, +25.039, HR: +25.039, +25.039, +25.039 Max FL-HipX = +25.039 Min FL-HipX = +25.039 
[2025-06-11 10:30:37.948.549] [INFO  ] [Controller] [Joints] FL: +25.039, +25.039, +25.039 ,FR: +25.039, +25.039, +25.039, HL: 25.039, +25.039, +25.039, HR: +25.039, +25.039, +25.039 Max FL-HipX = +25.039 Min FL-HipX = +25.039 
[2025-06-11 10:30:38.696.502] [INFO  ] [Battery] SoC = 100%, Volt = +33.100V, Temp 25 
[2025-06-11 10:30:40.448.552] [INFO  ] [Controller] [Joints] FL: +25.039, +25.039, +25.039 ,FR: +25.039, +25.039, +25.039, HL: 25.039, +25.039, +25.039, HR: +25.039, +25.039, +25.039 Max FL-HipX = +25.039 Min FL-HipX = +25.039 
[2025-06-11 10:30:42.948.552] [INFO  ] [Controller] [Joints] FL: +25.039, +25.039, +25.039 ,FR: +25.039, +25.039, +25.039, HL: 25.039, +25.039, +25.039, HR: +25.039, +25.039, +25.039 Max FL-HipX = +25.039 Min FL-HipX = +25.039 
[2025-06-11 10:30:43.685.551] [INFO  ] [Battery] SoC = 100%, Volt = +33.100V, Temp 25 
[2025-06-11 10:30:45.448.549] [INFO  ] [Controller] [Joints] FL: +25.039, +25.039, +25.039 ,FR: +25.039, +25.039, +25.039, HL: 25.039, +25.039, +25.039, HR: +25.039, +25.039, +25.039 Max FL-HipX = +25.039 Min FL-HipX = +25.039 
[2025-06-11 10:30:47.948.551] [INFO  ] [Controller] [Joints] FL: +25.039, +25.039, +25.039 ,FR: +25.039, +25.039, +25.039, HL: 25.039, +25.039, +25.039, HR: +25.039, +25.039, +25.039 Max FL-HipX = +25.039 Min FL-HipX = +25.039 
[2025-06-11 10:30:48.674.570] [INFO  ] [Battery] SoC = 100%, Volt = +33.100V, Temp 25 
[2025-06-11 10:30:50.448.547] [INFO  ] [Controller] [Joints] FL: +25.039, +25.039, +25.039 ,FR: +25.039, +25.039, +25.039, HL: 25.039, +25.039, +25.039, HR: +25.039, +25.039, +25.039 Max FL-HipX = +25.039 Min FL-HipX = +25.039 
[2025-06-11 10:30:52.948.547] [INFO  ] [Controller] [Joints] FL: +25.039, +25.039, +25.039 ,FR: +25.039, +25.039, +25.039, HL: 25.039, +25.039, +25.039, HR: +25.039, +25.039, +25.039 Max FL-HipX = +25.039 Min FL-HipX = +25.039 
[2025-06-11 10:30:53.663.434] [INFO  ] [Battery] SoC = 100%, Volt = +33.100V, Temp 25 
[2025-06-11 10:30:55.448.552] [INFO  ] [Controller] [Joints] FL: +25.039, +25.039, +25.039 ,FR: +25.039, +25.039, +25.039, HL: 25.039, +25.039, +25.039, HR: +25.039, +25.039, +25.039 Max FL-HipX = +25.039 Min FL-HipX = +25.039 
[2025-06-11 15:16:51.891.928] [INFO  ] [Deeprcs] Robot ID: JY-S5-200 
[2025-06-11 15:16:51.891.989] [INFO  ] [Deeprcs] Robot Version: standard 
[2025-06-11 15:16:51.891.991] [INFO  ] [Deeprcs] DeepRCS is working 
[2025-06-11 15:16:51.891.994] [INFO  ] [Deeprcs] Deeprcs Version: 2.0.153(153) 
[2025-06-11 15:16:51.891.997] [INFO  ] [Deeprcs] DeepROS Version: 0.2.24(39) 
[2025-06-11 15:16:51.892.000] [INFO  ] [Deeprcs] DeepRAS Version: 4.1.7(166) 
[2025-06-11 15:16:52.036.841] [INFO  ] [Motor] Hello, CAN Send 
[2025-06-11 15:16:52.037.223] [INFO  ] [RT-CAN] Hello, CAN Receive 
[2025-06-11 15:16:52.037.518] [INFO  ] [CPU] Hello, CPU Monitor 
[2025-06-11 15:16:52.037.556] [INFO  ] [Battery] Hello, Battery BMS 
[2025-06-11 15:16:52.037.762] [INFO  ] [Controller] Hello, MPC Controller 
[2025-06-11 15:16:52.037.934] [INFO  ] [UltrasonicSensor] Hello, Ultrasonic sensor 
[2025-06-11 15:16:52.038.047] [INFO  ] [MpvVoice] Hello, MpvVoice 
[2025-06-11 15:16:52.041.008] [INFO  ] [RT-CAN] Set motor timeout threshold = 200 ms
 
[2025-06-11 15:16:53.037.765] [INFO  ] [Deeprcs] Algorithm is start 
[2025-06-11 15:16:53.041.969] [INFO  ] [Controller] !!!Origin_jumplong_left_bias = +0.000 
[2025-06-11 15:16:53.042.027] [INFO  ] [basicmethod] 
******** Enable Status ********
Flip: 1
BackFlip: 1
SideFlip: 1
Greeting: 1
Jump: 1
Dance: 1
TurnOver: 1
******** Enable Status ********
 
[2025-06-11 15:16:53.042.048] [INFO  ] [basicmethod] 
******** Motion Config Setting ********
Forward Vel Offset: 0.000000
Side Vel Offset: 0.000000
is_Default_LIDAR: 0.000000
Load Mass: 0.000000
Load X Offset: 0.000000
Load Y Offset: 0.000000
Load Z Offset: 60.000000
Robot Backflip Hip Kp: 70.000000
Robot Backflip Knee Kp: 70.000000
Robot Sideflip Abed Kp: 70.000000
Robot Sideflip Hip Kp: 70.000000
Robot Sideflip Knee Kp: 60.000000
backflip_fl_knee_kp: 40.000000
kp_carpet_comp: 1.000000
backflip_hl_hip_kp_comp: 1.000000
backflip_hr_hip_kp_comp: 1.000000
frontflip_Rev_comp: 0.000000
jumplong_Rev_comp: 0.000000
jumplong_left_bias: 0.700000
policy_forward_kd: 0.900000
policy_backward_kd: 1.200000
policy_stand_kd: 0.000000
******** Motion Config Setting ********
 
[2025-06-11 15:16:53.336.762] [INFO  ] [common policy] common policy CZ network check success 
[2025-06-11 15:16:53.336.850] [INFO  ] [common policy] 
name : common policy
path : ../policy/policy_waq_v7.11-5history-----.pt
dim  : 45, 5, 270, 12
dof  : 0.100000, -0.715000, 1.430000,
       -0.100000, -0.715000, 1.430000,
       0.100000, -0.715000, 1.430000,
       -0.100000, -0.715000, 1.430000,
kp   : 30.000000, 30.000000, 30.000000,
       30.000000, 30.000000, 30.000000,
       30.000000, 30.000000, 30.000000,
       30.000000, 30.000000, 30.000000,
kd   : 0.800000, 0.800000, 0.800000,
       0.800000, 0.800000, 0.800000,
       0.800000, 0.800000, 0.800000,
       0.800000, 0.800000, 0.800000,
limit: 20.000000, 20.000000, 30.000000,
       20.000000, 20.000000, 30.000000,
       20.000000, 20.000000, 30.000000,
       20.000000, 20.000000, 30.000000,
max_v: 1.200000, 0.800000, 1.500000,
scale: 0.250000, 0.250000, 0.050000,
       2.000000, 2.000000, 0.280000, 
[2025-06-11 15:16:53.391.482] [INFO  ] [forward student policy] net_path: ../config/policy/ 
[2025-06-11 15:16:53.391.594] [INFO  ] [forward student policy] stand_lpf: 0.770000 
[2025-06-11 15:16:53.391.632] [INFO  ] [forward student policy] forward_init_lpf: 0.790000 
[2025-06-11 15:16:53.391.653] [INFO  ] [forward student policy] forward_init_v: 0.600000 
[2025-06-11 15:16:53.391.664] [INFO  ] [forward student policy] forward_end_lpf: 0.766667 
[2025-06-11 15:16:53.391.677] [INFO  ] [forward student policy] forward_end_v: 2.500000 
[2025-06-11 15:16:53.391.692] [INFO  ] [forward student policy] jump_lpf: 0.766667 
[2025-06-11 15:16:53.391.707] [INFO  ] [forward student policy] flip_lpf: 0.766667 
[2025-06-11 15:16:53.391.715] [INFO  ] [forward student policy] uncertain: 0.000000 
[2025-06-11 15:16:53.391.726] [INFO  ] [forward student policy] v_acc: 0.075000 
[2025-06-11 15:16:53.391.732] [INFO  ] [forward student policy] w_acc: 0.200000 
[2025-06-11 15:16:53.391.747] [INFO  ] [forward student policy] stand_switch_time: 0.000000 
[2025-06-11 15:16:53.391.758] [INFO  ] [forward student policy] reflect_freq: 0.000000 
[2025-06-11 15:16:53.391.766] [INFO  ] [forward student policy] base_w_co: 0.800000 
[2025-06-11 15:16:53.391.791] [INFO  ] [forward student policy] max_y_range: 0.250000 
[2025-06-11 15:16:53.391.802] [INFO  ] [forward student policy] stand_max_y_range: 0.400000 
[2025-06-11 15:16:53.391.810] [INFO  ] [forward student policy] max_x_range: 0.150000 
[2025-06-11 15:16:53.391.817] [INFO  ] [forward student policy] target_power: 0.900000 
[2025-06-11 15:16:53.391.823] [INFO  ] [forward student policy] target_air_time: 0.900000 
[2025-06-11 15:16:53.391.830] [INFO  ] [forward student policy] forward_limit: 2.000000 
[2025-06-11 15:16:53.391.837] [INFO  ] [forward student policy] horizon_limit: 1.000000 
[2025-06-11 15:16:53.391.846] [INFO  ] [forward student policy] jump_max_v: 1.400000 
[2025-06-11 15:16:53.391.857] [INFO  ] [forward student policy] jump_max_w: 1.900000 
[2025-06-11 15:16:53.391.882] [INFO  ] [forward student policy] max_jump_time: 0.000000 
[2025-06-11 15:16:53.391.892] [INFO  ] [forward student policy] max_flip_time: 0.000000 
[2025-06-11 15:16:53.391.902] [INFO  ] [forward student policy] log_path: ../logs/ 
[2025-06-11 15:16:53.391.912] [INFO  ] [forward student policy] dataPath: ../config/data/ 
[2025-06-11 15:16:53.391.953] [INFO  ] [forward student policy] forward_joint_d_gain[0] = 0.600000  
[2025-06-11 15:16:53.391.955] [INFO  ] [forward student policy] forward_joint_d_gain[1] = 0.600000  
[2025-06-11 15:16:53.391.957] [INFO  ] [forward student policy] forward_joint_d_gain[2] = 0.600000  
[2025-06-11 15:16:53.391.978] [INFO  ] [forward student policy] maxVelCmd[0] = 3.400000 
[2025-06-11 15:16:53.391.980] [INFO  ] [forward student policy] maxVelCmd[1] = 1.600000 
[2025-06-11 15:16:53.391.982] [INFO  ] [forward student policy] maxVelCmd[2] = 4.500000 
[2025-06-11 15:16:53.391.994] [INFO  ] [forward student policy] height_range[0] = 0.280000 
[2025-06-11 15:16:53.391.996] [INFO  ] [forward student policy] height_range[1] = 0.360000 
[2025-06-11 15:16:53.469.400] [INFO  ] [forward student policy] forward student policy LSC network check success 
[2025-06-11 15:16:53.469.849] [INFO  ] [forward student policy] 
name : forward student policy
path : ../policy/forward_policy.pt
dim  : 45, 56, 2565, 12
dof  : 0.100000, -0.900000, 1.430000,
       -0.100000, -0.900000, 1.430000,
       0.100000, -0.900000, 1.430000,
       -0.100000, -0.900000, 1.430000,
kp   : 25.000000, 25.000000, 25.000000,
       25.000000, 25.000000, 25.000000,
       25.000000, 25.000000, 25.000000,
       25.000000, 25.000000, 25.000000,
kd   : 0.600000, 0.600000, 0.600000,
       0.600000, 0.600000, 0.600000,
       0.600000, 0.600000, 0.600000,
       0.600000, 0.600000, 0.600000,
limit: 50.000000, 50.000000, 50.000000,
       50.000000, 50.000000, 50.000000,
       50.000000, 50.000000, 50.000000,
       50.000000, 50.000000, 50.000000,
max_v: 2.500000, 2.500000, 2.000000,
scale: 0.250000, 0.250000, 0.000000,
       0.000000, 0.000000, 0.000000, 
[2025-06-11 15:16:53.512.817] [INFO  ] [jump student policy] net_path: ../config/policy/ 
[2025-06-11 15:16:53.512.880] [INFO  ] [jump student policy] stand_lpf: 0.770000 
[2025-06-11 15:16:53.512.901] [INFO  ] [jump student policy] forward_init_lpf: 0.790000 
[2025-06-11 15:16:53.512.909] [INFO  ] [jump student policy] forward_init_v: 0.600000 
[2025-06-11 15:16:53.512.919] [INFO  ] [jump student policy] forward_end_lpf: 0.766667 
[2025-06-11 15:16:53.512.929] [INFO  ] [jump student policy] forward_end_v: 2.500000 
[2025-06-11 15:16:53.512.939] [INFO  ] [jump student policy] jump_lpf: 0.766667 
[2025-06-11 15:16:53.512.950] [INFO  ] [jump student policy] flip_lpf: 0.766667 
[2025-06-11 15:16:53.512.957] [INFO  ] [jump student policy] uncertain: 0.000000 
[2025-06-11 15:16:53.512.965] [INFO  ] [jump student policy] v_acc: 0.075000 
[2025-06-11 15:16:53.512.971] [INFO  ] [jump student policy] w_acc: 0.200000 
[2025-06-11 15:16:53.512.981] [INFO  ] [jump student policy] stand_switch_time: 0.000000 
[2025-06-11 15:16:53.512.989] [INFO  ] [jump student policy] reflect_freq: 0.000000 
[2025-06-11 15:16:53.512.995] [INFO  ] [jump student policy] base_w_co: 0.800000 
[2025-06-11 15:16:53.513.020] [INFO  ] [jump student policy] max_y_range: 0.250000 
[2025-06-11 15:16:53.513.028] [INFO  ] [jump student policy] stand_max_y_range: 0.400000 
[2025-06-11 15:16:53.513.036] [INFO  ] [jump student policy] max_x_range: 0.150000 
[2025-06-11 15:16:53.513.041] [INFO  ] [jump student policy] target_power: 0.900000 
[2025-06-11 15:16:53.513.046] [INFO  ] [jump student policy] target_air_time: 0.900000 
[2025-06-11 15:16:53.513.052] [INFO  ] [jump student policy] forward_limit: 2.000000 
[2025-06-11 15:16:53.513.060] [INFO  ] [jump student policy] horizon_limit: 1.000000 
[2025-06-11 15:16:53.513.068] [INFO  ] [jump student policy] jump_max_v: 1.400000 
[2025-06-11 15:16:53.513.077] [INFO  ] [jump student policy] jump_max_w: 1.900000 
[2025-06-11 15:16:53.513.101] [INFO  ] [jump student policy] max_jump_time: 0.000000 
[2025-06-11 15:16:53.513.110] [INFO  ] [jump student policy] max_flip_time: 0.000000 
[2025-06-11 15:16:53.513.121] [INFO  ] [jump student policy] log_path: ../logs/ 
[2025-06-11 15:16:53.513.131] [INFO  ] [jump student policy] dataPath: ../config/data/ 
[2025-06-11 15:16:53.513.161] [INFO  ] [jump student policy] forward_joint_d_gain[0] = 0.600000  
[2025-06-11 15:16:53.513.164] [INFO  ] [jump student policy] forward_joint_d_gain[1] = 0.600000  
[2025-06-11 15:16:53.513.166] [INFO  ] [jump student policy] forward_joint_d_gain[2] = 0.600000  
[2025-06-11 15:16:53.513.189] [INFO  ] [jump student policy] maxVelCmd[0] = 3.400000 
[2025-06-11 15:16:53.513.192] [INFO  ] [jump student policy] maxVelCmd[1] = 1.600000 
[2025-06-11 15:16:53.513.195] [INFO  ] [jump student policy] maxVelCmd[2] = 4.500000 
[2025-06-11 15:16:53.513.204] [INFO  ] [jump student policy] height_range[0] = 0.280000 
[2025-06-11 15:16:53.513.206] [INFO  ] [jump student policy] height_range[1] = 0.360000 
[2025-06-11 15:16:53.546.318] [INFO  ] [jump student policy] jump student policy jump network check success 
[2025-06-11 15:16:53.546.798] [INFO  ] [jump student policy] 
name : jump student policy
path : ../policy/jump_policy.pt
dim  : 45, 56, 2565, 12
dof  : 0.100000, -0.900000, 1.430000,
       -0.100000, -0.900000, 1.430000,
       0.100000, -0.900000, 1.430000,
       -0.100000, -0.900000, 1.430000,
kp   : 25.000000, 25.000000, 25.000000,
       25.000000, 25.000000, 25.000000,
       25.000000, 25.000000, 25.000000,
       25.000000, 25.000000, 25.000000,
kd   : 0.600000, 0.600000, 0.600000,
       0.600000, 0.600000, 0.600000,
       0.600000, 0.600000, 0.600000,
       0.600000, 0.600000, 0.600000,
limit: 50.000000, 50.000000, 50.000000,
       50.000000, 50.000000, 50.000000,
       50.000000, 50.000000, 50.000000,
       50.000000, 50.000000, 50.000000,
max_v: 2.500000, 2.500000, 2.000000,
scale: 0.250000, 0.250000, 205014913186361141702609190174851072.000000,
       0.000000, 126277965279685243002145212330934272.000000, 0.000000, 
[2025-06-11 15:16:53.591.014] [INFO  ] [flip student policy] net_path: ../config/policy/ 
[2025-06-11 15:16:53.591.067] [INFO  ] [flip student policy] stand_lpf: 0.770000 
[2025-06-11 15:16:53.591.086] [INFO  ] [flip student policy] forward_init_lpf: 0.790000 
[2025-06-11 15:16:53.591.094] [INFO  ] [flip student policy] forward_init_v: 0.600000 
[2025-06-11 15:16:53.591.103] [INFO  ] [flip student policy] forward_end_lpf: 0.766667 
[2025-06-11 15:16:53.591.125] [INFO  ] [flip student policy] forward_end_v: 2.500000 
[2025-06-11 15:16:53.591.135] [INFO  ] [flip student policy] jump_lpf: 0.766667 
[2025-06-11 15:16:53.591.150] [INFO  ] [flip student policy] flip_lpf: 0.766667 
[2025-06-11 15:16:53.591.156] [INFO  ] [flip student policy] uncertain: 0.000000 
[2025-06-11 15:16:53.591.168] [INFO  ] [flip student policy] v_acc: 0.075000 
[2025-06-11 15:16:53.591.174] [INFO  ] [flip student policy] w_acc: 0.200000 
[2025-06-11 15:16:53.591.184] [INFO  ] [flip student policy] stand_switch_time: 0.000000 
[2025-06-11 15:16:53.591.191] [INFO  ] [flip student policy] reflect_freq: 0.000000 
[2025-06-11 15:16:53.591.196] [INFO  ] [flip student policy] base_w_co: 0.800000 
[2025-06-11 15:16:53.591.219] [INFO  ] [flip student policy] max_y_range: 0.250000 
[2025-06-11 15:16:53.591.231] [INFO  ] [flip student policy] stand_max_y_range: 0.400000 
[2025-06-11 15:16:53.591.238] [INFO  ] [flip student policy] max_x_range: 0.150000 
[2025-06-11 15:16:53.591.243] [INFO  ] [flip student policy] target_power: 0.900000 
[2025-06-11 15:16:53.591.248] [INFO  ] [flip student policy] target_air_time: 0.900000 
[2025-06-11 15:16:53.591.254] [INFO  ] [flip student policy] forward_limit: 2.000000 
[2025-06-11 15:16:53.591.259] [INFO  ] [flip student policy] horizon_limit: 1.000000 
[2025-06-11 15:16:53.591.267] [INFO  ] [flip student policy] jump_max_v: 1.400000 
[2025-06-11 15:16:53.591.275] [INFO  ] [flip student policy] jump_max_w: 1.900000 
[2025-06-11 15:16:53.591.299] [INFO  ] [flip student policy] max_jump_time: 0.000000 
[2025-06-11 15:16:53.591.307] [INFO  ] [flip student policy] max_flip_time: 0.000000 
[2025-06-11 15:16:53.591.317] [INFO  ] [flip student policy] log_path: ../logs/ 
[2025-06-11 15:16:53.591.327] [INFO  ] [flip student policy] dataPath: ../config/data/ 
[2025-06-11 15:16:53.591.348] [INFO  ] [flip student policy] forward_joint_d_gain[0] = 0.600000  
[2025-06-11 15:16:53.591.350] [INFO  ] [flip student policy] forward_joint_d_gain[1] = 0.600000  
[2025-06-11 15:16:53.591.352] [INFO  ] [flip student policy] forward_joint_d_gain[2] = 0.600000  
[2025-06-11 15:16:53.591.370] [INFO  ] [flip student policy] maxVelCmd[0] = 3.400000 
[2025-06-11 15:16:53.591.372] [INFO  ] [flip student policy] maxVelCmd[1] = 1.600000 
[2025-06-11 15:16:53.591.373] [INFO  ] [flip student policy] maxVelCmd[2] = 4.500000 
[2025-06-11 15:16:53.591.382] [INFO  ] [flip student policy] height_range[0] = 0.280000 
[2025-06-11 15:16:53.591.384] [INFO  ] [flip student policy] height_range[1] = 0.360000 
[2025-06-11 15:16:53.620.451] [INFO  ] [flip student policy] flip student policy flip network check success 
[2025-06-11 15:16:53.620.920] [INFO  ] [flip student policy] 
name : flip student policy
path : ../policy/flip_policy.pt
dim  : 45, 56, 2565, 12
dof  : 0.100000, -0.900000, 1.430000,
       -0.100000, -0.900000, 1.430000,
       0.100000, -0.900000, 1.430000,
       -0.100000, -0.900000, 1.430000,
kp   : 25.000000, 25.000000, 25.000000,
       25.000000, 25.000000, 25.000000,
       25.000000, 25.000000, 25.000000,
       25.000000, 25.000000, 25.000000,
kd   : 0.600000, 0.600000, 0.600000,
       0.600000, 0.600000, 0.600000,
       0.600000, 0.600000, 0.600000,
       0.600000, 0.600000, 0.600000,
limit: 50.000000, 50.000000, 50.000000,
       50.000000, 50.000000, 50.000000,
       50.000000, 50.000000, 50.000000,
       50.000000, 50.000000, 50.000000,
max_v: 2.500000, 2.500000, 2.000000,
scale: 0.250000, 0.250000, -3.530232,
       7.508152, -0.939227, -2.517829, 
[2025-06-11 15:16:53.666.633] [INFO  ] [stand student policy] net_path: ../config/policy/ 
[2025-06-11 15:16:53.666.697] [INFO  ] [stand student policy] stand_lpf: 0.770000 
[2025-06-11 15:16:53.666.724] [INFO  ] [stand student policy] forward_init_lpf: 0.790000 
[2025-06-11 15:16:53.666.733] [INFO  ] [stand student policy] forward_init_v: 0.600000 
[2025-06-11 15:16:53.666.743] [INFO  ] [stand student policy] forward_end_lpf: 0.766667 
[2025-06-11 15:16:53.666.753] [INFO  ] [stand student policy] forward_end_v: 2.500000 
[2025-06-11 15:16:53.666.763] [INFO  ] [stand student policy] jump_lpf: 0.766667 
[2025-06-11 15:16:53.666.775] [INFO  ] [stand student policy] flip_lpf: 0.766667 
[2025-06-11 15:16:53.666.782] [INFO  ] [stand student policy] uncertain: 0.000000 
[2025-06-11 15:16:53.666.789] [INFO  ] [stand student policy] v_acc: 0.075000 
[2025-06-11 15:16:53.666.796] [INFO  ] [stand student policy] w_acc: 0.200000 
[2025-06-11 15:16:53.666.807] [INFO  ] [stand student policy] stand_switch_time: 0.000000 
[2025-06-11 15:16:53.666.815] [INFO  ] [stand student policy] reflect_freq: 0.000000 
[2025-06-11 15:16:53.666.821] [INFO  ] [stand student policy] base_w_co: 0.800000 
[2025-06-11 15:16:53.666.847] [INFO  ] [stand student policy] max_y_range: 0.250000 
[2025-06-11 15:16:53.666.856] [INFO  ] [stand student policy] stand_max_y_range: 0.400000 
[2025-06-11 15:16:53.666.864] [INFO  ] [stand student policy] max_x_range: 0.150000 
[2025-06-11 15:16:53.666.869] [INFO  ] [stand student policy] target_power: 0.900000 
[2025-06-11 15:16:53.666.875] [INFO  ] [stand student policy] target_air_time: 0.900000 
[2025-06-11 15:16:53.666.881] [INFO  ] [stand student policy] forward_limit: 2.000000 
[2025-06-11 15:16:53.666.887] [INFO  ] [stand student policy] horizon_limit: 1.000000 
[2025-06-11 15:16:53.666.896] [INFO  ] [stand student policy] jump_max_v: 1.400000 
[2025-06-11 15:16:53.666.903] [INFO  ] [stand student policy] jump_max_w: 1.900000 
[2025-06-11 15:16:53.666.928] [INFO  ] [stand student policy] max_jump_time: 0.000000 
[2025-06-11 15:16:53.666.937] [INFO  ] [stand student policy] max_flip_time: 0.000000 
[2025-06-11 15:16:53.666.948] [INFO  ] [stand student policy] log_path: ../logs/ 
[2025-06-11 15:16:53.666.959] [INFO  ] [stand student policy] dataPath: ../config/data/ 
[2025-06-11 15:16:53.666.980] [INFO  ] [stand student policy] forward_joint_d_gain[0] = 0.600000  
[2025-06-11 15:16:53.666.983] [INFO  ] [stand student policy] forward_joint_d_gain[1] = 0.600000  
[2025-06-11 15:16:53.666.985] [INFO  ] [stand student policy] forward_joint_d_gain[2] = 0.600000  
[2025-06-11 15:16:53.667.004] [INFO  ] [stand student policy] maxVelCmd[0] = 3.400000 
[2025-06-11 15:16:53.667.007] [INFO  ] [stand student policy] maxVelCmd[1] = 1.600000 
[2025-06-11 15:16:53.667.010] [INFO  ] [stand student policy] maxVelCmd[2] = 4.500000 
[2025-06-11 15:16:53.667.019] [INFO  ] [stand student policy] height_range[0] = 0.280000 
[2025-06-11 15:16:53.667.021] [INFO  ] [stand student policy] height_range[1] = 0.360000 
[2025-06-11 15:16:53.728.044] [INFO  ] [stand student policy] stand student policy LSC network check success 
[2025-06-11 15:16:53.728.723] [INFO  ] [stand student policy] 
name : stand student policy
path : ../policy/stand_policy.pt
dim  : 45, 56, 2565, 12
dof  : 0.100000, -0.900000, 1.430000,
       -0.100000, -0.900000, 1.430000,
       0.100000, -0.900000, 1.430000,
       -0.100000, -0.900000, 1.430000,
kp   : 25.000000, 25.000000, 25.000000,
       25.000000, 25.000000, 25.000000,
       25.000000, 25.000000, 25.000000,
       25.000000, 25.000000, 25.000000,
kd   : 0.600000, 0.600000, 0.600000,
       0.600000, 0.600000, 0.600000,
       0.600000, 0.600000, 0.600000,
       0.600000, 0.600000, 0.600000,
limit: 50.000000, 50.000000, 50.000000,
       50.000000, 50.000000, 50.000000,
       50.000000, 50.000000, 50.000000,
       50.000000, 50.000000, 50.000000,
max_v: 2.500000, 2.500000, 2.000000,
scale: 0.250000, 0.250000, 185082058235722405536124654797717504.000000,
       0.000000, 284436392417160284279881387749670912.000000, 0.000000, 
[2025-06-11 15:16:53.776.664] [INFO  ] [handstand policy] net_path: ../config/policy/ 
[2025-06-11 15:16:53.776.733] [INFO  ] [handstand policy] lpf_HStand: 0.800000 
[2025-06-11 15:16:53.776.787] [INFO  ] [handstand policy] uncertain: 0.000000 
[2025-06-11 15:16:53.776.794] [INFO  ] [handstand policy] v_acc: 0.100000 
[2025-06-11 15:16:53.776.826] [INFO  ] [handstand policy] bipedal_base_w_co: 1.000000 
[2025-06-11 15:16:53.776.837] [INFO  ] [handstand policy] max_y_range: 0.250000 
[2025-06-11 15:16:53.776.847] [INFO  ] [handstand policy] max_x_range: 0.150000 
[2025-06-11 15:16:53.776.854] [INFO  ] [handstand policy] target_power: 0.900000 
[2025-06-11 15:16:53.776.860] [INFO  ] [handstand policy] target_air_time: 0.900000 
[2025-06-11 15:16:53.776.864] [INFO  ] [handstand policy] forward_limit: 0.500000 
[2025-06-11 15:16:53.776.869] [INFO  ] [handstand policy] horizon_limit: 0.000000 
[2025-06-11 15:16:53.776.886] [INFO  ] [handstand policy] bipedal_max_v: 1.200000 
[2025-06-11 15:16:53.776.892] [INFO  ] [handstand policy] bipedal_max_w: 1.500000 
[2025-06-11 15:16:53.776.910] [INFO  ] [handstand policy] log_path: ../logs/ 
[2025-06-11 15:16:53.776.918] [INFO  ] [handstand policy] dataPath: ../config/data/ 
[2025-06-11 15:16:53.776.949] [INFO  ] [handstand policy] bipedal_joint_d_gain[0] = 0.800000  
[2025-06-11 15:16:53.776.951] [INFO  ] [handstand policy] bipedal_joint_d_gain[1] = 0.800000  
[2025-06-11 15:16:53.776.953] [INFO  ] [handstand policy] bipedal_joint_d_gain[2] = 0.800000  
[2025-06-11 15:16:53.776.961] [INFO  ] [handstand policy] maxVelCmd[0] = 1.500000 
[2025-06-11 15:16:53.776.964] [INFO  ] [handstand policy] maxVelCmd[1] = 0.100000 
[2025-06-11 15:16:53.776.967] [INFO  ] [handstand policy] maxVelCmd[2] = 0.500000 
[2025-06-11 15:16:53.776.981] [INFO  ] [handstand policy] bipedal_height_range[0] = 0.490000 
[2025-06-11 15:16:53.776.983] [INFO  ] [handstand policy] bipedal_height_range[1] = 0.491000 
[2025-06-11 15:16:53.807.100] [INFO  ] [handstand policy] handstand policy HStand network check success 
[2025-06-11 15:16:53.807.493] [INFO  ] [handstand policy] 
name : handstand policy
path : ../policy/bipedal_policy.pt
dim  : 45, 56, 2565, 12
dof  : 0.100000, -0.900000, 1.430000,
       -0.100000, -0.900000, 1.430000,
       0.100000, -0.900000, 1.430000,
       -0.100000, -0.900000, 1.430000,
kp   : 25.000000, 25.000000, 25.000000,
       25.000000, 25.000000, 25.000000,
       25.000000, 25.000000, 25.000000,
       25.000000, 25.000000, 25.000000,
kd   : 0.800000, 0.800000, 0.800000,
       0.800000, 0.800000, 0.800000,
       0.800000, 0.800000, 0.800000,
       0.800000, 0.800000, 0.800000,
limit: 50.000000, 50.000000, 50.000000,
       50.000000, 50.000000, 50.000000,
       50.000000, 50.000000, 50.000000,
       50.000000, 50.000000, 50.000000,
max_v: 2.500000, 2.500000, 2.000000,
scale: 0.250000, 0.250000, 324606972287792645783910415624830976.000000,
       0.000000, 324443128447713147133766966735536128.000000, 0.000000, 
[2025-06-11 15:16:53.845.109] [INFO  ] [handstandswing policy] net_path: ../config/policy/ 
[2025-06-11 15:16:53.845.187] [INFO  ] [handstandswing policy] lpf_HStand: 0.800000 
[2025-06-11 15:16:53.845.239] [INFO  ] [handstandswing policy] uncertain: 0.000000 
[2025-06-11 15:16:53.845.246] [INFO  ] [handstandswing policy] v_acc: 0.100000 
[2025-06-11 15:16:53.845.281] [INFO  ] [handstandswing policy] bipedal_base_w_co: 1.000000 
[2025-06-11 15:16:53.845.292] [INFO  ] [handstandswing policy] max_y_range: 0.250000 
[2025-06-11 15:16:53.845.303] [INFO  ] [handstandswing policy] max_x_range: 0.150000 
[2025-06-11 15:16:53.845.308] [INFO  ] [handstandswing policy] target_power: 0.900000 
[2025-06-11 15:16:53.845.315] [INFO  ] [handstandswing policy] target_air_time: 0.900000 
[2025-06-11 15:16:53.845.320] [INFO  ] [handstandswing policy] forward_limit: 0.500000 
[2025-06-11 15:16:53.845.325] [INFO  ] [handstandswing policy] horizon_limit: 0.000000 
[2025-06-11 15:16:53.845.343] [INFO  ] [handstandswing policy] bipedal_max_v: 1.200000 
[2025-06-11 15:16:53.845.349] [INFO  ] [handstandswing policy] bipedal_max_w: 1.500000 
[2025-06-11 15:16:53.845.367] [INFO  ] [handstandswing policy] log_path: ../logs/ 
[2025-06-11 15:16:53.845.375] [INFO  ] [handstandswing policy] dataPath: ../config/data/ 
[2025-06-11 15:16:53.845.407] [INFO  ] [handstandswing policy] bipedal_joint_d_gain[0] = 0.800000  
[2025-06-11 15:16:53.845.410] [INFO  ] [handstandswing policy] bipedal_joint_d_gain[1] = 0.800000  
[2025-06-11 15:16:53.845.412] [INFO  ] [handstandswing policy] bipedal_joint_d_gain[2] = 0.800000  
[2025-06-11 15:16:53.845.421] [INFO  ] [handstandswing policy] maxVelCmd[0] = 1.500000 
[2025-06-11 15:16:53.845.426] [INFO  ] [handstandswing policy] maxVelCmd[1] = 0.100000 
[2025-06-11 15:16:53.845.428] [INFO  ] [handstandswing policy] maxVelCmd[2] = 0.500000 
[2025-06-11 15:16:53.845.442] [INFO  ] [handstandswing policy] bipedal_height_range[0] = 0.490000 
[2025-06-11 15:16:53.845.444] [INFO  ] [handstandswing policy] bipedal_height_range[1] = 0.491000 
[2025-06-11 15:16:53.862.822] [INFO  ] [handstandswing policy] handstandswing policy HStandSwing network check success 
[2025-06-11 15:16:53.863.207] [INFO  ] [handstandswing policy] 
name : handstandswing policy
path : ../policy/bipedal_motor_p_command_policy.pt
dim  : 45, 56, 2565, 12
dof  : 0.100000, -0.900000, 1.430000,
       -0.100000, -0.900000, 1.430000,
       0.100000, -0.900000, 1.430000,
       -0.100000, -0.900000, 1.430000,
kp   : 25.000000, 25.000000, 25.000000,
       25.000000, 25.000000, 25.000000,
       25.000000, 25.000000, 25.000000,
       25.000000, 25.000000, 25.000000,
kd   : 0.800000, 0.800000, 0.800000,
       0.800000, 0.800000, 0.800000,
       0.800000, 0.800000, 0.800000,
       0.800000, 0.800000, 0.800000,
limit: 50.000000, 50.000000, 50.000000,
       50.000000, 50.000000, 50.000000,
       50.000000, 50.000000, 50.000000,
       50.000000, 50.000000, 50.000000,
max_v: 2.500000, 2.500000, 2.000000,
scale: 0.250000, 0.250000, 1.000000,
       1.000000, 1.000000, 1.000000, 
[2025-06-11 15:16:53.863.243] [INFO  ] [NetworkController] policy map contains : 
[2025-06-11 15:16:53.863.246] [INFO  ] [NetworkController] 0 : common policy  
[2025-06-11 15:16:53.863.254] [INFO  ] [NetworkController] 1 : forward student policy  
[2025-06-11 15:16:53.863.256] [INFO  ] [NetworkController] 2 : jump student policy  
[2025-06-11 15:16:53.863.259] [INFO  ] [NetworkController] 3 : flip student policy  
[2025-06-11 15:16:53.863.261] [INFO  ] [NetworkController] 4 : stand student policy  
[2025-06-11 15:16:53.863.263] [INFO  ] [NetworkController] 5 : handstand policy  
[2025-06-11 15:16:53.863.265] [INFO  ] [NetworkController] 6 : handstandswing policy  
[2025-06-11 15:16:53.863.300] [ERROR ] [Controller] IMU data reading is timeout! 
[2025-06-11 15:16:53.863.400] [INFO  ] [BasicMotion] Switching to kWaitForStanding!!! 
[2025-06-11 15:16:53.863.859] [INFO  ] [DeferredRecorder] -------max_cycle = +0.000, count = 0 
[2025-06-11 15:16:53.863.869] [INFO  ] [DeferredRecorder] -------max_cycle = +0.000, count = 0 
[2025-06-11 15:16:53.863.905] [INFO  ] [DeferredRecorder] -------max_cycle = +0.000, count = 1 
[2025-06-11 15:16:53.864.658] [INFO  ] [DeferredRecorder] -------max_cycle = +0.000, count = 2 
[2025-06-11 15:16:53.865.657] [INFO  ] [DeferredRecorder] -------max_cycle = +0.000, count = 3 
[2025-06-11 15:16:53.866.656] [INFO  ] [DeferredRecorder] -------max_cycle = +0.000, count = 4 
[2025-06-11 15:16:54.067.664] [NOTICE] [Controller] IMU data reading has resumed! 
[2025-06-11 15:16:55.295.510] [INFO  ] [Battery] SoC = 100%, Volt = +33.200V, Temp 27 
[2025-06-11 15:16:56.043.074] [WARN  ] [CPU] Cpu temperature -1608115612 cpu  
[2025-06-11 15:16:56.361.702] [INFO  ] [Controller] [Joints] FL: +26.772, +26.772, +26.772 ,FR: +26.772, +26.772, +26.772, HL: 26.772, +26.772, +26.772, HR: +26.772, +26.772, +26.772 Max FL-HipX = +26.772 Min FL-HipX = +26.772 
[2025-06-11 15:16:58.861.687] [INFO  ] [Controller] [Joints] FL: +26.772, +26.772, +26.772 ,FR: +26.772, +26.772, +26.772, HL: 26.772, +26.772, +26.772, HR: +26.772, +25.039, +26.772 Max FL-HipX = +26.772 Min HR-HipY = +25.039 
[2025-06-11 15:17:00.285.055] [INFO  ] [Battery] SoC = 100%, Volt = +33.200V, Temp 27 
[2025-06-11 15:17:01.361.686] [INFO  ] [Controller] [Joints] FL: +26.772, +26.772, +26.772 ,FR: +26.772, +26.772, +26.772, HL: 26.772, +26.772, +26.772, HR: +26.772, +25.039, +26.772 Max FL-HipX = +26.772 Min HR-HipY = +25.039 
[2025-06-11 15:17:03.861.684] [INFO  ] [Controller] [Joints] FL: +26.772, +26.772, +26.772 ,FR: +26.772, +26.772, +26.772, HL: 26.772, +26.772, +26.772, HR: +26.772, +26.772, +26.772 Max FL-HipX = +26.772 Min FL-HipX = +26.772 
[2025-06-11 15:17:05.274.427] [INFO  ] [Battery] SoC = 100%, Volt = +33.200V, Temp 27 
[2025-06-11 15:17:06.361.688] [INFO  ] [Controller] [Joints] FL: +26.772, +26.772, +26.772 ,FR: +26.772, +26.772, +26.772, HL: 26.772, +26.772, +26.772, HR: +26.772, +26.772, +26.772 Max FL-HipX = +26.772 Min FL-HipX = +26.772 
[2025-06-11 15:17:08.861.687] [INFO  ] [Controller] [Joints] FL: +26.772, +26.772, +26.772 ,FR: +26.772, +26.772, +26.772, HL: 26.772, +26.772, +26.772, HR: +26.772, +26.772, +26.772 Max FL-HipX = +26.772 Min FL-HipX = +26.772 
[2025-06-11 15:17:10.263.593] [INFO  ] [Battery] SoC = 100%, Volt = +33.200V, Temp 27 
[2025-06-11 15:17:11.361.688] [INFO  ] [Controller] [Joints] FL: +26.772, +26.772, +26.772 ,FR: +26.772, +26.772, +26.772, HL: 26.772, +26.772, +26.772, HR: +26.772, +25.039, +26.772 Max FL-HipX = +26.772 Min HR-HipY = +25.039 
[2025-06-11 15:17:13.861.686] [INFO  ] [Controller] [Joints] FL: +26.772, +26.772, +26.772 ,FR: +26.772, +26.772, +26.772, HL: 26.772, +26.772, +26.772, HR: +26.772, +25.039, +26.772 Max FL-HipX = +26.772 Min HR-HipY = +25.039 
[2025-06-11 15:17:15.252.774] [INFO  ] [Battery] SoC = 100%, Volt = +33.100V, Temp 27 
[2025-06-11 15:17:16.361.685] [INFO  ] [Controller] [Joints] FL: +26.772, +26.772, +26.772 ,FR: +26.772, +26.772, +26.772, HL: 26.772, +26.772, +26.772, HR: +26.772, +26.772, +26.772 Max FL-HipX = +26.772 Min FL-HipX = +26.772 
[2025-06-11 15:17:18.861.685] [INFO  ] [Controller] [Joints] FL: +26.772, +26.772, +26.772 ,FR: +26.772, +26.772, +26.772, HL: 26.772, +26.772, +26.772, HR: +26.772, +26.772, +26.772 Max FL-HipX = +26.772 Min FL-HipX = +26.772 
[2025-06-11 15:17:20.241.957] [INFO  ] [Battery] SoC = 100%, Volt = +33.100V, Temp 27 
[2025-06-11 15:17:21.361.693] [INFO  ] [Controller] [Joints] FL: +26.772, +26.772, +26.772 ,FR: +26.772, +26.772, +26.772, HL: 26.772, +26.772, +26.772, HR: +26.772, +25.039, +26.772 Max FL-HipX = +26.772 Min HR-HipY = +25.039 
[2025-06-11 15:17:23.861.698] [INFO  ] [Controller] [Joints] FL: +26.772, +26.772, +26.772 ,FR: +26.772, +26.772, +26.772, HL: 26.772, +26.772, +26.772, HR: +26.772, +25.039, +26.772 Max FL-HipX = +26.772 Min HR-HipY = +25.039 
[2025-06-11 15:17:25.230.991] [INFO  ] [Battery] SoC = 100%, Volt = +33.100V, Temp 27 
[2025-06-11 15:17:26.361.694] [INFO  ] [Controller] [Joints] FL: +26.772, +26.772, +26.772 ,FR: +26.772, +26.772, +26.772, HL: 26.772, +26.772, +26.772, HR: +26.772, +25.039, +26.772 Max FL-HipX = +26.772 Min HR-HipY = +25.039 
[2025-06-11 15:17:28.861.694] [INFO  ] [Controller] [Joints] FL: +26.772, +26.772, +26.772 ,FR: +26.772, +26.772, +26.772, HL: 26.772, +26.772, +26.772, HR: +26.772, +26.772, +26.772 Max FL-HipX = +26.772 Min FL-HipX = +26.772 
[2025-06-11 15:17:30.220.027] [INFO  ] [Battery] SoC = 100%, Volt = +33.100V, Temp 27 
[2025-06-11 15:17:31.361.692] [INFO  ] [Controller] [Joints] FL: +26.772, +26.772, +26.772 ,FR: +26.772, +26.772, +26.772, HL: 26.772, +26.772, +26.772, HR: +26.772, +26.772, +26.772 Max FL-HipX = +26.772 Min FL-HipX = +26.772 
[2025-06-11 15:17:33.861.687] [INFO  ] [Controller] [Joints] FL: +26.772, +26.772, +26.772 ,FR: +26.772, +26.772, +26.772, HL: 26.772, +26.772, +26.772, HR: +26.772, +25.039, +26.772 Max FL-HipX = +26.772 Min HR-HipY = +25.039 
[2025-06-11 15:17:35.209.056] [INFO  ] [Battery] SoC = 100%, Volt = +33.100V, Temp 27 
[2025-06-11 15:17:36.361.685] [INFO  ] [Controller] [Joints] FL: +26.772, +26.772, +26.772 ,FR: +26.772, +26.772, +26.772, HL: 26.772, +26.772, +26.772, HR: +26.772, +26.772, +26.772 Max FL-HipX = +26.772 Min FL-HipX = +26.772 
[2025-06-11 15:17:38.861.686] [INFO  ] [Controller] [Joints] FL: +26.772, +26.772, +26.772 ,FR: +26.772, +26.772, +26.772, HL: 26.772, +26.772, +26.772, HR: +26.772, +26.772, +26.772 Max FL-HipX = +26.772 Min FL-HipX = +26.772 
[2025-06-11 15:17:40.197.908] [INFO  ] [Battery] SoC = 100%, Volt = +33.100V, Temp 27 
[2025-06-11 15:17:41.361.684] [INFO  ] [Controller] [Joints] FL: +26.772, +26.772, +26.772 ,FR: +26.772, +26.772, +26.772, HL: 26.772, +26.772, +26.772, HR: +26.772, +26.772, +26.772 Max FL-HipX = +26.772 Min FL-HipX = +26.772 
[2025-06-11 15:17:43.861.685] [INFO  ] [Controller] [Joints] FL: +26.772, +26.772, +26.772 ,FR: +26.772, +26.772, +26.772, HL: 26.772, +26.772, +26.772, HR: +26.772, +26.772, +26.772 Max FL-HipX = +26.772 Min FL-HipX = +26.772 
[2025-06-11 15:17:45.186.804] [INFO  ] [Battery] SoC = 100%, Volt = +33.100V, Temp 27 
[2025-06-11 15:17:46.361.685] [INFO  ] [Controller] [Joints] FL: +26.772, +26.772, +26.772 ,FR: +26.772, +26.772, +26.772, HL: 26.772, +26.772, +26.772, HR: +26.772, +26.772, +26.772 Max FL-HipX = +26.772 Min FL-HipX = +26.772 
[2025-06-11 15:17:48.861.684] [INFO  ] [Controller] [Joints] FL: +26.772, +26.772, +26.772 ,FR: +26.772, +26.772, +26.772, HL: 26.772, +26.772, +26.772, HR: +26.772, +26.772, +26.772 Max FL-HipX = +26.772 Min FL-HipX = +26.772 
[2025-06-11 15:17:50.175.560] [INFO  ] [Battery] SoC = 100%, Volt = +33.100V, Temp 27 
[2025-06-11 15:17:51.361.686] [INFO  ] [Controller] [Joints] FL: +26.772, +26.772, +26.772 ,FR: +26.772, +26.772, +26.772, HL: 26.772, +26.772, +26.772, HR: +26.772, +26.772, +26.772 Max FL-HipX = +26.772 Min FL-HipX = +26.772 
[2025-06-11 15:17:53.038.675] [WARN  ] [basicmethod] 
[Working State Judge]
wifi connect: 0
gyro connect: 1
battary voltage normal: 1
 
[2025-06-11 15:17:53.861.685] [INFO  ] [Controller] [Joints] FL: +26.772, +26.772, +26.772 ,FR: +26.772, +26.772, +26.772, HL: 26.772, +26.772, +26.772, HR: +26.772, +26.772, +26.772 Max FL-HipX = +26.772 Min FL-HipX = +26.772 
[2025-06-11 15:17:55.164.367] [INFO  ] [Battery] SoC = 100%, Volt = +33.100V, Temp 27 
[2025-06-11 15:17:56.361.684] [INFO  ] [Controller] [Joints] FL: +26.772, +26.772, +26.772 ,FR: +26.772, +26.772, +26.772, HL: 26.772, +26.772, +26.772, HR: +26.772, +26.772, +26.772 Max FL-HipX = +26.772 Min FL-HipX = +26.772 
[2025-06-11 15:17:58.039.670] [WARN  ] [basicmethod] 
[Working State Judge]
wifi connect: 0
gyro connect: 1
battary voltage normal: 1
 
[2025-06-11 15:17:58.861.686] [INFO  ] [Controller] [Joints] FL: +26.772, +26.772, +26.772 ,FR: +26.772, +26.772, +26.772, HL: 26.772, +26.772, +26.772, HR: +26.772, +26.772, +26.772 Max FL-HipX = +26.772 Min FL-HipX = +26.772 
[2025-06-11 15:18:00.153.144] [INFO  ] [Battery] SoC = 100%, Volt = +33.100V, Temp 27 
[2025-06-11 15:18:01.278.138] [ERROR ] [RT-CAN] [Error] can3 0x84 send error count 1
 
[2025-06-11 15:18:01.361.676] [INFO  ] [Controller] [Joints] FL: +26.772, +26.772, +26.772 ,FR: +26.772, +26.772, +26.772, HL: 26.772, +26.772, +26.772, HR: +26.772, +26.772, +26.772 Max FL-HipX = +26.772 Min FL-HipX = +26.772 
[2025-06-11 15:18:03.039.671] [WARN  ] [basicmethod] 
[Working State Judge]
wifi connect: 0
gyro connect: 1
battary voltage normal: 1
 
[2025-06-11 15:18:03.861.686] [INFO  ] [Controller] [Joints] FL: +26.772, +26.772, +26.772 ,FR: +26.772, +26.772, +26.772, HL: 26.772, +26.772, +26.772, HR: +26.772, +26.772, +26.772 Max FL-HipX = +26.772 Min FL-HipX = +26.772 
[2025-06-11 15:18:05.141.903] [INFO  ] [Battery] SoC = 100%, Volt = +33.100V, Temp 27 
[2025-06-11 15:18:05.448.165] [ERROR ] [RT-CAN] [Error] can3 0x84 send error count 2
 
[2025-06-11 15:18:06.361.686] [INFO  ] [Controller] [Joints] FL: +26.772, +26.772, +26.772 ,FR: +26.772, +26.772, +26.772, HL: 26.772, +26.772, +26.772, HR: +26.772, +26.772, +26.772 Max FL-HipX = +26.772 Min FL-HipX = +26.772 
[2025-06-11 15:18:08.040.669] [WARN  ] [basicmethod] 
[Working State Judge]
wifi connect: 0
gyro connect: 1
battary voltage normal: 1
 
[2025-06-11 15:18:08.861.685] [INFO  ] [Controller] [Joints] FL: +26.772, +26.772, +26.772 ,FR: +26.772, +26.772, +26.772, HL: 26.772, +26.772, +26.772, HR: +26.772, +26.772, +26.772 Max FL-HipX = +26.772 Min FL-HipX = +26.772 
[2025-06-11 15:18:10.130.656] [INFO  ] [Battery] SoC = 100%, Volt = +33.100V, Temp 27 
[2025-06-11 15:18:10.578.138] [ERROR ] [RT-CAN] [Error] can3 0x84 send error count 3
 
[2025-06-11 15:18:11.361.685] [INFO  ] [Controller] [Joints] FL: +26.772, +26.772, +26.772 ,FR: +26.772, +26.772, +26.772, HL: 26.772, +26.772, +26.772, HR: +26.772, +26.772, +26.772 Max FL-HipX = +26.772 Min FL-HipX = +26.772 
[2025-06-11 15:18:13.041.671] [WARN  ] [basicmethod] 
[Working State Judge]
wifi connect: 0
gyro connect: 1
battary voltage normal: 1
 
[2025-06-11 15:18:13.861.688] [INFO  ] [Controller] [Joints] FL: +26.772, +26.772, +26.772 ,FR: +26.772, +26.772, +26.772, HL: 26.772, +26.772, +26.772, HR: +26.772, +26.772, +26.772 Max FL-HipX = +26.772 Min FL-HipX = +26.772 
                                                                                      [2025-06-11 16:40:59.969.595] [INFO  ] [Deeprcs] Robot ID: JY-S5-200 
[2025-06-11 16:40:59.969.676] [INFO  ] [Deeprcs] Robot Version: standard 
[2025-06-11 16:40:59.969.679] [INFO  ] [Deeprcs] DeepRCS is working 
[2025-06-11 16:40:59.969.683] [INFO  ] [Deeprcs] Deeprcs Version: 2.0.153(153) 
[2025-06-11 16:40:59.969.686] [INFO  ] [Deeprcs] DeepROS Version: 0.2.24(39) 
[2025-06-11 16:40:59.969.689] [INFO  ] [Deeprcs] DeepRAS Version: 4.1.7(166) 
[2025-06-11 16:41:00.206.854] [INFO  ] [Motor] Hello, CAN Send 
[2025-06-11 16:41:00.207.047] [INFO  ] [RT-CAN] Hello, CAN Receive 
[2025-06-11 16:41:00.207.762] [INFO  ] [CPU] Hello, CPU Monitor 
[2025-06-11 16:41:00.207.818] [INFO  ] [Battery] Hello, Battery BMS 
[2025-06-11 16:41:00.207.984] [INFO  ] [Controller] Hello, MPC Controller 
[2025-06-11 16:41:00.208.155] [INFO  ] [UltrasonicSensor] Hello, Ultrasonic sensor 
[2025-06-11 16:41:00.208.271] [INFO  ] [MpvVoice] Hello, MpvVoice 
[2025-06-11 16:41:00.211.045] [INFO  ] [RT-CAN] Set motor timeout threshold = 200 ms
 
[2025-06-11 16:41:01.207.997] [INFO  ] [Deeprcs] Algorithm is start 
[2025-06-11 16:41:01.212.215] [INFO  ] [Controller] !!!Origin_jumplong_left_bias = +0.000 
[2025-06-11 16:41:01.212.279] [INFO  ] [basicmethod] 
******** Enable Status ********
Flip: 1
BackFlip: 1
SideFlip: 1
Greeting: 1
Jump: 1
Dance: 1
TurnOver: 1
******** Enable Status ********
 
[2025-06-11 16:41:01.212.301] [INFO  ] [basicmethod] 
******** Motion Config Setting ********
Forward Vel Offset: 0.000000
Side Vel Offset: 0.000000
is_Default_LIDAR: 0.000000
Load Mass: 0.000000
Load X Offset: 0.000000
Load Y Offset: 0.000000
Load Z Offset: 60.000000
Robot Backflip Hip Kp: 70.000000
Robot Backflip Knee Kp: 70.000000
Robot Sideflip Abed Kp: 70.000000
Robot Sideflip Hip Kp: 70.000000
Robot Sideflip Knee Kp: 60.000000
backflip_fl_knee_kp: 40.000000
kp_carpet_comp: 1.000000
backflip_hl_hip_kp_comp: 1.000000
backflip_hr_hip_kp_comp: 1.000000
frontflip_Rev_comp: 0.000000
jumplong_Rev_comp: 0.000000
jumplong_left_bias: 0.700000
policy_forward_kd: 0.900000
policy_backward_kd: 1.200000
policy_stand_kd: 0.000000
******** Motion Config Setting ********
 
[2025-06-11 16:41:01.501.965] [INFO  ] [common policy] common policy CZ network check success 
[2025-06-11 16:41:01.502.049] [INFO  ] [common policy] 
name : common policy
path : ../policy/policy_waq_v7.11-5history-----.pt
dim  : 45, 5, 270, 12
dof  : 0.100000, -0.715000, 1.430000,
       -0.100000, -0.715000, 1.430000,
       0.100000, -0.715000, 1.430000,
       -0.100000, -0.715000, 1.430000,
kp   : 30.000000, 30.000000, 30.000000,
       30.000000, 30.000000, 30.000000,
       30.000000, 30.000000, 30.000000,
       30.000000, 30.000000, 30.000000,
kd   : 0.800000, 0.800000, 0.800000,
       0.800000, 0.800000, 0.800000,
       0.800000, 0.800000, 0.800000,
       0.800000, 0.800000, 0.800000,
limit: 20.000000, 20.000000, 30.000000,
       20.000000, 20.000000, 30.000000,
       20.000000, 20.000000, 30.000000,
       20.000000, 20.000000, 30.000000,
max_v: 1.200000, 0.800000, 1.500000,
scale: 0.250000, 0.250000, 0.050000,
       2.000000, 2.000000, 0.280000, 
[2025-06-11 16:41:01.553.432] [INFO  ] [forward student policy] net_path: ../config/policy/ 
[2025-06-11 16:41:01.553.518] [INFO  ] [forward student policy] stand_lpf: 0.770000 
[2025-06-11 16:41:01.553.558] [INFO  ] [forward student policy] forward_init_lpf: 0.790000 
[2025-06-11 16:41:01.553.569] [INFO  ] [forward student policy] forward_init_v: 0.600000 
[2025-06-11 16:41:01.553.581] [INFO  ] [forward student policy] forward_end_lpf: 0.766667 
[2025-06-11 16:41:01.553.593] [INFO  ] [forward student policy] forward_end_v: 2.500000 
[2025-06-11 16:41:01.553.606] [INFO  ] [forward student policy] jump_lpf: 0.766667 
[2025-06-11 16:41:01.553.617] [INFO  ] [forward student policy] flip_lpf: 0.766667 
[2025-06-11 16:41:01.553.623] [INFO  ] [forward student policy] uncertain: 0.000000 
[2025-06-11 16:41:01.553.632] [INFO  ] [forward student policy] v_acc: 0.075000 
[2025-06-11 16:41:01.553.638] [INFO  ] [forward student policy] w_acc: 0.200000 
[2025-06-11 16:41:01.553.658] [INFO  ] [forward student policy] stand_switch_time: 0.000000 
[2025-06-11 16:41:01.553.673] [INFO  ] [forward student policy] reflect_freq: 0.000000 
[2025-06-11 16:41:01.553.687] [INFO  ] [forward student policy] base_w_co: 0.800000 
[2025-06-11 16:41:01.553.715] [INFO  ] [forward student policy] max_y_range: 0.250000 
[2025-06-11 16:41:01.553.723] [INFO  ] [forward student policy] stand_max_y_range: 0.400000 
[2025-06-11 16:41:01.553.730] [INFO  ] [forward student policy] max_x_range: 0.150000 
[2025-06-11 16:41:01.553.739] [INFO  ] [forward student policy] target_power: 0.900000 
[2025-06-11 16:41:01.553.745] [INFO  ] [forward student policy] target_air_time: 0.900000 
[2025-06-11 16:41:01.553.753] [INFO  ] [forward student policy] forward_limit: 2.000000 
[2025-06-11 16:41:01.553.760] [INFO  ] [forward student policy] horizon_limit: 1.000000 
[2025-06-11 16:41:01.553.769] [INFO  ] [forward student policy] jump_max_v: 1.400000 
[2025-06-11 16:41:01.553.778] [INFO  ] [forward student policy] jump_max_w: 1.900000 
[2025-06-11 16:41:01.553.815] [INFO  ] [forward student policy] max_jump_time: 0.000000 
[2025-06-11 16:41:01.553.825] [INFO  ] [forward student policy] max_flip_time: 0.000000 
[2025-06-11 16:41:01.553.836] [INFO  ] [forward student policy] log_path: ../logs/ 
[2025-06-11 16:41:01.553.846] [INFO  ] [forward student policy] dataPath: ../config/data/ 
[2025-06-11 16:41:01.553.891] [INFO  ] [forward student policy] forward_joint_d_gain[0] = 0.600000  
[2025-06-11 16:41:01.553.894] [INFO  ] [forward student policy] forward_joint_d_gain[1] = 0.600000  
[2025-06-11 16:41:01.553.895] [INFO  ] [forward student policy] forward_joint_d_gain[2] = 0.600000  
[2025-06-11 16:41:01.553.918] [INFO  ] [forward student policy] maxVelCmd[0] = 3.400000 
[2025-06-11 16:41:01.553.920] [INFO  ] [forward student policy] maxVelCmd[1] = 1.600000 
[2025-06-11 16:41:01.553.922] [INFO  ] [forward student policy] maxVelCmd[2] = 4.500000 
[2025-06-11 16:41:01.553.930] [INFO  ] [forward student policy] height_range[0] = 0.280000 
[2025-06-11 16:41:01.553.933] [INFO  ] [forward student policy] height_range[1] = 0.360000 
[2025-06-11 16:41:01.625.716] [INFO  ] [forward student policy] forward student policy LSC network check success 
[2025-06-11 16:41:01.626.177] [INFO  ] [forward student policy] 
name : forward student policy
path : ../policy/forward_policy.pt
dim  : 45, 56, 2565, 12
dof  : 0.100000, -0.900000, 1.430000,
       -0.100000, -0.900000, 1.430000,
       0.100000, -0.900000, 1.430000,
       -0.100000, -0.900000, 1.430000,
kp   : 25.000000, 25.000000, 25.000000,
       25.000000, 25.000000, 25.000000,
       25.000000, 25.000000, 25.000000,
       25.000000, 25.000000, 25.000000,
kd   : 0.600000, 0.600000, 0.600000,
       0.600000, 0.600000, 0.600000,
       0.600000, 0.600000, 0.600000,
       0.600000, 0.600000, 0.600000,
limit: 50.000000, 50.000000, 50.000000,
       50.000000, 50.000000, 50.000000,
       50.000000, 50.000000, 50.000000,
       50.000000, 50.000000, 50.000000,
max_v: 2.500000, 2.500000, 2.000000,
scale: 0.250000, 0.250000, -0.836987,
       0.631243, 0.273364, -0.962989, 
[2025-06-11 16:41:01.667.453] [INFO  ] [jump student policy] net_path: ../config/policy/ 
[2025-06-11 16:41:01.667.512] [INFO  ] [jump student policy] stand_lpf: 0.770000 
[2025-06-11 16:41:01.667.539] [INFO  ] [jump student policy] forward_init_lpf: 0.790000 
[2025-06-11 16:41:01.667.551] [INFO  ] [jump student policy] forward_init_v: 0.600000 
[2025-06-11 16:41:01.667.561] [INFO  ] [jump student policy] forward_end_lpf: 0.766667 
[2025-06-11 16:41:01.667.570] [INFO  ] [jump student policy] forward_end_v: 2.500000 
[2025-06-11 16:41:01.667.581] [INFO  ] [jump student policy] jump_lpf: 0.766667 
[2025-06-11 16:41:01.667.591] [INFO  ] [jump student policy] flip_lpf: 0.766667 
[2025-06-11 16:41:01.667.599] [INFO  ] [jump student policy] uncertain: 0.000000 
[2025-06-11 16:41:01.667.605] [INFO  ] [jump student policy] v_acc: 0.075000 
[2025-06-11 16:41:01.667.611] [INFO  ] [jump student policy] w_acc: 0.200000 
[2025-06-11 16:41:01.667.622] [INFO  ] [jump student policy] stand_switch_time: 0.000000 
[2025-06-11 16:41:01.667.629] [INFO  ] [jump student policy] reflect_freq: 0.000000 
[2025-06-11 16:41:01.667.635] [INFO  ] [jump student policy] base_w_co: 0.800000 
[2025-06-11 16:41:01.667.670] [INFO  ] [jump student policy] max_y_range: 0.250000 
[2025-06-11 16:41:01.667.680] [INFO  ] [jump student policy] stand_max_y_range: 0.400000 
[2025-06-11 16:41:01.667.687] [INFO  ] [jump student policy] max_x_range: 0.150000 
[2025-06-11 16:41:01.667.692] [INFO  ] [jump student policy] target_power: 0.900000 
[2025-06-11 16:41:01.667.698] [INFO  ] [jump student policy] target_air_time: 0.900000 
[2025-06-11 16:41:01.667.705] [INFO  ] [jump student policy] forward_limit: 2.000000 
[2025-06-11 16:41:01.667.711] [INFO  ] [jump student policy] horizon_limit: 1.000000 
[2025-06-11 16:41:01.667.720] [INFO  ] [jump student policy] jump_max_v: 1.400000 
[2025-06-11 16:41:01.667.728] [INFO  ] [jump student policy] jump_max_w: 1.900000 
[2025-06-11 16:41:01.667.758] [INFO  ] [jump student policy] max_jump_time: 0.000000 
[2025-06-11 16:41:01.667.767] [INFO  ] [jump student policy] max_flip_time: 0.000000 
[2025-06-11 16:41:01.667.780] [INFO  ] [jump student policy] log_path: ../logs/ 
[2025-06-11 16:41:01.667.790] [INFO  ] [jump student policy] dataPath: ../config/data/ 
[2025-06-11 16:41:01.667.815] [INFO  ] [jump student policy] forward_joint_d_gain[0] = 0.600000  
[2025-06-11 16:41:01.667.817] [INFO  ] [jump student policy] forward_joint_d_gain[1] = 0.600000  
[2025-06-11 16:41:01.667.819] [INFO  ] [jump student policy] forward_joint_d_gain[2] = 0.600000  
[2025-06-11 16:41:01.667.838] [INFO  ] [jump student policy] maxVelCmd[0] = 3.400000 
[2025-06-11 16:41:01.667.840] [INFO  ] [jump student policy] maxVelCmd[1] = 1.600000 
[2025-06-11 16:41:01.667.842] [INFO  ] [jump student policy] maxVelCmd[2] = 4.500000 
[2025-06-11 16:41:01.667.851] [INFO  ] [jump student policy] height_range[0] = 0.280000 
[2025-06-11 16:41:01.667.852] [INFO  ] [jump student policy] height_range[1] = 0.360000 
[2025-06-11 16:41:01.697.362] [INFO  ] [jump student policy] jump student policy jump network check success 
[2025-06-11 16:41:01.697.830] [INFO  ] [jump student policy] 
name : jump student policy
path : ../policy/jump_policy.pt
dim  : 45, 56, 2565, 12
dof  : 0.100000, -0.900000, 1.430000,
       -0.100000, -0.900000, 1.430000,
       0.100000, -0.900000, 1.430000,
       -0.100000, -0.900000, 1.430000,
kp   : 25.000000, 25.000000, 25.000000,
       25.000000, 25.000000, 25.000000,
       25.000000, 25.000000, 25.000000,
       25.000000, 25.000000, 25.000000,
kd   : 0.600000, 0.600000, 0.600000,
       0.600000, 0.600000, 0.600000,
       0.600000, 0.600000, 0.600000,
       0.600000, 0.600000, 0.600000,
limit: 50.000000, 50.000000, 50.000000,
       50.000000, 50.000000, 50.000000,
       50.000000, 50.000000, 50.000000,
       50.000000, 50.000000, 50.000000,
max_v: 2.500000, 2.500000, 2.000000,
scale: 0.250000, 0.250000, 1086110407287146240323571335299072.000000,
       0.000000, 1554577866653716270852272419766272.000000, 0.000000, 
[2025-06-11 16:41:01.738.706] [INFO  ] [flip student policy] net_path: ../config/policy/ 
[2025-06-11 16:41:01.738.765] [INFO  ] [flip student policy] stand_lpf: 0.770000 
[2025-06-11 16:41:01.738.786] [INFO  ] [flip student policy] forward_init_lpf: 0.790000 
[2025-06-11 16:41:01.738.795] [INFO  ] [flip student policy] forward_init_v: 0.600000 
[2025-06-11 16:41:01.738.804] [INFO  ] [flip student policy] forward_end_lpf: 0.766667 
[2025-06-11 16:41:01.738.814] [INFO  ] [flip student policy] forward_end_v: 2.500000 
[2025-06-11 16:41:01.738.824] [INFO  ] [flip student policy] jump_lpf: 0.766667 
[2025-06-11 16:41:01.738.835] [INFO  ] [flip student policy] flip_lpf: 0.766667 
[2025-06-11 16:41:01.738.841] [INFO  ] [flip student policy] uncertain: 0.000000 
[2025-06-11 16:41:01.738.848] [INFO  ] [flip student policy] v_acc: 0.075000 
[2025-06-11 16:41:01.738.853] [INFO  ] [flip student policy] w_acc: 0.200000 
[2025-06-11 16:41:01.738.863] [INFO  ] [flip student policy] stand_switch_time: 0.000000 
[2025-06-11 16:41:01.738.871] [INFO  ] [flip student policy] reflect_freq: 0.000000 
[2025-06-11 16:41:01.738.876] [INFO  ] [flip student policy] base_w_co: 0.800000 
[2025-06-11 16:41:01.738.901] [INFO  ] [flip student policy] max_y_range: 0.250000 
[2025-06-11 16:41:01.738.909] [INFO  ] [flip student policy] stand_max_y_range: 0.400000 
[2025-06-11 16:41:01.738.916] [INFO  ] [flip student policy] max_x_range: 0.150000 
[2025-06-11 16:41:01.738.921] [INFO  ] [flip student policy] target_power: 0.900000 
[2025-06-11 16:41:01.738.926] [INFO  ] [flip student policy] target_air_time: 0.900000 
[2025-06-11 16:41:01.738.933] [INFO  ] [flip student policy] forward_limit: 2.000000 
[2025-06-11 16:41:01.738.939] [INFO  ] [flip student policy] horizon_limit: 1.000000 
[2025-06-11 16:41:01.738.947] [INFO  ] [flip student policy] jump_max_v: 1.400000 
[2025-06-11 16:41:01.738.956] [INFO  ] [flip student policy] jump_max_w: 1.900000 
[2025-06-11 16:41:01.738.982] [INFO  ] [flip student policy] max_jump_time: 0.000000 
[2025-06-11 16:41:01.738.991] [INFO  ] [flip student policy] max_flip_time: 0.000000 
[2025-06-11 16:41:01.739.002] [INFO  ] [flip student policy] log_path: ../logs/ 
[2025-06-11 16:41:01.739.013] [INFO  ] [flip student policy] dataPath: ../config/data/ 
[2025-06-11 16:41:01.739.038] [INFO  ] [flip student policy] forward_joint_d_gain[0] = 0.600000  
[2025-06-11 16:41:01.739.039] [INFO  ] [flip student policy] forward_joint_d_gain[1] = 0.600000  
[2025-06-11 16:41:01.739.041] [INFO  ] [flip student policy] forward_joint_d_gain[2] = 0.600000  
[2025-06-11 16:41:01.739.060] [INFO  ] [flip student policy] maxVelCmd[0] = 3.400000 
[2025-06-11 16:41:01.739.062] [INFO  ] [flip student policy] maxVelCmd[1] = 1.600000 
[2025-06-11 16:41:01.739.064] [INFO  ] [flip student policy] maxVelCmd[2] = 4.500000 
[2025-06-11 16:41:01.739.073] [INFO  ] [flip student policy] height_range[0] = 0.280000 
[2025-06-11 16:41:01.739.075] [INFO  ] [flip student policy] height_range[1] = 0.360000 
[2025-06-11 16:41:01.768.815] [INFO  ] [flip student policy] flip student policy flip network check success 
[2025-06-11 16:41:01.769.277] [INFO  ] [flip student policy] 
name : flip student policy
path : ../policy/flip_policy.pt
dim  : 45, 56, 2565, 12
dof  : 0.100000, -0.900000, 1.430000,
       -0.100000, -0.900000, 1.430000,
       0.100000, -0.900000, 1.430000,
       -0.100000, -0.900000, 1.430000,
kp   : 25.000000, 25.000000, 25.000000,
       25.000000, 25.000000, 25.000000,
       25.000000, 25.000000, 25.000000,
       25.000000, 25.000000, 25.000000,
kd   : 0.600000, 0.600000, 0.600000,
       0.600000, 0.600000, 0.600000,
       0.600000, 0.600000, 0.600000,
       0.600000, 0.600000, 0.600000,
limit: 50.000000, 50.000000, 50.000000,
       50.000000, 50.000000, 50.000000,
       50.000000, 50.000000, 50.000000,
       50.000000, 50.000000, 50.000000,
max_v: 2.500000, 2.500000, 2.000000,
scale: 0.250000, 0.250000, 2215692316993837894380500316848128.000000,
       0.000000, 2115223579285515002030237193076736.000000, 0.000000, 
[2025-06-11 16:41:01.819.874] [INFO  ] [stand student policy] net_path: ../config/policy/ 
[2025-06-11 16:41:01.819.941] [INFO  ] [stand student policy] stand_lpf: 0.770000 
[2025-06-11 16:41:01.819.967] [INFO  ] [stand student policy] forward_init_lpf: 0.790000 
[2025-06-11 16:41:01.819.976] [INFO  ] [stand student policy] forward_init_v: 0.600000 
[2025-06-11 16:41:01.819.987] [INFO  ] [stand student policy] forward_end_lpf: 0.766667 
[2025-06-11 16:41:01.819.997] [INFO  ] [stand student policy] forward_end_v: 2.500000 
[2025-06-11 16:41:01.820.008] [INFO  ] [stand student policy] jump_lpf: 0.766667 
[2025-06-11 16:41:01.820.022] [INFO  ] [stand student policy] flip_lpf: 0.766667 
[2025-06-11 16:41:01.820.040] [INFO  ] [stand student policy] uncertain: 0.000000 
[2025-06-11 16:41:01.820.048] [INFO  ] [stand student policy] v_acc: 0.075000 
[2025-06-11 16:41:01.820.055] [INFO  ] [stand student policy] w_acc: 0.200000 
[2025-06-11 16:41:01.820.067] [INFO  ] [stand student policy] stand_switch_time: 0.000000 
[2025-06-11 16:41:01.820.076] [INFO  ] [stand student policy] reflect_freq: 0.000000 
[2025-06-11 16:41:01.820.083] [INFO  ] [stand student policy] base_w_co: 0.800000 
[2025-06-11 16:41:01.820.110] [INFO  ] [stand student policy] max_y_range: 0.250000 
[2025-06-11 16:41:01.820.121] [INFO  ] [stand student policy] stand_max_y_range: 0.400000 
[2025-06-11 16:41:01.820.128] [INFO  ] [stand student policy] max_x_range: 0.150000 
[2025-06-11 16:41:01.820.134] [INFO  ] [stand student policy] target_power: 0.900000 
[2025-06-11 16:41:01.820.140] [INFO  ] [stand student policy] target_air_time: 0.900000 
[2025-06-11 16:41:01.820.148] [INFO  ] [stand student policy] forward_limit: 2.000000 
[2025-06-11 16:41:01.820.191] [INFO  ] [stand student policy] horizon_limit: 1.000000 
[2025-06-11 16:41:01.820.200] [INFO  ] [stand student policy] jump_max_v: 1.400000 
[2025-06-11 16:41:01.820.209] [INFO  ] [stand student policy] jump_max_w: 1.900000 
[2025-06-11 16:41:01.820.242] [INFO  ] [stand student policy] max_jump_time: 0.000000 
[2025-06-11 16:41:01.820.251] [INFO  ] [stand student policy] max_flip_time: 0.000000 
[2025-06-11 16:41:01.820.263] [INFO  ] [stand student policy] log_path: ../logs/ 
[2025-06-11 16:41:01.820.275] [INFO  ] [stand student policy] dataPath: ../config/data/ 
[2025-06-11 16:41:01.820.302] [INFO  ] [stand student policy] forward_joint_d_gain[0] = 0.600000  
[2025-06-11 16:41:01.820.305] [INFO  ] [stand student policy] forward_joint_d_gain[1] = 0.600000  
[2025-06-11 16:41:01.820.307] [INFO  ] [stand student policy] forward_joint_d_gain[2] = 0.600000  
[2025-06-11 16:41:01.820.329] [INFO  ] [stand student policy] maxVelCmd[0] = 3.400000 
[2025-06-11 16:41:01.820.334] [INFO  ] [stand student policy] maxVelCmd[1] = 1.600000 
[2025-06-11 16:41:01.820.336] [INFO  ] [stand student policy] maxVelCmd[2] = 4.500000 
[2025-06-11 16:41:01.820.346] [INFO  ] [stand student policy] height_range[0] = 0.280000 
[2025-06-11 16:41:01.820.348] [INFO  ] [stand student policy] height_range[1] = 0.360000 
[2025-06-11 16:41:01.883.898] [INFO  ] [stand student policy] stand student policy LSC network check success 
[2025-06-11 16:41:01.884.429] [INFO  ] [stand student policy] 
name : stand student policy
path : ../policy/stand_policy.pt
dim  : 45, 56, 2565, 12
dof  : 0.100000, -0.900000, 1.430000,
       -0.100000, -0.900000, 1.430000,
       0.100000, -0.900000, 1.430000,
       -0.100000, -0.900000, 1.430000,
kp   : 25.000000, 25.000000, 25.000000,
       25.000000, 25.000000, 25.000000,
       25.000000, 25.000000, 25.000000,
       25.000000, 25.000000, 25.000000,
kd   : 0.600000, 0.600000, 0.600000,
       0.600000, 0.600000, 0.600000,
       0.600000, 0.600000, 0.600000,
       0.600000, 0.600000, 0.600000,
limit: 50.000000, 50.000000, 50.000000,
       50.000000, 50.000000, 50.000000,
       50.000000, 50.000000, 50.000000,
       50.000000, 50.000000, 50.000000,
max_v: 2.500000, 2.500000, 2.000000,
scale: 0.250000, 0.250000, 1.996818,
       -1.076559, 0.119691, -0.313696, 
[2025-06-11 16:41:01.934.671] [INFO  ] [handstand policy] net_path: ../config/policy/ 
[2025-06-11 16:41:01.934.755] [INFO  ] [handstand policy] lpf_HStand: 0.800000 
[2025-06-11 16:41:01.934.820] [INFO  ] [handstand policy] uncertain: 0.000000 
[2025-06-11 16:41:01.934.829] [INFO  ] [handstand policy] v_acc: 0.100000 
[2025-06-11 16:41:01.934.864] [INFO  ] [handstand policy] bipedal_base_w_co: 1.000000 
[2025-06-11 16:41:01.934.878] [INFO  ] [handstand policy] max_y_range: 0.250000 
[2025-06-11 16:41:01.934.891] [INFO  ] [handstand policy] max_x_range: 0.150000 
[2025-06-11 16:41:01.934.899] [INFO  ] [handstand policy] target_power: 0.900000 
[2025-06-11 16:41:01.934.908] [INFO  ] [handstand policy] target_air_time: 0.900000 
[2025-06-11 16:41:01.934.913] [INFO  ] [handstand policy] forward_limit: 0.500000 
[2025-06-11 16:41:01.934.918] [INFO  ] [handstand policy] horizon_limit: 0.000000 
[2025-06-11 16:41:01.934.937] [INFO  ] [handstand policy] bipedal_max_v: 1.200000 
[2025-06-11 16:41:01.934.944] [INFO  ] [handstand policy] bipedal_max_w: 1.500000 
[2025-06-11 16:41:01.934.965] [INFO  ] [handstand policy] log_path: ../logs/ 
[2025-06-11 16:41:01.934.973] [INFO  ] [handstand policy] dataPath: ../config/data/ 
[2025-06-11 16:41:01.935.009] [INFO  ] [handstand policy] bipedal_joint_d_gain[0] = 0.800000  
[2025-06-11 16:41:01.935.011] [INFO  ] [handstand policy] bipedal_joint_d_gain[1] = 0.800000  
[2025-06-11 16:41:01.935.013] [INFO  ] [handstand policy] bipedal_joint_d_gain[2] = 0.800000  
[2025-06-11 16:41:01.935.024] [INFO  ] [handstand policy] maxVelCmd[0] = 1.500000 
[2025-06-11 16:41:01.935.038] [INFO  ] [handstand policy] maxVelCmd[1] = 0.100000 
[2025-06-11 16:41:01.935.043] [INFO  ] [handstand policy] maxVelCmd[2] = 0.500000 
[2025-06-11 16:41:01.935.060] [INFO  ] [handstand policy] bipedal_height_range[0] = 0.490000 
[2025-06-11 16:41:01.935.062] [INFO  ] [handstand policy] bipedal_height_range[1] = 0.491000 
[2025-06-11 16:41:01.966.378] [INFO  ] [handstand policy] handstand policy HStand network check success 
[2025-06-11 16:41:01.966.787] [INFO  ] [handstand policy] 
name : handstand policy
path : ../policy/bipedal_policy.pt
dim  : 45, 56, 2565, 12
dof  : 0.100000, -0.900000, 1.430000,
       -0.100000, -0.900000, 1.430000,
       0.100000, -0.900000, 1.430000,
       -0.100000, -0.900000, 1.430000,
kp   : 25.000000, 25.000000, 25.000000,
       25.000000, 25.000000, 25.000000,
       25.000000, 25.000000, 25.000000,
       25.000000, 25.000000, 25.000000,
kd   : 0.800000, 0.800000, 0.800000,
       0.800000, 0.800000, 0.800000,
       0.800000, 0.800000, 0.800000,
       0.800000, 0.800000, 0.800000,
limit: 50.000000, 50.000000, 50.000000,
       50.000000, 50.000000, 50.000000,
       50.000000, 50.000000, 50.000000,
       50.000000, 50.000000, 50.000000,
max_v: 2.500000, 2.500000, 2.000000,
scale: 0.250000, 0.250000, -5.401480,
       10.218246, 12.128750, -49.789227, 
[2025-06-11 16:41:02.005.339] [INFO  ] [handstandswing policy] net_path: ../config/policy/ 
[2025-06-11 16:41:02.005.414] [INFO  ] [handstandswing policy] lpf_HStand: 0.800000 
[2025-06-11 16:41:02.005.473] [INFO  ] [handstandswing policy] uncertain: 0.000000 
[2025-06-11 16:41:02.005.487] [INFO  ] [handstandswing policy] v_acc: 0.100000 
[2025-06-11 16:41:02.005.532] [INFO  ] [handstandswing policy] bipedal_base_w_co: 1.000000 
[2025-06-11 16:41:02.005.546] [INFO  ] [handstandswing policy] max_y_range: 0.250000 
[2025-06-11 16:41:02.005.560] [INFO  ] [handstandswing policy] max_x_range: 0.150000 
[2025-06-11 16:41:02.005.566] [INFO  ] [handstandswing policy] target_power: 0.900000 
[2025-06-11 16:41:02.005.575] [INFO  ] [handstandswing policy] target_air_time: 0.900000 
[2025-06-11 16:41:02.005.580] [INFO  ] [handstandswing policy] forward_limit: 0.500000 
[2025-06-11 16:41:02.005.586] [INFO  ] [handstandswing policy] horizon_limit: 0.000000 
[2025-06-11 16:41:02.005.607] [INFO  ] [handstandswing policy] bipedal_max_v: 1.200000 
[2025-06-11 16:41:02.005.614] [INFO  ] [handstandswing policy] bipedal_max_w: 1.500000 
[2025-06-11 16:41:02.005.634] [INFO  ] [handstandswing policy] log_path: ../logs/ 
[2025-06-11 16:41:02.005.647] [INFO  ] [handstandswing policy] dataPath: ../config/data/ 
[2025-06-11 16:41:02.005.686] [INFO  ] [handstandswing policy] bipedal_joint_d_gain[0] = 0.800000  
[2025-06-11 16:41:02.005.690] [INFO  ] [handstandswing policy] bipedal_joint_d_gain[1] = 0.800000  
[2025-06-11 16:41:02.005.693] [INFO  ] [handstandswing policy] bipedal_joint_d_gain[2] = 0.800000  
[2025-06-11 16:41:02.005.703] [INFO  ] [handstandswing policy] maxVelCmd[0] = 1.500000 
[2025-06-11 16:41:02.005.707] [INFO  ] [handstandswing policy] maxVelCmd[1] = 0.100000 
[2025-06-11 16:41:02.005.709] [INFO  ] [handstandswing policy] maxVelCmd[2] = 0.500000 
[2025-06-11 16:41:02.005.725] [INFO  ] [handstandswing policy] bipedal_height_range[0] = 0.490000 
[2025-06-11 16:41:02.005.727] [INFO  ] [handstandswing policy] bipedal_height_range[1] = 0.491000 
[2025-06-11 16:41:02.023.151] [INFO  ] [handstandswing policy] handstandswing policy HStandSwing network check success 
[2025-06-11 16:41:02.023.563] [INFO  ] [handstandswing policy] 
name : handstandswing policy
path : ../policy/bipedal_motor_p_command_policy.pt
dim  : 45, 56, 2565, 12
dof  : 0.100000, -0.900000, 1.430000,
       -0.100000, -0.900000, 1.430000,
       0.100000, -0.900000, 1.430000,
       -0.100000, -0.900000, 1.430000,
kp   : 25.000000, 25.000000, 25.000000,
       25.000000, 25.000000, 25.000000,
       25.000000, 25.000000, 25.000000,
       25.000000, 25.000000, 25.000000,
kd   : 0.800000, 0.800000, 0.800000,
       0.800000, 0.800000, 0.800000,
       0.800000, 0.800000, 0.800000,
       0.800000, 0.800000, 0.800000,
limit: 50.000000, 50.000000, 50.000000,
       50.000000, 50.000000, 50.000000,
       50.000000, 50.000000, 50.000000,
       50.000000, 50.000000, 50.000000,
max_v: 2.500000, 2.500000, 2.000000,
scale: 0.250000, 0.250000, 5.884311,
       -1.345834, -20.865702, -11.261418, 
[2025-06-11 16:41:02.023.598] [INFO  ] [NetworkController] policy map contains : 
[2025-06-11 16:41:02.023.600] [INFO  ] [NetworkController] 0 : common policy  
[2025-06-11 16:41:02.023.609] [INFO  ] [NetworkController] 1 : forward student policy  
[2025-06-11 16:41:02.023.611] [INFO  ] [NetworkController] 2 : jump student policy  
[2025-06-11 16:41:02.023.613] [INFO  ] [NetworkController] 3 : flip student policy  
[2025-06-11 16:41:02.023.615] [INFO  ] [NetworkController] 4 : stand student policy  
[2025-06-11 16:41:02.023.617] [INFO  ] [NetworkController] 5 : handstand policy  
[2025-06-11 16:41:02.023.619] [INFO  ] [NetworkController] 6 : handstandswing policy  
[2025-06-11 16:41:02.023.654] [ERROR ] [Controller] IMU data reading is timeout! 
[2025-06-11 16:41:02.023.764] [INFO  ] [BasicMotion] Switching to kWaitForStanding!!! 
[2025-06-11 16:41:02.024.201] [INFO  ] [DeferredRecorder] -------max_cycle = +0.000, count = 0 
[2025-06-11 16:41:02.024.211] [INFO  ] [DeferredRecorder] -------max_cycle = +0.000, count = 0 
[2025-06-11 16:41:02.024.250] [INFO  ] [DeferredRecorder] -------max_cycle = +0.000, count = 1 
[2025-06-11 16:41:02.024.689] [INFO  ] [DeferredRecorder] -------max_cycle = +0.000, count = 2 
[2025-06-11 16:41:02.025.687] [INFO  ] [DeferredRecorder] -------max_cycle = +0.000, count = 3 
[2025-06-11 16:41:02.026.686] [INFO  ] [DeferredRecorder] -------max_cycle = +0.000, count = 4 
[2025-06-11 16:41:02.067.694] [NOTICE] [Controller] IMU data reading has resumed! 
[2025-06-11 16:41:03.049.873] [INFO  ] [Battery] SoC = 96%, Volt = +32.600V, Temp 27 
[2025-06-11 16:41:04.213.049] [WARN  ] [CPU] Cpu temperature -1692726684 cpu  
[2025-06-11 16:41:04.521.719] [INFO  ] [Controller] [Joints] FL: +26.772, +26.772, +26.772 ,FR: +26.772, +26.772, +26.772, HL: 25.039, +25.039, +26.772, HR: +25.039, +25.039, +26.772 Max FL-HipX = +26.772 Min HL-HipX = +25.039 
[2025-06-11 16:41:07.021.717] [INFO  ] [Controller] [Joints] FL: +26.772, +26.772, +26.772 ,FR: +26.772, +26.772, +26.772, HL: 25.039, +25.039, +26.772, HR: +25.039, +25.039, +26.772 Max FL-HipX = +26.772 Min HL-HipX = +25.039 
[2025-06-11 16:41:08.039.093] [INFO  ] [Battery] SoC = 96%, Volt = +32.600V, Temp 27 
[2025-06-11 16:41:09.521.717] [INFO  ] [Controller] [Joints] FL: +26.772, +26.772, +26.772 ,FR: +26.772, +26.772, +26.772, HL: 25.039, +25.039, +26.772, HR: +25.039, +25.039, +26.772 Max FL-HipX = +26.772 Min HL-HipX = +25.039 
[2025-06-11 16:41:12.021.718] [INFO  ] [Controller] [Joints] FL: +26.772, +26.772, +26.772 ,FR: +26.772, +26.772, +26.772, HL: 25.039, +25.039, +26.772, HR: +25.039, +25.039, +26.772 Max FL-HipX = +26.772 Min HL-HipX = +25.039 
[2025-06-11 16:41:13.028.196] [INFO  ] [Battery] SoC = 96%, Volt = +32.600V, Temp 27 
[2025-06-11 16:41:14.521.724] [INFO  ] [Controller] [Joints] FL: +26.772, +26.772, +26.772 ,FR: +26.772, +26.772, +26.772, HL: 25.039, +25.039, +26.772, HR: +25.039, +25.039, +26.772 Max FL-HipX = +26.772 Min HL-HipX = +25.039 
[2025-06-11 16:41:17.021.720] [INFO  ] [Controller] [Joints] FL: +26.772, +26.772, +26.772 ,FR: +26.772, +26.772, +26.772, HL: 25.039, +25.039, +26.772, HR: +25.039, +25.039, +26.772 Max FL-HipX = +26.772 Min HL-HipX = +25.039 
[2025-06-11 16:41:18.017.284] [INFO  ] [Battery] SoC = 96%, Volt = +32.600V, Temp 27 
[2025-06-11 16:41:19.521.720] [INFO  ] [Controller] [Joints] FL: +26.772, +26.772, +26.772 ,FR: +26.772, +26.772, +26.772, HL: 25.039, +25.039, +26.772, HR: +25.039, +25.039, +26.772 Max FL-HipX = +26.772 Min HL-HipX = +25.039 
[2025-06-11 16:41:22.021.721] [INFO  ] [Controller] [Joints] FL: +26.772, +26.772, +26.772 ,FR: +26.772, +26.772, +26.772, HL: 25.039, +25.039, +26.772, HR: +25.039, +25.039, +26.772 Max FL-HipX = +26.772 Min HL-HipX = +25.039 
[2025-06-11 16:41:23.006.322] [INFO  ] [Battery] SoC = 96%, Volt = +32.600V, Temp 27 
[2025-06-11 16:41:24.521.715] [INFO  ] [Controller] [Joints] FL: +26.772, +26.772, +26.772 ,FR: +26.772, +26.772, +26.772, HL: 25.039, +25.039, +26.772, HR: +25.039, +25.039, +26.772 Max FL-HipX = +26.772 Min HL-HipX = +25.039 
[2025-06-11 16:41:27.021.719] [INFO  ] [Controller] [Joints] FL: +26.772, +26.772, +26.772 ,FR: +26.772, +26.772, +26.772, HL: 25.039, +25.039, +26.772, HR: +25.039, +25.039, +26.772 Max FL-HipX = +26.772 Min HL-HipX = +25.039 
[2025-06-11 16:41:27.995.201] [INFO  ] [Battery] SoC = 96%, Volt = +32.600V, Temp 27 
[2025-06-11 16:41:29.521.715] [INFO  ] [Controller] [Joints] FL: +26.772, +26.772, +26.772 ,FR: +26.772, +26.772, +26.772, HL: 25.039, +25.039, +26.772, HR: +25.039, +25.039, +26.772 Max FL-HipX = +26.772 Min HL-HipX = +25.039 
[2025-06-11 16:41:32.021.715] [INFO  ] [Controller] [Joints] FL: +26.772, +26.772, +26.772 ,FR: +26.772, +26.772, +26.772, HL: 25.039, +25.039, +26.772, HR: +25.039, +25.039, +26.772 Max FL-HipX = +26.772 Min HL-HipX = +25.039 
[2025-06-11 16:41:32.984.068] [INFO  ] [Battery] SoC = 96%, Volt = +32.600V, Temp 27 
[2025-06-11 16:41:34.521.717] [INFO  ] [Controller] [Joints] FL: +26.772, +26.772, +26.772 ,FR: +26.772, +26.772, +26.772, HL: 25.039, +25.039, +26.772, HR: +25.039, +25.039, +26.772 Max FL-HipX = +26.772 Min HL-HipX = +25.039 
[2025-06-11 16:41:37.021.714] [INFO  ] [Controller] [Joints] FL: +26.772, +26.772, +26.772 ,FR: +26.772, +26.772, +26.772, HL: 25.039, +25.039, +26.772, HR: +25.039, +25.039, +26.772 Max FL-HipX = +26.772 Min HL-HipX = +25.039 
[2025-06-11 16:41:37.973.003] [INFO  ] [Battery] SoC = 96%, Volt = +32.600V, Temp 27 
[2025-06-11 16:41:39.521.717] [INFO  ] [Controller] [Joints] FL: +26.772, +26.772, +26.772 ,FR: +26.772, +26.772, +26.772, HL: 25.039, +25.039, +26.772, HR: +25.039, +25.039, +26.772 Max FL-HipX = +26.772 Min HL-HipX = +25.039 
[2025-06-11 16:41:42.021.717] [INFO  ] [Controller] [Joints] FL: +26.772, +26.772, +26.772 ,FR: +26.772, +26.772, +26.772, HL: 25.039, +25.039, +26.772, HR: +25.039, +25.039, +26.772 Max FL-HipX = +26.772 Min HL-HipX = +25.039 
[2025-06-11 16:41:42.962.071] [INFO  ] [Battery] SoC = 96%, Volt = +32.600V, Temp 27 
[2025-06-11 16:41:44.521.717] [INFO  ] [Controller] [Joints] FL: +26.772, +26.772, +26.772 ,FR: +26.772, +26.772, +26.772, HL: 25.039, +25.039, +26.772, HR: +25.039, +25.039, +26.772 Max FL-HipX = +26.772 Min HL-HipX = +25.039 
[2025-06-11 16:41:47.021.721] [INFO  ] [Controller] [Joints] FL: +26.772, +26.772, +26.772 ,FR: +26.772, +26.772, +26.772, HL: 25.039, +25.039, +26.772, HR: +25.039, +25.039, +26.772 Max FL-HipX = +26.772 Min HL-HipX = +25.039 
[2025-06-11 16:41:47.950.868] [INFO  ] [Battery] SoC = 96%, Volt = +32.600V, Temp 27 
[2025-06-11 16:41:49.521.709] [INFO  ] [Controller] [Joints] FL: +26.772, +26.772, +26.772 ,FR: +26.772, +26.772, +26.772, HL: 25.039, +25.039, +26.772, HR: +25.039, +25.039, +26.772 Max FL-HipX = +26.772 Min HL-HipX = +25.039 
[2025-06-11 16:41:52.021.720] [INFO  ] [Controller] [Joints] FL: +26.772, +26.772, +26.772 ,FR: +26.772, +26.772, +26.772, HL: 25.039, +25.039, +26.772, HR: +25.039, +25.039, +26.772 Max FL-HipX = +26.772 Min HL-HipX = +25.039 
[2025-06-11 16:41:52.939.613] [INFO  ] [Battery] SoC = 96%, Volt = +32.600V, Temp 27 
[2025-06-11 16:41:54.521.721] [INFO  ] [Controller] [Joints] FL: +26.772, +26.772, +26.772 ,FR: +26.772, +26.772, +26.772, HL: 25.039, +25.039, +26.772, HR: +25.039, +25.039, +26.772 Max FL-HipX = +26.772 Min HL-HipX = +25.039 
[2025-06-11 16:41:57.021.723] [INFO  ] [Controller] [Joints] FL: +26.772, +26.772, +26.772 ,FR: +26.772, +26.772, +26.772, HL: 25.039, +25.039, +26.772, HR: +25.039, +25.039, +26.772 Max FL-HipX = +26.772 Min HL-HipX = +25.039 
[2025-06-11 16:41:57.928.217] [INFO  ] [Battery] SoC = 96%, Volt = +32.600V, Temp 27 
[2025-06-11 16:41:59.521.726] [INFO  ] [Controller] [Joints] FL: +26.772, +26.772, +26.772 ,FR: +26.772, +26.772, +26.772, HL: 25.039, +25.039, +26.772, HR: +25.039, +25.039, +26.772 Max FL-HipX = +26.772 Min HL-HipX = +25.039 
[2025-06-11 16:42:01.208.706] [WARN  ] [basicmethod] 
[Working State Judge]
wifi connect: 0
gyro connect: 1
battary voltage normal: 1
 
[2025-06-11 16:42:02.021.718] [INFO  ] [Controller] [Joints] FL: +26.772, +26.772, +26.772 ,FR: +26.772, +26.772, +26.772, HL: 25.039, +25.039, +26.772, HR: +25.039, +25.039, +26.772 Max FL-HipX = +26.772 Min HL-HipX = +25.039 
[2025-06-11 16:42:02.916.692] [INFO  ] [Battery] SoC = 96%, Volt = +32.600V, Temp 27 
[2025-06-11 16:42:04.521.724] [INFO  ] [Controller] [Joints] FL: +26.772, +26.772, +26.772 ,FR: +26.772, +26.772, +26.772, HL: 25.039, +25.039, +26.772, HR: +25.039, +25.039, +26.772 Max FL-HipX = +26.772 Min HL-HipX = +25.039 
[2025-06-11 16:42:06.209.704] [WARN  ] [basicmethod] 
[Working State Judge]
wifi connect: 0
gyro connect: 1
battary voltage normal: 1
 
[2025-06-11 16:42:07.021.717] [INFO  ] [Controller] [Joints] FL: +26.772, +26.772, +26.772 ,FR: +26.772, +26.772, +26.772, HL: 25.039, +25.039, +26.772, HR: +25.039, +25.039, +26.772 Max FL-HipX = +26.772 Min HL-HipX = +25.039 
[2025-06-11 16:42:07.905.200] [INFO  ] [Battery] SoC = 95%, Volt = +32.600V, Temp 27 
[2025-06-11 16:42:09.521.722] [INFO  ] [Controller] [Joints] FL: +26.772, +26.772, +26.772 ,FR: +26.772, +26.772, +26.772, HL: 25.039, +25.039, +26.772, HR: +25.039, +25.039, +26.772 Max FL-HipX = +26.772 Min HL-HipX = +25.039 
[2025-06-11 16:42:11.210.701] [WARN  ] [basicmethod] 
[Working State Judge]
wifi connect: 0
gyro connect: 1
battary voltage normal: 1
 
[2025-06-11 16:42:12.021.715] [INFO  ] [Controller] [Joints] FL: +26.772, +26.772, +26.772 ,FR: +26.772, +26.772, +26.772, HL: 25.039, +25.039, +26.772, HR: +25.039, +25.039, +26.772 Max FL-HipX = +26.772 Min HL-HipX = +25.039 
[2025-06-11 16:42:12.893.604] [INFO  ] [Battery] SoC = 95%, Volt = +32.600V, Temp 27 
[2025-06-11 16:42:14.521.726] [INFO  ] [Controller] [Joints] FL: +26.772, +26.772, +26.772 ,FR: +26.772, +26.772, +26.772, HL: 25.039, +25.039, +26.772, HR: +25.039, +25.039, +26.772 Max FL-HipX = +26.772 Min HL-HipX = +25.039 
[2025-06-11 16:42:16.210.702] [WARN  ] [basicmethod] 
[Working State Judge]
wifi connect: 0
gyro connect: 1
battary voltage normal: 1
 
[2025-06-11 16:42:17.021.721] [INFO  ] [Controller] [Joints] FL: +26.772, +26.772, +26.772 ,FR: +26.772, +26.772, +26.772, HL: 25.039, +25.039, +26.772, HR: +25.039, +25.039, +26.772 Max FL-HipX = +26.772 Min HL-HipX = +25.039 
[2025-06-11 16:42:17.882.116] [INFO  ] [Battery] SoC = 95%, Volt = +32.600V, Temp 27 
[2025-06-11 16:42:19.521.716] [INFO  ] [Controller] [Joints] FL: +26.772, +26.772, +26.772 ,FR: +26.772, +26.772, +26.772, HL: 25.039, +26.772, +26.772, HR: +25.039, +25.039, +26.772 Max FL-HipX = +26.772 Min HL-HipX = +25.039 
[2025-06-11 16:42:22.021.716] [INFO  ] [Controller] [Joints] FL: +26.772, +26.772, +26.772 ,FR: +26.772, +26.772, +26.772, HL: 25.039, +26.772, +26.772, HR: +25.039, +25.039, +26.772 Max FL-HipX = +26.772 Min HL-HipX = +25.039 
[2025-06-11 16:42:22.618.699] [INFO  ] [Controller] [AI Close] 
[2025-06-11 16:42:22.870.605] [INFO  ] [Battery] SoC = 95%, Volt = +32.600V, Temp 27 
[2025-06-11 16:42:23.584.844] [INFO  ] [Controller] Switch to Joystick Mode!!! 
[2025-06-11 16:42:24.521.816] [INFO  ] [Controller] [Joints] FL: +26.772, +26.772, +26.772 ,FR: +26.772, +26.772, +26.772, HL: 25.039, +26.772, +26.772, HR: +25.039, +25.039, +26.772 Max FL-HipX = +26.772 Min HL-HipX = +25.039 
[2025-06-11 16:42:24.805.700] [INFO  ] [Controller] stand_cmd.... 
[2025-06-11 16:42:24.805.743] [INFO  ] [BasicMotion] Standing up, please wait... 
[2025-06-11 16:42:24.805.746] [INFO  ] [BasicMotion] Switching to zeroposition !!!!! 
[2025-06-11 16:42:27.021.720] [INFO  ] [Controller] [Joints] FL: +26.772, +26.772, +26.772 ,FR: +26.772, +26.772, +26.772, HL: 26.772, +26.772, +26.772, HR: +25.039, +25.039, +26.772 Max FL-HipX = +26.772 Min HR-HipX = +25.039 
[2025-06-11 16:42:27.766.700] [INFO  ] [Controller] stand_cmd.... 
[2025-06-11 16:42:27.859.144] [INFO  ] [Battery] SoC = 95%, Volt = +32.400V, Temp 27 
[2025-06-11 16:42:29.521.719] [INFO  ] [Controller] [Joints] FL: +26.772, +26.772, +26.772 ,FR: +26.772, +26.772, +26.772, HL: 26.772, +26.772, +26.772, HR: +26.772, +25.039, +26.772 Max FL-HipX = +26.772 Min HR-HipY = +25.039 
[2025-06-11 16:42:32.021.718] [INFO  ] [Controller] [Joints] FL: +26.772, +26.772, +26.772 ,FR: +26.772, +26.772, +26.772, HL: 26.772, +26.772, +26.772, HR: +26.772, +26.772, +26.772 Max FL-HipX = +26.772 Min FL-HipX = +26.772 
[2025-06-11 16:42:32.847.692] [INFO  ] [Battery] SoC = 95%, Volt = +32.600V, Temp 27 
[2025-06-11 16:42:34.521.716] [INFO  ] [Controller] [Joints] FL: +26.772, +26.772, +26.772 ,FR: +26.772, +26.772, +26.772, HL: 26.772, +26.772, +26.772, HR: +26.772, +26.772, +26.772 Max FL-HipX = +26.772 Min FL-HipX = +26.772 
[2025-06-11 16:42:34.768.701] [INFO  ] [Controller] stand_cmd.... 
[2025-06-11 16:42:34.768.740] [INFO  ] [BasicMotion] Standing up, please wait... 
[2025-06-11 16:42:36.770.709] [INFO  ] [BasicMotion] Stand up action has finished, waitting to switch to force control mode! 
[2025-06-11 16:42:36.770.756] [INFO  ] [BasicMotion] Switching to force control mode, please wait... 
[2025-06-11 16:42:37.022.718] [INFO  ] [Controller] [Joints] FL: +26.772, +26.772, +26.772 ,FR: +26.772, +26.772, +26.772, HL: 26.772, +26.772, +26.772, HR: +26.772, +26.772, +26.772 Max FL-HipX = +26.772 Min FL-HipX = +26.772 
[2025-06-11 16:42:37.836.213] [INFO  ] [Battery] SoC = 95%, Volt = +32.400V, Temp 27 
[2025-06-11 16:42:39.522.718] [INFO  ] [Controller] [Joints] FL: +26.772, +26.772, +26.772 ,FR: +26.772, +26.772, +26.772, HL: 26.772, +26.772, +26.772, HR: +26.772, +26.772, +26.772 Max FL-HipX = +26.772 Min FL-HipX = +26.772 
[2025-06-11 16:42:40.209.770] [INFO  ] [TVMPC] JY is Moving... (tvmpc),  time: 99.001652 
[2025-06-11 16:42:41.560.103] [INFO  ] [TVMPC] [trot]STOP!!! 
[2025-06-11 16:42:41.560.695] [INFO  ] [BasicMotion] Switching to force control mode, please wait... 
[2025-06-11 16:42:42.022.719] [INFO  ] [Controller] [Joints] FL: +26.772, +26.772, +26.772 ,FR: +26.772, +26.772, +26.772, HL: 28.504, +26.772, +26.772, HR: +28.504, +26.772, +26.772 Max HL-HipX = +28.504 Min FL-HipX = +26.772 
[2025-06-11 16:42:42.824.805] [INFO  ] [Battery] SoC = 95%, Volt = +32.400V, Temp 27 
[2025-06-11 16:42:44.522.719] [INFO  ] [Controller] [Joints] FL: +26.772, +26.772, +26.772 ,FR: +26.772, +26.772, +26.772, HL: 28.504, +26.772, +28.504, HR: +28.504, +26.772, +28.504 Max HL-HipX = +28.504 Min FL-HipX = +26.772 
[2025-06-11 16:42:44.823.732] [INFO  ] [TVMPC] JY is Moving... (tvmpc),  time: 103.615649 
[2025-06-11 16:42:47.022.714] [INFO  ] [Controller] [Joints] FL: +26.772, +26.772, +26.772 ,FR: +26.772, +26.772, +26.772, HL: 28.504, +26.772, +28.504, HR: +28.504, +26.772, +28.504 Max HL-HipX = +28.504 Min FL-HipX = +26.772 
[2025-06-11 16:42:47.074.149] [INFO  ] [TVMPC] [trot]STOP!!! 
[2025-06-11 16:42:47.074.695] [INFO  ] [BasicMotion] Switching to force control mode, please wait... 
[2025-06-11 16:42:47.813.314] [INFO  ] [Battery] SoC = 95%, Volt = +32.400V, Temp 27 
[2025-06-11 16:42:49.522.720] [INFO  ] [Controller] [Joints] FL: +26.772, +26.772, +26.772 ,FR: +28.504, +26.772, +26.772, HL: 28.504, +26.772, +28.504, HR: +28.504, +26.772, +28.504 Max FR-HipX = +28.504 Min FL-HipX = +26.772 
[2025-06-11 16:42:49.648.730] [INFO  ] [TVMPC] JY is Moving... (tvmpc),  time: 108.440649 
[2025-06-11 16:42:52.022.719] [INFO  ] [Controller] [Joints] FL: +26.772, +26.772, +28.504 ,FR: +28.504, +26.772, +28.504, HL: 28.504, +26.772, +28.504, HR: +28.504, +26.772, +30.236 Max HR-Knee = +30.236 Min FL-HipX = +26.772 
[2025-06-11 16:42:52.801.765] [INFO  ] [Battery] SoC = 95%, Volt = +32.300V, Temp 27 
[2025-06-11 16:42:54.522.714] [INFO  ] [Controller] [Joints] FL: +26.772, +26.772, +28.504 ,FR: +28.504, +26.772, +28.504, HL: 28.504, +26.772, +30.236, HR: +28.504, +26.772, +30.236 Max HL-Knee = +30.236 Min FL-HipX = +26.772 
[2025-06-11 16:42:57.022.709] [INFO  ] [Controller] [Joints] FL: +28.504, +26.772, +28.504 ,FR: +28.504, +26.772, +28.504, HL: 30.236, +26.772, +30.236, HR: +28.504, +26.772, +31.969 Max HR-Knee = +31.969 Min FL-HipY = +26.772 
[2025-06-11 16:42:57.790.072] [INFO  ] [Battery] SoC = 95%, Volt = +32.300V, Temp 27 
[2025-06-11 16:42:59.522.712] [INFO  ] [Controller] [Joints] FL: +28.504, +26.772, +28.504 ,FR: +28.504, +26.772, +28.504, HL: 30.236, +26.772, +30.236, HR: +28.504, +26.772, +31.969 Max HR-Knee = +31.969 Min FL-HipY = +26.772 
[2025-06-11 16:43:02.023.710] [INFO  ] [Controller] [Joints] FL: +28.504, +26.772, +30.236 ,FR: +28.504, +26.772, +28.504, HL: 30.236, +26.772, +31.969, HR: +28.504, +26.772, +33.701 Max HR-Knee = +33.701 Min FL-HipY = +26.772 
[2025-06-11 16:43:02.778.370] [INFO  ] [Battery] SoC = 95%, Volt = +32.200V, Temp 27 
[2025-06-11 16:43:04.523.709] [INFO  ] [Controller] [Joints] FL: +28.504, +26.772, +30.236 ,FR: +30.236, +26.772, +30.236, HL: 30.236, +26.772, +31.969, HR: +30.236, +26.772, +33.701 Max HR-Knee = +33.701 Min FL-HipY = +26.772 
[2025-06-11 16:43:04.950.104] [INFO  ] [TVMPC] [trot]STOP!!! 
[2025-06-11 16:43:04.950.695] [INFO  ] [BasicMotion] Switching to force control mode, please wait... 
[2025-06-11 16:43:07.023.716] [INFO  ] [Controller] [Joints] FL: +28.504, +26.772, +30.236 ,FR: +30.236, +26.772, +30.236, HL: 30.236, +26.772, +31.969, HR: +30.236, +26.772, +33.701 Max HR-Knee = +33.701 Min FL-HipY = +26.772 
[2025-06-11 16:43:07.766.717] [INFO  ] [Battery] SoC = 95%, Volt = +32.400V, Temp 27 
[2025-06-11 16:43:09.523.717] [INFO  ] [Controller] [Joints] FL: +30.236, +26.772, +30.236 ,FR: +30.236, +26.772, +30.236, HL: 30.236, +26.772, +33.701, HR: +30.236, +26.772, +35.433 Max HR-Knee = +35.433 Min FL-HipY = +26.772 
[2025-06-11 16:43:12.023.720] [INFO  ] [Controller] [Joints] FL: +30.236, +26.772, +30.236 ,FR: +30.236, +26.772, +30.236, HL: 30.236, +26.772, +33.701, HR: +30.236, +26.772, +35.433 Max HR-Knee = +35.433 Min FL-HipY = +26.772 
[2025-06-11 16:43:12.755.049] [INFO  ] [Battery] SoC = 95%, Volt = +32.400V, Temp 27 
[2025-06-11 16:43:14.523.718] [INFO  ] [Controller] [Joints] FL: +30.236, +26.772, +30.236 ,FR: +30.236, +26.772, +30.236, HL: 30.236, +26.772, +33.701, HR: +31.969, +26.772, +35.433 Max HR-Knee = +35.433 Min FL-HipY = +26.772 
[2025-06-11 16:43:17.023.723] [INFO  ] [Controller] [Joints] FL: +30.236, +26.772, +30.236 ,FR: +28.504, +26.772, +30.236, HL: 30.236, +26.772, +35.433, HR: +31.969, +26.772, +35.433 Max HL-Knee = +35.433 Min FL-HipY = +26.772 
[2025-06-11 16:43:17.743.434] [INFO  ] [Battery] SoC = 95%, Volt = +32.400V, Temp 27 
[2025-06-11 16:43:17.828.700] [INFO  ] [Controller] stand_cmd.... 
[2025-06-11 16:43:17.828.763] [INFO  ] [BasicMotion] Standing down, please wait... 
[2025-06-11 16:43:19.523.708] [INFO  ] [Controller] [Joints] FL: +30.236, +26.772, +30.236 ,FR: +28.504, +26.772, +30.236, HL: 30.236, +26.772, +35.433, HR: +31.969, +26.772, +35.433 Max HL-Knee = +35.433 Min FL-HipY = +26.772 
[2025-06-11 16:43:20.328.712] [INFO  ] [BasicMotion] Stand down action has finished, waitting to stand up again!!! 
[2025-06-11 16:43:21.791.697] [INFO  ] [Controller] stand_cmd.... 
[2025-06-11 16:43:21.791.742] [INFO  ] [BasicMotion] Standing up, please wait... 
[2025-06-11 16:43:22.023.718] [INFO  ] [Controller] [Joints] FL: +30.236, +26.772, +30.236 ,FR: +28.504, +26.772, +30.236, HL: 30.236, +26.772, +35.433, HR: +31.969, +26.772, +35.433 Max HL-Knee = +35.433 Min FL-HipY = +26.772 
[2025-06-11 16:43:22.731.817] [INFO  ] [Battery] SoC = 95%, Volt = +32.200V, Temp 27 
[2025-06-11 16:43:23.793.708] [INFO  ] [BasicMotion] Stand up action has finished, waitting to switch to force control mode! 
[2025-06-11 16:43:23.793.751] [INFO  ] [BasicMotion] Switching to force control mode, please wait... 
[2025-06-11 16:43:24.523.716] [INFO  ] [Controller] [Joints] FL: +30.236, +26.772, +30.236 ,FR: +28.504, +26.772, +30.236, HL: 30.236, +26.772, +35.433, HR: +31.969, +26.772, +35.433 Max HL-Knee = +35.433 Min FL-HipY = +26.772 
[2025-06-11 16:43:24.594.734] [INFO  ] [TVMPC] JY is Moving... (tvmpc),  time: 143.386649 
[2025-06-11 16:43:27.023.712] [INFO  ] [Controller] [Joints] FL: +30.236, +26.772, +30.236 ,FR: +28.504, +26.772, +30.236, HL: 30.236, +26.772, +35.433, HR: +31.969, +26.772, +35.433 Max HL-Knee = +35.433 Min FL-HipY = +26.772 
[2025-06-11 16:43:27.720.261] [INFO  ] [Battery] SoC = 94%, Volt = +32.300V, Temp 27 
[2025-06-11 16:43:27.745.105] [INFO  ] [TVMPC] [trot]STOP!!! 
[2025-06-11 16:43:27.745.695] [INFO  ] [BasicMotion] Switching to force control mode, please wait... 
[2025-06-11 16:43:28.747.733] [INFO  ] [TVMPC] JY is Moving... (tvmpc),  time: 147.539649 
[2025-06-11 16:43:29.523.707] [INFO  ] [Controller] [Joints] FL: +30.236, +26.772, +30.236 ,FR: +28.504, +26.772, +30.236, HL: 30.236, +26.772, +35.433, HR: +31.969, +26.772, +35.433 Max HL-Knee = +35.433 Min FL-HipY = +26.772 
[2025-06-11 16:43:29.648.105] [INFO  ] [TVMPC] [trot]STOP!!! 
[2025-06-11 16:43:29.648.695] [INFO  ] [BasicMotion] Switching to force control mode, please wait... 
[2025-06-11 16:43:32.023.715] [INFO  ] [Controller] [Joints] FL: +30.236, +26.772, +30.236 ,FR: +30.236, +26.772, +31.969, HL: 30.236, +26.772, +35.433, HR: +31.969, +26.772, +35.433 Max HL-Knee = +35.433 Min FL-HipY = +26.772 
[2025-06-11 16:43:32.214.732] [INFO  ] [TVMPC] JY is Moving... (tvmpc),  time: 151.006649 
[2025-06-11 16:43:32.708.541] [INFO  ] [Battery] SoC = 94%, Volt = +32.200V, Temp 27 
[2025-06-11 16:43:34.523.710] [INFO  ] [Controller] [Joints] FL: +30.236, +26.772, +30.236 ,FR: +30.236, +26.772, +31.969, HL: 30.236, +26.772, +35.433, HR: +33.701, +26.772, +35.433 Max HL-Knee = +35.433 Min FL-HipY = +26.772 
[2025-06-11 16:43:34.915.105] [INFO  ] [TVMPC] [trot]STOP!!! 
[2025-06-11 16:43:34.915.695] [INFO  ] [BasicMotion] Switching to force control mode, please wait... 
[2025-06-11 16:43:35.917.732] [INFO  ] [TVMPC] JY is Moving... (tvmpc),  time: 154.709649 
[2025-06-11 16:43:36.818.097] [INFO  ] [TVMPC] [trot]STOP!!! 
[2025-06-11 16:43:36.818.694] [INFO  ] [BasicMotion] Switching to force control mode, please wait... 
[2025-06-11 16:43:37.023.712] [INFO  ] [Controller] [Joints] FL: +30.236, +26.772, +30.236 ,FR: +30.236, +26.772, +31.969, HL: 30.236, +26.772, +35.433, HR: +33.701, +26.772, +35.433 Max HL-Knee = +35.433 Min FL-HipY = +26.772 
[2025-06-11 16:43:37.696.903] [INFO  ] [Battery] SoC = 94%, Volt = +32.300V, Temp 27 
[2025-06-11 16:43:37.820.732] [INFO  ] [TVMPC] JY is Moving... (tvmpc),  time: 156.612649 
[2025-06-11 16:43:39.523.711] [INFO  ] [Controller] [Joints] FL: +30.236, +26.772, +30.236 ,FR: +30.236, +26.772, +31.969, HL: 31.969, +26.772, +37.165, HR: +33.701, +26.772, +37.165 Max HL-Knee = +37.165 Min FL-HipY = +26.772 
[2025-06-11 16:43:41.871.109] [INFO  ] [TVMPC] [trot]STOP!!! 
[2025-06-11 16:43:41.871.695] [INFO  ] [BasicMotion] Switching to force control mode, please wait... 
[2025-06-11 16:43:42.023.721] [INFO  ] [Controller] [Joints] FL: +30.236, +26.772, +31.969 ,FR: +30.236, +26.772, +31.969, HL: 31.969, +26.772, +37.165, HR: +33.701, +26.772, +37.165 Max HL-Knee = +37.165 Min FL-HipY = +26.772 
[2025-06-11 16:43:42.685.229] [INFO  ] [Battery] SoC = 94%, Volt = +32.300V, Temp 27 
[2025-06-11 16:43:42.973.699] [INFO  ] [Controller] stand_cmd.... 
[2025-06-11 16:43:42.973.758] [INFO  ] [BasicMotion] Standing down, please wait... 
[2025-06-11 16:43:44.523.720] [INFO  ] [Controller] [Joints] FL: +30.236, +26.772, +31.969 ,FR: +30.236, +26.772, +31.969, HL: 31.969, +26.772, +37.165, HR: +33.701, +26.772, +37.165 Max HL-Knee = +37.165 Min FL-HipY = +26.772 
[2025-06-11 16:43:45.474.706] [INFO  ] [BasicMotion] Stand down action has finished, waitting to stand up again!!! 
[2025-06-11 16:43:47.023.717] [INFO  ] [Controller] [Joints] FL: +30.236, +26.772, +31.969 ,FR: +30.236, +26.772, +31.969, HL: 31.969, +26.772, +37.165, HR: +33.701, +26.772, +37.165 Max HL-Knee = +37.165 Min FL-HipY = +26.772 
[2025-06-11 16:43:47.673.415] [INFO  ] [Battery] SoC = 94%, Volt = +32.500V, Temp 27 
[2025-06-11 16:43:49.523.720] [INFO  ] [Controller] [Joints] FL: +30.236, +26.772, +31.969 ,FR: +30.236, +26.772, +31.969, HL: 31.969, +26.772, +37.165, HR: +31.969, +26.772, +37.165 Max HL-Knee = +37.165 Min FL-HipY = +26.772 
[2025-06-11 16:43:52.023.717] [INFO  ] [Controller] [Joints] FL: +30.236, +26.772, +31.969 ,FR: +30.236, +26.772, +31.969, HL: 31.969, +26.772, +35.433, HR: +31.969, +26.772, +35.433 Max HL-Knee = +35.433 Min FL-HipY = +26.772 
[2025-06-11 16:43:52.661.587] [INFO  ] [Battery] SoC = 94%, Volt = +32.500V, Temp 27 
[2025-06-11 16:43:54.523.713] [INFO  ] [Controller] [Joints] FL: +30.236, +26.772, +30.236 ,FR: +30.236, +26.772, +31.969, HL: 30.236, +26.772, +35.433, HR: +31.969, +26.772, +35.433 Max HL-Knee = +35.433 Min FL-HipY = +26.772 
[2025-06-11 16:43:57.023.715] [INFO  ] [Controller] [Joints] FL: +30.236, +26.772, +30.236 ,FR: +30.236, +26.772, +31.969, HL: 30.236, +26.772, +35.433, HR: +31.969, +26.772, +35.433 Max HL-Knee = +35.433 Min FL-HipY = +26.772 
[2025-06-11 16:43:57.649.856] [INFO  ] [Battery] SoC = 94%, Volt = +32.500V, Temp 27 
[2025-06-11 16:43:59.523.728] [INFO  ] [Controller] [Joints] FL: +30.236, +26.772, +30.236 ,FR: +30.236, +26.772, +30.236, HL: 30.236, +26.772, +35.433, HR: +31.969, +26.772, +35.433 Max HL-Knee = +35.433 Min FL-HipY = +26.772 
[2025-06-11 16:44:02.023.720] [INFO  ] [Controller] [Joints] FL: +30.236, +26.772, +30.236 ,FR: +30.236, +26.772, +30.236, HL: 30.236, +26.772, +33.701, HR: +30.236, +26.772, +33.701 Max HL-Knee = +33.701 Min FL-HipY = +26.772 
[2025-06-11 16:44:02.638.011] [INFO  ] [Battery] SoC = 94%, Volt = +32.500V, Temp 27 
[2025-06-11 16:44:04.523.761] [INFO  ] [Controller] [Joints] FL: +30.236, +26.772, +30.236 ,FR: +30.236, +26.772, +30.236, HL: 30.236, +26.772, +33.701, HR: +30.236, +26.772, +33.701 Max HL-Knee = +33.701 Min FL-HipY = +26.772 
[2025-06-11 16:44:07.023.717] [INFO  ] [Controller] [Joints] FL: +28.504, +26.772, +30.236 ,FR: +30.236, +26.772, +30.236, HL: 30.236, +26.772, +33.701, HR: +30.236, +26.772, +33.701 Max HL-Knee = +33.701 Min FL-HipY = +26.772 
[2025-06-11 16:44:07.626.350] [INFO  ] [Battery] SoC = 94%, Volt = +32.500V, Temp 27 
[2025-06-11 16:44:08.156.697] [INFO  ] [Controller] stand_cmd.... 
[2025-06-11 16:44:08.156.742] [INFO  ] [BasicMotion] Standing up, please wait... 
[2025-06-11 16:44:09.523.720] [INFO  ] [Controller] [Joints] FL: +28.504, +26.772, +30.236 ,FR: +28.504, +26.772, +30.236, HL: 30.236, +26.772, +33.701, HR: +30.236, +26.772, +33.701 Max HL-Knee = +33.701 Min FL-HipY = +26.772 
[2025-06-11 16:44:10.158.706] [INFO  ] [BasicMotion] Stand up action has finished, waitting to switch to force control mode! 
[2025-06-11 16:44:10.158.741] [INFO  ] [BasicMotion] Switching to force control mode, please wait... 
[2025-06-11 16:44:12.023.720] [INFO  ] [Controller] [Joints] FL: +28.504, +26.772, +30.236 ,FR: +28.504, +26.772, +30.236, HL: 30.236, +26.772, +33.701, HR: +30.236, +26.772, +33.701 Max HL-Knee = +33.701 Min FL-HipY = +26.772 
[2025-06-11 16:44:12.614.562] [INFO  ] [Battery] SoC = 94%, Volt = +32.300V, Temp 27 
[2025-06-11 16:44:14.523.721] [INFO  ] [Controller] [Joints] FL: +28.504, +26.772, +30.236 ,FR: +28.504, +26.772, +30.236, HL: 31.969, +26.772, +33.701, HR: +30.236, +26.772, +33.701 Max HL-Knee = +33.701 Min FL-HipY = +26.772 
[2025-06-11 16:44:17.023.716] [INFO  ] [Controller] [Joints] FL: +30.236, +26.772, +30.236 ,FR: +30.236, +26.772, +30.236, HL: 31.969, +26.772, +33.701, HR: +31.969, +26.772, +33.701 Max HL-Knee = +33.701 Min FL-HipY = +26.772 
[2025-06-11 16:44:17.602.791] [INFO  ] [Battery] SoC = 94%, Volt = +32.300V, Temp 27 
[2025-06-11 16:44:19.523.720] [INFO  ] [Controller] [Joints] FL: +30.236, +26.772, +30.236 ,FR: +30.236, +26.772, +30.236, HL: 33.701, +26.772, +33.701, HR: +31.969, +26.772, +33.701 Max HL-HipX = +33.701 Min FL-HipY = +26.772 
[2025-06-11 16:44:22.023.722] [INFO  ] [Controller] [Joints] FL: +30.236, +26.772, +30.236 ,FR: +30.236, +26.772, +30.236, HL: 35.433, +26.772, +35.433, HR: +31.969, +26.772, +33.701 Max HL-HipX = +35.433 Min FL-HipY = +26.772 
[2025-06-11 16:44:22.591.185] [INFO  ] [Battery] SoC = 94%, Volt = +32.300V, Temp 27 
[2025-06-11 16:44:24.523.720] [INFO  ] [Controller] [Joints] FL: +30.236, +26.772, +30.236 ,FR: +30.236, +26.772, +30.236, HL: 35.433, +26.772, +35.433, HR: +31.969, +26.772, +33.701 Max HL-HipX = +35.433 Min FL-HipY = +26.772 
[2025-06-11 16:44:27.023.715] [INFO  ] [Controller] [Joints] FL: +30.236, +26.772, +30.236 ,FR: +30.236, +26.772, +31.969, HL: 37.165, +26.772, +35.433, HR: +31.969, +26.772, +33.701 Max HL-HipX = +37.165 Min FL-HipY = +26.772 
[2025-06-11 16:44:27.579.501] [INFO  ] [Battery] SoC = 94%, Volt = +32.300V, Temp 27 
[2025-06-11 16:44:29.523.719] [INFO  ] [Controller] [Joints] FL: +31.969, +26.772, +30.236 ,FR: +30.236, +26.772, +31.969, HL: 37.165, +26.772, +35.433, HR: +33.701, +26.772, +33.701 Max HL-HipX = +37.165 Min FL-HipY = +26.772 
[2025-06-11 16:44:32.023.721] [INFO  ] [Controller] [Joints] FL: +31.969, +26.772, +31.969 ,FR: +31.969, +26.772, +31.969, HL: 38.898, +26.772, +35.433, HR: +33.701, +26.772, +33.701 Max HL-HipX = +38.898 Min FL-HipY = +26.772 
[2025-06-11 16:44:32.567.877] [INFO  ] [Battery] SoC = 94%, Volt = +32.300V, Temp 27 
[2025-06-11 16:44:34.523.722] [INFO  ] [Controller] [Joints] FL: +31.969, +26.772, +31.969 ,FR: +31.969, +26.772, +31.969, HL: 40.630, +26.772, +35.433, HR: +33.701, +26.772, +33.701 Max HL-HipX = +40.630 Min FL-HipY = +26.772 
[2025-06-11 16:44:37.023.722] [INFO  ] [Controller] [Joints] FL: +31.969, +26.772, +31.969 ,FR: +31.969, +26.772, +31.969, HL: 40.630, +26.772, +35.433, HR: +35.433, +26.772, +33.701 Max HL-HipX = +40.630 Min FL-HipY = +26.772 
[2025-06-11 16:44:37.556.312] [INFO  ] [Battery] SoC = 94%, Volt = +32.300V, Temp 27 
[2025-06-11 16:44:39.523.720] [INFO  ] [Controller] [Joints] FL: +31.969, +26.772, +31.969 ,FR: +31.969, +26.772, +31.969, HL: 40.630, +26.772, +37.165, HR: +35.433, +26.772, +33.701 Max HL-HipX = +40.630 Min FL-HipY = +26.772 
[2025-06-11 16:44:42.023.723] [INFO  ] [Controller] [Joints] FL: +33.701, +26.772, +31.969 ,FR: +31.969, +26.772, +31.969, HL: 42.362, +26.772, +37.165, HR: +35.433, +26.772, +33.701 Max HL-HipX = +42.362 Min FL-HipY = +26.772 
[2025-06-11 16:44:42.544.803] [INFO  ] [Battery] SoC = 94%, Volt = +32.300V, Temp 27 
[2025-06-11 16:44:44.523.717] [INFO  ] [Controller] [Joints] FL: +33.701, +26.772, +31.969 ,FR: +31.969, +26.772, +33.701, HL: 42.362, +26.772, +37.165, HR: +37.165, +26.772, +33.701 Max HL-HipX = +42.362 Min FL-HipY = +26.772 
[2025-06-11 16:44:47.023.720] [INFO  ] [Controller] [Joints] FL: +33.701, +26.772, +31.969 ,FR: +31.969, +26.772, +33.701, HL: 44.094, +26.772, +37.165, HR: +37.165, +26.772, +33.701 Max HL-HipX = +44.094 Min FL-HipY = +26.772 
[2025-06-11 16:44:47.533.243] [INFO  ] [Battery] SoC = 93%, Volt = +32.300V, Temp 27 
[2025-06-11 16:44:49.523.723] [INFO  ] [Controller] [Joints] FL: +33.701, +26.772, +31.969 ,FR: +31.969, +26.772, +33.701, HL: 44.094, +26.772, +37.165, HR: +37.165, +26.772, +33.701 Max HL-HipX = +44.094 Min FL-HipY = +26.772 
[2025-06-11 16:44:52.023.723] [INFO  ] [Controller] [Joints] FL: +33.701, +26.772, +31.969 ,FR: +33.701, +26.772, +33.701, HL: 44.094, +26.772, +37.165, HR: +37.165, +26.772, +33.701 Max HL-HipX = +44.094 Min FL-HipY = +26.772 
[2025-06-11 16:44:52.521.660] [INFO  ] [Battery] SoC = 93%, Volt = +32.300V, Temp 27 
[2025-06-11 16:44:54.523.720] [INFO  ] [Controller] [Joints] FL: +33.701, +26.772, +31.969 ,FR: +33.701, +26.772, +33.701, HL: 45.827, +26.772, +37.165, HR: +37.165, +26.772, +33.701 Max HL-HipX = +45.827 Min FL-HipY = +26.772 
[2025-06-11 16:44:57.023.720] [INFO  ] [Controller] [Joints] FL: +33.701, +26.772, +31.969 ,FR: +33.701, +26.772, +33.701, HL: 45.827, +26.772, +37.165, HR: +38.898, +26.772, +33.701 Max HL-HipX = +45.827 Min FL-HipY = +26.772 
[2025-06-11 16:44:57.510.065] [INFO  ] [Battery] SoC = 93%, Volt = +32.300V, Temp 27 
[2025-06-11 16:44:59.523.718] [INFO  ] [Controller] [Joints] FL: +33.701, +26.772, +33.701 ,FR: +33.701, +26.772, +33.701, HL: 45.827, +26.772, +37.165, HR: +38.898, +26.772, +33.701 Max HL-HipX = +45.827 Min FL-HipY = +26.772 
[2025-06-11 16:45:02.023.722] [INFO  ] [Controller] [Joints] FL: +33.701, +26.772, +33.701 ,FR: +33.701, +26.772, +33.701, HL: 47.559, +26.772, +37.165, HR: +38.898, +26.772, +33.701 Max HL-HipX = +47.559 Min FL-HipY = +26.772 
[2025-06-11 16:45:02.498.428] [INFO  ] [Battery] SoC = 93%, Volt = +32.300V, Temp 27 
[2025-06-11 16:45:04.523.721] [INFO  ] [Controller] [Joints] FL: +35.433, +26.772, +33.701 ,FR: +33.701, +26.772, +33.701, HL: 47.559, +26.772, +37.165, HR: +38.898, +26.772, +35.433 Max HL-HipX = +47.559 Min FL-HipY = +26.772 
[2025-06-11 16:45:07.023.717] [INFO  ] [Controller] [Joints] FL: +35.433, +26.772, +33.701 ,FR: +33.701, +26.772, +33.701, HL: 47.559, +26.772, +37.165, HR: +38.898, +26.772, +35.433 Max HL-HipX = +47.559 Min FL-HipY = +26.772 
[2025-06-11 16:45:07.486.780] [INFO  ] [Battery] SoC = 93%, Volt = +32.300V, Temp 27 
[2025-06-11 16:45:09.523.719] [INFO  ] [Controller] [Joints] FL: +35.433, +26.772, +33.701 ,FR: +33.701, +26.772, +33.701, HL: 47.559, +26.772, +37.165, HR: +38.898, +26.772, +35.433 Max HL-HipX = +47.559 Min FL-HipY = +26.772 
[2025-06-11 16:45:12.023.719] [INFO  ] [Controller] [Joints] FL: +35.433, +26.772, +33.701 ,FR: +33.701, +26.772, +35.433, HL: 47.559, +26.772, +37.165, HR: +40.630, +26.772, +35.433 Max HL-HipX = +47.559 Min FL-HipY = +26.772 
[2025-06-11 16:45:12.475.189] [INFO  ] [Battery] SoC = 93%, Volt = +32.300V, Temp 27 
[2025-06-11 16:45:14.523.714] [INFO  ] [Controller] [Joints] FL: +35.433, +26.772, +33.701 ,FR: +33.701, +26.772, +35.433, HL: 49.291, +26.772, +37.165, HR: +40.630, +26.772, +35.433 Max HL-HipX = +49.291 Min FL-HipY = +26.772 
[2025-06-11 16:45:17.023.717] [INFO  ] [Controller] [Joints] FL: +35.433, +26.772, +33.701 ,FR: +33.701, +26.772, +35.433, HL: 49.291, +26.772, +37.165, HR: +40.630, +26.772, +35.433 Max HL-HipX = +49.291 Min FL-HipY = +26.772 
[2025-06-11 16:45:17.463.572] [INFO  ] [Battery] SoC = 93%, Volt = +32.300V, Temp 27 
[2025-06-11 16:45:19.523.715] [INFO  ] [Controller] [Joints] FL: +35.433, +26.772, +33.701 ,FR: +33.701, +26.772, +35.433, HL: 49.291, +26.772, +37.165, HR: +40.630, +26.772, +35.433 Max HL-HipX = +49.291 Min FL-HipY = +26.772 
[2025-06-11 16:45:22.023.714] [INFO  ] [Controller] [Joints] FL: +35.433, +26.772, +33.701 ,FR: +33.701, +26.772, +35.433, HL: 49.291, +26.772, +38.898, HR: +40.630, +26.772, +35.433 Max HL-HipX = +49.291 Min FL-HipY = +26.772 
[2025-06-11 16:45:22.451.863] [INFO  ] [Battery] SoC = 93%, Volt = +32.300V, Temp 27 
[2025-06-11 16:45:24.523.718] [INFO  ] [Controller] [Joints] FL: +35.433, +26.772, +33.701 ,FR: +35.433, +26.772, +35.433, HL: 49.291, +26.772, +38.898, HR: +40.630, +26.772, +35.433 Max HL-HipX = +49.291 Min FL-HipY = +26.772 
[2025-06-11 16:45:27.023.720] [INFO  ] [Controller] [Joints] FL: +35.433, +26.772, +33.701 ,FR: +35.433, +26.772, +35.433, HL: 49.291, +26.772, +38.898, HR: +40.630, +26.772, +35.433 Max HL-HipX = +49.291 Min FL-HipY = +26.772 
[2025-06-11 16:45:27.440.235] [INFO  ] [Battery] SoC = 93%, Volt = +32.300V, Temp 27 
[2025-06-11 16:45:29.523.719] [INFO  ] [Controller] [Joints] FL: +35.433, +26.772, +33.701 ,FR: +35.433, +26.772, +35.433, HL: 51.024, +26.772, +38.898, HR: +42.362, +26.772, +35.433 Max HL-HipX = +51.024 Min FL-HipY = +26.772 
[2025-06-11 16:45:30.781.703] [INFO  ] [Controller] stand_cmd.... 
[2025-06-11 16:45:30.781.767] [INFO  ] [BasicMotion] Standing down, please wait... 
[2025-06-11 16:45:32.023.717] [INFO  ] [Controller] [Joints] FL: +35.433, +26.772, +33.701 ,FR: +35.433, +28.504, +35.433, HL: 51.024, +26.772, +38.898, HR: +42.362, +26.772, +35.433 Max HL-HipX = +51.024 Min FL-HipY = +26.772 
[2025-06-11 16:45:32.428.554] [INFO  ] [Battery] SoC = 93%, Volt = +32.400V, Temp 27 
[2025-06-11 16:45:33.282.703] [INFO  ] [BasicMotion] Stand down action has finished, waitting to stand up again!!! 
[2025-06-11 16:45:34.523.717] [INFO  ] [Controller] [Joints] FL: +35.433, +26.772, +33.701 ,FR: +35.433, +28.504, +35.433, HL: 51.024, +26.772, +38.898, HR: +42.362, +26.772, +35.433 Max HL-HipX = +51.024 Min FL-HipY = +26.772 
[2025-06-11 16:45:37.023.716] [INFO  ] [Controller] [Joints] FL: +35.433, +26.772, +33.701 ,FR: +33.701, +28.504, +35.433, HL: 49.291, +26.772, +37.165, HR: +42.362, +26.772, +35.433 Max HL-HipX = +49.291 Min FL-HipY = +26.772 
[2025-06-11 16:45:37.416.906] [INFO  ] [Battery] SoC = 93%, Volt = +32.400V, Temp 27 
[2025-06-11 16:45:38.432.703] [WARN  ] [basicmethod] 
[Working State Judge]
wifi connect: 0
gyro connect: 1
battary voltage normal: 1
 
[2025-06-11 16:45:39.523.716] [INFO  ] [Controller] [Joints] FL: +35.433, +26.772, +33.701 ,FR: +33.701, +26.772, +35.433, HL: 47.559, +26.772, +37.165, HR: +40.630, +26.772, +35.433 Max HL-HipX = +47.559 Min FL-HipY = +26.772 
[2025-06-11 16:45:42.023.721] [INFO  ] [Controller] [Joints] FL: +33.701, +26.772, +33.701 ,FR: +33.701, +28.504, +33.701, HL: 47.559, +26.772, +37.165, HR: +40.630, +26.772, +35.433 Max HL-HipX = +47.559 Min FL-HipY = +26.772 
[2025-06-11 16:45:42.405.240] [INFO  ] [Battery] SoC = 93%, Volt = +32.400V, Temp 27 
[2025-06-11 16:45:43.432.703] [WARN  ] [basicmethod] 
[Working State Judge]
wifi connect: 0
gyro connect: 1
battary voltage normal: 1
 
[2025-06-11 16:45:44.523.714] [INFO  ] [Controller] [Joints] FL: +33.701, +26.772, +31.969 ,FR: +33.701, +26.772, +33.701, HL: 45.827, +26.772, +37.165, HR: +40.630, +26.772, +33.701 Max HL-HipX = +45.827 Min FL-HipY = +26.772 
[2025-06-11 16:45:47.023.712] [INFO  ] [Controller] [Joints] FL: +33.701, +26.772, +31.969 ,FR: +33.701, +26.772, +33.701, HL: 44.094, +26.772, +35.433, HR: +38.898, +26.772, +33.701 Max HL-HipX = +44.094 Min FL-HipY = +26.772 
[2025-06-11 16:45:47.393.473] [INFO  ] [Battery] SoC = 93%, Volt = +32.400V, Temp 27 
[2025-06-11 16:45:48.433.703] [WARN  ] [basicmethod] 
[Working State Judge]
wifi connect: 0
gyro connect: 1
battary voltage normal: 1
 
[2025-06-11 16:45:49.523.716] [INFO  ] [Controller] [Joints] FL: +33.701, +26.772, +31.969 ,FR: +31.969, +26.772, +33.701, HL: 44.094, +26.772, +35.433, HR: +38.898, +26.772, +33.701 Max HL-HipX = +44.094 Min FL-HipY = +26.772 
[2025-06-11 16:45:52.023.715] [INFO  ] [Controller] [Joints] FL: +33.701, +26.772, +31.969 ,FR: +31.969, +26.772, +31.969, HL: 42.362, +26.772, +35.433, HR: +38.898, +26.772, +33.701 Max HL-HipX = +42.362 Min FL-HipY = +26.772 
[2025-06-11 16:45:52.381.726] [INFO  ] [Battery] SoC = 93%, Volt = +32.400V, Temp 27 
[2025-06-11 16:45:53.434.700] [WARN  ] [basicmethod] 
[Working State Judge]
wifi connect: 0
gyro connect: 1
battary voltage normal: 1
 
[2025-06-11 16:45:54.523.720] [INFO  ] [Controller] [Joints] FL: +31.969, +26.772, +31.969 ,FR: +31.969, +26.772, +31.969, HL: 42.362, +26.772, +35.433, HR: +37.165, +26.772, +33.701 Max HL-HipX = +42.362 Min FL-HipY = +26.772 
[2025-06-11 16:45:57.023.716] [INFO  ] [Controller] [Joints] FL: +31.969, +26.772, +31.969 ,FR: +31.969, +26.772, +31.969, HL: 40.630, +26.772, +33.701, HR: +37.165, +26.772, +33.701 Max HL-HipX = +40.630 Min FL-HipY = +26.772 
[2025-06-11 16:45:57.369.925] [INFO  ] [Battery] SoC = 93%, Volt = +32.400V, Temp 27 
[2025-06-11 16:45:58.435.703] [WARN  ] [basicmethod] 
[Working State Judge]
wifi connect: 0
gyro connect: 1
battary voltage normal: 1
 
[2025-06-11 16:45:59.523.718] [INFO  ] [Controller] [Joints] FL: +31.969, +26.772, +31.969 ,FR: +31.969, +26.772, +31.969, HL: 40.630, +26.772, +33.701, HR: +37.165, +26.772, +31.969 Max HL-HipX = +40.630 Min FL-HipY = +26.772 
[2025-06-11 16:46:02.023.720] [INFO  ] [Controller] [Joints] FL: +31.969, +26.772, +30.236 ,FR: +31.969, +26.772, +31.969, HL: 38.898, +26.772, +33.701, HR: +37.165, +26.772, +31.969 Max HL-HipX = +38.898 Min FL-HipY = +26.772 
[2025-06-11 16:46:02.358.195] [INFO  ] [Battery] SoC = 93%, Volt = +32.400V, Temp 27 
[2025-06-11 16:46:03.436.701] [WARN  ] [basicmethod] 
[Working State Judge]
wifi connect: 0
gyro connect: 1
battary voltage normal: 1
 
[2025-06-11 16:46:04.523.717] [INFO  ] [Controller] [Joints] FL: +31.969, +26.772, +30.236 ,FR: +31.969, +26.772, +31.969, HL: 38.898, +26.772, +33.701, HR: +35.433, +26.772, +31.969 Max HL-HipX = +38.898 Min FL-HipY = +26.772 
[2025-06-11 16:46:07.023.717] [INFO  ] [Controller] [Joints] FL: +31.969, +26.772, +30.236 ,FR: +31.969, +26.772, +31.969, HL: 38.898, +26.772, +33.701, HR: +35.433, +26.772, +31.969 Max HL-HipX = +38.898 Min FL-HipY = +26.772 
[2025-06-11 16:46:07.346.615] [INFO  ] [Battery] SoC = 93%, Volt = +32.400V, Temp 27 
[2025-06-11 16:46:08.437.703] [WARN  ] [basicmethod] 
[Working State Judge]
wifi connect: 0
gyro connect: 1
battary voltage normal: 1
 
[2025-06-11 16:46:09.523.716] [INFO  ] [Controller] [Joints] FL: +31.969, +26.772, +30.236 ,FR: +30.236, +26.772, +30.236, HL: 37.165, +26.772, +31.969, HR: +35.433, +26.772, +31.969 Max HL-HipX = +37.165 Min FL-HipY = +26.772 
[2025-06-11 16:46:12.023.718] [INFO  ] [Controller] [Joints] FL: +31.969, +26.772, +30.236 ,FR: +30.236, +26.772, +30.236, HL: 37.165, +26.772, +31.969, HR: +35.433, +26.772, +31.969 Max HL-HipX = +37.165 Min FL-HipY = +26.772 
[2025-06-11 16:46:12.334.986] [INFO  ] [Battery] SoC = 92%, Volt = +32.400V, Temp 27 
[2025-06-11 16:46:13.438.703] [WARN  ] [basicmethod] 
[Working State Judge]
wifi connect: 0
gyro connect: 1
battary voltage normal: 1
 
[2025-06-11 16:46:14.523.716] [INFO  ] [Controller] [Joints] FL: +30.236, +26.772, +30.236 ,FR: +30.236, +26.772, +30.236, HL: 37.165, +26.772, +31.969, HR: +35.433, +26.772, +31.969 Max HL-HipX = +37.165 Min FL-HipY = +26.772 
[2025-06-11 16:46:17.023.721] [INFO  ] [Controller] [Joints] FL: +30.236, +26.772, +30.236 ,FR: +30.236, +26.772, +30.236, HL: 35.433, +26.772, +31.969, HR: +35.433, +26.772, +31.969 Max HL-HipX = +35.433 Min FL-HipY = +26.772 
[2025-06-11 16:46:17.323.458] [INFO  ] [Battery] SoC = 92%, Volt = +32.400V, Temp 27 
[2025-06-11 16:46:18.439.702] [WARN  ] [basicmethod] 
[Working State Judge]
wifi connect: 0
gyro connect: 1
battary voltage normal: 1
 
[2025-06-11 16:46:19.523.716] [INFO  ] [Controller] [Joints] FL: +30.236, +26.772, +30.236 ,FR: +30.236, +26.772, +30.236, HL: 35.433, +26.772, +31.969, HR: +35.433, +26.772, +31.969 Max HL-HipX = +35.433 Min FL-HipY = +26.772 
[2025-06-11 16:46:22.023.719] [INFO  ] [Controller] [Joints] FL: +30.236, +26.772, +30.236 ,FR: +30.236, +26.772, +30.236, HL: 35.433, +26.772, +31.969, HR: +33.701, +26.772, +31.969 Max HL-HipX = +35.433 Min FL-HipY = +26.772 
[2025-06-11 16:46:22.311.905] [INFO  ] [Battery] SoC = 92%, Volt = +32.400V, Temp 27 
[2025-06-11 16:46:23.440.711] [WARN  ] [basicmethod] 
[Working State Judge]
wifi connect: 0
gyro connect: 1
battary voltage normal: 1
 
[2025-06-11 16:46:24.301.152] [ERROR ] [RT-CAN] [Error] can3 0x84 send error count 1
 
[2025-06-11 16:46:24.523.716] [INFO  ] [Controller] [Joints] FL: +30.236, +26.772, +30.236 ,FR: +30.236, +26.772, +30.236, HL: 35.433, +26.772, +31.969, HR: +33.701, +26.772, +31.969 Max HL-HipX = +35.433 Min FL-HipY = +26.772 
[2025-06-11 16:46:27.023.719] [INFO  ] [Controller] [Joints] FL: +30.236, +26.772, +30.236 ,FR: +30.236, +26.772, +30.236, HL: 35.433, +26.772, +31.969, HR: +33.701, +26.772, +31.969 Max HL-HipX = +35.433 Min FL-HipY = +26.772 
[2025-06-11 16:46:27.300.191] [INFO  ] [Battery] SoC = 92%, Volt = +32.400V, Temp 27 
[2025-06-11 16:46:28.441.710] [WARN  ] [basicmethod] 
[Working State Judge]
wifi connect: 0
gyro connect: 1
battary voltage normal: 1
 
[2025-06-11 16:46:29.523.719] [INFO  ] [Controller] [Joints] FL: +30.236, +26.772, +30.236 ,FR: +30.236, +26.772, +30.236, HL: 33.701, +26.772, +31.969, HR: +33.701, +26.772, +30.236 Max HL-HipX = +33.701 Min FL-HipY = +26.772 
[2025-06-11 16:46:32.023.719] [INFO  ] [Controller] [Joints] FL: +30.236, +26.772, +28.504 ,FR: +30.236, +26.772, +30.236, HL: 33.701, +26.772, +31.969, HR: +33.701, +26.772, +30.236 Max HL-HipX = +33.701 Min FL-HipY = +26.772 
[2025-06-11 16:46:32.288.607] [INFO  ] [Battery] SoC = 92%, Volt = +32.400V, Temp 27 
[2025-06-11 16:46:33.442.709] [WARN  ] [basicmethod] 
[Working State Judge]
wifi connect: 0
gyro connect: 1
battary voltage normal: 1
 
[2025-06-11 16:46:34.523.722] [INFO  ] [Controller] [Joints] FL: +30.236, +26.772, +28.504 ,FR: +30.236, +26.772, +30.236, HL: 33.701, +26.772, +30.236, HR: +33.701, +26.772, +30.236 Max HL-HipX = +33.701 Min FL-HipY = +26.772 
[2025-06-11 16:46:36.101.148] [ERROR ] [RT-CAN] [Error] can3 0x84 send error count 2
 
[2025-06-11 16:46:37.023.717] [INFO  ] [Controller] [Joints] FL: +30.236, +26.772, +28.504 ,FR: +30.236, +26.772, +30.236, HL: 33.701, +26.772, +30.236, HR: +33.701, +26.772, +30.236 Max HL-HipX = +33.701 Min FL-HipY = +26.772 
[2025-06-11 16:46:37.276.910] [INFO  ] [Battery] SoC = 92%, Volt = +32.400V, Temp 27 
[2025-06-11 16:46:38.443.703] [WARN  ] [basicmethod] 
[Working State Judge]
wifi connect: 0
gyro connect: 1
battary voltage normal: 1
 
[2025-06-11 16:46:39.523.719] [INFO  ] [Controller] [Joints] FL: +30.236, +26.772, +28.504 ,FR: +30.236, +28.504, +30.236, HL: 33.701, +26.772, +30.236, HR: +33.701, +26.772, +30.236 Max HL-HipX = +33.701 Min FL-HipY = +26.772 
[2025-06-11 16:46:42.023.717] [INFO  ] [Controller] [Joints] FL: +30.236, +26.772, +28.504 ,FR: +30.236, +28.504, +28.504, HL: 33.701, +26.772, +30.236, HR: +33.701, +26.772, +30.236 Max HL-HipX = +33.701 Min FL-HipY = +26.772 
[2025-06-11 16:46:42.265.196] [INFO  ] [Battery] SoC = 92%, Volt = +32.400V, Temp 27 
[2025-06-11 16:46:43.444.701] [WARN  ] [basicmethod] 
[Working State Judge]
wifi connect: 0
gyro connect: 1
battary voltage normal: 1
 
[2025-06-11 16:46:44.523.712] [INFO  ] [Controller] [Joints] FL: +30.236, +26.772, +28.504 ,FR: +30.236, +28.504, +28.504, HL: 33.701, +26.772, +30.236, HR: +33.701, +26.772, +30.236 Max HL-HipX = +33.701 Min FL-HipY = +26.772 
[2025-06-11 16:46:47.023.720] [INFO  ] [Controller] [Joints] FL: +30.236, +26.772, +28.504 ,FR: +30.236, +28.504, +28.504, HL: 33.701, +26.772, +30.236, HR: +33.701, +26.772, +30.236 Max HL-HipX = +33.701 Min FL-HipY = +26.772 
[2025-06-11 16:46:47.253.448] [INFO  ] [Battery] SoC = 92%, Volt = +32.400V, Temp 27 
[2025-06-11 16:46:48.445.701] [WARN  ] [basicmethod] 
[Working State Judge]
wifi connect: 0
gyro connect: 1
battary voltage normal: 1
 
[2025-06-11 16:46:49.523.720] [INFO  ] [Controller] [Joints] FL: +30.236, +26.772, +28.504 ,FR: +30.236, +28.504, +28.504, HL: 33.701, +26.772, +30.236, HR: +33.701, +26.772, +30.236 Max HL-HipX = +33.701 Min FL-HipY = +26.772 
[2025-06-11 16:46:52.023.717] [INFO  ] [Controller] [Joints] FL: +30.236, +26.772, +28.504 ,FR: +30.236, +28.504, +28.504, HL: 33.701, +26.772, +30.236, HR: +31.969, +26.772, +30.236 Max HL-HipX = +33.701 Min FL-HipY = +26.772 
[2025-06-11 16:46:52.241.735] [INFO  ] [Battery] SoC = 92%, Volt = +32.400V, Temp 27 
[2025-06-11 16:46:53.445.700] [WARN  ] [basicmethod] 
[Working State Judge]
wifi connect: 0
gyro connect: 1
battary voltage normal: 1
 
[2025-06-11 16:46:54.523.721] [INFO  ] [Controller] [Joints] FL: +30.236, +26.772, +28.504 ,FR: +30.236, +28.504, +28.504, HL: 31.969, +26.772, +30.236, HR: +31.969, +26.772, +30.236 Max HL-HipX = +31.969 Min FL-HipY = +26.772 
[2025-06-11 16:46:56.561.149] [ERROR ] [RT-CAN] [Error] can3 0x84 send error count 3
 
[2025-06-11 16:46:57.023.720] [INFO  ] [Controller] [Joints] FL: +30.236, +26.772, +28.504 ,FR: +30.236, +28.504, +28.504, HL: 31.969, +26.772, +30.236, HR: +31.969, +26.772, +30.236 Max HL-HipX = +31.969 Min FL-HipY = +26.772 
[2025-06-11 16:46:57.229.962] [INFO  ] [Battery] SoC = 92%, Volt = +32.400V, Temp 27 
[2025-06-11 16:46:58.446.705] [WARN  ] [basicmethod] 
[Working State Judge]
wifi connect: 0
gyro connect: 1
battary voltage normal: 1
 
[2025-06-11 16:46:59.523.718] [INFO  ] [Controller] [Joints] FL: +30.236, +26.772, +28.504 ,FR: +30.236, +28.504, +28.504, HL: 31.969, +26.772, +30.236, HR: +31.969, +26.772, +30.236 Max HL-HipX = +31.969 Min FL-HipY = +26.772 
[2025-06-11 16:47:02.023.715] [INFO  ] [Controller] [Joints] FL: +30.236, +26.772, +28.504 ,FR: +30.236, +28.504, +28.504, HL: 31.969, +26.772, +30.236, HR: +31.969, +26.772, +30.236 Max HL-HipX = +31.969 Min FL-HipY = +26.772 
[2025-06-11 16:47:02.218.362] [INFO  ] [Battery] SoC = 92%, Volt = +32.400V, Temp 27 
[2025-06-11 16:47:03.447.705] [WARN  ] [basicmethod] 
[Working State Judge]
wifi connect: 0
gyro connect: 1
battary voltage normal: 1
 
[2025-06-11 16:47:04.523.715] [INFO  ] [Controller] [Joints] FL: +30.236, +26.772, +28.504 ,FR: +30.236, +28.504, +28.504, HL: 31.969, +26.772, +30.236, HR: +31.969, +26.772, +30.236 Max HL-HipX = +31.969 Min FL-HipY = +26.772 
[2025-06-11 16:47:07.023.716] [INFO  ] [Controller] [Joints] FL: +30.236, +26.772, +28.504 ,FR: +30.236, +28.504, +28.504, HL: 31.969, +26.772, +30.236, HR: +31.969, +26.772, +30.236 Max HL-HipX = +31.969 Min FL-HipY = +26.772 
[2025-06-11 16:47:07.206.806] [INFO  ] [Battery] SoC = 92%, Volt = +32.400V, Temp 27 
[2025-06-11 16:47:08.448.702] [WARN  ] [basicmethod] 
[Working State Judge]
wifi connect: 0
gyro connect: 1
battary voltage normal: 1
 
[2025-06-11 16:47:09.523.719] [INFO  ] [Controller] [Joints] FL: +30.236, +26.772, +28.504 ,FR: +30.236, +28.504, +28.504, HL: 31.969, +26.772, +30.236, HR: +31.969, +26.772, +30.236 Max HL-HipX = +31.969 Min FL-HipY = +26.772 
[2025-06-11 16:47:12.023.716] [INFO  ] [Controller] [Joints] FL: +30.236, +26.772, +28.504 ,FR: +30.236, +28.504, +28.504, HL: 31.969, +26.772, +30.236, HR: +31.969, +26.772, +30.236 Max HL-HipX = +31.969 Min FL-HipY = +26.772 
[2025-06-11 16:47:12.195.058] [INFO  ] [Battery] SoC = 92%, Volt = +32.400V, Temp 27 
[2025-06-11 16:47:13.449.705] [WARN  ] [basicmethod] 
[Working State Judge]
wifi connect: 0
gyro connect: 1
battary voltage normal: 1
 
[2025-06-11 16:47:14.523.716] [INFO  ] [Controller] [Joints] FL: +30.236, +26.772, +28.504 ,FR: +30.236, +28.504, +28.504, HL: 31.969, +26.772, +30.236, HR: +31.969, +26.772, +30.236 Max HL-HipX = +31.969 Min FL-HipY = +26.772 
[2025-06-11 16:47:17.023.714] [INFO  ] [Controller] [Joints] FL: +30.236, +26.772, +28.504 ,FR: +30.236, +28.504, +28.504, HL: 31.969, +26.772, +30.236, HR: +31.969, +26.772, +30.236 Max HL-HipX = +31.969 Min FL-HipY = +26.772 
[2025-06-11 16:47:17.183.393] [INFO  ] [Battery] SoC = 92%, Volt = +32.400V, Temp 27 
[2025-06-11 16:47:18.449.706] [WARN  ] [basicmethod] 
[Working State Judge]
wifi connect: 0
gyro connect: 1
battary voltage normal: 1
 
[2025-06-11 16:47:19.523.717] [INFO  ] [Controller] [Joints] FL: +30.236, +26.772, +28.504 ,FR: +30.236, +28.504, +28.504, HL: 31.969, +26.772, +30.236, HR: +31.969, +26.772, +30.236 Max HL-HipX = +31.969 Min FL-HipY = +26.772 
[2025-06-11 16:47:22.023.718] [INFO  ] [Controller] [Joints] FL: +30.236, +26.772, +28.504 ,FR: +30.236, +28.504, +28.504, HL: 31.969, +26.772, +30.236, HR: +31.969, +26.772, +30.236 Max HL-HipX = +31.969 Min FL-HipY = +26.772 
[2025-06-11 16:47:22.171.732] [INFO  ] [Battery] SoC = 92%, Volt = +32.400V, Temp 27 
[2025-06-11 16:47:23.450.699] [WARN  ] [basicmethod] 
[Working State Judge]
wifi connect: 0
gyro connect: 1
battary voltage normal: 1
 
[2025-06-11 16:47:24.523.716] [INFO  ] [Controller] [Joints] FL: +30.236, +26.772, +28.504 ,FR: +30.236, +28.504, +28.504, HL: 31.969, +26.772, +30.236, HR: +31.969, +26.772, +30.236 Max HL-HipX = +31.969 Min FL-HipY = +26.772 
[2025-06-11 16:47:27.023.721] [INFO  ] [Controller] [Joints] FL: +30.236, +26.772, +28.504 ,FR: +30.236, +28.504, +28.504, HL: 31.969, +26.772, +30.236, HR: +31.969, +26.772, +30.236 Max HL-HipX = +31.969 Min FL-HipY = +26.772 
[2025-06-11 16:47:27.159.909] [INFO  ] [Battery] SoC = 92%, Volt = +32.400V, Temp 27 
[2025-06-11 16:47:28.451.702] [WARN  ] [basicmethod] 
[Working State Judge]
wifi connect: 0
gyro connect: 1
battary voltage normal: 1
 
[2025-06-11 16:47:29.523.717] [INFO  ] [Controller] [Joints] FL: +30.236, +26.772, +28.504 ,FR: +30.236, +28.504, +28.504, HL: 31.969, +26.772, +30.236, HR: +31.969, +26.772, +30.236 Max HL-HipX = +31.969 Min FL-HipY = +26.772 
[2025-06-11 16:47:32.023.718] [INFO  ] [Controller] [Joints] FL: +30.236, +26.772, +28.504 ,FR: +30.236, +28.504, +28.504, HL: 31.969, +26.772, +30.236, HR: +31.969, +26.772, +30.236 Max HL-HipX = +31.969 Min FL-HipY = +26.772 
[2025-06-11 16:47:32.148.039] [INFO  ] [Battery] SoC = 92%, Volt = +32.400V, Temp 27 
[2025-06-11 16:47:33.451.702] [WARN  ] [basicmethod] 
[Working State Judge]
wifi connect: 0
gyro connect: 1
battary voltage normal: 1
 
[2025-06-11 16:47:34.523.718] [INFO  ] [Controller] [Joints] FL: +30.236, +26.772, +28.504 ,FR: +30.236, +28.504, +28.504, HL: 31.969, +26.772, +30.236, HR: +31.969, +26.772, +30.236 Max HL-HipX = +31.969 Min FL-HipY = +26.772 
[2025-06-11 16:47:37.023.720] [INFO  ] [Controller] [Joints] FL: +28.504, +26.772, +28.504 ,FR: +28.504, +28.504, +28.504, HL: 31.969, +26.772, +30.236, HR: +31.969, +26.772, +30.236 Max HL-HipX = +31.969 Min FL-HipY = +26.772 
[2025-06-11 16:47:37.136.190] [INFO  ] [Battery] SoC = 92%, Volt = +32.400V, Temp 27 
[2025-06-11 16:47:38.451.703] [WARN  ] [basicmethod] 
[Working State Judge]
wifi connect: 0
gyro connect: 1
battary voltage normal: 1
 
[2025-06-11 16:47:39.523.717] [INFO  ] [Controller] [Joints] FL: +28.504, +26.772, +28.504 ,FR: +28.504, +28.504, +28.504, HL: 31.969, +26.772, +30.236, HR: +31.969, +26.772, +30.236 Max HL-HipX = +31.969 Min FL-HipY = +26.772 
[2025-06-11 16:47:42.023.716] [INFO  ] [Controller] [Joints] FL: +30.236, +26.772, +28.504 ,FR: +28.504, +28.504, +28.504, HL: 31.969, +26.772, +30.236, HR: +31.969, +26.772, +30.236 Max HL-HipX = +31.969 Min FL-HipY = +26.772 
[2025-06-11 16:47:42.124.338] [INFO  ] [Battery] SoC = 92%, Volt = +32.400V, Temp 27 
[2025-06-11 16:47:43.452.704] [WARN  ] [basicmethod] 
[Working State Judge]
wifi connect: 0
gyro connect: 1
battary voltage normal: 1
 
[2025-06-11 16:47:44.523.717] [INFO  ] [Controller] [Joints] FL: +28.504, +26.772, +28.504 ,FR: +28.504, +28.504, +28.504, HL: 31.969, +26.772, +30.236, HR: +31.969, +26.772, +30.236 Max HL-HipX = +31.969 Min FL-HipY = +26.772 
[2025-06-11 16:47:47.023.715] [INFO  ] [Controller] [Joints] FL: +28.504, +26.772, +28.504 ,FR: +28.504, +28.504, +28.504, HL: 31.969, +26.772, +28.504, HR: +31.969, +26.772, +30.236 Max HL-HipX = +31.969 Min FL-HipY = +26.772 
[2025-06-11 16:47:47.112.443] [INFO  ] [Battery] SoC = 92%, Volt = +32.400V, Temp 27 
[2025-06-11 16:47:48.452.701] [WARN  ] [basicmethod] 
[Working State Judge]
wifi connect: 0
gyro connect: 1
battary voltage normal: 1
 
[2025-06-11 16:47:49.523.718] [INFO  ] [Controller] [Joints] FL: +28.504, +26.772, +28.504 ,FR: +28.504, +28.504, +28.504, HL: 31.969, +26.772, +28.504, HR: +31.969, +26.772, +30.236 Max HL-HipX = +31.969 Min FL-HipY = +26.772 
[2025-06-11 16:47:52.023.718] [INFO  ] [Controller] [Joints] FL: +28.504, +26.772, +28.504 ,FR: +28.504, +28.504, +28.504, HL: 31.969, +26.772, +28.504, HR: +31.969, +26.772, +30.236 Max HL-HipX = +31.969 Min FL-HipY = +26.772 
[2025-06-11 16:47:52.100.494] [INFO  ] [Battery] SoC = 92%, Volt = +32.400V, Temp 27 
[2025-06-11 16:47:53.453.700] [WARN  ] [basicmethod] 
[Working State Judge]
wifi connect: 0
gyro connect: 1
battary voltage normal: 1
 
[2025-06-11 16:47:54.523.715] [INFO  ] [Controller] [Joints] FL: +28.504, +26.772, +28.504 ,FR: +28.504, +28.504, +28.504, HL: 31.969, +26.772, +28.504, HR: +31.969, +26.772, +30.236 Max HL-HipX = +31.969 Min FL-HipY = +26.772 
[2025-06-11 16:47:57.023.720] [INFO  ] [Controller] [Joints] FL: +28.504, +26.772, +28.504 ,FR: +28.504, +28.504, +28.504, HL: 31.969, +26.772, +28.504, HR: +31.969, +26.772, +28.504 Max HL-HipX = +31.969 Min FL-HipY = +26.772 
[2025-06-11 16:47:57.088.578] [INFO  ] [Battery] SoC = 92%, Volt = +32.400V, Temp 27 
[2025-06-11 16:47:58.453.702] [WARN  ] [basicmethod] 
[Working State Judge]
wifi connect: 0
gyro connect: 1
battary voltage normal: 1
 
[2025-06-11 16:47:59.523.719] [INFO  ] [Controller] [Joints] FL: +28.504, +28.504, +28.504 ,FR: +28.504, +28.504, +28.504, HL: 31.969, +26.772, +28.504, HR: +31.969, +26.772, +28.504 Max HL-HipX = +31.969 Min HL-HipY = +26.772 
[2025-06-11 16:48:02.023.717] [INFO  ] [Controller] [Joints] FL: +28.504, +26.772, +28.504 ,FR: +28.504, +28.504, +28.504, HL: 30.236, +26.772, +28.504, HR: +31.969, +26.772, +28.504 Max HR-HipX = +31.969 Min FL-HipY = +26.772 
[2025-06-11 16:48:02.076.721] [INFO  ] [Battery] SoC = 92%, Volt = +32.400V, Temp 27 
[2025-06-11 16:48:03.454.702] [WARN  ] [basicmethod] 
[Working State Judge]
wifi connect: 0
gyro connect: 1
battary voltage normal: 1
 
[2025-06-11 16:48:04.523.716] [INFO  ] [Controller] [Joints] FL: +28.504, +26.772, +28.504 ,FR: +28.504, +28.504, +28.504, HL: 30.236, +26.772, +28.504, HR: +31.969, +26.772, +28.504 Max HR-HipX = +31.969 Min FL-HipY = +26.772 
[2025-06-11 16:48:07.023.718] [INFO  ] [Controller] [Joints] FL: +28.504, +26.772, +28.504 ,FR: +28.504, +28.504, +28.504, HL: 30.236, +26.772, +28.504, HR: +31.969, +26.772, +28.504 Max HR-HipX = +31.969 Min FL-HipY = +26.772 
[2025-06-11 16:48:07.064.830] [INFO  ] [Battery] SoC = 92%, Volt = +32.400V, Temp 27 
[2025-06-11 16:48:08.455.701] [WARN  ] [basicmethod] 
[Working State Judge]
wifi connect: 0
gyro connect: 1
battary voltage normal: 1
 
[2025-06-11 16:48:09.523.719] [INFO  ] [Controller] [Joints] FL: +28.504, +28.504, +28.504 ,FR: +28.504, +28.504, +28.504, HL: 30.236, +26.772, +28.504, HR: +31.969, +26.772, +28.504 Max HR-HipX = +31.969 Min HL-HipY = +26.772 
[2025-06-11 16:48:12.023.720] [INFO  ] [Controller] [Joints] FL: +28.504, +28.504, +28.504 ,FR: +28.504, +28.504, +28.504, HL: 30.236, +26.772, +28.504, HR: +31.969, +26.772, +28.504 Max HR-HipX = +31.969 Min HL-HipY = +26.772 
[2025-06-11 16:48:12.052.929] [INFO  ] [Battery] SoC = 92%, Volt = +32.400V, Temp 27 
[2025-06-11 16:48:13.456.705] [WARN  ] [basicmethod] 
[Working State Judge]
wifi connect: 0
gyro connect: 1
battary voltage normal: 1
 
[2025-06-11 16:48:14.523.715] [INFO  ] [Controller] [Joints] FL: +28.504, +28.504, +28.504 ,FR: +28.504, +28.504, +28.504, HL: 30.236, +26.772, +28.504, HR: +31.969, +26.772, +28.504 Max HR-HipX = +31.969 Min HL-HipY = +26.772 
[2025-06-11 16:48:17.023.720] [INFO  ] [Controller] [Joints] FL: +28.504, +28.504, +28.504 ,FR: +28.504, +28.504, +28.504, HL: 30.236, +26.772, +28.504, HR: +31.969, +26.772, +28.504 Max HR-HipX = +31.969 Min HL-HipY = +26.772 
[2025-06-11 16:48:17.040.906] [INFO  ] [Battery] SoC = 92%, Volt = +32.400V, Temp 27 
[2025-06-11 16:48:18.457.702] [WARN  ] [basicmethod] 
[Working State Judge]
wifi connect: 0
gyro connect: 1
battary voltage normal: 1
 
[2025-06-11 16:48:19.523.718] [INFO  ] [Controller] [Joints] FL: +28.504, +28.504, +28.504 ,FR: +28.504, +28.504, +28.504, HL: 30.236, +26.772, +28.504, HR: +30.236, +26.772, +28.504 Max HL-HipX = +30.236 Min HL-HipY = +26.772 
[2025-06-11 16:48:22.023.722] [INFO  ] [Controller] [Joints] FL: +28.504, +28.504, +28.504 ,FR: +28.504, +28.504, +28.504, HL: 30.236, +26.772, +28.504, HR: +30.236, +26.772, +28.504 Max HL-HipX = +30.236 Min HL-HipY = +26.772 
[2025-06-11 16:48:22.028.870] [INFO  ] [Battery] SoC = 92%, Volt = +32.400V, Temp 27 
[2025-06-11 16:48:23.458.698] [WARN  ] [basicmethod] 
[Working State Judge]
wifi connect: 0
gyro connect: 1
battary voltage normal: 1
 
[2025-06-11 16:48:24.523.717] [INFO  ] [Controller] [Joints] FL: +28.504, +28.504, +28.504 ,FR: +28.504, +28.504, +28.504, HL: 30.236, +26.772, +28.504, HR: +30.236, +26.772, +28.504 Max HL-HipX = +30.236 Min HL-HipY = +26.772 
[2025-06-11 16:48:27.016.947] [INFO  ] [Battery] SoC = 92%, Volt = +32.400V, Temp 27 
[2025-06-11 16:48:27.023.702] [INFO  ] [Controller] [Joints] FL: +28.504, +28.504, +28.504 ,FR: +28.504, +28.504, +28.504, HL: 30.236, +26.772, +28.504, HR: +30.236, +26.772, +28.504 Max HL-HipX = +30.236 Min HL-HipY = +26.772 
[2025-06-11 16:48:28.459.702] [WARN  ] [basicmethod] 
[Working State Judge]
wifi connect: 0
gyro connect: 1
battary voltage normal: 1
 
[2025-06-11 16:48:29.523.718] [INFO  ] [Controller] [Joints] FL: +28.504, +28.504, +28.504 ,FR: +28.504, +28.504, +28.504, HL: 30.236, +26.772, +28.504, HR: +30.236, +26.772, +28.504 Max HL-HipX = +30.236 Min HL-HipY = +26.772 
[2025-06-11 16:48:32.005.099] [INFO  ] [Battery] SoC = 92%, Volt = +32.400V, Temp 27 
[2025-06-11 16:48:32.023.702] [INFO  ] [Controller] [Joints] FL: +28.504, +28.504, +28.504 ,FR: +28.504, +28.504, +28.504, HL: 30.236, +26.772, +28.504, HR: +30.236, +26.772, +28.504 Max HL-HipX = +30.236 Min HL-HipY = +26.772 
[2025-06-11 16:48:33.460.704] [WARN  ] [basicmethod] 
[Working State Judge]
wifi connect: 0
gyro connect: 1
battary voltage normal: 1
 
[2025-06-11 16:48:34.523.716] [INFO  ] [Controller] [Joints] FL: +28.504, +28.504, +28.504 ,FR: +28.504, +28.504, +28.504, HL: 30.236, +26.772, +28.504, HR: +30.236, +26.772, +28.504 Max HL-HipX = +30.236 Min HL-HipY = +26.772 
[2025-06-11 16:48:36.993.239] [INFO  ] [Battery] SoC = 92%, Volt = +32.400V, Temp 27 
[2025-06-11 16:48:37.023.707] [INFO  ] [Controller] [Joints] FL: +28.504, +28.504, +28.504 ,FR: +28.504, +28.504, +28.504, HL: 30.236, +26.772, +28.504, HR: +30.236, +26.772, +28.504 Max HL-HipX = +30.236 Min HL-HipY = +26.772 
[2025-06-11 16:48:38.461.702] [WARN  ] [basicmethod] 
[Working State Judge]
wifi connect: 0
gyro connect: 1
battary voltage normal: 1
 
[2025-06-11 16:48:39.523.718] [INFO  ] [Controller] [Joints] FL: +28.504, +28.504, +28.504 ,FR: +28.504, +28.504, +28.504, HL: 30.236, +26.772, +28.504, HR: +30.236, +26.772, +28.504 Max HL-HipX = +30.236 Min HL-HipY = +26.772 
[2025-06-11 16:48:41.981.212] [INFO  ] [Battery] SoC = 92%, Volt = +32.400V, Temp 27 
[2025-06-11 16:48:42.023.707] [INFO  ] [Controller] [Joints] FL: +28.504, +28.504, +28.504 ,FR: +28.504, +28.504, +28.504, HL: 30.236, +26.772, +28.504, HR: +30.236, +26.772, +28.504 Max HL-HipX = +30.236 Min HL-HipY = +26.772 
[2025-06-11 16:48:43.462.702] [WARN  ] [basicmethod] 
[Working State Judge]
wifi connect: 0
gyro connect: 1
battary voltage normal: 1
 
[2025-06-11 16:48:44.523.719] [INFO  ] [Controller] [Joints] FL: +28.504, +28.504, +28.504 ,FR: +28.504, +28.504, +28.504, HL: 30.236, +26.772, +28.504, HR: +30.236, +26.772, +28.504 Max HL-HipX = +30.236 Min HL-HipY = +26.772 
[2025-06-11 16:48:46.969.315] [INFO  ] [Battery] SoC = 92%, Volt = +32.400V, Temp 27 
[2025-06-11 16:48:47.023.717] [INFO  ] [Controller] [Joints] FL: +28.504, +28.504, +28.504 ,FR: +28.504, +28.504, +28.504, HL: 30.236, +26.772, +28.504, HR: +30.236, +26.772, +28.504 Max HL-HipX = +30.236 Min HL-HipY = +26.772 
[2025-06-11 16:48:48.463.700] [WARN  ] [basicmethod] 
[Working State Judge]
wifi connect: 0
gyro connect: 1
battary voltage normal: 1
 
[2025-06-11 16:48:49.523.720] [INFO  ] [Controller] [Joints] FL: +28.504, +28.504, +28.504 ,FR: +28.504, +28.504, +28.504, HL: 30.236, +26.772, +28.504, HR: +30.236, +26.772, +28.504 Max HL-HipX = +30.236 Min HL-HipY = +26.772 
[2025-06-11 16:48:51.957.353] [INFO  ] [Battery] SoC = 91%, Volt = +32.400V, Temp 27 
[2025-06-11 16:48:52.023.709] [INFO  ] [Controller] [Joints] FL: +28.504, +28.504, +28.504 ,FR: +28.504, +28.504, +28.504, HL: 30.236, +26.772, +28.504, HR: +30.236, +26.772, +28.504 Max HL-HipX = +30.236 Min HL-HipY = +26.772 
[2025-06-11 16:48:53.464.708] [WARN  ] [basicmethod] 
[Working State Judge]
wifi connect: 0
gyro connect: 1
battary voltage normal: 1
 
[2025-06-11 16:48:54.523.717] [INFO  ] [Controller] [Joints] FL: +28.504, +28.504, +28.504 ,FR: +28.504, +28.504, +28.504, HL: 30.236, +26.772, +28.504, HR: +30.236, +26.772, +28.504 Max HL-HipX = +30.236 Min HL-HipY = +26.772 
[2025-06-11 16:48:56.945.321] [INFO  ] [Battery] SoC = 91%, Volt = +32.400V, Temp 27 
[2025-06-11 16:48:57.023.714] [INFO  ] [Controller] [Joints] FL: +28.504, +28.504, +28.504 ,FR: +28.504, +28.504, +28.504, HL: 30.236, +26.772, +28.504, HR: +30.236, +26.772, +28.504 Max HL-HipX = +30.236 Min HL-HipY = +26.772 
[2025-06-11 16:48:58.465.705] [WARN  ] [basicmethod] 
[Working State Judge]
wifi connect: 0
gyro connect: 1
battary voltage normal: 1
 
[2025-06-11 16:48:59.523.713] [INFO  ] [Controller] [Joints] FL: +28.504, +28.504, +28.504 ,FR: +28.504, +28.504, +28.504, HL: 30.236, +26.772, +28.504, HR: +30.236, +26.772, +28.504 Max HL-HipX = +30.236 Min HL-HipY = +26.772 
[2025-06-11 16:49:01.933.159] [INFO  ] [Battery] SoC = 91%, Volt = +32.400V, Temp 27 
[2025-06-11 16:49:02.023.715] [INFO  ] [Controller] [Joints] FL: +28.504, +28.504, +28.504 ,FR: +28.504, +28.504, +28.504, HL: 30.236, +26.772, +28.504, HR: +30.236, +26.772, +28.504 Max HL-HipX = +30.236 Min HL-HipY = +26.772 
[2025-06-11 16:49:03.466.702] [WARN  ] [basicmethod] 
[Working State Judge]
wifi connect: 0
gyro connect: 1
battary voltage normal: 1
 
[2025-06-11 16:49:04.523.715] [INFO  ] [Controller] [Joints] FL: +28.504, +28.504, +28.504 ,FR: +28.504, +28.504, +28.504, HL: 30.236, +26.772, +28.504, HR: +30.236, +26.772, +28.504 Max HL-HipX = +30.236 Min HL-HipY = +26.772 
[2025-06-11 16:49:06.921.050] [INFO  ] [Battery] SoC = 91%, Volt = +32.400V, Temp 27 
[2025-06-11 16:49:07.023.709] [INFO  ] [Controller] [Joints] FL: +28.504, +28.504, +28.504 ,FR: +28.504, +28.504, +28.504, HL: 30.236, +26.772, +28.504, HR: +30.236, +26.772, +28.504 Max HL-HipX = +30.236 Min HL-HipY = +26.772 
[2025-06-11 16:49:08.467.702] [WARN  ] [basicmethod] 
[Working State Judge]
wifi connect: 0
gyro connect: 1
battary voltage normal: 1
 
[2025-06-11 16:49:09.523.716] [INFO  ] [Controller] [Joints] FL: +28.504, +28.504, +28.504 ,FR: +28.504, +28.504, +28.504, HL: 30.236, +26.772, +28.504, HR: +30.236, +26.772, +28.504 Max HL-HipX = +30.236 Min HL-HipY = +26.772 
[2025-06-11 16:49:11.908.987] [INFO  ] [Battery] SoC = 91%, Volt = +32.400V, Temp 27 
[2025-06-11 16:49:12.023.709] [INFO  ] [Controller] [Joints] FL: +28.504, +28.504, +28.504 ,FR: +28.504, +28.504, +28.504, HL: 30.236, +26.772, +28.504, HR: +30.236, +26.772, +28.504 Max HL-HipX = +30.236 Min HL-HipY = +26.772 
[2025-06-11 16:49:13.468.702] [WARN  ] [basicmethod] 
[Working State Judge]
wifi connect: 0
gyro connect: 1
battary voltage normal: 1
 
[2025-06-11 16:49:14.523.718] [INFO  ] [Controller] [Joints] FL: +28.504, +28.504, +28.504 ,FR: +28.504, +28.504, +28.504, HL: 30.236, +26.772, +28.504, HR: +30.236, +26.772, +28.504 Max HL-HipX = +30.236 Min HL-HipY = +26.772 
[2025-06-11 16:49:16.896.905] [INFO  ] [Battery] SoC = 91%, Volt = +32.400V, Temp 27 
[2025-06-11 16:49:17.023.714] [INFO  ] [Controller] [Joints] FL: +28.504, +28.504, +28.504 ,FR: +28.504, +28.504, +28.504, HL: 30.236, +26.772, +28.504, HR: +30.236, +26.772, +28.504 Max HL-HipX = +30.236 Min HL-HipY = +26.772 
[2025-06-11 16:49:18.469.701] [WARN  ] [basicmethod] 
[Working State Judge]
wifi connect: 0
gyro connect: 1
battary voltage normal: 1
 
[2025-06-11 16:49:19.523.718] [INFO  ] [Controller] [Joints] FL: +28.504, +28.504, +28.504 ,FR: +28.504, +28.504, +28.504, HL: 30.236, +26.772, +28.504, HR: +30.236, +26.772, +28.504 Max HL-HipX = +30.236 Min HL-HipY = +26.772 
[2025-06-11 16:49:21.884.751] [INFO  ] [Battery] SoC = 91%, Volt = +32.400V, Temp 27 
[2025-06-11 16:49:22.023.719] [INFO  ] [Controller] [Joints] FL: +28.504, +28.504, +28.504 ,FR: +28.504, +28.504, +28.504, HL: 30.236, +26.772, +28.504, HR: +30.236, +26.772, +28.504 Max HL-HipX = +30.236 Min HL-HipY = +26.772 
[2025-06-11 16:49:23.470.700] [WARN  ] [basicmethod] 
[Working State Judge]
wifi connect: 0
gyro connect: 1
battary voltage normal: 1
 
[2025-06-11 16:49:24.523.714] [INFO  ] [Controller] [Joints] FL: +28.504, +28.504, +28.504 ,FR: +28.504, +28.504, +28.504, HL: 30.236, +26.772, +28.504, HR: +30.236, +26.772, +28.504 Max HL-HipX = +30.236 Min HL-HipY = +26.772 
[2025-06-11 16:49:26.872.663] [INFO  ] [Battery] SoC = 91%, Volt = +32.400V, Temp 27 
[2025-06-11 16:49:27.023.716] [INFO  ] [Controller] [Joints] FL: +28.504, +28.504, +28.504 ,FR: +28.504, +28.504, +28.504, HL: 30.236, +26.772, +28.504, HR: +30.236, +26.772, +28.504 Max HL-HipX = +30.236 Min HL-HipY = +26.772 
[2025-06-11 16:49:28.471.703] [WARN  ] [basicmethod] 
[Working State Judge]
wifi connect: 0
gyro connect: 1
battary voltage normal: 1
 
[2025-06-11 16:49:29.523.718] [INFO  ] [Controller] [Joints] FL: +28.504, +28.504, +28.504 ,FR: +28.504, +28.504, +28.504, HL: 30.236, +26.772, +28.504, HR: +30.236, +26.772, +28.504 Max HL-HipX = +30.236 Min HL-HipY = +26.772 
[2025-06-11 16:49:31.860.767] [INFO  ] [Battery] SoC = 91%, Volt = +32.400V, Temp 27 
[2025-06-11 16:49:32.023.716] [INFO  ] [Controller] [Joints] FL: +28.504, +28.504, +28.504 ,FR: +28.504, +28.504, +28.504, HL: 30.236, +26.772, +28.504, HR: +30.236, +26.772, +28.504 Max HL-HipX = +30.236 Min HL-HipY = +26.772 
[2025-06-11 16:49:33.472.703] [WARN  ] [basicmethod] 
[Working State Judge]
wifi connect: 0
gyro connect: 1
battary voltage normal: 1
 
[2025-06-11 16:49:34.523.716] [INFO  ] [Controller] [Joints] FL: +28.504, +28.504, +28.504 ,FR: +28.504, +28.504, +28.504, HL: 30.236, +26.772, +28.504, HR: +30.236, +26.772, +28.504 Max HL-HipX = +30.236 Min HL-HipY = +26.772 
[2025-06-11 16:49:36.848.648] [INFO  ] [Battery] SoC = 91%, Volt = +32.400V, Temp 27 
[2025-06-11 16:49:37.023.718] [INFO  ] [Controller] [Joints] FL: +28.504, +28.504, +28.504 ,FR: +28.504, +28.504, +28.504, HL: 30.236, +26.772, +28.504, HR: +30.236, +26.772, +28.504 Max HL-HipX = +30.236 Min HL-HipY = +26.772 
[2025-06-11 16:49:38.473.703] [WARN  ] [basicmethod] 
[Working State Judge]
wifi connect: 0
gyro connect: 1
battary voltage normal: 1
 
[2025-06-11 16:49:39.523.716] [INFO  ] [Controller] [Joints] FL: +28.504, +28.504, +28.504 ,FR: +28.504, +28.504, +28.504, HL: 30.236, +26.772, +28.504, HR: +30.236, +26.772, +28.504 Max HL-HipX = +30.236 Min HL-HipY = +26.772 
[2025-06-11 16:49:41.836.582] [INFO  ] [Battery] SoC = 91%, Volt = +32.400V, Temp 27 
[2025-06-11 16:49:42.023.716] [INFO  ] [Controller] [Joints] FL: +28.504, +28.504, +28.504 ,FR: +28.504, +28.504, +28.504, HL: 30.236, +26.772, +28.504, HR: +30.236, +26.772, +28.504 Max HL-HipX = +30.236 Min HL-HipY = +26.772 
[2025-06-11 16:49:43.474.701] [WARN  ] [basicmethod] 
[Working State Judge]
wifi connect: 0
gyro connect: 1
battary voltage normal: 1
 
[2025-06-11 16:49:44.523.713] [INFO  ] [Controller] [Joints] FL: +28.504, +28.504, +28.504 ,FR: +28.504, +28.504, +28.504, HL: 30.236, +28.504, +28.504, HR: +30.236, +26.772, +28.504 Max HL-HipX = +30.236 Min HR-HipY = +26.772 
[2025-06-11 16:49:46.824.463] [INFO  ] [Battery] SoC = 91%, Volt = +32.400V, Temp 27 
[2025-06-11 16:49:47.023.721] [INFO  ] [Controller] [Joints] FL: +28.504, +28.504, +28.504 ,FR: +28.504, +28.504, +28.504, HL: 30.236, +28.504, +28.504, HR: +30.236, +26.772, +28.504 Max HL-HipX = +30.236 Min HR-HipY = +26.772 
[2025-06-11 16:49:48.475.701] [WARN  ] [basicmethod] 
[Working State Judge]
wifi connect: 0
gyro connect: 1
battary voltage normal: 1
 
[2025-06-11 16:49:49.523.717] [INFO  ] [Controller] [Joints] FL: +28.504, +28.504, +28.504 ,FR: +28.504, +28.504, +28.504, HL: 30.236, +28.504, +28.504, HR: +30.236, +26.772, +28.504 Max HL-HipX = +30.236 Min HR-HipY = +26.772 
[2025-06-11 16:49:51.812.375] [INFO  ] [Battery] SoC = 91%, Volt = +32.400V, Temp 27 
[2025-06-11 16:49:52.023.720] [INFO  ] [Controller] [Joints] FL: +28.504, +28.504, +28.504 ,FR: +28.504, +28.504, +28.504, HL: 30.236, +28.504, +28.504, HR: +30.236, +26.772, +28.504 Max HL-HipX = +30.236 Min HR-HipY = +26.772 
[2025-06-11 16:49:53.476.696] [WARN  ] [basicmethod] 
[Working State Judge]
wifi connect: 0
gyro connect: 1
battary voltage normal: 1
 
[2025-06-11 16:49:54.523.716] [INFO  ] [Controller] [Joints] FL: +28.504, +28.504, +28.504 ,FR: +28.504, +28.504, +28.504, HL: 30.236, +28.504, +28.504, HR: +30.236, +26.772, +28.504 Max HL-HipX = +30.236 Min HR-HipY = +26.772 
[2025-06-11 16:49:56.800.266] [INFO  ] [Battery] SoC = 91%, Volt = +32.400V, Temp 27 
[2025-06-11 16:49:57.023.715] [INFO  ] [Controller] [Joints] FL: +28.504, +28.504, +28.504 ,FR: +28.504, +28.504, +28.504, HL: 30.236, +28.504, +28.504, HR: +30.236, +26.772, +28.504 Max HL-HipX = +30.236 Min HR-HipY = +26.772 
[2025-06-11 16:49:58.476.711] [WARN  ] [basicmethod] 
[Working State Judge]
wifi connect: 0
gyro connect: 1
battary voltage normal: 1
 
[2025-06-11 16:49:59.523.723] [INFO  ] [Controller] [Joints] FL: +28.504, +28.504, +28.504 ,FR: +28.504, +28.504, +28.504, HL: 30.236, +28.504, +28.504, HR: +30.236, +26.772, +28.504 Max HL-HipX = +30.236 Min HR-HipY = +26.772 
[2025-06-11 16:50:01.788.154] [INFO  ] [Battery] SoC = 91%, Volt = +32.400V, Temp 27 
[2025-06-11 16:50:02.023.723] [INFO  ] [Controller] [Joints] FL: +28.504, +28.504, +28.504 ,FR: +28.504, +28.504, +28.504, HL: 30.236, +28.504, +28.504, HR: +30.236, +26.772, +28.504 Max HL-HipX = +30.236 Min HR-HipY = +26.772 
[2025-06-11 16:50:03.477.706] [WARN  ] [basicmethod] 
[Working State Judge]
wifi connect: 0
gyro connect: 1
battary voltage normal: 1
 
[2025-06-11 16:50:04.523.719] [INFO  ] [Controller] [Joints] FL: +28.504, +28.504, +28.504 ,FR: +28.504, +28.504, +28.504, HL: 30.236, +28.504, +28.504, HR: +30.236, +26.772, +28.504 Max HL-HipX = +30.236 Min HR-HipY = +26.772 
[2025-06-11 16:50:06.776.224] [INFO  ] [Battery] SoC = 91%, Volt = +32.400V, Temp 27 
[2025-06-11 16:50:07.023.717] [INFO  ] [Controller] [Joints] FL: +28.504, +28.504, +28.504 ,FR: +28.504, +28.504, +28.504, HL: 30.236, +28.504, +28.504, HR: +30.236, +26.772, +28.504 Max HL-HipX = +30.236 Min HR-HipY = +26.772 
[2025-06-11 16:50:08.478.701] [WARN  ] [basicmethod] 
[Working State Judge]
wifi connect: 0
gyro connect: 1
battary voltage normal: 1
 
[2025-06-11 16:50:09.523.719] [INFO  ] [Controller] [Joints] FL: +28.504, +28.504, +28.504 ,FR: +28.504, +28.504, +28.504, HL: 30.236, +28.504, +28.504, HR: +30.236, +26.772, +28.504 Max HL-HipX = +30.236 Min HR-HipY = +26.772 
[2025-06-11 16:50:11.764.318] [INFO  ] [Battery] SoC = 91%, Volt = +32.400V, Temp 27 
[2025-06-11 16:50:12.023.719] [INFO  ] [Controller] [Joints] FL: +28.504, +28.504, +28.504 ,FR: +28.504, +28.504, +28.504, HL: 30.236, +28.504, +28.504, HR: +30.236, +26.772, +28.504 Max HL-HipX = +30.236 Min HR-HipY = +26.772 
[2025-06-11 16:50:13.478.700] [WARN  ] [basicmethod] 
[Working State Judge]
wifi connect: 0
gyro connect: 1
battary voltage normal: 1
 
[2025-06-11 16:50:14.523.722] [INFO  ] [Controller] [Joints] FL: +28.504, +28.504, +28.504 ,FR: +28.504, +28.504, +28.504, HL: 30.236, +28.504, +28.504, HR: +30.236, +26.772, +28.504 Max HL-HipX = +30.236 Min HR-HipY = +26.772 
[2025-06-11 16:50:16.752.381] [INFO  ] [Battery] SoC = 91%, Volt = +32.400V, Temp 27 
[2025-06-11 16:50:17.023.717] [INFO  ] [Controller] [Joints] FL: +28.504, +28.504, +28.504 ,FR: +28.504, +28.504, +28.504, HL: 30.236, +28.504, +28.504, HR: +30.236, +28.504, +28.504 Max HL-HipX = +30.236 Min FL-HipX = +28.504 
[2025-06-11 16:50:18.479.697] [WARN  ] [basicmethod] 
[Working State Judge]
wifi connect: 0
gyro connect: 1
battary voltage normal: 1
 
[2025-06-11 16:50:19.523.719] [INFO  ] [Controller] [Joints] FL: +28.504, +28.504, +28.504 ,FR: +28.504, +28.504, +28.504, HL: 30.236, +28.504, +28.504, HR: +30.236, +28.504, +28.504 Max HL-HipX = +30.236 Min FL-HipX = +28.504 
[2025-06-11 16:50:21.740.424] [INFO  ] [Battery] SoC = 91%, Volt = +32.400V, Temp 27 
[2025-06-11 16:50:22.023.717] [INFO  ] [Controller] [Joints] FL: +28.504, +28.504, +28.504 ,FR: +28.504, +28.504, +28.504, HL: 30.236, +28.504, +28.504, HR: +30.236, +28.504, +28.504 Max HL-HipX = +30.236 Min FL-HipX = +28.504 
[2025-06-11 16:50:23.480.701] [WARN  ] [basicmethod] 
[Working State Judge]
wifi connect: 0
gyro connect: 1
battary voltage normal: 1
 
[2025-06-11 16:50:24.523.714] [INFO  ] [Controller] [Joints] FL: +28.504, +28.504, +28.504 ,FR: +28.504, +28.504, +28.504, HL: 30.236, +28.504, +28.504, HR: +30.236, +28.504, +28.504 Max HL-HipX = +30.236 Min FL-HipX = +28.504 
[2025-06-11 16:50:26.728.441] [INFO  ] [Battery] SoC = 91%, Volt = +32.400V, Temp 27 
[2025-06-11 16:50:27.023.716] [INFO  ] [Controller] [Joints] FL: +28.504, +28.504, +28.504 ,FR: +28.504, +28.504, +28.504, HL: 30.236, +28.504, +28.504, HR: +30.236, +28.504, +28.504 Max HL-HipX = +30.236 Min FL-HipX = +28.504 
[2025-06-11 16:50:28.481.702] [WARN  ] [basicmethod] 
[Working State Judge]
wifi connect: 0
gyro connect: 1
battary voltage normal: 1
 
[2025-06-11 16:50:29.523.718] [INFO  ] [Controller] [Joints] FL: +28.504, +28.504, +28.504 ,FR: +28.504, +28.504, +28.504, HL: 30.236, +28.504, +28.504, HR: +30.236, +28.504, +28.504 Max HL-HipX = +30.236 Min FL-HipX = +28.504 
[2025-06-11 16:50:31.716.425] [INFO  ] [Battery] SoC = 91%, Volt = +32.400V, Temp 27 
[2025-06-11 16:50:32.023.717] [INFO  ] [Controller] [Joints] FL: +28.504, +28.504, +28.504 ,FR: +28.504, +28.504, +28.504, HL: 30.236, +28.504, +28.504, HR: +30.236, +28.504, +28.504 Max HL-HipX = +30.236 Min FL-HipX = +28.504 
[2025-06-11 16:50:33.482.703] [WARN  ] [basicmethod] 
[Working State Judge]
wifi connect: 0
gyro connect: 1
battary voltage normal: 1
 
[2025-06-11 16:50:34.523.722] [INFO  ] [Controller] [Joints] FL: +28.504, +28.504, +28.504 ,FR: +28.504, +28.504, +28.504, HL: 30.236, +28.504, +28.504, HR: +30.236, +28.504, +28.504 Max HL-HipX = +30.236 Min FL-HipX = +28.504 
[2025-06-11 16:50:36.704.570] [INFO  ] [Battery] SoC = 91%, Volt = +32.400V, Temp 27 
[2025-06-11 16:50:37.023.723] [INFO  ] [Controller] [Joints] FL: +28.504, +28.504, +28.504 ,FR: +28.504, +28.504, +28.504, HL: 30.236, +28.504, +28.504, HR: +30.236, +28.504, +28.504 Max HL-HipX = +30.236 Min FL-HipX = +28.504 
[2025-06-11 16:50:38.483.703] [WARN  ] [basicmethod] 
[Working State Judge]
wifi connect: 0
gyro connect: 1
battary voltage normal: 1
 
[2025-06-11 16:50:39.523.716] [INFO  ] [Controller] [Joints] FL: +28.504, +28.504, +28.504 ,FR: +28.504, +28.504, +28.504, HL: 30.236, +28.504, +28.504, HR: +30.236, +28.504, +28.504 Max HL-HipX = +30.236 Min FL-HipX = +28.504 
[2025-06-11 16:50:41.692.804] [INFO  ] [Battery] SoC = 91%, Volt = +32.400V, Temp 27 
[2025-06-11 16:50:42.023.716] [INFO  ] [Controller] [Joints] FL: +28.504, +28.504, +28.504 ,FR: +28.504, +28.504, +28.504, HL: 30.236, +28.504, +28.504, HR: +30.236, +28.504, +28.504 Max HL-HipX = +30.236 Min FL-HipX = +28.504 
[2025-06-11 16:50:43.484.710] [WARN  ] [basicmethod] 
[Working State Judge]
wifi connect: 0
gyro connect: 1
battary voltage normal: 1
 
[2025-06-11 16:50:44.523.716] [INFO  ] [Controller] [Joints] FL: +28.504, +28.504, +28.504 ,FR: +28.504, +28.504, +28.504, HL: 30.236, +28.504, +28.504, HR: +30.236, +28.504, +28.504 Max HL-HipX = +30.236 Min FL-HipX = +28.504 
[2025-06-11 16:50:46.680.879] [INFO  ] [Battery] SoC = 91%, Volt = +32.400V, Temp 27 
[2025-06-11 16:50:47.023.714] [INFO  ] [Controller] [Joints] FL: +28.504, +28.504, +28.504 ,FR: +28.504, +28.504, +28.504, HL: 30.236, +28.504, +28.504, HR: +30.236, +28.504, +28.504 Max HL-HipX = +30.236 Min FL-HipX = +28.504 
[2025-06-11 16:50:48.485.705] [WARN  ] [basicmethod] 
[Working State Judge]
wifi connect: 0
gyro connect: 1
battary voltage normal: 1
 
[2025-06-11 16:50:49.523.717] [INFO  ] [Controller] [Joints] FL: +28.504, +28.504, +28.504 ,FR: +28.504, +28.504, +28.504, HL: 30.236, +28.504, +28.504, HR: +30.236, +28.504, +28.504 Max HL-HipX = +30.236 Min FL-HipX = +28.504 
[2025-06-11 16:50:51.668.990] [INFO  ] [Battery] SoC = 91%, Volt = +32.400V, Temp 27 
[2025-06-11 16:50:52.023.716] [INFO  ] [Controller] [Joints] FL: +28.504, +28.504, +28.504 ,FR: +28.504, +28.504, +28.504, HL: 30.236, +28.504, +28.504, HR: +30.236, +28.504, +28.504 Max HL-HipX = +30.236 Min FL-HipX = +28.504 
[2025-06-11 16:50:53.486.701] [WARN  ] [basicmethod] 
[Working State Judge]
wifi connect: 0
gyro connect: 1
battary voltage normal: 1
 
[2025-06-11 16:50:54.523.717] [INFO  ] [Controller] [Joints] FL: +28.504, +28.504, +28.504 ,FR: +28.504, +28.504, +28.504, HL: 30.236, +28.504, +28.504, HR: +30.236, +28.504, +28.504 Max HL-HipX = +30.236 Min FL-HipX = +28.504 
[2025-06-11 16:50:56.657.059] [INFO  ] [Battery] SoC = 91%, Volt = +32.400V, Temp 27 
[2025-06-11 16:50:57.023.716] [INFO  ] [Controller] [Joints] FL: +28.504, +28.504, +28.504 ,FR: +28.504, +28.504, +28.504, HL: 30.236, +28.504, +28.504, HR: +30.236, +28.504, +28.504 Max HL-HipX = +30.236 Min FL-HipX = +28.504 
[2025-06-11 16:50:58.487.702] [WARN  ] [basicmethod] 
[Working State Judge]
wifi connect: 0
gyro connect: 1
battary voltage normal: 1
 
[2025-06-11 16:50:59.523.716] [INFO  ] [Controller] [Joints] FL: +28.504, +28.504, +28.504 ,FR: +28.504, +28.504, +28.504, HL: 30.236, +28.504, +28.504, HR: +30.236, +28.504, +28.504 Max HL-HipX = +30.236 Min FL-HipX = +28.504 
[2025-06-11 16:51:01.645.110] [INFO  ] [Battery] SoC = 91%, Volt = +32.400V, Temp 27 
[2025-06-11 16:51:02.023.716] [INFO  ] [Controller] [Joints] FL: +28.504, +28.504, +28.504 ,FR: +28.504, +28.504, +28.504, HL: 30.236, +28.504, +28.504, HR: +30.236, +28.504, +28.504 Max HL-HipX = +30.236 Min FL-HipX = +28.504 
[2025-06-11 16:51:03.488.699] [WARN  ] [basicmethod] 
[Working State Judge]
wifi connect: 0
gyro connect: 1
battary voltage normal: 1
 
[2025-06-11 16:51:04.523.720] [INFO  ] [Controller] [Joints] FL: +28.504, +28.504, +28.504 ,FR: +28.504, +28.504, +28.504, HL: 30.236, +28.504, +28.504, HR: +30.236, +28.504, +28.504 Max HL-HipX = +30.236 Min FL-HipX = +28.504 
[2025-06-11 16:51:06.632.917] [INFO  ] [Battery] SoC = 91%, Volt = +32.400V, Temp 27 
[2025-06-11 16:51:07.023.715] [INFO  ] [Controller] [Joints] FL: +28.504, +28.504, +28.504 ,FR: +28.504, +28.504, +28.504, HL: 30.236, +28.504, +28.504, HR: +30.236, +28.504, +28.504 Max HL-HipX = +30.236 Min FL-HipX = +28.504 
[2025-06-11 16:51:08.489.703] [WARN  ] [basicmethod] 
[Working State Judge]
wifi connect: 0
gyro connect: 1
battary voltage normal: 1
 
[2025-06-11 16:51:09.523.718] [INFO  ] [Controller] [Joints] FL: +28.504, +28.504, +28.504 ,FR: +28.504, +28.504, +28.504, HL: 30.236, +28.504, +28.504, HR: +30.236, +28.504, +28.504 Max HL-HipX = +30.236 Min FL-HipX = +28.504 
[2025-06-11 16:51:11.620.840] [INFO  ] [Battery] SoC = 91%, Volt = +32.400V, Temp 27 
[2025-06-11 16:51:12.023.721] [INFO  ] [Controller] [Joints] FL: +28.504, +28.504, +28.504 ,FR: +28.504, +28.504, +28.504, HL: 30.236, +28.504, +28.504, HR: +30.236, +28.504, +28.504 Max HL-HipX = +30.236 Min FL-HipX = +28.504 
[2025-06-11 16:51:13.489.712] [WARN  ] [basicmethod] 
[Working State Judge]
wifi connect: 0
gyro connect: 1
battary voltage normal: 1
 
[2025-06-11 16:51:14.523.708] [INFO  ] [Controller] [Joints] FL: +28.504, +28.504, +28.504 ,FR: +30.236, +28.504, +28.504, HL: 30.236, +28.504, +28.504, HR: +30.236, +28.504, +28.504 Max FR-HipX = +30.236 Min FL-HipX = +28.504 
[2025-06-11 16:51:16.608.803] [INFO  ] [Battery] SoC = 91%, Volt = +32.400V, Temp 27 
[2025-06-11 16:51:17.023.714] [INFO  ] [Controller] [Joints] FL: +28.504, +28.504, +28.504 ,FR: +28.504, +28.504, +28.504, HL: 30.236, +28.504, +28.504, HR: +30.236, +28.504, +28.504 Max HL-HipX = +30.236 Min FL-HipX = +28.504 
[2025-06-11 16:51:18.490.704] [WARN  ] [basicmethod] 
[Working State Judge]
wifi connect: 0
gyro connect: 1
battary voltage normal: 1
 
[2025-06-11 16:51:19.523.714] [INFO  ] [Controller] [Joints] FL: +28.504, +28.504, +28.504 ,FR: +28.504, +28.504, +28.504, HL: 30.236, +28.504, +28.504, HR: +30.236, +28.504, +28.504 Max HL-HipX = +30.236 Min FL-HipX = +28.504 
[2025-06-11 16:51:21.596.760] [INFO  ] [Battery] SoC = 91%, Volt = +32.400V, Temp 27 
[2025-06-11 16:51:22.023.717] [INFO  ] [Controller] [Joints] FL: +28.504, +28.504, +28.504 ,FR: +30.236, +28.504, +28.504, HL: 30.236, +28.504, +28.504, HR: +30.236, +28.504, +28.504 Max FR-HipX = +30.236 Min FL-HipX = +28.504 
[2025-06-11 16:51:23.490.702] [WARN  ] [basicmethod] 
[Working State Judge]
wifi connect: 0
gyro connect: 1
battary voltage normal: 1
 
[2025-06-11 16:51:24.523.714] [INFO  ] [Controller] [Joints] FL: +28.504, +28.504, +28.504 ,FR: +30.236, +28.504, +28.504, HL: 30.236, +28.504, +28.504, HR: +30.236, +28.504, +28.504 Max FR-HipX = +30.236 Min FL-HipX = +28.504 
[2025-06-11 16:51:26.584.759] [INFO  ] [Battery] SoC = 91%, Volt = +32.400V, Temp 27 
[2025-06-11 16:51:27.023.715] [INFO  ] [Controller] [Joints] FL: +28.504, +28.504, +28.504 ,FR: +30.236, +28.504, +28.504, HL: 30.236, +28.504, +28.504, HR: +30.236, +28.504, +28.504 Max FR-HipX = +30.236 Min FL-HipX = +28.504 
[2025-06-11 16:51:28.491.701] [WARN  ] [basicmethod] 
[Working State Judge]
wifi connect: 0
gyro connect: 1
battary voltage normal: 1
 
[2025-06-11 16:51:29.523.719] [INFO  ] [Controller] [Joints] FL: +28.504, +28.504, +28.504 ,FR: +30.236, +28.504, +28.504, HL: 30.236, +28.504, +28.504, HR: +30.236, +28.504, +28.504 Max FR-HipX = +30.236 Min FL-HipX = +28.504 
[2025-06-11 16:51:31.572.803] [INFO  ] [Battery] SoC = 91%, Volt = +32.400V, Temp 27 
[2025-06-11 16:51:32.023.717] [INFO  ] [Controller] [Joints] FL: +28.504, +28.504, +28.504 ,FR: +30.236, +28.504, +28.504, HL: 30.236, +28.504, +28.504, HR: +30.236, +28.504, +28.504 Max FR-HipX = +30.236 Min FL-HipX = +28.504 
[2025-06-11 16:51:33.491.700] [WARN  ] [basicmethod] 
[Working State Judge]
wifi connect: 0
gyro connect: 1
battary voltage normal: 1
 
[2025-06-11 16:51:34.523.714] [INFO  ] [Controller] [Joints] FL: +28.504, +28.504, +28.504 ,FR: +30.236, +28.504, +28.504, HL: 30.236, +28.504, +28.504, HR: +30.236, +28.504, +28.504 Max FR-HipX = +30.236 Min FL-HipX = +28.504 
[2025-06-11 16:51:36.560.798] [INFO  ] [Battery] SoC = 90%, Volt = +32.400V, Temp 27 
[2025-06-11 16:51:37.023.717] [INFO  ] [Controller] [Joints] FL: +28.504, +28.504, +28.504 ,FR: +30.236, +28.504, +28.504, HL: 30.236, +28.504, +28.504, HR: +30.236, +28.504, +28.504 Max FR-HipX = +30.236 Min FL-HipX = +28.504 
[2025-06-11 16:51:38.492.703] [WARN  ] [basicmethod] 
[Working State Judge]
wifi connect: 0
gyro connect: 1
battary voltage normal: 1
 
[2025-06-11 16:51:39.523.715] [INFO  ] [Controller] [Joints] FL: +30.236, +28.504, +28.504 ,FR: +30.236, +28.504, +28.504, HL: 30.236, +28.504, +28.504, HR: +30.236, +28.504, +28.504 Max FL-HipX = +30.236 Min FL-HipY = +28.504 
[2025-06-11 16:51:41.548.712] [INFO  ] [Battery] SoC = 90%, Volt = +32.400V, Temp 27 
[2025-06-11 16:51:42.023.711] [INFO  ] [Controller] [Joints] FL: +30.236, +28.504, +28.504 ,FR: +30.236, +28.504, +28.504, HL: 30.236, +28.504, +28.504, HR: +30.236, +28.504, +28.504 Max FL-HipX = +30.236 Min FL-HipY = +28.504 
[2025-06-11 16:51:43.493.701] [WARN  ] [basicmethod] 
[Working State Judge]
wifi connect: 0
gyro connect: 1
battary voltage normal: 1
 
[2025-06-11 16:51:44.523.716] [INFO  ] [Controller] [Joints] FL: +30.236, +28.504, +28.504 ,FR: +30.236, +28.504, +28.504, HL: 30.236, +28.504, +28.504, HR: +30.236, +28.504, +28.504 Max FL-HipX = +30.236 Min FL-HipY = +28.504 
[2025-06-11 16:51:46.536.604] [INFO  ] [Battery] SoC = 90%, Volt = +32.400V, Temp 27 
[2025-06-11 16:51:47.023.714] [INFO  ] [Controller] [Joints] FL: +30.236, +28.504, +28.504 ,FR: +30.236, +28.504, +28.504, HL: 30.236, +28.504, +28.504, HR: +30.236, +28.504, +28.504 Max FL-HipX = +30.236 Min FL-HipY = +28.504 
[2025-06-11 16:51:48.494.707] [WARN  ] [basicmethod] 
[Working State Judge]
wifi connect: 0
gyro connect: 1
battary voltage normal: 1
 
[2025-06-11 16:51:49.523.719] [INFO  ] [Controller] [Joints] FL: +30.236, +28.504, +28.504 ,FR: +30.236, +28.504, +28.504, HL: 30.236, +28.504, +28.504, HR: +30.236, +28.504, +28.504 Max FL-HipX = +30.236 Min FL-HipY = +28.504 
[2025-06-11 16:51:51.524.433] [INFO  ] [Battery] SoC = 90%, Volt = +32.400V, Temp 27 
[2025-06-11 16:51:52.023.717] [INFO  ] [Controller] [Joints] FL: +30.236, +28.504, +28.504 ,FR: +30.236, +28.504, +28.504, HL: 30.236, +28.504, +28.504, HR: +30.236, +28.504, +28.504 Max FL-HipX = +30.236 Min FL-HipY = +28.504 
[2025-06-11 16:51:53.495.703] [WARN  ] [basicmethod] 
[Working State Judge]
wifi connect: 0
gyro connect: 1
battary voltage normal: 1
 
[2025-06-11 16:51:54.523.716] [INFO  ] [Controller] [Joints] FL: +30.236, +28.504, +28.504 ,FR: +30.236, +28.504, +28.504, HL: 30.236, +28.504, +28.504, HR: +30.236, +28.504, +28.504 Max FL-HipX = +30.236 Min FL-HipY = +28.504 
[2025-06-11 16:51:56.512.351] [INFO  ] [Battery] SoC = 90%, Volt = +32.400V, Temp 27 
[2025-06-11 16:51:57.023.717] [INFO  ] [Controller] [Joints] FL: +30.236, +28.504, +28.504 ,FR: +30.236, +28.504, +28.504, HL: 30.236, +28.504, +28.504, HR: +30.236, +28.504, +28.504 Max FL-HipX = +30.236 Min FL-HipY = +28.504 
[2025-06-11 16:51:58.496.703] [WARN  ] [basicmethod] 
[Working State Judge]
wifi connect: 0
gyro connect: 1
battary voltage normal: 1
 
[2025-06-11 16:51:59.523.721] [INFO  ] [Controller] [Joints] FL: +30.236, +28.504, +28.504 ,FR: +30.236, +28.504, +28.504, HL: 30.236, +28.504, +28.504, HR: +30.236, +28.504, +28.504 Max FL-HipX = +30.236 Min FL-HipY = +28.504 
[2025-06-11 16:52:01.500.319] [INFO  ] [Battery] SoC = 90%, Volt = +32.400V, Temp 27 
[2025-06-11 16:52:02.023.719] [INFO  ] [Controller] [Joints] FL: +30.236, +28.504, +28.504 ,FR: +30.236, +28.504, +28.504, HL: 30.236, +28.504, +28.504, HR: +30.236, +28.504, +28.504 Max FL-HipX = +30.236 Min FL-HipY = +28.504 
[2025-06-11 16:52:03.496.704] [WARN  ] [basicmethod] 
[Working State Judge]
wifi connect: 0
gyro connect: 1
battary voltage normal: 1
 
[2025-06-11 16:52:04.523.716] [INFO  ] [Controller] [Joints] FL: +30.236, +28.504, +28.504 ,FR: +30.236, +28.504, +28.504, HL: 30.236, +28.504, +28.504, HR: +30.236, +28.504, +28.504 Max FL-HipX = +30.236 Min FL-HipY = +28.504 
[2025-06-11 16:52:06.488.189] [INFO  ] [Battery] SoC = 90%, Volt = +32.400V, Temp 27 
[2025-06-11 16:52:07.023.716] [INFO  ] [Controller] [Joints] FL: +30.236, +28.504, +28.504 ,FR: +30.236, +28.504, +28.504, HL: 30.236, +28.504, +28.504, HR: +30.236, +28.504, +28.504 Max FL-HipX = +30.236 Min FL-HipY = +28.504 
[2025-06-11 16:52:08.496.698] [WARN  ] [basicmethod] 
[Working State Judge]
wifi connect: 0
gyro connect: 1
battary voltage normal: 1
 
[2025-06-11 16:52:09.523.721] [INFO  ] [Controller] [Joints] FL: +30.236, +28.504, +28.504 ,FR: +30.236, +28.504, +28.504, HL: 30.236, +28.504, +28.504, HR: +30.236, +28.504, +28.504 Max FL-HipX = +30.236 Min FL-HipY = +28.504 
[2025-06-11 16:52:11.475.969] [INFO  ] [Battery] SoC = 90%, Volt = +32.400V, Temp 27 
[2025-06-11 16:52:12.023.721] [INFO  ] [Controller] [Joints] FL: +30.236, +28.504, +28.504 ,FR: +30.236, +28.504, +28.504, HL: 30.236, +28.504, +28.504, HR: +30.236, +28.504, +28.504 Max FL-HipX = +30.236 Min FL-HipY = +28.504 
[2025-06-11 16:52:13.497.706] [WARN  ] [basicmethod] 
[Working State Judge]
wifi connect: 0
gyro connect: 1
battary voltage normal: 1
 
[2025-06-11 16:52:14.523.721] [INFO  ] [Controller] [Joints] FL: +30.236, +28.504, +28.504 ,FR: +30.236, +28.504, +28.504, HL: 30.236, +28.504, +28.504, HR: +30.236, +28.504, +28.504 Max FL-HipX = +30.236 Min FL-HipY = +28.504 
[2025-06-11 16:52:16.463.844] [INFO  ] [Battery] SoC = 90%, Volt = +32.400V, Temp 27 
[2025-06-11 16:52:17.023.718] [INFO  ] [Controller] [Joints] FL: +30.236, +28.504, +28.504 ,FR: +30.236, +28.504, +28.504, HL: 30.236, +28.504, +28.504, HR: +30.236, +28.504, +28.504 Max FL-HipX = +30.236 Min FL-HipY = +28.504 
[2025-06-11 16:52:18.498.699] [WARN  ] [basicmethod] 
[Working State Judge]
wifi connect: 0
gyro connect: 1
battary voltage normal: 1
 
[2025-06-11 16:52:19.523.723] [INFO  ] [Controller] [Joints] FL: +30.236, +28.504, +28.504 ,FR: +30.236, +28.504, +28.504, HL: 30.236, +28.504, +28.504, HR: +30.236, +28.504, +28.504 Max FL-HipX = +30.236 Min FL-HipY = +28.504 
[2025-06-11 16:52:21.451.591] [INFO  ] [Battery] SoC = 90%, Volt = +32.400V, Temp 27 
[2025-06-11 16:52:22.023.722] [INFO  ] [Controller] [Joints] FL: +30.236, +28.504, +28.504 ,FR: +30.236, +28.504, +28.504, HL: 30.236, +28.504, +28.504, HR: +30.236, +28.504, +28.504 Max FL-HipX = +30.236 Min FL-HipY = +28.504 
[2025-06-11 16:52:23.499.704] [WARN  ] [basicmethod] 
[Working State Judge]
wifi connect: 0
gyro connect: 1
battary voltage normal: 1
 
[2025-06-11 16:52:24.523.716] [INFO  ] [Controller] [Joints] FL: +30.236, +28.504, +28.504 ,FR: +30.236, +28.504, +28.504, HL: 30.236, +28.504, +28.504, HR: +30.236, +28.504, +28.504 Max FL-HipX = +30.236 Min FL-HipY = +28.504 
[2025-06-11 16:52:26.439.322] [INFO  ] [Battery] SoC = 90%, Volt = +32.400V, Temp 27 
[2025-06-11 16:52:27.023.715] [INFO  ] [Controller] [Joints] FL: +30.236, +28.504, +28.504 ,FR: +30.236, +28.504, +28.504, HL: 30.236, +28.504, +28.504, HR: +30.236, +28.504, +28.504 Max FL-HipX = +30.236 Min FL-HipY = +28.504 
[2025-06-11 16:52:28.500.708] [WARN  ] [basicmethod] 
[Working State Judge]
wifi connect: 0
gyro connect: 1
battary voltage normal: 1
 
[2025-06-11 16:52:29.523.722] [INFO  ] [Controller] [Joints] FL: +30.236, +28.504, +28.504 ,FR: +30.236, +28.504, +28.504, HL: 30.236, +28.504, +28.504, HR: +30.236, +28.504, +28.504 Max FL-HipX = +30.236 Min FL-HipY = +28.504 
[2025-06-11 16:52:31.427.097] [INFO  ] [Battery] SoC = 90%, Volt = +32.400V, Temp 27 
[2025-06-11 16:52:32.023.709] [INFO  ] [Controller] [Joints] FL: +30.236, +28.504, +28.504 ,FR: +30.236, +28.504, +28.504, HL: 30.236, +28.504, +28.504, HR: +30.236, +28.504, +28.504 Max FL-HipX = +30.236 Min FL-HipY = +28.504 
[2025-06-11 16:52:33.501.710] [WARN  ] [basicmethod] 
[Working State Judge]
wifi connect: 0
gyro connect: 1
battary voltage normal: 1
 
[2025-06-11 16:52:34.523.715] [INFO  ] [Controller] [Joints] FL: +30.236, +28.504, +28.504 ,FR: +30.236, +28.504, +28.504, HL: 30.236, +28.504, +28.504, HR: +30.236, +28.504, +28.504 Max FL-HipX = +30.236 Min FL-HipY = +28.504 
[2025-06-11 16:52:36.414.945] [INFO  ] [Battery] SoC = 90%, Volt = +32.400V, Temp 27 
[2025-06-11 16:52:37.023.718] [INFO  ] [Controller] [Joints] FL: +30.236, +28.504, +28.504 ,FR: +30.236, +28.504, +28.504, HL: 30.236, +28.504, +28.504, HR: +30.236, +28.504, +28.504 Max FL-HipX = +30.236 Min FL-HipY = +28.504 
[2025-06-11 16:52:38.502.701] [WARN  ] [basicmethod] 
[Working State Judge]
wifi connect: 0
gyro connect: 1
battary voltage normal: 1
 
[2025-06-11 16:52:39.523.716] [INFO  ] [Controller] [Joints] FL: +30.236, +28.504, +28.504 ,FR: +30.236, +28.504, +28.504, HL: 30.236, +28.504, +28.504, HR: +30.236, +28.504, +28.504 Max FL-HipX = +30.236 Min FL-HipY = +28.504 
[2025-06-11 16:52:41.402.691] [INFO  ] [Battery] SoC = 90%, Volt = +32.400V, Temp 27 
[2025-06-11 16:52:42.023.717] [INFO  ] [Controller] [Joints] FL: +30.236, +28.504, +28.504 ,FR: +30.236, +28.504, +28.504, HL: 30.236, +28.504, +28.504, HR: +30.236, +28.504, +28.504 Max FL-HipX = +30.236 Min FL-HipY = +28.504 
[2025-06-11 16:52:43.503.697] [WARN  ] [basicmethod] 
[Working State Judge]
wifi connect: 0
gyro connect: 1
battary voltage normal: 1
 
[2025-06-11 16:52:44.523.714] [INFO  ] [Controller] [Joints] FL: +30.236, +28.504, +28.504 ,FR: +30.236, +28.504, +28.504, HL: 30.236, +28.504, +28.504, HR: +30.236, +28.504, +28.504 Max FL-HipX = +30.236 Min FL-HipY = +28.504 
[2025-06-11 16:52:46.390.490] [INFO  ] [Battery] SoC = 90%, Volt = +32.400V, Temp 27 
[2025-06-11 16:52:47.023.716] [INFO  ] [Controller] [Joints] FL: +30.236, +28.504, +28.504 ,FR: +30.236, +28.504, +28.504, HL: 30.236, +28.504, +28.504, HR: +30.236, +28.504, +28.504 Max FL-HipX = +30.236 Min FL-HipY = +28.504 
[2025-06-11 16:52:48.503.700] [WARN  ] [basicmethod] 
[Working State Judge]
wifi connect: 0
gyro connect: 1
battary voltage normal: 1
 
[2025-06-11 16:52:49.523.715] [INFO  ] [Controller] [Joints] FL: +30.236, +28.504, +28.504 ,FR: +30.236, +28.504, +28.504, HL: 30.236, +28.504, +28.504, HR: +30.236, +28.504, +28.504 Max FL-HipX = +30.236 Min FL-HipY = +28.504 
[2025-06-11 16:52:51.378.206] [INFO  ] [Battery] SoC = 90%, Volt = +32.400V, Temp 27 
[2025-06-11 16:52:52.023.715] [INFO  ] [Controller] [Joints] FL: +30.236, +28.504, +28.504 ,FR: +30.236, +28.504, +28.504, HL: 30.236, +28.504, +28.504, HR: +30.236, +28.504, +28.504 Max FL-HipX = +30.236 Min FL-HipY = +28.504 
[2025-06-11 16:52:53.504.708] [WARN  ] [basicmethod] 
[Working State Judge]
wifi connect: 0
gyro connect: 1
battary voltage normal: 1
 
[2025-06-11 16:52:54.523.712] [INFO  ] [Controller] [Joints] FL: +30.236, +28.504, +28.504 ,FR: +30.236, +28.504, +28.504, HL: 30.236, +28.504, +28.504, HR: +30.236, +28.504, +28.504 Max FL-HipX = +30.236 Min FL-HipY = +28.504 
[2025-06-11 16:52:56.365.881] [INFO  ] [Battery] SoC = 90%, Volt = +32.400V, Temp 27 
[2025-06-11 16:52:57.023.718] [INFO  ] [Controller] [Joints] FL: +30.236, +28.504, +28.504 ,FR: +30.236, +28.504, +28.504, HL: 30.236, +28.504, +28.504, HR: +30.236, +28.504, +28.504 Max FL-HipX = +30.236 Min FL-HipY = +28.504 
[2025-06-11 16:52:58.505.702] [WARN  ] [basicmethod] 
[Working State Judge]
wifi connect: 0
gyro connect: 1
battary voltage normal: 1
 
[2025-06-11 16:52:59.523.717] [INFO  ] [Controller] [Joints] FL: +30.236, +28.504, +28.504 ,FR: +30.236, +28.504, +28.504, HL: 30.236, +28.504, +28.504, HR: +30.236, +28.504, +28.504 Max FL-HipX = +30.236 Min FL-HipY = +28.504 
[2025-06-11 16:53:01.353.593] [INFO  ] [Battery] SoC = 90%, Volt = +32.400V, Temp 27 
[2025-06-11 16:53:02.023.717] [INFO  ] [Controller] [Joints] FL: +30.236, +28.504, +28.504 ,FR: +30.236, +28.504, +28.504, HL: 30.236, +28.504, +28.504, HR: +30.236, +28.504, +28.504 Max FL-HipX = +30.236 Min FL-HipY = +28.504 
[2025-06-11 16:53:03.506.702] [WARN  ] [basicmethod] 
[Working State Judge]
wifi connect: 0
gyro connect: 1
battary voltage normal: 1
 
[2025-06-11 16:53:04.523.715] [INFO  ] [Controller] [Joints] FL: +30.236, +28.504, +28.504 ,FR: +30.236, +28.504, +28.504, HL: 30.236, +28.504, +28.504, HR: +30.236, +28.504, +28.504 Max FL-HipX = +30.236 Min FL-HipY = +28.504 
[2025-06-11 16:53:06.341.330] [INFO  ] [Battery] SoC = 90%, Volt = +32.400V, Temp 27 
[2025-06-11 16:53:07.023.716] [INFO  ] [Controller] [Joints] FL: +30.236, +28.504, +28.504 ,FR: +30.236, +28.504, +28.504, HL: 30.236, +28.504, +28.504, HR: +30.236, +28.504, +28.504 Max FL-HipX = +30.236 Min FL-HipY = +28.504 
[2025-06-11 16:53:08.507.705] [WARN  ] [basicmethod] 
[Working State Judge]
wifi connect: 0
gyro connect: 1
battary voltage normal: 1
 
[2025-06-11 16:53:09.523.716] [INFO  ] [Controller] [Joints] FL: +30.236, +28.504, +28.504 ,FR: +30.236, +28.504, +28.504, HL: 30.236, +28.504, +28.504, HR: +30.236, +28.504, +28.504 Max FL-HipX = +30.236 Min FL-HipY = +28.504 
[2025-06-11 16:53:11.328.941] [INFO  ] [Battery] SoC = 90%, Volt = +32.400V, Temp 27 
[2025-06-11 16:53:12.023.715] [INFO  ] [Controller] [Joints] FL: +30.236, +28.504, +28.504 ,FR: +30.236, +28.504, +28.504, HL: 30.236, +28.504, +28.504, HR: +30.236, +28.504, +28.504 Max FL-HipX = +30.236 Min FL-HipY = +28.504 
[2025-06-11 16:53:13.508.702] [WARN  ] [basicmethod] 
[Working State Judge]
wifi connect: 0
gyro connect: 1
battary voltage normal: 1
 
[2025-06-11 16:53:14.523.715] [INFO  ] [Controller] [Joints] FL: +30.236, +28.504, +28.504 ,FR: +30.236, +28.504, +28.504, HL: 30.236, +28.504, +28.504, HR: +30.236, +28.504, +28.504 Max FL-HipX = +30.236 Min FL-HipY = +28.504 
[2025-06-11 16:53:16.316.601] [INFO  ] [Battery] SoC = 90%, Volt = +32.400V, Temp 27 
[2025-06-11 16:53:17.023.715] [INFO  ] [Controller] [Joints] FL: +30.236, +28.504, +28.504 ,FR: +30.236, +28.504, +28.504, HL: 30.236, +28.504, +28.504, HR: +30.236, +28.504, +28.504 Max FL-HipX = +30.236 Min FL-HipY = +28.504 
[2025-06-11 16:53:18.509.700] [WARN  ] [basicmethod] 
[Working State Judge]
wifi connect: 0
gyro connect: 1
battary voltage normal: 1
 
[2025-06-11 16:53:19.523.717] [INFO  ] [Controller] [Joints] FL: +30.236, +28.504, +28.504 ,FR: +30.236, +28.504, +28.504, HL: 30.236, +28.504, +28.504, HR: +30.236, +28.504, +28.504 Max FL-HipX = +30.236 Min FL-HipY = +28.504 
[2025-06-11 16:53:21.304.239] [INFO  ] [Battery] SoC = 90%, Volt = +32.400V, Temp 27 
[2025-06-11 16:53:22.023.718] [INFO  ] [Controller] [Joints] FL: +30.236, +28.504, +28.504 ,FR: +30.236, +28.504, +28.504, HL: 30.236, +28.504, +28.504, HR: +30.236, +28.504, +28.504 Max FL-HipX = +30.236 Min FL-HipY = +28.504 
[2025-06-11 16:53:23.510.702] [WARN  ] [basicmethod] 
[Working State Judge]
wifi connect: 0
gyro connect: 1
battary voltage normal: 1
 
[2025-06-11 16:53:24.523.713] [INFO  ] [Controller] [Joints] FL: +30.236, +28.504, +28.504 ,FR: +30.236, +28.504, +28.504, HL: 30.236, +28.504, +28.504, HR: +30.236, +28.504, +28.504 Max FL-HipX = +30.236 Min FL-HipY = +28.504 
[2025-06-11 16:53:26.291.950] [INFO  ] [Battery] SoC = 90%, Volt = +32.400V, Temp 27 
[2025-06-11 16:53:27.023.714] [INFO  ] [Controller] [Joints] FL: +30.236, +28.504, +28.504 ,FR: +30.236, +28.504, +28.504, HL: 30.236, +28.504, +28.504, HR: +30.236, +28.504, +28.504 Max FL-HipX = +30.236 Min FL-HipY = +28.504 
[2025-06-11 16:53:28.511.701] [WARN  ] [basicmethod] 
[Working State Judge]
wifi connect: 0
gyro connect: 1
battary voltage normal: 1
 
[2025-06-11 16:53:29.523.716] [INFO  ] [Controller] [Joints] FL: +30.236, +28.504, +28.504 ,FR: +30.236, +28.504, +28.504, HL: 30.236, +28.504, +28.504, HR: +30.236, +28.504, +28.504 Max FL-HipX = +30.236 Min FL-HipY = +28.504 
[2025-06-11 16:53:31.279.621] [INFO  ] [Battery] SoC = 90%, Volt = +32.400V, Temp 27 
[2025-06-11 16:53:32.023.715] [INFO  ] [Controller] [Joints] FL: +30.236, +28.504, +28.504 ,FR: +30.236, +28.504, +28.504, HL: 30.236, +28.504, +28.504, HR: +30.236, +28.504, +28.504 Max FL-HipX = +30.236 Min FL-HipY = +28.504 
[2025-06-11 16:53:33.512.700] [WARN  ] [basicmethod] 
[Working State Judge]
wifi connect: 0
gyro connect: 1
battary voltage normal: 1
 
[2025-06-11 16:53:34.523.714] [INFO  ] [Controller] [Joints] FL: +30.236, +28.504, +28.504 ,FR: +30.236, +28.504, +28.504, HL: 30.236, +28.504, +28.504, HR: +30.236, +28.504, +28.504 Max FL-HipX = +30.236 Min FL-HipY = +28.504 
[2025-06-11 16:53:36.267.013] [INFO  ] [Battery] SoC = 90%, Volt = +32.400V, Temp 27 
[2025-06-11 16:53:37.023.720] [INFO  ] [Controller] [Joints] FL: +30.236, +28.504, +28.504 ,FR: +30.236, +28.504, +28.504, HL: 30.236, +28.504, +28.504, HR: +30.236, +28.504, +28.504 Max FL-HipX = +30.236 Min FL-HipY = +28.504 
[2025-06-11 16:53:38.512.701] [WARN  ] [basicmethod] 
[Working State Judge]
wifi connect: 0
gyro connect: 1
battary voltage normal: 1
 
[2025-06-11 16:53:39.523.715] [INFO  ] [Controller] [Joints] FL: +30.236, +28.504, +28.504 ,FR: +30.236, +28.504, +28.504, HL: 30.236, +28.504, +28.504, HR: +30.236, +28.504, +28.504 Max FL-HipX = +30.236 Min FL-HipY = +28.504 
[2025-06-11 16:53:41.254.444] [INFO  ] [Battery] SoC = 90%, Volt = +32.400V, Temp 27 
[2025-06-11 16:53:42.023.720] [INFO  ] [Controller] [Joints] FL: +30.236, +28.504, +28.504 ,FR: +30.236, +28.504, +28.504, HL: 30.236, +28.504, +28.504, HR: +30.236, +28.504, +28.504 Max FL-HipX = +30.236 Min FL-HipY = +28.504 
[2025-06-11 16:53:43.512.702] [WARN  ] [basicmethod] 
[Working State Judge]
wifi connect: 0
gyro connect: 1
battary voltage normal: 1
 
[2025-06-11 16:53:44.523.717] [INFO  ] [Controller] [Joints] FL: +30.236, +28.504, +28.504 ,FR: +30.236, +28.504, +28.504, HL: 30.236, +28.504, +28.504, HR: +30.236, +28.504, +28.504 Max FL-HipX = +30.236 Min FL-HipY = +28.504 
[2025-06-11 16:53:46.241.868] [INFO  ] [Battery] SoC = 90%, Volt = +32.400V, Temp 27 
[2025-06-11 16:53:47.023.716] [INFO  ] [Controller] [Joints] FL: +30.236, +28.504, +28.504 ,FR: +30.236, +28.504, +28.504, HL: 30.236, +28.504, +28.504, HR: +30.236, +28.504, +28.504 Max FL-HipX = +30.236 Min FL-HipY = +28.504 
[2025-06-11 16:53:48.512.702] [WARN  ] [basicmethod] 
[Working State Judge]
wifi connect: 0
gyro connect: 1
battary voltage normal: 1
 
[2025-06-11 16:53:49.523.718] [INFO  ] [Controller] [Joints] FL: +30.236, +28.504, +28.504 ,FR: +30.236, +28.504, +28.504, HL: 30.236, +28.504, +28.504, HR: +30.236, +28.504, +28.504 Max FL-HipX = +30.236 Min FL-HipY = +28.504 
[2025-06-11 16:53:51.229.349] [INFO  ] [Battery] SoC = 90%, Volt = +32.400V, Temp 27 
[2025-06-11 16:53:52.023.721] [INFO  ] [Controller] [Joints] FL: +30.236, +28.504, +28.504 ,FR: +30.236, +28.504, +28.504, HL: 30.236, +28.504, +28.504, HR: +30.236, +28.504, +28.504 Max FL-HipX = +30.236 Min FL-HipY = +28.504 
[2025-06-11 16:53:53.513.700] [WARN  ] [basicmethod] 
[Working State Judge]
wifi connect: 0
gyro connect: 1
battary voltage normal: 1
 
[2025-06-11 16:53:54.523.716] [INFO  ] [Controller] [Joints] FL: +30.236, +28.504, +28.504 ,FR: +30.236, +28.504, +28.504, HL: 30.236, +28.504, +28.504, HR: +30.236, +28.504, +28.504 Max FL-HipX = +30.236 Min FL-HipY = +28.504 
[2025-06-11 16:53:56.216.945] [INFO  ] [Battery] SoC = 90%, Volt = +32.400V, Temp 27 
[2025-06-11 16:53:57.023.718] [INFO  ] [Controller] [Joints] FL: +30.236, +28.504, +28.504 ,FR: +30.236, +28.504, +28.504, HL: 30.236, +28.504, +28.504, HR: +30.236, +28.504, +28.504 Max FL-HipX = +30.236 Min FL-HipY = +28.504 
[2025-06-11 16:53:58.513.700] [WARN  ] [basicmethod] 
[Working State Judge]
wifi connect: 0
gyro connect: 1
battary voltage normal: 1
 
[2025-06-11 16:53:59.523.716] [INFO  ] [Controller] [Joints] FL: +30.236, +28.504, +28.504 ,FR: +30.236, +28.504, +28.504, HL: 30.236, +28.504, +28.504, HR: +30.236, +28.504, +28.504 Max FL-HipX = +30.236 Min FL-HipY = +28.504 
[2025-06-11 16:54:01.204.698] [INFO  ] [Battery] SoC = 90%, Volt = +32.400V, Temp 27 
[2025-06-11 16:54:02.023.716] [INFO  ] [Controller] [Joints] FL: +30.236, +28.504, +28.504 ,FR: +30.236, +28.504, +28.504, HL: 30.236, +28.504, +28.504, HR: +30.236, +28.504, +28.504 Max FL-HipX = +30.236 Min FL-HipY = +28.504 
[2025-06-11 16:54:03.513.699] [WARN  ] [basicmethod] 
[Working State Judge]
wifi connect: 0
gyro connect: 1
battary voltage normal: 1
 
[2025-06-11 16:54:04.523.716] [INFO  ] [Controller] [Joints] FL: +30.236, +28.504, +28.504 ,FR: +30.236, +28.504, +28.504, HL: 30.236, +28.504, +28.504, HR: +30.236, +28.504, +28.504 Max FL-HipX = +30.236 Min FL-HipY = +28.504 
[2025-06-11 16:54:06.192.364] [INFO  ] [Battery] SoC = 90%, Volt = +32.400V, Temp 27 
[2025-06-11 16:54:07.023.721] [INFO  ] [Controller] [Joints] FL: +30.236, +28.504, +28.504 ,FR: +30.236, +28.504, +28.504, HL: 30.236, +28.504, +28.504, HR: +30.236, +28.504, +28.504 Max FL-HipX = +30.236 Min FL-HipY = +28.504 
[2025-06-11 16:54:08.514.700] [WARN  ] [basicmethod] 
[Working State Judge]
wifi connect: 0
gyro connect: 1
battary voltage normal: 1
 
[2025-06-11 16:54:09.523.720] [INFO  ] [Controller] [Joints] FL: +30.236, +28.504, +28.504 ,FR: +30.236, +28.504, +28.504, HL: 30.236, +28.504, +28.504, HR: +30.236, +28.504, +28.504 Max FL-HipX = +30.236 Min FL-HipY = +28.504 
[2025-06-11 16:54:11.180.118] [INFO  ] [Battery] SoC = 90%, Volt = +32.400V, Temp 27 
[2025-06-11 16:54:12.023.716] [INFO  ] [Controller] [Joints] FL: +30.236, +28.504, +28.504 ,FR: +30.236, +28.504, +28.504, HL: 30.236, +28.504, +28.504, HR: +30.236, +28.504, +28.504 Max FL-HipX = +30.236 Min FL-HipY = +28.504 
[2025-06-11 16:54:13.514.708] [WARN  ] [basicmethod] 
[Working State Judge]
wifi connect: 0
gyro connect: 1
battary voltage normal: 1
 
[2025-06-11 16:54:14.523.712] [INFO  ] [Controller] [Joints] FL: +30.236, +28.504, +28.504 ,FR: +30.236, +28.504, +28.504, HL: 30.236, +28.504, +28.504, HR: +30.236, +28.504, +28.504 Max FL-HipX = +30.236 Min FL-HipY = +28.504 
[2025-06-11 16:54:16.167.816] [INFO  ] [Battery] SoC = 89%, Volt = +32.400V, Temp 27 
[2025-06-11 16:54:17.023.722] [INFO  ] [Controller] [Joints] FL: +30.236, +28.504, +28.504 ,FR: +30.236, +28.504, +28.504, HL: 30.236, +28.504, +28.504, HR: +30.236, +28.504, +28.504 Max FL-HipX = +30.236 Min FL-HipY = +28.504 
[2025-06-11 16:54:18.515.699] [WARN  ] [basicmethod] 
[Working State Judge]
wifi connect: 0
gyro connect: 1
battary voltage normal: 1
 
[2025-06-11 16:54:19.523.718] [INFO  ] [Controller] [Joints] FL: +30.236, +28.504, +28.504 ,FR: +30.236, +28.504, +28.504, HL: 30.236, +28.504, +28.504, HR: +30.236, +28.504, +28.504 Max FL-HipX = +30.236 Min FL-HipY = +28.504 
[2025-06-11 16:54:21.155.486] [INFO  ] [Battery] SoC = 89%, Volt = +32.400V, Temp 27 
[2025-06-11 16:54:22.023.717] [INFO  ] [Controller] [Joints] FL: +30.236, +28.504, +28.504 ,FR: +30.236, +28.504, +28.504, HL: 30.236, +28.504, +28.504, HR: +30.236, +28.504, +28.504 Max FL-HipX = +30.236 Min FL-HipY = +28.504 
[2025-06-11 16:54:23.515.704] [WARN  ] [basicmethod] 
[Working State Judge]
wifi connect: 0
gyro connect: 1
battary voltage normal: 1
 
[2025-06-11 16:54:24.523.716] [INFO  ] [Controller] [Joints] FL: +30.236, +28.504, +28.504 ,FR: +30.236, +28.504, +28.504, HL: 30.236, +28.504, +28.504, HR: +30.236, +28.504, +28.504 Max FL-HipX = +30.236 Min FL-HipY = +28.504 
[2025-06-11 16:54:26.143.231] [INFO  ] [Battery] SoC = 89%, Volt = +32.400V, Temp 27 
[2025-06-11 16:54:27.023.716] [INFO  ] [Controller] [Joints] FL: +30.236, +28.504, +28.504 ,FR: +30.236, +28.504, +28.504, HL: 30.236, +28.504, +28.504, HR: +30.236, +28.504, +28.504 Max FL-HipX = +30.236 Min FL-HipY = +28.504 
[2025-06-11 16:54:28.516.702] [WARN  ] [basicmethod] 
[Working State Judge]
wifi connect: 0
gyro connect: 1
battary voltage normal: 1
 
[2025-06-11 16:54:29.523.717] [INFO  ] [Controller] [Joints] FL: +30.236, +28.504, +28.504 ,FR: +30.236, +28.504, +28.504, HL: 30.236, +28.504, +28.504, HR: +30.236, +28.504, +28.504 Max FL-HipX = +30.236 Min FL-HipY = +28.504 
[2025-06-11 16:54:31.130.988] [INFO  ] [Battery] SoC = 89%, Volt = +32.400V, Temp 27 
[2025-06-11 16:54:32.023.718] [INFO  ] [Controller] [Joints] FL: +30.236, +28.504, +28.504 ,FR: +30.236, +28.504, +28.504, HL: 30.236, +28.504, +28.504, HR: +30.236, +28.504, +28.504 Max FL-HipX = +30.236 Min FL-HipY = +28.504 
[2025-06-11 16:54:33.517.698] [WARN  ] [basicmethod] 
[Working State Judge]
wifi connect: 0
gyro connect: 1
battary voltage normal: 1
 
[2025-06-11 16:54:34.523.715] [INFO  ] [Controller] [Joints] FL: +30.236, +28.504, +28.504 ,FR: +30.236, +28.504, +28.504, HL: 30.236, +28.504, +28.504, HR: +30.236, +28.504, +28.504 Max FL-HipX = +30.236 Min FL-HipY = +28.504 
[2025-06-11 16:54:36.118.803] [INFO  ] [Battery] SoC = 89%, Volt = +32.400V, Temp 27 
[2025-06-11 16:54:37.023.716] [INFO  ] [Controller] [Joints] FL: +30.236, +28.504, +28.504 ,FR: +30.236, +28.504, +28.504, HL: 30.236, +28.504, +28.504, HR: +30.236, +28.504, +28.504 Max FL-HipX = +30.236 Min FL-HipY = +28.504 
[2025-06-11 16:54:38.518.703] [WARN  ] [basicmethod] 
[Working State Judge]
wifi connect: 0
gyro connect: 1
battary voltage normal: 1
 
[2025-06-11 16:54:39.523.716] [INFO  ] [Controller] [Joints] FL: +30.236, +28.504, +28.504 ,FR: +30.236, +28.504, +28.504, HL: 30.236, +28.504, +28.504, HR: +30.236, +28.504, +28.504 Max FL-HipX = +30.236 Min FL-HipY = +28.504 
[2025-06-11 16:54:41.106.573] [INFO  ] [Battery] SoC = 89%, Volt = +32.400V, Temp 27 
[2025-06-11 16:54:42.023.716] [INFO  ] [Controller] [Joints] FL: +30.236, +28.504, +28.504 ,FR: +30.236, +28.504, +28.504, HL: 30.236, +28.504, +28.504, HR: +30.236, +28.504, +28.504 Max FL-HipX = +30.236 Min FL-HipY = +28.504 
[2025-06-11 16:54:43.519.703] [WARN  ] [basicmethod] 
[Working State Judge]
wifi connect: 0
gyro connect: 1
battary voltage normal: 1
 
[2025-06-11 16:54:44.523.713] [INFO  ] [Controller] [Joints] FL: +30.236, +28.504, +28.504 ,FR: +30.236, +28.504, +28.504, HL: 30.236, +28.504, +28.504, HR: +30.236, +28.504, +28.504 Max FL-HipX = +30.236 Min FL-HipY = +28.504 
[2025-06-11 16:54:46.094.377] [INFO  ] [Battery] SoC = 89%, Volt = +32.400V, Temp 27 
[2025-06-11 16:54:47.023.714] [INFO  ] [Controller] [Joints] FL: +30.236, +28.504, +28.504 ,FR: +30.236, +28.504, +28.504, HL: 30.236, +28.504, +28.504, HR: +30.236, +28.504, +28.504 Max FL-HipX = +30.236 Min FL-HipY = +28.504 
[2025-06-11 16:54:48.519.701] [WARN  ] [basicmethod] 
[Working State Judge]
wifi connect: 0
gyro connect: 1
battary voltage normal: 1
 
[2025-06-11 16:54:49.523.719] [INFO  ] [Controller] [Joints] FL: +30.236, +28.504, +28.504 ,FR: +30.236, +28.504, +28.504, HL: 30.236, +28.504, +28.504, HR: +30.236, +28.504, +28.504 Max FL-HipX = +30.236 Min FL-HipY = +28.504 
[2025-06-11 16:54:51.082.238] [INFO  ] [Battery] SoC = 89%, Volt = +32.400V, Temp 27 
[2025-06-11 16:54:52.023.706] [INFO  ] [Controller] [Joints] FL: +30.236, +28.504, +28.504 ,FR: +30.236, +28.504, +28.504, HL: 30.236, +28.504, +28.504, HR: +30.236, +28.504, +28.504 Max FL-HipX = +30.236 Min FL-HipY = +28.504 
[2025-06-11 16:54:53.519.703] [WARN  ] [basicmethod] 
[Working State Judge]
wifi connect: 0
gyro connect: 1
battary voltage normal: 1
 
[2025-06-11 16:54:54.523.716] [INFO  ] [Controller] [Joints] FL: +30.236, +28.504, +28.504 ,FR: +30.236, +28.504, +28.504, HL: 30.236, +28.504, +28.504, HR: +30.236, +28.504, +28.504 Max FL-HipX = +30.236 Min FL-HipY = +28.504 
[2025-06-11 16:54:56.070.051] [INFO  ] [Battery] SoC = 89%, Volt = +32.400V, Temp 27 
[2025-06-11 16:54:57.023.715] [INFO  ] [Controller] [Joints] FL: +30.236, +28.504, +28.504 ,FR: +30.236, +28.504, +28.504, HL: 30.236, +28.504, +28.504, HR: +30.236, +28.504, +28.504 Max FL-HipX = +30.236 Min FL-HipY = +28.504 
[2025-06-11 16:54:58.520.699] [WARN  ] [basicmethod] 
[Working State Judge]
wifi connect: 0
gyro connect: 1
battary voltage normal: 1
 
[2025-06-11 16:54:59.523.717] [INFO  ] [Controller] [Joints] FL: +30.236, +28.504, +28.504 ,FR: +30.236, +28.504, +28.504, HL: 30.236, +28.504, +28.504, HR: +30.236, +28.504, +28.504 Max FL-HipX = +30.236 Min FL-HipY = +28.504 
[2025-06-11 16:55:01.057.829] [INFO  ] [Battery] SoC = 89%, Volt = +32.400V, Temp 27 
[2025-06-11 16:55:02.023.716] [INFO  ] [Controller] [Joints] FL: +30.236, +28.504, +28.504 ,FR: +30.236, +28.504, +28.504, HL: 30.236, +28.504, +28.504, HR: +30.236, +28.504, +28.504 Max FL-HipX = +30.236 Min FL-HipY = +28.504 
[2025-06-11 16:55:03.520.707] [WARN  ] [basicmethod] 
[Working State Judge]
wifi connect: 0
gyro connect: 1
battary voltage normal: 1
 
[2025-06-11 16:55:04.523.711] [INFO  ] [Controller] [Joints] FL: +30.236, +28.504, +28.504 ,FR: +30.236, +30.236, +28.504, HL: 30.236, +28.504, +28.504, HR: +30.236, +28.504, +28.504 Max FL-HipX = +30.236 Min FL-HipY = +28.504 
[2025-06-11 16:55:06.045.627] [INFO  ] [Battery] SoC = 89%, Volt = +32.400V, Temp 27 
[2025-06-11 16:55:07.023.716] [INFO  ] [Controller] [Joints] FL: +30.236, +28.504, +28.504 ,FR: +30.236, +30.236, +28.504, HL: 30.236, +28.504, +28.504, HR: +30.236, +28.504, +28.504 Max FL-HipX = +30.236 Min FL-HipY = +28.504 
[2025-06-11 16:55:08.521.707] [WARN  ] [basicmethod] 
[Working State Judge]
wifi connect: 0
gyro connect: 1
battary voltage normal: 1
 
[2025-06-11 16:55:09.523.718] [INFO  ] [Controller] [Joints] FL: +30.236, +28.504, +28.504 ,FR: +30.236, +30.236, +28.504, HL: 30.236, +28.504, +28.504, HR: +30.236, +28.504, +28.504 Max FL-HipX = +30.236 Min FL-HipY = +28.504 
[2025-06-11 16:55:11.033.353] [INFO  ] [Battery] SoC = 89%, Volt = +32.400V, Temp 27 
[2025-06-11 16:55:12.023.714] [INFO  ] [Controller] [Joints] FL: +30.236, +28.504, +28.504 ,FR: +30.236, +30.236, +28.504, HL: 30.236, +28.504, +28.504, HR: +30.236, +28.504, +28.504 Max FL-HipX = +30.236 Min FL-HipY = +28.504 
[2025-06-11 16:55:13.522.699] [WARN  ] [basicmethod] 
[Working State Judge]
wifi connect: 0
gyro connect: 1
battary voltage normal: 1
 
[2025-06-11 16:55:14.523.709] [INFO  ] [Controller] [Joints] FL: +30.236, +28.504, +28.504 ,FR: +30.236, +30.236, +28.504, HL: 30.236, +28.504, +28.504, HR: +30.236, +28.504, +28.504 Max FL-HipX = +30.236 Min FL-HipY = +28.504 
[2025-06-11 16:55:16.021.037] [INFO  ] [Battery] SoC = 89%, Volt = +32.400V, Temp 27 
[2025-06-11 16:55:17.023.714] [INFO  ] [Controller] [Joints] FL: +30.236, +28.504, +28.504 ,FR: +30.236, +30.236, +28.504, HL: 30.236, +28.504, +28.504, HR: +30.236, +28.504, +28.504 Max FL-HipX = +30.236 Min FL-HipY = +28.504 
[2025-06-11 16:55:18.523.700] [WARN  ] [basicmethod] 
[Working State Judge]
wifi connect: 0
gyro connect: 1
battary voltage normal: 1
 
[2025-06-11 16:55:19.523.716] [INFO  ] [Controller] [Joints] FL: +30.236, +28.504, +28.504 ,FR: +30.236, +30.236, +28.504, HL: 30.236, +28.504, +28.504, HR: +30.236, +28.504, +28.504 Max FL-HipX = +30.236 Min FL-HipY = +28.504 
[2025-06-11 16:55:21.008.718] [INFO  ] [Battery] SoC = 89%, Volt = +32.400V, Temp 27 
[2025-06-11 16:55:22.023.720] [INFO  ] [Controller] [Joints] FL: +30.236, +28.504, +28.504 ,FR: +30.236, +30.236, +28.504, HL: 30.236, +28.504, +28.504, HR: +30.236, +28.504, +28.504 Max FL-HipX = +30.236 Min FL-HipY = +28.504 
[2025-06-11 16:55:23.524.702] [WARN  ] [basicmethod] 
[Working State Judge]
wifi connect: 0
gyro connect: 1
battary voltage normal: 1
 
[2025-06-11 16:55:24.523.715] [INFO  ] [Controller] [Joints] FL: +30.236, +28.504, +28.504 ,FR: +30.236, +30.236, +28.504, HL: 30.236, +28.504, +28.504, HR: +30.236, +28.504, +28.504 Max FL-HipX = +30.236 Min FL-HipY = +28.504 
[2025-06-11 16:55:25.996.380] [INFO  ] [Battery] SoC = 89%, Volt = +32.400V, Temp 27 
[2025-06-11 16:55:27.023.714] [INFO  ] [Controller] [Joints] FL: +30.236, +28.504, +28.504 ,FR: +30.236, +30.236, +28.504, HL: 30.236, +28.504, +28.504, HR: +30.236, +28.504, +28.504 Max FL-HipX = +30.236 Min FL-HipY = +28.504 
[2025-06-11 16:55:28.525.700] [WARN  ] [basicmethod] 
[Working State Judge]
wifi connect: 0
gyro connect: 1
battary voltage normal: 1
 
[2025-06-11 16:55:29.523.717] [INFO  ] [Controller] [Joints] FL: +30.236, +28.504, +28.504 ,FR: +30.236, +30.236, +28.504, HL: 30.236, +28.504, +28.504, HR: +30.236, +28.504, +28.504 Max FL-HipX = +30.236 Min FL-HipY = +28.504 
[2025-06-11 16:55:30.984.000] [INFO  ] [Battery] SoC = 89%, Volt = +32.400V, Temp 27 
[2025-06-11 16:55:32.023.719] [INFO  ] [Controller] [Joints] FL: +30.236, +28.504, +28.504 ,FR: +30.236, +30.236, +28.504, HL: 30.236, +28.504, +28.504, HR: +30.236, +28.504, +28.504 Max FL-HipX = +30.236 Min FL-HipY = +28.504 
[2025-06-11 16:55:33.526.702] [WARN  ] [basicmethod] 
[Working State Judge]
wifi connect: 0
gyro connect: 1
battary voltage normal: 1
 
[2025-06-11 16:55:34.523.715] [INFO  ] [Controller] [Joints] FL: +30.236, +28.504, +28.504 ,FR: +30.236, +30.236, +28.504, HL: 30.236, +28.504, +28.504, HR: +30.236, +28.504, +28.504 Max FL-HipX = +30.236 Min FL-HipY = +28.504 
[2025-06-11 16:55:35.971.646] [INFO  ] [Battery] SoC = 89%, Volt = +32.400V, Temp 27 
[2025-06-11 16:55:37.023.717] [INFO  ] [Controller] [Joints] FL: +30.236, +28.504, +28.504 ,FR: +30.236, +30.236, +28.504, HL: 30.236, +28.504, +28.504, HR: +30.236, +28.504, +28.504 Max FL-HipX = +30.236 Min FL-HipY = +28.504 
[2025-06-11 16:55:38.526.702] [WARN  ] [basicmethod] 
[Working State Judge]
wifi connect: 0
gyro connect: 1
battary voltage normal: 1
 
[2025-06-11 16:55:39.523.717] [INFO  ] [Controller] [Joints] FL: +30.236, +28.504, +28.504 ,FR: +30.236, +30.236, +28.504, HL: 30.236, +28.504, +28.504, HR: +30.236, +28.504, +28.504 Max FL-HipX = +30.236 Min FL-HipY = +28.504 
[2025-06-11 16:55:40.959.327] [INFO  ] [Battery] SoC = 89%, Volt = +32.400V, Temp 27 
[2025-06-11 16:55:42.023.717] [INFO  ] [Controller] [Joints] FL: +30.236, +28.504, +28.504 ,FR: +30.236, +30.236, +28.504, HL: 30.236, +28.504, +28.504, HR: +30.236, +28.504, +28.504 Max FL-HipX = +30.236 Min FL-HipY = +28.504 
[2025-06-11 16:55:43.527.701] [WARN  ] [basicmethod] 
[Working State Judge]
wifi connect: 0
gyro connect: 1
battary voltage normal: 1
 
[2025-06-11 16:55:44.523.716] [INFO  ] [Controller] [Joints] FL: +30.236, +28.504, +28.504 ,FR: +30.236, +30.236, +28.504, HL: 30.236, +28.504, +28.504, HR: +30.236, +28.504, +28.504 Max FL-HipX = +30.236 Min FL-HipY = +28.504 
[2025-06-11 16:55:45.946.975] [INFO  ] [Battery] SoC = 89%, Volt = +32.400V, Temp 27 
[2025-06-11 16:55:47.023.718] [INFO  ] [Controller] [Joints] FL: +30.236, +28.504, +28.504 ,FR: +30.236, +30.236, +28.504, HL: 30.236, +28.504, +28.504, HR: +30.236, +28.504, +28.504 Max FL-HipX = +30.236 Min FL-HipY = +28.504 
[2025-06-11 16:55:48.527.700] [WARN  ] [basicmethod] 
[Working State Judge]
wifi connect: 0
gyro connect: 1
battary voltage normal: 1
 
[2025-06-11 16:55:49.523.719] [INFO  ] [Controller] [Joints] FL: +30.236, +28.504, +28.504 ,FR: +30.236, +30.236, +28.504, HL: 30.236, +28.504, +28.504, HR: +30.236, +28.504, +28.504 Max FL-HipX = +30.236 Min FL-HipY = +28.504 
[2025-06-11 16:55:50.934.685] [INFO  ] [Battery] SoC = 89%, Volt = +32.400V, Temp 27 
[2025-06-11 16:55:52.023.721] [INFO  ] [Controller] [Joints] FL: +30.236, +28.504, +28.504 ,FR: +30.236, +30.236, +28.504, HL: 30.236, +28.504, +28.504, HR: +30.236, +28.504, +28.504 Max FL-HipX = +30.236 Min FL-HipY = +28.504 
[2025-06-11 16:55:53.528.704] [WARN  ] [basicmethod] 
[Working State Judge]
wifi connect: 0
gyro connect: 1
battary voltage normal: 1
 
[2025-06-11 16:55:54.523.719] [INFO  ] [Controller] [Joints] FL: +30.236, +28.504, +28.504 ,FR: +30.236, +30.236, +28.504, HL: 30.236, +28.504, +28.504, HR: +30.236, +28.504, +28.504 Max FL-HipX = +30.236 Min FL-HipY = +28.504 
[2025-06-11 16:55:55.922.364] [INFO  ] [Battery] SoC = 89%, Volt = +32.400V, Temp 27 
[2025-06-11 16:55:57.023.716] [INFO  ] [Controller] [Joints] FL: +30.236, +28.504, +28.504 ,FR: +30.236, +30.236, +28.504, HL: 30.236, +28.504, +28.504, HR: +30.236, +28.504, +28.504 Max FL-HipX = +30.236 Min FL-HipY = +28.504 
[2025-06-11 16:55:58.529.703] [WARN  ] [basicmethod] 
[Working State Judge]
wifi connect: 0
gyro connect: 1
battary voltage normal: 1
 
[2025-06-11 16:55:59.523.716] [INFO  ] [Controller] [Joints] FL: +30.236, +28.504, +28.504 ,FR: +30.236, +30.236, +28.504, HL: 30.236, +28.504, +28.504, HR: +30.236, +28.504, +28.504 Max FL-HipX = +30.236 Min FL-HipY = +28.504 
[2025-06-11 16:56:00.910.080] [INFO  ] [Battery] SoC = 89%, Volt = +32.400V, Temp 27 
[2025-06-11 16:56:02.023.718] [INFO  ] [Controller] [Joints] FL: +30.236, +28.504, +28.504 ,FR: +30.236, +30.236, +28.504, HL: 30.236, +28.504, +28.504, HR: +30.236, +28.504, +28.504 Max FL-HipX = +30.236 Min FL-HipY = +28.504 
[2025-06-11 16:56:03.530.703] [WARN  ] [basicmethod] 
[Working State Judge]
wifi connect: 0
gyro connect: 1
battary voltage normal: 1
 
[2025-06-11 16:56:04.523.722] [INFO  ] [Controller] [Joints] FL: +30.236, +28.504, +28.504 ,FR: +30.236, +30.236, +28.504, HL: 30.236, +28.504, +28.504, HR: +30.236, +28.504, +28.504 Max FL-HipX = +30.236 Min FL-HipY = +28.504 
[2025-06-11 16:56:05.897.871] [INFO  ] [Battery] SoC = 89%, Volt = +32.400V, Temp 27 
[2025-06-11 16:56:07.023.717] [INFO  ] [Controller] [Joints] FL: +30.236, +28.504, +28.504 ,FR: +30.236, +30.236, +28.504, HL: 30.236, +28.504, +28.504, HR: +30.236, +28.504, +28.504 Max FL-HipX = +30.236 Min FL-HipY = +28.504 
[2025-06-11 16:56:08.531.701] [WARN  ] [basicmethod] 
[Working State Judge]
wifi connect: 0
gyro connect: 1
battary voltage normal: 1
 
[2025-06-11 16:56:09.523.721] [INFO  ] [Controller] [Joints] FL: +30.236, +28.504, +28.504 ,FR: +30.236, +30.236, +28.504, HL: 30.236, +28.504, +28.504, HR: +30.236, +28.504, +28.504 Max FL-HipX = +30.236 Min FL-HipY = +28.504 
[2025-06-11 16:56:10.885.579] [INFO  ] [Battery] SoC = 89%, Volt = +32.400V, Temp 27 
[2025-06-11 16:56:12.023.715] [INFO  ] [Controller] [Joints] FL: +30.236, +28.504, +28.504 ,FR: +30.236, +30.236, +28.504, HL: 30.236, +28.504, +28.504, HR: +30.236, +28.504, +28.504 Max FL-HipX = +30.236 Min FL-HipY = +28.504 
[2025-06-11 16:56:13.532.700] [WARN  ] [basicmethod] 
[Working State Judge]
wifi connect: 0
gyro connect: 1
battary voltage normal: 1
 
[2025-06-11 16:56:14.523.717] [INFO  ] [Controller] [Joints] FL: +30.236, +28.504, +28.504 ,FR: +30.236, +30.236, +28.504, HL: 30.236, +28.504, +28.504, HR: +30.236, +28.504, +28.504 Max FL-HipX = +30.236 Min FL-HipY = +28.504 
[2025-06-11 16:56:15.873.282] [INFO  ] [Battery] SoC = 89%, Volt = +32.300V, Temp 27 
[2025-06-11 16:56:17.023.720] [INFO  ] [Controller] [Joints] FL: +30.236, +28.504, +28.504 ,FR: +30.236, +30.236, +28.504, HL: 30.236, +28.504, +28.504, HR: +30.236, +28.504, +28.504 Max FL-HipX = +30.236 Min FL-HipY = +28.504 
[2025-06-11 16:56:18.532.702] [WARN  ] [basicmethod] 
[Working State Judge]
wifi connect: 0
gyro connect: 1
battary voltage normal: 1
 
[2025-06-11 16:56:19.523.720] [INFO  ] [Controller] [Joints] FL: +30.236, +28.504, +28.504 ,FR: +30.236, +30.236, +28.504, HL: 30.236, +28.504, +28.504, HR: +30.236, +28.504, +28.504 Max FL-HipX = +30.236 Min FL-HipY = +28.504 
[2025-06-11 16:56:20.861.053] [INFO  ] [Battery] SoC = 89%, Volt = +32.400V, Temp 27 
[2025-06-11 16:56:22.023.717] [INFO  ] [Controller] [Joints] FL: +30.236, +28.504, +28.504 ,FR: +30.236, +30.236, +28.504, HL: 30.236, +28.504, +28.504, HR: +30.236, +28.504, +28.504 Max FL-HipX = +30.236 Min FL-HipY = +28.504 
[2025-06-11 16:56:23.533.712] [WARN  ] [basicmethod] 
[Working State Judge]
wifi connect: 0
gyro connect: 1
battary voltage normal: 1
 
[2025-06-11 16:56:24.523.715] [INFO  ] [Controller] [Joints] FL: +30.236, +28.504, +28.504 ,FR: +30.236, +30.236, +28.504, HL: 30.236, +28.504, +28.504, HR: +30.236, +28.504, +28.504 Max FL-HipX = +30.236 Min FL-HipY = +28.504 
[2025-06-11 16:56:25.848.769] [INFO  ] [Battery] SoC = 89%, Volt = +32.300V, Temp 27 
[2025-06-11 16:56:27.023.719] [INFO  ] [Controller] [Joints] FL: +30.236, +28.504, +28.504 ,FR: +30.236, +30.236, +28.504, HL: 30.236, +28.504, +28.504, HR: +30.236, +28.504, +28.504 Max FL-HipX = +30.236 Min FL-HipY = +28.504 
[2025-06-11 16:56:28.534.700] [WARN  ] [basicmethod] 
[Working State Judge]
wifi connect: 0
gyro connect: 1
battary voltage normal: 1
 
[2025-06-11 16:56:29.523.717] [INFO  ] [Controller] [Joints] FL: +30.236, +28.504, +28.504 ,FR: +30.236, +30.236, +28.504, HL: 30.236, +28.504, +28.504, HR: +30.236, +28.504, +28.504 Max FL-HipX = +30.236 Min FL-HipY = +28.504 
[2025-06-11 16:56:30.836.586] [INFO  ] [Battery] SoC = 89%, Volt = +32.300V, Temp 27 
[2025-06-11 16:56:32.023.717] [INFO  ] [Controller] [Joints] FL: +30.236, +28.504, +28.504 ,FR: +30.236, +30.236, +28.504, HL: 30.236, +28.504, +28.504, HR: +30.236, +28.504, +28.504 Max FL-HipX = +30.236 Min FL-HipY = +28.504 
[2025-06-11 16:56:33.534.702] [WARN  ] [basicmethod] 
[Working State Judge]
wifi connect: 0
gyro connect: 1
battary voltage normal: 1
 
[2025-06-11 16:56:34.523.713] [INFO  ] [Controller] [Joints] FL: +30.236, +28.504, +28.504 ,FR: +30.236, +30.236, +28.504, HL: 30.236, +28.504, +28.504, HR: +30.236, +28.504, +28.504 Max FL-HipX = +30.236 Min FL-HipY = +28.504 
[2025-06-11 16:56:35.824.357] [INFO  ] [Battery] SoC = 89%, Volt = +32.300V, Temp 27 
[2025-06-11 16:56:37.023.711] [INFO  ] [Controller] [Joints] FL: +30.236, +28.504, +28.504 ,FR: +30.236, +30.236, +28.504, HL: 30.236, +28.504, +28.504, HR: +30.236, +28.504, +28.504 Max FL-HipX = +30.236 Min FL-HipY = +28.504 
[2025-06-11 16:56:38.534.705] [WARN  ] [basicmethod] 
[Working State Judge]
wifi connect: 0
gyro connect: 1
battary voltage normal: 1
 
[2025-06-11 16:56:39.523.719] [INFO  ] [Controller] [Joints] FL: +30.236, +28.504, +28.504 ,FR: +30.236, +30.236, +28.504, HL: 30.236, +28.504, +28.504, HR: +30.236, +28.504, +28.504 Max FL-HipX = +30.236 Min FL-HipY = +28.504 
[2025-06-11 16:56:40.812.055] [INFO  ] [Battery] SoC = 89%, Volt = +32.300V, Temp 27 
[2025-06-11 16:56:42.023.718] [INFO  ] [Controller] [Joints] FL: +30.236, +28.504, +28.504 ,FR: +30.236, +30.236, +28.504, HL: 30.236, +28.504, +28.504, HR: +30.236, +28.504, +28.504 Max FL-HipX = +30.236 Min FL-HipY = +28.504 
[2025-06-11 16:56:43.535.701] [WARN  ] [basicmethod] 
[Working State Judge]
wifi connect: 0
gyro connect: 1
battary voltage normal: 1
 
[2025-06-11 16:56:44.523.712] [INFO  ] [Controller] [Joints] FL: +30.236, +28.504, +28.504 ,FR: +30.236, +30.236, +28.504, HL: 30.236, +28.504, +28.504, HR: +30.236, +28.504, +28.504 Max FL-HipX = +30.236 Min FL-HipY = +28.504 
[2025-06-11 16:56:45.799.816] [INFO  ] [Battery] SoC = 89%, Volt = +32.300V, Temp 27 
[2025-06-11 16:56:47.023.716] [INFO  ] [Controller] [Joints] FL: +30.236, +28.504, +28.504 ,FR: +30.236, +30.236, +28.504, HL: 30.236, +28.504, +28.504, HR: +30.236, +28.504, +28.504 Max FL-HipX = +30.236 Min FL-HipY = +28.504 
[2025-06-11 16:56:48.536.700] [WARN  ] [basicmethod] 
[Working State Judge]
wifi connect: 0
gyro connect: 1
battary voltage normal: 1
 
[2025-06-11 16:56:49.523.720] [INFO  ] [Controller] [Joints] FL: +30.236, +28.504, +28.504 ,FR: +30.236, +30.236, +28.504, HL: 30.236, +28.504, +28.504, HR: +30.236, +28.504, +28.504 Max FL-HipX = +30.236 Min FL-HipY = +28.504 
[2025-06-11 16:56:50.787.481] [INFO  ] [Battery] SoC = 89%, Volt = +32.300V, Temp 27 
[2025-06-11 16:56:52.023.715] [INFO  ] [Controller] [Joints] FL: +30.236, +28.504, +28.504 ,FR: +30.236, +30.236, +28.504, HL: 30.236, +28.504, +28.504, HR: +30.236, +28.504, +28.504 Max FL-HipX = +30.236 Min FL-HipY = +28.504 
[2025-06-11 16:56:53.537.702] [WARN  ] [basicmethod] 
[Working State Judge]
wifi connect: 0
gyro connect: 1
battary voltage normal: 1
 
[2025-06-11 16:56:54.523.715] [INFO  ] [Controller] [Joints] FL: +30.236, +28.504, +28.504 ,FR: +30.236, +30.236, +28.504, HL: 30.236, +28.504, +28.504, HR: +30.236, +28.504, +28.504 Max FL-HipX = +30.236 Min FL-HipY = +28.504 
[2025-06-11 16:56:55.775.190] [INFO  ] [Battery] SoC = 88%, Volt = +32.300V, Temp 27 
[2025-06-11 16:56:57.023.715] [INFO  ] [Controller] [Joints] FL: +30.236, +28.504, +28.504 ,FR: +30.236, +30.236, +28.504, HL: 30.236, +28.504, +28.504, HR: +30.236, +28.504, +28.504 Max FL-HipX = +30.236 Min FL-HipY = +28.504 
[2025-06-11 16:56:58.538.700] [WARN  ] [basicmethod] 
[Working State Judge]
wifi connect: 0
gyro connect: 1
battary voltage normal: 1
 
[2025-06-11 16:56:59.523.714] [INFO  ] [Controller] [Joints] FL: +30.236, +28.504, +28.504 ,FR: +30.236, +30.236, +28.504, HL: 30.236, +28.504, +28.504, HR: +30.236, +28.504, +28.504 Max FL-HipX = +30.236 Min FL-HipY = +28.504 
[2025-06-11 16:57:00.762.909] [INFO  ] [Battery] SoC = 88%, Volt = +32.300V, Temp 27 
[2025-06-11 16:57:02.023.718] [INFO  ] [Controller] [Joints] FL: +30.236, +28.504, +28.504 ,FR: +30.236, +30.236, +28.504, HL: 30.236, +28.504, +28.504, HR: +30.236, +28.504, +28.504 Max FL-HipX = +30.236 Min FL-HipY = +28.504 
[2025-06-11 16:57:03.539.703] [WARN  ] [basicmethod] 
[Working State Judge]
wifi connect: 0
gyro connect: 1
battary voltage normal: 1
 
[2025-06-11 16:57:04.523.713] [INFO  ] [Controller] [Joints] FL: +30.236, +28.504, +28.504 ,FR: +30.236, +30.236, +28.504, HL: 30.236, +28.504, +28.504, HR: +30.236, +28.504, +28.504 Max FL-HipX = +30.236 Min FL-HipY = +28.504 
[2025-06-11 16:57:05.750.666] [INFO  ] [Battery] SoC = 88%, Volt = +32.300V, Temp 27 
[2025-06-11 16:57:07.023.715] [INFO  ] [Controller] [Joints] FL: +30.236, +28.504, +28.504 ,FR: +30.236, +30.236, +28.504, HL: 30.236, +28.504, +28.504, HR: +30.236, +28.504, +28.504 Max FL-HipX = +30.236 Min FL-HipY = +28.504 
[2025-06-11 16:57:08.540.702] [WARN  ] [basicmethod] 
[Working State Judge]
wifi connect: 0
gyro connect: 1
battary voltage normal: 1
 
[2025-06-11 16:57:09.523.714] [INFO  ] [Controller] [Joints] FL: +30.236, +28.504, +28.504 ,FR: +30.236, +30.236, +28.504, HL: 30.236, +28.504, +28.504, HR: +30.236, +28.504, +28.504 Max FL-HipX = +30.236 Min FL-HipY = +28.504 
[2025-06-11 16:57:10.738.510] [INFO  ] [Battery] SoC = 88%, Volt = +32.300V, Temp 27 
[2025-06-11 16:57:12.023.719] [INFO  ] [Controller] [Joints] FL: +30.236, +28.504, +28.504 ,FR: +30.236, +30.236, +28.504, HL: 30.236, +28.504, +28.504, HR: +30.236, +28.504, +28.504 Max FL-HipX = +30.236 Min FL-HipY = +28.504 
[2025-06-11 16:57:13.541.701] [WARN  ] [basicmethod] 
[Working State Judge]
wifi connect: 0
gyro connect: 1
battary voltage normal: 1
 
[2025-06-11 16:57:14.523.717] [INFO  ] [Controller] [Joints] FL: +30.236, +28.504, +28.504 ,FR: +30.236, +30.236, +28.504, HL: 30.236, +28.504, +28.504, HR: +30.236, +28.504, +28.504 Max FL-HipX = +30.236 Min FL-HipY = +28.504 
[2025-06-11 16:57:15.726.324] [INFO  ] [Battery] SoC = 88%, Volt = +32.300V, Temp 27 
[2025-06-11 16:57:17.023.713] [INFO  ] [Controller] [Joints] FL: +30.236, +28.504, +28.504 ,FR: +30.236, +30.236, +28.504, HL: 30.236, +28.504, +28.504, HR: +30.236, +28.504, +28.504 Max FL-HipX = +30.236 Min FL-HipY = +28.504 
[2025-06-11 16:57:18.542.726] [WARN  ] [basicmethod] 
[Working State Judge]
wifi connect: 0
gyro connect: 1
battary voltage normal: 1
 
[2025-06-11 16:57:19.523.715] [INFO  ] [Controller] [Joints] FL: +30.236, +28.504, +28.504 ,FR: +30.236, +30.236, +28.504, HL: 30.236, +28.504, +28.504, HR: +30.236, +28.504, +28.504 Max FL-HipX = +30.236 Min FL-HipY = +28.504 
[2025-06-11 16:57:20.713.986] [INFO  ] [Battery] SoC = 88%, Volt = +32.300V, Temp 27 
[2025-06-11 16:57:22.023.717] [INFO  ] [Controller] [Joints] FL: +30.236, +28.504, +28.504 ,FR: +30.236, +30.236, +28.504, HL: 30.236, +28.504, +28.504, HR: +30.236, +28.504, +28.504 Max FL-HipX = +30.236 Min FL-HipY = +28.504 
[2025-06-11 16:57:23.543.698] [WARN  ] [basicmethod] 
[Working State Judge]
wifi connect: 0
gyro connect: 1
battary voltage normal: 1
 
[2025-06-11 16:57:24.523.714] [INFO  ] [Controller] [Joints] FL: +30.236, +28.504, +28.504 ,FR: +30.236, +30.236, +28.504, HL: 30.236, +28.504, +28.504, HR: +30.236, +28.504, +28.504 Max FL-HipX = +30.236 Min FL-HipY = +28.504 
[2025-06-11 16:57:25.701.656] [INFO  ] [Battery] SoC = 88%, Volt = +32.300V, Temp 27 
[2025-06-11 16:57:27.023.720] [INFO  ] [Controller] [Joints] FL: +30.236, +28.504, +28.504 ,FR: +30.236, +30.236, +28.504, HL: 30.236, +28.504, +28.504, HR: +30.236, +28.504, +28.504 Max FL-HipX = +30.236 Min FL-HipY = +28.504 
[2025-06-11 16:57:28.544.711] [WARN  ] [basicmethod] 
[Working State Judge]
wifi connect: 0
gyro connect: 1
battary voltage normal: 1
 
[2025-06-11 16:57:29.523.719] [INFO  ] [Controller] [Joints] FL: +30.236, +28.504, +28.504 ,FR: +30.236, +30.236, +28.504, HL: 30.236, +28.504, +28.504, HR: +30.236, +28.504, +28.504 Max FL-HipX = +30.236 Min FL-HipY = +28.504 
[2025-06-11 16:57:30.689.227] [INFO  ] [Battery] SoC = 88%, Volt = +32.300V, Temp 27 
[2025-06-11 16:57:32.023.718] [INFO  ] [Controller] [Joints] FL: +30.236, +28.504, +28.504 ,FR: +30.236, +30.236, +28.504, HL: 30.236, +28.504, +28.504, HR: +30.236, +28.504, +28.504 Max FL-HipX = +30.236 Min FL-HipY = +28.504 
[2025-06-11 16:57:33.545.713] [WARN  ] [basicmethod] 
[Working State Judge]
wifi connect: 0
gyro connect: 1
battary voltage normal: 1
 
[2025-06-11 16:57:34.523.719] [INFO  ] [Controller] [Joints] FL: +30.236, +28.504, +28.504 ,FR: +30.236, +30.236, +28.504, HL: 30.236, +28.504, +28.504, HR: +30.236, +28.504, +28.504 Max FL-HipX = +30.236 Min FL-HipY = +28.504 
[2025-06-11 16:57:35.676.936] [INFO  ] [Battery] SoC = 88%, Volt = +32.300V, Temp 27 
[2025-06-11 16:57:37.023.718] [INFO  ] [Controller] [Joints] FL: +30.236, +28.504, +28.504 ,FR: +30.236, +30.236, +28.504, HL: 30.236, +28.504, +28.504, HR: +30.236, +28.504, +28.504 Max FL-HipX = +30.236 Min FL-HipY = +28.504 
[2025-06-11 16:57:38.546.701] [WARN  ] [basicmethod] 
[Working State Judge]
wifi connect: 0
gyro connect: 1
battary voltage normal: 1
 
[2025-06-11 16:57:39.523.719] [INFO  ] [Controller] [Joints] FL: +30.236, +28.504, +28.504 ,FR: +30.236, +30.236, +28.504, HL: 30.236, +28.504, +28.504, HR: +30.236, +28.504, +28.504 Max FL-HipX = +30.236 Min FL-HipY = +28.504 
[2025-06-11 16:57:40.664.576] [INFO  ] [Battery] SoC = 88%, Volt = +32.300V, Temp 27 
[2025-06-11 16:57:42.023.717] [INFO  ] [Controller] [Joints] FL: +30.236, +28.504, +28.504 ,FR: +30.236, +30.236, +28.504, HL: 30.236, +28.504, +28.504, HR: +30.236, +28.504, +28.504 Max FL-HipX = +30.236 Min FL-HipY = +28.504 
[2025-06-11 16:57:43.547.703] [WARN  ] [basicmethod] 
[Working State Judge]
wifi connect: 0
gyro connect: 1
battary voltage normal: 1
 
[2025-06-11 16:57:44.523.716] [INFO  ] [Controller] [Joints] FL: +30.236, +28.504, +28.504 ,FR: +30.236, +30.236, +28.504, HL: 30.236, +28.504, +28.504, HR: +30.236, +28.504, +28.504 Max FL-HipX = +30.236 Min FL-HipY = +28.504 
[2025-06-11 16:57:45.652.201] [INFO  ] [Battery] SoC = 88%, Volt = +32.300V, Temp 27 
[2025-06-11 16:57:47.023.718] [INFO  ] [Controller] [Joints] FL: +30.236, +28.504, +28.504 ,FR: +30.236, +30.236, +28.504, HL: 30.236, +28.504, +28.504, HR: +30.236, +28.504, +28.504 Max FL-HipX = +30.236 Min FL-HipY = +28.504 
                                                                                                                                                                                                                                                                                                                                                                                                                                                                                                                                                                                                                                                                                                                                                                                [2025-06-11 17:10:01.962.663] [INFO  ] [Deeprcs] Robot ID: JY-S5-200 
[2025-06-11 17:10:01.962.732] [INFO  ] [Deeprcs] Robot Version: standard 
[2025-06-11 17:10:01.962.735] [INFO  ] [Deeprcs] DeepRCS is working 
[2025-06-11 17:10:01.962.739] [INFO  ] [Deeprcs] Deeprcs Version: 2.0.153(153) 
[2025-06-11 17:10:01.962.753] [INFO  ] [Deeprcs] DeepROS Version: 0.2.24(39) 
[2025-06-11 17:10:01.962.757] [INFO  ] [Deeprcs] DeepRAS Version: 4.1.7(166) 
[2025-06-11 17:10:02.171.302] [INFO  ] [RT-CAN] Hello, CAN Receive 
[2025-06-11 17:10:02.171.302] [INFO  ] [Motor] Hello, CAN Send 
[2025-06-11 17:10:02.171.510] [INFO  ] [CPU] Hello, CPU Monitor 
[2025-06-11 17:10:02.171.546] [INFO  ] [MpvVoice] Hello, MpvVoice 
[2025-06-11 17:10:02.171.566] [INFO  ] [UltrasonicSensor] Hello, Ultrasonic sensor 
[2025-06-11 17:10:02.171.639] [INFO  ] [Controller] Hello, MPC Controller 
[2025-06-11 17:10:02.171.755] [INFO  ] [Battery] Hello, Battery BMS 
[2025-06-11 17:10:02.175.078] [INFO  ] [RT-CAN] Set motor timeout threshold = 200 ms
 
[2025-06-11 17:10:02.527.824] [INFO  ] [Battery] SoC = 88%, Volt = +32.400V, Temp 27 
[2025-06-11 17:10:03.171.663] [INFO  ] [Deeprcs] Algorithm is start 
[2025-06-11 17:10:03.175.978] [INFO  ] [Controller] !!!Origin_jumplong_left_bias = +0.000 
[2025-06-11 17:10:03.176.042] [INFO  ] [basicmethod] 
******** Enable Status ********
Flip: 1
BackFlip: 1
SideFlip: 1
Greeting: 1
Jump: 1
Dance: 1
TurnOver: 1
******** Enable Status ********
 
[2025-06-11 17:10:03.176.062] [INFO  ] [basicmethod] 
******** Motion Config Setting ********
Forward Vel Offset: 0.000000
Side Vel Offset: 0.000000
is_Default_LIDAR: 0.000000
Load Mass: 0.000000
Load X Offset: 0.000000
Load Y Offset: 0.000000
Load Z Offset: 60.000000
Robot Backflip Hip Kp: 70.000000
Robot Backflip Knee Kp: 70.000000
Robot Sideflip Abed Kp: 70.000000
Robot Sideflip Hip Kp: 70.000000
Robot Sideflip Knee Kp: 60.000000
backflip_fl_knee_kp: 40.000000
kp_carpet_comp: 1.000000
backflip_hl_hip_kp_comp: 1.000000
backflip_hr_hip_kp_comp: 1.000000
frontflip_Rev_comp: 0.000000
jumplong_Rev_comp: 0.000000
jumplong_left_bias: 0.700000
policy_forward_kd: 0.900000
policy_backward_kd: 1.200000
policy_stand_kd: 0.000000
******** Motion Config Setting ********
 
[2025-06-11 17:10:03.477.098] [INFO  ] [common policy] common policy CZ network check success 
[2025-06-11 17:10:03.477.197] [INFO  ] [common policy] 
name : common policy
path : ../policy/policy_waq_v7.11-5history-----.pt
dim  : 45, 5, 270, 12
dof  : 0.100000, -0.715000, 1.430000,
       -0.100000, -0.715000, 1.430000,
       0.100000, -0.715000, 1.430000,
       -0.100000, -0.715000, 1.430000,
kp   : 30.000000, 30.000000, 30.000000,
       30.000000, 30.000000, 30.000000,
       30.000000, 30.000000, 30.000000,
       30.000000, 30.000000, 30.000000,
kd   : 0.800000, 0.800000, 0.800000,
       0.800000, 0.800000, 0.800000,
       0.800000, 0.800000, 0.800000,
       0.800000, 0.800000, 0.800000,
limit: 20.000000, 20.000000, 30.000000,
       20.000000, 20.000000, 30.000000,
       20.000000, 20.000000, 30.000000,
       20.000000, 20.000000, 30.000000,
max_v: 1.200000, 0.800000, 1.500000,
scale: 0.250000, 0.250000, 0.050000,
       2.000000, 2.000000, 0.280000, 
[2025-06-11 17:10:03.532.104] [INFO  ] [forward student policy] net_path: ../config/policy/ 
[2025-06-11 17:10:03.532.196] [INFO  ] [forward student policy] stand_lpf: 0.770000 
[2025-06-11 17:10:03.532.258] [INFO  ] [forward student policy] forward_init_lpf: 0.790000 
[2025-06-11 17:10:03.532.269] [INFO  ] [forward student policy] forward_init_v: 0.600000 
[2025-06-11 17:10:03.532.282] [INFO  ] [forward student policy] forward_end_lpf: 0.766667 
[2025-06-11 17:10:03.532.294] [INFO  ] [forward student policy] forward_end_v: 2.500000 
[2025-06-11 17:10:03.532.307] [INFO  ] [forward student policy] jump_lpf: 0.766667 
[2025-06-11 17:10:03.532.317] [INFO  ] [forward student policy] flip_lpf: 0.766667 
[2025-06-11 17:10:03.532.325] [INFO  ] [forward student policy] uncertain: 0.000000 
[2025-06-11 17:10:03.532.334] [INFO  ] [forward student policy] v_acc: 0.075000 
[2025-06-11 17:10:03.532.341] [INFO  ] [forward student policy] w_acc: 0.200000 
[2025-06-11 17:10:03.532.357] [INFO  ] [forward student policy] stand_switch_time: 0.000000 
[2025-06-11 17:10:03.532.367] [INFO  ] [forward student policy] reflect_freq: 0.000000 
[2025-06-11 17:10:03.532.373] [INFO  ] [forward student policy] base_w_co: 0.800000 
[2025-06-11 17:10:03.532.399] [INFO  ] [forward student policy] max_y_range: 0.250000 
[2025-06-11 17:10:03.532.408] [INFO  ] [forward student policy] stand_max_y_range: 0.400000 
[2025-06-11 17:10:03.532.416] [INFO  ] [forward student policy] max_x_range: 0.150000 
[2025-06-11 17:10:03.532.422] [INFO  ] [forward student policy] target_power: 0.900000 
[2025-06-11 17:10:03.532.428] [INFO  ] [forward student policy] target_air_time: 0.900000 
[2025-06-11 17:10:03.532.436] [INFO  ] [forward student policy] forward_limit: 2.000000 
[2025-06-11 17:10:03.532.444] [INFO  ] [forward student policy] horizon_limit: 1.000000 
[2025-06-11 17:10:03.532.453] [INFO  ] [forward student policy] jump_max_v: 1.400000 
[2025-06-11 17:10:03.532.463] [INFO  ] [forward student policy] jump_max_w: 1.900000 
[2025-06-11 17:10:03.532.487] [INFO  ] [forward student policy] max_jump_time: 0.000000 
[2025-06-11 17:10:03.532.497] [INFO  ] [forward student policy] max_flip_time: 0.000000 
[2025-06-11 17:10:03.532.509] [INFO  ] [forward student policy] log_path: ../logs/ 
[2025-06-11 17:10:03.532.520] [INFO  ] [forward student policy] dataPath: ../config/data/ 
[2025-06-11 17:10:03.532.560] [INFO  ] [forward student policy] forward_joint_d_gain[0] = 0.600000  
[2025-06-11 17:10:03.532.563] [INFO  ] [forward student policy] forward_joint_d_gain[1] = 0.600000  
[2025-06-11 17:10:03.532.565] [INFO  ] [forward student policy] forward_joint_d_gain[2] = 0.600000  
[2025-06-11 17:10:03.532.606] [INFO  ] [forward student policy] maxVelCmd[0] = 3.400000 
[2025-06-11 17:10:03.532.614] [INFO  ] [forward student policy] maxVelCmd[1] = 1.600000 
[2025-06-11 17:10:03.532.618] [INFO  ] [forward student policy] maxVelCmd[2] = 4.500000 
[2025-06-11 17:10:03.532.630] [INFO  ] [forward student policy] height_range[0] = 0.280000 
[2025-06-11 17:10:03.532.632] [INFO  ] [forward student policy] height_range[1] = 0.360000 
[2025-06-11 17:10:03.609.509] [INFO  ] [forward student policy] forward student policy LSC network check success 
[2025-06-11 17:10:03.609.963] [INFO  ] [forward student policy] 
name : forward student policy
path : ../policy/forward_policy.pt
dim  : 45, 56, 2565, 12
dof  : 0.100000, -0.900000, 1.430000,
       -0.100000, -0.900000, 1.430000,
       0.100000, -0.900000, 1.430000,
       -0.100000, -0.900000, 1.430000,
kp   : 25.000000, 25.000000, 25.000000,
       25.000000, 25.000000, 25.000000,
       25.000000, 25.000000, 25.000000,
       25.000000, 25.000000, 25.000000,
kd   : 0.600000, 0.600000, 0.600000,
       0.600000, 0.600000, 0.600000,
       0.600000, 0.600000, 0.600000,
       0.600000, 0.600000, 0.600000,
limit: 50.000000, 50.000000, 50.000000,
       50.000000, 50.000000, 50.000000,
       50.000000, 50.000000, 50.000000,
       50.000000, 50.000000, 50.000000,
max_v: 2.500000, 2.500000, 2.000000,
scale: 0.250000, 0.250000, 1.351595,
       1.033267, 1.948037, -0.366671, 
[2025-06-11 17:10:03.656.374] [INFO  ] [jump student policy] net_path: ../config/policy/ 
[2025-06-11 17:10:03.656.437] [INFO  ] [jump student policy] stand_lpf: 0.770000 
[2025-06-11 17:10:03.656.459] [INFO  ] [jump student policy] forward_init_lpf: 0.790000 
[2025-06-11 17:10:03.656.467] [INFO  ] [jump student policy] forward_init_v: 0.600000 
[2025-06-11 17:10:03.656.477] [INFO  ] [jump student policy] forward_end_lpf: 0.766667 
[2025-06-11 17:10:03.656.487] [INFO  ] [jump student policy] forward_end_v: 2.500000 
[2025-06-11 17:10:03.656.498] [INFO  ] [jump student policy] jump_lpf: 0.766667 
[2025-06-11 17:10:03.656.510] [INFO  ] [jump student policy] flip_lpf: 0.766667 
[2025-06-11 17:10:03.656.517] [INFO  ] [jump student policy] uncertain: 0.000000 
[2025-06-11 17:10:03.656.524] [INFO  ] [jump student policy] v_acc: 0.075000 
[2025-06-11 17:10:03.656.531] [INFO  ] [jump student policy] w_acc: 0.200000 
[2025-06-11 17:10:03.656.541] [INFO  ] [jump student policy] stand_switch_time: 0.000000 
[2025-06-11 17:10:03.656.548] [INFO  ] [jump student policy] reflect_freq: 0.000000 
[2025-06-11 17:10:03.656.553] [INFO  ] [jump student policy] base_w_co: 0.800000 
[2025-06-11 17:10:03.656.576] [INFO  ] [jump student policy] max_y_range: 0.250000 
[2025-06-11 17:10:03.656.588] [INFO  ] [jump student policy] stand_max_y_range: 0.400000 
[2025-06-11 17:10:03.656.596] [INFO  ] [jump student policy] max_x_range: 0.150000 
[2025-06-11 17:10:03.656.600] [INFO  ] [jump student policy] target_power: 0.900000 
[2025-06-11 17:10:03.656.605] [INFO  ] [jump student policy] target_air_time: 0.900000 
[2025-06-11 17:10:03.656.620] [INFO  ] [jump student policy] forward_limit: 2.000000 
[2025-06-11 17:10:03.656.629] [INFO  ] [jump student policy] horizon_limit: 1.000000 
[2025-06-11 17:10:03.656.638] [INFO  ] [jump student policy] jump_max_v: 1.400000 
[2025-06-11 17:10:03.656.648] [INFO  ] [jump student policy] jump_max_w: 1.900000 
[2025-06-11 17:10:03.656.678] [INFO  ] [jump student policy] max_jump_time: 0.000000 
[2025-06-11 17:10:03.656.688] [INFO  ] [jump student policy] max_flip_time: 0.000000 
[2025-06-11 17:10:03.656.701] [INFO  ] [jump student policy] log_path: ../logs/ 
[2025-06-11 17:10:03.656.712] [INFO  ] [jump student policy] dataPath: ../config/data/ 
[2025-06-11 17:10:03.656.738] [INFO  ] [jump student policy] forward_joint_d_gain[0] = 0.600000  
[2025-06-11 17:10:03.656.742] [INFO  ] [jump student policy] forward_joint_d_gain[1] = 0.600000  
[2025-06-11 17:10:03.656.743] [INFO  ] [jump student policy] forward_joint_d_gain[2] = 0.600000  
[2025-06-11 17:10:03.656.762] [INFO  ] [jump student policy] maxVelCmd[0] = 3.400000 
[2025-06-11 17:10:03.656.766] [INFO  ] [jump student policy] maxVelCmd[1] = 1.600000 
[2025-06-11 17:10:03.656.767] [INFO  ] [jump student policy] maxVelCmd[2] = 4.500000 
[2025-06-11 17:10:03.656.777] [INFO  ] [jump student policy] height_range[0] = 0.280000 
[2025-06-11 17:10:03.656.779] [INFO  ] [jump student policy] height_range[1] = 0.360000 
[2025-06-11 17:10:03.687.181] [INFO  ] [jump student policy] jump student policy jump network check success 
[2025-06-11 17:10:03.687.594] [INFO  ] [jump student policy] 
name : jump student policy
path : ../policy/jump_policy.pt
dim  : 45, 56, 2565, 12
dof  : 0.100000, -0.900000, 1.430000,
       -0.100000, -0.900000, 1.430000,
       0.100000, -0.900000, 1.430000,
       -0.100000, -0.900000, 1.430000,
kp   : 25.000000, 25.000000, 25.000000,
       25.000000, 25.000000, 25.000000,
       25.000000, 25.000000, 25.000000,
       25.000000, 25.000000, 25.000000,
kd   : 0.600000, 0.600000, 0.600000,
       0.600000, 0.600000, 0.600000,
       0.600000, 0.600000, 0.600000,
       0.600000, 0.600000, 0.600000,
limit: 50.000000, 50.000000, 50.000000,
       50.000000, 50.000000, 50.000000,
       50.000000, 50.000000, 50.000000,
       50.000000, 50.000000, 50.000000,
max_v: 2.500000, 2.500000, 2.000000,
scale: 0.250000, 0.250000, -38.561672,
       -11.427346, -11.171043, -21.167253, 
[2025-06-11 17:10:03.728.257] [INFO  ] [flip student policy] net_path: ../config/policy/ 
[2025-06-11 17:10:03.728.306] [INFO  ] [flip student policy] stand_lpf: 0.770000 
[2025-06-11 17:10:03.728.326] [INFO  ] [flip student policy] forward_init_lpf: 0.790000 
[2025-06-11 17:10:03.728.334] [INFO  ] [flip student policy] forward_init_v: 0.600000 
[2025-06-11 17:10:03.728.343] [INFO  ] [flip student policy] forward_end_lpf: 0.766667 
[2025-06-11 17:10:03.728.352] [INFO  ] [flip student policy] forward_end_v: 2.500000 
[2025-06-11 17:10:03.728.362] [INFO  ] [flip student policy] jump_lpf: 0.766667 
[2025-06-11 17:10:03.728.371] [INFO  ] [flip student policy] flip_lpf: 0.766667 
[2025-06-11 17:10:03.728.377] [INFO  ] [flip student policy] uncertain: 0.000000 
[2025-06-11 17:10:03.728.384] [INFO  ] [flip student policy] v_acc: 0.075000 
[2025-06-11 17:10:03.728.389] [INFO  ] [flip student policy] w_acc: 0.200000 
[2025-06-11 17:10:03.728.399] [INFO  ] [flip student policy] stand_switch_time: 0.000000 
[2025-06-11 17:10:03.728.405] [INFO  ] [flip student policy] reflect_freq: 0.000000 
[2025-06-11 17:10:03.728.410] [INFO  ] [flip student policy] base_w_co: 0.800000 
[2025-06-11 17:10:03.728.434] [INFO  ] [flip student policy] max_y_range: 0.250000 
[2025-06-11 17:10:03.728.442] [INFO  ] [flip student policy] stand_max_y_range: 0.400000 
[2025-06-11 17:10:03.728.449] [INFO  ] [flip student policy] max_x_range: 0.150000 
[2025-06-11 17:10:03.728.453] [INFO  ] [flip student policy] target_power: 0.900000 
[2025-06-11 17:10:03.728.458] [INFO  ] [flip student policy] target_air_time: 0.900000 
[2025-06-11 17:10:03.728.463] [INFO  ] [flip student policy] forward_limit: 2.000000 
[2025-06-11 17:10:03.728.470] [INFO  ] [flip student policy] horizon_limit: 1.000000 
[2025-06-11 17:10:03.728.478] [INFO  ] [flip student policy] jump_max_v: 1.400000 
[2025-06-11 17:10:03.728.486] [INFO  ] [flip student policy] jump_max_w: 1.900000 
[2025-06-11 17:10:03.728.511] [INFO  ] [flip student policy] max_jump_time: 0.000000 
[2025-06-11 17:10:03.728.520] [INFO  ] [flip student policy] max_flip_time: 0.000000 
[2025-06-11 17:10:03.728.530] [INFO  ] [flip student policy] log_path: ../logs/ 
[2025-06-11 17:10:03.728.540] [INFO  ] [flip student policy] dataPath: ../config/data/ 
[2025-06-11 17:10:03.728.562] [INFO  ] [flip student policy] forward_joint_d_gain[0] = 0.600000  
[2025-06-11 17:10:03.728.564] [INFO  ] [flip student policy] forward_joint_d_gain[1] = 0.600000  
[2025-06-11 17:10:03.728.566] [INFO  ] [flip student policy] forward_joint_d_gain[2] = 0.600000  
[2025-06-11 17:10:03.728.584] [INFO  ] [flip student policy] maxVelCmd[0] = 3.400000 
[2025-06-11 17:10:03.728.586] [INFO  ] [flip student policy] maxVelCmd[1] = 1.600000 
[2025-06-11 17:10:03.728.588] [INFO  ] [flip student policy] maxVelCmd[2] = 4.500000 
[2025-06-11 17:10:03.728.596] [INFO  ] [flip student policy] height_range[0] = 0.280000 
[2025-06-11 17:10:03.728.598] [INFO  ] [flip student policy] height_range[1] = 0.360000 
[2025-06-11 17:10:03.757.743] [INFO  ] [flip student policy] flip student policy flip network check success 
[2025-06-11 17:10:03.758.219] [INFO  ] [flip student policy] 
name : flip student policy
path : ../policy/flip_policy.pt
dim  : 45, 56, 2565, 12
dof  : 0.100000, -0.900000, 1.430000,
       -0.100000, -0.900000, 1.430000,
       0.100000, -0.900000, 1.430000,
       -0.100000, -0.900000, 1.430000,
kp   : 25.000000, 25.000000, 25.000000,
       25.000000, 25.000000, 25.000000,
       25.000000, 25.000000, 25.000000,
       25.000000, 25.000000, 25.000000,
kd   : 0.600000, 0.600000, 0.600000,
       0.600000, 0.600000, 0.600000,
       0.600000, 0.600000, 0.600000,
       0.600000, 0.600000, 0.600000,
limit: 50.000000, 50.000000, 50.000000,
       50.000000, 50.000000, 50.000000,
       50.000000, 50.000000, 50.000000,
       50.000000, 50.000000, 50.000000,
max_v: 2.500000, 2.500000, 2.000000,
scale: 0.250000, 0.250000, -0.000000,
       0.000000, -0.000000, 0.000000, 
[2025-06-11 17:10:03.807.388] [INFO  ] [stand student policy] net_path: ../config/policy/ 
[2025-06-11 17:10:03.807.444] [INFO  ] [stand student policy] stand_lpf: 0.770000 
[2025-06-11 17:10:03.807.465] [INFO  ] [stand student policy] forward_init_lpf: 0.790000 
[2025-06-11 17:10:03.807.473] [INFO  ] [stand student policy] forward_init_v: 0.600000 
[2025-06-11 17:10:03.807.482] [INFO  ] [stand student policy] forward_end_lpf: 0.766667 
[2025-06-11 17:10:03.807.491] [INFO  ] [stand student policy] forward_end_v: 2.500000 
[2025-06-11 17:10:03.807.507] [INFO  ] [stand student policy] jump_lpf: 0.766667 
[2025-06-11 17:10:03.807.518] [INFO  ] [stand student policy] flip_lpf: 0.766667 
[2025-06-11 17:10:03.807.524] [INFO  ] [stand student policy] uncertain: 0.000000 
[2025-06-11 17:10:03.807.530] [INFO  ] [stand student policy] v_acc: 0.075000 
[2025-06-11 17:10:03.807.536] [INFO  ] [stand student policy] w_acc: 0.200000 
[2025-06-11 17:10:03.807.546] [INFO  ] [stand student policy] stand_switch_time: 0.000000 
[2025-06-11 17:10:03.807.554] [INFO  ] [stand student policy] reflect_freq: 0.000000 
[2025-06-11 17:10:03.807.559] [INFO  ] [stand student policy] base_w_co: 0.800000 
[2025-06-11 17:10:03.807.583] [INFO  ] [stand student policy] max_y_range: 0.250000 
[2025-06-11 17:10:03.807.605] [INFO  ] [stand student policy] stand_max_y_range: 0.400000 
[2025-06-11 17:10:03.807.614] [INFO  ] [stand student policy] max_x_range: 0.150000 
[2025-06-11 17:10:03.807.624] [INFO  ] [stand student policy] target_power: 0.900000 
[2025-06-11 17:10:03.807.630] [INFO  ] [stand student policy] target_air_time: 0.900000 
[2025-06-11 17:10:03.807.636] [INFO  ] [stand student policy] forward_limit: 2.000000 
[2025-06-11 17:10:03.807.643] [INFO  ] [stand student policy] horizon_limit: 1.000000 
[2025-06-11 17:10:03.807.651] [INFO  ] [stand student policy] jump_max_v: 1.400000 
[2025-06-11 17:10:03.807.661] [INFO  ] [stand student policy] jump_max_w: 1.900000 
[2025-06-11 17:10:03.807.691] [INFO  ] [stand student policy] max_jump_time: 0.000000 
[2025-06-11 17:10:03.807.700] [INFO  ] [stand student policy] max_flip_time: 0.000000 
[2025-06-11 17:10:03.807.711] [INFO  ] [stand student policy] log_path: ../logs/ 
[2025-06-11 17:10:03.807.722] [INFO  ] [stand student policy] dataPath: ../config/data/ 
[2025-06-11 17:10:03.807.750] [INFO  ] [stand student policy] forward_joint_d_gain[0] = 0.600000  
[2025-06-11 17:10:03.807.753] [INFO  ] [stand student policy] forward_joint_d_gain[1] = 0.600000  
[2025-06-11 17:10:03.807.755] [INFO  ] [stand student policy] forward_joint_d_gain[2] = 0.600000  
[2025-06-11 17:10:03.807.775] [INFO  ] [stand student policy] maxVelCmd[0] = 3.400000 
[2025-06-11 17:10:03.807.777] [INFO  ] [stand student policy] maxVelCmd[1] = 1.600000 
[2025-06-11 17:10:03.807.780] [INFO  ] [stand student policy] maxVelCmd[2] = 4.500000 
[2025-06-11 17:10:03.807.789] [INFO  ] [stand student policy] height_range[0] = 0.280000 
[2025-06-11 17:10:03.807.791] [INFO  ] [stand student policy] height_range[1] = 0.360000 
[2025-06-11 17:10:03.871.345] [INFO  ] [stand student policy] stand student policy LSC network check success 
[2025-06-11 17:10:03.871.833] [INFO  ] [stand student policy] 
name : stand student policy
path : ../policy/stand_policy.pt
dim  : 45, 56, 2565, 12
dof  : 0.100000, -0.900000, 1.430000,
       -0.100000, -0.900000, 1.430000,
       0.100000, -0.900000, 1.430000,
       -0.100000, -0.900000, 1.430000,
kp   : 25.000000, 25.000000, 25.000000,
       25.000000, 25.000000, 25.000000,
       25.000000, 25.000000, 25.000000,
       25.000000, 25.000000, 25.000000,
kd   : 0.600000, 0.600000, 0.600000,
       0.600000, 0.600000, 0.600000,
       0.600000, 0.600000, 0.600000,
       0.600000, 0.600000, 0.600000,
limit: 50.000000, 50.000000, 50.000000,
       50.000000, 50.000000, 50.000000,
       50.000000, 50.000000, 50.000000,
       50.000000, 50.000000, 50.000000,
max_v: 2.500000, 2.500000, 2.000000,
scale: 0.250000, 0.250000, -0.000000,
       0.000000, -0.000000, 0.000000, 
[2025-06-11 17:10:03.921.800] [INFO  ] [handstand policy] net_path: ../config/policy/ 
[2025-06-11 17:10:03.921.870] [INFO  ] [handstand policy] lpf_HStand: 0.800000 
[2025-06-11 17:10:03.921.938] [INFO  ] [handstand policy] uncertain: 0.000000 
[2025-06-11 17:10:03.921.945] [INFO  ] [handstand policy] v_acc: 0.100000 
[2025-06-11 17:10:03.921.986] [INFO  ] [handstand policy] bipedal_base_w_co: 1.000000 
[2025-06-11 17:10:03.921.998] [INFO  ] [handstand policy] max_y_range: 0.250000 
[2025-06-11 17:10:03.922.009] [INFO  ] [handstand policy] max_x_range: 0.150000 
[2025-06-11 17:10:03.922.016] [INFO  ] [handstand policy] target_power: 0.900000 
[2025-06-11 17:10:03.922.022] [INFO  ] [handstand policy] target_air_time: 0.900000 
[2025-06-11 17:10:03.922.027] [INFO  ] [handstand policy] forward_limit: 0.500000 
[2025-06-11 17:10:03.922.031] [INFO  ] [handstand policy] horizon_limit: 0.000000 
[2025-06-11 17:10:03.922.057] [INFO  ] [handstand policy] bipedal_max_v: 1.200000 
[2025-06-11 17:10:03.922.064] [INFO  ] [handstand policy] bipedal_max_w: 1.500000 
[2025-06-11 17:10:03.922.082] [INFO  ] [handstand policy] log_path: ../logs/ 
[2025-06-11 17:10:03.922.095] [INFO  ] [handstand policy] dataPath: ../config/data/ 
[2025-06-11 17:10:03.922.132] [INFO  ] [handstand policy] bipedal_joint_d_gain[0] = 0.800000  
[2025-06-11 17:10:03.922.135] [INFO  ] [handstand policy] bipedal_joint_d_gain[1] = 0.800000  
[2025-06-11 17:10:03.922.136] [INFO  ] [handstand policy] bipedal_joint_d_gain[2] = 0.800000  
[2025-06-11 17:10:03.922.145] [INFO  ] [handstand policy] maxVelCmd[0] = 1.500000 
[2025-06-11 17:10:03.922.150] [INFO  ] [handstand policy] maxVelCmd[1] = 0.100000 
[2025-06-11 17:10:03.922.152] [INFO  ] [handstand policy] maxVelCmd[2] = 0.500000 
[2025-06-11 17:10:03.922.166] [INFO  ] [handstand policy] bipedal_height_range[0] = 0.490000 
[2025-06-11 17:10:03.922.168] [INFO  ] [handstand policy] bipedal_height_range[1] = 0.491000 
[2025-06-11 17:10:03.952.372] [INFO  ] [handstand policy] handstand policy HStand network check success 
[2025-06-11 17:10:03.952.792] [INFO  ] [handstand policy] 
name : handstand policy
path : ../policy/bipedal_policy.pt
dim  : 45, 56, 2565, 12
dof  : 0.100000, -0.900000, 1.430000,
       -0.100000, -0.900000, 1.430000,
       0.100000, -0.900000, 1.430000,
       -0.100000, -0.900000, 1.430000,
kp   : 25.000000, 25.000000, 25.000000,
       25.000000, 25.000000, 25.000000,
       25.000000, 25.000000, 25.000000,
       25.000000, 25.000000, 25.000000,
kd   : 0.800000, 0.800000, 0.800000,
       0.800000, 0.800000, 0.800000,
       0.800000, 0.800000, 0.800000,
       0.800000, 0.800000, 0.800000,
limit: 50.000000, 50.000000, 50.000000,
       50.000000, 50.000000, 50.000000,
       50.000000, 50.000000, 50.000000,
       50.000000, 50.000000, 50.000000,
max_v: 2.500000, 2.500000, 2.000000,
scale: 0.250000, 0.250000, -1.106052,
       -0.030702, 1.490170, 0.533836, 
[2025-06-11 17:10:03.990.254] [INFO  ] [handstandswing policy] net_path: ../config/policy/ 
[2025-06-11 17:10:03.990.319] [INFO  ] [handstandswing policy] lpf_HStand: 0.800000 
[2025-06-11 17:10:03.990.368] [INFO  ] [handstandswing policy] uncertain: 0.000000 
[2025-06-11 17:10:03.990.375] [INFO  ] [handstandswing policy] v_acc: 0.100000 
[2025-06-11 17:10:03.990.408] [INFO  ] [handstandswing policy] bipedal_base_w_co: 1.000000 
[2025-06-11 17:10:03.990.419] [INFO  ] [handstandswing policy] max_y_range: 0.250000 
[2025-06-11 17:10:03.990.429] [INFO  ] [handstandswing policy] max_x_range: 0.150000 
[2025-06-11 17:10:03.990.435] [INFO  ] [handstandswing policy] target_power: 0.900000 
[2025-06-11 17:10:03.990.441] [INFO  ] [handstandswing policy] target_air_time: 0.900000 
[2025-06-11 17:10:03.990.447] [INFO  ] [handstandswing policy] forward_limit: 0.500000 
[2025-06-11 17:10:03.990.452] [INFO  ] [handstandswing policy] horizon_limit: 0.000000 
[2025-06-11 17:10:03.990.477] [INFO  ] [handstandswing policy] bipedal_max_v: 1.200000 
[2025-06-11 17:10:03.990.484] [INFO  ] [handstandswing policy] bipedal_max_w: 1.500000 
[2025-06-11 17:10:03.990.503] [INFO  ] [handstandswing policy] log_path: ../logs/ 
[2025-06-11 17:10:03.990.510] [INFO  ] [handstandswing policy] dataPath: ../config/data/ 
[2025-06-11 17:10:03.990.541] [INFO  ] [handstandswing policy] bipedal_joint_d_gain[0] = 0.800000  
[2025-06-11 17:10:03.990.544] [INFO  ] [handstandswing policy] bipedal_joint_d_gain[1] = 0.800000  
[2025-06-11 17:10:03.990.546] [INFO  ] [handstandswing policy] bipedal_joint_d_gain[2] = 0.800000  
[2025-06-11 17:10:03.990.554] [INFO  ] [handstandswing policy] maxVelCmd[0] = 1.500000 
[2025-06-11 17:10:03.990.555] [INFO  ] [handstandswing policy] maxVelCmd[1] = 0.100000 
[2025-06-11 17:10:03.990.560] [INFO  ] [handstandswing policy] maxVelCmd[2] = 0.500000 
[2025-06-11 17:10:03.990.575] [INFO  ] [handstandswing policy] bipedal_height_range[0] = 0.490000 
[2025-06-11 17:10:03.990.589] [INFO  ] [handstandswing policy] bipedal_height_range[1] = 0.491000 
[2025-06-11 17:10:04.008.488] [INFO  ] [handstandswing policy] handstandswing policy HStandSwing network check success 
[2025-06-11 17:10:04.008.897] [INFO  ] [handstandswing policy] 
name : handstandswing policy
path : ../policy/bipedal_motor_p_command_policy.pt
dim  : 45, 56, 2565, 12
dof  : 0.100000, -0.900000, 1.430000,
       -0.100000, -0.900000, 1.430000,
       0.100000, -0.900000, 1.430000,
       -0.100000, -0.900000, 1.430000,
kp   : 25.000000, 25.000000, 25.000000,
       25.000000, 25.000000, 25.000000,
       25.000000, 25.000000, 25.000000,
       25.000000, 25.000000, 25.000000,
kd   : 0.800000, 0.800000, 0.800000,
       0.800000, 0.800000, 0.800000,
       0.800000, 0.800000, 0.800000,
       0.800000, 0.800000, 0.800000,
limit: 50.000000, 50.000000, 50.000000,
       50.000000, 50.000000, 50.000000,
       50.000000, 50.000000, 50.000000,
       50.000000, 50.000000, 50.000000,
max_v: 2.500000, 2.500000, 2.000000,
scale: 0.250000, 0.250000, -42.938179,
       -0.343325, -37.014256, -8.109403, 
[2025-06-11 17:10:04.008.935] [INFO  ] [NetworkController] policy map contains : 
[2025-06-11 17:10:04.008.938] [INFO  ] [NetworkController] 0 : common policy  
[2025-06-11 17:10:04.008.947] [INFO  ] [NetworkController] 1 : forward student policy  
[2025-06-11 17:10:04.008.950] [INFO  ] [NetworkController] 2 : jump student policy  
[2025-06-11 17:10:04.008.956] [INFO  ] [NetworkController] 3 : flip student policy  
[2025-06-11 17:10:04.008.959] [INFO  ] [NetworkController] 4 : stand student policy  
[2025-06-11 17:10:04.008.961] [INFO  ] [NetworkController] 5 : handstand policy  
[2025-06-11 17:10:04.008.963] [INFO  ] [NetworkController] 6 : handstandswing policy  
[2025-06-11 17:10:04.008.992] [ERROR ] [Controller] IMU data reading is timeout! 
[2025-06-11 17:10:04.009.102] [INFO  ] [BasicMotion] Switching to kWaitForStanding!!! 
[2025-06-11 17:10:04.009.525] [INFO  ] [DeferredRecorder] -------max_cycle = +0.000, count = 0 
[2025-06-11 17:10:04.009.536] [INFO  ] [DeferredRecorder] -------max_cycle = +0.000, count = 0 
[2025-06-11 17:10:04.009.571] [INFO  ] [DeferredRecorder] -------max_cycle = +0.000, count = 1 
[2025-06-11 17:10:04.010.239] [INFO  ] [DeferredRecorder] -------max_cycle = +0.000, count = 2 
[2025-06-11 17:10:04.011.239] [INFO  ] [DeferredRecorder] -------max_cycle = +0.000, count = 3 
[2025-06-11 17:10:04.012.238] [INFO  ] [DeferredRecorder] -------max_cycle = +0.000, count = 4 
[2025-06-11 17:10:04.063.247] [NOTICE] [Controller] IMU data reading has resumed! 
[2025-06-11 17:10:06.177.085] [WARN  ] [CPU] Cpu temperature -1538631068 cpu  
[2025-06-11 17:10:06.507.272] [INFO  ] [Controller] [Joints] FL: +28.504, +28.504, +28.504 ,FR: +28.504, +28.504, +26.772, HL: 28.504, +26.772, +26.772, HR: +28.504, +26.772, +26.772 Max FL-HipX = +28.504 Min FR-Knee = +26.772 
[2025-06-11 17:10:07.516.374] [INFO  ] [Battery] SoC = 88%, Volt = +32.400V, Temp 27 
[2025-06-11 17:10:09.009.270] [INFO  ] [Controller] [Joints] FL: +28.504, +28.504, +28.504 ,FR: +28.504, +28.504, +26.772, HL: 28.504, +26.772, +26.772, HR: +28.504, +26.772, +26.772 Max FL-HipX = +28.504 Min FR-Knee = +26.772 
[2025-06-11 17:10:11.509.277] [INFO  ] [Controller] [Joints] FL: +28.504, +28.504, +28.504 ,FR: +28.504, +28.504, +26.772, HL: 28.504, +26.772, +26.772, HR: +28.504, +26.772, +26.772 Max FL-HipX = +28.504 Min FR-Knee = +26.772 
[2025-06-11 17:10:12.504.878] [INFO  ] [Battery] SoC = 88%, Volt = +32.400V, Temp 27 
[2025-06-11 17:10:14.009.271] [INFO  ] [Controller] [Joints] FL: +28.504, +28.504, +28.504 ,FR: +28.504, +28.504, +26.772, HL: 28.504, +26.772, +26.772, HR: +28.504, +26.772, +26.772 Max FL-HipX = +28.504 Min FR-Knee = +26.772 
[2025-06-11 17:10:16.509.265] [INFO  ] [Controller] [Joints] FL: +28.504, +28.504, +28.504 ,FR: +28.504, +28.504, +26.772, HL: 28.504, +26.772, +26.772, HR: +28.504, +26.772, +26.772 Max FL-HipX = +28.504 Min FR-Knee = +26.772 
[2025-06-11 17:10:17.493.261] [INFO  ] [Battery] SoC = 88%, Volt = +32.400V, Temp 27 
[2025-06-11 17:10:19.009.262] [INFO  ] [Controller] [Joints] FL: +28.504, +28.504, +28.504 ,FR: +28.504, +28.504, +26.772, HL: 28.504, +26.772, +26.772, HR: +28.504, +26.772, +26.772 Max FL-HipX = +28.504 Min FR-Knee = +26.772 
[2025-06-11 17:10:21.509.265] [INFO  ] [Controller] [Joints] FL: +28.504, +28.504, +28.504 ,FR: +28.504, +28.504, +26.772, HL: 28.504, +26.772, +26.772, HR: +28.504, +26.772, +26.772 Max FL-HipX = +28.504 Min FR-Knee = +26.772 
[2025-06-11 17:10:22.481.628] [INFO  ] [Battery] SoC = 88%, Volt = +32.400V, Temp 27 
[2025-06-11 17:10:24.009.264] [INFO  ] [Controller] [Joints] FL: +28.504, +28.504, +28.504 ,FR: +28.504, +28.504, +26.772, HL: 28.504, +26.772, +26.772, HR: +28.504, +26.772, +26.772 Max FL-HipX = +28.504 Min FR-Knee = +26.772 
[2025-06-11 17:10:26.509.264] [INFO  ] [Controller] [Joints] FL: +28.504, +28.504, +28.504 ,FR: +28.504, +28.504, +26.772, HL: 28.504, +26.772, +26.772, HR: +28.504, +26.772, +26.772 Max FL-HipX = +28.504 Min FR-Knee = +26.772 
[2025-06-11 17:10:27.469.851] [INFO  ] [Battery] SoC = 88%, Volt = +32.300V, Temp 27 
[2025-06-11 17:10:29.009.265] [INFO  ] [Controller] [Joints] FL: +28.504, +28.504, +28.504 ,FR: +28.504, +28.504, +26.772, HL: 28.504, +26.772, +26.772, HR: +28.504, +26.772, +26.772 Max FL-HipX = +28.504 Min FR-Knee = +26.772 
[2025-06-11 17:10:31.509.264] [INFO  ] [Controller] [Joints] FL: +28.504, +28.504, +28.504 ,FR: +28.504, +28.504, +26.772, HL: 28.504, +26.772, +26.772, HR: +28.504, +26.772, +26.772 Max FL-HipX = +28.504 Min FR-Knee = +26.772 
[2025-06-11 17:10:32.458.036] [INFO  ] [Battery] SoC = 88%, Volt = +32.300V, Temp 27 
[2025-06-11 17:10:34.009.262] [INFO  ] [Controller] [Joints] FL: +28.504, +28.504, +28.504 ,FR: +28.504, +28.504, +26.772, HL: 28.504, +26.772, +26.772, HR: +28.504, +26.772, +26.772 Max FL-HipX = +28.504 Min FR-Knee = +26.772 
[2025-06-11 17:10:36.509.260] [INFO  ] [Controller] [Joints] FL: +28.504, +28.504, +28.504 ,FR: +28.504, +28.504, +26.772, HL: 28.504, +26.772, +26.772, HR: +28.504, +26.772, +26.772 Max FL-HipX = +28.504 Min FR-Knee = +26.772 
[2025-06-11 17:10:37.446.035] [INFO  ] [Battery] SoC = 88%, Volt = +32.300V, Temp 27 
[2025-06-11 17:10:39.009.264] [INFO  ] [Controller] [Joints] FL: +28.504, +28.504, +28.504 ,FR: +28.504, +28.504, +26.772, HL: 28.504, +26.772, +26.772, HR: +28.504, +26.772, +26.772 Max FL-HipX = +28.504 Min FR-Knee = +26.772 
[2025-06-11 17:10:41.509.265] [INFO  ] [Controller] [Joints] FL: +28.504, +28.504, +28.504 ,FR: +28.504, +28.504, +26.772, HL: 28.504, +26.772, +26.772, HR: +28.504, +26.772, +26.772 Max FL-HipX = +28.504 Min FR-Knee = +26.772 
[2025-06-11 17:10:42.434.036] [INFO  ] [Battery] SoC = 88%, Volt = +32.300V, Temp 27 
[2025-06-11 17:10:44.009.266] [INFO  ] [Controller] [Joints] FL: +28.504, +28.504, +28.504 ,FR: +28.504, +28.504, +26.772, HL: 28.504, +26.772, +26.772, HR: +28.504, +26.772, +26.772 Max FL-HipX = +28.504 Min FR-Knee = +26.772 
[2025-06-11 17:10:46.509.265] [INFO  ] [Controller] [Joints] FL: +28.504, +28.504, +28.504 ,FR: +28.504, +28.504, +26.772, HL: 28.504, +26.772, +26.772, HR: +28.504, +26.772, +26.772 Max FL-HipX = +28.504 Min FR-Knee = +26.772 
[2025-06-11 17:10:47.422.000] [INFO  ] [Battery] SoC = 88%, Volt = +32.300V, Temp 27 
[2025-06-11 17:10:49.009.278] [INFO  ] [Controller] [Joints] FL: +28.504, +28.504, +28.504 ,FR: +28.504, +28.504, +26.772, HL: 28.504, +26.772, +26.772, HR: +28.504, +26.772, +26.772 Max FL-HipX = +28.504 Min FR-Knee = +26.772 
[2025-06-11 17:10:49.151.246] [INFO  ] [Controller] [AI Close] 
[2025-06-11 17:10:50.149.252] [INFO  ] [Controller] Switch to Joystick Mode!!! 
[2025-06-11 17:10:51.201.249] [INFO  ] [Controller] stand_cmd.... 
[2025-06-11 17:10:51.201.291] [INFO  ] [BasicMotion] Standing up, please wait... 
[2025-06-11 17:10:51.201.294] [INFO  ] [BasicMotion] Switching to zeroposition !!!!! 
[2025-06-11 17:10:51.509.267] [INFO  ] [Controller] [Joints] FL: +28.504, +28.504, +28.504 ,FR: +28.504, +28.504, +26.772, HL: 28.504, +26.772, +26.772, HR: +28.504, +26.772, +26.772 Max FL-HipX = +28.504 Min FR-Knee = +26.772 
[2025-06-11 17:10:52.409.957] [INFO  ] [Battery] SoC = 88%, Volt = +32.300V, Temp 27 
[2025-06-11 17:10:54.009.267] [INFO  ] [Controller] [Joints] FL: +28.504, +28.504, +28.504 ,FR: +28.504, +28.504, +26.772, HL: 28.504, +26.772, +26.772, HR: +28.504, +26.772, +26.772 Max FL-HipX = +28.504 Min FR-Knee = +26.772 
[2025-06-11 17:10:56.509.269] [INFO  ] [Controller] [Joints] FL: +28.504, +28.504, +28.504 ,FR: +30.236, +28.504, +26.772, HL: 28.504, +26.772, +26.772, HR: +28.504, +26.772, +26.772 Max FR-HipX = +30.236 Min FR-Knee = +26.772 
[2025-06-11 17:10:56.703.254] [INFO  ] [BasicMotion] Standing up, please wait... 
[2025-06-11 17:10:57.398.100] [INFO  ] [Battery] SoC = 87%, Volt = +32.200V, Temp 27 
[2025-06-11 17:10:58.705.261] [INFO  ] [BasicMotion] Stand up action has finished, waitting to switch to force control mode! 
[2025-06-11 17:10:58.705.301] [INFO  ] [BasicMotion] Switching to force control mode, please wait... 
[2025-06-11 17:10:59.010.267] [INFO  ] [Controller] [Joints] FL: +28.504, +28.504, +28.504 ,FR: +30.236, +30.236, +26.772, HL: 28.504, +26.772, +26.772, HR: +28.504, +26.772, +26.772 Max FR-HipX = +30.236 Min FR-Knee = +26.772 
[2025-06-11 17:11:00.927.304] [INFO  ] [TVMPC] JY is Moving... (tvmpc),  time: 57.755530 
[2025-06-11 17:11:01.510.264] [INFO  ] [Controller] [Joints] FL: +28.504, +28.504, +28.504 ,FR: +30.236, +30.236, +28.504, HL: 30.236, +26.772, +28.504, HR: +30.236, +28.504, +28.504 Max FR-HipX = +30.236 Min HL-HipY = +26.772 
[2025-06-11 17:11:02.386.266] [INFO  ] [Battery] SoC = 87%, Volt = +32.100V, Temp 27 
[2025-06-11 17:11:04.010.260] [INFO  ] [Controller] [Joints] FL: +30.236, +28.504, +28.504 ,FR: +30.236, +30.236, +28.504, HL: 30.236, +26.772, +28.504, HR: +30.236, +28.504, +28.504 Max FL-HipX = +30.236 Min HL-HipY = +26.772 
[2025-06-11 17:11:06.510.261] [INFO  ] [Controller] [Joints] FL: +30.236, +28.504, +28.504 ,FR: +30.236, +30.236, +28.504, HL: 30.236, +26.772, +30.236, HR: +30.236, +28.504, +30.236 Max FL-HipX = +30.236 Min HL-HipY = +26.772 
[2025-06-11 17:11:07.374.344] [INFO  ] [Battery] SoC = 87%, Volt = +32.100V, Temp 27 
[2025-06-11 17:11:09.010.258] [INFO  ] [Controller] [Joints] FL: +30.236, +28.504, +30.236 ,FR: +30.236, +30.236, +28.504, HL: 30.236, +28.504, +30.236, HR: +31.969, +28.504, +30.236 Max HR-HipX = +31.969 Min FL-HipY = +28.504 
[2025-06-11 17:11:11.510.262] [INFO  ] [Controller] [Joints] FL: +30.236, +28.504, +30.236 ,FR: +30.236, +30.236, +30.236, HL: 30.236, +28.504, +30.236, HR: +31.969, +28.504, +31.969 Max HR-HipX = +31.969 Min FL-HipY = +28.504 
[2025-06-11 17:11:12.362.550] [INFO  ] [Battery] SoC = 87%, Volt = +32.100V, Temp 27 
[2025-06-11 17:11:13.527.866] [INFO  ] [TVMPC] [trot]STOP!!! 
[2025-06-11 17:11:13.528.245] [INFO  ] [BasicMotion] Switching to force control mode, please wait... 
[2025-06-11 17:11:14.010.266] [INFO  ] [Controller] [Joints] FL: +31.969, +28.504, +30.236 ,FR: +31.969, +30.236, +30.236, HL: 30.236, +28.504, +31.969, HR: +31.969, +28.504, +31.969 Max FL-HipX = +31.969 Min FL-HipY = +28.504 
[2025-06-11 17:11:16.510.267] [INFO  ] [Controller] [Joints] FL: +31.969, +28.504, +30.236 ,FR: +31.969, +30.236, +30.236, HL: 31.969, +28.504, +31.969, HR: +31.969, +28.504, +31.969 Max FL-HipX = +31.969 Min FL-HipY = +28.504 
[2025-06-11 17:11:17.350.992] [INFO  ] [Battery] SoC = 87%, Volt = +32.200V, Temp 27 
[2025-06-11 17:11:19.010.266] [INFO  ] [Controller] [Joints] FL: +31.969, +28.504, +30.236 ,FR: +31.969, +30.236, +30.236, HL: 31.969, +28.504, +31.969, HR: +31.969, +28.504, +31.969 Max FL-HipX = +31.969 Min FL-HipY = +28.504 
[2025-06-11 17:11:21.510.267] [INFO  ] [Controller] [Joints] FL: +31.969, +28.504, +31.969 ,FR: +31.969, +30.236, +30.236, HL: 31.969, +28.504, +31.969, HR: +31.969, +28.504, +31.969 Max FL-HipX = +31.969 Min FL-HipY = +28.504 
[2025-06-11 17:11:22.339.419] [INFO  ] [Battery] SoC = 87%, Volt = +32.200V, Temp 27 
[2025-06-11 17:11:24.010.269] [INFO  ] [Controller] [Joints] FL: +31.969, +28.504, +31.969 ,FR: +31.969, +30.236, +30.236, HL: 31.969, +28.504, +31.969, HR: +31.969, +28.504, +31.969 Max FL-HipX = +31.969 Min FL-HipY = +28.504 
[2025-06-11 17:11:26.510.264] [INFO  ] [Controller] [Joints] FL: +31.969, +28.504, +31.969 ,FR: +31.969, +30.236, +30.236, HL: 31.969, +28.504, +31.969, HR: +31.969, +28.504, +31.969 Max FL-HipX = +31.969 Min FL-HipY = +28.504 
[2025-06-11 17:11:27.327.630] [INFO  ] [Battery] SoC = 87%, Volt = +32.200V, Temp 27 
[2025-06-11 17:11:29.010.264] [INFO  ] [Controller] [Joints] FL: +31.969, +28.504, +31.969 ,FR: +31.969, +30.236, +30.236, HL: 33.701, +28.504, +31.969, HR: +31.969, +28.504, +31.969 Max HL-HipX = +33.701 Min FL-HipY = +28.504 
[2025-06-11 17:11:31.510.264] [INFO  ] [Controller] [Joints] FL: +31.969, +28.504, +31.969 ,FR: +31.969, +30.236, +30.236, HL: 33.701, +28.504, +31.969, HR: +30.236, +28.504, +31.969 Max HL-HipX = +33.701 Min FL-HipY = +28.504 
[2025-06-11 17:11:32.315.821] [INFO  ] [Battery] SoC = 87%, Volt = +32.200V, Temp 27 
[2025-06-11 17:11:34.010.261] [INFO  ] [Controller] [Joints] FL: +30.236, +28.504, +31.969 ,FR: +31.969, +30.236, +30.236, HL: 33.701, +28.504, +31.969, HR: +30.236, +28.504, +31.969 Max HL-HipX = +33.701 Min FL-HipY = +28.504 
[2025-06-11 17:11:36.510.256] [INFO  ] [Controller] [Joints] FL: +30.236, +28.504, +31.969 ,FR: +31.969, +30.236, +30.236, HL: 33.701, +28.504, +31.969, HR: +30.236, +28.504, +31.969 Max HL-HipX = +33.701 Min FL-HipY = +28.504 
[2025-06-11 17:11:37.303.903] [INFO  ] [Battery] SoC = 87%, Volt = +32.200V, Temp 27 
[2025-06-11 17:11:39.010.264] [INFO  ] [Controller] [Joints] FL: +30.236, +28.504, +33.701 ,FR: +31.969, +30.236, +30.236, HL: 33.701, +28.504, +30.236, HR: +30.236, +28.504, +31.969 Max FL-Knee = +33.701 Min FL-HipY = +28.504 
[2025-06-11 17:11:41.510.265] [INFO  ] [Controller] [Joints] FL: +30.236, +28.504, +33.701 ,FR: +31.969, +30.236, +30.236, HL: 33.701, +28.504, +30.236, HR: +30.236, +28.504, +30.236 Max FL-Knee = +33.701 Min FL-HipY = +28.504 
[2025-06-11 17:11:42.292.028] [INFO  ] [Battery] SoC = 87%, Volt = +32.200V, Temp 27 
[2025-06-11 17:11:44.010.266] [INFO  ] [Controller] [Joints] FL: +30.236, +28.504, +33.701 ,FR: +31.969, +30.236, +30.236, HL: 33.701, +28.504, +30.236, HR: +30.236, +28.504, +30.236 Max FL-Knee = +33.701 Min FL-HipY = +28.504 
[2025-06-11 17:11:46.510.262] [INFO  ] [Controller] [Joints] FL: +30.236, +28.504, +33.701 ,FR: +31.969, +30.236, +30.236, HL: 35.433, +28.504, +30.236, HR: +30.236, +28.504, +30.236 Max HL-HipX = +35.433 Min FL-HipY = +28.504 
[2025-06-11 17:11:47.280.104] [INFO  ] [Battery] SoC = 87%, Volt = +32.100V, Temp 27 
[2025-06-11 17:11:49.010.263] [INFO  ] [Controller] [Joints] FL: +30.236, +28.504, +33.701 ,FR: +33.701, +30.236, +30.236, HL: 35.433, +28.504, +30.236, HR: +30.236, +28.504, +30.236 Max HL-HipX = +35.433 Min FL-HipY = +28.504 
[2025-06-11 17:11:51.510.265] [INFO  ] [Controller] [Joints] FL: +30.236, +28.504, +33.701 ,FR: +33.701, +30.236, +30.236, HL: 35.433, +28.504, +30.236, HR: +30.236, +28.504, +30.236 Max HL-HipX = +35.433 Min FL-HipY = +28.504 
[2025-06-11 17:11:52.181.244] [INFO  ] [Controller] AutoStop ... 
[2025-06-11 17:11:52.268.164] [INFO  ] [Battery] SoC = 87%, Volt = +32.100V, Temp 27 
[2025-06-11 17:11:52.288.240] [INFO  ] [Controller] Switch to Twist Body Mode!!! 
[2025-06-11 17:11:52.388.246] [INFO  ] [Controller] Switch to Twist Body Mode!!! 
[2025-06-11 17:11:52.488.246] [INFO  ] [Controller] Switch to Twist Body Mode!!! 
[2025-06-11 17:11:52.588.243] [INFO  ] [Controller] Switch to Twist Body Mode!!! 
[2025-06-11 17:11:52.689.245] [INFO  ] [Controller] Switch to Twist Body Mode!!! 
[2025-06-11 17:11:52.789.246] [INFO  ] [Controller] Switch to Twist Body Mode!!! 
[2025-06-11 17:11:52.889.243] [INFO  ] [Controller] Switch to Twist Body Mode!!! 
[2025-06-11 17:11:52.989.247] [INFO  ] [Controller] Switch to Twist Body Mode!!! 
[2025-06-11 17:11:53.089.246] [INFO  ] [Controller] Switch to Twist Body Mode!!! 
[2025-06-11 17:11:53.189.245] [INFO  ] [Controller] Switch to Twist Body Mode!!! 
[2025-06-11 17:11:54.010.263] [INFO  ] [Controller] [Joints] FL: +30.236, +28.504, +33.701 ,FR: +33.701, +30.236, +30.236, HL: 35.433, +30.236, +30.236, HR: +30.236, +28.504, +30.236 Max HL-HipX = +35.433 Min FL-HipY = +28.504 
[2025-06-11 17:11:56.510.271] [INFO  ] [Controller] [Joints] FL: +30.236, +28.504, +33.701 ,FR: +33.701, +30.236, +30.236, HL: 35.433, +30.236, +30.236, HR: +30.236, +28.504, +30.236 Max HL-HipX = +35.433 Min FL-HipY = +28.504 
[2025-06-11 17:11:57.256.300] [INFO  ] [Battery] SoC = 87%, Volt = +32.100V, Temp 28 
[2025-06-11 17:11:59.010.269] [INFO  ] [Controller] [Joints] FL: +30.236, +28.504, +33.701 ,FR: +33.701, +30.236, +30.236, HL: 35.433, +30.236, +30.236, HR: +30.236, +28.504, +30.236 Max HL-HipX = +35.433 Min FL-HipY = +28.504 
[2025-06-11 17:12:01.510.265] [INFO  ] [Controller] [Joints] FL: +30.236, +28.504, +33.701 ,FR: +33.701, +30.236, +30.236, HL: 35.433, +30.236, +31.969, HR: +30.236, +28.504, +31.969 Max HL-HipX = +35.433 Min FL-HipY = +28.504 
[2025-06-11 17:12:02.244.391] [INFO  ] [Battery] SoC = 87%, Volt = +32.100V, Temp 27 
[2025-06-11 17:12:04.010.268] [INFO  ] [Controller] [Joints] FL: +30.236, +28.504, +33.701 ,FR: +33.701, +30.236, +30.236, HL: 35.433, +30.236, +31.969, HR: +31.969, +28.504, +31.969 Max HL-HipX = +35.433 Min FL-HipY = +28.504 
[2025-06-11 17:12:05.358.246] [INFO  ] [Controller] Switch to Move Mode!!! 
[2025-06-11 17:12:05.359.262] [INFO  ] [TVMPC] JY is Moving... (tvmpc),  time: 122.187531 
[2025-06-11 17:12:05.458.246] [INFO  ] [Controller] Switch to Move Mode!!! 
[2025-06-11 17:12:05.559.247] [INFO  ] [Controller] Switch to Move Mode!!! 
[2025-06-11 17:12:05.659.248] [INFO  ] [Controller] Switch to Move Mode!!! 
[2025-06-11 17:12:05.759.246] [INFO  ] [Controller] Switch to Move Mode!!! 
[2025-06-11 17:12:05.859.247] [INFO  ] [Controller] Switch to Move Mode!!! 
[2025-06-11 17:12:05.960.316] [INFO  ] [Controller] Switch to Move Mode!!! 
[2025-06-11 17:12:06.061.248] [INFO  ] [Controller] Switch to Move Mode!!! 
[2025-06-11 17:12:06.161.248] [INFO  ] [Controller] Switch to Move Mode!!! 
[2025-06-11 17:12:06.261.258] [INFO  ] [Controller] Switch to Move Mode!!! 
[2025-06-11 17:12:06.510.260] [INFO  ] [Controller] [Joints] FL: +30.236, +28.504, +33.701 ,FR: +33.701, +30.236, +30.236, HL: 35.433, +30.236, +33.701, HR: +31.969, +28.504, +33.701 Max HL-HipX = +35.433 Min FL-HipY = +28.504 
[2025-06-11 17:12:06.709.724] [INFO  ] [TVMPC] [trot]STOP!!! 
[2025-06-11 17:12:06.710.256] [INFO  ] [BasicMotion] Switching to force control mode, please wait... 
[2025-06-11 17:12:07.232.359] [INFO  ] [Battery] SoC = 86%, Volt = +32.100V, Temp 27 
[2025-06-11 17:12:09.010.265] [INFO  ] [Controller] [Joints] FL: +31.969, +28.504, +33.701 ,FR: +33.701, +30.236, +31.969, HL: 35.433, +30.236, +33.701, HR: +31.969, +28.504, +33.701 Max HL-HipX = +35.433 Min FL-HipY = +28.504 
[2025-06-11 17:12:09.229.278] [INFO  ] [TVMPC] JY is Moving... (tvmpc),  time: 126.057530 
[2025-06-11 17:12:11.510.260] [INFO  ] [Controller] [Joints] FL: +31.969, +28.504, +33.701 ,FR: +33.701, +30.236, +31.969, HL: 35.433, +30.236, +35.433, HR: +31.969, +28.504, +35.433 Max HL-HipX = +35.433 Min FL-HipY = +28.504 
[2025-06-11 17:12:12.220.268] [INFO  ] [Battery] SoC = 86%, Volt = +32.000V, Temp 27 
[2025-06-11 17:12:14.010.264] [INFO  ] [Controller] [Joints] FL: +31.969, +28.504, +33.701 ,FR: +33.701, +30.236, +31.969, HL: 35.433, +30.236, +35.433, HR: +31.969, +28.504, +35.433 Max HL-HipX = +35.433 Min FL-HipY = +28.504 
[2025-06-11 17:12:16.510.260] [INFO  ] [Controller] [Joints] FL: +31.969, +28.504, +35.433 ,FR: +33.701, +30.236, +31.969, HL: 35.433, +30.236, +35.433, HR: +31.969, +28.504, +37.165 Max HR-Knee = +37.165 Min FL-HipY = +28.504 
[2025-06-11 17:12:17.207.987] [INFO  ] [Battery] SoC = 86%, Volt = +32.000V, Temp 28 
[2025-06-11 17:12:19.010.261] [INFO  ] [Controller] [Joints] FL: +31.969, +30.236, +35.433 ,FR: +33.701, +30.236, +31.969, HL: 35.433, +30.236, +37.165, HR: +33.701, +28.504, +37.165 Max HL-Knee = +37.165 Min HR-HipY = +28.504 
[2025-06-11 17:12:21.510.259] [INFO  ] [Controller] [Joints] FL: +31.969, +30.236, +35.433 ,FR: +33.701, +30.236, +33.701, HL: 35.433, +30.236, +37.165, HR: +33.701, +28.504, +38.898 Max HR-Knee = +38.898 Min HR-HipY = +28.504 
[2025-06-11 17:12:22.195.889] [INFO  ] [Battery] SoC = 86%, Volt = +32.000V, Temp 28 
[2025-06-11 17:12:23.629.672] [INFO  ] [TVMPC] [trot]STOP!!! 
[2025-06-11 17:12:23.630.243] [INFO  ] [BasicMotion] Switching to force control mode, please wait... 
[2025-06-11 17:12:24.010.264] [INFO  ] [Controller] [Joints] FL: +33.701, +30.236, +35.433 ,FR: +33.701, +30.236, +33.701, HL: 35.433, +30.236, +37.165, HR: +33.701, +28.504, +38.898 Max HR-Knee = +38.898 Min HR-HipY = +28.504 
[2025-06-11 17:12:24.915.249] [INFO  ] [Controller] stand_cmd.... 
[2025-06-11 17:12:24.915.303] [INFO  ] [BasicMotion] Standing down, please wait... 
[2025-06-11 17:12:26.510.263] [INFO  ] [Controller] [Joints] FL: +33.701, +30.236, +35.433 ,FR: +33.701, +30.236, +33.701, HL: 35.433, +30.236, +37.165, HR: +33.701, +28.504, +38.898 Max HR-Knee = +38.898 Min HR-HipY = +28.504 
[2025-06-11 17:12:27.183.867] [INFO  ] [Battery] SoC = 86%, Volt = +32.200V, Temp 28 
[2025-06-11 17:12:27.416.257] [INFO  ] [BasicMotion] Stand down action has finished, waitting to stand up again!!! 
[2025-06-11 17:12:29.010.264] [INFO  ] [Controller] [Joints] FL: +33.701, +30.236, +35.433 ,FR: +33.701, +30.236, +33.701, HL: 35.433, +30.236, +37.165, HR: +33.701, +28.504, +38.898 Max HR-Knee = +38.898 Min HR-HipY = +28.504 
[2025-06-11 17:12:31.510.264] [INFO  ] [Controller] [Joints] FL: +33.701, +30.236, +35.433 ,FR: +33.701, +30.236, +33.701, HL: 33.701, +30.236, +37.165, HR: +33.701, +28.504, +38.898 Max HR-Knee = +38.898 Min HR-HipY = +28.504 
[2025-06-11 17:12:32.171.879] [INFO  ] [Battery] SoC = 86%, Volt = +32.200V, Temp 28 
[2025-06-11 17:12:34.010.265] [INFO  ] [Controller] [Joints] FL: +33.701, +30.236, +35.433 ,FR: +33.701, +30.236, +33.701, HL: 33.701, +28.504, +37.165, HR: +33.701, +28.504, +38.898 Max HR-Knee = +38.898 Min HL-HipY = +28.504 
[2025-06-11 17:12:36.510.265] [INFO  ] [Controller] [Joints] FL: +33.701, +30.236, +33.701 ,FR: +33.701, +30.236, +33.701, HL: 33.701, +28.504, +37.165, HR: +33.701, +28.504, +37.165 Max HL-Knee = +37.165 Min HL-HipY = +28.504 
[2025-06-11 17:12:37.159.878] [INFO  ] [Battery] SoC = 86%, Volt = +32.200V, Temp 28 
[2025-06-11 17:12:39.010.266] [INFO  ] [Controller] [Joints] FL: +33.701, +30.236, +33.701 ,FR: +33.701, +30.236, +31.969, HL: 33.701, +28.504, +37.165, HR: +31.969, +28.504, +37.165 Max HL-Knee = +37.165 Min HL-HipY = +28.504 
[2025-06-11 17:12:41.510.266] [INFO  ] [Controller] [Joints] FL: +31.969, +30.236, +33.701 ,FR: +33.701, +30.236, +31.969, HL: 33.701, +28.504, +35.433, HR: +31.969, +28.504, +37.165 Max HR-Knee = +37.165 Min HL-HipY = +28.504 
[2025-06-11 17:12:42.147.793] [INFO  ] [Battery] SoC = 86%, Volt = +32.200V, Temp 28 
[2025-06-11 17:12:44.010.268] [INFO  ] [Controller] [Joints] FL: +31.969, +30.236, +33.701 ,FR: +33.701, +30.236, +31.969, HL: 33.701, +28.504, +35.433, HR: +31.969, +28.504, +37.165 Max HR-Knee = +37.165 Min HL-HipY = +28.504 
[2025-06-11 17:12:46.510.266] [INFO  ] [Controller] [Joints] FL: +31.969, +30.236, +33.701 ,FR: +31.969, +30.236, +31.969, HL: 31.969, +28.504, +35.433, HR: +31.969, +28.504, +35.433 Max HL-Knee = +35.433 Min HL-HipY = +28.504 
[2025-06-11 17:12:47.135.675] [INFO  ] [Battery] SoC = 86%, Volt = +32.200V, Temp 28 
[2025-06-11 17:12:49.010.267] [INFO  ] [Controller] [Joints] FL: +31.969, +30.236, +31.969 ,FR: +31.969, +30.236, +31.969, HL: 31.969, +28.504, +35.433, HR: +31.969, +28.504, +35.433 Max HL-Knee = +35.433 Min HL-HipY = +28.504 
[2025-06-11 17:12:51.510.267] [INFO  ] [Controller] [Joints] FL: +31.969, +30.236, +31.969 ,FR: +31.969, +30.236, +31.969, HL: 31.969, +28.504, +35.433, HR: +31.969, +28.504, +35.433 Max HL-Knee = +35.433 Min HL-HipY = +28.504 
[2025-06-11 17:12:52.123.595] [INFO  ] [Battery] SoC = 86%, Volt = +32.200V, Temp 28 
[2025-06-11 17:12:54.010.269] [INFO  ] [Controller] [Joints] FL: +31.969, +30.236, +31.969 ,FR: +31.969, +30.236, +31.969, HL: 31.969, +28.504, +33.701, HR: +31.969, +28.504, +35.433 Max HR-Knee = +35.433 Min HL-HipY = +28.504 
[2025-06-11 17:12:56.510.269] [INFO  ] [Controller] [Joints] FL: +31.969, +30.236, +31.969 ,FR: +31.969, +30.236, +31.969, HL: 31.969, +28.504, +33.701, HR: +31.969, +28.504, +35.433 Max HR-Knee = +35.433 Min HL-HipY = +28.504 
[2025-06-11 17:12:57.111.512] [INFO  ] [Battery] SoC = 86%, Volt = +32.200V, Temp 28 
[2025-06-11 17:12:59.010.265] [INFO  ] [Controller] [Joints] FL: +31.969, +30.236, +31.969 ,FR: +31.969, +30.236, +31.969, HL: 31.969, +28.504, +33.701, HR: +31.969, +28.504, +33.701 Max HL-Knee = +33.701 Min HL-HipY = +28.504 
[2025-06-11 17:13:01.510.268] [INFO  ] [Controller] [Joints] FL: +31.969, +30.236, +31.969 ,FR: +31.969, +30.236, +30.236, HL: 31.969, +28.504, +33.701, HR: +31.969, +28.504, +33.701 Max HL-Knee = +33.701 Min HL-HipY = +28.504 
[2025-06-11 17:13:02.099.523] [INFO  ] [Battery] SoC = 86%, Volt = +32.200V, Temp 28 
[2025-06-11 17:13:04.010.269] [INFO  ] [Controller] [Joints] FL: +31.969, +30.236, +31.969 ,FR: +31.969, +30.236, +30.236, HL: 31.969, +28.504, +33.701, HR: +31.969, +28.504, +33.701 Max HL-Knee = +33.701 Min HL-HipY = +28.504 
[2025-06-11 17:13:06.510.265] [INFO  ] [Controller] [Joints] FL: +31.969, +28.504, +31.969 ,FR: +31.969, +30.236, +30.236, HL: 31.969, +28.504, +33.701, HR: +31.969, +28.504, +33.701 Max HL-Knee = +33.701 Min FL-HipY = +28.504 
[2025-06-11 17:23:19.919.175] [INFO  ] [Deeprcs] Robot ID: JY-S5-200 
[2025-06-11 17:23:19.919.232] [INFO  ] [Deeprcs] Robot Version: standard 
[2025-06-11 17:23:19.919.236] [INFO  ] [Deeprcs] DeepRCS is working 
[2025-06-11 17:23:19.919.247] [INFO  ] [Deeprcs] Deeprcs Version: 2.0.153(153) 
[2025-06-11 17:23:19.919.249] [INFO  ] [Deeprcs] DeepROS Version: 0.2.24(39) 
[2025-06-11 17:23:19.919.252] [INFO  ] [Deeprcs] DeepRAS Version: 4.1.7(166) 
[2025-06-11 17:23:20.190.401] [INFO  ] [RT-CAN] Hello, CAN Receive 
[2025-06-11 17:23:20.190.401] [INFO  ] [Motor] Hello, CAN Send 
[2025-06-11 17:23:20.190.638] [INFO  ] [CPU] Hello, CPU Monitor 
[2025-06-11 17:23:20.190.676] [INFO  ] [Battery] Hello, Battery BMS 
[2025-06-11 17:23:20.190.854] [INFO  ] [MpvVoice] Hello, MpvVoice 
[2025-06-11 17:23:20.190.883] [INFO  ] [UltrasonicSensor] Hello, Ultrasonic sensor 
[2025-06-11 17:23:20.190.943] [INFO  ] [Controller] Hello, MPC Controller 
[2025-06-11 17:23:20.194.340] [INFO  ] [RT-CAN] Set motor timeout threshold = 200 ms
 
[2025-06-11 17:23:21.190.962] [INFO  ] [Deeprcs] Algorithm is start 
[2025-06-11 17:23:21.195.344] [INFO  ] [Controller] !!!Origin_jumplong_left_bias = +0.000 
[2025-06-11 17:23:21.195.403] [INFO  ] [basicmethod] 
******** Enable Status ********
Flip: 1
BackFlip: 1
SideFlip: 1
Greeting: 1
Jump: 1
Dance: 1
TurnOver: 1
******** Enable Status ********
 
[2025-06-11 17:23:21.195.422] [INFO  ] [basicmethod] 
******** Motion Config Setting ********
Forward Vel Offset: 0.000000
Side Vel Offset: 0.000000
is_Default_LIDAR: 0.000000
Load Mass: 0.000000
Load X Offset: 0.000000
Load Y Offset: 0.000000
Load Z Offset: 60.000000
Robot Backflip Hip Kp: 70.000000
Robot Backflip Knee Kp: 70.000000
Robot Sideflip Abed Kp: 70.000000
Robot Sideflip Hip Kp: 70.000000
Robot Sideflip Knee Kp: 60.000000
backflip_fl_knee_kp: 40.000000
kp_carpet_comp: 1.000000
backflip_hl_hip_kp_comp: 1.000000
backflip_hr_hip_kp_comp: 1.000000
frontflip_Rev_comp: 0.000000
jumplong_Rev_comp: 0.000000
jumplong_left_bias: 0.700000
policy_forward_kd: 0.900000
policy_backward_kd: 1.200000
policy_stand_kd: 0.000000
******** Motion Config Setting ********
 
[2025-06-11 17:23:21.482.129] [INFO  ] [common policy] common policy CZ network check success 
[2025-06-11 17:23:21.482.229] [INFO  ] [common policy] 
name : common policy
path : ../policy/policy_waq_v7.11-5history-----.pt
dim  : 45, 5, 270, 12
dof  : 0.100000, -0.715000, 1.430000,
       -0.100000, -0.715000, 1.430000,
       0.100000, -0.715000, 1.430000,
       -0.100000, -0.715000, 1.430000,
kp   : 30.000000, 30.000000, 30.000000,
       30.000000, 30.000000, 30.000000,
       30.000000, 30.000000, 30.000000,
       30.000000, 30.000000, 30.000000,
kd   : 0.800000, 0.800000, 0.800000,
       0.800000, 0.800000, 0.800000,
       0.800000, 0.800000, 0.800000,
       0.800000, 0.800000, 0.800000,
limit: 20.000000, 20.000000, 30.000000,
       20.000000, 20.000000, 30.000000,
       20.000000, 20.000000, 30.000000,
       20.000000, 20.000000, 30.000000,
max_v: 1.200000, 0.800000, 1.500000,
scale: 0.250000, 0.250000, 0.050000,
       2.000000, 2.000000, 0.280000, 
[2025-06-11 17:23:21.537.562] [INFO  ] [forward student policy] net_path: ../config/policy/ 
[2025-06-11 17:23:21.537.647] [INFO  ] [forward student policy] stand_lpf: 0.770000 
[2025-06-11 17:23:21.537.685] [INFO  ] [forward student policy] forward_init_lpf: 0.790000 
[2025-06-11 17:23:21.537.697] [INFO  ] [forward student policy] forward_init_v: 0.600000 
[2025-06-11 17:23:21.537.718] [INFO  ] [forward student policy] forward_end_lpf: 0.766667 
[2025-06-11 17:23:21.537.738] [INFO  ] [forward student policy] forward_end_v: 2.500000 
[2025-06-11 17:23:21.537.754] [INFO  ] [forward student policy] jump_lpf: 0.766667 
[2025-06-11 17:23:21.537.765] [INFO  ] [forward student policy] flip_lpf: 0.766667 
[2025-06-11 17:23:21.537.773] [INFO  ] [forward student policy] uncertain: 0.000000 
[2025-06-11 17:23:21.537.784] [INFO  ] [forward student policy] v_acc: 0.075000 
[2025-06-11 17:23:21.537.796] [INFO  ] [forward student policy] w_acc: 0.200000 
[2025-06-11 17:23:21.537.812] [INFO  ] [forward student policy] stand_switch_time: 0.000000 
[2025-06-11 17:23:21.537.824] [INFO  ] [forward student policy] reflect_freq: 0.000000 
[2025-06-11 17:23:21.537.833] [INFO  ] [forward student policy] base_w_co: 0.800000 
[2025-06-11 17:23:21.537.861] [INFO  ] [forward student policy] max_y_range: 0.250000 
[2025-06-11 17:23:21.537.872] [INFO  ] [forward student policy] stand_max_y_range: 0.400000 
[2025-06-11 17:23:21.537.880] [INFO  ] [forward student policy] max_x_range: 0.150000 
[2025-06-11 17:23:21.537.887] [INFO  ] [forward student policy] target_power: 0.900000 
[2025-06-11 17:23:21.537.894] [INFO  ] [forward student policy] target_air_time: 0.900000 
[2025-06-11 17:23:21.537.903] [INFO  ] [forward student policy] forward_limit: 2.000000 
[2025-06-11 17:23:21.537.911] [INFO  ] [forward student policy] horizon_limit: 1.000000 
[2025-06-11 17:23:21.537.921] [INFO  ] [forward student policy] jump_max_v: 1.400000 
[2025-06-11 17:23:21.537.932] [INFO  ] [forward student policy] jump_max_w: 1.900000 
[2025-06-11 17:23:21.537.969] [INFO  ] [forward student policy] max_jump_time: 0.000000 
[2025-06-11 17:23:21.537.983] [INFO  ] [forward student policy] max_flip_time: 0.000000 
[2025-06-11 17:23:21.537.993] [INFO  ] [forward student policy] log_path: ../logs/ 
[2025-06-11 17:23:21.538.003] [INFO  ] [forward student policy] dataPath: ../config/data/ 
[2025-06-11 17:23:21.538.047] [INFO  ] [forward student policy] forward_joint_d_gain[0] = 0.600000  
[2025-06-11 17:23:21.538.049] [INFO  ] [forward student policy] forward_joint_d_gain[1] = 0.600000  
[2025-06-11 17:23:21.538.050] [INFO  ] [forward student policy] forward_joint_d_gain[2] = 0.600000  
[2025-06-11 17:23:21.538.072] [INFO  ] [forward student policy] maxVelCmd[0] = 3.400000 
[2025-06-11 17:23:21.538.078] [INFO  ] [forward student policy] maxVelCmd[1] = 1.600000 
[2025-06-11 17:23:21.538.081] [INFO  ] [forward student policy] maxVelCmd[2] = 4.500000 
[2025-06-11 17:23:21.538.095] [INFO  ] [forward student policy] height_range[0] = 0.280000 
[2025-06-11 17:23:21.538.099] [INFO  ] [forward student policy] height_range[1] = 0.360000 
[2025-06-11 17:23:21.609.671] [INFO  ] [forward student policy] forward student policy LSC network check success 
[2025-06-11 17:23:21.610.135] [INFO  ] [forward student policy] 
name : forward student policy
path : ../policy/forward_policy.pt
dim  : 45, 56, 2565, 12
dof  : 0.100000, -0.900000, 1.430000,
       -0.100000, -0.900000, 1.430000,
       0.100000, -0.900000, 1.430000,
       -0.100000, -0.900000, 1.430000,
kp   : 25.000000, 25.000000, 25.000000,
       25.000000, 25.000000, 25.000000,
       25.000000, 25.000000, 25.000000,
       25.000000, 25.000000, 25.000000,
kd   : 0.600000, 0.600000, 0.600000,
       0.600000, 0.600000, 0.600000,
       0.600000, 0.600000, 0.600000,
       0.600000, 0.600000, 0.600000,
limit: 50.000000, 50.000000, 50.000000,
       50.000000, 50.000000, 50.000000,
       50.000000, 50.000000, 50.000000,
       50.000000, 50.000000, 50.000000,
max_v: 2.500000, 2.500000, 2.000000,
scale: 0.250000, 0.250000, 0.000000,
       0.000000, 0.000000, 0.000000, 
[2025-06-11 17:23:21.650.354] [INFO  ] [jump student policy] net_path: ../config/policy/ 
[2025-06-11 17:23:21.650.408] [INFO  ] [jump student policy] stand_lpf: 0.770000 
[2025-06-11 17:23:21.650.431] [INFO  ] [jump student policy] forward_init_lpf: 0.790000 
[2025-06-11 17:23:21.650.439] [INFO  ] [jump student policy] forward_init_v: 0.600000 
[2025-06-11 17:23:21.650.448] [INFO  ] [jump student policy] forward_end_lpf: 0.766667 
[2025-06-11 17:23:21.650.456] [INFO  ] [jump student policy] forward_end_v: 2.500000 
[2025-06-11 17:23:21.650.466] [INFO  ] [jump student policy] jump_lpf: 0.766667 
[2025-06-11 17:23:21.650.474] [INFO  ] [jump student policy] flip_lpf: 0.766667 
[2025-06-11 17:23:21.650.480] [INFO  ] [jump student policy] uncertain: 0.000000 
[2025-06-11 17:23:21.650.487] [INFO  ] [jump student policy] v_acc: 0.075000 
[2025-06-11 17:23:21.650.492] [INFO  ] [jump student policy] w_acc: 0.200000 
[2025-06-11 17:23:21.650.502] [INFO  ] [jump student policy] stand_switch_time: 0.000000 
[2025-06-11 17:23:21.650.509] [INFO  ] [jump student policy] reflect_freq: 0.000000 
[2025-06-11 17:23:21.650.514] [INFO  ] [jump student policy] base_w_co: 0.800000 
[2025-06-11 17:23:21.650.537] [INFO  ] [jump student policy] max_y_range: 0.250000 
[2025-06-11 17:23:21.650.545] [INFO  ] [jump student policy] stand_max_y_range: 0.400000 
[2025-06-11 17:23:21.650.552] [INFO  ] [jump student policy] max_x_range: 0.150000 
[2025-06-11 17:23:21.650.557] [INFO  ] [jump student policy] target_power: 0.900000 
[2025-06-11 17:23:21.650.562] [INFO  ] [jump student policy] target_air_time: 0.900000 
[2025-06-11 17:23:21.650.574] [INFO  ] [jump student policy] forward_limit: 2.000000 
[2025-06-11 17:23:21.650.580] [INFO  ] [jump student policy] horizon_limit: 1.000000 
[2025-06-11 17:23:21.650.588] [INFO  ] [jump student policy] jump_max_v: 1.400000 
[2025-06-11 17:23:21.650.596] [INFO  ] [jump student policy] jump_max_w: 1.900000 
[2025-06-11 17:23:21.650.619] [INFO  ] [jump student policy] max_jump_time: 0.000000 
[2025-06-11 17:23:21.650.627] [INFO  ] [jump student policy] max_flip_time: 0.000000 
[2025-06-11 17:23:21.650.638] [INFO  ] [jump student policy] log_path: ../logs/ 
[2025-06-11 17:23:21.650.648] [INFO  ] [jump student policy] dataPath: ../config/data/ 
[2025-06-11 17:23:21.650.670] [INFO  ] [jump student policy] forward_joint_d_gain[0] = 0.600000  
[2025-06-11 17:23:21.650.672] [INFO  ] [jump student policy] forward_joint_d_gain[1] = 0.600000  
[2025-06-11 17:23:21.650.674] [INFO  ] [jump student policy] forward_joint_d_gain[2] = 0.600000  
[2025-06-11 17:23:21.650.691] [INFO  ] [jump student policy] maxVelCmd[0] = 3.400000 
[2025-06-11 17:23:21.650.693] [INFO  ] [jump student policy] maxVelCmd[1] = 1.600000 
[2025-06-11 17:23:21.650.695] [INFO  ] [jump student policy] maxVelCmd[2] = 4.500000 
[2025-06-11 17:23:21.650.711] [INFO  ] [jump student policy] height_range[0] = 0.280000 
[2025-06-11 17:23:21.650.719] [INFO  ] [jump student policy] height_range[1] = 0.360000 
[2025-06-11 17:23:21.679.451] [INFO  ] [jump student policy] jump student policy jump network check success 
[2025-06-11 17:23:21.679.872] [INFO  ] [jump student policy] 
name : jump student policy
path : ../policy/jump_policy.pt
dim  : 45, 56, 2565, 12
dof  : 0.100000, -0.900000, 1.430000,
       -0.100000, -0.900000, 1.430000,
       0.100000, -0.900000, 1.430000,
       -0.100000, -0.900000, 1.430000,
kp   : 25.000000, 25.000000, 25.000000,
       25.000000, 25.000000, 25.000000,
       25.000000, 25.000000, 25.000000,
       25.000000, 25.000000, 25.000000,
kd   : 0.600000, 0.600000, 0.600000,
       0.600000, 0.600000, 0.600000,
       0.600000, 0.600000, 0.600000,
       0.600000, 0.600000, 0.600000,
limit: 50.000000, 50.000000, 50.000000,
       50.000000, 50.000000, 50.000000,
       50.000000, 50.000000, 50.000000,
       50.000000, 50.000000, 50.000000,
max_v: 2.500000, 2.500000, 2.000000,
scale: 0.250000, 0.250000, -0.010229,
       -0.000801, 4.111067, 9.450610, 
[2025-06-11 17:23:21.721.557] [INFO  ] [flip student policy] net_path: ../config/policy/ 
[2025-06-11 17:23:21.721.607] [INFO  ] [flip student policy] stand_lpf: 0.770000 
[2025-06-11 17:23:21.721.639] [INFO  ] [flip student policy] forward_init_lpf: 0.790000 
[2025-06-11 17:23:21.721.647] [INFO  ] [flip student policy] forward_init_v: 0.600000 
[2025-06-11 17:23:21.721.656] [INFO  ] [flip student policy] forward_end_lpf: 0.766667 
[2025-06-11 17:23:21.721.665] [INFO  ] [flip student policy] forward_end_v: 2.500000 
[2025-06-11 17:23:21.721.675] [INFO  ] [flip student policy] jump_lpf: 0.766667 
[2025-06-11 17:23:21.721.684] [INFO  ] [flip student policy] flip_lpf: 0.766667 
[2025-06-11 17:23:21.721.689] [INFO  ] [flip student policy] uncertain: 0.000000 
[2025-06-11 17:23:21.721.696] [INFO  ] [flip student policy] v_acc: 0.075000 
[2025-06-11 17:23:21.721.701] [INFO  ] [flip student policy] w_acc: 0.200000 
[2025-06-11 17:23:21.721.721] [INFO  ] [flip student policy] stand_switch_time: 0.000000 
[2025-06-11 17:23:21.721.729] [INFO  ] [flip student policy] reflect_freq: 0.000000 
[2025-06-11 17:23:21.721.733] [INFO  ] [flip student policy] base_w_co: 0.800000 
[2025-06-11 17:23:21.721.757] [INFO  ] [flip student policy] max_y_range: 0.250000 
[2025-06-11 17:23:21.721.765] [INFO  ] [flip student policy] stand_max_y_range: 0.400000 
[2025-06-11 17:23:21.721.771] [INFO  ] [flip student policy] max_x_range: 0.150000 
[2025-06-11 17:23:21.721.776] [INFO  ] [flip student policy] target_power: 0.900000 
[2025-06-11 17:23:21.721.784] [INFO  ] [flip student policy] target_air_time: 0.900000 
[2025-06-11 17:23:21.721.791] [INFO  ] [flip student policy] forward_limit: 2.000000 
[2025-06-11 17:23:21.721.797] [INFO  ] [flip student policy] horizon_limit: 1.000000 
[2025-06-11 17:23:21.721.805] [INFO  ] [flip student policy] jump_max_v: 1.400000 
[2025-06-11 17:23:21.721.812] [INFO  ] [flip student policy] jump_max_w: 1.900000 
[2025-06-11 17:23:21.721.835] [INFO  ] [flip student policy] max_jump_time: 0.000000 
[2025-06-11 17:23:21.721.844] [INFO  ] [flip student policy] max_flip_time: 0.000000 
[2025-06-11 17:23:21.721.853] [INFO  ] [flip student policy] log_path: ../logs/ 
[2025-06-11 17:23:21.721.863] [INFO  ] [flip student policy] dataPath: ../config/data/ 
[2025-06-11 17:23:21.721.886] [INFO  ] [flip student policy] forward_joint_d_gain[0] = 0.600000  
[2025-06-11 17:23:21.721.888] [INFO  ] [flip student policy] forward_joint_d_gain[1] = 0.600000  
[2025-06-11 17:23:21.721.890] [INFO  ] [flip student policy] forward_joint_d_gain[2] = 0.600000  
[2025-06-11 17:23:21.721.908] [INFO  ] [flip student policy] maxVelCmd[0] = 3.400000 
[2025-06-11 17:23:21.721.910] [INFO  ] [flip student policy] maxVelCmd[1] = 1.600000 
[2025-06-11 17:23:21.721.912] [INFO  ] [flip student policy] maxVelCmd[2] = 4.500000 
[2025-06-11 17:23:21.721.921] [INFO  ] [flip student policy] height_range[0] = 0.280000 
[2025-06-11 17:23:21.721.922] [INFO  ] [flip student policy] height_range[1] = 0.360000 
[2025-06-11 17:23:21.751.261] [INFO  ] [flip student policy] flip student policy flip network check success 
[2025-06-11 17:23:21.751.696] [INFO  ] [flip student policy] 
name : flip student policy
path : ../policy/flip_policy.pt
dim  : 45, 56, 2565, 12
dof  : 0.100000, -0.900000, 1.430000,
       -0.100000, -0.900000, 1.430000,
       0.100000, -0.900000, 1.430000,
       -0.100000, -0.900000, 1.430000,
kp   : 25.000000, 25.000000, 25.000000,
       25.000000, 25.000000, 25.000000,
       25.000000, 25.000000, 25.000000,
       25.000000, 25.000000, 25.000000,
kd   : 0.600000, 0.600000, 0.600000,
       0.600000, 0.600000, 0.600000,
       0.600000, 0.600000, 0.600000,
       0.600000, 0.600000, 0.600000,
limit: 50.000000, 50.000000, 50.000000,
       50.000000, 50.000000, 50.000000,
       50.000000, 50.000000, 50.000000,
       50.000000, 50.000000, 50.000000,
max_v: 2.500000, 2.500000, 2.000000,
scale: 0.250000, 0.250000, -0.000874,
       0.000000, -0.000820, 0.000000, 
[2025-06-11 17:23:21.801.456] [INFO  ] [stand student policy] net_path: ../config/policy/ 
[2025-06-11 17:23:21.801.526] [INFO  ] [stand student policy] stand_lpf: 0.770000 
[2025-06-11 17:23:21.801.551] [INFO  ] [stand student policy] forward_init_lpf: 0.790000 
[2025-06-11 17:23:21.801.559] [INFO  ] [stand student policy] forward_init_v: 0.600000 
[2025-06-11 17:23:21.801.569] [INFO  ] [stand student policy] forward_end_lpf: 0.766667 
[2025-06-11 17:23:21.801.580] [INFO  ] [stand student policy] forward_end_v: 2.500000 
[2025-06-11 17:23:21.801.590] [INFO  ] [stand student policy] jump_lpf: 0.766667 
[2025-06-11 17:23:21.801.600] [INFO  ] [stand student policy] flip_lpf: 0.766667 
[2025-06-11 17:23:21.801.608] [INFO  ] [stand student policy] uncertain: 0.000000 
[2025-06-11 17:23:21.801.615] [INFO  ] [stand student policy] v_acc: 0.075000 
[2025-06-11 17:23:21.801.622] [INFO  ] [stand student policy] w_acc: 0.200000 
[2025-06-11 17:23:21.801.633] [INFO  ] [stand student policy] stand_switch_time: 0.000000 
[2025-06-11 17:23:21.801.641] [INFO  ] [stand student policy] reflect_freq: 0.000000 
[2025-06-11 17:23:21.801.648] [INFO  ] [stand student policy] base_w_co: 0.800000 
[2025-06-11 17:23:21.801.672] [INFO  ] [stand student policy] max_y_range: 0.250000 
[2025-06-11 17:23:21.801.680] [INFO  ] [stand student policy] stand_max_y_range: 0.400000 
[2025-06-11 17:23:21.801.687] [INFO  ] [stand student policy] max_x_range: 0.150000 
[2025-06-11 17:23:21.801.693] [INFO  ] [stand student policy] target_power: 0.900000 
[2025-06-11 17:23:21.801.698] [INFO  ] [stand student policy] target_air_time: 0.900000 
[2025-06-11 17:23:21.801.705] [INFO  ] [stand student policy] forward_limit: 2.000000 
[2025-06-11 17:23:21.801.711] [INFO  ] [stand student policy] horizon_limit: 1.000000 
[2025-06-11 17:23:21.801.729] [INFO  ] [stand student policy] jump_max_v: 1.400000 
[2025-06-11 17:23:21.801.743] [INFO  ] [stand student policy] jump_max_w: 1.900000 
[2025-06-11 17:23:21.801.768] [INFO  ] [stand student policy] max_jump_time: 0.000000 
[2025-06-11 17:23:21.801.776] [INFO  ] [stand student policy] max_flip_time: 0.000000 
[2025-06-11 17:23:21.801.787] [INFO  ] [stand student policy] log_path: ../logs/ 
[2025-06-11 17:23:21.801.802] [INFO  ] [stand student policy] dataPath: ../config/data/ 
[2025-06-11 17:23:21.801.827] [INFO  ] [stand student policy] forward_joint_d_gain[0] = 0.600000  
[2025-06-11 17:23:21.801.830] [INFO  ] [stand student policy] forward_joint_d_gain[1] = 0.600000  
[2025-06-11 17:23:21.801.833] [INFO  ] [stand student policy] forward_joint_d_gain[2] = 0.600000  
[2025-06-11 17:23:21.801.853] [INFO  ] [stand student policy] maxVelCmd[0] = 3.400000 
[2025-06-11 17:23:21.801.855] [INFO  ] [stand student policy] maxVelCmd[1] = 1.600000 
[2025-06-11 17:23:21.801.859] [INFO  ] [stand student policy] maxVelCmd[2] = 4.500000 
[2025-06-11 17:23:21.801.867] [INFO  ] [stand student policy] height_range[0] = 0.280000 
[2025-06-11 17:23:21.801.870] [INFO  ] [stand student policy] height_range[1] = 0.360000 
[2025-06-11 17:23:21.862.344] [INFO  ] [stand student policy] stand student policy LSC network check success 
[2025-06-11 17:23:21.862.830] [INFO  ] [stand student policy] 
name : stand student policy
path : ../policy/stand_policy.pt
dim  : 45, 56, 2565, 12
dof  : 0.100000, -0.900000, 1.430000,
       -0.100000, -0.900000, 1.430000,
       0.100000, -0.900000, 1.430000,
       -0.100000, -0.900000, 1.430000,
kp   : 25.000000, 25.000000, 25.000000,
       25.000000, 25.000000, 25.000000,
       25.000000, 25.000000, 25.000000,
       25.000000, 25.000000, 25.000000,
kd   : 0.600000, 0.600000, 0.600000,
       0.600000, 0.600000, 0.600000,
       0.600000, 0.600000, 0.600000,
       0.600000, 0.600000, 0.600000,
limit: 50.000000, 50.000000, 50.000000,
       50.000000, 50.000000, 50.000000,
       50.000000, 50.000000, 50.000000,
       50.000000, 50.000000, 50.000000,
max_v: 2.500000, 2.500000, 2.000000,
scale: 0.250000, 0.250000, -0.001511,
       0.000000, -0.001386, 0.000000, 
[2025-06-11 17:23:21.911.588] [INFO  ] [handstand policy] net_path: ../config/policy/ 
[2025-06-11 17:23:21.911.656] [INFO  ] [handstand policy] lpf_HStand: 0.800000 
[2025-06-11 17:23:21.911.723] [INFO  ] [handstand policy] uncertain: 0.000000 
[2025-06-11 17:23:21.911.731] [INFO  ] [handstand policy] v_acc: 0.100000 
[2025-06-11 17:23:21.911.764] [INFO  ] [handstand policy] bipedal_base_w_co: 1.000000 
[2025-06-11 17:23:21.911.779] [INFO  ] [handstand policy] max_y_range: 0.250000 
[2025-06-11 17:23:21.911.790] [INFO  ] [handstand policy] max_x_range: 0.150000 
[2025-06-11 17:23:21.911.797] [INFO  ] [handstand policy] target_power: 0.900000 
[2025-06-11 17:23:21.911.803] [INFO  ] [handstand policy] target_air_time: 0.900000 
[2025-06-11 17:23:21.911.814] [INFO  ] [handstand policy] forward_limit: 0.500000 
[2025-06-11 17:23:21.911.820] [INFO  ] [handstand policy] horizon_limit: 0.000000 
[2025-06-11 17:23:21.911.836] [INFO  ] [handstand policy] bipedal_max_v: 1.200000 
[2025-06-11 17:23:21.911.843] [INFO  ] [handstand policy] bipedal_max_w: 1.500000 
[2025-06-11 17:23:21.911.861] [INFO  ] [handstand policy] log_path: ../logs/ 
[2025-06-11 17:23:21.911.868] [INFO  ] [handstand policy] dataPath: ../config/data/ 
[2025-06-11 17:23:21.911.900] [INFO  ] [handstand policy] bipedal_joint_d_gain[0] = 0.800000  
[2025-06-11 17:23:21.911.902] [INFO  ] [handstand policy] bipedal_joint_d_gain[1] = 0.800000  
[2025-06-11 17:23:21.911.904] [INFO  ] [handstand policy] bipedal_joint_d_gain[2] = 0.800000  
[2025-06-11 17:23:21.911.912] [INFO  ] [handstand policy] maxVelCmd[0] = 1.500000 
[2025-06-11 17:23:21.911.916] [INFO  ] [handstand policy] maxVelCmd[1] = 0.100000 
[2025-06-11 17:23:21.911.918] [INFO  ] [handstand policy] maxVelCmd[2] = 0.500000 
[2025-06-11 17:23:21.911.932] [INFO  ] [handstand policy] bipedal_height_range[0] = 0.490000 
[2025-06-11 17:23:21.911.933] [INFO  ] [handstand policy] bipedal_height_range[1] = 0.491000 
[2025-06-11 17:23:21.941.046] [INFO  ] [handstand policy] handstand policy HStand network check success 
[2025-06-11 17:23:21.941.444] [INFO  ] [handstand policy] 
name : handstand policy
path : ../policy/bipedal_policy.pt
dim  : 45, 56, 2565, 12
dof  : 0.100000, -0.900000, 1.430000,
       -0.100000, -0.900000, 1.430000,
       0.100000, -0.900000, 1.430000,
       -0.100000, -0.900000, 1.430000,
kp   : 25.000000, 25.000000, 25.000000,
       25.000000, 25.000000, 25.000000,
       25.000000, 25.000000, 25.000000,
       25.000000, 25.000000, 25.000000,
kd   : 0.800000, 0.800000, 0.800000,
       0.800000, 0.800000, 0.800000,
       0.800000, 0.800000, 0.800000,
       0.800000, 0.800000, 0.800000,
limit: 50.000000, 50.000000, 50.000000,
       50.000000, 50.000000, 50.000000,
       50.000000, 50.000000, 50.000000,
       50.000000, 50.000000, 50.000000,
max_v: 2.500000, 2.500000, 2.000000,
scale: 0.250000, 0.250000, -0.001893,
       0.000000, -0.001733, 0.000000, 
[2025-06-11 17:23:21.979.819] [INFO  ] [handstandswing policy] net_path: ../config/policy/ 
[2025-06-11 17:23:21.979.887] [INFO  ] [handstandswing policy] lpf_HStand: 0.800000 
[2025-06-11 17:23:21.979.935] [INFO  ] [handstandswing policy] uncertain: 0.000000 
[2025-06-11 17:23:21.979.942] [INFO  ] [handstandswing policy] v_acc: 0.100000 
[2025-06-11 17:23:21.979.980] [INFO  ] [handstandswing policy] bipedal_base_w_co: 1.000000 
[2025-06-11 17:23:21.979.992] [INFO  ] [handstandswing policy] max_y_range: 0.250000 
[2025-06-11 17:23:21.980.011] [INFO  ] [handstandswing policy] max_x_range: 0.150000 
[2025-06-11 17:23:21.980.018] [INFO  ] [handstandswing policy] target_power: 0.900000 
[2025-06-11 17:23:21.980.028] [INFO  ] [handstandswing policy] target_air_time: 0.900000 
[2025-06-11 17:23:21.980.032] [INFO  ] [handstandswing policy] forward_limit: 0.500000 
[2025-06-11 17:23:21.980.037] [INFO  ] [handstandswing policy] horizon_limit: 0.000000 
[2025-06-11 17:23:21.980.054] [INFO  ] [handstandswing policy] bipedal_max_v: 1.200000 
[2025-06-11 17:23:21.980.060] [INFO  ] [handstandswing policy] bipedal_max_w: 1.500000 
[2025-06-11 17:23:21.980.082] [INFO  ] [handstandswing policy] log_path: ../logs/ 
[2025-06-11 17:23:21.980.094] [INFO  ] [handstandswing policy] dataPath: ../config/data/ 
[2025-06-11 17:23:21.980.126] [INFO  ] [handstandswing policy] bipedal_joint_d_gain[0] = 0.800000  
[2025-06-11 17:23:21.980.127] [INFO  ] [handstandswing policy] bipedal_joint_d_gain[1] = 0.800000  
[2025-06-11 17:23:21.980.129] [INFO  ] [handstandswing policy] bipedal_joint_d_gain[2] = 0.800000  
[2025-06-11 17:23:21.980.138] [INFO  ] [handstandswing policy] maxVelCmd[0] = 1.500000 
[2025-06-11 17:23:21.980.140] [INFO  ] [handstandswing policy] maxVelCmd[1] = 0.100000 
[2025-06-11 17:23:21.980.144] [INFO  ] [handstandswing policy] maxVelCmd[2] = 0.500000 
[2025-06-11 17:23:21.980.158] [INFO  ] [handstandswing policy] bipedal_height_range[0] = 0.490000 
[2025-06-11 17:23:21.980.161] [INFO  ] [handstandswing policy] bipedal_height_range[1] = 0.491000 
[2025-06-11 17:23:21.997.681] [INFO  ] [handstandswing policy] handstandswing policy HStandSwing network check success 
[2025-06-11 17:23:21.998.112] [INFO  ] [handstandswing policy] 
name : handstandswing policy
path : ../policy/bipedal_motor_p_command_policy.pt
dim  : 45, 56, 2565, 12
dof  : 0.100000, -0.900000, 1.430000,
       -0.100000, -0.900000, 1.430000,
       0.100000, -0.900000, 1.430000,
       -0.100000, -0.900000, 1.430000,
kp   : 25.000000, 25.000000, 25.000000,
       25.000000, 25.000000, 25.000000,
       25.000000, 25.000000, 25.000000,
       25.000000, 25.000000, 25.000000,
kd   : 0.800000, 0.800000, 0.800000,
       0.800000, 0.800000, 0.800000,
       0.800000, 0.800000, 0.800000,
       0.800000, 0.800000, 0.800000,
limit: 50.000000, 50.000000, 50.000000,
       50.000000, 50.000000, 50.000000,
       50.000000, 50.000000, 50.000000,
       50.000000, 50.000000, 50.000000,
max_v: 2.500000, 2.500000, 2.000000,
scale: 0.250000, 0.250000, -42.938179,
       -0.343325, -37.014256, -8.109403, 
[2025-06-11 17:23:21.998.150] [INFO  ] [NetworkController] policy map contains : 
[2025-06-11 17:23:21.998.154] [INFO  ] [NetworkController] 0 : common policy  
[2025-06-11 17:23:21.998.163] [INFO  ] [NetworkController] 1 : forward student policy  
[2025-06-11 17:23:21.998.166] [INFO  ] [NetworkController] 2 : jump student policy  
[2025-06-11 17:23:21.998.168] [INFO  ] [NetworkController] 3 : flip student policy  
[2025-06-11 17:23:21.998.171] [INFO  ] [NetworkController] 4 : stand student policy  
[2025-06-11 17:23:21.998.173] [INFO  ] [NetworkController] 5 : handstand policy  
[2025-06-11 17:23:21.998.177] [INFO  ] [NetworkController] 6 : handstandswing policy  
[2025-06-11 17:23:21.998.223] [ERROR ] [Controller] IMU data reading is timeout! 
[2025-06-11 17:23:21.998.336] [INFO  ] [BasicMotion] Switching to kWaitForStanding!!! 
[2025-06-11 17:23:21.998.792] [INFO  ] [DeferredRecorder] -------max_cycle = +0.000, count = 0 
[2025-06-11 17:23:21.998.807] [INFO  ] [DeferredRecorder] -------max_cycle = +0.000, count = 0 
[2025-06-11 17:23:21.998.848] [INFO  ] [DeferredRecorder] -------max_cycle = +0.000, count = 1 
[2025-06-11 17:23:21.999.331] [INFO  ] [DeferredRecorder] -------max_cycle = +0.000, count = 2 
[2025-06-11 17:23:22.000.327] [INFO  ] [DeferredRecorder] -------max_cycle = +0.000, count = 3 
[2025-06-11 17:23:22.001.325] [INFO  ] [DeferredRecorder] -------max_cycle = +0.000, count = 4 
[2025-06-11 17:23:22.048.488] [INFO  ] [Battery] SoC = 86%, Volt = +32.300V, Temp 28 
[2025-06-11 17:23:22.063.323] [NOTICE] [Controller] IMU data reading has resumed! 
[2025-06-11 17:23:24.196.339] [WARN  ] [CPU] Cpu temperature -1585096092 cpu  
[2025-06-11 17:23:24.496.352] [INFO  ] [Controller] [Joints] FL: +30.236, +28.504, +28.504 ,FR: +30.236, +28.504, +28.504, HL: 28.504, +26.772, +28.504, HR: +28.504, +26.772, +28.504 Max FL-HipX = +30.236 Min HL-HipY = +26.772 
[2025-06-11 17:23:26.996.352] [INFO  ] [Controller] [Joints] FL: +30.236, +28.504, +28.504 ,FR: +30.236, +28.504, +28.504, HL: 28.504, +26.772, +28.504, HR: +28.504, +26.772, +28.504 Max FL-HipX = +30.236 Min HL-HipY = +26.772 
[2025-06-11 17:23:27.037.050] [INFO  ] [Battery] SoC = 86%, Volt = +32.300V, Temp 28 
[2025-06-11 17:23:29.496.352] [INFO  ] [Controller] [Joints] FL: +30.236, +28.504, +28.504 ,FR: +30.236, +28.504, +28.504, HL: 28.504, +26.772, +28.504, HR: +28.504, +26.772, +28.504 Max FL-HipX = +30.236 Min HL-HipY = +26.772 
[2025-06-11 17:23:31.996.351] [INFO  ] [Controller] [Joints] FL: +30.236, +28.504, +28.504 ,FR: +30.236, +28.504, +28.504, HL: 28.504, +26.772, +28.504, HR: +28.504, +26.772, +28.504 Max FL-HipX = +30.236 Min HL-HipY = +26.772 
[2025-06-11 17:23:32.025.614] [INFO  ] [Battery] SoC = 86%, Volt = +32.300V, Temp 28 
[2025-06-11 17:23:34.496.351] [INFO  ] [Controller] [Joints] FL: +28.504, +28.504, +28.504 ,FR: +30.236, +28.504, +28.504, HL: 28.504, +26.772, +28.504, HR: +28.504, +26.772, +28.504 Max FR-HipX = +30.236 Min HL-HipY = +26.772 
[2025-06-11 17:23:36.996.354] [INFO  ] [Controller] [Joints] FL: +28.504, +28.504, +28.504 ,FR: +30.236, +28.504, +28.504, HL: 28.504, +26.772, +28.504, HR: +28.504, +26.772, +28.504 Max FR-HipX = +30.236 Min HL-HipY = +26.772 
[2025-06-11 17:23:37.014.145] [INFO  ] [Battery] SoC = 86%, Volt = +32.300V, Temp 28 
[2025-06-11 17:23:39.496.353] [INFO  ] [Controller] [Joints] FL: +28.504, +28.504, +28.504 ,FR: +30.236, +28.504, +28.504, HL: 28.504, +26.772, +28.504, HR: +28.504, +26.772, +28.504 Max FR-HipX = +30.236 Min HL-HipY = +26.772 
[2025-06-11 17:23:41.996.352] [INFO  ] [Controller] [Joints] FL: +30.236, +28.504, +28.504 ,FR: +30.236, +28.504, +28.504, HL: 28.504, +26.772, +28.504, HR: +28.504, +26.772, +28.504 Max FL-HipX = +30.236 Min HL-HipY = +26.772 
[2025-06-11 17:23:42.002.635] [INFO  ] [Battery] SoC = 86%, Volt = +32.300V, Temp 28 
[2025-06-11 17:23:44.496.349] [INFO  ] [Controller] [Joints] FL: +30.236, +28.504, +28.504 ,FR: +30.236, +28.504, +28.504, HL: 28.504, +26.772, +28.504, HR: +28.504, +26.772, +28.504 Max FL-HipX = +30.236 Min HL-HipY = +26.772 
[2025-06-11 17:23:46.990.955] [INFO  ] [Battery] SoC = 86%, Volt = +32.300V, Temp 28 
[2025-06-11 17:23:46.996.333] [INFO  ] [Controller] [Joints] FL: +30.236, +28.504, +28.504 ,FR: +30.236, +28.504, +28.504, HL: 28.504, +26.772, +28.504, HR: +28.504, +26.772, +28.504 Max FL-HipX = +30.236 Min HL-HipY = +26.772 
[2025-06-11 17:23:49.496.352] [INFO  ] [Controller] [Joints] FL: +30.236, +28.504, +28.504 ,FR: +30.236, +28.504, +28.504, HL: 28.504, +26.772, +28.504, HR: +28.504, +26.772, +28.504 Max FL-HipX = +30.236 Min HL-HipY = +26.772 
[2025-06-11 17:23:51.979.131] [INFO  ] [Battery] SoC = 86%, Volt = +32.300V, Temp 28 
[2025-06-11 17:23:51.996.333] [INFO  ] [Controller] [Joints] FL: +30.236, +28.504, +28.504 ,FR: +30.236, +28.504, +28.504, HL: 28.504, +26.772, +28.504, HR: +28.504, +26.772, +28.504 Max FL-HipX = +30.236 Min HL-HipY = +26.772 
[2025-06-11 17:23:54.496.354] [INFO  ] [Controller] [Joints] FL: +28.504, +28.504, +28.504 ,FR: +30.236, +28.504, +28.504, HL: 28.504, +26.772, +28.504, HR: +28.504, +26.772, +28.504 Max FR-HipX = +30.236 Min HL-HipY = +26.772 
[2025-06-11 17:23:56.967.304] [INFO  ] [Battery] SoC = 86%, Volt = +32.300V, Temp 28 
[2025-06-11 17:23:56.996.343] [INFO  ] [Controller] [Joints] FL: +30.236, +28.504, +28.504 ,FR: +30.236, +28.504, +28.504, HL: 28.504, +26.772, +28.504, HR: +28.504, +26.772, +28.504 Max FL-HipX = +30.236 Min HL-HipY = +26.772 
[2025-06-11 17:23:58.292.332] [INFO  ] [Controller] [AI Close] 
[2025-06-11 17:23:59.270.341] [INFO  ] [Controller] Switch to Joystick Mode!!! 
[2025-06-11 17:23:59.496.352] [INFO  ] [Controller] [Joints] FL: +30.236, +28.504, +28.504 ,FR: +30.236, +28.504, +28.504, HL: 28.504, +26.772, +28.504, HR: +28.504, +26.772, +28.504 Max FL-HipX = +30.236 Min HL-HipY = +26.772 
[2025-06-11 17:24:00.488.332] [INFO  ] [Controller] stand_cmd.... 
[2025-06-11 17:24:00.488.380] [INFO  ] [BasicMotion] Standing up, please wait... 
[2025-06-11 17:24:00.488.383] [INFO  ] [BasicMotion] Switching to zeroposition !!!!! 
[2025-06-11 17:24:01.955.512] [INFO  ] [Battery] SoC = 86%, Volt = +32.200V, Temp 28 
[2025-06-11 17:24:01.996.347] [INFO  ] [Controller] [Joints] FL: +30.236, +28.504, +28.504 ,FR: +30.236, +28.504, +28.504, HL: 28.504, +26.772, +28.504, HR: +28.504, +26.772, +28.504 Max FL-HipX = +30.236 Min HL-HipY = +26.772 
[2025-06-11 17:24:04.496.349] [INFO  ] [Controller] [Joints] FL: +30.236, +28.504, +28.504 ,FR: +30.236, +28.504, +28.504, HL: 28.504, +26.772, +28.504, HR: +28.504, +26.772, +28.504 Max FL-HipX = +30.236 Min HL-HipY = +26.772 
[2025-06-11 17:24:05.990.337] [INFO  ] [BasicMotion] Standing up, please wait... 
[2025-06-11 17:24:06.943.772] [INFO  ] [Battery] SoC = 85%, Volt = +32.100V, Temp 28 
[2025-06-11 17:24:06.997.347] [INFO  ] [Controller] [Joints] FL: +30.236, +28.504, +28.504 ,FR: +30.236, +28.504, +28.504, HL: 28.504, +28.504, +28.504, HR: +28.504, +28.504, +28.504 Max FL-HipX = +30.236 Min FL-HipY = +28.504 
[2025-06-11 17:24:07.991.343] [INFO  ] [BasicMotion] Stand up action has finished, waitting to switch to force control mode! 
[2025-06-11 17:24:07.991.388] [INFO  ] [BasicMotion] Switching to force control mode, please wait... 
[2025-06-11 17:24:08.792.384] [INFO  ] [TVMPC] JY is Moving... (tvmpc),  time: 47.601318 
[2025-06-11 17:24:09.497.343] [INFO  ] [Controller] [Joints] FL: +30.236, +28.504, +28.504 ,FR: +30.236, +30.236, +28.504, HL: 30.236, +28.504, +28.504, HR: +30.236, +28.504, +28.504 Max FL-HipX = +30.236 Min FL-HipY = +28.504 
[2025-06-11 17:24:11.932.037] [INFO  ] [Battery] SoC = 85%, Volt = +32.100V, Temp 28 
[2025-06-11 17:24:11.997.342] [INFO  ] [Controller] [Joints] FL: +30.236, +28.504, +28.504 ,FR: +30.236, +30.236, +28.504, HL: 30.236, +28.504, +28.504, HR: +30.236, +28.504, +28.504 Max FL-HipX = +30.236 Min FL-HipY = +28.504 
[2025-06-11 17:24:14.497.344] [INFO  ] [Controller] [Joints] FL: +30.236, +28.504, +28.504 ,FR: +30.236, +30.236, +28.504, HL: 30.236, +28.504, +30.236, HR: +30.236, +28.504, +30.236 Max FL-HipX = +30.236 Min FL-HipY = +28.504 
[2025-06-11 17:24:16.920.272] [INFO  ] [Battery] SoC = 85%, Volt = +32.000V, Temp 28 
[2025-06-11 17:24:16.997.343] [INFO  ] [Controller] [Joints] FL: +30.236, +28.504, +30.236 ,FR: +31.969, +30.236, +28.504, HL: 30.236, +28.504, +30.236, HR: +31.969, +28.504, +30.236 Max FR-HipX = +31.969 Min FL-HipY = +28.504 
[2025-06-11 17:24:19.497.352] [INFO  ] [Controller] [Joints] FL: +30.236, +28.504, +30.236 ,FR: +31.969, +30.236, +30.236, HL: 30.236, +28.504, +31.969, HR: +31.969, +28.504, +30.236 Max FR-HipX = +31.969 Min FL-HipY = +28.504 
[2025-06-11 17:24:21.908.585] [INFO  ] [Battery] SoC = 85%, Volt = +31.900V, Temp 28 
[2025-06-11 17:24:21.997.348] [INFO  ] [Controller] [Joints] FL: +31.969, +28.504, +30.236 ,FR: +31.969, +30.236, +30.236, HL: 30.236, +28.504, +31.969, HR: +31.969, +28.504, +31.969 Max FL-HipX = +31.969 Min FL-HipY = +28.504 
[2025-06-11 17:24:24.497.351] [INFO  ] [Controller] [Joints] FL: +31.969, +28.504, +30.236 ,FR: +31.969, +30.236, +30.236, HL: 30.236, +28.504, +31.969, HR: +31.969, +28.504, +31.969 Max FL-HipX = +31.969 Min FL-HipY = +28.504 
[2025-06-11 17:24:26.896.849] [INFO  ] [Battery] SoC = 85%, Volt = +32.000V, Temp 28 
[2025-06-11 17:24:26.997.350] [INFO  ] [Controller] [Joints] FL: +31.969, +30.236, +31.969 ,FR: +31.969, +30.236, +30.236, HL: 30.236, +28.504, +33.701, HR: +31.969, +28.504, +33.701 Max HL-Knee = +33.701 Min HL-HipY = +28.504 
[2025-06-11 17:24:27.242.745] [INFO  ] [TVMPC] [trot]STOP!!! 
[2025-06-11 17:24:27.243.328] [INFO  ] [BasicMotion] Switching to force control mode, please wait... 
[2025-06-11 17:24:28.245.358] [INFO  ] [TVMPC] JY is Moving... (tvmpc),  time: 67.054318 
[2025-06-11 17:24:29.497.344] [INFO  ] [Controller] [Joints] FL: +31.969, +30.236, +31.969 ,FR: +33.701, +30.236, +31.969, HL: 30.236, +28.504, +33.701, HR: +31.969, +28.504, +33.701 Max FR-HipX = +33.701 Min HL-HipY = +28.504 
[2025-06-11 17:24:31.884.905] [INFO  ] [Battery] SoC = 85%, Volt = +31.900V, Temp 28 
[2025-06-11 17:24:31.997.345] [INFO  ] [Controller] [Joints] FL: +31.969, +30.236, +31.969 ,FR: +33.701, +30.236, +31.969, HL: 31.969, +28.504, +35.433, HR: +33.701, +28.504, +35.433 Max HL-Knee = +35.433 Min HL-HipY = +28.504 
[2025-06-11 17:24:33.195.820] [INFO  ] [TVMPC] [trot]STOP!!! 
[2025-06-11 17:24:33.196.340] [INFO  ] [BasicMotion] Switching to force control mode, please wait... 
[2025-06-11 17:24:34.198.360] [INFO  ] [TVMPC] JY is Moving... (tvmpc),  time: 73.007318 
[2025-06-11 17:24:34.497.346] [INFO  ] [Controller] [Joints] FL: +33.701, +30.236, +31.969 ,FR: +33.701, +30.236, +31.969, HL: 31.969, +28.504, +35.433, HR: +33.701, +28.504, +35.433 Max HL-Knee = +35.433 Min HL-HipY = +28.504 
[2025-06-11 17:24:36.873.094] [INFO  ] [Battery] SoC = 85%, Volt = +32.000V, Temp 28 
[2025-06-11 17:24:36.997.347] [INFO  ] [Controller] [Joints] FL: +33.701, +30.236, +31.969 ,FR: +33.701, +30.236, +31.969, HL: 31.969, +28.504, +37.165, HR: +33.701, +28.504, +37.165 Max HL-Knee = +37.165 Min HL-HipY = +28.504 
[2025-06-11 17:24:37.348.745] [INFO  ] [TVMPC] [trot]STOP!!! 
[2025-06-11 17:24:37.349.329] [INFO  ] [BasicMotion] Switching to force control mode, please wait... 
[2025-06-11 17:24:39.497.350] [INFO  ] [Controller] [Joints] FL: +33.701, +30.236, +33.701 ,FR: +33.701, +30.236, +31.969, HL: 31.969, +28.504, +37.165, HR: +33.701, +28.504, +37.165 Max HL-Knee = +37.165 Min HL-HipY = +28.504 
[2025-06-11 17:24:41.861.091] [INFO  ] [Battery] SoC = 85%, Volt = +32.000V, Temp 28 
[2025-06-11 17:24:41.997.348] [INFO  ] [Controller] [Joints] FL: +33.701, +30.236, +33.701 ,FR: +33.701, +30.236, +31.969, HL: 31.969, +28.504, +37.165, HR: +33.701, +28.504, +37.165 Max HL-Knee = +37.165 Min HL-HipY = +28.504 
[2025-06-11 17:24:44.497.350] [INFO  ] [Controller] [Joints] FL: +33.701, +30.236, +33.701 ,FR: +33.701, +30.236, +31.969, HL: 31.969, +28.504, +37.165, HR: +33.701, +28.504, +37.165 Max HL-Knee = +37.165 Min HL-HipY = +28.504 
[2025-06-11 17:24:46.849.008] [INFO  ] [Battery] SoC = 85%, Volt = +32.000V, Temp 28 
[2025-06-11 17:24:46.997.351] [INFO  ] [Controller] [Joints] FL: +33.701, +30.236, +33.701 ,FR: +33.701, +30.236, +31.969, HL: 31.969, +28.504, +37.165, HR: +33.701, +28.504, +37.165 Max HL-Knee = +37.165 Min HL-HipY = +28.504 
[2025-06-11 17:24:49.497.349] [INFO  ] [Controller] [Joints] FL: +33.701, +30.236, +33.701 ,FR: +33.701, +30.236, +31.969, HL: 31.969, +28.504, +37.165, HR: +33.701, +28.504, +35.433 Max HL-Knee = +37.165 Min HL-HipY = +28.504 
[2025-06-11 17:24:50.233.360] [INFO  ] [TVMPC] JY is Moving... (tvmpc),  time: 89.042318 
[2025-06-11 17:24:51.836.901] [INFO  ] [Battery] SoC = 85%, Volt = +32.000V, Temp 28 
[2025-06-11 17:24:51.997.343] [INFO  ] [Controller] [Joints] FL: +33.701, +30.236, +33.701 ,FR: +33.701, +30.236, +31.969, HL: 31.969, +28.504, +37.165, HR: +33.701, +28.504, +35.433 Max HL-Knee = +37.165 Min HL-HipY = +28.504 
[2025-06-11 17:24:52.483.745] [INFO  ] [TVMPC] [trot]STOP!!! 
[2025-06-11 17:24:52.484.330] [INFO  ] [BasicMotion] Switching to force control mode, please wait... 
[2025-06-11 17:24:53.486.362] [INFO  ] [TVMPC] JY is Moving... (tvmpc),  time: 92.295320 
[2025-06-11 17:24:54.386.797] [INFO  ] [TVMPC] [trot]STOP!!! 
[2025-06-11 17:24:54.387.335] [INFO  ] [BasicMotion] Switching to force control mode, please wait... 
[2025-06-11 17:24:54.497.352] [INFO  ] [Controller] [Joints] FL: +33.701, +30.236, +33.701 ,FR: +33.701, +30.236, +31.969, HL: 31.969, +28.504, +37.165, HR: +33.701, +28.504, +35.433 Max HL-Knee = +37.165 Min HL-HipY = +28.504 
[2025-06-11 17:24:55.388.384] [INFO  ] [TVMPC] JY is Moving... (tvmpc),  time: 94.197328 
[2025-06-11 17:24:56.738.769] [INFO  ] [TVMPC] [trot]STOP!!! 
[2025-06-11 17:24:56.739.328] [INFO  ] [BasicMotion] Switching to force control mode, please wait... 
[2025-06-11 17:24:56.824.807] [INFO  ] [Battery] SoC = 85%, Volt = +32.000V, Temp 28 
[2025-06-11 17:24:56.997.351] [INFO  ] [Controller] [Joints] FL: +33.701, +30.236, +33.701 ,FR: +33.701, +30.236, +31.969, HL: 31.969, +28.504, +37.165, HR: +33.701, +28.504, +37.165 Max HL-Knee = +37.165 Min HL-HipY = +28.504 
[2025-06-11 17:24:57.741.358] [INFO  ] [TVMPC] JY is Moving... (tvmpc),  time: 96.550318 
[2025-06-11 17:24:59.497.345] [INFO  ] [Controller] [Joints] FL: +33.701, +30.236, +33.701 ,FR: +33.701, +30.236, +33.701, HL: 31.969, +28.504, +37.165, HR: +33.701, +28.504, +37.165 Max HL-Knee = +37.165 Min HL-HipY = +28.504 
[2025-06-11 17:24:59.991.748] [INFO  ] [TVMPC] [trot]STOP!!! 
[2025-06-11 17:24:59.992.329] [INFO  ] [BasicMotion] Switching to force control mode, please wait... 
[2025-06-11 17:25:01.812.650] [INFO  ] [Battery] SoC = 84%, Volt = +32.000V, Temp 28 
[2025-06-11 17:25:01.997.352] [INFO  ] [Controller] [Joints] FL: +33.701, +30.236, +33.701 ,FR: +33.701, +30.236, +33.701, HL: 31.969, +28.504, +37.165, HR: +33.701, +28.504, +37.165 Max HL-Knee = +37.165 Min HL-HipY = +28.504 
[2025-06-11 17:25:03.772.359] [INFO  ] [TVMPC] JY is Moving... (tvmpc),  time: 102.581318 
[2025-06-11 17:25:04.497.347] [INFO  ] [Controller] [Joints] FL: +33.701, +30.236, +33.701 ,FR: +33.701, +30.236, +33.701, HL: 31.969, +28.504, +37.165, HR: +33.701, +28.504, +37.165 Max HL-Knee = +37.165 Min HL-HipY = +28.504 
[2025-06-11 17:25:06.800.648] [INFO  ] [Battery] SoC = 84%, Volt = +31.900V, Temp 28 
[2025-06-11 17:25:06.997.347] [INFO  ] [Controller] [Joints] FL: +33.701, +30.236, +33.701 ,FR: +33.701, +30.236, +33.701, HL: 31.969, +28.504, +38.898, HR: +33.701, +28.504, +37.165 Max HL-Knee = +38.898 Min HL-HipY = +28.504 
[2025-06-11 17:25:07.372.744] [INFO  ] [TVMPC] [trot]STOP!!! 
[2025-06-11 17:25:07.373.329] [INFO  ] [BasicMotion] Switching to force control mode, please wait... 
[2025-06-11 17:25:08.394.361] [INFO  ] [TVMPC] JY is Moving... (tvmpc),  time: 107.203318 
[2025-06-11 17:25:09.497.345] [INFO  ] [Controller] [Joints] FL: +33.701, +30.236, +33.701 ,FR: +33.701, +30.236, +33.701, HL: 31.969, +28.504, +38.898, HR: +33.701, +28.504, +38.898 Max HL-Knee = +38.898 Min HL-HipY = +28.504 
[2025-06-11 17:25:11.788.604] [INFO  ] [Battery] SoC = 84%, Volt = +31.800V, Temp 28 
[2025-06-11 17:25:11.997.346] [INFO  ] [Controller] [Joints] FL: +33.701, +30.236, +33.701 ,FR: +33.701, +30.236, +33.701, HL: 31.969, +28.504, +38.898, HR: +33.701, +28.504, +38.898 Max HL-Knee = +38.898 Min HL-HipY = +28.504 
[2025-06-11 17:25:14.497.346] [INFO  ] [Controller] [Joints] FL: +33.701, +30.236, +33.701 ,FR: +33.701, +30.236, +33.701, HL: 31.969, +28.504, +38.898, HR: +33.701, +28.504, +38.898 Max HL-Knee = +38.898 Min HL-HipY = +28.504 
[2025-06-11 17:25:16.776.540] [INFO  ] [Battery] SoC = 84%, Volt = +31.800V, Temp 28 
[2025-06-11 17:25:16.997.345] [INFO  ] [Controller] [Joints] FL: +33.701, +30.236, +33.701 ,FR: +35.433, +30.236, +33.701, HL: 31.969, +28.504, +38.898, HR: +33.701, +28.504, +40.630 Max HR-Knee = +40.630 Min HL-HipY = +28.504 
[2025-06-11 17:25:19.497.346] [INFO  ] [Controller] [Joints] FL: +35.433, +30.236, +35.433 ,FR: +35.433, +30.236, +33.701, HL: 33.701, +28.504, +38.898, HR: +35.433, +28.504, +40.630 Max HR-Knee = +40.630 Min HL-HipY = +28.504 
[2025-06-11 17:25:20.094.749] [INFO  ] [TVMPC] [trot]STOP!!! 
[2025-06-11 17:25:20.095.330] [INFO  ] [BasicMotion] Switching to force control mode, please wait... 
[2025-06-11 17:25:21.764.562] [INFO  ] [Battery] SoC = 84%, Volt = +32.000V, Temp 28 
[2025-06-11 17:25:21.997.354] [INFO  ] [Controller] [Joints] FL: +35.433, +30.236, +35.433 ,FR: +35.433, +30.236, +33.701, HL: 33.701, +28.504, +40.630, HR: +35.433, +28.504, +40.630 Max HL-Knee = +40.630 Min HL-HipY = +28.504 
[2025-06-11 17:25:22.269.360] [INFO  ] [TVMPC] JY is Moving... (tvmpc),  time: 121.078318 
[2025-06-11 17:25:24.497.343] [INFO  ] [Controller] [Joints] FL: +35.433, +30.236, +35.433 ,FR: +35.433, +30.236, +33.701, HL: 33.701, +28.504, +40.630, HR: +35.433, +28.504, +40.630 Max HL-Knee = +40.630 Min HL-HipY = +28.504 
[2025-06-11 17:25:24.519.756] [INFO  ] [TVMPC] [trot]STOP!!! 
[2025-06-11 17:25:24.520.332] [INFO  ] [BasicMotion] Switching to force control mode, please wait... 
[2025-06-11 17:25:26.752.520] [INFO  ] [Battery] SoC = 84%, Volt = +31.900V, Temp 28 
[2025-06-11 17:25:26.997.352] [INFO  ] [Controller] [Joints] FL: +35.433, +30.236, +35.433 ,FR: +35.433, +30.236, +33.701, HL: 33.701, +28.504, +40.630, HR: +35.433, +28.504, +40.630 Max HL-Knee = +40.630 Min HL-HipY = +28.504 
[2025-06-11 17:25:29.497.353] [INFO  ] [Controller] [Joints] FL: +35.433, +30.236, +35.433 ,FR: +35.433, +30.236, +33.701, HL: 33.701, +28.504, +40.630, HR: +35.433, +28.504, +40.630 Max HL-Knee = +40.630 Min HL-HipY = +28.504 
[2025-06-11 17:25:31.740.614] [INFO  ] [Battery] SoC = 84%, Volt = +32.000V, Temp 28 
[2025-06-11 17:25:31.997.347] [INFO  ] [Controller] [Joints] FL: +35.433, +30.236, +35.433 ,FR: +35.433, +30.236, +33.701, HL: 33.701, +28.504, +40.630, HR: +35.433, +28.504, +40.630 Max HL-Knee = +40.630 Min HL-HipY = +28.504 
[2025-06-11 17:25:34.497.348] [INFO  ] [Controller] [Joints] FL: +35.433, +30.236, +35.433 ,FR: +35.433, +30.236, +33.701, HL: 33.701, +28.504, +38.898, HR: +35.433, +28.504, +40.630 Max HR-Knee = +40.630 Min HL-HipY = +28.504 
[2025-06-11 17:25:36.728.613] [INFO  ] [Battery] SoC = 84%, Volt = +32.000V, Temp 28 
[2025-06-11 17:25:36.997.351] [INFO  ] [Controller] [Joints] FL: +33.701, +30.236, +35.433 ,FR: +35.433, +30.236, +33.701, HL: 33.701, +28.504, +38.898, HR: +35.433, +28.504, +40.630 Max HR-Knee = +40.630 Min HL-HipY = +28.504 
[2025-06-11 17:25:39.497.351] [INFO  ] [Controller] [Joints] FL: +33.701, +30.236, +35.433 ,FR: +35.433, +30.236, +33.701, HL: 35.433, +28.504, +38.898, HR: +35.433, +28.504, +40.630 Max HR-Knee = +40.630 Min HL-HipY = +28.504 
[2025-06-11 17:25:41.716.744] [INFO  ] [Battery] SoC = 84%, Volt = +32.000V, Temp 28 
[2025-06-11 17:25:41.997.350] [INFO  ] [Controller] [Joints] FL: +33.701, +30.236, +33.701 ,FR: +35.433, +30.236, +33.701, HL: 35.433, +28.504, +38.898, HR: +33.701, +28.504, +42.362 Max HR-Knee = +42.362 Min HL-HipY = +28.504 
[2025-06-11 17:25:44.497.351] [INFO  ] [Controller] [Joints] FL: +33.701, +30.236, +33.701 ,FR: +35.433, +30.236, +33.701, HL: 35.433, +28.504, +38.898, HR: +33.701, +28.504, +42.362 Max HR-Knee = +42.362 Min HL-HipY = +28.504 
[2025-06-11 17:25:46.704.822] [INFO  ] [Battery] SoC = 84%, Volt = +31.900V, Temp 28 
[2025-06-11 17:25:46.997.352] [INFO  ] [Controller] [Joints] FL: +33.701, +30.236, +33.701 ,FR: +35.433, +30.236, +33.701, HL: 35.433, +28.504, +38.898, HR: +33.701, +28.504, +42.362 Max HR-Knee = +42.362 Min HL-HipY = +28.504 
[2025-06-11 17:25:49.497.351] [INFO  ] [Controller] [Joints] FL: +33.701, +30.236, +33.701 ,FR: +35.433, +30.236, +33.701, HL: 35.433, +28.504, +37.165, HR: +33.701, +28.504, +42.362 Max HR-Knee = +42.362 Min HL-HipY = +28.504 
[2025-06-11 17:25:51.692.861] [INFO  ] [Battery] SoC = 84%, Volt = +31.900V, Temp 28 
[2025-06-11 17:25:51.997.350] [INFO  ] [Controller] [Joints] FL: +33.701, +30.236, +33.701 ,FR: +35.433, +30.236, +33.701, HL: 35.433, +28.504, +37.165, HR: +33.701, +28.504, +42.362 Max HR-Knee = +42.362 Min HL-HipY = +28.504 
[2025-06-11 17:25:54.497.352] [INFO  ] [Controller] [Joints] FL: +33.701, +30.236, +33.701 ,FR: +35.433, +30.236, +33.701, HL: 35.433, +28.504, +37.165, HR: +33.701, +28.504, +42.362 Max HR-Knee = +42.362 Min HL-HipY = +28.504 
[2025-06-11 17:25:56.681.014] [INFO  ] [Battery] SoC = 84%, Volt = +31.900V, Temp 28 
[2025-06-11 17:25:56.997.347] [INFO  ] [Controller] [Joints] FL: +33.701, +30.236, +33.701 ,FR: +35.433, +30.236, +33.701, HL: 35.433, +28.504, +37.165, HR: +33.701, +28.504, +42.362 Max HR-Knee = +42.362 Min HL-HipY = +28.504 
[2025-06-11 17:25:59.497.352] [INFO  ] [Controller] [Joints] FL: +33.701, +30.236, +33.701 ,FR: +35.433, +30.236, +33.701, HL: 35.433, +28.504, +37.165, HR: +33.701, +28.504, +42.362 Max HR-Knee = +42.362 Min HL-HipY = +28.504 
[2025-06-11 17:26:01.669.147] [INFO  ] [Battery] SoC = 84%, Volt = +31.900V, Temp 28 
[2025-06-11 17:26:01.997.351] [INFO  ] [Controller] [Joints] FL: +33.701, +30.236, +33.701 ,FR: +35.433, +30.236, +33.701, HL: 35.433, +28.504, +37.165, HR: +33.701, +28.504, +42.362 Max HR-Knee = +42.362 Min HL-HipY = +28.504 
[2025-06-11 17:26:04.497.351] [INFO  ] [Controller] [Joints] FL: +33.701, +30.236, +33.701 ,FR: +35.433, +30.236, +33.701, HL: 35.433, +28.504, +37.165, HR: +33.701, +28.504, +42.362 Max HR-Knee = +42.362 Min HL-HipY = +28.504 
[2025-06-11 17:26:06.657.120] [INFO  ] [Battery] SoC = 84%, Volt = +31.900V, Temp 28 
[2025-06-11 17:26:06.997.349] [INFO  ] [Controller] [Joints] FL: +31.969, +30.236, +33.701 ,FR: +35.433, +30.236, +33.701, HL: 35.433, +28.504, +37.165, HR: +33.701, +28.504, +42.362 Max HR-Knee = +42.362 Min HL-HipY = +28.504 
[2025-06-11 17:26:08.324.478] [ERROR ] [RT-CAN] [Error] can1 0x82 send error count 1
 
[2025-06-11 17:26:08.324.509] [ERROR ] [RT-CAN] [Error] can2 0x82 send error count 1
 
[2025-06-11 17:26:09.497.352] [INFO  ] [Controller] [Joints] FL: +31.969, +30.236, +33.701 ,FR: +35.433, +30.236, +33.701, HL: 37.165, +28.504, +37.165, HR: +33.701, +28.504, +42.362 Max HR-Knee = +42.362 Min HL-HipY = +28.504 
[2025-06-11 17:26:11.645.205] [INFO  ] [Battery] SoC = 83%, Volt = +31.900V, Temp 28 
[2025-06-11 17:26:11.997.350] [INFO  ] [Controller] [Joints] FL: +31.969, +30.236, +33.701 ,FR: +35.433, +30.236, +33.701, HL: 37.165, +28.504, +37.165, HR: +33.701, +28.504, +42.362 Max HR-Knee = +42.362 Min HL-HipY = +28.504 
[2025-06-11 17:26:14.497.357] [INFO  ] [Controller] [Joints] FL: +31.969, +30.236, +33.701 ,FR: +35.433, +30.236, +33.701, HL: 37.165, +28.504, +37.165, HR: +33.701, +28.504, +42.362 Max HR-Knee = +42.362 Min HL-HipY = +28.504 
[2025-06-11 17:26:16.633.368] [INFO  ] [Battery] SoC = 83%, Volt = +31.900V, Temp 28 
[2025-06-11 17:26:16.997.352] [INFO  ] [Controller] [Joints] FL: +31.969, +30.236, +33.701 ,FR: +35.433, +30.236, +33.701, HL: 37.165, +28.504, +37.165, HR: +33.701, +28.504, +42.362 Max HR-Knee = +42.362 Min HL-HipY = +28.504 
[2025-06-11 17:26:19.497.352] [INFO  ] [Controller] [Joints] FL: +31.969, +30.236, +33.701 ,FR: +35.433, +30.236, +33.701, HL: 37.165, +28.504, +37.165, HR: +33.701, +28.504, +42.362 Max HR-Knee = +42.362 Min HL-HipY = +28.504 
[2025-06-11 17:26:21.621.488] [INFO  ] [Battery] SoC = 83%, Volt = +31.900V, Temp 28 
[2025-06-11 17:26:21.997.356] [INFO  ] [Controller] [Joints] FL: +31.969, +30.236, +33.701 ,FR: +35.433, +30.236, +33.701, HL: 37.165, +28.504, +37.165, HR: +33.701, +28.504, +42.362 Max HR-Knee = +42.362 Min HL-HipY = +28.504 
[2025-06-11 17:26:24.497.354] [INFO  ] [Controller] [Joints] FL: +31.969, +30.236, +33.701 ,FR: +35.433, +30.236, +33.701, HL: 37.165, +28.504, +37.165, HR: +33.701, +28.504, +42.362 Max HR-Knee = +42.362 Min HL-HipY = +28.504 
[2025-06-11 17:26:26.609.501] [INFO  ] [Battery] SoC = 83%, Volt = +31.900V, Temp 28 
[2025-06-11 17:26:26.997.352] [INFO  ] [Controller] [Joints] FL: +31.969, +30.236, +33.701 ,FR: +35.433, +30.236, +33.701, HL: 37.165, +28.504, +35.433, HR: +33.701, +28.504, +42.362 Max HR-Knee = +42.362 Min HL-HipY = +28.504 
[2025-06-11 17:26:29.497.351] [INFO  ] [Controller] [Joints] FL: +31.969, +30.236, +33.701 ,FR: +35.433, +30.236, +33.701, HL: 37.165, +28.504, +35.433, HR: +33.701, +28.504, +42.362 Max HR-Knee = +42.362 Min HL-HipY = +28.504 
[2025-06-11 17:26:31.597.477] [INFO  ] [Battery] SoC = 83%, Volt = +31.900V, Temp 28 
[2025-06-11 17:26:31.997.350] [INFO  ] [Controller] [Joints] FL: +31.969, +30.236, +33.701 ,FR: +35.433, +30.236, +33.701, HL: 37.165, +28.504, +35.433, HR: +33.701, +28.504, +42.362 Max HR-Knee = +42.362 Min HL-HipY = +28.504 
[2025-06-11 17:26:34.497.350] [INFO  ] [Controller] [Joints] FL: +31.969, +30.236, +33.701 ,FR: +35.433, +30.236, +33.701, HL: 37.165, +28.504, +35.433, HR: +33.701, +28.504, +44.094 Max HR-Knee = +44.094 Min HL-HipY = +28.504 
[2025-06-11 17:26:36.585.344] [INFO  ] [Battery] SoC = 83%, Volt = +31.900V, Temp 28 
[2025-06-11 17:26:36.997.346] [INFO  ] [Controller] [Joints] FL: +31.969, +30.236, +33.701 ,FR: +35.433, +30.236, +33.701, HL: 37.165, +28.504, +35.433, HR: +33.701, +28.504, +44.094 Max HR-Knee = +44.094 Min HL-HipY = +28.504 
[2025-06-11 17:26:39.497.351] [INFO  ] [Controller] [Joints] FL: +31.969, +30.236, +33.701 ,FR: +35.433, +30.236, +33.701, HL: 37.165, +28.504, +35.433, HR: +33.701, +28.504, +44.094 Max HR-Knee = +44.094 Min HL-HipY = +28.504 
[2025-06-11 17:26:41.573.206] [INFO  ] [Battery] SoC = 83%, Volt = +31.900V, Temp 28 
[2025-06-11 17:26:41.997.352] [INFO  ] [Controller] [Joints] FL: +31.969, +30.236, +33.701 ,FR: +35.433, +30.236, +33.701, HL: 37.165, +28.504, +35.433, HR: +33.701, +28.504, +44.094 Max HR-Knee = +44.094 Min HL-HipY = +28.504 
[2025-06-11 17:26:44.497.350] [INFO  ] [Controller] [Joints] FL: +31.969, +30.236, +33.701 ,FR: +35.433, +30.236, +33.701, HL: 37.165, +28.504, +35.433, HR: +33.701, +28.504, +44.094 Max HR-Knee = +44.094 Min HL-HipY = +28.504 
[2025-06-11 17:26:46.561.195] [INFO  ] [Battery] SoC = 83%, Volt = +31.900V, Temp 28 
[2025-06-11 17:26:46.997.351] [INFO  ] [Controller] [Joints] FL: +31.969, +30.236, +33.701 ,FR: +35.433, +30.236, +33.701, HL: 37.165, +28.504, +35.433, HR: +33.701, +28.504, +44.094 Max HR-Knee = +44.094 Min HL-HipY = +28.504 
[2025-06-11 17:26:49.497.351] [INFO  ] [Controller] [Joints] FL: +31.969, +30.236, +33.701 ,FR: +35.433, +30.236, +33.701, HL: 37.165, +28.504, +35.433, HR: +33.701, +28.504, +44.094 Max HR-Knee = +44.094 Min HL-HipY = +28.504 
[2025-06-11 17:26:51.549.142] [INFO  ] [Battery] SoC = 83%, Volt = +31.900V, Temp 28 
[2025-06-11 17:26:51.997.352] [INFO  ] [Controller] [Joints] FL: +31.969, +30.236, +33.701 ,FR: +35.433, +30.236, +33.701, HL: 37.165, +28.504, +35.433, HR: +33.701, +28.504, +44.094 Max HR-Knee = +44.094 Min HL-HipY = +28.504 
[2025-06-11 17:26:54.497.353] [INFO  ] [Controller] [Joints] FL: +31.969, +30.236, +33.701 ,FR: +35.433, +30.236, +33.701, HL: 37.165, +28.504, +35.433, HR: +33.701, +28.504, +44.094 Max HR-Knee = +44.094 Min HL-HipY = +28.504 
[2025-06-11 17:26:56.537.106] [INFO  ] [Battery] SoC = 83%, Volt = +31.900V, Temp 28 
[2025-06-11 17:26:56.997.353] [INFO  ] [Controller] [Joints] FL: +31.969, +30.236, +33.701 ,FR: +35.433, +30.236, +33.701, HL: 37.165, +28.504, +35.433, HR: +33.701, +28.504, +44.094 Max HR-Knee = +44.094 Min HL-HipY = +28.504 
[2025-06-11 17:26:59.497.353] [INFO  ] [Controller] [Joints] FL: +31.969, +30.236, +33.701 ,FR: +35.433, +30.236, +33.701, HL: 37.165, +28.504, +35.433, HR: +33.701, +28.504, +44.094 Max HR-Knee = +44.094 Min HL-HipY = +28.504 
[2025-06-11 17:27:01.524.901] [INFO  ] [Battery] SoC = 83%, Volt = +31.900V, Temp 28 
[2025-06-11 17:27:01.997.352] [INFO  ] [Controller] [Joints] FL: +31.969, +30.236, +33.701 ,FR: +35.433, +30.236, +33.701, HL: 37.165, +28.504, +35.433, HR: +33.701, +28.504, +44.094 Max HR-Knee = +44.094 Min HL-HipY = +28.504 
[2025-06-11 17:27:04.497.350] [INFO  ] [Controller] [Joints] FL: +31.969, +30.236, +33.701 ,FR: +35.433, +30.236, +33.701, HL: 37.165, +28.504, +37.165, HR: +33.701, +28.504, +44.094 Max HR-Knee = +44.094 Min HL-HipY = +28.504 
[2025-06-11 17:27:06.512.720] [INFO  ] [Battery] SoC = 83%, Volt = +31.900V, Temp 28 
[2025-06-11 17:27:06.997.354] [INFO  ] [Controller] [Joints] FL: +31.969, +30.236, +33.701 ,FR: +35.433, +30.236, +33.701, HL: 37.165, +30.236, +37.165, HR: +33.701, +28.504, +44.094 Max HR-Knee = +44.094 Min HR-HipY = +28.504 
[2025-06-11 17:27:09.497.351] [INFO  ] [Controller] [Joints] FL: +31.969, +30.236, +33.701 ,FR: +35.433, +30.236, +33.701, HL: 37.165, +30.236, +37.165, HR: +33.701, +28.504, +44.094 Max HR-Knee = +44.094 Min HR-HipY = +28.504 
[2025-06-11 17:27:11.500.513] [INFO  ] [Battery] SoC = 83%, Volt = +31.800V, Temp 28 
[2025-06-11 17:27:11.997.350] [INFO  ] [Controller] [Joints] FL: +31.969, +30.236, +33.701 ,FR: +35.433, +30.236, +33.701, HL: 37.165, +30.236, +37.165, HR: +33.701, +28.504, +44.094 Max HR-Knee = +44.094 Min HR-HipY = +28.504 
[2025-06-11 17:27:14.497.354] [INFO  ] [Controller] [Joints] FL: +31.969, +30.236, +33.701 ,FR: +35.433, +30.236, +33.701, HL: 37.165, +30.236, +37.165, HR: +33.701, +28.504, +44.094 Max HR-Knee = +44.094 Min HR-HipY = +28.504 
[2025-06-11 17:27:16.488.341] [INFO  ] [Battery] SoC = 83%, Volt = +31.800V, Temp 28 
[2025-06-11 17:27:16.997.352] [INFO  ] [Controller] [Joints] FL: +31.969, +30.236, +33.701 ,FR: +35.433, +30.236, +33.701, HL: 37.165, +30.236, +37.165, HR: +33.701, +28.504, +44.094 Max HR-Knee = +44.094 Min HR-HipY = +28.504 
[2025-06-11 17:27:19.497.353] [INFO  ] [Controller] [Joints] FL: +31.969, +30.236, +33.701 ,FR: +35.433, +30.236, +33.701, HL: 38.898, +30.236, +37.165, HR: +33.701, +28.504, +44.094 Max HR-Knee = +44.094 Min HR-HipY = +28.504 
[2025-06-11 17:27:21.476.143] [INFO  ] [Battery] SoC = 83%, Volt = +31.800V, Temp 28 
[2025-06-11 17:27:21.997.353] [INFO  ] [Controller] [Joints] FL: +31.969, +30.236, +33.701 ,FR: +35.433, +30.236, +33.701, HL: 38.898, +30.236, +37.165, HR: +33.701, +28.504, +44.094 Max HR-Knee = +44.094 Min HR-HipY = +28.504 
[2025-06-11 17:27:24.497.353] [INFO  ] [Controller] [Joints] FL: +31.969, +30.236, +33.701 ,FR: +35.433, +30.236, +33.701, HL: 38.898, +30.236, +37.165, HR: +33.701, +28.504, +44.094 Max HR-Knee = +44.094 Min HR-HipY = +28.504 
[2025-06-11 17:27:26.464.006] [INFO  ] [Battery] SoC = 83%, Volt = +31.800V, Temp 28 
[2025-06-11 17:27:26.997.352] [INFO  ] [Controller] [Joints] FL: +31.969, +30.236, +33.701 ,FR: +35.433, +30.236, +33.701, HL: 38.898, +30.236, +37.165, HR: +33.701, +28.504, +44.094 Max HR-Knee = +44.094 Min HR-HipY = +28.504 
[2025-06-11 17:27:29.497.351] [INFO  ] [Controller] [Joints] FL: +31.969, +30.236, +33.701 ,FR: +35.433, +30.236, +33.701, HL: 38.898, +30.236, +37.165, HR: +33.701, +28.504, +44.094 Max HR-Knee = +44.094 Min HR-HipY = +28.504 
[2025-06-11 17:27:31.451.850] [INFO  ] [Battery] SoC = 82%, Volt = +31.800V, Temp 28 
[2025-06-11 17:27:31.997.349] [INFO  ] [Controller] [Joints] FL: +31.969, +30.236, +33.701 ,FR: +35.433, +30.236, +33.701, HL: 38.898, +30.236, +37.165, HR: +35.433, +28.504, +44.094 Max HR-Knee = +44.094 Min HR-HipY = +28.504 
[2025-06-11 17:27:34.497.348] [INFO  ] [Controller] [Joints] FL: +31.969, +30.236, +33.701 ,FR: +35.433, +30.236, +33.701, HL: 38.898, +30.236, +37.165, HR: +35.433, +28.504, +44.094 Max HR-Knee = +44.094 Min HR-HipY = +28.504 
[2025-06-11 17:27:35.250.360] [INFO  ] [TVMPC] JY is Moving... (tvmpc),  time: 254.059318 
[2025-06-11 17:27:36.439.625] [INFO  ] [Battery] SoC = 82%, Volt = +31.700V, Temp 28 
[2025-06-11 17:27:36.997.349] [INFO  ] [Controller] [Joints] FL: +31.969, +30.236, +33.701 ,FR: +35.433, +30.236, +33.701, HL: 38.898, +30.236, +37.165, HR: +35.433, +28.504, +44.094 Max HR-Knee = +44.094 Min HR-HipY = +28.504 
[2025-06-11 17:27:37.500.751] [INFO  ] [TVMPC] [trot]STOP!!! 
[2025-06-11 17:27:37.501.328] [INFO  ] [BasicMotion] Switching to force control mode, please wait... 
[2025-06-11 17:27:38.503.375] [INFO  ] [TVMPC] JY is Moving... (tvmpc),  time: 257.312326 
[2025-06-11 17:27:39.497.344] [INFO  ] [Controller] [Joints] FL: +31.969, +30.236, +33.701 ,FR: +35.433, +30.236, +33.701, HL: 38.898, +30.236, +37.165, HR: +35.433, +28.504, +44.094 Max HR-Knee = +44.094 Min HR-HipY = +28.504 
[2025-06-11 17:27:41.427.418] [INFO  ] [Battery] SoC = 82%, Volt = +31.800V, Temp 28 
[2025-06-11 17:27:41.997.344] [INFO  ] [Controller] [Joints] FL: +33.701, +30.236, +35.433 ,FR: +35.433, +30.236, +33.701, HL: 38.898, +30.236, +37.165, HR: +35.433, +28.504, +44.094 Max HR-Knee = +44.094 Min HR-HipY = +28.504 
[2025-06-11 17:27:44.353.737] [INFO  ] [TVMPC] [trot]STOP!!! 
[2025-06-11 17:27:44.354.328] [INFO  ] [BasicMotion] Switching to force control mode, please wait... 
[2025-06-11 17:27:44.497.348] [INFO  ] [Controller] [Joints] FL: +33.701, +30.236, +35.433 ,FR: +35.433, +30.236, +35.433, HL: 38.898, +30.236, +38.898, HR: +35.433, +28.504, +44.094 Max HR-Knee = +44.094 Min HR-HipY = +28.504 
[2025-06-11 17:27:46.415.397] [INFO  ] [Battery] SoC = 82%, Volt = +31.800V, Temp 28 
[2025-06-11 17:27:46.997.352] [INFO  ] [Controller] [Joints] FL: +33.701, +30.236, +35.433 ,FR: +35.433, +30.236, +35.433, HL: 38.898, +30.236, +38.898, HR: +35.433, +28.504, +44.094 Max HR-Knee = +44.094 Min HR-HipY = +28.504 
[2025-06-11 17:27:49.497.350] [INFO  ] [Controller] [Joints] FL: +33.701, +30.236, +35.433 ,FR: +35.433, +30.236, +35.433, HL: 37.165, +30.236, +38.898, HR: +35.433, +28.504, +44.094 Max HR-Knee = +44.094 Min HR-HipY = +28.504 
[2025-06-11 17:27:50.331.359] [INFO  ] [TVMPC] JY is Moving... (tvmpc),  time: 269.140318 
[2025-06-11 17:27:51.403.238] [INFO  ] [Battery] SoC = 82%, Volt = +31.700V, Temp 28 
[2025-06-11 17:27:51.997.346] [INFO  ] [Controller] [Joints] FL: +33.701, +30.236, +35.433 ,FR: +35.433, +30.236, +35.433, HL: 37.165, +30.236, +38.898, HR: +35.433, +28.504, +44.094 Max HR-Knee = +44.094 Min HR-HipY = +28.504 
[2025-06-11 17:27:52.581.743] [INFO  ] [TVMPC] [trot]STOP!!! 
[2025-06-11 17:27:52.582.331] [INFO  ] [BasicMotion] Switching to force control mode, please wait... 
[2025-06-11 17:27:54.497.352] [INFO  ] [Controller] [Joints] FL: +33.701, +30.236, +35.433 ,FR: +35.433, +30.236, +35.433, HL: 37.165, +30.236, +38.898, HR: +35.433, +28.504, +44.094 Max HR-Knee = +44.094 Min HR-HipY = +28.504 
[2025-06-11 17:27:56.391.141] [INFO  ] [Battery] SoC = 82%, Volt = +31.800V, Temp 28 
[2025-06-11 17:27:56.997.351] [INFO  ] [Controller] [Joints] FL: +33.701, +30.236, +35.433 ,FR: +35.433, +30.236, +35.433, HL: 37.165, +30.236, +38.898, HR: +37.165, +28.504, +44.094 Max HR-Knee = +44.094 Min HR-HipY = +28.504 
[2025-06-11 17:27:59.497.349] [INFO  ] [Controller] [Joints] FL: +33.701, +30.236, +35.433 ,FR: +35.433, +30.236, +33.701, HL: 37.165, +30.236, +38.898, HR: +37.165, +28.504, +44.094 Max HR-Knee = +44.094 Min HR-HipY = +28.504 
[2025-06-11 17:28:01.378.945] [INFO  ] [Battery] SoC = 82%, Volt = +31.800V, Temp 28 
[2025-06-11 17:28:01.997.349] [INFO  ] [Controller] [Joints] FL: +33.701, +30.236, +35.433 ,FR: +35.433, +30.236, +33.701, HL: 37.165, +30.236, +38.898, HR: +37.165, +28.504, +45.827 Max HR-Knee = +45.827 Min HR-HipY = +28.504 
[2025-06-11 17:28:04.497.350] [INFO  ] [Controller] [Joints] FL: +33.701, +30.236, +35.433 ,FR: +35.433, +30.236, +33.701, HL: 37.165, +30.236, +38.898, HR: +37.165, +28.504, +45.827 Max HR-Knee = +45.827 Min HR-HipY = +28.504 
[2025-06-11 17:28:06.366.774] [INFO  ] [Battery] SoC = 82%, Volt = +31.800V, Temp 28 
[2025-06-11 17:28:06.997.350] [INFO  ] [Controller] [Joints] FL: +33.701, +30.236, +35.433 ,FR: +35.433, +30.236, +33.701, HL: 38.898, +30.236, +38.898, HR: +37.165, +28.504, +45.827 Max HR-Knee = +45.827 Min HR-HipY = +28.504 
[2025-06-11 17:28:09.497.349] [INFO  ] [Controller] [Joints] FL: +33.701, +30.236, +33.701 ,FR: +35.433, +30.236, +33.701, HL: 38.898, +30.236, +38.898, HR: +37.165, +28.504, +45.827 Max HR-Knee = +45.827 Min HR-HipY = +28.504 
[2025-06-11 17:28:11.354.645] [INFO  ] [Battery] SoC = 82%, Volt = +31.800V, Temp 28 
[2025-06-11 17:28:11.997.350] [INFO  ] [Controller] [Joints] FL: +33.701, +30.236, +33.701 ,FR: +35.433, +30.236, +33.701, HL: 38.898, +30.236, +38.898, HR: +37.165, +30.236, +45.827 Max HR-Knee = +45.827 Min FL-HipY = +30.236 
[2025-06-11 17:28:14.497.351] [INFO  ] [Controller] [Joints] FL: +33.701, +30.236, +33.701 ,FR: +35.433, +30.236, +33.701, HL: 38.898, +30.236, +38.898, HR: +37.165, +30.236, +45.827 Max HR-Knee = +45.827 Min FL-HipY = +30.236 
[2025-06-11 17:28:16.342.381] [INFO  ] [Battery] SoC = 82%, Volt = +31.700V, Temp 28 
[2025-06-11 17:28:16.997.349] [INFO  ] [Controller] [Joints] FL: +33.701, +30.236, +33.701 ,FR: +33.701, +30.236, +33.701, HL: 38.898, +30.236, +38.898, HR: +37.165, +30.236, +45.827 Max HR-Knee = +45.827 Min FL-HipY = +30.236 
[2025-06-11 17:28:19.497.351] [INFO  ] [Controller] [Joints] FL: +33.701, +30.236, +33.701 ,FR: +33.701, +30.236, +33.701, HL: 38.898, +30.236, +38.898, HR: +37.165, +30.236, +45.827 Max HR-Knee = +45.827 Min FL-HipY = +30.236 
[2025-06-11 17:28:21.330.092] [INFO  ] [Battery] SoC = 82%, Volt = +31.700V, Temp 28 
[2025-06-11 17:28:21.997.349] [INFO  ] [Controller] [Joints] FL: +33.701, +30.236, +33.701 ,FR: +33.701, +30.236, +33.701, HL: 38.898, +30.236, +38.898, HR: +37.165, +30.236, +45.827 Max HR-Knee = +45.827 Min FL-HipY = +30.236 
[2025-06-11 17:28:24.497.350] [INFO  ] [Controller] [Joints] FL: +33.701, +30.236, +33.701 ,FR: +33.701, +30.236, +33.701, HL: 38.898, +30.236, +38.898, HR: +37.165, +30.236, +45.827 Max HR-Knee = +45.827 Min FL-HipY = +30.236 
[2025-06-11 17:28:26.317.768] [INFO  ] [Battery] SoC = 82%, Volt = +31.700V, Temp 28 
[2025-06-11 17:28:26.997.350] [INFO  ] [Controller] [Joints] FL: +33.701, +30.236, +33.701 ,FR: +33.701, +30.236, +33.701, HL: 38.898, +30.236, +38.898, HR: +37.165, +30.236, +45.827 Max HR-Knee = +45.827 Min FL-HipY = +30.236 
[2025-06-11 17:28:29.497.350] [INFO  ] [Controller] [Joints] FL: +33.701, +30.236, +33.701 ,FR: +33.701, +30.236, +33.701, HL: 38.898, +30.236, +38.898, HR: +37.165, +30.236, +45.827 Max HR-Knee = +45.827 Min FL-HipY = +30.236 
[2025-06-11 17:28:31.305.469] [INFO  ] [Battery] SoC = 82%, Volt = +31.700V, Temp 28 
[2025-06-11 17:28:31.997.346] [INFO  ] [Controller] [Joints] FL: +33.701, +30.236, +33.701 ,FR: +33.701, +30.236, +33.701, HL: 38.898, +30.236, +38.898, HR: +37.165, +30.236, +45.827 Max HR-Knee = +45.827 Min FL-HipY = +30.236 
[2025-06-11 17:28:34.497.352] [INFO  ] [Controller] [Joints] FL: +33.701, +30.236, +33.701 ,FR: +33.701, +30.236, +33.701, HL: 38.898, +30.236, +38.898, HR: +37.165, +30.236, +45.827 Max HR-Knee = +45.827 Min FL-HipY = +30.236 
[2025-06-11 17:28:36.293.211] [INFO  ] [Battery] SoC = 82%, Volt = +31.700V, Temp 28 
[2025-06-11 17:28:36.997.350] [INFO  ] [Controller] [Joints] FL: +33.701, +30.236, +33.701 ,FR: +33.701, +30.236, +33.701, HL: 38.898, +30.236, +38.898, HR: +37.165, +30.236, +47.559 Max HR-Knee = +47.559 Min FL-HipY = +30.236 
[2025-06-11 17:28:39.497.349] [INFO  ] [Controller] [Joints] FL: +33.701, +30.236, +33.701 ,FR: +33.701, +30.236, +33.701, HL: 38.898, +30.236, +38.898, HR: +37.165, +30.236, +47.559 Max HR-Knee = +47.559 Min FL-HipY = +30.236 
[2025-06-11 17:28:41.281.024] [INFO  ] [Battery] SoC = 81%, Volt = +31.700V, Temp 28 
[2025-06-11 17:28:41.997.351] [INFO  ] [Controller] [Joints] FL: +33.701, +30.236, +33.701 ,FR: +33.701, +30.236, +33.701, HL: 38.898, +30.236, +38.898, HR: +37.165, +30.236, +47.559 Max HR-Knee = +47.559 Min FL-HipY = +30.236 
[2025-06-11 17:28:44.497.352] [INFO  ] [Controller] [Joints] FL: +33.701, +30.236, +33.701 ,FR: +33.701, +30.236, +33.701, HL: 38.898, +30.236, +38.898, HR: +37.165, +30.236, +47.559 Max HR-Knee = +47.559 Min FL-HipY = +30.236 
[2025-06-11 17:28:46.268.883] [INFO  ] [Battery] SoC = 81%, Volt = +31.700V, Temp 28 
[2025-06-11 17:28:46.997.354] [INFO  ] [Controller] [Joints] FL: +33.701, +30.236, +33.701 ,FR: +33.701, +30.236, +33.701, HL: 38.898, +30.236, +38.898, HR: +37.165, +30.236, +47.559 Max HR-Knee = +47.559 Min FL-HipY = +30.236 
[2025-06-11 17:28:49.497.353] [INFO  ] [Controller] [Joints] FL: +33.701, +30.236, +33.701 ,FR: +33.701, +30.236, +33.701, HL: 38.898, +30.236, +38.898, HR: +37.165, +30.236, +47.559 Max HR-Knee = +47.559 Min FL-HipY = +30.236 
[2025-06-11 17:28:51.256.743] [INFO  ] [Battery] SoC = 81%, Volt = +31.700V, Temp 28 
[2025-06-11 17:28:51.997.352] [INFO  ] [Controller] [Joints] FL: +33.701, +30.236, +33.701 ,FR: +33.701, +30.236, +33.701, HL: 38.898, +30.236, +38.898, HR: +37.165, +30.236, +47.559 Max HR-Knee = +47.559 Min FL-HipY = +30.236 
[2025-06-11 17:28:54.497.352] [INFO  ] [Controller] [Joints] FL: +33.701, +30.236, +33.701 ,FR: +33.701, +30.236, +33.701, HL: 38.898, +30.236, +38.898, HR: +37.165, +30.236, +47.559 Max HR-Knee = +47.559 Min FL-HipY = +30.236 
[2025-06-11 17:28:56.244.299] [INFO  ] [Battery] SoC = 81%, Volt = +31.700V, Temp 28 
[2025-06-11 17:28:56.997.351] [INFO  ] [Controller] [Joints] FL: +33.701, +30.236, +33.701 ,FR: +33.701, +30.236, +33.701, HL: 38.898, +30.236, +38.898, HR: +37.165, +30.236, +47.559 Max HR-Knee = +47.559 Min FL-HipY = +30.236 
[2025-06-11 17:28:59.497.351] [INFO  ] [Controller] [Joints] FL: +33.701, +30.236, +33.701 ,FR: +33.701, +30.236, +33.701, HL: 38.898, +30.236, +38.898, HR: +37.165, +30.236, +47.559 Max HR-Knee = +47.559 Min FL-HipY = +30.236 
[2025-06-11 17:29:01.231.962] [INFO  ] [Battery] SoC = 81%, Volt = +31.700V, Temp 28 
[2025-06-11 17:29:01.997.351] [INFO  ] [Controller] [Joints] FL: +33.701, +30.236, +33.701 ,FR: +33.701, +30.236, +33.701, HL: 38.898, +30.236, +38.898, HR: +37.165, +30.236, +47.559 Max HR-Knee = +47.559 Min FL-HipY = +30.236 
[2025-06-11 17:29:04.497.349] [INFO  ] [Controller] [Joints] FL: +33.701, +30.236, +33.701 ,FR: +33.701, +30.236, +33.701, HL: 38.898, +30.236, +38.898, HR: +37.165, +30.236, +47.559 Max HR-Knee = +47.559 Min FL-HipY = +30.236 
[2025-06-11 17:29:06.219.589] [INFO  ] [Battery] SoC = 81%, Volt = +31.700V, Temp 28 
[2025-06-11 17:29:06.997.352] [INFO  ] [Controller] [Joints] FL: +33.701, +30.236, +33.701 ,FR: +33.701, +30.236, +33.701, HL: 38.898, +30.236, +38.898, HR: +37.165, +30.236, +47.559 Max HR-Knee = +47.559 Min FL-HipY = +30.236 
[2025-06-11 17:29:09.497.351] [INFO  ] [Controller] [Joints] FL: +33.701, +30.236, +33.701 ,FR: +33.701, +30.236, +33.701, HL: 38.898, +30.236, +38.898, HR: +37.165, +30.236, +47.559 Max HR-Knee = +47.559 Min FL-HipY = +30.236 
[2025-06-11 17:29:11.207.269] [INFO  ] [Battery] SoC = 81%, Volt = +31.700V, Temp 28 
[2025-06-11 17:29:11.997.353] [INFO  ] [Controller] [Joints] FL: +33.701, +30.236, +33.701 ,FR: +33.701, +30.236, +33.701, HL: 38.898, +30.236, +38.898, HR: +37.165, +30.236, +47.559 Max HR-Knee = +47.559 Min FL-HipY = +30.236 
[2025-06-11 17:29:14.497.351] [INFO  ] [Controller] [Joints] FL: +33.701, +30.236, +33.701 ,FR: +33.701, +30.236, +33.701, HL: 38.898, +30.236, +38.898, HR: +37.165, +30.236, +47.559 Max HR-Knee = +47.559 Min FL-HipY = +30.236 
[2025-06-11 17:29:16.195.049] [INFO  ] [Battery] SoC = 81%, Volt = +31.700V, Temp 28 
[2025-06-11 17:29:16.997.351] [INFO  ] [Controller] [Joints] FL: +33.701, +30.236, +33.701 ,FR: +33.701, +30.236, +33.701, HL: 38.898, +30.236, +38.898, HR: +37.165, +30.236, +47.559 Max HR-Knee = +47.559 Min FL-HipY = +30.236 
[2025-06-11 17:29:19.497.353] [INFO  ] [Controller] [Joints] FL: +33.701, +30.236, +33.701 ,FR: +33.701, +30.236, +33.701, HL: 40.630, +30.236, +38.898, HR: +37.165, +30.236, +47.559 Max HR-Knee = +47.559 Min FL-HipY = +30.236 
[2025-06-11 17:29:21.182.935] [INFO  ] [Battery] SoC = 81%, Volt = +31.700V, Temp 28 
[2025-06-11 17:29:21.997.350] [INFO  ] [Controller] [Joints] FL: +33.701, +30.236, +33.701 ,FR: +33.701, +30.236, +33.701, HL: 40.630, +30.236, +38.898, HR: +37.165, +30.236, +47.559 Max HR-Knee = +47.559 Min FL-HipY = +30.236 
[2025-06-11 17:29:24.497.350] [INFO  ] [Controller] [Joints] FL: +33.701, +30.236, +33.701 ,FR: +33.701, +30.236, +33.701, HL: 40.630, +30.236, +38.898, HR: +37.165, +30.236, +47.559 Max HR-Knee = +47.559 Min FL-HipY = +30.236 
[2025-06-11 17:29:26.170.797] [INFO  ] [Battery] SoC = 81%, Volt = +31.700V, Temp 28 
[2025-06-11 17:29:26.997.348] [INFO  ] [Controller] [Joints] FL: +33.701, +30.236, +33.701 ,FR: +33.701, +30.236, +33.701, HL: 40.630, +30.236, +38.898, HR: +37.165, +30.236, +47.559 Max HR-Knee = +47.559 Min FL-HipY = +30.236 
[2025-06-11 17:29:29.497.349] [INFO  ] [Controller] [Joints] FL: +33.701, +30.236, +33.701 ,FR: +33.701, +30.236, +33.701, HL: 40.630, +30.236, +38.898, HR: +37.165, +30.236, +47.559 Max HR-Knee = +47.559 Min FL-HipY = +30.236 
[2025-06-11 17:29:31.158.652] [INFO  ] [Battery] SoC = 81%, Volt = +31.700V, Temp 28 
[2025-06-11 17:29:31.997.350] [INFO  ] [Controller] [Joints] FL: +33.701, +30.236, +33.701 ,FR: +33.701, +30.236, +33.701, HL: 40.630, +30.236, +38.898, HR: +37.165, +30.236, +47.559 Max HR-Knee = +47.559 Min FL-HipY = +30.236 
[2025-06-11 17:29:34.497.350] [INFO  ] [Controller] [Joints] FL: +33.701, +30.236, +33.701 ,FR: +33.701, +30.236, +33.701, HL: 40.630, +30.236, +38.898, HR: +37.165, +30.236, +47.559 Max HR-Knee = +47.559 Min FL-HipY = +30.236 
[2025-06-11 17:29:36.146.464] [INFO  ] [Battery] SoC = 81%, Volt = +31.600V, Temp 28 
[2025-06-11 17:29:36.997.350] [INFO  ] [Controller] [Joints] FL: +33.701, +30.236, +33.701 ,FR: +33.701, +30.236, +33.701, HL: 40.630, +30.236, +38.898, HR: +37.165, +30.236, +47.559 Max HR-Knee = +47.559 Min FL-HipY = +30.236 
[2025-06-11 17:29:39.497.347] [INFO  ] [Controller] [Joints] FL: +33.701, +30.236, +33.701 ,FR: +33.701, +30.236, +33.701, HL: 40.630, +30.236, +38.898, HR: +38.898, +30.236, +47.559 Max HR-Knee = +47.559 Min FL-HipY = +30.236 
[2025-06-11 17:29:41.134.406] [INFO  ] [Battery] SoC = 81%, Volt = +31.600V, Temp 28 
[2025-06-11 17:29:41.997.351] [INFO  ] [Controller] [Joints] FL: +33.701, +30.236, +33.701 ,FR: +33.701, +30.236, +33.701, HL: 40.630, +30.236, +38.898, HR: +38.898, +30.236, +47.559 Max HR-Knee = +47.559 Min FL-HipY = +30.236 
[2025-06-11 17:29:44.497.350] [INFO  ] [Controller] [Joints] FL: +33.701, +30.236, +33.701 ,FR: +33.701, +30.236, +33.701, HL: 40.630, +30.236, +38.898, HR: +38.898, +30.236, +47.559 Max HR-Knee = +47.559 Min FL-HipY = +30.236 
[2025-06-11 17:29:46.122.350] [INFO  ] [Battery] SoC = 81%, Volt = +31.600V, Temp 28 
[2025-06-11 17:29:46.997.350] [INFO  ] [Controller] [Joints] FL: +33.701, +30.236, +33.701 ,FR: +33.701, +30.236, +33.701, HL: 40.630, +30.236, +38.898, HR: +38.898, +30.236, +47.559 Max HR-Knee = +47.559 Min FL-HipY = +30.236 
[2025-06-11 17:29:49.497.350] [INFO  ] [Controller] [Joints] FL: +33.701, +30.236, +33.701 ,FR: +33.701, +30.236, +33.701, HL: 40.630, +30.236, +38.898, HR: +38.898, +30.236, +47.559 Max HR-Knee = +47.559 Min FL-HipY = +30.236 
[2025-06-11 17:29:51.110.219] [INFO  ] [Battery] SoC = 81%, Volt = +31.600V, Temp 28 
[2025-06-11 17:29:51.997.349] [INFO  ] [Controller] [Joints] FL: +33.701, +30.236, +33.701 ,FR: +33.701, +30.236, +33.701, HL: 40.630, +30.236, +38.898, HR: +38.898, +30.236, +47.559 Max HR-Knee = +47.559 Min FL-HipY = +30.236 
[2025-06-11 17:29:54.497.350] [INFO  ] [Controller] [Joints] FL: +33.701, +30.236, +33.701 ,FR: +33.701, +30.236, +33.701, HL: 40.630, +30.236, +38.898, HR: +38.898, +30.236, +47.559 Max HR-Knee = +47.559 Min FL-HipY = +30.236 
[2025-06-11 17:29:56.098.128] [INFO  ] [Battery] SoC = 80%, Volt = +31.600V, Temp 28 
[2025-06-11 17:29:56.997.349] [INFO  ] [Controller] [Joints] FL: +33.701, +30.236, +33.701 ,FR: +33.701, +30.236, +33.701, HL: 40.630, +30.236, +38.898, HR: +38.898, +30.236, +47.559 Max HR-Knee = +47.559 Min FL-HipY = +30.236 
[2025-06-11 17:29:59.497.383] [INFO  ] [Controller] [Joints] FL: +33.701, +30.236, +33.701 ,FR: +33.701, +30.236, +33.701, HL: 40.630, +30.236, +38.898, HR: +38.898, +30.236, +47.559 Max HR-Knee = +47.559 Min FL-HipY = +30.236 
[2025-06-11 17:30:01.085.899] [INFO  ] [Battery] SoC = 80%, Volt = +31.600V, Temp 28 
[2025-06-11 17:30:01.997.347] [INFO  ] [Controller] [Joints] FL: +33.701, +30.236, +33.701 ,FR: +33.701, +30.236, +33.701, HL: 40.630, +30.236, +38.898, HR: +38.898, +30.236, +47.559 Max HR-Knee = +47.559 Min FL-HipY = +30.236 
[2025-06-11 17:30:04.497.351] [INFO  ] [Controller] [Joints] FL: +33.701, +30.236, +33.701 ,FR: +33.701, +30.236, +33.701, HL: 40.630, +30.236, +38.898, HR: +38.898, +30.236, +47.559 Max HR-Knee = +47.559 Min FL-HipY = +30.236 
[2025-06-11 17:30:06.073.726] [INFO  ] [Battery] SoC = 80%, Volt = +31.600V, Temp 28 
[2025-06-11 17:30:06.997.349] [INFO  ] [Controller] [Joints] FL: +33.701, +30.236, +33.701 ,FR: +33.701, +30.236, +33.701, HL: 40.630, +30.236, +38.898, HR: +38.898, +30.236, +47.559 Max HR-Knee = +47.559 Min FL-HipY = +30.236 
[2025-06-11 17:30:09.497.350] [INFO  ] [Controller] [Joints] FL: +33.701, +30.236, +33.701 ,FR: +33.701, +30.236, +33.701, HL: 40.630, +30.236, +38.898, HR: +38.898, +30.236, +47.559 Max HR-Knee = +47.559 Min FL-HipY = +30.236 
[2025-06-11 17:30:11.061.701] [INFO  ] [Battery] SoC = 80%, Volt = +31.600V, Temp 28 
[2025-06-11 17:30:11.997.350] [INFO  ] [Controller] [Joints] FL: +33.701, +31.969, +33.701 ,FR: +33.701, +30.236, +33.701, HL: 40.630, +30.236, +38.898, HR: +38.898, +30.236, +47.559 Max HR-Knee = +47.559 Min FR-HipY = +30.236 
[2025-06-11 17:30:14.497.350] [INFO  ] [Controller] [Joints] FL: +33.701, +31.969, +33.701 ,FR: +33.701, +30.236, +33.701, HL: 40.630, +30.236, +38.898, HR: +38.898, +30.236, +47.559 Max HR-Knee = +47.559 Min FR-HipY = +30.236 
[2025-06-11 17:30:16.049.499] [INFO  ] [Battery] SoC = 80%, Volt = +31.600V, Temp 28 
[2025-06-11 17:30:16.997.350] [INFO  ] [Controller] [Joints] FL: +33.701, +31.969, +33.701 ,FR: +33.701, +30.236, +33.701, HL: 40.630, +30.236, +38.898, HR: +38.898, +30.236, +49.291 Max HR-Knee = +49.291 Min FR-HipY = +30.236 
[2025-06-11 17:30:19.497.348] [INFO  ] [Controller] [Joints] FL: +33.701, +31.969, +33.701 ,FR: +33.701, +30.236, +33.701, HL: 40.630, +30.236, +38.898, HR: +38.898, +30.236, +49.291 Max HR-Knee = +49.291 Min FR-HipY = +30.236 
[2025-06-11 17:30:21.037.347] [INFO  ] [Battery] SoC = 80%, Volt = +31.600V, Temp 28 
[2025-06-11 17:30:21.997.348] [INFO  ] [Controller] [Joints] FL: +33.701, +31.969, +33.701 ,FR: +33.701, +30.236, +33.701, HL: 40.630, +30.236, +38.898, HR: +38.898, +30.236, +49.291 Max HR-Knee = +49.291 Min FR-HipY = +30.236 
[2025-06-11 17:30:24.497.349] [INFO  ] [Controller] [Joints] FL: +33.701, +31.969, +33.701 ,FR: +33.701, +30.236, +33.701, HL: 40.630, +30.236, +38.898, HR: +38.898, +30.236, +49.291 Max HR-Knee = +49.291 Min FR-HipY = +30.236 
[2025-06-11 17:30:26.025.244] [INFO  ] [Battery] SoC = 80%, Volt = +31.600V, Temp 28 
[2025-06-11 17:30:26.997.351] [INFO  ] [Controller] [Joints] FL: +33.701, +31.969, +33.701 ,FR: +33.701, +30.236, +33.701, HL: 40.630, +30.236, +38.898, HR: +38.898, +30.236, +49.291 Max HR-Knee = +49.291 Min FR-HipY = +30.236 
[2025-06-11 17:30:27.840.717] [ERROR ] [RT-CAN] [Error] can3 0x84 send error count 2
 
[2025-06-11 17:30:29.497.349] [INFO  ] [Controller] [Joints] FL: +33.701, +31.969, +33.701 ,FR: +33.701, +30.236, +33.701, HL: 40.630, +30.236, +38.898, HR: +38.898, +30.236, +49.291 Max HR-Knee = +49.291 Min FR-HipY = +30.236 
[2025-06-11 17:30:31.012.984] [INFO  ] [Battery] SoC = 80%, Volt = +31.600V, Temp 28 
[2025-06-11 17:30:31.997.351] [INFO  ] [Controller] [Joints] FL: +33.701, +31.969, +33.701 ,FR: +33.701, +30.236, +33.701, HL: 40.630, +30.236, +38.898, HR: +38.898, +30.236, +49.291 Max HR-Knee = +49.291 Min FR-HipY = +30.236 
[2025-06-11 17:30:34.497.352] [INFO  ] [Controller] [Joints] FL: +33.701, +31.969, +33.701 ,FR: +33.701, +30.236, +33.701, HL: 40.630, +30.236, +38.898, HR: +38.898, +30.236, +49.291 Max HR-Knee = +49.291 Min FR-HipY = +30.236 
[2025-06-11 17:30:36.000.739] [INFO  ] [Battery] SoC = 80%, Volt = +31.600V, Temp 28 
[2025-06-11 17:30:36.997.353] [INFO  ] [Controller] [Joints] FL: +33.701, +31.969, +33.701 ,FR: +33.701, +30.236, +33.701, HL: 40.630, +30.236, +38.898, HR: +38.898, +30.236, +49.291 Max HR-Knee = +49.291 Min FR-HipY = +30.236 
[2025-06-11 17:30:39.497.353] [INFO  ] [Controller] [Joints] FL: +33.701, +31.969, +33.701 ,FR: +33.701, +30.236, +33.701, HL: 40.630, +30.236, +38.898, HR: +38.898, +30.236, +49.291 Max HR-Knee = +49.291 Min FR-HipY = +30.236 
[2025-06-11 17:30:40.988.406] [INFO  ] [Battery] SoC = 80%, Volt = +31.600V, Temp 28 
[2025-06-11 17:30:41.997.348] [INFO  ] [Controller] [Joints] FL: +33.701, +31.969, +33.701 ,FR: +33.701, +30.236, +33.701, HL: 40.630, +30.236, +38.898, HR: +38.898, +30.236, +49.291 Max HR-Knee = +49.291 Min FR-HipY = +30.236 
[2025-06-11 17:30:44.497.352] [INFO  ] [Controller] [Joints] FL: +33.701, +31.969, +33.701 ,FR: +33.701, +30.236, +33.701, HL: 40.630, +30.236, +38.898, HR: +38.898, +30.236, +49.291 Max HR-Knee = +49.291 Min FR-HipY = +30.236 
[2025-06-11 17:30:45.976.170] [INFO  ] [Battery] SoC = 80%, Volt = +31.500V, Temp 28 
[2025-06-11 17:30:46.997.352] [INFO  ] [Controller] [Joints] FL: +33.701, +31.969, +33.701 ,FR: +33.701, +30.236, +33.701, HL: 40.630, +30.236, +38.898, HR: +38.898, +30.236, +49.291 Max HR-Knee = +49.291 Min FR-HipY = +30.236 
[2025-06-11 17:30:49.497.352] [INFO  ] [Controller] [Joints] FL: +33.701, +31.969, +33.701 ,FR: +33.701, +30.236, +33.701, HL: 40.630, +30.236, +38.898, HR: +38.898, +30.236, +49.291 Max HR-Knee = +49.291 Min FR-HipY = +30.236 
[2025-06-11 17:30:50.963.887] [INFO  ] [Battery] SoC = 80%, Volt = +31.500V, Temp 28 
[2025-06-11 17:30:51.060.715] [ERROR ] [RT-CAN] [Error] can3 0x84 send error count 3
 
[2025-06-11 17:30:51.997.349] [INFO  ] [Controller] [Joints] FL: +33.701, +31.969, +33.701 ,FR: +33.701, +31.969, +33.701, HL: 40.630, +30.236, +38.898, HR: +38.898, +30.236, +49.291 Max HR-Knee = +49.291 Min HL-HipY = +30.236 
[2025-06-11 17:30:54.497.350] [INFO  ] [Controller] [Joints] FL: +33.701, +31.969, +33.701 ,FR: +33.701, +31.969, +33.701, HL: 40.630, +30.236, +38.898, HR: +38.898, +30.236, +49.291 Max HR-Knee = +49.291 Min HL-HipY = +30.236 
[2025-06-11 17:30:55.951.535] [INFO  ] [Battery] SoC = 80%, Volt = +31.500V, Temp 28 
[2025-06-11 17:30:56.997.353] [INFO  ] [Controller] [Joints] FL: +33.701, +31.969, +33.701 ,FR: +33.701, +31.969, +33.701, HL: 40.630, +30.236, +38.898, HR: +38.898, +30.236, +49.291 Max HR-Knee = +49.291 Min HL-HipY = +30.236 
[2025-06-11 17:30:59.497.352] [INFO  ] [Controller] [Joints] FL: +33.701, +31.969, +33.701 ,FR: +33.701, +31.969, +33.701, HL: 40.630, +30.236, +38.898, HR: +38.898, +30.236, +49.291 Max HR-Knee = +49.291 Min HL-HipY = +30.236 
[2025-06-11 17:31:00.939.243] [INFO  ] [Battery] SoC = 80%, Volt = +31.500V, Temp 28 
[2025-06-11 17:31:01.997.351] [INFO  ] [Controller] [Joints] FL: +33.701, +31.969, +33.701 ,FR: +33.701, +31.969, +33.701, HL: 40.630, +30.236, +38.898, HR: +38.898, +30.236, +49.291 Max HR-Knee = +49.291 Min HL-HipY = +30.236 
[2025-06-11 17:31:04.497.352] [INFO  ] [Controller] [Joints] FL: +33.701, +31.969, +33.701 ,FR: +33.701, +31.969, +33.701, HL: 40.630, +30.236, +38.898, HR: +38.898, +30.236, +49.291 Max HR-Knee = +49.291 Min HL-HipY = +30.236 
[2025-06-11 17:31:05.926.858] [INFO  ] [Battery] SoC = 80%, Volt = +31.500V, Temp 28 
[2025-06-11 17:31:06.997.352] [INFO  ] [Controller] [Joints] FL: +33.701, +31.969, +33.701 ,FR: +33.701, +31.969, +33.701, HL: 40.630, +30.236, +38.898, HR: +38.898, +30.236, +49.291 Max HR-Knee = +49.291 Min HL-HipY = +30.236 
[2025-06-11 17:31:09.497.352] [INFO  ] [Controller] [Joints] FL: +33.701, +31.969, +33.701 ,FR: +33.701, +31.969, +33.701, HL: 40.630, +30.236, +38.898, HR: +38.898, +30.236, +49.291 Max HR-Knee = +49.291 Min HL-HipY = +30.236 
[2025-06-11 17:31:10.914.458] [INFO  ] [Battery] SoC = 80%, Volt = +31.500V, Temp 28 
[2025-06-11 17:31:11.997.352] [INFO  ] [Controller] [Joints] FL: +33.701, +31.969, +33.701 ,FR: +33.701, +31.969, +33.701, HL: 40.630, +30.236, +38.898, HR: +38.898, +30.236, +49.291 Max HR-Knee = +49.291 Min HL-HipY = +30.236 
[2025-06-11 17:31:14.497.351] [INFO  ] [Controller] [Joints] FL: +33.701, +31.969, +33.701 ,FR: +33.701, +31.969, +33.701, HL: 40.630, +30.236, +38.898, HR: +38.898, +30.236, +49.291 Max HR-Knee = +49.291 Min HL-HipY = +30.236 
[2025-06-11 17:31:15.902.013] [INFO  ] [Battery] SoC = 79%, Volt = +31.500V, Temp 28 
[2025-06-11 17:31:16.997.348] [INFO  ] [Controller] [Joints] FL: +33.701, +31.969, +33.701 ,FR: +33.701, +31.969, +33.701, HL: 40.630, +30.236, +38.898, HR: +38.898, +30.236, +49.291 Max HR-Knee = +49.291 Min HL-HipY = +30.236 
[2025-06-11 17:31:19.497.350] [INFO  ] [Controller] [Joints] FL: +33.701, +31.969, +33.701 ,FR: +33.701, +31.969, +33.701, HL: 40.630, +30.236, +38.898, HR: +38.898, +30.236, +49.291 Max HR-Knee = +49.291 Min HL-HipY = +30.236 
[2025-06-11 17:31:20.889.534] [INFO  ] [Battery] SoC = 79%, Volt = +31.500V, Temp 28 
[2025-06-11 17:31:21.997.347] [INFO  ] [Controller] [Joints] FL: +33.701, +31.969, +33.701 ,FR: +33.701, +31.969, +33.701, HL: 40.630, +30.236, +38.898, HR: +38.898, +30.236, +49.291 Max HR-Knee = +49.291 Min HL-HipY = +30.236 
[2025-06-11 17:31:24.497.349] [INFO  ] [Controller] [Joints] FL: +33.701, +31.969, +33.701 ,FR: +33.701, +31.969, +33.701, HL: 40.630, +30.236, +38.898, HR: +38.898, +30.236, +49.291 Max HR-Knee = +49.291 Min HL-HipY = +30.236 
[2025-06-11 17:31:25.877.142] [INFO  ] [Battery] SoC = 79%, Volt = +31.500V, Temp 28 
[2025-06-11 17:31:26.997.349] [INFO  ] [Controller] [Joints] FL: +33.701, +31.969, +33.701 ,FR: +33.701, +31.969, +33.701, HL: 40.630, +30.236, +38.898, HR: +38.898, +30.236, +49.291 Max HR-Knee = +49.291 Min HL-HipY = +30.236 
[2025-06-11 17:31:29.497.351] [INFO  ] [Controller] [Joints] FL: +33.701, +31.969, +33.701 ,FR: +33.701, +31.969, +33.701, HL: 40.630, +30.236, +38.898, HR: +38.898, +30.236, +49.291 Max HR-Knee = +49.291 Min HL-HipY = +30.236 
[2025-06-11 17:31:30.864.608] [INFO  ] [Battery] SoC = 79%, Volt = +31.500V, Temp 28 
[2025-06-11 17:31:31.997.349] [INFO  ] [Controller] [Joints] FL: +33.701, +31.969, +33.701 ,FR: +35.433, +31.969, +33.701, HL: 40.630, +30.236, +38.898, HR: +38.898, +30.236, +49.291 Max HR-Knee = +49.291 Min HL-HipY = +30.236 
[2025-06-11 17:31:34.497.351] [INFO  ] [Controller] [Joints] FL: +33.701, +31.969, +33.701 ,FR: +35.433, +31.969, +33.701, HL: 40.630, +30.236, +40.630, HR: +38.898, +30.236, +49.291 Max HR-Knee = +49.291 Min HL-HipY = +30.236 
[2025-06-11 17:31:35.852.100] [INFO  ] [Battery] SoC = 79%, Volt = +31.500V, Temp 28 
[2025-06-11 17:31:36.997.352] [INFO  ] [Controller] [Joints] FL: +33.701, +31.969, +33.701 ,FR: +35.433, +31.969, +33.701, HL: 40.630, +30.236, +40.630, HR: +38.898, +31.969, +49.291 Max HR-Knee = +49.291 Min HL-HipY = +30.236 
[2025-06-11 17:31:39.497.352] [INFO  ] [Controller] [Joints] FL: +33.701, +31.969, +33.701 ,FR: +35.433, +31.969, +33.701, HL: 40.630, +30.236, +40.630, HR: +38.898, +31.969, +49.291 Max HR-Knee = +49.291 Min HL-HipY = +30.236 
[2025-06-11 17:31:40.839.631] [INFO  ] [Battery] SoC = 79%, Volt = +31.500V, Temp 28 
[2025-06-11 17:31:41.997.349] [INFO  ] [Controller] [Joints] FL: +33.701, +31.969, +33.701 ,FR: +35.433, +31.969, +33.701, HL: 40.630, +30.236, +40.630, HR: +38.898, +31.969, +49.291 Max HR-Knee = +49.291 Min HL-HipY = +30.236 
[2025-06-11 17:31:44.497.349] [INFO  ] [Controller] [Joints] FL: +33.701, +31.969, +33.701 ,FR: +35.433, +31.969, +33.701, HL: 40.630, +30.236, +40.630, HR: +38.898, +31.969, +49.291 Max HR-Knee = +49.291 Min HL-HipY = +30.236 
[2025-06-11 17:31:45.827.192] [INFO  ] [Battery] SoC = 79%, Volt = +31.500V, Temp 28 
[2025-06-11 17:31:46.997.348] [INFO  ] [Controller] [Joints] FL: +33.701, +31.969, +33.701 ,FR: +35.433, +31.969, +33.701, HL: 40.630, +30.236, +40.630, HR: +38.898, +31.969, +49.291 Max HR-Knee = +49.291 Min HL-HipY = +30.236 
[2025-06-11 17:31:49.497.349] [INFO  ] [Controller] [Joints] FL: +33.701, +31.969, +33.701 ,FR: +35.433, +31.969, +33.701, HL: 40.630, +30.236, +40.630, HR: +38.898, +31.969, +49.291 Max HR-Knee = +49.291 Min HL-HipY = +30.236 
[2025-06-11 17:31:50.814.673] [INFO  ] [Battery] SoC = 79%, Volt = +31.500V, Temp 28 
[2025-06-11 17:31:51.997.357] [INFO  ] [Controller] [Joints] FL: +33.701, +31.969, +33.701 ,FR: +35.433, +31.969, +33.701, HL: 42.362, +30.236, +40.630, HR: +38.898, +31.969, +49.291 Max HR-Knee = +49.291 Min HL-HipY = +30.236 
[2025-06-11 17:31:54.497.351] [INFO  ] [Controller] [Joints] FL: +33.701, +31.969, +33.701 ,FR: +35.433, +31.969, +33.701, HL: 42.362, +30.236, +40.630, HR: +38.898, +31.969, +49.291 Max HR-Knee = +49.291 Min HL-HipY = +30.236 
[2025-06-11 17:31:55.802.097] [INFO  ] [Battery] SoC = 79%, Volt = +31.500V, Temp 28 
[2025-06-11 17:31:56.997.349] [INFO  ] [Controller] [Joints] FL: +33.701, +31.969, +33.701 ,FR: +35.433, +31.969, +33.701, HL: 42.362, +30.236, +40.630, HR: +38.898, +31.969, +49.291 Max HR-Knee = +49.291 Min HL-HipY = +30.236 
[2025-06-11 17:31:59.497.349] [INFO  ] [Controller] [Joints] FL: +33.701, +31.969, +33.701 ,FR: +35.433, +31.969, +33.701, HL: 42.362, +30.236, +40.630, HR: +40.630, +31.969, +49.291 Max HR-Knee = +49.291 Min HL-HipY = +30.236 
[2025-06-11 17:32:00.789.600] [INFO  ] [Battery] SoC = 79%, Volt = +31.400V, Temp 28 
[2025-06-11 17:32:01.997.351] [INFO  ] [Controller] [Joints] FL: +33.701, +31.969, +33.701 ,FR: +35.433, +31.969, +33.701, HL: 42.362, +30.236, +40.630, HR: +40.630, +31.969, +49.291 Max HR-Knee = +49.291 Min HL-HipY = +30.236 
[2025-06-11 17:32:04.497.350] [INFO  ] [Controller] [Joints] FL: +33.701, +31.969, +33.701 ,FR: +35.433, +31.969, +33.701, HL: 42.362, +30.236, +40.630, HR: +40.630, +31.969, +49.291 Max HR-Knee = +49.291 Min HL-HipY = +30.236 
[2025-06-11 17:32:05.777.166] [INFO  ] [Battery] SoC = 79%, Volt = +31.400V, Temp 28 
[2025-06-11 17:32:06.997.350] [INFO  ] [Controller] [Joints] FL: +33.701, +31.969, +33.701 ,FR: +35.433, +31.969, +33.701, HL: 42.362, +30.236, +40.630, HR: +40.630, +31.969, +49.291 Max HR-Knee = +49.291 Min HL-HipY = +30.236 
[2025-06-11 17:32:09.497.351] [INFO  ] [Controller] [Joints] FL: +33.701, +31.969, +33.701 ,FR: +35.433, +31.969, +33.701, HL: 42.362, +30.236, +40.630, HR: +40.630, +31.969, +49.291 Max HR-Knee = +49.291 Min HL-HipY = +30.236 
[2025-06-11 17:32:10.764.574] [INFO  ] [Battery] SoC = 79%, Volt = +31.400V, Temp 28 
[2025-06-11 17:32:11.997.351] [INFO  ] [Controller] [Joints] FL: +33.701, +31.969, +33.701 ,FR: +35.433, +31.969, +33.701, HL: 42.362, +30.236, +40.630, HR: +40.630, +31.969, +49.291 Max HR-Knee = +49.291 Min HL-HipY = +30.236 
[2025-06-11 17:32:14.497.351] [INFO  ] [Controller] [Joints] FL: +33.701, +31.969, +33.701 ,FR: +35.433, +31.969, +33.701, HL: 42.362, +30.236, +40.630, HR: +40.630, +31.969, +49.291 Max HR-Knee = +49.291 Min HL-HipY = +30.236 
[2025-06-11 17:32:15.752.005] [INFO  ] [Battery] SoC = 79%, Volt = +31.400V, Temp 28 
[2025-06-11 17:32:16.997.350] [INFO  ] [Controller] [Joints] FL: +33.701, +31.969, +33.701 ,FR: +35.433, +31.969, +33.701, HL: 42.362, +30.236, +40.630, HR: +40.630, +31.969, +49.291 Max HR-Knee = +49.291 Min HL-HipY = +30.236 
[2025-06-11 17:32:19.497.346] [INFO  ] [Controller] [Joints] FL: +33.701, +31.969, +33.701 ,FR: +35.433, +31.969, +33.701, HL: 42.362, +30.236, +40.630, HR: +40.630, +31.969, +49.291 Max HR-Knee = +49.291 Min HL-HipY = +30.236 
[2025-06-11 17:32:20.739.347] [INFO  ] [Battery] SoC = 79%, Volt = +31.400V, Temp 28 
[2025-06-11 17:32:21.997.350] [INFO  ] [Controller] [Joints] FL: +33.701, +31.969, +35.433 ,FR: +35.433, +31.969, +33.701, HL: 42.362, +30.236, +40.630, HR: +40.630, +31.969, +49.291 Max HR-Knee = +49.291 Min HL-HipY = +30.236 
[2025-06-11 17:32:24.497.351] [INFO  ] [Controller] [Joints] FL: +33.701, +31.969, +35.433 ,FR: +35.433, +31.969, +33.701, HL: 42.362, +31.969, +40.630, HR: +40.630, +31.969, +49.291 Max HR-Knee = +49.291 Min FL-HipY = +31.969 
[2025-06-11 17:32:25.726.725] [INFO  ] [Battery] SoC = 79%, Volt = +31.400V, Temp 28 
[2025-06-11 17:32:26.997.351] [INFO  ] [Controller] [Joints] FL: +33.701, +31.969, +35.433 ,FR: +35.433, +31.969, +33.701, HL: 42.362, +31.969, +40.630, HR: +40.630, +31.969, +49.291 Max HR-Knee = +49.291 Min FL-HipY = +31.969 
[2025-06-11 17:32:29.497.353] [INFO  ] [Controller] [Joints] FL: +33.701, +31.969, +35.433 ,FR: +35.433, +31.969, +33.701, HL: 42.362, +31.969, +40.630, HR: +40.630, +31.969, +49.291 Max HR-Knee = +49.291 Min FL-HipY = +31.969 
[2025-06-11 17:32:30.714.247] [INFO  ] [Battery] SoC = 78%, Volt = +31.400V, Temp 28 
[2025-06-11 17:32:31.997.353] [INFO  ] [Controller] [Joints] FL: +33.701, +31.969, +35.433 ,FR: +35.433, +31.969, +33.701, HL: 42.362, +31.969, +40.630, HR: +40.630, +31.969, +49.291 Max HR-Knee = +49.291 Min FL-HipY = +31.969 
[2025-06-11 17:32:34.497.354] [INFO  ] [Controller] [Joints] FL: +33.701, +31.969, +35.433 ,FR: +35.433, +31.969, +33.701, HL: 42.362, +31.969, +40.630, HR: +40.630, +31.969, +49.291 Max HR-Knee = +49.291 Min FL-HipY = +31.969 
[2025-06-11 17:32:35.701.649] [INFO  ] [Battery] SoC = 78%, Volt = +31.400V, Temp 28 
[2025-06-11 17:32:36.997.351] [INFO  ] [Controller] [Joints] FL: +33.701, +31.969, +35.433 ,FR: +35.433, +31.969, +33.701, HL: 42.362, +31.969, +40.630, HR: +40.630, +31.969, +49.291 Max HR-Knee = +49.291 Min FL-HipY = +31.969 
[2025-06-11 17:32:39.497.354] [INFO  ] [Controller] [Joints] FL: +33.701, +31.969, +35.433 ,FR: +35.433, +31.969, +33.701, HL: 42.362, +31.969, +40.630, HR: +40.630, +31.969, +49.291 Max HR-Knee = +49.291 Min FL-HipY = +31.969 
[2025-06-11 17:32:40.689.276] [INFO  ] [Battery] SoC = 78%, Volt = +31.400V, Temp 28 
[2025-06-11 17:32:41.997.351] [INFO  ] [Controller] [Joints] FL: +33.701, +31.969, +35.433 ,FR: +35.433, +31.969, +33.701, HL: 42.362, +31.969, +40.630, HR: +40.630, +31.969, +49.291 Max HR-Knee = +49.291 Min FL-HipY = +31.969 
[2025-06-11 17:32:44.497.352] [INFO  ] [Controller] [Joints] FL: +33.701, +31.969, +35.433 ,FR: +35.433, +31.969, +33.701, HL: 42.362, +31.969, +40.630, HR: +40.630, +31.969, +49.291 Max HR-Knee = +49.291 Min FL-HipY = +31.969 
[2025-06-11 17:32:45.676.894] [INFO  ] [Battery] SoC = 78%, Volt = +31.400V, Temp 28 
[2025-06-11 17:32:46.997.349] [INFO  ] [Controller] [Joints] FL: +33.701, +31.969, +35.433 ,FR: +35.433, +31.969, +33.701, HL: 42.362, +31.969, +40.630, HR: +40.630, +31.969, +49.291 Max HR-Knee = +49.291 Min FL-HipY = +31.969 
[2025-06-11 17:32:49.497.353] [INFO  ] [Controller] [Joints] FL: +33.701, +31.969, +35.433 ,FR: +35.433, +31.969, +33.701, HL: 42.362, +31.969, +40.630, HR: +40.630, +31.969, +49.291 Max HR-Knee = +49.291 Min FL-HipY = +31.969 
[2025-06-11 17:32:50.664.700] [INFO  ] [Battery] SoC = 78%, Volt = +31.400V, Temp 28 
[2025-06-11 17:32:51.997.351] [INFO  ] [Controller] [Joints] FL: +33.701, +31.969, +35.433 ,FR: +35.433, +31.969, +33.701, HL: 42.362, +31.969, +40.630, HR: +40.630, +31.969, +49.291 Max HR-Knee = +49.291 Min FL-HipY = +31.969 
[2025-06-11 17:32:54.497.352] [INFO  ] [Controller] [Joints] FL: +33.701, +31.969, +35.433 ,FR: +35.433, +31.969, +33.701, HL: 42.362, +31.969, +40.630, HR: +40.630, +31.969, +49.291 Max HR-Knee = +49.291 Min FL-HipY = +31.969 
[2025-06-11 17:32:55.652.334] [INFO  ] [Battery] SoC = 78%, Volt = +31.400V, Temp 28 
[2025-06-11 17:32:56.997.354] [INFO  ] [Controller] [Joints] FL: +33.701, +31.969, +35.433 ,FR: +35.433, +31.969, +33.701, HL: 42.362, +31.969, +40.630, HR: +40.630, +31.969, +49.291 Max HR-Knee = +49.291 Min FL-HipY = +31.969 
[2025-06-11 17:32:59.497.352] [INFO  ] [Controller] [Joints] FL: +33.701, +31.969, +35.433 ,FR: +35.433, +31.969, +33.701, HL: 42.362, +31.969, +40.630, HR: +40.630, +31.969, +49.291 Max HR-Knee = +49.291 Min FL-HipY = +31.969 
[2025-06-11 17:33:00.639.887] [INFO  ] [Battery] SoC = 78%, Volt = +31.400V, Temp 28 
[2025-06-11 17:33:01.997.351] [INFO  ] [Controller] [Joints] FL: +33.701, +31.969, +35.433 ,FR: +35.433, +31.969, +33.701, HL: 42.362, +31.969, +40.630, HR: +40.630, +31.969, +49.291 Max HR-Knee = +49.291 Min FL-HipY = +31.969 
[2025-06-11 17:33:04.497.352] [INFO  ] [Controller] [Joints] FL: +33.701, +31.969, +35.433 ,FR: +35.433, +31.969, +33.701, HL: 42.362, +31.969, +40.630, HR: +40.630, +31.969, +49.291 Max HR-Knee = +49.291 Min FL-HipY = +31.969 
[2025-06-11 17:33:05.627.518] [INFO  ] [Battery] SoC = 78%, Volt = +31.400V, Temp 28 
[2025-06-11 17:33:06.997.354] [INFO  ] [Controller] [Joints] FL: +33.701, +31.969, +35.433 ,FR: +35.433, +31.969, +33.701, HL: 42.362, +31.969, +40.630, HR: +40.630, +31.969, +51.024 Max HR-Knee = +51.024 Min FL-HipY = +31.969 
[2025-06-11 17:33:09.497.350] [INFO  ] [Controller] [Joints] FL: +33.701, +31.969, +35.433 ,FR: +35.433, +31.969, +33.701, HL: 42.362, +31.969, +40.630, HR: +40.630, +31.969, +51.024 Max HR-Knee = +51.024 Min FL-HipY = +31.969 
[2025-06-11 17:33:10.615.031] [INFO  ] [Battery] SoC = 78%, Volt = +31.400V, Temp 28 
[2025-06-11 17:33:11.997.350] [INFO  ] [Controller] [Joints] FL: +33.701, +31.969, +35.433 ,FR: +35.433, +31.969, +33.701, HL: 42.362, +31.969, +40.630, HR: +40.630, +31.969, +51.024 Max HR-Knee = +51.024 Min FL-HipY = +31.969 
[2025-06-11 17:33:14.497.348] [INFO  ] [Controller] [Joints] FL: +33.701, +31.969, +35.433 ,FR: +35.433, +31.969, +33.701, HL: 42.362, +31.969, +40.630, HR: +40.630, +31.969, +51.024 Max HR-Knee = +51.024 Min FL-HipY = +31.969 
[2025-06-11 17:33:15.602.682] [INFO  ] [Battery] SoC = 78%, Volt = +31.300V, Temp 28 
[2025-06-11 17:33:16.997.342] [INFO  ] [Controller] [Joints] FL: +33.701, +31.969, +35.433 ,FR: +35.433, +31.969, +33.701, HL: 42.362, +31.969, +40.630, HR: +40.630, +31.969, +51.024 Max HR-Knee = +51.024 Min FL-HipY = +31.969 
[2025-06-11 17:33:19.497.351] [INFO  ] [Controller] [Joints] FL: +33.701, +31.969, +35.433 ,FR: +35.433, +31.969, +33.701, HL: 42.362, +31.969, +40.630, HR: +40.630, +31.969, +51.024 Max HR-Knee = +51.024 Min FL-HipY = +31.969 
[2025-06-11 17:33:20.590.457] [INFO  ] [Battery] SoC = 78%, Volt = +31.300V, Temp 28 
[2025-06-11 17:33:21.997.352] [INFO  ] [Controller] [Joints] FL: +33.701, +31.969, +35.433 ,FR: +35.433, +31.969, +33.701, HL: 42.362, +31.969, +40.630, HR: +40.630, +31.969, +51.024 Max HR-Knee = +51.024 Min FL-HipY = +31.969 
[2025-06-11 17:33:24.497.352] [INFO  ] [Controller] [Joints] FL: +33.701, +31.969, +35.433 ,FR: +35.433, +31.969, +33.701, HL: 42.362, +31.969, +40.630, HR: +40.630, +31.969, +51.024 Max HR-Knee = +51.024 Min FL-HipY = +31.969 
[2025-06-11 17:33:25.578.235] [INFO  ] [Battery] SoC = 78%, Volt = +31.300V, Temp 28 
[2025-06-11 17:33:26.997.352] [INFO  ] [Controller] [Joints] FL: +33.701, +31.969, +35.433 ,FR: +35.433, +31.969, +33.701, HL: 42.362, +31.969, +40.630, HR: +40.630, +31.969, +51.024 Max HR-Knee = +51.024 Min FL-HipY = +31.969 
[2025-06-11 17:33:29.497.351] [INFO  ] [Controller] [Joints] FL: +33.701, +31.969, +35.433 ,FR: +35.433, +31.969, +33.701, HL: 42.362, +31.969, +40.630, HR: +40.630, +31.969, +51.024 Max HR-Knee = +51.024 Min FL-HipY = +31.969 
[2025-06-11 17:33:30.565.997] [INFO  ] [Battery] SoC = 78%, Volt = +31.300V, Temp 28 
[2025-06-11 17:33:31.997.350] [INFO  ] [Controller] [Joints] FL: +33.701, +31.969, +35.433 ,FR: +35.433, +31.969, +33.701, HL: 42.362, +31.969, +40.630, HR: +40.630, +31.969, +51.024 Max HR-Knee = +51.024 Min FL-HipY = +31.969 
[2025-06-11 17:33:34.497.349] [INFO  ] [Controller] [Joints] FL: +33.701, +31.969, +35.433 ,FR: +35.433, +31.969, +33.701, HL: 42.362, +31.969, +40.630, HR: +40.630, +31.969, +51.024 Max HR-Knee = +51.024 Min FL-HipY = +31.969 
[2025-06-11 17:33:35.553.797] [INFO  ] [Battery] SoC = 78%, Volt = +31.300V, Temp 28 
[2025-06-11 17:33:36.997.350] [INFO  ] [Controller] [Joints] FL: +33.701, +31.969, +35.433 ,FR: +35.433, +31.969, +33.701, HL: 42.362, +31.969, +40.630, HR: +40.630, +31.969, +51.024 Max HR-Knee = +51.024 Min FL-HipY = +31.969 
[2025-06-11 17:33:39.497.344] [INFO  ] [Controller] [Joints] FL: +33.701, +31.969, +35.433 ,FR: +35.433, +31.969, +33.701, HL: 42.362, +31.969, +40.630, HR: +40.630, +31.969, +51.024 Max HR-Knee = +51.024 Min FL-HipY = +31.969 
[2025-06-11 17:33:40.541.405] [INFO  ] [Battery] SoC = 78%, Volt = +31.300V, Temp 28 
[2025-06-11 17:33:41.997.348] [INFO  ] [Controller] [Joints] FL: +33.701, +31.969, +35.433 ,FR: +35.433, +31.969, +33.701, HL: 42.362, +31.969, +40.630, HR: +40.630, +31.969, +51.024 Max HR-Knee = +51.024 Min FL-HipY = +31.969 
[2025-06-11 17:33:44.497.357] [INFO  ] [Controller] [Joints] FL: +33.701, +31.969, +35.433 ,FR: +35.433, +31.969, +33.701, HL: 42.362, +31.969, +40.630, HR: +40.630, +31.969, +51.024 Max HR-Knee = +51.024 Min FL-HipY = +31.969 
[2025-06-11 17:33:45.529.126] [INFO  ] [Battery] SoC = 77%, Volt = +31.300V, Temp 28 
[2025-06-11 17:33:46.997.351] [INFO  ] [Controller] [Joints] FL: +33.701, +31.969, +35.433 ,FR: +35.433, +31.969, +33.701, HL: 42.362, +31.969, +40.630, HR: +40.630, +31.969, +51.024 Max HR-Knee = +51.024 Min FL-HipY = +31.969 
[2025-06-11 17:33:49.497.351] [INFO  ] [Controller] [Joints] FL: +33.701, +31.969, +35.433 ,FR: +35.433, +31.969, +33.701, HL: 42.362, +31.969, +40.630, HR: +40.630, +31.969, +51.024 Max HR-Knee = +51.024 Min FL-HipY = +31.969 
[2025-06-11 17:33:50.516.782] [INFO  ] [Battery] SoC = 77%, Volt = +31.300V, Temp 28 
[2025-06-11 17:33:51.997.349] [INFO  ] [Controller] [Joints] FL: +33.701, +31.969, +35.433 ,FR: +35.433, +31.969, +33.701, HL: 42.362, +31.969, +40.630, HR: +40.630, +31.969, +51.024 Max HR-Knee = +51.024 Min FL-HipY = +31.969 
[2025-06-11 17:33:54.497.348] [INFO  ] [Controller] [Joints] FL: +33.701, +31.969, +35.433 ,FR: +35.433, +31.969, +33.701, HL: 42.362, +31.969, +40.630, HR: +40.630, +31.969, +51.024 Max HR-Knee = +51.024 Min FL-HipY = +31.969 
[2025-06-11 17:33:55.504.417] [INFO  ] [Battery] SoC = 77%, Volt = +31.300V, Temp 28 
[2025-06-11 17:33:56.997.350] [INFO  ] [Controller] [Joints] FL: +33.701, +31.969, +35.433 ,FR: +35.433, +31.969, +33.701, HL: 42.362, +31.969, +40.630, HR: +40.630, +31.969, +51.024 Max HR-Knee = +51.024 Min FL-HipY = +31.969 
[2025-06-11 17:33:59.497.351] [INFO  ] [Controller] [Joints] FL: +33.701, +31.969, +35.433 ,FR: +35.433, +31.969, +33.701, HL: 42.362, +31.969, +40.630, HR: +40.630, +31.969, +51.024 Max HR-Knee = +51.024 Min FL-HipY = +31.969 
[2025-06-11 17:34:00.492.033] [INFO  ] [Battery] SoC = 77%, Volt = +31.300V, Temp 28 
[2025-06-11 17:34:01.997.348] [INFO  ] [Controller] [Joints] FL: +33.701, +31.969, +35.433 ,FR: +35.433, +31.969, +33.701, HL: 42.362, +31.969, +40.630, HR: +40.630, +31.969, +51.024 Max HR-Knee = +51.024 Min FL-HipY = +31.969 
[2025-06-11 17:34:04.497.350] [INFO  ] [Controller] [Joints] FL: +33.701, +31.969, +35.433 ,FR: +35.433, +31.969, +33.701, HL: 42.362, +31.969, +40.630, HR: +40.630, +31.969, +51.024 Max HR-Knee = +51.024 Min FL-HipY = +31.969 
[2025-06-11 17:34:05.479.698] [INFO  ] [Battery] SoC = 77%, Volt = +31.300V, Temp 28 
[2025-06-11 17:34:06.997.349] [INFO  ] [Controller] [Joints] FL: +33.701, +31.969, +35.433 ,FR: +35.433, +31.969, +33.701, HL: 42.362, +31.969, +40.630, HR: +40.630, +31.969, +51.024 Max HR-Knee = +51.024 Min FL-HipY = +31.969 
[2025-06-11 17:34:09.497.350] [INFO  ] [Controller] [Joints] FL: +33.701, +31.969, +35.433 ,FR: +35.433, +31.969, +33.701, HL: 42.362, +31.969, +40.630, HR: +40.630, +31.969, +51.024 Max HR-Knee = +51.024 Min FL-HipY = +31.969 
[2025-06-11 17:34:10.467.340] [INFO  ] [Battery] SoC = 77%, Volt = +31.300V, Temp 28 
[2025-06-11 17:34:11.997.347] [INFO  ] [Controller] [Joints] FL: +33.701, +31.969, +35.433 ,FR: +35.433, +31.969, +33.701, HL: 42.362, +31.969, +40.630, HR: +40.630, +31.969, +51.024 Max HR-Knee = +51.024 Min FL-HipY = +31.969 
[2025-06-11 17:34:14.497.350] [INFO  ] [Controller] [Joints] FL: +33.701, +31.969, +35.433 ,FR: +35.433, +31.969, +33.701, HL: 42.362, +31.969, +40.630, HR: +40.630, +31.969, +51.024 Max HR-Knee = +51.024 Min FL-HipY = +31.969 
[2025-06-11 17:34:15.455.016] [INFO  ] [Battery] SoC = 77%, Volt = +31.300V, Temp 28 
[2025-06-11 17:34:16.997.349] [INFO  ] [Controller] [Joints] FL: +33.701, +31.969, +35.433 ,FR: +35.433, +31.969, +33.701, HL: 42.362, +31.969, +40.630, HR: +40.630, +31.969, +51.024 Max HR-Knee = +51.024 Min FL-HipY = +31.969 
[2025-06-11 17:34:19.497.350] [INFO  ] [Controller] [Joints] FL: +33.701, +31.969, +35.433 ,FR: +35.433, +31.969, +33.701, HL: 42.362, +31.969, +40.630, HR: +40.630, +31.969, +51.024 Max HR-Knee = +51.024 Min FL-HipY = +31.969 
[2025-06-11 17:34:20.442.659] [INFO  ] [Battery] SoC = 77%, Volt = +31.300V, Temp 28 
[2025-06-11 17:34:21.997.354] [INFO  ] [Controller] [Joints] FL: +33.701, +31.969, +35.433 ,FR: +35.433, +31.969, +33.701, HL: 42.362, +31.969, +40.630, HR: +42.362, +31.969, +51.024 Max HR-Knee = +51.024 Min FL-HipY = +31.969 
[2025-06-11 17:34:24.497.352] [INFO  ] [Controller] [Joints] FL: +33.701, +31.969, +35.433 ,FR: +35.433, +31.969, +33.701, HL: 42.362, +31.969, +40.630, HR: +42.362, +31.969, +51.024 Max HR-Knee = +51.024 Min FL-HipY = +31.969 
[2025-06-11 17:34:25.430.204] [INFO  ] [Battery] SoC = 77%, Volt = +31.300V, Temp 28 
[2025-06-11 17:34:26.997.353] [INFO  ] [Controller] [Joints] FL: +33.701, +31.969, +35.433 ,FR: +35.433, +31.969, +33.701, HL: 42.362, +31.969, +40.630, HR: +42.362, +31.969, +51.024 Max HR-Knee = +51.024 Min FL-HipY = +31.969 
[2025-06-11 17:34:29.497.351] [INFO  ] [Controller] [Joints] FL: +33.701, +31.969, +35.433 ,FR: +35.433, +31.969, +33.701, HL: 42.362, +31.969, +40.630, HR: +42.362, +31.969, +51.024 Max HR-Knee = +51.024 Min FL-HipY = +31.969 
[2025-06-11 17:34:30.417.788] [INFO  ] [Battery] SoC = 77%, Volt = +31.200V, Temp 28 
[2025-06-11 17:34:31.997.353] [INFO  ] [Controller] [Joints] FL: +33.701, +31.969, +35.433 ,FR: +35.433, +31.969, +33.701, HL: 42.362, +31.969, +40.630, HR: +42.362, +31.969, +51.024 Max HR-Knee = +51.024 Min FL-HipY = +31.969 
[2025-06-11 17:34:34.497.351] [INFO  ] [Controller] [Joints] FL: +33.701, +31.969, +35.433 ,FR: +35.433, +31.969, +33.701, HL: 42.362, +31.969, +40.630, HR: +42.362, +31.969, +51.024 Max HR-Knee = +51.024 Min FL-HipY = +31.969 
[2025-06-11 17:34:35.405.335] [INFO  ] [Battery] SoC = 77%, Volt = +31.200V, Temp 28 
[2025-06-11 17:34:36.997.351] [INFO  ] [Controller] [Joints] FL: +33.701, +31.969, +35.433 ,FR: +35.433, +31.969, +33.701, HL: 42.362, +31.969, +40.630, HR: +42.362, +31.969, +51.024 Max HR-Knee = +51.024 Min FL-HipY = +31.969 
[2025-06-11 17:34:39.497.348] [INFO  ] [Controller] [Joints] FL: +33.701, +31.969, +35.433 ,FR: +35.433, +31.969, +33.701, HL: 42.362, +31.969, +40.630, HR: +42.362, +31.969, +51.024 Max HR-Knee = +51.024 Min FL-HipY = +31.969 
[2025-06-11 17:34:40.392.674] [INFO  ] [Battery] SoC = 77%, Volt = +31.200V, Temp 28 
[2025-06-11 17:34:41.997.352] [INFO  ] [Controller] [Joints] FL: +33.701, +31.969, +35.433 ,FR: +35.433, +31.969, +33.701, HL: 42.362, +31.969, +40.630, HR: +42.362, +31.969, +51.024 Max HR-Knee = +51.024 Min FL-HipY = +31.969 
[2025-06-11 17:34:44.497.352] [INFO  ] [Controller] [Joints] FL: +33.701, +31.969, +35.433 ,FR: +35.433, +31.969, +33.701, HL: 42.362, +31.969, +40.630, HR: +42.362, +31.969, +51.024 Max HR-Knee = +51.024 Min FL-HipY = +31.969 
[2025-06-11 17:34:45.380.046] [INFO  ] [Battery] SoC = 77%, Volt = +31.200V, Temp 28 
[2025-06-11 17:34:46.997.353] [INFO  ] [Controller] [Joints] FL: +33.701, +31.969, +35.433 ,FR: +35.433, +31.969, +33.701, HL: 42.362, +31.969, +40.630, HR: +42.362, +31.969, +51.024 Max HR-Knee = +51.024 Min FL-HipY = +31.969 
[2025-06-11 17:34:49.497.355] [INFO  ] [Controller] [Joints] FL: +33.701, +31.969, +35.433 ,FR: +35.433, +31.969, +33.701, HL: 42.362, +31.969, +40.630, HR: +42.362, +31.969, +51.024 Max HR-Knee = +51.024 Min FL-HipY = +31.969 
[2025-06-11 17:34:50.367.361] [INFO  ] [Battery] SoC = 77%, Volt = +31.200V, Temp 28 
[2025-06-11 17:34:51.997.351] [INFO  ] [Controller] [Joints] FL: +33.701, +31.969, +35.433 ,FR: +35.433, +31.969, +33.701, HL: 42.362, +31.969, +40.630, HR: +42.362, +31.969, +51.024 Max HR-Knee = +51.024 Min FL-HipY = +31.969 
[2025-06-11 17:34:54.497.352] [INFO  ] [Controller] [Joints] FL: +33.701, +31.969, +35.433 ,FR: +35.433, +31.969, +33.701, HL: 42.362, +31.969, +40.630, HR: +42.362, +31.969, +51.024 Max HR-Knee = +51.024 Min FL-HipY = +31.969 
[2025-06-11 17:34:55.354.632] [INFO  ] [Battery] SoC = 77%, Volt = +31.200V, Temp 28 
[2025-06-11 17:34:56.997.352] [INFO  ] [Controller] [Joints] FL: +33.701, +31.969, +35.433 ,FR: +35.433, +31.969, +33.701, HL: 42.362, +31.969, +42.362, HR: +42.362, +31.969, +51.024 Max HR-Knee = +51.024 Min FL-HipY = +31.969 
[2025-06-11 17:34:59.497.353] [INFO  ] [Controller] [Joints] FL: +33.701, +31.969, +35.433 ,FR: +35.433, +31.969, +33.701, HL: 42.362, +31.969, +42.362, HR: +42.362, +31.969, +51.024 Max HR-Knee = +51.024 Min FL-HipY = +31.969 
[2025-06-11 17:35:00.342.109] [INFO  ] [Battery] SoC = 76%, Volt = +31.200V, Temp 28 
[2025-06-11 17:35:01.997.351] [INFO  ] [Controller] [Joints] FL: +33.701, +31.969, +35.433 ,FR: +35.433, +31.969, +33.701, HL: 42.362, +31.969, +42.362, HR: +42.362, +31.969, +51.024 Max HR-Knee = +51.024 Min FL-HipY = +31.969 
[2025-06-11 17:35:04.497.350] [INFO  ] [Controller] [Joints] FL: +33.701, +31.969, +35.433 ,FR: +35.433, +31.969, +33.701, HL: 42.362, +31.969, +42.362, HR: +42.362, +31.969, +51.024 Max HR-Knee = +51.024 Min FL-HipY = +31.969 
[2025-06-11 17:35:05.329.459] [INFO  ] [Battery] SoC = 76%, Volt = +31.200V, Temp 28 
[2025-06-11 17:35:06.997.348] [INFO  ] [Controller] [Joints] FL: +33.701, +31.969, +35.433 ,FR: +35.433, +31.969, +33.701, HL: 44.094, +31.969, +42.362, HR: +42.362, +31.969, +51.024 Max HR-Knee = +51.024 Min FL-HipY = +31.969 
[2025-06-11 17:35:09.497.349] [INFO  ] [Controller] [Joints] FL: +33.701, +31.969, +35.433 ,FR: +35.433, +31.969, +33.701, HL: 44.094, +31.969, +42.362, HR: +42.362, +31.969, +51.024 Max HR-Knee = +51.024 Min FL-HipY = +31.969 
[2025-06-11 17:35:10.317.089] [INFO  ] [Battery] SoC = 76%, Volt = +31.200V, Temp 28 
[2025-06-11 17:35:11.997.349] [INFO  ] [Controller] [Joints] FL: +33.701, +31.969, +35.433 ,FR: +35.433, +31.969, +33.701, HL: 44.094, +31.969, +42.362, HR: +42.362, +31.969, +51.024 Max HR-Knee = +51.024 Min FL-HipY = +31.969 
[2025-06-11 17:35:14.497.351] [INFO  ] [Controller] [Joints] FL: +33.701, +31.969, +35.433 ,FR: +35.433, +31.969, +33.701, HL: 44.094, +31.969, +42.362, HR: +42.362, +31.969, +51.024 Max HR-Knee = +51.024 Min FL-HipY = +31.969 
[2025-06-11 17:35:15.304.585] [INFO  ] [Battery] SoC = 76%, Volt = +31.200V, Temp 28 
[2025-06-11 17:35:16.997.351] [INFO  ] [Controller] [Joints] FL: +33.701, +31.969, +35.433 ,FR: +35.433, +31.969, +33.701, HL: 44.094, +31.969, +42.362, HR: +42.362, +31.969, +51.024 Max HR-Knee = +51.024 Min FL-HipY = +31.969 
[2025-06-11 17:35:19.497.351] [INFO  ] [Controller] [Joints] FL: +33.701, +31.969, +35.433 ,FR: +35.433, +31.969, +33.701, HL: 44.094, +31.969, +42.362, HR: +42.362, +31.969, +51.024 Max HR-Knee = +51.024 Min FL-HipY = +31.969 
[2025-06-11 17:35:20.291.980] [INFO  ] [Battery] SoC = 76%, Volt = +31.200V, Temp 28 
[2025-06-11 17:35:21.997.352] [INFO  ] [Controller] [Joints] FL: +33.701, +31.969, +35.433 ,FR: +35.433, +31.969, +33.701, HL: 44.094, +31.969, +42.362, HR: +42.362, +31.969, +51.024 Max HR-Knee = +51.024 Min FL-HipY = +31.969 
[2025-06-11 17:35:24.497.351] [INFO  ] [Controller] [Joints] FL: +33.701, +31.969, +35.433 ,FR: +35.433, +31.969, +33.701, HL: 44.094, +31.969, +42.362, HR: +42.362, +31.969, +51.024 Max HR-Knee = +51.024 Min FL-HipY = +31.969 
[2025-06-11 17:35:25.279.429] [INFO  ] [Battery] SoC = 76%, Volt = +31.200V, Temp 28 
[2025-06-11 17:35:26.997.350] [INFO  ] [Controller] [Joints] FL: +33.701, +31.969, +35.433 ,FR: +35.433, +31.969, +33.701, HL: 44.094, +31.969, +42.362, HR: +42.362, +31.969, +51.024 Max HR-Knee = +51.024 Min FL-HipY = +31.969 
[2025-06-11 17:35:29.497.352] [INFO  ] [Controller] [Joints] FL: +33.701, +31.969, +35.433 ,FR: +35.433, +31.969, +33.701, HL: 44.094, +31.969, +42.362, HR: +42.362, +31.969, +51.024 Max HR-Knee = +51.024 Min FL-HipY = +31.969 
[2025-06-11 17:35:30.266.973] [INFO  ] [Battery] SoC = 76%, Volt = +31.200V, Temp 28 
[2025-06-11 17:35:31.997.351] [INFO  ] [Controller] [Joints] FL: +33.701, +31.969, +35.433 ,FR: +35.433, +31.969, +33.701, HL: 44.094, +31.969, +42.362, HR: +42.362, +31.969, +51.024 Max HR-Knee = +51.024 Min FL-HipY = +31.969 
[2025-06-11 17:35:34.497.349] [INFO  ] [Controller] [Joints] FL: +33.701, +31.969, +35.433 ,FR: +35.433, +31.969, +33.701, HL: 44.094, +31.969, +42.362, HR: +42.362, +31.969, +51.024 Max HR-Knee = +51.024 Min FL-HipY = +31.969 
[2025-06-11 17:35:35.254.449] [INFO  ] [Battery] SoC = 76%, Volt = +31.200V, Temp 28 
[2025-06-11 17:35:36.997.348] [INFO  ] [Controller] [Joints] FL: +33.701, +31.969, +35.433 ,FR: +35.433, +31.969, +33.701, HL: 44.094, +31.969, +42.362, HR: +42.362, +31.969, +51.024 Max HR-Knee = +51.024 Min FL-HipY = +31.969 
[2025-06-11 17:35:39.497.350] [INFO  ] [Controller] [Joints] FL: +33.701, +31.969, +35.433 ,FR: +35.433, +31.969, +33.701, HL: 44.094, +31.969, +42.362, HR: +42.362, +31.969, +51.024 Max HR-Knee = +51.024 Min FL-HipY = +31.969 
[2025-06-11 17:35:40.241.925] [INFO  ] [Battery] SoC = 76%, Volt = +31.200V, Temp 28 
[2025-06-11 17:35:41.997.348] [INFO  ] [Controller] [Joints] FL: +35.433, +31.969, +35.433 ,FR: +35.433, +31.969, +33.701, HL: 44.094, +31.969, +42.362, HR: +42.362, +31.969, +51.024 Max HR-Knee = +51.024 Min FL-HipY = +31.969 
[2025-06-11 17:35:44.497.351] [INFO  ] [Controller] [Joints] FL: +33.701, +31.969, +35.433 ,FR: +35.433, +31.969, +33.701, HL: 44.094, +31.969, +42.362, HR: +42.362, +31.969, +51.024 Max HR-Knee = +51.024 Min FL-HipY = +31.969 
[2025-06-11 17:35:45.230.968] [INFO  ] [Battery] SoC = 76%, Volt = +31.200V, Temp 28 
[2025-06-11 17:35:46.997.348] [INFO  ] [Controller] [Joints] FL: +35.433, +31.969, +35.433 ,FR: +35.433, +31.969, +33.701, HL: 44.094, +31.969, +42.362, HR: +42.362, +31.969, +51.024 Max HR-Knee = +51.024 Min FL-HipY = +31.969 
[2025-06-11 17:35:49.497.351] [INFO  ] [Controller] [Joints] FL: +35.433, +31.969, +35.433 ,FR: +35.433, +31.969, +33.701, HL: 44.094, +31.969, +42.362, HR: +42.362, +31.969, +51.024 Max HR-Knee = +51.024 Min FL-HipY = +31.969 
[2025-06-11 17:35:50.216.803] [INFO  ] [Battery] SoC = 76%, Volt = +31.200V, Temp 28 
[2025-06-11 17:35:51.997.350] [INFO  ] [Controller] [Joints] FL: +35.433, +31.969, +35.433 ,FR: +35.433, +31.969, +33.701, HL: 44.094, +31.969, +42.362, HR: +42.362, +31.969, +51.024 Max HR-Knee = +51.024 Min FL-HipY = +31.969 
[2025-06-11 17:35:54.497.351] [INFO  ] [Controller] [Joints] FL: +35.433, +31.969, +35.433 ,FR: +35.433, +31.969, +33.701, HL: 44.094, +31.969, +42.362, HR: +42.362, +33.701, +51.024 Max HR-Knee = +51.024 Min FL-HipY = +31.969 
[2025-06-11 17:35:55.204.077] [INFO  ] [Battery] SoC = 76%, Volt = +31.100V, Temp 28 
[2025-06-11 17:35:56.997.350] [INFO  ] [Controller] [Joints] FL: +35.433, +31.969, +35.433 ,FR: +35.433, +31.969, +33.701, HL: 44.094, +31.969, +42.362, HR: +42.362, +33.701, +51.024 Max HR-Knee = +51.024 Min FL-HipY = +31.969 
[2025-06-11 17:35:59.497.351] [INFO  ] [Controller] [Joints] FL: +35.433, +31.969, +35.433 ,FR: +35.433, +31.969, +33.701, HL: 44.094, +31.969, +42.362, HR: +42.362, +33.701, +51.024 Max HR-Knee = +51.024 Min FL-HipY = +31.969 
[2025-06-11 17:36:00.191.441] [INFO  ] [Battery] SoC = 76%, Volt = +31.100V, Temp 28 
[2025-06-11 17:36:01.997.349] [INFO  ] [Controller] [Joints] FL: +35.433, +31.969, +35.433 ,FR: +37.165, +31.969, +33.701, HL: 44.094, +31.969, +42.362, HR: +42.362, +33.701, +51.024 Max HR-Knee = +51.024 Min FL-HipY = +31.969 
[2025-06-11 17:36:04.497.346] [INFO  ] [Controller] [Joints] FL: +35.433, +31.969, +35.433 ,FR: +37.165, +31.969, +33.701, HL: 44.094, +31.969, +42.362, HR: +42.362, +33.701, +51.024 Max HR-Knee = +51.024 Min FL-HipY = +31.969 
[2025-06-11 17:36:05.178.809] [INFO  ] [Battery] SoC = 76%, Volt = +31.100V, Temp 28 
[2025-06-11 17:36:06.997.349] [INFO  ] [Controller] [Joints] FL: +35.433, +31.969, +35.433 ,FR: +37.165, +31.969, +33.701, HL: 44.094, +31.969, +42.362, HR: +42.362, +33.701, +51.024 Max HR-Knee = +51.024 Min FL-HipY = +31.969 
[2025-06-11 17:36:09.497.350] [INFO  ] [Controller] [Joints] FL: +35.433, +31.969, +35.433 ,FR: +37.165, +31.969, +33.701, HL: 44.094, +31.969, +42.362, HR: +42.362, +33.701, +51.024 Max HR-Knee = +51.024 Min FL-HipY = +31.969 
[2025-06-11 17:36:10.166.127] [INFO  ] [Battery] SoC = 76%, Volt = +31.100V, Temp 28 
[2025-06-11 17:36:11.997.350] [INFO  ] [Controller] [Joints] FL: +35.433, +31.969, +35.433 ,FR: +37.165, +31.969, +33.701, HL: 44.094, +31.969, +42.362, HR: +42.362, +33.701, +51.024 Max HR-Knee = +51.024 Min FL-HipY = +31.969 
[2025-06-11 17:36:14.497.356] [INFO  ] [Controller] [Joints] FL: +35.433, +31.969, +35.433 ,FR: +37.165, +31.969, +33.701, HL: 44.094, +31.969, +42.362, HR: +42.362, +33.701, +51.024 Max HR-Knee = +51.024 Min FL-HipY = +31.969 
[2025-06-11 17:36:15.153.372] [INFO  ] [Battery] SoC = 75%, Volt = +31.100V, Temp 28 
[2025-06-11 17:36:16.997.364] [INFO  ] [Controller] [Joints] FL: +35.433, +31.969, +35.433 ,FR: +37.165, +31.969, +33.701, HL: 44.094, +31.969, +42.362, HR: +42.362, +33.701, +51.024 Max HR-Knee = +51.024 Min FL-HipY = +31.969 
[2025-06-11 17:36:19.497.353] [INFO  ] [Controller] [Joints] FL: +35.433, +31.969, +35.433 ,FR: +37.165, +31.969, +33.701, HL: 44.094, +31.969, +42.362, HR: +42.362, +33.701, +51.024 Max HR-Knee = +51.024 Min FL-HipY = +31.969 
[2025-06-11 17:36:20.140.603] [INFO  ] [Battery] SoC = 75%, Volt = +31.100V, Temp 28 
[2025-06-11 17:36:21.997.352] [INFO  ] [Controller] [Joints] FL: +35.433, +31.969, +35.433 ,FR: +37.165, +31.969, +33.701, HL: 44.094, +31.969, +42.362, HR: +42.362, +33.701, +51.024 Max HR-Knee = +51.024 Min FL-HipY = +31.969 
[2025-06-11 17:36:24.497.354] [INFO  ] [Controller] [Joints] FL: +35.433, +31.969, +35.433 ,FR: +37.165, +31.969, +33.701, HL: 44.094, +31.969, +42.362, HR: +42.362, +33.701, +51.024 Max HR-Knee = +51.024 Min FL-HipY = +31.969 
[2025-06-11 17:36:25.127.857] [INFO  ] [Battery] SoC = 75%, Volt = +31.100V, Temp 28 
[2025-06-11 17:36:26.997.352] [INFO  ] [Controller] [Joints] FL: +35.433, +31.969, +35.433 ,FR: +37.165, +31.969, +33.701, HL: 44.094, +31.969, +42.362, HR: +42.362, +33.701, +51.024 Max HR-Knee = +51.024 Min FL-HipY = +31.969 
[2025-06-11 17:36:29.497.351] [INFO  ] [Controller] [Joints] FL: +35.433, +31.969, +35.433 ,FR: +37.165, +31.969, +33.701, HL: 44.094, +31.969, +42.362, HR: +42.362, +33.701, +52.756 Max HR-Knee = +52.756 Min FL-HipY = +31.969 
[2025-06-11 17:36:30.115.204] [INFO  ] [Battery] SoC = 75%, Volt = +31.100V, Temp 28 
[2025-06-11 17:36:31.997.350] [INFO  ] [Controller] [Joints] FL: +35.433, +31.969, +35.433 ,FR: +37.165, +31.969, +33.701, HL: 44.094, +31.969, +42.362, HR: +42.362, +33.701, +52.756 Max HR-Knee = +52.756 Min FL-HipY = +31.969 
[2025-06-11 17:36:34.497.351] [INFO  ] [Controller] [Joints] FL: +35.433, +31.969, +35.433 ,FR: +37.165, +31.969, +33.701, HL: 44.094, +31.969, +42.362, HR: +42.362, +33.701, +52.756 Max HR-Knee = +52.756 Min FL-HipY = +31.969 
[2025-06-11 17:36:35.102.496] [INFO  ] [Battery] SoC = 75%, Volt = +31.100V, Temp 28 
[2025-06-11 17:36:36.997.354] [INFO  ] [Controller] [Joints] FL: +35.433, +31.969, +35.433 ,FR: +37.165, +31.969, +33.701, HL: 44.094, +31.969, +42.362, HR: +42.362, +33.701, +52.756 Max HR-Knee = +52.756 Min FL-HipY = +31.969 
[2025-06-11 17:36:39.497.352] [INFO  ] [Controller] [Joints] FL: +35.433, +31.969, +35.433 ,FR: +37.165, +31.969, +35.433, HL: 44.094, +31.969, +42.362, HR: +42.362, +33.701, +52.756 Max HR-Knee = +52.756 Min FL-HipY = +31.969 
[2025-06-11 17:36:40.089.872] [INFO  ] [Battery] SoC = 75%, Volt = +31.100V, Temp 28 
[2025-06-11 17:36:41.997.354] [INFO  ] [Controller] [Joints] FL: +35.433, +31.969, +35.433 ,FR: +37.165, +31.969, +35.433, HL: 44.094, +31.969, +42.362, HR: +42.362, +33.701, +52.756 Max HR-Knee = +52.756 Min FL-HipY = +31.969 
[2025-06-11 17:36:44.497.353] [INFO  ] [Controller] [Joints] FL: +35.433, +33.701, +35.433 ,FR: +37.165, +31.969, +35.433, HL: 44.094, +31.969, +42.362, HR: +42.362, +33.701, +52.756 Max HR-Knee = +52.756 Min FR-HipY = +31.969 
[2025-06-11 17:36:45.077.251] [INFO  ] [Battery] SoC = 75%, Volt = +31.100V, Temp 28 
[2025-06-11 17:36:46.997.352] [INFO  ] [Controller] [Joints] FL: +35.433, +33.701, +35.433 ,FR: +37.165, +31.969, +35.433, HL: 44.094, +31.969, +42.362, HR: +42.362, +33.701, +52.756 Max HR-Knee = +52.756 Min FR-HipY = +31.969 
[2025-06-11 17:36:49.497.352] [INFO  ] [Controller] [Joints] FL: +35.433, +33.701, +35.433 ,FR: +37.165, +31.969, +35.433, HL: 44.094, +31.969, +42.362, HR: +42.362, +33.701, +52.756 Max HR-Knee = +52.756 Min FR-HipY = +31.969 
[2025-06-11 17:36:50.064.517] [INFO  ] [Battery] SoC = 75%, Volt = +31.100V, Temp 28 
[2025-06-11 17:36:51.997.351] [INFO  ] [Controller] [Joints] FL: +35.433, +33.701, +35.433 ,FR: +37.165, +31.969, +35.433, HL: 44.094, +31.969, +42.362, HR: +42.362, +33.701, +52.756 Max HR-Knee = +52.756 Min FR-HipY = +31.969 
[2025-06-11 17:36:54.497.349] [INFO  ] [Controller] [Joints] FL: +35.433, +33.701, +35.433 ,FR: +37.165, +31.969, +35.433, HL: 44.094, +31.969, +42.362, HR: +44.094, +33.701, +52.756 Max HR-Knee = +52.756 Min FR-HipY = +31.969 
[2025-06-11 17:36:55.051.935] [INFO  ] [Battery] SoC = 75%, Volt = +31.100V, Temp 28 
[2025-06-11 17:36:56.997.350] [INFO  ] [Controller] [Joints] FL: +35.433, +33.701, +35.433 ,FR: +37.165, +31.969, +35.433, HL: 44.094, +31.969, +42.362, HR: +44.094, +33.701, +52.756 Max HR-Knee = +52.756 Min FR-HipY = +31.969 
[2025-06-11 17:36:59.497.352] [INFO  ] [Controller] [Joints] FL: +35.433, +33.701, +35.433 ,FR: +37.165, +31.969, +35.433, HL: 44.094, +31.969, +42.362, HR: +44.094, +33.701, +52.756 Max HR-Knee = +52.756 Min FR-HipY = +31.969 
[2025-06-11 17:37:00.039.471] [INFO  ] [Battery] SoC = 75%, Volt = +31.100V, Temp 28 
[2025-06-11 17:37:01.997.348] [INFO  ] [Controller] [Joints] FL: +35.433, +33.701, +35.433 ,FR: +37.165, +31.969, +35.433, HL: 44.094, +31.969, +42.362, HR: +44.094, +33.701, +52.756 Max HR-Knee = +52.756 Min FR-HipY = +31.969 
[2025-06-11 17:37:04.497.350] [INFO  ] [Controller] [Joints] FL: +35.433, +33.701, +35.433 ,FR: +37.165, +31.969, +35.433, HL: 44.094, +31.969, +42.362, HR: +44.094, +33.701, +52.756 Max HR-Knee = +52.756 Min FR-HipY = +31.969 
[2025-06-11 17:37:05.026.779] [INFO  ] [Battery] SoC = 75%, Volt = +31.100V, Temp 28 
[2025-06-11 17:37:06.997.350] [INFO  ] [Controller] [Joints] FL: +35.433, +33.701, +35.433 ,FR: +37.165, +31.969, +35.433, HL: 44.094, +31.969, +42.362, HR: +44.094, +33.701, +52.756 Max HR-Knee = +52.756 Min FR-HipY = +31.969 
[2025-06-11 17:37:09.497.350] [INFO  ] [Controller] [Joints] FL: +35.433, +33.701, +35.433 ,FR: +37.165, +31.969, +35.433, HL: 44.094, +31.969, +42.362, HR: +44.094, +33.701, +52.756 Max HR-Knee = +52.756 Min FR-HipY = +31.969 
[2025-06-11 17:37:10.014.211] [INFO  ] [Battery] SoC = 75%, Volt = +31.100V, Temp 28 
[2025-06-11 17:37:11.997.351] [INFO  ] [Controller] [Joints] FL: +35.433, +33.701, +35.433 ,FR: +37.165, +31.969, +35.433, HL: 44.094, +31.969, +42.362, HR: +44.094, +33.701, +52.756 Max HR-Knee = +52.756 Min FR-HipY = +31.969 
[2025-06-11 17:37:14.497.351] [INFO  ] [Controller] [Joints] FL: +35.433, +33.701, +35.433 ,FR: +37.165, +31.969, +35.433, HL: 44.094, +31.969, +42.362, HR: +44.094, +33.701, +52.756 Max HR-Knee = +52.756 Min FR-HipY = +31.969 
[2025-06-11 17:37:15.001.577] [INFO  ] [Battery] SoC = 75%, Volt = +31.100V, Temp 28 
[2025-06-11 17:37:16.997.352] [INFO  ] [Controller] [Joints] FL: +35.433, +33.701, +35.433 ,FR: +37.165, +31.969, +35.433, HL: 44.094, +33.701, +42.362, HR: +44.094, +33.701, +52.756 Max HR-Knee = +52.756 Min FR-HipY = +31.969 
[2025-06-11 17:37:19.497.350] [INFO  ] [Controller] [Joints] FL: +35.433, +33.701, +35.433 ,FR: +37.165, +31.969, +35.433, HL: 44.094, +33.701, +42.362, HR: +44.094, +33.701, +52.756 Max HR-Knee = +52.756 Min FR-HipY = +31.969 
[2025-06-11 17:37:19.989.006] [INFO  ] [Battery] SoC = 75%, Volt = +31.100V, Temp 28 
[2025-06-11 17:37:21.997.340] [INFO  ] [Controller] [Joints] FL: +35.433, +33.701, +35.433 ,FR: +37.165, +31.969, +35.433, HL: 44.094, +33.701, +42.362, HR: +44.094, +33.701, +52.756 Max HR-Knee = +52.756 Min FR-HipY = +31.969 
[2025-06-11 17:37:24.497.353] [INFO  ] [Controller] [Joints] FL: +35.433, +33.701, +35.433 ,FR: +37.165, +33.701, +35.433, HL: 44.094, +33.701, +42.362, HR: +44.094, +33.701, +52.756 Max HR-Knee = +52.756 Min FL-HipY = +33.701 
[2025-06-11 17:37:24.976.373] [INFO  ] [Battery] SoC = 75%, Volt = +31.100V, Temp 28 
[2025-06-11 17:37:26.997.348] [INFO  ] [Controller] [Joints] FL: +35.433, +33.701, +35.433 ,FR: +37.165, +31.969, +35.433, HL: 44.094, +33.701, +42.362, HR: +44.094, +33.701, +52.756 Max HR-Knee = +52.756 Min FR-HipY = +31.969 
[2025-06-11 17:37:29.497.348] [INFO  ] [Controller] [Joints] FL: +35.433, +33.701, +35.433 ,FR: +37.165, +31.969, +35.433, HL: 44.094, +33.701, +42.362, HR: +44.094, +33.701, +52.756 Max HR-Knee = +52.756 Min FR-HipY = +31.969 
[2025-06-11 17:37:29.963.776] [INFO  ] [Battery] SoC = 74%, Volt = +31.000V, Temp 28 
[2025-06-11 17:37:31.997.350] [INFO  ] [Controller] [Joints] FL: +35.433, +33.701, +35.433 ,FR: +37.165, +33.701, +35.433, HL: 44.094, +33.701, +42.362, HR: +44.094, +33.701, +52.756 Max HR-Knee = +52.756 Min FL-HipY = +33.701 
[2025-06-11 17:37:34.497.350] [INFO  ] [Controller] [Joints] FL: +35.433, +33.701, +35.433 ,FR: +37.165, +33.701, +35.433, HL: 44.094, +33.701, +42.362, HR: +44.094, +33.701, +52.756 Max HR-Knee = +52.756 Min FL-HipY = +33.701 
[2025-06-11 17:37:34.951.660] [INFO  ] [Battery] SoC = 74%, Volt = +31.000V, Temp 28 
[2025-06-11 17:37:36.997.351] [INFO  ] [Controller] [Joints] FL: +35.433, +33.701, +35.433 ,FR: +37.165, +33.701, +35.433, HL: 44.094, +33.701, +42.362, HR: +44.094, +33.701, +52.756 Max HR-Knee = +52.756 Min FL-HipY = +33.701 
[2025-06-11 17:37:39.497.349] [INFO  ] [Controller] [Joints] FL: +35.433, +33.701, +35.433 ,FR: +37.165, +33.701, +35.433, HL: 44.094, +33.701, +42.362, HR: +44.094, +33.701, +52.756 Max HR-Knee = +52.756 Min FL-HipY = +33.701 
[2025-06-11 17:37:39.939.460] [INFO  ] [Battery] SoC = 74%, Volt = +31.000V, Temp 28 
[2025-06-11 17:37:41.997.349] [INFO  ] [Controller] [Joints] FL: +35.433, +33.701, +35.433 ,FR: +37.165, +33.701, +35.433, HL: 44.094, +33.701, +42.362, HR: +44.094, +33.701, +52.756 Max HR-Knee = +52.756 Min FL-HipY = +33.701 
[2025-06-11 17:37:44.497.349] [INFO  ] [Controller] [Joints] FL: +35.433, +33.701, +35.433 ,FR: +37.165, +33.701, +35.433, HL: 44.094, +33.701, +42.362, HR: +44.094, +33.701, +52.756 Max HR-Knee = +52.756 Min FL-HipY = +33.701 
[2025-06-11 17:37:44.927.225] [INFO  ] [Battery] SoC = 74%, Volt = +31.000V, Temp 28 
[2025-06-11 17:37:46.997.350] [INFO  ] [Controller] [Joints] FL: +35.433, +33.701, +35.433 ,FR: +37.165, +33.701, +35.433, HL: 44.094, +33.701, +42.362, HR: +44.094, +33.701, +52.756 Max HR-Knee = +52.756 Min FL-HipY = +33.701 
[2025-06-11 17:37:49.497.350] [INFO  ] [Controller] [Joints] FL: +35.433, +33.701, +35.433 ,FR: +37.165, +33.701, +35.433, HL: 44.094, +33.701, +42.362, HR: +44.094, +33.701, +52.756 Max HR-Knee = +52.756 Min FL-HipY = +33.701 
[2025-06-11 17:37:49.914.944] [INFO  ] [Battery] SoC = 74%, Volt = +31.000V, Temp 28 
[2025-06-11 17:37:51.997.352] [INFO  ] [Controller] [Joints] FL: +35.433, +33.701, +35.433 ,FR: +37.165, +33.701, +35.433, HL: 44.094, +33.701, +42.362, HR: +44.094, +33.701, +52.756 Max HR-Knee = +52.756 Min FL-HipY = +33.701 
[2025-06-11 17:37:54.497.350] [INFO  ] [Controller] [Joints] FL: +35.433, +33.701, +35.433 ,FR: +37.165, +33.701, +35.433, HL: 44.094, +33.701, +42.362, HR: +44.094, +33.701, +52.756 Max HR-Knee = +52.756 Min FL-HipY = +33.701 
[2025-06-11 17:37:54.902.747] [INFO  ] [Battery] SoC = 74%, Volt = +31.000V, Temp 28 
[2025-06-11 17:37:56.997.349] [INFO  ] [Controller] [Joints] FL: +35.433, +33.701, +35.433 ,FR: +37.165, +33.701, +35.433, HL: 44.094, +33.701, +42.362, HR: +44.094, +33.701, +52.756 Max HR-Knee = +52.756 Min FL-HipY = +33.701 
[2025-06-11 17:37:59.497.350] [INFO  ] [Controller] [Joints] FL: +35.433, +33.701, +35.433 ,FR: +37.165, +33.701, +35.433, HL: 44.094, +33.701, +42.362, HR: +44.094, +33.701, +52.756 Max HR-Knee = +52.756 Min FL-HipY = +33.701 
[2025-06-11 17:37:59.890.644] [INFO  ] [Battery] SoC = 74%, Volt = +31.000V, Temp 28 
[2025-06-11 17:38:01.997.346] [INFO  ] [Controller] [Joints] FL: +35.433, +33.701, +35.433 ,FR: +37.165, +33.701, +35.433, HL: 44.094, +33.701, +42.362, HR: +44.094, +33.701, +52.756 Max HR-Knee = +52.756 Min FL-HipY = +33.701 
[2025-06-11 17:38:04.497.349] [INFO  ] [Controller] [Joints] FL: +35.433, +33.701, +35.433 ,FR: +37.165, +33.701, +35.433, HL: 44.094, +33.701, +42.362, HR: +44.094, +33.701, +52.756 Max HR-Knee = +52.756 Min FL-HipY = +33.701 
[2025-06-11 17:38:04.878.430] [INFO  ] [Battery] SoC = 74%, Volt = +31.000V, Temp 28 
[2025-06-11 17:38:06.997.353] [INFO  ] [Controller] [Joints] FL: +35.433, +33.701, +35.433 ,FR: +37.165, +33.701, +35.433, HL: 44.094, +33.701, +42.362, HR: +44.094, +33.701, +52.756 Max HR-Knee = +52.756 Min FL-HipY = +33.701 
[2025-06-11 17:38:09.497.353] [INFO  ] [Controller] [Joints] FL: +35.433, +33.701, +35.433 ,FR: +37.165, +33.701, +35.433, HL: 44.094, +33.701, +42.362, HR: +44.094, +33.701, +52.756 Max HR-Knee = +52.756 Min FL-HipY = +33.701 
[2025-06-11 17:38:09.866.167] [INFO  ] [Battery] SoC = 74%, Volt = +31.000V, Temp 28 
[2025-06-11 17:38:11.997.353] [INFO  ] [Controller] [Joints] FL: +35.433, +33.701, +35.433 ,FR: +37.165, +33.701, +35.433, HL: 44.094, +33.701, +42.362, HR: +44.094, +33.701, +52.756 Max HR-Knee = +52.756 Min FL-HipY = +33.701 
[2025-06-11 17:38:14.497.353] [INFO  ] [Controller] [Joints] FL: +35.433, +33.701, +35.433 ,FR: +37.165, +33.701, +35.433, HL: 44.094, +33.701, +42.362, HR: +44.094, +33.701, +52.756 Max HR-Knee = +52.756 Min FL-HipY = +33.701 
[2025-06-11 17:38:14.853.897] [INFO  ] [Battery] SoC = 74%, Volt = +31.000V, Temp 28 
[2025-06-11 17:38:16.997.352] [INFO  ] [Controller] [Joints] FL: +35.433, +33.701, +35.433 ,FR: +37.165, +33.701, +35.433, HL: 44.094, +33.701, +42.362, HR: +44.094, +33.701, +52.756 Max HR-Knee = +52.756 Min FL-HipY = +33.701 
[2025-06-11 17:38:19.497.351] [INFO  ] [Controller] [Joints] FL: +35.433, +33.701, +35.433 ,FR: +37.165, +33.701, +35.433, HL: 44.094, +33.701, +42.362, HR: +44.094, +33.701, +52.756 Max HR-Knee = +52.756 Min FL-HipY = +33.701 
[2025-06-11 17:38:19.841.727] [INFO  ] [Battery] SoC = 74%, Volt = +31.000V, Temp 28 
[2025-06-11 17:38:21.997.354] [INFO  ] [Controller] [Joints] FL: +35.433, +33.701, +35.433 ,FR: +37.165, +33.701, +35.433, HL: 44.094, +33.701, +42.362, HR: +44.094, +33.701, +52.756 Max HR-Knee = +52.756 Min FL-HipY = +33.701 
[2025-06-11 17:38:24.497.348] [INFO  ] [Controller] [Joints] FL: +35.433, +33.701, +35.433 ,FR: +37.165, +33.701, +35.433, HL: 44.094, +33.701, +42.362, HR: +44.094, +33.701, +52.756 Max HR-Knee = +52.756 Min FL-HipY = +33.701 
[2025-06-11 17:38:24.829.624] [INFO  ] [Battery] SoC = 74%, Volt = +31.000V, Temp 28 
[2025-06-11 17:38:26.997.351] [INFO  ] [Controller] [Joints] FL: +35.433, +33.701, +35.433 ,FR: +37.165, +33.701, +35.433, HL: 44.094, +33.701, +42.362, HR: +44.094, +33.701, +52.756 Max HR-Knee = +52.756 Min FL-HipY = +33.701 
[2025-06-11 17:38:29.497.351] [INFO  ] [Controller] [Joints] FL: +35.433, +33.701, +35.433 ,FR: +37.165, +33.701, +35.433, HL: 44.094, +33.701, +42.362, HR: +44.094, +33.701, +52.756 Max HR-Knee = +52.756 Min FL-HipY = +33.701 
[2025-06-11 17:38:29.817.585] [INFO  ] [Battery] SoC = 74%, Volt = +31.000V, Temp 28 
[2025-06-11 17:38:31.997.351] [INFO  ] [Controller] [Joints] FL: +35.433, +33.701, +35.433 ,FR: +37.165, +33.701, +35.433, HL: 44.094, +33.701, +42.362, HR: +44.094, +33.701, +52.756 Max HR-Knee = +52.756 Min FL-HipY = +33.701 
[2025-06-11 17:38:34.497.351] [INFO  ] [Controller] [Joints] FL: +35.433, +33.701, +35.433 ,FR: +37.165, +33.701, +35.433, HL: 44.094, +33.701, +42.362, HR: +44.094, +33.701, +52.756 Max HR-Knee = +52.756 Min FL-HipY = +33.701 
[2025-06-11 17:38:34.805.531] [INFO  ] [Battery] SoC = 74%, Volt = +31.000V, Temp 28 
[2025-06-11 17:38:36.997.353] [INFO  ] [Controller] [Joints] FL: +35.433, +33.701, +35.433 ,FR: +37.165, +33.701, +35.433, HL: 44.094, +33.701, +42.362, HR: +44.094, +33.701, +52.756 Max HR-Knee = +52.756 Min FL-HipY = +33.701 
[2025-06-11 17:38:39.497.352] [INFO  ] [Controller] [Joints] FL: +35.433, +33.701, +35.433 ,FR: +37.165, +33.701, +35.433, HL: 44.094, +33.701, +42.362, HR: +44.094, +33.701, +52.756 Max HR-Knee = +52.756 Min FL-HipY = +33.701 
[2025-06-11 17:38:39.793.350] [INFO  ] [Battery] SoC = 74%, Volt = +31.000V, Temp 28 
[2025-06-11 17:38:41.997.350] [INFO  ] [Controller] [Joints] FL: +35.433, +33.701, +35.433 ,FR: +37.165, +33.701, +35.433, HL: 44.094, +33.701, +42.362, HR: +44.094, +33.701, +52.756 Max HR-Knee = +52.756 Min FL-HipY = +33.701 
[2025-06-11 17:38:44.497.352] [INFO  ] [Controller] [Joints] FL: +35.433, +33.701, +35.433 ,FR: +37.165, +33.701, +35.433, HL: 45.827, +33.701, +42.362, HR: +44.094, +33.701, +52.756 Max HR-Knee = +52.756 Min FL-HipY = +33.701 
[2025-06-11 17:38:44.781.238] [INFO  ] [Battery] SoC = 73%, Volt = +31.000V, Temp 28 
[2025-06-11 17:38:46.997.353] [INFO  ] [Controller] [Joints] FL: +35.433, +33.701, +35.433 ,FR: +37.165, +33.701, +35.433, HL: 45.827, +33.701, +42.362, HR: +44.094, +33.701, +52.756 Max HR-Knee = +52.756 Min FL-HipY = +33.701 
[2025-06-11 17:38:49.497.350] [INFO  ] [Controller] [Joints] FL: +35.433, +33.701, +35.433 ,FR: +37.165, +33.701, +35.433, HL: 45.827, +33.701, +42.362, HR: +44.094, +33.701, +52.756 Max HR-Knee = +52.756 Min FL-HipY = +33.701 
[2025-06-11 17:38:49.769.169] [INFO  ] [Battery] SoC = 73%, Volt = +31.000V, Temp 28 
[2025-06-11 17:38:51.997.350] [INFO  ] [Controller] [Joints] FL: +35.433, +33.701, +35.433 ,FR: +37.165, +33.701, +35.433, HL: 45.827, +33.701, +44.094, HR: +44.094, +33.701, +52.756 Max HR-Knee = +52.756 Min FL-HipY = +33.701 
[2025-06-11 17:38:54.497.349] [INFO  ] [Controller] [Joints] FL: +35.433, +33.701, +35.433 ,FR: +37.165, +33.701, +35.433, HL: 45.827, +33.701, +44.094, HR: +44.094, +33.701, +52.756 Max HR-Knee = +52.756 Min FL-HipY = +33.701 
[2025-06-11 17:38:54.756.985] [INFO  ] [Battery] SoC = 73%, Volt = +31.000V, Temp 28 
[2025-06-11 17:38:56.997.351] [INFO  ] [Controller] [Joints] FL: +35.433, +33.701, +35.433 ,FR: +37.165, +33.701, +35.433, HL: 45.827, +33.701, +44.094, HR: +44.094, +33.701, +52.756 Max HR-Knee = +52.756 Min FL-HipY = +33.701 
[2025-06-11 17:38:59.497.349] [INFO  ] [Controller] [Joints] FL: +35.433, +33.701, +35.433 ,FR: +37.165, +33.701, +35.433, HL: 45.827, +33.701, +44.094, HR: +44.094, +33.701, +52.756 Max HR-Knee = +52.756 Min FL-HipY = +33.701 
[2025-06-11 17:38:59.744.963] [INFO  ] [Battery] SoC = 73%, Volt = +31.000V, Temp 28 
[2025-06-11 17:39:01.997.353] [INFO  ] [Controller] [Joints] FL: +35.433, +33.701, +35.433 ,FR: +37.165, +33.701, +35.433, HL: 45.827, +33.701, +44.094, HR: +44.094, +33.701, +52.756 Max HR-Knee = +52.756 Min FL-HipY = +33.701 
[2025-06-11 17:39:04.497.352] [INFO  ] [Controller] [Joints] FL: +35.433, +33.701, +35.433 ,FR: +37.165, +33.701, +35.433, HL: 45.827, +33.701, +44.094, HR: +44.094, +33.701, +52.756 Max HR-Knee = +52.756 Min FL-HipY = +33.701 
[2025-06-11 17:39:04.732.852] [INFO  ] [Battery] SoC = 73%, Volt = +31.000V, Temp 28 
[2025-06-11 17:39:06.997.352] [INFO  ] [Controller] [Joints] FL: +35.433, +33.701, +35.433 ,FR: +37.165, +33.701, +35.433, HL: 45.827, +33.701, +44.094, HR: +44.094, +33.701, +52.756 Max HR-Knee = +52.756 Min FL-HipY = +33.701 
[2025-06-11 17:39:09.497.350] [INFO  ] [Controller] [Joints] FL: +35.433, +33.701, +35.433 ,FR: +37.165, +33.701, +35.433, HL: 45.827, +33.701, +44.094, HR: +44.094, +33.701, +52.756 Max HR-Knee = +52.756 Min FL-HipY = +33.701 
[2025-06-11 17:39:09.720.729] [INFO  ] [Battery] SoC = 73%, Volt = +31.000V, Temp 28 
[2025-06-11 17:39:11.997.350] [INFO  ] [Controller] [Joints] FL: +35.433, +33.701, +35.433 ,FR: +37.165, +33.701, +35.433, HL: 45.827, +33.701, +44.094, HR: +44.094, +33.701, +52.756 Max HR-Knee = +52.756 Min FL-HipY = +33.701 
[2025-06-11 17:39:14.497.350] [INFO  ] [Controller] [Joints] FL: +35.433, +33.701, +35.433 ,FR: +37.165, +33.701, +35.433, HL: 45.827, +33.701, +44.094, HR: +44.094, +33.701, +52.756 Max HR-Knee = +52.756 Min FL-HipY = +33.701 
[2025-06-11 17:39:14.708.465] [INFO  ] [Battery] SoC = 73%, Volt = +30.900V, Temp 28 
[2025-06-11 17:39:16.997.348] [INFO  ] [Controller] [Joints] FL: +35.433, +33.701, +35.433 ,FR: +37.165, +33.701, +35.433, HL: 45.827, +33.701, +44.094, HR: +44.094, +33.701, +52.756 Max HR-Knee = +52.756 Min FL-HipY = +33.701 
[2025-06-11 17:39:19.497.341] [INFO  ] [Controller] [Joints] FL: +35.433, +33.701, +35.433 ,FR: +37.165, +33.701, +35.433, HL: 45.827, +33.701, +44.094, HR: +44.094, +33.701, +52.756 Max HR-Knee = +52.756 Min FL-HipY = +33.701 
[2025-06-11 17:39:19.696.245] [INFO  ] [Battery] SoC = 73%, Volt = +30.900V, Temp 28 
[2025-06-11 17:39:21.997.348] [INFO  ] [Controller] [Joints] FL: +35.433, +33.701, +35.433 ,FR: +37.165, +33.701, +35.433, HL: 45.827, +33.701, +44.094, HR: +44.094, +33.701, +52.756 Max HR-Knee = +52.756 Min FL-HipY = +33.701 
[2025-06-11 17:39:24.497.351] [INFO  ] [Controller] [Joints] FL: +35.433, +33.701, +35.433 ,FR: +37.165, +33.701, +35.433, HL: 45.827, +33.701, +44.094, HR: +44.094, +33.701, +52.756 Max HR-Knee = +52.756 Min FL-HipY = +33.701 
[2025-06-11 17:39:24.684.148] [INFO  ] [Battery] SoC = 73%, Volt = +30.900V, Temp 28 
[2025-06-11 17:39:26.997.350] [INFO  ] [Controller] [Joints] FL: +35.433, +33.701, +35.433 ,FR: +37.165, +33.701, +35.433, HL: 45.827, +33.701, +44.094, HR: +44.094, +33.701, +52.756 Max HR-Knee = +52.756 Min FL-HipY = +33.701 
[2025-06-11 17:39:29.497.348] [INFO  ] [Controller] [Joints] FL: +35.433, +33.701, +35.433 ,FR: +37.165, +33.701, +35.433, HL: 45.827, +33.701, +44.094, HR: +44.094, +33.701, +52.756 Max HR-Knee = +52.756 Min FL-HipY = +33.701 
[2025-06-11 17:39:29.671.882] [INFO  ] [Battery] SoC = 73%, Volt = +30.900V, Temp 28 
[2025-06-11 17:39:31.997.349] [INFO  ] [Controller] [Joints] FL: +35.433, +33.701, +35.433 ,FR: +37.165, +33.701, +35.433, HL: 45.827, +33.701, +44.094, HR: +44.094, +33.701, +52.756 Max HR-Knee = +52.756 Min FL-HipY = +33.701 
[2025-06-11 17:39:34.497.350] [INFO  ] [Controller] [Joints] FL: +35.433, +33.701, +35.433 ,FR: +37.165, +33.701, +35.433, HL: 45.827, +33.701, +44.094, HR: +44.094, +33.701, +52.756 Max HR-Knee = +52.756 Min FL-HipY = +33.701 
[2025-06-11 17:39:34.659.559] [INFO  ] [Battery] SoC = 73%, Volt = +30.900V, Temp 28 
[2025-06-11 17:39:36.997.349] [INFO  ] [Controller] [Joints] FL: +35.433, +33.701, +35.433 ,FR: +37.165, +33.701, +35.433, HL: 45.827, +33.701, +44.094, HR: +44.094, +33.701, +52.756 Max HR-Knee = +52.756 Min FL-HipY = +33.701 
[2025-06-11 17:39:39.497.350] [INFO  ] [Controller] [Joints] FL: +35.433, +33.701, +35.433 ,FR: +37.165, +33.701, +35.433, HL: 45.827, +33.701, +44.094, HR: +44.094, +33.701, +52.756 Max HR-Knee = +52.756 Min FL-HipY = +33.701 
[2025-06-11 17:39:39.647.158] [INFO  ] [Battery] SoC = 73%, Volt = +30.900V, Temp 28 
[2025-06-11 17:39:41.997.350] [INFO  ] [Controller] [Joints] FL: +35.433, +33.701, +35.433 ,FR: +37.165, +33.701, +35.433, HL: 45.827, +33.701, +44.094, HR: +44.094, +33.701, +52.756 Max HR-Knee = +52.756 Min FL-HipY = +33.701 
[2025-06-11 17:39:44.497.350] [INFO  ] [Controller] [Joints] FL: +35.433, +33.701, +35.433 ,FR: +37.165, +33.701, +35.433, HL: 45.827, +33.701, +44.094, HR: +45.827, +33.701, +52.756 Max HR-Knee = +52.756 Min FL-HipY = +33.701 
[2025-06-11 17:39:44.634.801] [INFO  ] [Battery] SoC = 73%, Volt = +30.900V, Temp 28 
[2025-06-11 17:39:46.997.351] [INFO  ] [Controller] [Joints] FL: +35.433, +33.701, +35.433 ,FR: +37.165, +33.701, +35.433, HL: 45.827, +33.701, +44.094, HR: +45.827, +33.701, +52.756 Max HR-Knee = +52.756 Min FL-HipY = +33.701 
[2025-06-11 17:39:49.497.351] [INFO  ] [Controller] [Joints] FL: +35.433, +33.701, +35.433 ,FR: +37.165, +33.701, +35.433, HL: 45.827, +33.701, +44.094, HR: +45.827, +33.701, +52.756 Max HR-Knee = +52.756 Min FL-HipY = +33.701 
[2025-06-11 17:39:49.622.444] [INFO  ] [Battery] SoC = 73%, Volt = +30.900V, Temp 28 
[2025-06-11 17:39:51.997.347] [INFO  ] [Controller] [Joints] FL: +35.433, +33.701, +35.433 ,FR: +37.165, +33.701, +35.433, HL: 45.827, +33.701, +44.094, HR: +45.827, +33.701, +52.756 Max HR-Knee = +52.756 Min FL-HipY = +33.701 
[2025-06-11 17:39:54.497.350] [INFO  ] [Controller] [Joints] FL: +35.433, +33.701, +35.433 ,FR: +37.165, +33.701, +35.433, HL: 45.827, +33.701, +44.094, HR: +45.827, +33.701, +52.756 Max HR-Knee = +52.756 Min FL-HipY = +33.701 
[2025-06-11 17:39:54.610.210] [INFO  ] [Battery] SoC = 73%, Volt = +30.900V, Temp 28 
[2025-06-11 17:39:56.997.350] [INFO  ] [Controller] [Joints] FL: +35.433, +33.701, +35.433 ,FR: +37.165, +33.701, +35.433, HL: 45.827, +33.701, +44.094, HR: +45.827, +33.701, +52.756 Max HR-Knee = +52.756 Min FL-HipY = +33.701 
[2025-06-11 17:39:59.497.351] [INFO  ] [Controller] [Joints] FL: +35.433, +33.701, +35.433 ,FR: +37.165, +33.701, +35.433, HL: 45.827, +33.701, +44.094, HR: +45.827, +33.701, +52.756 Max HR-Knee = +52.756 Min FL-HipY = +33.701 
[2025-06-11 17:39:59.598.060] [INFO  ] [Battery] SoC = 72%, Volt = +30.900V, Temp 28 
[2025-06-11 17:40:01.997.353] [INFO  ] [Controller] [Joints] FL: +35.433, +33.701, +35.433 ,FR: +37.165, +33.701, +35.433, HL: 45.827, +33.701, +44.094, HR: +45.827, +33.701, +52.756 Max HR-Knee = +52.756 Min FL-HipY = +33.701 
[2025-06-11 17:40:04.497.351] [INFO  ] [Controller] [Joints] FL: +35.433, +33.701, +35.433 ,FR: +37.165, +33.701, +35.433, HL: 45.827, +33.701, +44.094, HR: +45.827, +33.701, +52.756 Max HR-Knee = +52.756 Min FL-HipY = +33.701 
[2025-06-11 17:40:04.586.133] [INFO  ] [Battery] SoC = 72%, Volt = +30.900V, Temp 28 
[2025-06-11 17:40:06.997.352] [INFO  ] [Controller] [Joints] FL: +35.433, +33.701, +35.433 ,FR: +37.165, +33.701, +35.433, HL: 45.827, +33.701, +44.094, HR: +45.827, +33.701, +54.488 Max HR-Knee = +54.488 Min FL-HipY = +33.701 
[2025-06-11 17:40:09.497.351] [INFO  ] [Controller] [Joints] FL: +35.433, +33.701, +35.433 ,FR: +37.165, +33.701, +35.433, HL: 45.827, +33.701, +44.094, HR: +45.827, +33.701, +54.488 Max HR-Knee = +54.488 Min FL-HipY = +33.701 
[2025-06-11 17:40:09.573.726] [INFO  ] [Battery] SoC = 72%, Volt = +30.900V, Temp 28 
[2025-06-11 17:40:11.997.353] [INFO  ] [Controller] [Joints] FL: +35.433, +33.701, +35.433 ,FR: +37.165, +33.701, +35.433, HL: 45.827, +33.701, +44.094, HR: +45.827, +33.701, +54.488 Max HR-Knee = +54.488 Min FL-HipY = +33.701 
[2025-06-11 17:40:14.497.352] [INFO  ] [Controller] [Joints] FL: +35.433, +33.701, +35.433 ,FR: +37.165, +33.701, +35.433, HL: 45.827, +33.701, +44.094, HR: +45.827, +35.433, +54.488 Max HR-Knee = +54.488 Min FL-HipY = +33.701 
[2025-06-11 17:40:14.561.458] [INFO  ] [Battery] SoC = 72%, Volt = +30.900V, Temp 28 
[2025-06-11 17:40:16.997.349] [INFO  ] [Controller] [Joints] FL: +35.433, +33.701, +35.433 ,FR: +37.165, +33.701, +35.433, HL: 45.827, +33.701, +44.094, HR: +45.827, +35.433, +54.488 Max HR-Knee = +54.488 Min FL-HipY = +33.701 
[2025-06-11 17:40:19.497.354] [INFO  ] [Controller] [Joints] FL: +35.433, +33.701, +35.433 ,FR: +37.165, +33.701, +35.433, HL: 45.827, +33.701, +44.094, HR: +45.827, +35.433, +54.488 Max HR-Knee = +54.488 Min FL-HipY = +33.701 
[2025-06-11 17:40:19.549.249] [INFO  ] [Battery] SoC = 72%, Volt = +30.900V, Temp 28 
[2025-06-11 17:40:21.997.351] [INFO  ] [Controller] [Joints] FL: +35.433, +33.701, +35.433 ,FR: +37.165, +33.701, +35.433, HL: 45.827, +33.701, +44.094, HR: +45.827, +35.433, +54.488 Max HR-Knee = +54.488 Min FL-HipY = +33.701 
[2025-06-11 17:40:24.497.352] [INFO  ] [Controller] [Joints] FL: +35.433, +33.701, +35.433 ,FR: +37.165, +33.701, +35.433, HL: 45.827, +33.701, +44.094, HR: +45.827, +35.433, +54.488 Max HR-Knee = +54.488 Min FL-HipY = +33.701 
[2025-06-11 17:40:24.537.089] [INFO  ] [Battery] SoC = 72%, Volt = +30.900V, Temp 28 
[2025-06-11 17:40:26.997.351] [INFO  ] [Controller] [Joints] FL: +35.433, +33.701, +35.433 ,FR: +37.165, +33.701, +35.433, HL: 45.827, +33.701, +44.094, HR: +45.827, +35.433, +54.488 Max HR-Knee = +54.488 Min FL-HipY = +33.701 
[2025-06-11 17:40:29.497.352] [INFO  ] [Controller] [Joints] FL: +35.433, +33.701, +35.433 ,FR: +37.165, +33.701, +35.433, HL: 45.827, +33.701, +44.094, HR: +45.827, +35.433, +54.488 Max HR-Knee = +54.488 Min FL-HipY = +33.701 
[2025-06-11 17:40:29.524.794] [INFO  ] [Battery] SoC = 72%, Volt = +30.900V, Temp 28 
[2025-06-11 17:40:31.997.352] [INFO  ] [Controller] [Joints] FL: +35.433, +33.701, +37.165 ,FR: +37.165, +33.701, +35.433, HL: 45.827, +33.701, +44.094, HR: +45.827, +35.433, +54.488 Max HR-Knee = +54.488 Min FL-HipY = +33.701 
[2025-06-11 17:40:34.497.352] [INFO  ] [Controller] [Joints] FL: +35.433, +33.701, +37.165 ,FR: +37.165, +33.701, +35.433, HL: 45.827, +33.701, +44.094, HR: +45.827, +35.433, +54.488 Max HR-Knee = +54.488 Min FL-HipY = +33.701 
[2025-06-11 17:40:34.512.637] [INFO  ] [Battery] SoC = 72%, Volt = +30.900V, Temp 28 
[2025-06-11 17:40:36.997.352] [INFO  ] [Controller] [Joints] FL: +35.433, +33.701, +37.165 ,FR: +37.165, +33.701, +35.433, HL: 45.827, +33.701, +44.094, HR: +45.827, +35.433, +54.488 Max HR-Knee = +54.488 Min FL-HipY = +33.701 
[2025-06-11 17:40:39.497.354] [INFO  ] [Controller] [Joints] FL: +35.433, +33.701, +37.165 ,FR: +37.165, +33.701, +35.433, HL: 45.827, +33.701, +44.094, HR: +45.827, +35.433, +54.488 Max HR-Knee = +54.488 Min FL-HipY = +33.701 
[2025-06-11 17:40:39.500.492] [INFO  ] [Battery] SoC = 72%, Volt = +30.900V, Temp 28 
[2025-06-11 17:40:41.997.350] [INFO  ] [Controller] [Joints] FL: +35.433, +33.701, +37.165 ,FR: +37.165, +33.701, +35.433, HL: 45.827, +33.701, +44.094, HR: +45.827, +35.433, +54.488 Max HR-Knee = +54.488 Min FL-HipY = +33.701 
[2025-06-11 17:40:44.488.147] [INFO  ] [Battery] SoC = 72%, Volt = +30.900V, Temp 28 
[2025-06-11 17:40:44.497.333] [INFO  ] [Controller] [Joints] FL: +35.433, +33.701, +37.165 ,FR: +37.165, +33.701, +35.433, HL: 45.827, +33.701, +44.094, HR: +45.827, +35.433, +54.488 Max HR-Knee = +54.488 Min FL-HipY = +33.701 
[2025-06-11 17:40:46.997.350] [INFO  ] [Controller] [Joints] FL: +35.433, +33.701, +37.165 ,FR: +37.165, +33.701, +35.433, HL: 45.827, +33.701, +44.094, HR: +45.827, +35.433, +54.488 Max HR-Knee = +54.488 Min FL-HipY = +33.701 
[2025-06-11 17:40:49.475.761] [INFO  ] [Battery] SoC = 72%, Volt = +30.900V, Temp 28 
[2025-06-11 17:40:49.497.332] [INFO  ] [Controller] [Joints] FL: +35.433, +33.701, +37.165 ,FR: +37.165, +33.701, +35.433, HL: 45.827, +33.701, +44.094, HR: +45.827, +35.433, +54.488 Max HR-Knee = +54.488 Min FL-HipY = +33.701 
[2025-06-11 17:40:51.997.349] [INFO  ] [Controller] [Joints] FL: +35.433, +33.701, +37.165 ,FR: +37.165, +33.701, +35.433, HL: 45.827, +33.701, +44.094, HR: +45.827, +35.433, +54.488 Max HR-Knee = +54.488 Min FL-HipY = +33.701 
[2025-06-11 17:40:54.463.340] [INFO  ] [Battery] SoC = 72%, Volt = +30.900V, Temp 28 
[2025-06-11 17:40:54.497.346] [INFO  ] [Controller] [Joints] FL: +35.433, +33.701, +37.165 ,FR: +37.165, +33.701, +35.433, HL: 45.827, +33.701, +44.094, HR: +45.827, +35.433, +54.488 Max HR-Knee = +54.488 Min FL-HipY = +33.701 
[2025-06-11 17:40:56.997.351] [INFO  ] [Controller] [Joints] FL: +35.433, +33.701, +37.165 ,FR: +37.165, +33.701, +35.433, HL: 45.827, +33.701, +44.094, HR: +45.827, +35.433, +54.488 Max HR-Knee = +54.488 Min FL-HipY = +33.701 
[2025-06-11 17:40:59.450.945] [INFO  ] [Battery] SoC = 72%, Volt = +30.900V, Temp 28 
[2025-06-11 17:40:59.497.348] [INFO  ] [Controller] [Joints] FL: +35.433, +33.701, +37.165 ,FR: +37.165, +33.701, +35.433, HL: 45.827, +33.701, +44.094, HR: +45.827, +35.433, +54.488 Max HR-Knee = +54.488 Min FL-HipY = +33.701 
[2025-06-11 17:41:01.997.351] [INFO  ] [Controller] [Joints] FL: +35.433, +33.701, +37.165 ,FR: +37.165, +33.701, +35.433, HL: 45.827, +33.701, +44.094, HR: +45.827, +35.433, +54.488 Max HR-Knee = +54.488 Min FL-HipY = +33.701 
[2025-06-11 17:41:04.438.589] [INFO  ] [Battery] SoC = 72%, Volt = +30.800V, Temp 28 
[2025-06-11 17:41:04.497.349] [INFO  ] [Controller] [Joints] FL: +35.433, +33.701, +37.165 ,FR: +37.165, +33.701, +35.433, HL: 45.827, +33.701, +44.094, HR: +45.827, +35.433, +54.488 Max HR-Knee = +54.488 Min FL-HipY = +33.701 
[2025-06-11 17:41:06.997.351] [INFO  ] [Controller] [Joints] FL: +35.433, +33.701, +37.165 ,FR: +37.165, +33.701, +35.433, HL: 45.827, +33.701, +44.094, HR: +45.827, +35.433, +54.488 Max HR-Knee = +54.488 Min FL-HipY = +33.701 
[2025-06-11 17:41:09.426.098] [INFO  ] [Battery] SoC = 72%, Volt = +30.800V, Temp 28 
[2025-06-11 17:41:09.497.349] [INFO  ] [Controller] [Joints] FL: +35.433, +33.701, +37.165 ,FR: +37.165, +33.701, +35.433, HL: 45.827, +33.701, +44.094, HR: +45.827, +35.433, +54.488 Max HR-Knee = +54.488 Min FL-HipY = +33.701 
[2025-06-11 17:41:11.997.351] [INFO  ] [Controller] [Joints] FL: +35.433, +33.701, +37.165 ,FR: +37.165, +33.701, +35.433, HL: 45.827, +33.701, +44.094, HR: +45.827, +35.433, +54.488 Max HR-Knee = +54.488 Min FL-HipY = +33.701 
[2025-06-11 17:41:14.413.898] [INFO  ] [Battery] SoC = 71%, Volt = +30.800V, Temp 28 
[2025-06-11 17:41:14.497.343] [INFO  ] [Controller] [Joints] FL: +35.433, +33.701, +37.165 ,FR: +37.165, +33.701, +35.433, HL: 45.827, +33.701, +44.094, HR: +45.827, +35.433, +54.488 Max HR-Knee = +54.488 Min FL-HipY = +33.701 
[2025-06-11 17:41:16.997.343] [INFO  ] [Controller] [Joints] FL: +35.433, +33.701, +37.165 ,FR: +37.165, +33.701, +35.433, HL: 45.827, +33.701, +44.094, HR: +45.827, +35.433, +54.488 Max HR-Knee = +54.488 Min FL-HipY = +33.701 
[2025-06-11 17:41:19.401.351] [INFO  ] [Battery] SoC = 71%, Volt = +30.800V, Temp 28 
[2025-06-11 17:41:19.497.348] [INFO  ] [Controller] [Joints] FL: +35.433, +33.701, +37.165 ,FR: +37.165, +33.701, +35.433, HL: 45.827, +33.701, +44.094, HR: +45.827, +35.433, +54.488 Max HR-Knee = +54.488 Min FL-HipY = +33.701 
[2025-06-11 17:41:21.997.348] [INFO  ] [Controller] [Joints] FL: +35.433, +33.701, +37.165 ,FR: +37.165, +33.701, +35.433, HL: 45.827, +33.701, +44.094, HR: +45.827, +35.433, +54.488 Max HR-Knee = +54.488 Min FL-HipY = +33.701 
[2025-06-11 17:41:24.388.941] [INFO  ] [Battery] SoC = 71%, Volt = +30.800V, Temp 28 
[2025-06-11 17:41:24.497.350] [INFO  ] [Controller] [Joints] FL: +35.433, +33.701, +37.165 ,FR: +37.165, +33.701, +35.433, HL: 45.827, +33.701, +44.094, HR: +45.827, +35.433, +54.488 Max HR-Knee = +54.488 Min FL-HipY = +33.701 
[2025-06-11 17:41:26.997.350] [INFO  ] [Controller] [Joints] FL: +35.433, +33.701, +37.165 ,FR: +37.165, +33.701, +35.433, HL: 45.827, +33.701, +44.094, HR: +45.827, +35.433, +54.488 Max HR-Knee = +54.488 Min FL-HipY = +33.701 
[2025-06-11 17:41:29.376.487] [INFO  ] [Battery] SoC = 71%, Volt = +30.800V, Temp 28 
[2025-06-11 17:41:29.497.349] [INFO  ] [Controller] [Joints] FL: +35.433, +33.701, +37.165 ,FR: +37.165, +33.701, +35.433, HL: 45.827, +33.701, +44.094, HR: +45.827, +35.433, +54.488 Max HR-Knee = +54.488 Min FL-HipY = +33.701 
[2025-06-11 17:41:31.997.348] [INFO  ] [Controller] [Joints] FL: +35.433, +33.701, +37.165 ,FR: +37.165, +33.701, +35.433, HL: 45.827, +33.701, +44.094, HR: +45.827, +35.433, +54.488 Max HR-Knee = +54.488 Min FL-HipY = +33.701 
[2025-06-11 17:41:34.363.965] [INFO  ] [Battery] SoC = 71%, Volt = +30.800V, Temp 28 
[2025-06-11 17:41:34.497.350] [INFO  ] [Controller] [Joints] FL: +35.433, +33.701, +37.165 ,FR: +38.898, +33.701, +35.433, HL: 45.827, +33.701, +44.094, HR: +45.827, +35.433, +54.488 Max HR-Knee = +54.488 Min FL-HipY = +33.701 
[2025-06-11 17:41:36.997.352] [INFO  ] [Controller] [Joints] FL: +35.433, +33.701, +37.165 ,FR: +38.898, +33.701, +35.433, HL: 45.827, +33.701, +44.094, HR: +45.827, +35.433, +54.488 Max HR-Knee = +54.488 Min FL-HipY = +33.701 
[2025-06-11 17:41:39.351.654] [INFO  ] [Battery] SoC = 71%, Volt = +30.800V, Temp 28 
[2025-06-11 17:41:39.497.347] [INFO  ] [Controller] [Joints] FL: +35.433, +33.701, +37.165 ,FR: +37.165, +33.701, +35.433, HL: 45.827, +33.701, +44.094, HR: +45.827, +35.433, +54.488 Max HR-Knee = +54.488 Min FL-HipY = +33.701 
[2025-06-11 17:41:41.997.351] [INFO  ] [Controller] [Joints] FL: +35.433, +33.701, +37.165 ,FR: +38.898, +33.701, +35.433, HL: 45.827, +33.701, +44.094, HR: +45.827, +35.433, +54.488 Max HR-Knee = +54.488 Min FL-HipY = +33.701 
[2025-06-11 17:41:44.339.439] [INFO  ] [Battery] SoC = 71%, Volt = +30.800V, Temp 29 
[2025-06-11 17:41:44.497.348] [INFO  ] [Controller] [Joints] FL: +35.433, +33.701, +37.165 ,FR: +38.898, +33.701, +35.433, HL: 45.827, +33.701, +44.094, HR: +45.827, +35.433, +54.488 Max HR-Knee = +54.488 Min FL-HipY = +33.701 
[2025-06-11 17:41:46.997.349] [INFO  ] [Controller] [Joints] FL: +35.433, +33.701, +37.165 ,FR: +38.898, +33.701, +35.433, HL: 45.827, +33.701, +44.094, HR: +45.827, +35.433, +54.488 Max HR-Knee = +54.488 Min FL-HipY = +33.701 
[2025-06-11 17:41:49.327.340] [INFO  ] [Battery] SoC = 71%, Volt = +30.800V, Temp 29 
[2025-06-11 17:41:49.497.350] [INFO  ] [Controller] [Joints] FL: +35.433, +33.701, +37.165 ,FR: +38.898, +33.701, +35.433, HL: 45.827, +33.701, +44.094, HR: +45.827, +35.433, +54.488 Max HR-Knee = +54.488 Min FL-HipY = +33.701 
[2025-06-11 17:41:51.997.349] [INFO  ] [Controller] [Joints] FL: +35.433, +33.701, +37.165 ,FR: +38.898, +33.701, +35.433, HL: 45.827, +33.701, +44.094, HR: +45.827, +35.433, +54.488 Max HR-Knee = +54.488 Min FL-HipY = +33.701 
[2025-06-11 17:41:54.315.243] [INFO  ] [Battery] SoC = 71%, Volt = +30.800V, Temp 29 
[2025-06-11 17:41:54.497.351] [INFO  ] [Controller] [Joints] FL: +35.433, +33.701, +37.165 ,FR: +38.898, +33.701, +35.433, HL: 45.827, +33.701, +44.094, HR: +45.827, +35.433, +54.488 Max HR-Knee = +54.488 Min FL-HipY = +33.701 
[2025-06-11 17:41:56.997.353] [INFO  ] [Controller] [Joints] FL: +35.433, +33.701, +37.165 ,FR: +38.898, +33.701, +35.433, HL: 45.827, +33.701, +44.094, HR: +45.827, +35.433, +54.488 Max HR-Knee = +54.488 Min FL-HipY = +33.701 
[2025-06-11 17:41:59.302.855] [INFO  ] [Battery] SoC = 71%, Volt = +30.800V, Temp 29 
[2025-06-11 17:41:59.497.353] [INFO  ] [Controller] [Joints] FL: +35.433, +33.701, +37.165 ,FR: +38.898, +33.701, +35.433, HL: 45.827, +33.701, +44.094, HR: +45.827, +35.433, +54.488 Max HR-Knee = +54.488 Min FL-HipY = +33.701 
[2025-06-11 17:42:01.997.350] [INFO  ] [Controller] [Joints] FL: +35.433, +33.701, +37.165 ,FR: +38.898, +33.701, +35.433, HL: 45.827, +33.701, +44.094, HR: +45.827, +35.433, +54.488 Max HR-Knee = +54.488 Min FL-HipY = +33.701 
[2025-06-11 17:42:04.290.578] [INFO  ] [Battery] SoC = 71%, Volt = +30.800V, Temp 29 
[2025-06-11 17:42:04.497.353] [INFO  ] [Controller] [Joints] FL: +35.433, +33.701, +37.165 ,FR: +38.898, +33.701, +35.433, HL: 45.827, +33.701, +44.094, HR: +45.827, +35.433, +54.488 Max HR-Knee = +54.488 Min FL-HipY = +33.701 
[2025-06-11 17:42:06.997.352] [INFO  ] [Controller] [Joints] FL: +35.433, +33.701, +37.165 ,FR: +38.898, +33.701, +35.433, HL: 45.827, +33.701, +44.094, HR: +45.827, +35.433, +54.488 Max HR-Knee = +54.488 Min FL-HipY = +33.701 
[2025-06-11 17:42:09.278.461] [INFO  ] [Battery] SoC = 71%, Volt = +30.800V, Temp 29 
[2025-06-11 17:42:09.497.351] [INFO  ] [Controller] [Joints] FL: +35.433, +33.701, +37.165 ,FR: +38.898, +33.701, +35.433, HL: 45.827, +33.701, +44.094, HR: +45.827, +35.433, +54.488 Max HR-Knee = +54.488 Min FL-HipY = +33.701 
[2025-06-11 17:42:11.997.351] [INFO  ] [Controller] [Joints] FL: +35.433, +33.701, +37.165 ,FR: +38.898, +33.701, +35.433, HL: 45.827, +33.701, +44.094, HR: +45.827, +35.433, +54.488 Max HR-Knee = +54.488 Min FL-HipY = +33.701 
[2025-06-11 17:42:14.266.350] [INFO  ] [Battery] SoC = 71%, Volt = +30.800V, Temp 29 
[2025-06-11 17:42:14.497.352] [INFO  ] [Controller] [Joints] FL: +35.433, +33.701, +37.165 ,FR: +38.898, +33.701, +35.433, HL: 45.827, +33.701, +44.094, HR: +45.827, +35.433, +54.488 Max HR-Knee = +54.488 Min FL-HipY = +33.701 
[2025-06-11 17:42:16.997.353] [INFO  ] [Controller] [Joints] FL: +35.433, +33.701, +37.165 ,FR: +38.898, +33.701, +35.433, HL: 45.827, +35.433, +44.094, HR: +45.827, +35.433, +54.488 Max HR-Knee = +54.488 Min FL-HipY = +33.701 
[2025-06-11 17:42:19.254.133] [INFO  ] [Battery] SoC = 71%, Volt = +30.800V, Temp 29 
[2025-06-11 17:42:19.497.351] [INFO  ] [Controller] [Joints] FL: +35.433, +33.701, +37.165 ,FR: +38.898, +33.701, +35.433, HL: 45.827, +33.701, +44.094, HR: +45.827, +35.433, +54.488 Max HR-Knee = +54.488 Min FL-HipY = +33.701 
[2025-06-11 17:42:21.997.351] [INFO  ] [Controller] [Joints] FL: +35.433, +33.701, +37.165 ,FR: +38.898, +33.701, +35.433, HL: 45.827, +35.433, +44.094, HR: +45.827, +35.433, +54.488 Max HR-Knee = +54.488 Min FL-HipY = +33.701 
[2025-06-11 17:42:24.241.862] [INFO  ] [Battery] SoC = 71%, Volt = +30.800V, Temp 29 
[2025-06-11 17:42:24.497.352] [INFO  ] [Controller] [Joints] FL: +35.433, +33.701, +37.165 ,FR: +38.898, +33.701, +35.433, HL: 45.827, +35.433, +44.094, HR: +45.827, +35.433, +54.488 Max HR-Knee = +54.488 Min FL-HipY = +33.701 
[2025-06-11 17:42:26.997.351] [INFO  ] [Controller] [Joints] FL: +35.433, +33.701, +37.165 ,FR: +38.898, +33.701, +35.433, HL: 45.827, +35.433, +44.094, HR: +45.827, +35.433, +54.488 Max HR-Knee = +54.488 Min FL-HipY = +33.701 
[2025-06-11 17:42:29.229.582] [INFO  ] [Battery] SoC = 70%, Volt = +30.800V, Temp 29 
[2025-06-11 17:42:29.497.352] [INFO  ] [Controller] [Joints] FL: +35.433, +33.701, +37.165 ,FR: +38.898, +33.701, +35.433, HL: 45.827, +35.433, +44.094, HR: +45.827, +35.433, +54.488 Max HR-Knee = +54.488 Min FL-HipY = +33.701 
[2025-06-11 17:42:31.997.350] [INFO  ] [Controller] [Joints] FL: +35.433, +33.701, +37.165 ,FR: +38.898, +33.701, +35.433, HL: 45.827, +35.433, +44.094, HR: +45.827, +35.433, +54.488 Max HR-Knee = +54.488 Min FL-HipY = +33.701 
[2025-06-11 17:42:34.217.385] [INFO  ] [Battery] SoC = 70%, Volt = +30.800V, Temp 29 
[2025-06-11 17:42:34.497.352] [INFO  ] [Controller] [Joints] FL: +37.165, +33.701, +37.165 ,FR: +38.898, +33.701, +35.433, HL: 45.827, +35.433, +44.094, HR: +45.827, +35.433, +54.488 Max HR-Knee = +54.488 Min FL-HipY = +33.701 
[2025-06-11 17:42:36.997.351] [INFO  ] [Controller] [Joints] FL: +35.433, +33.701, +37.165 ,FR: +38.898, +33.701, +35.433, HL: 45.827, +35.433, +44.094, HR: +45.827, +35.433, +54.488 Max HR-Knee = +54.488 Min FL-HipY = +33.701 
[2025-06-11 17:42:39.205.263] [INFO  ] [Battery] SoC = 70%, Volt = +30.800V, Temp 29 
[2025-06-11 17:42:39.497.351] [INFO  ] [Controller] [Joints] FL: +37.165, +33.701, +37.165 ,FR: +38.898, +33.701, +35.433, HL: 45.827, +35.433, +44.094, HR: +45.827, +35.433, +54.488 Max HR-Knee = +54.488 Min FL-HipY = +33.701 
[2025-06-11 17:42:41.997.350] [INFO  ] [Controller] [Joints] FL: +37.165, +33.701, +37.165 ,FR: +38.898, +33.701, +35.433, HL: 45.827, +35.433, +44.094, HR: +45.827, +35.433, +54.488 Max HR-Knee = +54.488 Min FL-HipY = +33.701 
[2025-06-11 17:42:44.193.002] [INFO  ] [Battery] SoC = 70%, Volt = +30.800V, Temp 29 
[2025-06-11 17:42:44.497.351] [INFO  ] [Controller] [Joints] FL: +37.165, +33.701, +37.165 ,FR: +38.898, +33.701, +35.433, HL: 45.827, +35.433, +44.094, HR: +45.827, +35.433, +54.488 Max HR-Knee = +54.488 Min FL-HipY = +33.701 
[2025-06-11 17:42:46.997.351] [INFO  ] [Controller] [Joints] FL: +37.165, +33.701, +37.165 ,FR: +38.898, +33.701, +35.433, HL: 45.827, +35.433, +44.094, HR: +45.827, +35.433, +54.488 Max HR-Knee = +54.488 Min FL-HipY = +33.701 
[2025-06-11 17:42:49.180.629] [INFO  ] [Battery] SoC = 70%, Volt = +30.800V, Temp 29 
[2025-06-11 17:42:49.497.350] [INFO  ] [Controller] [Joints] FL: +37.165, +33.701, +37.165 ,FR: +38.898, +33.701, +35.433, HL: 45.827, +35.433, +44.094, HR: +45.827, +35.433, +54.488 Max HR-Knee = +54.488 Min FL-HipY = +33.701 
[2025-06-11 17:42:51.997.339] [INFO  ] [Controller] [Joints] FL: +37.165, +33.701, +37.165 ,FR: +38.898, +33.701, +35.433, HL: 45.827, +35.433, +44.094, HR: +45.827, +35.433, +54.488 Max HR-Knee = +54.488 Min FL-HipY = +33.701 
[2025-06-11 17:42:54.168.329] [INFO  ] [Battery] SoC = 70%, Volt = +30.800V, Temp 29 
[2025-06-11 17:42:54.497.352] [INFO  ] [Controller] [Joints] FL: +37.165, +33.701, +37.165 ,FR: +38.898, +33.701, +35.433, HL: 45.827, +35.433, +44.094, HR: +45.827, +35.433, +54.488 Max HR-Knee = +54.488 Min FL-HipY = +33.701 
[2025-06-11 17:42:56.997.351] [INFO  ] [Controller] [Joints] FL: +37.165, +33.701, +37.165 ,FR: +38.898, +33.701, +35.433, HL: 45.827, +35.433, +44.094, HR: +45.827, +35.433, +54.488 Max HR-Knee = +54.488 Min FL-HipY = +33.701 
[2025-06-11 17:42:59.155.908] [INFO  ] [Battery] SoC = 70%, Volt = +30.700V, Temp 29 
[2025-06-11 17:42:59.497.351] [INFO  ] [Controller] [Joints] FL: +37.165, +33.701, +37.165 ,FR: +38.898, +33.701, +35.433, HL: 45.827, +35.433, +44.094, HR: +45.827, +35.433, +54.488 Max HR-Knee = +54.488 Min FL-HipY = +33.701 
[2025-06-11 17:43:01.997.348] [INFO  ] [Controller] [Joints] FL: +37.165, +33.701, +37.165 ,FR: +38.898, +33.701, +35.433, HL: 47.559, +35.433, +44.094, HR: +47.559, +35.433, +54.488 Max HR-Knee = +54.488 Min FL-HipY = +33.701 
[2025-06-11 17:43:02.931.339] [INFO  ] [Controller] stand_cmd.... 
[2025-06-11 17:43:02.931.400] [INFO  ] [BasicMotion] Standing down, please wait... 
[2025-06-11 17:43:04.143.490] [INFO  ] [Battery] SoC = 70%, Volt = +30.800V, Temp 29 
[2025-06-11 17:43:04.497.352] [INFO  ] [Controller] [Joints] FL: +37.165, +33.701, +37.165 ,FR: +38.898, +33.701, +35.433, HL: 45.827, +35.433, +45.827, HR: +47.559, +35.433, +54.488 Max HR-Knee = +54.488 Min FL-HipY = +33.701 
[2025-06-11 17:43:05.431.347] [INFO  ] [BasicMotion] Stand down action has finished, waitting to stand up again!!! 
[2025-06-11 17:43:06.997.350] [INFO  ] [Controller] [Joints] FL: +37.165, +33.701, +37.165 ,FR: +38.898, +33.701, +35.433, HL: 45.827, +35.433, +45.827, HR: +45.827, +35.433, +54.488 Max HR-Knee = +54.488 Min FL-HipY = +33.701 
[2025-06-11 17:43:09.131.120] [INFO  ] [Battery] SoC = 70%, Volt = +30.900V, Temp 29 
[2025-06-11 17:43:09.497.352] [INFO  ] [Controller] [Joints] FL: +37.165, +33.701, +37.165 ,FR: +38.898, +33.701, +35.433, HL: 45.827, +35.433, +45.827, HR: +45.827, +35.433, +54.488 Max HR-Knee = +54.488 Min FL-HipY = +33.701 
[2025-06-11 17:43:11.997.352] [INFO  ] [Controller] [Joints] FL: +37.165, +33.701, +37.165 ,FR: +38.898, +33.701, +35.433, HL: 45.827, +35.433, +44.094, HR: +45.827, +35.433, +52.756 Max HR-Knee = +52.756 Min FL-HipY = +33.701 
[2025-06-11 17:43:14.118.864] [INFO  ] [Battery] SoC = 70%, Volt = +30.900V, Temp 29 
[2025-06-11 17:43:14.497.351] [INFO  ] [Controller] [Joints] FL: +37.165, +33.701, +37.165 ,FR: +38.898, +33.701, +35.433, HL: 45.827, +35.433, +44.094, HR: +45.827, +35.433, +52.756 Max HR-Knee = +52.756 Min FL-HipY = +33.701 
[2025-06-11 17:43:16.997.350] [INFO  ] [Controller] [Joints] FL: +37.165, +33.701, +35.433 ,FR: +38.898, +33.701, +35.433, HL: 44.094, +35.433, +44.094, HR: +45.827, +35.433, +51.024 Max HR-Knee = +51.024 Min FL-HipY = +33.701 
[2025-06-11 17:43:19.106.642] [INFO  ] [Battery] SoC = 70%, Volt = +30.900V, Temp 29 
[2025-06-11 17:43:19.497.350] [INFO  ] [Controller] [Joints] FL: +37.165, +33.701, +35.433 ,FR: +38.898, +33.701, +35.433, HL: 44.094, +35.433, +44.094, HR: +45.827, +35.433, +51.024 Max HR-Knee = +51.024 Min FL-HipY = +33.701 
[2025-06-11 17:43:21.997.350] [INFO  ] [Controller] [Joints] FL: +37.165, +33.701, +35.433 ,FR: +38.898, +33.701, +35.433, HL: 44.094, +35.433, +44.094, HR: +45.827, +35.433, +49.291 Max HR-Knee = +49.291 Min FL-HipY = +33.701 
[2025-06-11 17:43:24.094.261] [INFO  ] [Battery] SoC = 70%, Volt = +30.900V, Temp 29 
[2025-06-11 17:43:24.497.351] [INFO  ] [Controller] [Joints] FL: +37.165, +33.701, +35.433 ,FR: +38.898, +33.701, +35.433, HL: 44.094, +35.433, +44.094, HR: +45.827, +35.433, +49.291 Max HR-Knee = +49.291 Min FL-HipY = +33.701 
[2025-06-11 17:43:26.997.350] [INFO  ] [Controller] [Joints] FL: +37.165, +33.701, +35.433 ,FR: +38.898, +33.701, +35.433, HL: 44.094, +35.433, +44.094, HR: +45.827, +35.433, +49.291 Max HR-Knee = +49.291 Min FL-HipY = +33.701 
[2025-06-11 17:43:29.081.912] [INFO  ] [Battery] SoC = 70%, Volt = +30.900V, Temp 29 
[2025-06-11 17:43:29.497.350] [INFO  ] [Controller] [Joints] FL: +37.165, +33.701, +35.433 ,FR: +38.898, +33.701, +35.433, HL: 42.362, +35.433, +44.094, HR: +45.827, +35.433, +47.559 Max HR-Knee = +47.559 Min FL-HipY = +33.701 
[2025-06-11 17:43:31.997.350] [INFO  ] [Controller] [Joints] FL: +37.165, +33.701, +35.433 ,FR: +38.898, +33.701, +35.433, HL: 42.362, +35.433, +44.094, HR: +45.827, +35.433, +47.559 Max HR-Knee = +47.559 Min FL-HipY = +33.701 
[2025-06-11 17:43:34.069.611] [INFO  ] [Battery] SoC = 70%, Volt = +30.900V, Temp 29 
[2025-06-11 17:43:34.497.351] [INFO  ] [Controller] [Joints] FL: +37.165, +33.701, +35.433 ,FR: +38.898, +33.701, +35.433, HL: 42.362, +35.433, +42.362, HR: +45.827, +35.433, +47.559 Max HR-Knee = +47.559 Min FL-HipY = +33.701 
[2025-06-11 17:43:36.997.348] [INFO  ] [Controller] [Joints] FL: +37.165, +33.701, +35.433 ,FR: +38.898, +33.701, +35.433, HL: 42.362, +35.433, +42.362, HR: +45.827, +35.433, +47.559 Max HR-Knee = +47.559 Min FL-HipY = +33.701 
[2025-06-11 17:43:39.057.338] [INFO  ] [Battery] SoC = 70%, Volt = +30.900V, Temp 29 
[2025-06-11 17:43:39.497.350] [INFO  ] [Controller] [Joints] FL: +37.165, +33.701, +35.433 ,FR: +38.898, +33.701, +35.433, HL: 42.362, +35.433, +42.362, HR: +45.827, +35.433, +45.827 Max HR-HipX = +45.827 Min FL-HipY = +33.701 
[2025-06-11 17:43:41.997.353] [INFO  ] [Controller] [Joints] FL: +37.165, +33.701, +35.433 ,FR: +38.898, +33.701, +35.433, HL: 42.362, +35.433, +42.362, HR: +45.827, +35.433, +45.827 Max HR-HipX = +45.827 Min FL-HipY = +33.701 
[2025-06-11 17:43:44.044.919] [INFO  ] [Battery] SoC = 70%, Volt = +30.900V, Temp 29 
[2025-06-11 17:43:44.497.350] [INFO  ] [Controller] [Joints] FL: +37.165, +33.701, +35.433 ,FR: +38.898, +33.701, +35.433, HL: 42.362, +35.433, +42.362, HR: +45.827, +35.433, +45.827 Max HR-HipX = +45.827 Min FL-HipY = +33.701 
[2025-06-11 17:43:46.997.353] [INFO  ] [Controller] [Joints] FL: +37.165, +33.701, +35.433 ,FR: +38.898, +33.701, +35.433, HL: 40.630, +35.433, +42.362, HR: +45.827, +35.433, +45.827 Max HR-HipX = +45.827 Min FL-HipY = +33.701 
[2025-06-11 17:43:49.032.657] [INFO  ] [Battery] SoC = 70%, Volt = +30.900V, Temp 29 
[2025-06-11 17:43:49.497.352] [INFO  ] [Controller] [Joints] FL: +37.165, +33.701, +35.433 ,FR: +38.898, +33.701, +35.433, HL: 40.630, +35.433, +42.362, HR: +44.094, +35.433, +44.094 Max HR-HipX = +44.094 Min FL-HipY = +33.701 
[2025-06-11 17:43:51.997.353] [INFO  ] [Controller] [Joints] FL: +37.165, +33.701, +35.433 ,FR: +38.898, +33.701, +33.701, HL: 40.630, +35.433, +42.362, HR: +44.094, +35.433, +44.094 Max HR-HipX = +44.094 Min FL-HipY = +33.701 
[2025-06-11 17:43:54.020.377] [INFO  ] [Battery] SoC = 70%, Volt = +30.900V, Temp 29 
[2025-06-11 17:43:54.497.354] [INFO  ] [Controller] [Joints] FL: +37.165, +33.701, +35.433 ,FR: +38.898, +33.701, +33.701, HL: 40.630, +35.433, +42.362, HR: +44.094, +35.433, +44.094 Max HR-HipX = +44.094 Min FL-HipY = +33.701 
[2025-06-11 17:43:56.997.355] [INFO  ] [Controller] [Joints] FL: +37.165, +33.701, +35.433 ,FR: +38.898, +33.701, +33.701, HL: 40.630, +35.433, +42.362, HR: +44.094, +35.433, +44.094 Max HR-HipX = +44.094 Min FL-HipY = +33.701 
[2025-06-11 17:43:59.008.124] [INFO  ] [Battery] SoC = 70%, Volt = +30.900V, Temp 29 
[2025-06-11 17:43:59.497.352] [INFO  ] [Controller] [Joints] FL: +37.165, +33.701, +35.433 ,FR: +37.165, +33.701, +33.701, HL: 40.630, +35.433, +42.362, HR: +44.094, +35.433, +44.094 Max HR-HipX = +44.094 Min FL-HipY = +33.701 
[2025-06-11 17:44:01.997.351] [INFO  ] [Controller] [Joints] FL: +37.165, +33.701, +35.433 ,FR: +37.165, +33.701, +33.701, HL: 40.630, +35.433, +42.362, HR: +44.094, +35.433, +44.094 Max HR-HipX = +44.094 Min FL-HipY = +33.701 
[2025-06-11 17:44:03.995.663] [INFO  ] [Battery] SoC = 70%, Volt = +30.900V, Temp 29 
[2025-06-11 17:44:04.497.349] [INFO  ] [Controller] [Joints] FL: +37.165, +33.701, +35.433 ,FR: +37.165, +33.701, +33.701, HL: 40.630, +35.433, +40.630, HR: +44.094, +35.433, +42.362 Max HR-HipX = +44.094 Min FL-HipY = +33.701 
[2025-06-11 17:44:06.997.351] [INFO  ] [Controller] [Joints] FL: +37.165, +33.701, +33.701 ,FR: +37.165, +33.701, +33.701, HL: 40.630, +35.433, +40.630, HR: +44.094, +35.433, +42.362 Max HR-HipX = +44.094 Min FL-HipY = +33.701 
[2025-06-11 17:44:08.983.184] [INFO  ] [Battery] SoC = 70%, Volt = +30.900V, Temp 29 
[2025-06-11 17:44:09.497.353] [INFO  ] [Controller] [Joints] FL: +35.433, +33.701, +33.701 ,FR: +37.165, +33.701, +33.701, HL: 40.630, +35.433, +40.630, HR: +44.094, +35.433, +42.362 Max HR-HipX = +44.094 Min FL-HipY = +33.701 
[2025-06-11 17:44:11.997.353] [INFO  ] [Controller] [Joints] FL: +35.433, +33.701, +33.701 ,FR: +37.165, +33.701, +33.701, HL: 40.630, +35.433, +40.630, HR: +44.094, +35.433, +42.362 Max HR-HipX = +44.094 Min FL-HipY = +33.701 
[2025-06-11 17:44:13.970.577] [INFO  ] [Battery] SoC = 70%, Volt = +30.900V, Temp 29 
[2025-06-11 17:44:14.497.354] [INFO  ] [Controller] [Joints] FL: +37.165, +33.701, +33.701 ,FR: +37.165, +33.701, +33.701, HL: 40.630, +35.433, +40.630, HR: +44.094, +35.433, +42.362 Max HR-HipX = +44.094 Min FL-HipY = +33.701 
[2025-06-11 17:44:16.997.353] [INFO  ] [Controller] [Joints] FL: +37.165, +33.701, +33.701 ,FR: +37.165, +33.701, +33.701, HL: 40.630, +35.433, +40.630, HR: +44.094, +35.433, +42.362 Max HR-HipX = +44.094 Min FL-HipY = +33.701 
[2025-06-11 17:44:18.958.151] [INFO  ] [Battery] SoC = 69%, Volt = +30.900V, Temp 29 
[2025-06-11 17:44:19.497.352] [INFO  ] [Controller] [Joints] FL: +37.165, +33.701, +33.701 ,FR: +37.165, +33.701, +33.701, HL: 40.630, +35.433, +40.630, HR: +44.094, +35.433, +42.362 Max HR-HipX = +44.094 Min FL-HipY = +33.701 
[2025-06-11 17:44:21.997.352] [INFO  ] [Controller] [Joints] FL: +35.433, +33.701, +33.701 ,FR: +37.165, +33.701, +33.701, HL: 40.630, +35.433, +40.630, HR: +44.094, +35.433, +42.362 Max HR-HipX = +44.094 Min FL-HipY = +33.701 
[2025-06-11 17:44:23.945.797] [INFO  ] [Battery] SoC = 69%, Volt = +30.900V, Temp 29 
[2025-06-11 17:44:24.497.352] [INFO  ] [Controller] [Joints] FL: +35.433, +33.701, +33.701 ,FR: +37.165, +33.701, +33.701, HL: 38.898, +35.433, +40.630, HR: +44.094, +35.433, +42.362 Max HR-HipX = +44.094 Min FL-HipY = +33.701 
[2025-06-11 17:44:26.997.355] [INFO  ] [Controller] [Joints] FL: +35.433, +33.701, +33.701 ,FR: +37.165, +33.701, +33.701, HL: 38.898, +35.433, +40.630, HR: +44.094, +35.433, +42.362 Max HR-HipX = +44.094 Min FL-HipY = +33.701 
[2025-06-11 17:44:28.933.282] [INFO  ] [Battery] SoC = 69%, Volt = +30.900V, Temp 29 
[2025-06-11 17:44:29.497.352] [INFO  ] [Controller] [Joints] FL: +35.433, +33.701, +33.701 ,FR: +37.165, +33.701, +33.701, HL: 38.898, +35.433, +40.630, HR: +44.094, +35.433, +40.630 Max HR-HipX = +44.094 Min FL-HipY = +33.701 
[2025-06-11 17:44:31.997.349] [INFO  ] [Controller] [Joints] FL: +35.433, +33.701, +33.701 ,FR: +37.165, +33.701, +33.701, HL: 38.898, +35.433, +40.630, HR: +44.094, +35.433, +40.630 Max HR-HipX = +44.094 Min FL-HipY = +33.701 
[2025-06-11 17:44:33.920.774] [INFO  ] [Battery] SoC = 69%, Volt = +30.900V, Temp 29 
[2025-06-11 17:44:34.497.350] [INFO  ] [Controller] [Joints] FL: +35.433, +33.701, +33.701 ,FR: +37.165, +33.701, +33.701, HL: 38.898, +35.433, +40.630, HR: +44.094, +35.433, +40.630 Max HR-HipX = +44.094 Min FL-HipY = +33.701 
[2025-06-11 17:44:36.997.350] [INFO  ] [Controller] [Joints] FL: +35.433, +33.701, +33.701 ,FR: +37.165, +33.701, +33.701, HL: 38.898, +35.433, +40.630, HR: +44.094, +35.433, +40.630 Max HR-HipX = +44.094 Min FL-HipY = +33.701 
[2025-06-11 17:44:38.908.278] [INFO  ] [Battery] SoC = 69%, Volt = +30.900V, Temp 29 
[2025-06-11 17:44:39.497.352] [INFO  ] [Controller] [Joints] FL: +35.433, +33.701, +33.701 ,FR: +37.165, +33.701, +33.701, HL: 38.898, +35.433, +40.630, HR: +44.094, +35.433, +40.630 Max HR-HipX = +44.094 Min FL-HipY = +33.701 
[2025-06-11 17:44:41.997.351] [INFO  ] [Controller] [Joints] FL: +35.433, +33.701, +33.701 ,FR: +37.165, +33.701, +33.701, HL: 38.898, +35.433, +40.630, HR: +44.094, +35.433, +40.630 Max HR-HipX = +44.094 Min FL-HipY = +33.701 
[2025-06-11 17:44:43.895.857] [INFO  ] [Battery] SoC = 69%, Volt = +30.900V, Temp 29 
[2025-06-11 17:44:44.497.352] [INFO  ] [Controller] [Joints] FL: +35.433, +33.701, +33.701 ,FR: +37.165, +33.701, +33.701, HL: 38.898, +35.433, +40.630, HR: +44.094, +35.433, +40.630 Max HR-HipX = +44.094 Min FL-HipY = +33.701 
[2025-06-11 17:44:46.997.349] [INFO  ] [Controller] [Joints] FL: +35.433, +33.701, +33.701 ,FR: +37.165, +33.701, +33.701, HL: 38.898, +35.433, +40.630, HR: +44.094, +35.433, +40.630 Max HR-HipX = +44.094 Min FL-HipY = +33.701 
[2025-06-11 17:44:48.883.227] [INFO  ] [Battery] SoC = 69%, Volt = +30.900V, Temp 29 
[2025-06-11 17:44:49.497.346] [INFO  ] [Controller] [Joints] FL: +35.433, +33.701, +33.701 ,FR: +37.165, +33.701, +33.701, HL: 38.898, +35.433, +40.630, HR: +44.094, +35.433, +40.630 Max HR-HipX = +44.094 Min FL-HipY = +33.701 
[2025-06-11 17:44:51.997.351] [INFO  ] [Controller] [Joints] FL: +35.433, +33.701, +33.701 ,FR: +37.165, +33.701, +33.701, HL: 38.898, +35.433, +40.630, HR: +44.094, +35.433, +40.630 Max HR-HipX = +44.094 Min FL-HipY = +33.701 
[2025-06-11 17:44:53.870.786] [INFO  ] [Battery] SoC = 69%, Volt = +30.900V, Temp 29 
[2025-06-11 17:44:54.497.351] [INFO  ] [Controller] [Joints] FL: +35.433, +33.701, +33.701 ,FR: +37.165, +33.701, +33.701, HL: 38.898, +35.433, +40.630, HR: +44.094, +35.433, +40.630 Max HR-HipX = +44.094 Min FL-HipY = +33.701 
[2025-06-11 17:44:56.997.351] [INFO  ] [Controller] [Joints] FL: +35.433, +33.701, +33.701 ,FR: +37.165, +33.701, +33.701, HL: 38.898, +35.433, +40.630, HR: +44.094, +35.433, +40.630 Max HR-HipX = +44.094 Min FL-HipY = +33.701 
[2025-06-11 17:44:58.858.438] [INFO  ] [Battery] SoC = 69%, Volt = +30.900V, Temp 29 
[2025-06-11 17:44:59.497.350] [INFO  ] [Controller] [Joints] FL: +35.433, +33.701, +33.701 ,FR: +37.165, +33.701, +33.701, HL: 38.898, +35.433, +38.898, HR: +44.094, +35.433, +40.630 Max HR-HipX = +44.094 Min FL-HipY = +33.701 
[2025-06-11 17:45:01.997.348] [INFO  ] [Controller] [Joints] FL: +35.433, +33.701, +33.701 ,FR: +37.165, +33.701, +33.701, HL: 38.898, +35.433, +38.898, HR: +42.362, +35.433, +40.630 Max HR-HipX = +42.362 Min FL-HipY = +33.701 
[2025-06-11 17:45:03.845.802] [INFO  ] [Battery] SoC = 69%, Volt = +30.900V, Temp 29 
[2025-06-11 17:45:04.497.351] [INFO  ] [Controller] [Joints] FL: +35.433, +33.701, +33.701 ,FR: +37.165, +33.701, +33.701, HL: 38.898, +35.433, +38.898, HR: +42.362, +35.433, +40.630 Max HR-HipX = +42.362 Min FL-HipY = +33.701 
[2025-06-11 17:45:06.997.350] [INFO  ] [Controller] [Joints] FL: +35.433, +33.701, +33.701 ,FR: +37.165, +33.701, +33.701, HL: 38.898, +35.433, +38.898, HR: +42.362, +35.433, +40.630 Max HR-HipX = +42.362 Min FL-HipY = +33.701 
[2025-06-11 17:45:08.833.091] [INFO  ] [Battery] SoC = 69%, Volt = +30.900V, Temp 29 
[2025-06-11 17:45:09.497.352] [INFO  ] [Controller] [Joints] FL: +35.433, +33.701, +33.701 ,FR: +37.165, +33.701, +33.701, HL: 38.898, +35.433, +38.898, HR: +42.362, +35.433, +40.630 Max HR-HipX = +42.362 Min FL-HipY = +33.701 
[2025-06-11 17:45:11.997.351] [INFO  ] [Controller] [Joints] FL: +35.433, +33.701, +33.701 ,FR: +37.165, +33.701, +33.701, HL: 38.898, +35.433, +38.898, HR: +42.362, +35.433, +40.630 Max HR-HipX = +42.362 Min FL-HipY = +33.701 
[2025-06-11 17:45:13.820.388] [INFO  ] [Battery] SoC = 69%, Volt = +30.900V, Temp 29 
[2025-06-11 17:45:14.497.351] [INFO  ] [Controller] [Joints] FL: +35.433, +33.701, +33.701 ,FR: +37.165, +33.701, +33.701, HL: 38.898, +35.433, +38.898, HR: +42.362, +35.433, +40.630 Max HR-HipX = +42.362 Min FL-HipY = +33.701 
[2025-06-11 17:45:16.997.352] [INFO  ] [Controller] [Joints] FL: +35.433, +33.701, +33.701 ,FR: +37.165, +33.701, +33.701, HL: 38.898, +35.433, +38.898, HR: +42.362, +35.433, +40.630 Max HR-HipX = +42.362 Min FL-HipY = +33.701 
[2025-06-11 17:45:18.807.585] [INFO  ] [Battery] SoC = 69%, Volt = +30.900V, Temp 29 
[2025-06-11 17:45:19.497.352] [INFO  ] [Controller] [Joints] FL: +35.433, +33.701, +33.701 ,FR: +37.165, +33.701, +33.701, HL: 38.898, +35.433, +38.898, HR: +42.362, +35.433, +38.898 Max HR-HipX = +42.362 Min FL-HipY = +33.701 
[2025-06-11 17:45:21.997.350] [INFO  ] [Controller] [Joints] FL: +35.433, +33.701, +33.701 ,FR: +37.165, +33.701, +33.701, HL: 38.898, +35.433, +38.898, HR: +42.362, +35.433, +38.898 Max HR-HipX = +42.362 Min FL-HipY = +33.701 
[2025-06-11 17:45:23.388.333] [INFO  ] [Controller] stand_cmd.... 
[2025-06-11 17:45:23.388.375] [INFO  ] [BasicMotion] Standing up, please wait... 
[2025-06-11 17:45:23.794.972] [INFO  ] [Battery] SoC = 69%, Volt = +30.700V, Temp 29 
[2025-06-11 17:45:24.497.354] [INFO  ] [Controller] [Joints] FL: +35.433, +33.701, +33.701 ,FR: +37.165, +33.701, +33.701, HL: 38.898, +35.433, +38.898, HR: +42.362, +35.433, +38.898 Max HR-HipX = +42.362 Min FL-HipY = +33.701 
[2025-06-11 17:45:25.389.344] [INFO  ] [BasicMotion] Stand up action has finished, waitting to switch to force control mode! 
[2025-06-11 17:45:25.389.378] [INFO  ] [BasicMotion] Switching to force control mode, please wait... 
[2025-06-11 17:45:26.997.351] [INFO  ] [Controller] [Joints] FL: +35.433, +33.701, +33.701 ,FR: +37.165, +33.701, +33.701, HL: 38.898, +35.433, +38.898, HR: +42.362, +35.433, +40.630 Max HR-HipX = +42.362 Min FL-HipY = +33.701 
[2025-06-11 17:45:28.782.565] [INFO  ] [Battery] SoC = 69%, Volt = +30.700V, Temp 29 
[2025-06-11 17:45:29.497.351] [INFO  ] [Controller] [Joints] FL: +35.433, +33.701, +33.701 ,FR: +38.898, +33.701, +33.701, HL: 40.630, +35.433, +40.630, HR: +44.094, +35.433, +40.630 Max HR-HipX = +44.094 Min FL-HipY = +33.701 
[2025-06-11 17:45:31.997.351] [INFO  ] [Controller] [Joints] FL: +35.433, +33.701, +33.701 ,FR: +38.898, +33.701, +33.701, HL: 40.630, +35.433, +40.630, HR: +44.094, +35.433, +40.630 Max HR-HipX = +44.094 Min FL-HipY = +33.701 
[2025-06-11 17:45:33.769.894] [INFO  ] [Battery] SoC = 69%, Volt = +30.700V, Temp 29 
[2025-06-11 17:45:34.497.350] [INFO  ] [Controller] [Joints] FL: +35.433, +33.701, +33.701 ,FR: +38.898, +33.701, +33.701, HL: 42.362, +35.433, +40.630, HR: +44.094, +35.433, +40.630 Max HR-HipX = +44.094 Min FL-HipY = +33.701 
[2025-06-11 17:45:36.997.351] [INFO  ] [Controller] [Joints] FL: +37.165, +33.701, +33.701 ,FR: +40.630, +33.701, +33.701, HL: 44.094, +35.433, +40.630, HR: +45.827, +35.433, +40.630 Max HR-HipX = +45.827 Min FL-HipY = +33.701 
[2025-06-11 17:45:38.757.122] [INFO  ] [Battery] SoC = 69%, Volt = +30.600V, Temp 29 
[2025-06-11 17:45:39.497.349] [INFO  ] [Controller] [Joints] FL: +37.165, +33.701, +33.701 ,FR: +40.630, +33.701, +33.701, HL: 45.827, +35.433, +40.630, HR: +45.827, +35.433, +40.630 Max HL-HipX = +45.827 Min FL-HipY = +33.701 
[2025-06-11 17:45:41.997.352] [INFO  ] [Controller] [Joints] FL: +37.165, +33.701, +33.701 ,FR: +42.362, +33.701, +33.701, HL: 45.827, +35.433, +42.362, HR: +45.827, +35.433, +40.630 Max HL-HipX = +45.827 Min FL-HipY = +33.701 
[2025-06-11 17:45:43.744.394] [INFO  ] [Battery] SoC = 69%, Volt = +30.600V, Temp 29 
[2025-06-11 17:45:44.497.353] [INFO  ] [Controller] [Joints] FL: +37.165, +33.701, +33.701 ,FR: +42.362, +33.701, +33.701, HL: 47.559, +35.433, +42.362, HR: +45.827, +35.433, +40.630 Max HL-HipX = +47.559 Min FL-HipY = +33.701 
[2025-06-11 17:45:46.997.353] [INFO  ] [Controller] [Joints] FL: +37.165, +33.701, +33.701 ,FR: +42.362, +33.701, +33.701, HL: 47.559, +35.433, +42.362, HR: +47.559, +35.433, +40.630 Max HL-HipX = +47.559 Min FL-HipY = +33.701 
[2025-06-11 17:45:48.731.960] [INFO  ] [Battery] SoC = 69%, Volt = +30.600V, Temp 29 
[2025-06-11 17:45:49.497.352] [INFO  ] [Controller] [Joints] FL: +37.165, +33.701, +33.701 ,FR: +44.094, +33.701, +33.701, HL: 49.291, +35.433, +42.362, HR: +47.559, +35.433, +40.630 Max HL-HipX = +49.291 Min FL-HipY = +33.701 
[2025-06-11 17:45:51.997.351] [INFO  ] [Controller] [Joints] FL: +37.165, +33.701, +33.701 ,FR: +44.094, +33.701, +33.701, HL: 51.024, +35.433, +42.362, HR: +47.559, +35.433, +40.630 Max HL-HipX = +51.024 Min FL-HipY = +33.701 
[2025-06-11 17:45:53.719.552] [INFO  ] [Battery] SoC = 69%, Volt = +30.600V, Temp 29 
[2025-06-11 17:45:54.497.354] [INFO  ] [Controller] [Joints] FL: +37.165, +33.701, +33.701 ,FR: +44.094, +33.701, +33.701, HL: 51.024, +35.433, +42.362, HR: +47.559, +35.433, +40.630 Max HL-HipX = +51.024 Min FL-HipY = +33.701 
[2025-06-11 17:45:56.997.352] [INFO  ] [Controller] [Joints] FL: +37.165, +33.701, +33.701 ,FR: +44.094, +33.701, +33.701, HL: 51.024, +35.433, +42.362, HR: +47.559, +35.433, +40.630 Max HL-HipX = +51.024 Min FL-HipY = +33.701 
[2025-06-11 17:45:58.707.185] [INFO  ] [Battery] SoC = 68%, Volt = +30.600V, Temp 29 
[2025-06-11 17:45:59.497.352] [INFO  ] [Controller] [Joints] FL: +37.165, +33.701, +33.701 ,FR: +45.827, +33.701, +33.701, HL: 52.756, +35.433, +42.362, HR: +49.291, +35.433, +40.630 Max HL-HipX = +52.756 Min FL-HipY = +33.701 
[2025-06-11 17:46:01.997.351] [INFO  ] [Controller] [Joints] FL: +37.165, +33.701, +33.701 ,FR: +45.827, +33.701, +33.701, HL: 52.756, +35.433, +44.094, HR: +49.291, +35.433, +40.630 Max HL-HipX = +52.756 Min FL-HipY = +33.701 
[2025-06-11 17:46:03.694.731] [INFO  ] [Battery] SoC = 68%, Volt = +30.600V, Temp 29 
[2025-06-11 17:46:04.497.352] [INFO  ] [Controller] [Joints] FL: +37.165, +33.701, +33.701 ,FR: +45.827, +33.701, +33.701, HL: 54.488, +35.433, +44.094, HR: +49.291, +35.433, +40.630 Max HL-HipX = +54.488 Min FL-HipY = +33.701 
[2025-06-11 17:46:06.997.351] [INFO  ] [Controller] [Joints] FL: +37.165, +33.701, +33.701 ,FR: +45.827, +33.701, +35.433, HL: 54.488, +35.433, +44.094, HR: +49.291, +35.433, +40.630 Max HL-HipX = +54.488 Min FL-HipY = +33.701 
[2025-06-11 17:46:08.642.372] [WARN  ] [BasicMotion] leave grd!!! 
[2025-06-11 17:46:08.683.396] [INFO  ] [Battery] SoC = 68%, Volt = +30.700V, Temp 29 
[2025-06-11 17:46:09.497.352] [INFO  ] [Controller] [Joints] FL: +37.165, +33.701, +33.701 ,FR: +47.559, +33.701, +35.433, HL: 54.488, +35.433, +44.094, HR: +49.291, +35.433, +40.630 Max HL-HipX = +54.488 Min FL-HipY = +33.701 
[2025-06-11 17:46:10.953.337] [INFO  ] [BasicMotion] Squat to Stand!!! 
[2025-06-11 17:46:11.953.342] [INFO  ] [BasicMotion] Stand up action has finished, waitting to switch to force control mode! 
[2025-06-11 17:46:11.953.374] [INFO  ] [BasicMotion] Switching to force control mode, please wait... 
[2025-06-11 17:46:11.997.350] [INFO  ] [Controller] [Joints] FL: +37.165, +33.701, +33.701 ,FR: +47.559, +33.701, +35.433, HL: 54.488, +35.433, +44.094, HR: +49.291, +35.433, +40.630 Max HL-HipX = +54.488 Min FL-HipY = +33.701 
[2025-06-11 17:46:13.669.771] [INFO  ] [Battery] SoC = 68%, Volt = +30.600V, Temp 29 
[2025-06-11 17:46:14.497.354] [INFO  ] [Controller] [Joints] FL: +37.165, +33.701, +33.701 ,FR: +45.827, +33.701, +35.433, HL: 54.488, +35.433, +44.094, HR: +49.291, +35.433, +40.630 Max HL-HipX = +54.488 Min FL-HipY = +33.701 
[2025-06-11 17:46:16.997.350] [INFO  ] [Controller] [Joints] FL: +37.165, +33.701, +33.701 ,FR: +45.827, +33.701, +35.433, HL: 54.488, +35.433, +44.094, HR: +49.291, +35.433, +42.362 Max HL-HipX = +54.488 Min FL-HipY = +33.701 
[2025-06-11 17:46:18.657.347] [INFO  ] [Battery] SoC = 68%, Volt = +30.600V, Temp 29 
[2025-06-11 17:46:19.497.353] [INFO  ] [Controller] [Joints] FL: +37.165, +33.701, +35.433 ,FR: +45.827, +33.701, +35.433, HL: 54.488, +35.433, +44.094, HR: +49.291, +35.433, +42.362 Max HL-HipX = +54.488 Min FL-HipY = +33.701 
[2025-06-11 17:46:21.997.350] [INFO  ] [Controller] [Joints] FL: +37.165, +33.701, +35.433 ,FR: +45.827, +33.701, +35.433, HL: 52.756, +35.433, +44.094, HR: +49.291, +37.165, +44.094 Max HL-HipX = +52.756 Min FL-HipY = +33.701 
[2025-06-11 17:46:23.644.883] [INFO  ] [Battery] SoC = 68%, Volt = +30.600V, Temp 29 
[2025-06-11 17:46:24.497.349] [INFO  ] [Controller] [Joints] FL: +37.165, +33.701, +35.433 ,FR: +45.827, +33.701, +35.433, HL: 52.756, +35.433, +44.094, HR: +49.291, +37.165, +44.094 Max HL-HipX = +52.756 Min FL-HipY = +33.701 
[2025-06-11 17:46:26.997.349] [INFO  ] [Controller] [Joints] FL: +37.165, +33.701, +35.433 ,FR: +45.827, +33.701, +35.433, HL: 52.756, +35.433, +42.362, HR: +49.291, +37.165, +45.827 Max HL-HipX = +52.756 Min FL-HipY = +33.701 
[2025-06-11 17:46:28.632.433] [INFO  ] [Battery] SoC = 68%, Volt = +30.600V, Temp 29 
[2025-06-11 17:46:29.497.340] [INFO  ] [Controller] [Joints] FL: +37.165, +33.701, +35.433 ,FR: +45.827, +33.701, +35.433, HL: 52.756, +35.433, +42.362, HR: +49.291, +37.165, +45.827 Max HL-HipX = +52.756 Min FL-HipY = +33.701 
[2025-06-11 17:46:31.997.349] [INFO  ] [Controller] [Joints] FL: +37.165, +33.701, +35.433 ,FR: +45.827, +33.701, +37.165, HL: 52.756, +35.433, +42.362, HR: +47.559, +37.165, +47.559 Max HL-HipX = +52.756 Min FL-HipY = +33.701 
[2025-06-11 17:46:33.619.888] [INFO  ] [Battery] SoC = 68%, Volt = +30.600V, Temp 29 
[2025-06-11 17:46:34.497.352] [INFO  ] [Controller] [Joints] FL: +37.165, +33.701, +37.165 ,FR: +45.827, +35.433, +37.165, HL: 52.756, +35.433, +42.362, HR: +47.559, +37.165, +47.559 Max HL-HipX = +52.756 Min FL-HipY = +33.701 
[2025-06-11 17:46:36.997.352] [INFO  ] [Controller] [Joints] FL: +37.165, +33.701, +37.165 ,FR: +45.827, +35.433, +37.165, HL: 52.756, +35.433, +42.362, HR: +47.559, +37.165, +49.291 Max HL-HipX = +52.756 Min FL-HipY = +33.701 
[2025-06-11 17:46:38.607.341] [INFO  ] [Battery] SoC = 68%, Volt = +30.600V, Temp 29 
[2025-06-11 17:46:39.497.350] [INFO  ] [Controller] [Joints] FL: +37.165, +33.701, +37.165 ,FR: +45.827, +35.433, +37.165, HL: 52.756, +35.433, +42.362, HR: +47.559, +37.165, +49.291 Max HL-HipX = +52.756 Min FL-HipY = +33.701 
[2025-06-11 17:46:41.997.350] [INFO  ] [Controller] [Joints] FL: +37.165, +33.701, +37.165 ,FR: +45.827, +35.433, +37.165, HL: 52.756, +35.433, +42.362, HR: +47.559, +37.165, +49.291 Max HL-HipX = +52.756 Min FL-HipY = +33.701 
[2025-06-11 17:46:43.594.771] [INFO  ] [Battery] SoC = 68%, Volt = +30.600V, Temp 29 
[2025-06-11 17:46:44.497.348] [INFO  ] [Controller] [Joints] FL: +37.165, +33.701, +37.165 ,FR: +45.827, +35.433, +37.165, HL: 52.756, +35.433, +42.362, HR: +47.559, +37.165, +51.024 Max HL-HipX = +52.756 Min FL-HipY = +33.701 
[2025-06-11 17:46:46.997.351] [INFO  ] [Controller] [Joints] FL: +37.165, +33.701, +37.165 ,FR: +45.827, +35.433, +37.165, HL: 52.756, +35.433, +42.362, HR: +47.559, +37.165, +51.024 Max HL-HipX = +52.756 Min FL-HipY = +33.701 
[2025-06-11 17:46:48.582.335] [INFO  ] [Battery] SoC = 68%, Volt = +30.600V, Temp 29 
[2025-06-11 17:46:49.497.350] [INFO  ] [Controller] [Joints] FL: +37.165, +33.701, +37.165 ,FR: +45.827, +35.433, +37.165, HL: 52.756, +35.433, +42.362, HR: +47.559, +37.165, +51.024 Max HL-HipX = +52.756 Min FL-HipY = +33.701 
[2025-06-11 17:46:51.997.351] [INFO  ] [Controller] [Joints] FL: +37.165, +33.701, +37.165 ,FR: +45.827, +35.433, +37.165, HL: 52.756, +35.433, +42.362, HR: +47.559, +37.165, +51.024 Max HL-HipX = +52.756 Min FL-HipY = +33.701 
[2025-06-11 17:46:53.569.986] [INFO  ] [Battery] SoC = 68%, Volt = +30.500V, Temp 29 
[2025-06-11 17:46:54.497.348] [INFO  ] [Controller] [Joints] FL: +37.165, +33.701, +37.165 ,FR: +45.827, +35.433, +37.165, HL: 52.756, +35.433, +42.362, HR: +47.559, +37.165, +52.756 Max HL-HipX = +52.756 Min FL-HipY = +33.701 
[2025-06-11 17:46:56.997.347] [INFO  ] [Controller] [Joints] FL: +37.165, +33.701, +37.165 ,FR: +45.827, +35.433, +38.898, HL: 52.756, +35.433, +42.362, HR: +47.559, +37.165, +52.756 Max HL-HipX = +52.756 Min FL-HipY = +33.701 
[2025-06-11 17:46:58.557.599] [INFO  ] [Battery] SoC = 68%, Volt = +30.500V, Temp 29 
[2025-06-11 17:46:59.497.349] [INFO  ] [Controller] [Joints] FL: +37.165, +33.701, +37.165 ,FR: +45.827, +35.433, +38.898, HL: 52.756, +35.433, +42.362, HR: +47.559, +37.165, +52.756 Max HL-HipX = +52.756 Min FL-HipY = +33.701 
[2025-06-11 17:47:01.997.349] [INFO  ] [Controller] [Joints] FL: +37.165, +33.701, +37.165 ,FR: +45.827, +35.433, +38.898, HL: 52.756, +35.433, +42.362, HR: +47.559, +37.165, +52.756 Max HL-HipX = +52.756 Min FL-HipY = +33.701 
[2025-06-11 17:47:03.545.160] [INFO  ] [Battery] SoC = 67%, Volt = +30.500V, Temp 29 
[2025-06-11 17:47:04.497.346] [INFO  ] [Controller] [Joints] FL: +37.165, +33.701, +38.898 ,FR: +45.827, +35.433, +38.898, HL: 52.756, +35.433, +40.630, HR: +47.559, +37.165, +54.488 Max HR-Knee = +54.488 Min FL-HipY = +33.701 
[2025-06-11 17:47:06.997.348] [INFO  ] [Controller] [Joints] FL: +37.165, +33.701, +38.898 ,FR: +45.827, +35.433, +38.898, HL: 52.756, +35.433, +40.630, HR: +47.559, +37.165, +54.488 Max HR-Knee = +54.488 Min FL-HipY = +33.701 
[2025-06-11 17:47:08.532.721] [INFO  ] [Battery] SoC = 67%, Volt = +30.500V, Temp 29 
[2025-06-11 17:47:09.497.350] [INFO  ] [Controller] [Joints] FL: +37.165, +33.701, +38.898 ,FR: +45.827, +35.433, +38.898, HL: 52.756, +35.433, +40.630, HR: +47.559, +37.165, +54.488 Max HR-Knee = +54.488 Min FL-HipY = +33.701 
[2025-06-11 17:47:11.997.350] [INFO  ] [Controller] [Joints] FL: +37.165, +33.701, +38.898 ,FR: +45.827, +35.433, +38.898, HL: 52.756, +35.433, +40.630, HR: +47.559, +37.165, +54.488 Max HR-Knee = +54.488 Min FL-HipY = +33.701 
[2025-06-11 17:47:13.520.330] [INFO  ] [Battery] SoC = 67%, Volt = +30.500V, Temp 29 
[2025-06-11 17:47:14.497.350] [INFO  ] [Controller] [Joints] FL: +37.165, +33.701, +38.898 ,FR: +45.827, +35.433, +38.898, HL: 52.756, +35.433, +40.630, HR: +47.559, +37.165, +54.488 Max HR-Knee = +54.488 Min FL-HipY = +33.701 
[2025-06-11 17:47:16.997.350] [INFO  ] [Controller] [Joints] FL: +37.165, +35.433, +38.898 ,FR: +45.827, +35.433, +38.898, HL: 52.756, +35.433, +40.630, HR: +47.559, +37.165, +54.488 Max HR-Knee = +54.488 Min FL-HipY = +35.433 
[2025-06-11 17:47:18.507.729] [INFO  ] [Battery] SoC = 67%, Volt = +30.500V, Temp 29 
[2025-06-11 17:47:19.497.348] [INFO  ] [Controller] [Joints] FL: +37.165, +35.433, +38.898 ,FR: +45.827, +35.433, +38.898, HL: 52.756, +35.433, +40.630, HR: +47.559, +37.165, +54.488 Max HR-Knee = +54.488 Min FL-HipY = +35.433 
[2025-06-11 17:47:21.997.350] [INFO  ] [Controller] [Joints] FL: +37.165, +33.701, +38.898 ,FR: +45.827, +35.433, +38.898, HL: 52.756, +35.433, +40.630, HR: +47.559, +37.165, +54.488 Max HR-Knee = +54.488 Min FL-HipY = +33.701 
[2025-06-11 17:47:23.495.259] [INFO  ] [Battery] SoC = 67%, Volt = +30.500V, Temp 29 
[2025-06-11 17:47:24.497.369] [INFO  ] [Controller] [Joints] FL: +37.165, +33.701, +38.898 ,FR: +45.827, +35.433, +38.898, HL: 52.756, +35.433, +40.630, HR: +47.559, +37.165, +56.220 Max HR-Knee = +56.220 Min FL-HipY = +33.701 
[2025-06-11 17:47:26.997.348] [INFO  ] [Controller] [Joints] FL: +37.165, +33.701, +38.898 ,FR: +45.827, +35.433, +38.898, HL: 52.756, +35.433, +40.630, HR: +47.559, +37.165, +56.220 Max HR-Knee = +56.220 Min FL-HipY = +33.701 
[2025-06-11 17:47:28.482.788] [INFO  ] [Battery] SoC = 67%, Volt = +30.500V, Temp 29 
[2025-06-11 17:47:29.497.350] [INFO  ] [Controller] [Joints] FL: +37.165, +35.433, +38.898 ,FR: +45.827, +35.433, +38.898, HL: 52.756, +35.433, +40.630, HR: +47.559, +37.165, +56.220 Max HR-Knee = +56.220 Min FL-HipY = +35.433 
[2025-06-11 17:47:31.997.348] [INFO  ] [Controller] [Joints] FL: +37.165, +35.433, +38.898 ,FR: +45.827, +35.433, +38.898, HL: 52.756, +35.433, +40.630, HR: +47.559, +37.165, +56.220 Max HR-Knee = +56.220 Min FL-HipY = +35.433 
[2025-06-11 17:47:33.470.369] [INFO  ] [Battery] SoC = 67%, Volt = +30.500V, Temp 29 
[2025-06-11 17:47:34.497.350] [INFO  ] [Controller] [Joints] FL: +37.165, +35.433, +38.898 ,FR: +45.827, +35.433, +38.898, HL: 52.756, +35.433, +40.630, HR: +47.559, +37.165, +56.220 Max HR-Knee = +56.220 Min FL-HipY = +35.433 
[2025-06-11 17:47:36.997.353] [INFO  ] [Controller] [Joints] FL: +37.165, +35.433, +38.898 ,FR: +45.827, +35.433, +38.898, HL: 52.756, +35.433, +40.630, HR: +47.559, +37.165, +56.220 Max HR-Knee = +56.220 Min FL-HipY = +35.433 
[2025-06-11 17:47:38.457.929] [INFO  ] [Battery] SoC = 67%, Volt = +30.500V, Temp 29 
[2025-06-11 17:47:39.497.352] [INFO  ] [Controller] [Joints] FL: +37.165, +35.433, +38.898 ,FR: +45.827, +35.433, +38.898, HL: 52.756, +35.433, +42.362, HR: +47.559, +37.165, +56.220 Max HR-Knee = +56.220 Min FL-HipY = +35.433 
[2025-06-11 17:47:41.997.352] [INFO  ] [Controller] [Joints] FL: +37.165, +35.433, +38.898 ,FR: +45.827, +35.433, +38.898, HL: 52.756, +35.433, +42.362, HR: +47.559, +38.898, +56.220 Max HR-Knee = +56.220 Min FL-HipY = +35.433 
[2025-06-11 17:47:43.445.524] [INFO  ] [Battery] SoC = 67%, Volt = +30.500V, Temp 29 
[2025-06-11 17:47:44.497.352] [INFO  ] [Controller] [Joints] FL: +37.165, +35.433, +38.898 ,FR: +45.827, +35.433, +38.898, HL: 52.756, +35.433, +42.362, HR: +47.559, +38.898, +56.220 Max HR-Knee = +56.220 Min FL-HipY = +35.433 
[2025-06-11 17:47:46.997.352] [INFO  ] [Controller] [Joints] FL: +37.165, +35.433, +38.898 ,FR: +45.827, +35.433, +38.898, HL: 52.756, +35.433, +42.362, HR: +47.559, +38.898, +56.220 Max HR-Knee = +56.220 Min FL-HipY = +35.433 
[2025-06-11 17:47:48.433.170] [INFO  ] [Battery] SoC = 67%, Volt = +30.500V, Temp 29 
[2025-06-11 17:47:49.497.351] [INFO  ] [Controller] [Joints] FL: +37.165, +35.433, +38.898 ,FR: +45.827, +35.433, +38.898, HL: 52.756, +35.433, +42.362, HR: +47.559, +38.898, +56.220 Max HR-Knee = +56.220 Min FL-HipY = +35.433 
[2025-06-11 17:47:51.997.351] [INFO  ] [Controller] [Joints] FL: +37.165, +35.433, +38.898 ,FR: +45.827, +35.433, +38.898, HL: 52.756, +35.433, +42.362, HR: +49.291, +38.898, +56.220 Max HR-Knee = +56.220 Min FL-HipY = +35.433 
[2025-06-11 17:47:53.420.933] [INFO  ] [Battery] SoC = 67%, Volt = +30.500V, Temp 29 
[2025-06-11 17:47:54.497.351] [INFO  ] [Controller] [Joints] FL: +38.898, +35.433, +38.898 ,FR: +45.827, +35.433, +38.898, HL: 52.756, +35.433, +42.362, HR: +49.291, +38.898, +57.953 Max HR-Knee = +57.953 Min FL-HipY = +35.433 
[2025-06-11 17:47:56.997.350] [INFO  ] [Controller] [Joints] FL: +38.898, +35.433, +38.898 ,FR: +45.827, +35.433, +38.898, HL: 52.756, +35.433, +42.362, HR: +49.291, +38.898, +57.953 Max HR-Knee = +57.953 Min FL-HipY = +35.433 
[2025-06-11 17:47:58.408.596] [INFO  ] [Battery] SoC = 67%, Volt = +30.500V, Temp 29 
[2025-06-11 17:47:59.497.352] [INFO  ] [Controller] [Joints] FL: +38.898, +35.433, +38.898 ,FR: +45.827, +35.433, +38.898, HL: 52.756, +35.433, +42.362, HR: +49.291, +38.898, +57.953 Max HR-Knee = +57.953 Min FL-HipY = +35.433 
[2025-06-11 17:48:01.997.350] [INFO  ] [Controller] [Joints] FL: +38.898, +35.433, +38.898 ,FR: +45.827, +35.433, +38.898, HL: 52.756, +35.433, +42.362, HR: +49.291, +38.898, +57.953 Max HR-Knee = +57.953 Min FL-HipY = +35.433 
[2025-06-11 17:48:03.396.220] [INFO  ] [Battery] SoC = 67%, Volt = +30.500V, Temp 29 
[2025-06-11 17:48:04.497.351] [INFO  ] [Controller] [Joints] FL: +38.898, +35.433, +38.898 ,FR: +45.827, +35.433, +38.898, HL: 52.756, +35.433, +42.362, HR: +49.291, +38.898, +57.953 Max HR-Knee = +57.953 Min FL-HipY = +35.433 
[2025-06-11 17:48:06.997.352] [INFO  ] [Controller] [Joints] FL: +38.898, +35.433, +38.898 ,FR: +45.827, +35.433, +38.898, HL: 52.756, +35.433, +42.362, HR: +49.291, +38.898, +57.953 Max HR-Knee = +57.953 Min FL-HipY = +35.433 
[2025-06-11 17:48:08.383.730] [INFO  ] [Battery] SoC = 66%, Volt = +30.500V, Temp 29 
[2025-06-11 17:48:09.497.350] [INFO  ] [Controller] [Joints] FL: +38.898, +35.433, +38.898 ,FR: +45.827, +35.433, +38.898, HL: 52.756, +35.433, +42.362, HR: +49.291, +38.898, +57.953 Max HR-Knee = +57.953 Min FL-HipY = +35.433 
[2025-06-11 17:48:11.997.351] [INFO  ] [Controller] [Joints] FL: +38.898, +35.433, +38.898 ,FR: +45.827, +35.433, +38.898, HL: 52.756, +35.433, +42.362, HR: +49.291, +38.898, +57.953 Max HR-Knee = +57.953 Min FL-HipY = +35.433 
[2025-06-11 17:48:13.371.340] [INFO  ] [Battery] SoC = 66%, Volt = +30.400V, Temp 29 
[2025-06-11 17:48:14.497.354] [INFO  ] [Controller] [Joints] FL: +38.898, +35.433, +38.898 ,FR: +45.827, +35.433, +38.898, HL: 52.756, +35.433, +42.362, HR: +49.291, +38.898, +57.953 Max HR-Knee = +57.953 Min FL-HipY = +35.433 
[2025-06-11 17:48:16.997.347] [INFO  ] [Controller] [Joints] FL: +38.898, +35.433, +38.898 ,FR: +45.827, +35.433, +38.898, HL: 52.756, +35.433, +42.362, HR: +49.291, +38.898, +57.953 Max HR-Knee = +57.953 Min FL-HipY = +35.433 
[2025-06-11 17:48:18.358.898] [INFO  ] [Battery] SoC = 66%, Volt = +30.400V, Temp 29 
[2025-06-11 17:48:19.497.350] [INFO  ] [Controller] [Joints] FL: +38.898, +35.433, +38.898 ,FR: +45.827, +35.433, +40.630, HL: 54.488, +35.433, +42.362, HR: +49.291, +38.898, +57.953 Max HR-Knee = +57.953 Min FL-HipY = +35.433 
[2025-06-11 17:48:21.997.349] [INFO  ] [Controller] [Joints] FL: +38.898, +35.433, +38.898 ,FR: +45.827, +35.433, +40.630, HL: 54.488, +35.433, +42.362, HR: +49.291, +38.898, +57.953 Max HR-Knee = +57.953 Min FL-HipY = +35.433 
[2025-06-11 17:48:23.346.538] [INFO  ] [Battery] SoC = 66%, Volt = +30.400V, Temp 29 
[2025-06-11 17:48:24.497.349] [INFO  ] [Controller] [Joints] FL: +38.898, +35.433, +38.898 ,FR: +45.827, +35.433, +40.630, HL: 54.488, +35.433, +42.362, HR: +49.291, +38.898, +57.953 Max HR-Knee = +57.953 Min FL-HipY = +35.433 
[2025-06-11 17:48:26.997.349] [INFO  ] [Controller] [Joints] FL: +38.898, +35.433, +38.898 ,FR: +45.827, +35.433, +40.630, HL: 54.488, +35.433, +42.362, HR: +49.291, +38.898, +57.953 Max HR-Knee = +57.953 Min FL-HipY = +35.433 
[2025-06-11 17:48:28.334.095] [INFO  ] [Battery] SoC = 66%, Volt = +30.400V, Temp 29 
[2025-06-11 17:48:29.497.350] [INFO  ] [Controller] [Joints] FL: +38.898, +35.433, +38.898 ,FR: +45.827, +35.433, +40.630, HL: 54.488, +35.433, +42.362, HR: +49.291, +38.898, +57.953 Max HR-Knee = +57.953 Min FL-HipY = +35.433 
[2025-06-11 17:48:31.997.349] [INFO  ] [Controller] [Joints] FL: +38.898, +35.433, +38.898 ,FR: +45.827, +35.433, +40.630, HL: 54.488, +35.433, +42.362, HR: +49.291, +38.898, +57.953 Max HR-Knee = +57.953 Min FL-HipY = +35.433 
[2025-06-11 17:48:33.321.635] [INFO  ] [Battery] SoC = 66%, Volt = +30.400V, Temp 29 
[2025-06-11 17:48:34.497.352] [INFO  ] [Controller] [Joints] FL: +38.898, +35.433, +38.898 ,FR: +45.827, +35.433, +40.630, HL: 54.488, +35.433, +42.362, HR: +49.291, +38.898, +57.953 Max HR-Knee = +57.953 Min FL-HipY = +35.433 
[2025-06-11 17:48:36.997.351] [INFO  ] [Controller] [Joints] FL: +38.898, +35.433, +38.898 ,FR: +45.827, +35.433, +40.630, HL: 54.488, +35.433, +42.362, HR: +49.291, +38.898, +57.953 Max HR-Knee = +57.953 Min FL-HipY = +35.433 
[2025-06-11 17:48:38.309.159] [INFO  ] [Battery] SoC = 66%, Volt = +30.400V, Temp 29 
[2025-06-11 17:48:39.497.351] [INFO  ] [Controller] [Joints] FL: +38.898, +35.433, +38.898 ,FR: +45.827, +35.433, +40.630, HL: 54.488, +35.433, +42.362, HR: +49.291, +38.898, +57.953 Max HR-Knee = +57.953 Min FL-HipY = +35.433 
[2025-06-11 17:48:41.997.351] [INFO  ] [Controller] [Joints] FL: +38.898, +35.433, +38.898 ,FR: +45.827, +35.433, +40.630, HL: 54.488, +35.433, +42.362, HR: +49.291, +38.898, +57.953 Max HR-Knee = +57.953 Min FL-HipY = +35.433 
[2025-06-11 17:48:43.296.729] [INFO  ] [Battery] SoC = 66%, Volt = +30.400V, Temp 29 
[2025-06-11 17:48:44.497.350] [INFO  ] [Controller] [Joints] FL: +38.898, +35.433, +38.898 ,FR: +45.827, +35.433, +40.630, HL: 54.488, +35.433, +42.362, HR: +49.291, +38.898, +57.953 Max HR-Knee = +57.953 Min FL-HipY = +35.433 
[2025-06-11 17:48:46.997.348] [INFO  ] [Controller] [Joints] FL: +38.898, +35.433, +38.898 ,FR: +45.827, +35.433, +40.630, HL: 54.488, +35.433, +42.362, HR: +49.291, +38.898, +57.953 Max HR-Knee = +57.953 Min FL-HipY = +35.433 
[2025-06-11 17:48:48.284.210] [INFO  ] [Battery] SoC = 66%, Volt = +30.400V, Temp 29 
[2025-06-11 17:48:49.497.351] [INFO  ] [Controller] [Joints] FL: +38.898, +35.433, +38.898 ,FR: +45.827, +35.433, +40.630, HL: 54.488, +35.433, +42.362, HR: +49.291, +38.898, +57.953 Max HR-Knee = +57.953 Min FL-HipY = +35.433 
[2025-06-11 17:48:51.542.362] [INFO  ] [TVMPC] JY is Moving... (tvmpc),  time: 1530.351318 
[2025-06-11 17:48:51.997.349] [INFO  ] [Controller] [Joints] FL: +38.898, +35.433, +38.898 ,FR: +45.827, +35.433, +40.630, HL: 54.488, +35.433, +42.362, HR: +49.291, +38.898, +57.953 Max HR-Knee = +57.953 Min FL-HipY = +35.433 
[2025-06-11 17:48:52.892.742] [INFO  ] [TVMPC] [trot]STOP!!! 
[2025-06-11 17:48:52.893.330] [INFO  ] [BasicMotion] Switching to force control mode, please wait... 
[2025-06-11 17:48:53.271.682] [INFO  ] [Battery] SoC = 66%, Volt = +30.400V, Temp 29 
[2025-06-11 17:48:54.497.351] [INFO  ] [Controller] [Joints] FL: +38.898, +35.433, +38.898 ,FR: +45.827, +35.433, +40.630, HL: 54.488, +35.433, +42.362, HR: +49.291, +38.898, +57.953 Max HR-Knee = +57.953 Min FL-HipY = +35.433 
[2025-06-11 17:48:56.997.351] [INFO  ] [Controller] [Joints] FL: +38.898, +35.433, +38.898 ,FR: +45.827, +35.433, +40.630, HL: 54.488, +35.433, +42.362, HR: +49.291, +38.898, +57.953 Max HR-Knee = +57.953 Min FL-HipY = +35.433 
[2025-06-11 17:48:58.258.951] [INFO  ] [Battery] SoC = 66%, Volt = +30.400V, Temp 29 
[2025-06-11 17:48:59.497.351] [INFO  ] [Controller] [Joints] FL: +38.898, +35.433, +38.898 ,FR: +45.827, +35.433, +40.630, HL: 52.756, +35.433, +42.362, HR: +49.291, +38.898, +57.953 Max HR-Knee = +57.953 Min FL-HipY = +35.433 
[2025-06-11 17:49:01.997.348] [INFO  ] [Controller] [Joints] FL: +38.898, +35.433, +38.898 ,FR: +45.827, +35.433, +40.630, HL: 52.756, +37.165, +44.094, HR: +51.024, +38.898, +57.953 Max HR-Knee = +57.953 Min FL-HipY = +35.433 
[2025-06-11 17:49:03.246.343] [INFO  ] [Battery] SoC = 66%, Volt = +30.400V, Temp 29 
[2025-06-11 17:49:04.497.351] [INFO  ] [Controller] [Joints] FL: +38.898, +35.433, +38.898 ,FR: +45.827, +35.433, +40.630, HL: 52.756, +37.165, +44.094, HR: +51.024, +38.898, +56.220 Max HR-Knee = +56.220 Min FL-HipY = +35.433 
[2025-06-11 17:49:06.997.350] [INFO  ] [Controller] [Joints] FL: +38.898, +35.433, +38.898 ,FR: +45.827, +35.433, +40.630, HL: 52.756, +37.165, +44.094, HR: +51.024, +38.898, +56.220 Max HR-Knee = +56.220 Min FL-HipY = +35.433 
[2025-06-11 17:49:08.233.815] [INFO  ] [Battery] SoC = 66%, Volt = +30.400V, Temp 29 
[2025-06-11 17:49:09.497.350] [INFO  ] [Controller] [Joints] FL: +38.898, +35.433, +38.898 ,FR: +44.094, +35.433, +40.630, HL: 52.756, +37.165, +44.094, HR: +51.024, +38.898, +56.220 Max HR-Knee = +56.220 Min FL-HipY = +35.433 
[2025-06-11 17:49:11.997.350] [INFO  ] [Controller] [Joints] FL: +38.898, +35.433, +38.898 ,FR: +44.094, +35.433, +40.630, HL: 51.024, +37.165, +44.094, HR: +51.024, +37.165, +54.488 Max HR-Knee = +54.488 Min FL-HipY = +35.433 
[2025-06-11 17:49:13.221.307] [INFO  ] [Battery] SoC = 66%, Volt = +30.400V, Temp 29 
[2025-06-11 17:49:14.497.347] [INFO  ] [Controller] [Joints] FL: +38.898, +35.433, +38.898 ,FR: +44.094, +35.433, +40.630, HL: 51.024, +37.165, +44.094, HR: +51.024, +37.165, +54.488 Max HR-Knee = +54.488 Min FL-HipY = +35.433 
[2025-06-11 17:49:16.997.350] [INFO  ] [Controller] [Joints] FL: +38.898, +35.433, +38.898 ,FR: +44.094, +35.433, +40.630, HL: 51.024, +37.165, +44.094, HR: +51.024, +37.165, +54.488 Max HR-Knee = +54.488 Min FL-HipY = +35.433 
[2025-06-11 17:49:18.208.731] [INFO  ] [Battery] SoC = 65%, Volt = +30.400V, Temp 29 
[2025-06-11 17:49:19.497.349] [INFO  ] [Controller] [Joints] FL: +38.898, +35.433, +38.898 ,FR: +44.094, +35.433, +40.630, HL: 51.024, +37.165, +44.094, HR: +51.024, +37.165, +54.488 Max HR-Knee = +54.488 Min FL-HipY = +35.433 
[2025-06-11 17:49:21.997.350] [INFO  ] [Controller] [Joints] FL: +38.898, +35.433, +38.898 ,FR: +44.094, +35.433, +40.630, HL: 51.024, +37.165, +44.094, HR: +51.024, +37.165, +54.488 Max HR-Knee = +54.488 Min FL-HipY = +35.433 
[2025-06-11 17:49:23.196.136] [INFO  ] [Battery] SoC = 65%, Volt = +30.400V, Temp 29 
[2025-06-11 17:49:24.497.351] [INFO  ] [Controller] [Joints] FL: +38.898, +35.433, +38.898 ,FR: +44.094, +35.433, +40.630, HL: 51.024, +37.165, +44.094, HR: +49.291, +37.165, +54.488 Max HR-Knee = +54.488 Min FL-HipY = +35.433 
[2025-06-11 17:49:26.997.353] [INFO  ] [Controller] [Joints] FL: +38.898, +35.433, +38.898 ,FR: +44.094, +35.433, +40.630, HL: 51.024, +37.165, +44.094, HR: +49.291, +37.165, +52.756 Max HR-Knee = +52.756 Min FL-HipY = +35.433 
[2025-06-11 17:49:28.183.647] [INFO  ] [Battery] SoC = 65%, Volt = +30.400V, Temp 29 
[2025-06-11 17:49:29.497.352] [INFO  ] [Controller] [Joints] FL: +38.898, +35.433, +38.898 ,FR: +44.094, +35.433, +40.630, HL: 49.291, +37.165, +44.094, HR: +49.291, +37.165, +52.756 Max HR-Knee = +52.756 Min FL-HipY = +35.433 
[2025-06-11 17:49:31.997.352] [INFO  ] [Controller] [Joints] FL: +38.898, +35.433, +38.898 ,FR: +44.094, +35.433, +40.630, HL: 49.291, +37.165, +44.094, HR: +49.291, +37.165, +52.756 Max HR-Knee = +52.756 Min FL-HipY = +35.433 
[2025-06-11 17:49:33.171.173] [INFO  ] [Battery] SoC = 65%, Volt = +30.400V, Temp 29 
[2025-06-11 17:49:34.497.350] [INFO  ] [Controller] [Joints] FL: +38.898, +35.433, +38.898 ,FR: +44.094, +35.433, +40.630, HL: 49.291, +37.165, +44.094, HR: +49.291, +37.165, +52.756 Max HR-Knee = +52.756 Min FL-HipY = +35.433 
[2025-06-11 17:49:36.997.351] [INFO  ] [Controller] [Joints] FL: +38.898, +35.433, +38.898 ,FR: +44.094, +35.433, +40.630, HL: 49.291, +37.165, +44.094, HR: +49.291, +37.165, +52.756 Max HR-Knee = +52.756 Min FL-HipY = +35.433 
[2025-06-11 17:49:38.158.783] [INFO  ] [Battery] SoC = 65%, Volt = +30.400V, Temp 29 
[2025-06-11 17:49:39.497.352] [INFO  ] [Controller] [Joints] FL: +38.898, +35.433, +38.898 ,FR: +44.094, +35.433, +40.630, HL: 49.291, +37.165, +44.094, HR: +49.291, +37.165, +52.756 Max HR-Knee = +52.756 Min FL-HipY = +35.433 
[2025-06-11 17:49:41.997.352] [INFO  ] [Controller] [Joints] FL: +38.898, +35.433, +38.898 ,FR: +44.094, +35.433, +40.630, HL: 49.291, +37.165, +44.094, HR: +49.291, +37.165, +52.756 Max HR-Knee = +52.756 Min FL-HipY = +35.433 
[2025-06-11 17:49:43.146.281] [INFO  ] [Battery] SoC = 65%, Volt = +30.400V, Temp 29 
[2025-06-11 17:49:44.497.353] [INFO  ] [Controller] [Joints] FL: +38.898, +35.433, +38.898 ,FR: +44.094, +35.433, +40.630, HL: 49.291, +37.165, +44.094, HR: +49.291, +37.165, +52.756 Max HR-Knee = +52.756 Min FL-HipY = +35.433 
[2025-06-11 17:49:46.997.350] [INFO  ] [Controller] [Joints] FL: +38.898, +35.433, +38.898 ,FR: +44.094, +35.433, +40.630, HL: 49.291, +37.165, +44.094, HR: +49.291, +37.165, +52.756 Max HR-Knee = +52.756 Min FL-HipY = +35.433 
[2025-06-11 17:49:48.133.689] [INFO  ] [Battery] SoC = 65%, Volt = +30.400V, Temp 29 
[2025-06-11 17:49:49.497.350] [INFO  ] [Controller] [Joints] FL: +38.898, +35.433, +38.898 ,FR: +44.094, +35.433, +40.630, HL: 49.291, +37.165, +44.094, HR: +49.291, +37.165, +52.756 Max HR-Knee = +52.756 Min FL-HipY = +35.433 
[2025-06-11 17:49:51.997.349] [INFO  ] [Controller] [Joints] FL: +38.898, +35.433, +38.898 ,FR: +44.094, +35.433, +40.630, HL: 49.291, +37.165, +44.094, HR: +49.291, +37.165, +52.756 Max HR-Knee = +52.756 Min FL-HipY = +35.433 
[2025-06-11 17:49:53.121.084] [INFO  ] [Battery] SoC = 65%, Volt = +30.400V, Temp 29 
[2025-06-11 17:49:54.497.352] [INFO  ] [Controller] [Joints] FL: +38.898, +35.433, +38.898 ,FR: +44.094, +35.433, +40.630, HL: 49.291, +37.165, +44.094, HR: +49.291, +37.165, +52.756 Max HR-Knee = +52.756 Min FL-HipY = +35.433 
[2025-06-11 17:49:56.997.352] [INFO  ] [Controller] [Joints] FL: +38.898, +35.433, +38.898 ,FR: +44.094, +35.433, +40.630, HL: 49.291, +37.165, +44.094, HR: +49.291, +37.165, +51.024 Max HR-Knee = +51.024 Min FL-HipY = +35.433 
[2025-06-11 17:49:58.108.522] [INFO  ] [Battery] SoC = 65%, Volt = +30.400V, Temp 29 
[2025-06-11 17:49:59.497.352] [INFO  ] [Controller] [Joints] FL: +38.898, +35.433, +38.898 ,FR: +44.094, +35.433, +40.630, HL: 49.291, +37.165, +44.094, HR: +49.291, +37.165, +51.024 Max HR-Knee = +51.024 Min FL-HipY = +35.433 
[2025-06-11 17:50:01.997.350] [INFO  ] [Controller] [Joints] FL: +38.898, +35.433, +38.898 ,FR: +44.094, +35.433, +40.630, HL: 49.291, +37.165, +44.094, HR: +49.291, +37.165, +51.024 Max HR-Knee = +51.024 Min FL-HipY = +35.433 
[2025-06-11 17:50:03.095.860] [INFO  ] [Battery] SoC = 65%, Volt = +30.300V, Temp 29 
[2025-06-11 17:50:04.497.345] [INFO  ] [Controller] [Joints] FL: +38.898, +35.433, +38.898 ,FR: +44.094, +35.433, +40.630, HL: 49.291, +37.165, +44.094, HR: +49.291, +37.165, +51.024 Max HR-Knee = +51.024 Min FL-HipY = +35.433 
[2025-06-11 17:50:06.997.353] [INFO  ] [Controller] [Joints] FL: +38.898, +35.433, +38.898 ,FR: +44.094, +35.433, +40.630, HL: 49.291, +37.165, +44.094, HR: +49.291, +37.165, +51.024 Max HR-Knee = +51.024 Min FL-HipY = +35.433 
[2025-06-11 17:50:08.083.225] [INFO  ] [Battery] SoC = 65%, Volt = +30.300V, Temp 29 
[2025-06-11 17:50:09.497.350] [INFO  ] [Controller] [Joints] FL: +38.898, +35.433, +38.898 ,FR: +44.094, +35.433, +40.630, HL: 49.291, +37.165, +44.094, HR: +49.291, +37.165, +51.024 Max HR-Knee = +51.024 Min FL-HipY = +35.433 
[2025-06-11 17:50:11.997.350] [INFO  ] [Controller] [Joints] FL: +38.898, +35.433, +38.898 ,FR: +44.094, +35.433, +40.630, HL: 49.291, +37.165, +44.094, HR: +49.291, +37.165, +51.024 Max HR-Knee = +51.024 Min FL-HipY = +35.433 
[2025-06-11 17:50:13.070.698] [INFO  ] [Battery] SoC = 65%, Volt = +30.300V, Temp 29 
[2025-06-11 17:50:14.497.348] [INFO  ] [Controller] [Joints] FL: +38.898, +35.433, +38.898 ,FR: +44.094, +35.433, +40.630, HL: 47.559, +37.165, +44.094, HR: +49.291, +37.165, +51.024 Max HR-Knee = +51.024 Min FL-HipY = +35.433 
[2025-06-11 17:50:16.997.339] [INFO  ] [Controller] [Joints] FL: +38.898, +35.433, +38.898 ,FR: +44.094, +35.433, +40.630, HL: 47.559, +37.165, +44.094, HR: +49.291, +37.165, +51.024 Max HR-Knee = +51.024 Min FL-HipY = +35.433 
[2025-06-11 17:50:18.058.216] [INFO  ] [Battery] SoC = 65%, Volt = +30.300V, Temp 29 
[2025-06-11 17:50:19.497.351] [INFO  ] [Controller] [Joints] FL: +38.898, +35.433, +38.898 ,FR: +44.094, +35.433, +40.630, HL: 47.559, +37.165, +44.094, HR: +49.291, +37.165, +51.024 Max HR-Knee = +51.024 Min FL-HipY = +35.433 
[2025-06-11 17:50:21.997.351] [INFO  ] [Controller] [Joints] FL: +38.898, +35.433, +38.898 ,FR: +44.094, +35.433, +40.630, HL: 47.559, +37.165, +44.094, HR: +49.291, +37.165, +51.024 Max HR-Knee = +51.024 Min FL-HipY = +35.433 
[2025-06-11 17:50:23.045.647] [INFO  ] [Battery] SoC = 65%, Volt = +30.300V, Temp 29 
[2025-06-11 17:50:24.497.351] [INFO  ] [Controller] [Joints] FL: +38.898, +35.433, +38.898 ,FR: +44.094, +35.433, +40.630, HL: 47.559, +37.165, +44.094, HR: +49.291, +37.165, +51.024 Max HR-Knee = +51.024 Min FL-HipY = +35.433 
[2025-06-11 17:50:26.997.351] [INFO  ] [Controller] [Joints] FL: +38.898, +35.433, +38.898 ,FR: +44.094, +35.433, +40.630, HL: 47.559, +37.165, +44.094, HR: +49.291, +37.165, +51.024 Max HR-Knee = +51.024 Min FL-HipY = +35.433 
[2025-06-11 17:50:28.032.984] [INFO  ] [Battery] SoC = 64%, Volt = +30.300V, Temp 29 
[2025-06-11 17:50:29.497.350] [INFO  ] [Controller] [Joints] FL: +38.898, +35.433, +38.898 ,FR: +44.094, +35.433, +40.630, HL: 47.559, +37.165, +44.094, HR: +49.291, +37.165, +51.024 Max HR-Knee = +51.024 Min FL-HipY = +35.433 
[2025-06-11 17:50:30.659.332] [INFO  ] [Controller] AutoStop ... 
[2025-06-11 17:50:30.764.331] [INFO  ] [Controller] Switch to Twist Body Mode!!! 
[2025-06-11 17:50:30.864.331] [INFO  ] [Controller] Switch to Twist Body Mode!!! 
[2025-06-11 17:50:30.964.331] [INFO  ] [Controller] Switch to Twist Body Mode!!! 
[2025-06-11 17:50:31.064.329] [INFO  ] [Controller] Switch to Twist Body Mode!!! 
[2025-06-11 17:50:31.164.330] [INFO  ] [Controller] Switch to Twist Body Mode!!! 
[2025-06-11 17:50:31.264.331] [INFO  ] [Controller] Switch to Twist Body Mode!!! 
[2025-06-11 17:50:31.364.330] [INFO  ] [Controller] Switch to Twist Body Mode!!! 
[2025-06-11 17:50:31.465.332] [INFO  ] [Controller] Switch to Twist Body Mode!!! 
[2025-06-11 17:50:31.565.332] [INFO  ] [Controller] Switch to Twist Body Mode!!! 
[2025-06-11 17:50:31.665.331] [INFO  ] [Controller] Switch to Twist Body Mode!!! 
[2025-06-11 17:50:31.997.350] [INFO  ] [Controller] [Joints] FL: +38.898, +35.433, +38.898 ,FR: +44.094, +35.433, +40.630, HL: 47.559, +37.165, +44.094, HR: +49.291, +37.165, +51.024 Max HR-Knee = +51.024 Min FL-HipY = +35.433 
[2025-06-11 17:50:33.020.389] [INFO  ] [Battery] SoC = 64%, Volt = +30.300V, Temp 29 
[2025-06-11 17:50:34.497.349] [INFO  ] [Controller] [Joints] FL: +38.898, +35.433, +38.898 ,FR: +44.094, +35.433, +40.630, HL: 47.559, +37.165, +44.094, HR: +49.291, +37.165, +51.024 Max HR-Knee = +51.024 Min FL-HipY = +35.433 
[2025-06-11 17:50:36.997.350] [INFO  ] [Controller] [Joints] FL: +38.898, +35.433, +38.898 ,FR: +44.094, +35.433, +40.630, HL: 47.559, +37.165, +44.094, HR: +51.024, +37.165, +51.024 Max HR-HipX = +51.024 Min FL-HipY = +35.433 
[2025-06-11 17:50:38.007.856] [INFO  ] [Battery] SoC = 64%, Volt = +30.300V, Temp 29 
[2025-06-11 17:50:39.497.347] [INFO  ] [Controller] [Joints] FL: +38.898, +35.433, +38.898 ,FR: +44.094, +35.433, +40.630, HL: 47.559, +37.165, +44.094, HR: +51.024, +37.165, +51.024 Max HR-HipX = +51.024 Min FL-HipY = +35.433 
[2025-06-11 17:50:41.997.350] [INFO  ] [Controller] [Joints] FL: +38.898, +35.433, +38.898 ,FR: +44.094, +35.433, +40.630, HL: 47.559, +37.165, +44.094, HR: +51.024, +37.165, +51.024 Max HR-HipX = +51.024 Min FL-HipY = +35.433 
[2025-06-11 17:50:42.995.202] [INFO  ] [Battery] SoC = 64%, Volt = +30.300V, Temp 29 
[2025-06-11 17:50:44.497.349] [INFO  ] [Controller] [Joints] FL: +38.898, +35.433, +38.898 ,FR: +44.094, +35.433, +40.630, HL: 47.559, +37.165, +44.094, HR: +49.291, +37.165, +49.291 Max HR-HipX = +49.291 Min FL-HipY = +35.433 
[2025-06-11 17:50:46.997.343] [INFO  ] [Controller] [Joints] FL: +38.898, +35.433, +40.630 ,FR: +44.094, +35.433, +38.898, HL: 47.559, +37.165, +44.094, HR: +49.291, +37.165, +49.291 Max HR-HipX = +49.291 Min FL-HipY = +35.433 
[2025-06-11 17:50:47.982.624] [INFO  ] [Battery] SoC = 64%, Volt = +30.300V, Temp 29 
[2025-06-11 17:50:49.497.349] [INFO  ] [Controller] [Joints] FL: +38.898, +35.433, +40.630 ,FR: +44.094, +35.433, +38.898, HL: 47.559, +37.165, +44.094, HR: +49.291, +38.898, +49.291 Max HR-HipX = +49.291 Min FL-HipY = +35.433 
[2025-06-11 17:50:51.833.333] [INFO  ] [Controller] Switch to Move Mode!!! 
[2025-06-11 17:50:51.997.349] [INFO  ] [Controller] [Joints] FL: +38.898, +37.165, +40.630 ,FR: +44.094, +35.433, +38.898, HL: 47.559, +37.165, +44.094, HR: +49.291, +38.898, +49.291 Max HR-HipX = +49.291 Min FR-HipY = +35.433 
[2025-06-11 17:50:52.970.038] [INFO  ] [Battery] SoC = 64%, Volt = +30.300V, Temp 29 
[2025-06-11 17:50:54.497.349] [INFO  ] [Controller] [Joints] FL: +38.898, +37.165, +40.630 ,FR: +44.094, +35.433, +38.898, HL: 47.559, +37.165, +44.094, HR: +49.291, +38.898, +47.559 Max HR-HipX = +49.291 Min FR-HipY = +35.433 
[2025-06-11 17:50:56.997.350] [INFO  ] [Controller] [Joints] FL: +38.898, +37.165, +40.630 ,FR: +44.094, +35.433, +38.898, HL: 47.559, +37.165, +44.094, HR: +49.291, +38.898, +47.559 Max HR-HipX = +49.291 Min FR-HipY = +35.433 
[2025-06-11 17:50:57.957.434] [INFO  ] [Battery] SoC = 64%, Volt = +30.300V, Temp 29 
[2025-06-11 17:50:59.497.351] [INFO  ] [Controller] [Joints] FL: +38.898, +37.165, +40.630 ,FR: +44.094, +35.433, +38.898, HL: 47.559, +37.165, +44.094, HR: +49.291, +38.898, +47.559 Max HR-HipX = +49.291 Min FR-HipY = +35.433 
[2025-06-11 17:51:01.997.348] [INFO  ] [Controller] [Joints] FL: +38.898, +37.165, +40.630 ,FR: +45.827, +35.433, +38.898, HL: 47.559, +37.165, +44.094, HR: +49.291, +38.898, +47.559 Max HR-HipX = +49.291 Min FR-HipY = +35.433 
[2025-06-11 17:51:02.944.748] [INFO  ] [Battery] SoC = 64%, Volt = +30.300V, Temp 29 
[2025-06-11 17:51:04.497.351] [INFO  ] [Controller] [Joints] FL: +38.898, +37.165, +40.630 ,FR: +45.827, +35.433, +37.165, HL: 47.559, +37.165, +44.094, HR: +49.291, +38.898, +47.559 Max HR-HipX = +49.291 Min FR-HipY = +35.433 
[2025-06-11 17:51:06.997.349] [INFO  ] [Controller] [Joints] FL: +38.898, +37.165, +40.630 ,FR: +45.827, +35.433, +37.165, HL: 45.827, +37.165, +44.094, HR: +49.291, +38.898, +47.559 Max HR-HipX = +49.291 Min FR-HipY = +35.433 
[2025-06-11 17:51:07.931.914] [INFO  ] [Battery] SoC = 64%, Volt = +30.300V, Temp 29 
[2025-06-11 17:51:09.497.350] [INFO  ] [Controller] [Joints] FL: +38.898, +37.165, +40.630 ,FR: +45.827, +35.433, +37.165, HL: 45.827, +37.165, +44.094, HR: +49.291, +38.898, +45.827 Max HR-HipX = +49.291 Min FR-HipY = +35.433 
[2025-06-11 17:51:11.997.350] [INFO  ] [Controller] [Joints] FL: +40.630, +37.165, +40.630 ,FR: +45.827, +35.433, +37.165, HL: 45.827, +37.165, +44.094, HR: +49.291, +38.898, +45.827 Max HR-HipX = +49.291 Min FR-HipY = +35.433 
[2025-06-11 17:51:12.919.005] [INFO  ] [Battery] SoC = 64%, Volt = +30.200V, Temp 29 
[2025-06-11 17:51:14.497.351] [INFO  ] [Controller] [Joints] FL: +40.630, +38.898, +40.630 ,FR: +45.827, +35.433, +37.165, HL: 45.827, +37.165, +44.094, HR: +49.291, +38.898, +45.827 Max HR-HipX = +49.291 Min FR-HipY = +35.433 
[2025-06-11 17:51:15.194.331] [INFO  ] [Controller] AutoStop ... 
[2025-06-11 17:51:15.294.330] [INFO  ] [Controller] Switch to Twist Body Mode!!! 
[2025-06-11 17:51:15.395.329] [INFO  ] [Controller] Switch to Twist Body Mode!!! 
[2025-06-11 17:51:15.495.328] [INFO  ] [Controller] Switch to Twist Body Mode!!! 
[2025-06-11 17:51:15.595.328] [INFO  ] [Controller] Switch to Twist Body Mode!!! 
[2025-06-11 17:51:15.695.327] [INFO  ] [Controller] Switch to Twist Body Mode!!! 
[2025-06-11 17:51:15.795.330] [INFO  ] [Controller] Switch to Twist Body Mode!!! 
[2025-06-11 17:51:15.895.329] [INFO  ] [Controller] Switch to Twist Body Mode!!! 
[2025-06-11 17:51:15.995.329] [INFO  ] [Controller] Switch to Twist Body Mode!!! 
[2025-06-11 17:51:16.096.329] [INFO  ] [Controller] Switch to Twist Body Mode!!! 
[2025-06-11 17:51:16.196.329] [INFO  ] [Controller] Switch to Twist Body Mode!!! 
[2025-06-11 17:51:16.997.349] [INFO  ] [Controller] [Joints] FL: +40.630, +38.898, +40.630 ,FR: +45.827, +35.433, +37.165, HL: 45.827, +37.165, +44.094, HR: +47.559, +38.898, +45.827 Max HR-HipX = +47.559 Min FR-HipY = +35.433 
[2025-06-11 17:51:17.906.139] [INFO  ] [Battery] SoC = 64%, Volt = +30.200V, Temp 29 
[2025-06-11 17:51:19.497.350] [INFO  ] [Controller] [Joints] FL: +40.630, +38.898, +40.630 ,FR: +45.827, +35.433, +37.165, HL: 45.827, +37.165, +44.094, HR: +49.291, +38.898, +45.827 Max HR-HipX = +49.291 Min FR-HipY = +35.433 
[2025-06-11 17:51:20.806.332] [INFO  ] [Controller] KeepRun ... 
[2025-06-11 17:51:20.807.349] [INFO  ] [TVMPC] JY is Moving... (tvmpc),  time: 1679.616318 
[2025-06-11 17:51:20.907.330] [INFO  ] [Controller] KeepRun ... 
[2025-06-11 17:51:21.007.331] [INFO  ] [Controller] KeepRun ... 
[2025-06-11 17:51:21.107.332] [INFO  ] [Controller] KeepRun ... 
[2025-06-11 17:51:21.207.331] [INFO  ] [Controller] KeepRun ... 
[2025-06-11 17:51:21.307.331] [INFO  ] [Controller] KeepRun ... 
[2025-06-11 17:51:21.407.333] [INFO  ] [Controller] KeepRun ... 
[2025-06-11 17:51:21.507.332] [INFO  ] [Controller] KeepRun ... 
[2025-06-11 17:51:21.608.349] [INFO  ] [Controller] KeepRun ... 
[2025-06-11 17:51:21.708.328] [INFO  ] [Controller] KeepRun ... 
[2025-06-11 17:51:21.808.332] [INFO  ] [Controller] KeepRun ... 
[2025-06-11 17:51:21.908.341] [INFO  ] [Controller] KeepRun ... 
[2025-06-11 17:51:21.997.348] [INFO  ] [Controller] [Joints] FL: +40.630, +38.898, +40.630 ,FR: +45.827, +37.165, +37.165, HL: 45.827, +37.165, +44.094, HR: +49.291, +38.898, +45.827 Max HR-HipX = +49.291 Min FR-HipY = +37.165 
[2025-06-11 17:51:22.008.324] [INFO  ] [Controller] KeepRun ... 
[2025-06-11 17:51:22.108.333] [INFO  ] [Controller] KeepRun ... 
[2025-06-11 17:51:22.208.338] [INFO  ] [Controller] KeepRun ... 
[2025-06-11 17:51:22.309.330] [INFO  ] [Controller] KeepRun ... 
[2025-06-11 17:51:22.409.331] [INFO  ] [Controller] KeepRun ... 
[2025-06-11 17:51:22.509.332] [INFO  ] [Controller] KeepRun ... 
[2025-06-11 17:51:22.609.330] [INFO  ] [Controller] KeepRun ... 
[2025-06-11 17:51:22.709.330] [INFO  ] [Controller] KeepRun ... 
[2025-06-11 17:51:22.809.329] [INFO  ] [Controller] KeepRun ... 
[2025-06-11 17:51:22.893.298] [INFO  ] [Battery] SoC = 64%, Volt = +30.100V, Temp 29 
[2025-06-11 17:51:22.909.323] [INFO  ] [Controller] KeepRun ... 
[2025-06-11 17:51:23.010.329] [INFO  ] [Controller] KeepRun ... 
[2025-06-11 17:51:23.110.328] [INFO  ] [Controller] KeepRun ... 
[2025-06-11 17:51:23.210.330] [INFO  ] [Controller] KeepRun ... 
[2025-06-11 17:51:23.310.330] [INFO  ] [Controller] KeepRun ... 
[2025-06-11 17:51:23.410.327] [INFO  ] [Controller] KeepRun ... 
[2025-06-11 17:51:23.510.329] [INFO  ] [Controller] KeepRun ... 
[2025-06-11 17:51:24.497.345] [INFO  ] [Controller] [Joints] FL: +40.630, +38.898, +40.630 ,FR: +45.827, +37.165, +37.165, HL: 45.827, +37.165, +44.094, HR: +49.291, +38.898, +45.827 Max HR-HipX = +49.291 Min FR-HipY = +37.165 
[2025-06-11 17:51:26.997.346] [INFO  ] [Controller] [Joints] FL: +40.630, +38.898, +40.630 ,FR: +45.827, +37.165, +38.898, HL: 45.827, +37.165, +44.094, HR: +49.291, +38.898, +47.559 Max HR-HipX = +49.291 Min FR-HipY = +37.165 
[2025-06-11 17:51:27.880.421] [INFO  ] [Battery] SoC = 64%, Volt = +30.100V, Temp 29 
[2025-06-11 17:51:28.622.331] [INFO  ] [Controller] Switch to Move Mode!!! 
[2025-06-11 17:51:28.722.331] [INFO  ] [Controller] Switch to Move Mode!!! 
[2025-06-11 17:51:28.822.331] [INFO  ] [Controller] Switch to Move Mode!!! 
[2025-06-11 17:51:28.922.331] [INFO  ] [Controller] Switch to Move Mode!!! 
[2025-06-11 17:51:29.023.329] [INFO  ] [Controller] Switch to Move Mode!!! 
[2025-06-11 17:51:29.123.328] [INFO  ] [Controller] Switch to Move Mode!!! 
[2025-06-11 17:51:29.223.330] [INFO  ] [Controller] Switch to Move Mode!!! 
[2025-06-11 17:51:29.323.329] [INFO  ] [Controller] Switch to Move Mode!!! 
[2025-06-11 17:51:29.423.331] [INFO  ] [Controller] Switch to Move Mode!!! 
[2025-06-11 17:51:29.497.346] [INFO  ] [Controller] [Joints] FL: +40.630, +38.898, +42.362 ,FR: +45.827, +37.165, +38.898, HL: 45.827, +37.165, +45.827, HR: +49.291, +38.898, +47.559 Max HR-HipX = +49.291 Min FR-HipY = +37.165 
[2025-06-11 17:51:29.523.405] [INFO  ] [Controller] Switch to Move Mode!!! 
[2025-06-11 17:51:29.624.331] [INFO  ] [Controller] KeepRun ... 
[2025-06-11 17:51:29.724.330] [INFO  ] [Controller] KeepRun ... 
[2025-06-11 17:51:29.824.330] [INFO  ] [Controller] KeepRun ... 
[2025-06-11 17:51:29.925.331] [INFO  ] [Controller] KeepRun ... 
[2025-06-11 17:51:30.025.331] [INFO  ] [Controller] KeepRun ... 
[2025-06-11 17:51:30.125.330] [INFO  ] [Controller] KeepRun ... 
[2025-06-11 17:51:30.225.329] [INFO  ] [Controller] KeepRun ... 
[2025-06-11 17:51:30.325.330] [INFO  ] [Controller] KeepRun ... 
[2025-06-11 17:51:30.425.329] [INFO  ] [Controller] KeepRun ... 
[2025-06-11 17:51:30.525.330] [INFO  ] [Controller] KeepRun ... 
[2025-06-11 17:51:30.626.330] [INFO  ] [Controller] AutoStop ... 
[2025-06-11 17:51:30.707.758] [INFO  ] [TVMPC] [trot]STOP!!! 
[2025-06-11 17:51:30.708.328] [INFO  ] [BasicMotion] Switching to force control mode, please wait... 
[2025-06-11 17:51:31.710.361] [INFO  ] [TVMPC] JY is Moving... (tvmpc),  time: 1690.519318 
[2025-06-11 17:51:31.997.346] [INFO  ] [Controller] [Joints] FL: +40.630, +38.898, +42.362 ,FR: +45.827, +37.165, +38.898, HL: 47.559, +37.165, +45.827, HR: +49.291, +38.898, +47.559 Max HR-HipX = +49.291 Min FR-HipY = +37.165 
[2025-06-11 17:51:32.867.592] [INFO  ] [Battery] SoC = 63%, Volt = +30.000V, Temp 29 
[2025-06-11 17:51:33.932.332] [INFO  ] [Controller] Greeting2... 
[2025-06-11 17:51:34.032.330] [INFO  ] [Controller] Greeting2... 
[2025-06-11 17:51:34.132.332] [INFO  ] [Controller] Greeting2... 
[2025-06-11 17:51:34.232.331] [INFO  ] [Controller] Greeting2... 
[2025-06-11 17:51:34.333.329] [INFO  ] [Controller] Greeting2... 
[2025-06-11 17:51:34.433.330] [INFO  ] [Controller] Greeting2... 
[2025-06-11 17:51:34.497.347] [INFO  ] [Controller] [Joints] FL: +40.630, +38.898, +42.362 ,FR: +45.827, +37.165, +38.898, HL: 47.559, +37.165, +45.827, HR: +51.024, +38.898, +49.291 Max HR-HipX = +51.024 Min FR-HipY = +37.165 
[2025-06-11 17:51:34.533.330] [INFO  ] [Controller] Greeting2... 
[2025-06-11 17:51:34.633.329] [INFO  ] [Controller] Greeting2... 
[2025-06-11 17:51:34.733.336] [INFO  ] [Controller] Greeting2... 
[2025-06-11 17:51:34.833.332] [INFO  ] [Controller] Greeting2... 
[2025-06-11 17:51:34.934.331] [INFO  ] [Controller] Greeting2... 
[2025-06-11 17:51:35.034.330] [INFO  ] [Controller] Greeting2... 
[2025-06-11 17:51:35.134.329] [INFO  ] [Controller] Greeting2... 
[2025-06-11 17:51:35.234.329] [INFO  ] [Controller] Greeting2... 
[2025-06-11 17:51:35.310.750] [INFO  ] [TVMPC] [trot]STOP!!! 
[2025-06-11 17:51:35.311.329] [INFO  ] [BasicMotion] Switching to force control mode, please wait... 
[2025-06-11 17:51:35.334.326] [INFO  ] [Controller] Greeting2... 
[2025-06-11 17:51:35.334.365] [INFO  ] [BasicMotion] Greeting, please wait... 
[2025-06-11 17:51:35.434.333] [INFO  ] [Controller] Greeting2... 
[2025-06-11 17:51:35.534.331] [INFO  ] [Controller] Greeting2... 
[2025-06-11 17:51:35.634.334] [INFO  ] [Controller] Greeting2... 
[2025-06-11 17:51:35.734.332] [INFO  ] [Controller] Greeting2... 
[2025-06-11 17:51:35.835.333] [INFO  ] [Controller] Greeting2... 
[2025-06-11 17:51:35.935.333] [INFO  ] [Controller] Greeting2... 
[2025-06-11 17:51:36.035.334] [INFO  ] [Controller] Greeting2... 
[2025-06-11 17:51:36.135.334] [INFO  ] [Controller] Greeting2... 
[2025-06-11 17:51:36.235.332] [INFO  ] [Controller] Greeting2... 
[2025-06-11 17:51:36.335.331] [INFO  ] [Controller] Greeting2... 
[2025-06-11 17:51:36.435.335] [INFO  ] [Controller] Greeting2... 
[2025-06-11 17:51:36.535.332] [INFO  ] [Controller] Greeting2... 
[2025-06-11 17:51:36.636.333] [INFO  ] [Controller] Greeting2... 
[2025-06-11 17:51:36.736.332] [INFO  ] [Controller] Greeting2... 
[2025-06-11 17:51:36.836.331] [INFO  ] [Controller] Greeting2... 
[2025-06-11 17:51:36.844.325] [INFO  ] [BasicMotion] Greeting Third State End ... 
[2025-06-11 17:51:36.936.333] [INFO  ] [Controller] Greeting2... 
[2025-06-11 17:51:36.997.352] [INFO  ] [Controller] [Joints] FL: +42.362, +37.165, +42.362 ,FR: +45.827, +37.165, +38.898, HL: 47.559, +37.165, +47.559, HR: +51.024, +38.898, +49.291 Max HR-HipX = +51.024 Min FL-HipY = +37.165 
[2025-06-11 17:51:37.036.331] [INFO  ] [Controller] Greeting2... 
[2025-06-11 17:51:37.136.331] [INFO  ] [Controller] Greeting2... 
[2025-06-11 17:51:37.236.330] [INFO  ] [Controller] Greeting2... 
[2025-06-11 17:51:37.337.332] [INFO  ] [Controller] Greeting2... 
[2025-06-11 17:51:37.345.326] [INFO  ] [BasicMotion] waving_cnt: 1 
[2025-06-11 17:51:37.437.332] [INFO  ] [Controller] Greeting2... 
[2025-06-11 17:51:37.537.333] [INFO  ] [Controller] Greeting2... 
[2025-06-11 17:51:37.637.333] [INFO  ] [Controller] Greeting2... 
[2025-06-11 17:51:37.737.332] [INFO  ] [Controller] Greeting2... 
[2025-06-11 17:51:37.837.334] [INFO  ] [Controller] Greeting2... 
[2025-06-11 17:51:37.846.339] [INFO  ] [BasicMotion] waving_cnt: 2 
[2025-06-11 17:51:37.854.846] [INFO  ] [Battery] SoC = 63%, Volt = +30.200V, Temp 29 
[2025-06-11 17:51:37.937.329] [INFO  ] [Controller] Greeting2... 
[2025-06-11 17:51:38.037.332] [INFO  ] [Controller] Greeting2... 
[2025-06-11 17:51:38.138.338] [INFO  ] [Controller] Greeting2... 
[2025-06-11 17:51:38.238.330] [INFO  ] [Controller] Greeting2... 
[2025-06-11 17:51:38.338.331] [INFO  ] [Controller] Greeting2... 
[2025-06-11 17:51:38.347.337] [INFO  ] [BasicMotion] waving_cnt: 3 
[2025-06-11 17:51:38.438.336] [INFO  ] [Controller] Greeting2... 
[2025-06-11 17:51:38.538.329] [INFO  ] [Controller] Greeting2... 
[2025-06-11 17:51:38.638.333] [INFO  ] [Controller] Greeting2... 
[2025-06-11 17:51:38.738.336] [INFO  ] [Controller] Greeting2... 
[2025-06-11 17:51:38.839.332] [INFO  ] [Controller] Greeting2... 
[2025-06-11 17:51:38.848.331] [INFO  ] [BasicMotion] waving_cnt: 4 
[2025-06-11 17:51:38.939.327] [INFO  ] [Controller] Greeting2... 
[2025-06-11 17:51:39.039.328] [INFO  ] [Controller] Greeting2... 
[2025-06-11 17:51:39.139.330] [INFO  ] [Controller] Greeting2... 
[2025-06-11 17:51:39.239.330] [INFO  ] [Controller] Greeting2... 
[2025-06-11 17:51:39.339.328] [INFO  ] [Controller] Greeting2... 
[2025-06-11 17:51:39.348.335] [INFO  ] [BasicMotion] waving_cnt: 5 
[2025-06-11 17:51:39.439.330] [INFO  ] [Controller] Greeting2... 
[2025-06-11 17:51:39.497.350] [INFO  ] [Controller] [Joints] FL: +42.362, +37.165, +42.362 ,FR: +45.827, +37.165, +38.898, HL: 47.559, +37.165, +47.559, HR: +51.024, +38.898, +49.291 Max HR-HipX = +51.024 Min FL-HipY = +37.165 
[2025-06-11 17:51:39.539.325] [INFO  ] [Controller] Greeting2... 
[2025-06-11 17:51:39.640.328] [INFO  ] [Controller] Greeting2... 
[2025-06-11 17:51:39.740.330] [INFO  ] [Controller] Greeting2... 
[2025-06-11 17:51:39.840.330] [INFO  ] [Controller] Greeting2... 
[2025-06-11 17:51:39.848.336] [INFO  ] [BasicMotion] waving_cnt: 6 
[2025-06-11 17:51:39.940.328] [INFO  ] [Controller] Greeting2... 
[2025-06-11 17:51:40.040.331] [INFO  ] [Controller] Greeting2... 
[2025-06-11 17:51:40.140.329] [INFO  ] [Controller] Greeting2... 
[2025-06-11 17:51:40.240.330] [INFO  ] [Controller] Greeting2... 
[2025-06-11 17:51:40.340.329] [INFO  ] [Controller] Greeting2... 
[2025-06-11 17:51:40.349.330] [INFO  ] [BasicMotion] waving_cnt: 7 
[2025-06-11 17:51:40.441.330] [INFO  ] [Controller] Greeting2... 
[2025-06-11 17:51:40.541.331] [INFO  ] [Controller] Greeting2... 
[2025-06-11 17:51:40.641.328] [INFO  ] [Controller] Greeting2... 
[2025-06-11 17:51:40.741.329] [INFO  ] [Controller] Greeting2... 
[2025-06-11 17:51:40.841.332] [INFO  ] [Controller] Greeting2... 
[2025-06-11 17:51:40.850.331] [INFO  ] [BasicMotion] waving_cnt: 8 
[2025-06-11 17:51:41.351.341] [INFO  ] [BasicMotion] waving_cnt: 9 
[2025-06-11 17:51:41.997.354] [INFO  ] [Controller] [Joints] FL: +42.362, +38.898, +42.362 ,FR: +45.827, +37.165, +38.898, HL: 47.559, +37.165, +47.559, HR: +51.024, +38.898, +49.291 Max HR-HipX = +51.024 Min FR-HipY = +37.165 
[2025-06-11 17:51:42.842.152] [INFO  ] [Battery] SoC = 63%, Volt = +30.100V, Temp 29 
[2025-06-11 17:51:43.354.342] [INFO  ] [BasicMotion] Stand up action has finished, waitting to switch to force control mode! 
[2025-06-11 17:51:43.354.377] [INFO  ] [BasicMotion] Switching to force control mode, please wait... 
[2025-06-11 17:51:44.155.363] [INFO  ] [TVMPC] JY is Moving... (tvmpc),  time: 1702.964318 
[2025-06-11 17:51:44.497.345] [INFO  ] [Controller] [Joints] FL: +42.362, +38.898, +42.362 ,FR: +45.827, +37.165, +38.898, HL: 45.827, +37.165, +47.559, HR: +51.024, +38.898, +51.024 Max HR-HipX = +51.024 Min FR-HipY = +37.165 
[2025-06-11 17:51:46.650.329] [INFO  ] [Controller] KeepRun ... 
[2025-06-11 17:51:46.750.329] [INFO  ] [Controller] KeepRun ... 
[2025-06-11 17:51:46.850.332] [INFO  ] [Controller] KeepRun ... 
[2025-06-11 17:51:46.951.331] [INFO  ] [Controller] KeepRun ... 
[2025-06-11 17:51:46.997.344] [INFO  ] [Controller] [Joints] FL: +42.362, +38.898, +42.362 ,FR: +45.827, +37.165, +40.630, HL: 45.827, +37.165, +47.559, HR: +51.024, +38.898, +51.024 Max HR-HipX = +51.024 Min FR-HipY = +37.165 
[2025-06-11 17:51:47.051.329] [INFO  ] [Controller] KeepRun ... 
[2025-06-11 17:51:47.151.331] [INFO  ] [Controller] KeepRun ... 
[2025-06-11 17:51:47.251.391] [INFO  ] [Controller] KeepRun ... 
[2025-06-11 17:51:47.351.329] [INFO  ] [Controller] KeepRun ... 
[2025-06-11 17:51:47.451.331] [INFO  ] [Controller] KeepRun ... 
[2025-06-11 17:51:47.551.331] [INFO  ] [Controller] KeepRun ... 
[2025-06-11 17:51:47.652.330] [INFO  ] [Controller] AutoStop ... 
[2025-06-11 17:51:47.829.351] [INFO  ] [Battery] SoC = 63%, Volt = +30.000V, Temp 29 
[2025-06-11 17:51:48.355.330] [INFO  ] [Controller] KeepRun ... 
[2025-06-11 17:51:48.455.330] [INFO  ] [Controller] KeepRun ... 
[2025-06-11 17:51:48.555.330] [INFO  ] [Controller] KeepRun ... 
[2025-06-11 17:51:48.655.333] [INFO  ] [Controller] KeepRun ... 
[2025-06-11 17:51:48.755.332] [INFO  ] [Controller] KeepRun ... 
[2025-06-11 17:51:48.855.330] [INFO  ] [Controller] KeepRun ... 
[2025-06-11 17:51:48.955.331] [INFO  ] [Controller] KeepRun ... 
[2025-06-11 17:51:49.056.331] [INFO  ] [Controller] KeepRun ... 
[2025-06-11 17:51:49.156.329] [INFO  ] [Controller] KeepRun ... 
[2025-06-11 17:51:49.256.333] [INFO  ] [Controller] KeepRun ... 
[2025-06-11 17:51:49.357.330] [INFO  ] [Controller] trot run2... 
[2025-06-11 17:51:49.457.331] [INFO  ] [Controller] trot run2... 
[2025-06-11 17:51:49.497.346] [INFO  ] [Controller] [Joints] FL: +42.362, +38.898, +42.362 ,FR: +45.827, +37.165, +40.630, HL: 45.827, +37.165, +47.559, HR: +51.024, +38.898, +51.024 Max HR-HipX = +51.024 Min FR-HipY = +37.165 
[2025-06-11 17:51:49.557.331] [INFO  ] [Controller] trot run2... 
[2025-06-11 17:51:49.657.331] [INFO  ] [Controller] trot run2... 
[2025-06-11 17:51:49.757.330] [INFO  ] [Controller] trot run2... 
[2025-06-11 17:51:49.857.332] [INFO  ] [Controller] trot run2... 
[2025-06-11 17:51:49.958.345] [INFO  ] [Controller] trot run2... 
[2025-06-11 17:51:50.058.330] [INFO  ] [Controller] trot run2... 
[2025-06-11 17:51:50.158.333] [INFO  ] [Controller] trot run2... 
[2025-06-11 17:51:50.258.344] [INFO  ] [Controller] trot run2... 
[2025-06-11 17:51:51.962.331] [INFO  ] [Controller] AutoStop ... 
[2025-06-11 17:51:51.997.344] [INFO  ] [Controller] [Joints] FL: +42.362, +38.898, +42.362 ,FR: +45.827, +37.165, +40.630, HL: 47.559, +37.165, +49.291, HR: +52.756, +38.898, +52.756 Max HR-HipX = +52.756 Min FR-HipY = +37.165 
[2025-06-11 17:51:52.062.329] [INFO  ] [Controller] Greeting2... 
[2025-06-11 17:51:52.162.330] [INFO  ] [Controller] Greeting2... 
[2025-06-11 17:51:52.263.331] [INFO  ] [Controller] Greeting2... 
[2025-06-11 17:51:52.363.330] [INFO  ] [Controller] Greeting2... 
[2025-06-11 17:51:52.463.329] [INFO  ] [Controller] Greeting2... 
[2025-06-11 17:51:52.563.332] [INFO  ] [Controller] Greeting2... 
[2025-06-11 17:51:52.663.329] [INFO  ] [Controller] Greeting2... 
[2025-06-11 17:51:52.763.329] [INFO  ] [Controller] Greeting2... 
[2025-06-11 17:51:52.816.476] [INFO  ] [Battery] SoC = 63%, Volt = +30.100V, Temp 29 
[2025-06-11 17:51:52.863.330] [INFO  ] [Controller] Greeting2... 
[2025-06-11 17:51:52.964.330] [INFO  ] [Controller] Greeting2... 
[2025-06-11 17:51:53.064.330] [INFO  ] [Controller] Greeting2... 
[2025-06-11 17:51:53.164.332] [INFO  ] [Controller] Greeting2... 
[2025-06-11 17:51:53.264.329] [INFO  ] [Controller] Greeting2... 
[2025-06-11 17:51:53.364.329] [INFO  ] [Controller] Greeting2... 
[2025-06-11 17:51:53.464.330] [INFO  ] [Controller] Greeting2... 
[2025-06-11 17:51:53.564.330] [INFO  ] [Controller] Greeting2... 
[2025-06-11 17:51:53.636.338] [INFO  ] [BasicMotion] Switching to force control mode, please wait... 
[2025-06-11 17:51:53.664.329] [INFO  ] [Controller] Greeting2... 
[2025-06-11 17:51:53.664.368] [INFO  ] [BasicMotion] Greeting, please wait... 
[2025-06-11 17:51:53.765.332] [INFO  ] [Controller] Greeting2... 
[2025-06-11 17:51:53.865.332] [INFO  ] [Controller] Greeting2... 
[2025-06-11 17:51:53.965.332] [INFO  ] [Controller] Greeting2... 
[2025-06-11 17:51:54.065.332] [INFO  ] [Controller] Greeting2... 
[2025-06-11 17:51:54.165.333] [INFO  ] [Controller] Greeting2... 
[2025-06-11 17:51:54.265.333] [INFO  ] [Controller] Greeting2... 
[2025-06-11 17:51:54.365.328] [INFO  ] [Controller] Greeting2... 
[2025-06-11 17:51:54.466.334] [INFO  ] [Controller] Greeting2... 
[2025-06-11 17:51:54.497.347] [INFO  ] [Controller] [Joints] FL: +44.094, +38.898, +44.094 ,FR: +45.827, +37.165, +40.630, HL: 47.559, +37.165, +49.291, HR: +52.756, +38.898, +54.488 Max HR-Knee = +54.488 Min FR-HipY = +37.165 
[2025-06-11 17:51:54.566.334] [INFO  ] [Controller] Greeting2... 
[2025-06-11 17:51:54.666.332] [INFO  ] [Controller] Greeting2... 
[2025-06-11 17:51:54.766.334] [INFO  ] [Controller] Greeting2... 
[2025-06-11 17:51:54.866.333] [INFO  ] [Controller] Greeting2... 
[2025-06-11 17:51:54.966.331] [INFO  ] [Controller] Greeting2... 
[2025-06-11 17:51:55.066.332] [INFO  ] [Controller] Greeting2... 
[2025-06-11 17:51:55.166.334] [INFO  ] [Controller] Greeting2... 
[2025-06-11 17:51:55.174.334] [INFO  ] [BasicMotion] Greeting Third State End ... 
[2025-06-11 17:51:55.267.333] [INFO  ] [Controller] Greeting2... 
[2025-06-11 17:51:55.367.333] [INFO  ] [Controller] Greeting2... 
[2025-06-11 17:51:55.467.332] [INFO  ] [Controller] Greeting2... 
[2025-06-11 17:51:55.567.332] [INFO  ] [Controller] Greeting2... 
[2025-06-11 17:51:55.667.332] [INFO  ] [Controller] Greeting2... 
[2025-06-11 17:51:55.674.340] [INFO  ] [BasicMotion] waving_cnt: 1 
[2025-06-11 17:51:55.767.331] [INFO  ] [Controller] Greeting2... 
[2025-06-11 17:51:55.867.329] [INFO  ] [Controller] Greeting2... 
[2025-06-11 17:51:55.968.331] [INFO  ] [Controller] Greeting2... 
[2025-06-11 17:51:56.068.331] [INFO  ] [Controller] Greeting2... 
[2025-06-11 17:51:56.168.339] [INFO  ] [Controller] Greeting2... 
[2025-06-11 17:51:56.175.329] [INFO  ] [BasicMotion] waving_cnt: 2 
[2025-06-11 17:51:56.268.331] [INFO  ] [Controller] Greeting2... 
[2025-06-11 17:51:56.368.330] [INFO  ] [Controller] Greeting2... 
[2025-06-11 17:51:56.468.339] [INFO  ] [Controller] Greeting2... 
[2025-06-11 17:51:56.568.332] [INFO  ] [Controller] Greeting2... 
[2025-06-11 17:51:56.668.332] [INFO  ] [Controller] Greeting2... 
[2025-06-11 17:51:56.676.329] [INFO  ] [BasicMotion] waving_cnt: 3 
[2025-06-11 17:51:56.769.331] [INFO  ] [Controller] Greeting2... 
[2025-06-11 17:51:56.869.331] [INFO  ] [Controller] Greeting2... 
[2025-06-11 17:51:56.969.333] [INFO  ] [Controller] Greeting2... 
[2025-06-11 17:51:56.997.348] [INFO  ] [Controller] [Joints] FL: +44.094, +38.898, +44.094 ,FR: +45.827, +37.165, +42.362, HL: 47.559, +37.165, +51.024, HR: +52.756, +38.898, +54.488 Max HR-Knee = +54.488 Min FR-HipY = +37.165 
[2025-06-11 17:51:57.069.332] [INFO  ] [Controller] Greeting2... 
[2025-06-11 17:51:57.169.330] [INFO  ] [Controller] Greeting2... 
[2025-06-11 17:51:57.176.329] [INFO  ] [BasicMotion] waving_cnt: 4 
[2025-06-11 17:51:57.269.332] [INFO  ] [Controller] Greeting2... 
[2025-06-11 17:51:57.369.331] [INFO  ] [Controller] Greeting2... 
[2025-06-11 17:51:57.470.332] [INFO  ] [Controller] Greeting2... 
[2025-06-11 17:51:57.570.332] [INFO  ] [Controller] Greeting2... 
[2025-06-11 17:51:57.670.332] [INFO  ] [Controller] Greeting2... 
[2025-06-11 17:51:57.677.328] [INFO  ] [BasicMotion] waving_cnt: 5 
[2025-06-11 17:51:57.770.332] [INFO  ] [Controller] Greeting2... 
[2025-06-11 17:51:57.803.649] [INFO  ] [Battery] SoC = 63%, Volt = +30.100V, Temp 29 
[2025-06-11 17:51:57.870.329] [INFO  ] [Controller] Greeting2... 
[2025-06-11 17:51:57.970.332] [INFO  ] [Controller] Greeting2... 
[2025-06-11 17:51:58.070.332] [INFO  ] [Controller] Greeting2... 
[2025-06-11 17:51:58.170.333] [INFO  ] [Controller] Greeting2... 
[2025-06-11 17:51:58.177.330] [INFO  ] [BasicMotion] waving_cnt: 6 
[2025-06-11 17:51:58.271.331] [INFO  ] [Controller] Greeting2... 
[2025-06-11 17:51:58.371.330] [INFO  ] [Controller] Greeting2... 
[2025-06-11 17:51:58.471.331] [INFO  ] [Controller] Greeting2... 
[2025-06-11 17:51:58.571.334] [INFO  ] [Controller] Greeting2... 
[2025-06-11 17:51:58.671.331] [INFO  ] [Controller] Greeting2... 
[2025-06-11 17:51:58.678.333] [INFO  ] [BasicMotion] waving_cnt: 7 
[2025-06-11 17:51:58.771.331] [INFO  ] [Controller] Greeting2... 
[2025-06-11 17:51:58.871.331] [INFO  ] [Controller] Greeting2... 
[2025-06-11 17:51:58.972.330] [INFO  ] [Controller] Greeting2... 
[2025-06-11 17:51:59.072.332] [INFO  ] [Controller] KeepRun ... 
[2025-06-11 17:51:59.173.333] [INFO  ] [Controller] KeepRun ... 
[2025-06-11 17:51:59.179.332] [INFO  ] [BasicMotion] waving_cnt: 8 
[2025-06-11 17:51:59.273.330] [INFO  ] [Controller] KeepRun ... 
[2025-06-11 17:51:59.373.332] [INFO  ] [Controller] KeepRun ... 
[2025-06-11 17:51:59.473.332] [INFO  ] [Controller] KeepRun ... 
[2025-06-11 17:51:59.497.350] [INFO  ] [Controller] [Joints] FL: +44.094, +38.898, +44.094 ,FR: +45.827, +37.165, +42.362, HL: 47.559, +37.165, +51.024, HR: +52.756, +38.898, +54.488 Max HR-Knee = +54.488 Min FR-HipY = +37.165 
[2025-06-11 17:51:59.573.331] [INFO  ] [Controller] KeepRun ... 
[2025-06-11 17:51:59.673.332] [INFO  ] [Controller] KeepRun ... 
[2025-06-11 17:51:59.680.334] [INFO  ] [BasicMotion] waving_cnt: 9 
[2025-06-11 17:51:59.773.330] [INFO  ] [Controller] KeepRun ... 
[2025-06-11 17:51:59.873.333] [INFO  ] [Controller] KeepRun ... 
[2025-06-11 17:51:59.974.335] [INFO  ] [Controller] KeepRun ... 
[2025-06-11 17:52:00.074.334] [INFO  ] [Controller] KeepRun ... 
[2025-06-11 17:52:00.174.341] [INFO  ] [Controller] KeepRun ... 
[2025-06-11 17:52:00.274.337] [INFO  ] [Controller] KeepRun ... 
[2025-06-11 17:52:00.374.338] [INFO  ] [Controller] KeepRun ... 
[2025-06-11 17:52:00.474.337] [INFO  ] [Controller] KeepRun ... 
[2025-06-11 17:52:00.574.336] [INFO  ] [Controller] KeepRun ... 
[2025-06-11 17:52:00.674.335] [INFO  ] [Controller] KeepRun ... 
[2025-06-11 17:52:00.774.339] [INFO  ] [Controller] KeepRun ... 
[2025-06-11 17:52:00.875.333] [INFO  ] [Controller] KeepRun ... 
[2025-06-11 17:52:00.975.339] [INFO  ] [Controller] KeepRun ... 
[2025-06-11 17:52:01.075.339] [INFO  ] [Controller] KeepRun ... 
[2025-06-11 17:52:01.175.340] [INFO  ] [Controller] KeepRun ... 
[2025-06-11 17:52:01.275.338] [INFO  ] [Controller] KeepRun ... 
[2025-06-11 17:52:01.375.335] [INFO  ] [Controller] KeepRun ... 
[2025-06-11 17:52:01.476.335] [INFO  ] [Controller] KeepRun ... 
[2025-06-11 17:52:01.576.336] [INFO  ] [Controller] KeepRun ... 
[2025-06-11 17:52:01.676.334] [INFO  ] [Controller] KeepRun ... 
[2025-06-11 17:52:01.683.330] [INFO  ] [BasicMotion] Stand up action has finished, waitting to switch to force control mode! 
[2025-06-11 17:52:01.683.349] [INFO  ] [BasicMotion] Switching to force control mode, please wait... 
[2025-06-11 17:52:01.776.335] [INFO  ] [Controller] KeepRun ... 
[2025-06-11 17:52:01.876.332] [INFO  ] [Controller] KeepRun ... 
[2025-06-11 17:52:01.976.339] [INFO  ] [Controller] KeepRun ... 
[2025-06-11 17:52:01.997.335] [INFO  ] [Controller] [Joints] FL: +44.094, +40.630, +44.094 ,FR: +45.827, +37.165, +42.362, HL: 47.559, +37.165, +51.024, HR: +52.756, +38.898, +54.488 Max HR-Knee = +54.488 Min FR-HipY = +37.165 
[2025-06-11 17:52:02.484.359] [INFO  ] [TVMPC] JY is Moving... (tvmpc),  time: 1721.293318 
[2025-06-11 17:52:02.790.798] [INFO  ] [Battery] SoC = 63%, Volt = +30.000V, Temp 29 
[2025-06-11 17:52:04.497.346] [INFO  ] [Controller] [Joints] FL: +44.094, +40.630, +44.094 ,FR: +45.827, +37.165, +42.362, HL: 47.559, +37.165, +51.024, HR: +52.756, +38.898, +54.488 Max HR-Knee = +54.488 Min FR-HipY = +37.165 
[2025-06-11 17:52:06.997.346] [INFO  ] [Controller] [Joints] FL: +44.094, +40.630, +44.094 ,FR: +45.827, +37.165, +42.362, HL: 47.559, +37.165, +51.024, HR: +54.488, +38.898, +54.488 Max HR-HipX = +54.488 Min FR-HipY = +37.165 
[2025-06-11 17:52:07.778.090] [INFO  ] [Battery] SoC = 63%, Volt = +29.800V, Temp 29 
[2025-06-11 17:52:09.497.343] [INFO  ] [Controller] [Joints] FL: +44.094, +40.630, +45.827 ,FR: +47.559, +37.165, +42.362, HL: 49.291, +38.898, +52.756, HR: +54.488, +38.898, +56.220 Max HR-Knee = +56.220 Min FR-HipY = +37.165 
[2025-06-11 17:52:11.997.344] [INFO  ] [Controller] [Joints] FL: +44.094, +40.630, +45.827 ,FR: +47.559, +38.898, +44.094, HL: 49.291, +38.898, +54.488, HR: +54.488, +40.630, +56.220 Max HR-Knee = +56.220 Min FR-HipY = +38.898 
[2025-06-11 17:52:12.765.182] [INFO  ] [Battery] SoC = 62%, Volt = +29.100V, Temp 29 
[2025-06-11 17:52:12.778.330] [INFO  ] [Controller] trot... 
[2025-06-11 17:52:14.497.347] [INFO  ] [Controller] [Joints] FL: +45.827, +40.630, +45.827 ,FR: +49.291, +38.898, +44.094, HL: 49.291, +38.898, +54.488, HR: +54.488, +40.630, +57.953 Max HR-Knee = +57.953 Min FR-HipY = +38.898 
[2025-06-11 17:52:16.997.340] [INFO  ] [Controller] [Joints] FL: +45.827, +40.630, +47.559 ,FR: +49.291, +38.898, +45.827, HL: 49.291, +38.898, +56.220, HR: +56.220, +40.630, +59.685 Max HR-Knee = +59.685 Min FR-HipY = +38.898 
[2025-06-11 17:52:17.752.377] [INFO  ] [Battery] SoC = 62%, Volt = +30.100V, Temp 29 
[2025-06-11 17:52:19.497.345] [INFO  ] [Controller] [Joints] FL: +45.827, +40.630, +47.559 ,FR: +49.291, +38.898, +45.827, HL: 49.291, +38.898, +56.220, HR: +56.220, +40.630, +59.685 Max HR-Knee = +59.685 Min FR-HipY = +38.898 
[2025-06-11 17:52:21.997.343] [INFO  ] [Controller] [Joints] FL: +47.559, +40.630, +47.559 ,FR: +49.291, +38.898, +45.827, HL: 49.291, +38.898, +56.220, HR: +54.488, +40.630, +59.685 Max HR-Knee = +59.685 Min FR-HipY = +38.898 
[2025-06-11 17:52:22.739.431] [INFO  ] [Battery] SoC = 62%, Volt = +30.000V, Temp 29 
[2025-06-11 17:52:24.497.343] [INFO  ] [Controller] [Joints] FL: +47.559, +40.630, +47.559 ,FR: +49.291, +38.898, +45.827, HL: 49.291, +38.898, +56.220, HR: +54.488, +38.898, +59.685 Max HR-Knee = +59.685 Min FR-HipY = +38.898 
[2025-06-11 17:52:26.997.345] [INFO  ] [Controller] [Joints] FL: +47.559, +38.898, +45.827 ,FR: +49.291, +38.898, +45.827, HL: 49.291, +38.898, +56.220, HR: +54.488, +38.898, +59.685 Max HR-Knee = +59.685 Min FL-HipY = +38.898 
[2025-06-11 17:52:27.726.562] [INFO  ] [Battery] SoC = 62%, Volt = +29.900V, Temp 29 
[2025-06-11 17:52:28.655.330] [INFO  ] [Controller] AutoStop ... 
[2025-06-11 17:52:28.787.331] [INFO  ] [Controller] AutoStop ... 
[2025-06-11 17:52:29.004.921] [INFO  ] [TVMPC] [trot]STOP!!! 
[2025-06-11 17:52:29.005.463] [INFO  ] [BasicMotion] Switching to force control mode, please wait... 
[2025-06-11 17:52:29.497.348] [INFO  ] [Controller] [Joints] FL: +47.559, +38.898, +45.827 ,FR: +49.291, +37.165, +45.827, HL: 49.291, +38.898, +56.220, HR: +54.488, +38.898, +59.685 Max HR-Knee = +59.685 Min FR-HipY = +37.165 
[2025-06-11 17:52:31.997.349] [INFO  ] [Controller] [Joints] FL: +47.559, +38.898, +45.827 ,FR: +49.291, +37.165, +45.827, HL: 49.291, +38.898, +56.220, HR: +54.488, +38.898, +59.685 Max HR-Knee = +59.685 Min FR-HipY = +37.165 
[2025-06-11 17:52:32.713.669] [INFO  ] [Battery] SoC = 62%, Volt = +30.100V, Temp 29 
[2025-06-11 17:52:34.497.352] [INFO  ] [Controller] [Joints] FL: +47.559, +38.898, +45.827 ,FR: +49.291, +37.165, +45.827, HL: 49.291, +38.898, +56.220, HR: +54.488, +38.898, +59.685 Max HR-Knee = +59.685 Min FR-HipY = +37.165 
[2025-06-11 17:52:36.997.350] [INFO  ] [Controller] [Joints] FL: +47.559, +38.898, +45.827 ,FR: +49.291, +37.165, +45.827, HL: 49.291, +38.898, +56.220, HR: +54.488, +38.898, +59.685 Max HR-Knee = +59.685 Min FR-HipY = +37.165 
[2025-06-11 17:52:37.700.863] [INFO  ] [Battery] SoC = 62%, Volt = +30.100V, Temp 29 
[2025-06-11 17:52:39.497.349] [INFO  ] [Controller] [Joints] FL: +47.559, +38.898, +45.827 ,FR: +49.291, +37.165, +45.827, HL: 49.291, +38.898, +54.488, HR: +54.488, +38.898, +59.685 Max HR-Knee = +59.685 Min FR-HipY = +37.165 
[2025-06-11 17:52:41.997.352] [INFO  ] [Controller] [Joints] FL: +45.827, +38.898, +45.827 ,FR: +47.559, +37.165, +45.827, HL: 49.291, +38.898, +54.488, HR: +54.488, +38.898, +59.685 Max HR-Knee = +59.685 Min FR-HipY = +37.165 
[2025-06-11 17:52:42.688.129] [INFO  ] [Battery] SoC = 62%, Volt = +30.100V, Temp 29 
[2025-06-11 17:52:44.497.348] [INFO  ] [Controller] [Joints] FL: +45.827, +38.898, +45.827 ,FR: +47.559, +37.165, +45.827, HL: 49.291, +38.898, +54.488, HR: +54.488, +38.898, +59.685 Max HR-Knee = +59.685 Min FR-HipY = +37.165 
[2025-06-11 17:52:46.997.348] [INFO  ] [Controller] [Joints] FL: +45.827, +38.898, +44.094 ,FR: +47.559, +37.165, +45.827, HL: 49.291, +38.898, +52.756, HR: +54.488, +38.898, +59.685 Max HR-Knee = +59.685 Min FR-HipY = +37.165 
[2025-06-11 17:52:47.675.472] [INFO  ] [Battery] SoC = 62%, Volt = +30.100V, Temp 29 
[2025-06-11 17:52:49.497.351] [INFO  ] [Controller] [Joints] FL: +45.827, +38.898, +44.094 ,FR: +47.559, +37.165, +44.094, HL: 49.291, +38.898, +52.756, HR: +54.488, +38.898, +59.685 Max HR-Knee = +59.685 Min FR-HipY = +37.165 
[2025-06-11 17:52:51.997.352] [INFO  ] [Controller] [Joints] FL: +44.094, +38.898, +44.094 ,FR: +47.559, +37.165, +44.094, HL: 49.291, +38.898, +52.756, HR: +52.756, +38.898, +59.685 Max HR-Knee = +59.685 Min FR-HipY = +37.165 
[2025-06-11 17:52:52.662.780] [INFO  ] [Battery] SoC = 62%, Volt = +30.100V, Temp 29 
[2025-06-11 17:52:54.497.350] [INFO  ] [Controller] [Joints] FL: +44.094, +38.898, +44.094 ,FR: +47.559, +37.165, +44.094, HL: 49.291, +38.898, +51.024, HR: +52.756, +38.898, +59.685 Max HR-Knee = +59.685 Min FR-HipY = +37.165 
[2025-06-11 17:52:56.997.351] [INFO  ] [Controller] [Joints] FL: +44.094, +38.898, +44.094 ,FR: +47.559, +37.165, +44.094, HL: 49.291, +38.898, +51.024, HR: +52.756, +38.898, +59.685 Max HR-Knee = +59.685 Min FR-HipY = +37.165 
[2025-06-11 17:52:57.649.910] [INFO  ] [Battery] SoC = 62%, Volt = +30.100V, Temp 29 
[2025-06-11 17:52:59.497.349] [INFO  ] [Controller] [Joints] FL: +44.094, +38.898, +44.094 ,FR: +47.559, +37.165, +44.094, HL: 49.291, +38.898, +51.024, HR: +52.756, +38.898, +59.685 Max HR-Knee = +59.685 Min FR-HipY = +37.165 
[2025-06-11 17:53:01.997.349] [INFO  ] [Controller] [Joints] FL: +44.094, +37.165, +44.094 ,FR: +47.559, +37.165, +44.094, HL: 49.291, +38.898, +49.291, HR: +52.756, +38.898, +61.417 Max HR-Knee = +61.417 Min FL-HipY = +37.165 
[2025-06-11 17:53:02.637.104] [INFO  ] [Battery] SoC = 62%, Volt = +30.100V, Temp 30 
[2025-06-11 17:53:03.684.347] [WARN  ] [BasicMotion] leave grd!!! 
[2025-06-11 17:53:04.497.408] [INFO  ] [Controller] [Joints] FL: +44.094, +37.165, +44.094 ,FR: +47.559, +37.165, +44.094, HL: 49.291, +38.898, +49.291, HR: +52.756, +38.898, +61.417 Max HR-Knee = +61.417 Min FL-HipY = +37.165 
[2025-06-11 17:53:06.895.341] [INFO  ] [BasicMotion] Squat to Stand!!! 
[2025-06-11 17:53:06.997.349] [INFO  ] [Controller] [Joints] FL: +44.094, +37.165, +44.094 ,FR: +47.559, +37.165, +44.094, HL: 49.291, +38.898, +49.291, HR: +52.756, +38.898, +59.685 Max HR-Knee = +59.685 Min FL-HipY = +37.165 
[2025-06-11 17:53:07.624.220] [INFO  ] [Battery] SoC = 62%, Volt = +30.100V, Temp 30 
[2025-06-11 17:53:07.896.341] [INFO  ] [BasicMotion] Stand up action has finished, waitting to switch to force control mode! 
[2025-06-11 17:53:07.896.376] [INFO  ] [BasicMotion] Switching to force control mode, please wait... 
[2025-06-11 17:53:09.497.350] [INFO  ] [Controller] [Joints] FL: +42.362, +37.165, +44.094 ,FR: +45.827, +37.165, +44.094, HL: 49.291, +38.898, +49.291, HR: +52.756, +38.898, +59.685 Max HR-Knee = +59.685 Min FL-HipY = +37.165 
[2025-06-11 17:53:11.997.347] [INFO  ] [Controller] [Joints] FL: +42.362, +37.165, +44.094 ,FR: +45.827, +37.165, +44.094, HL: 49.291, +38.898, +49.291, HR: +52.756, +38.898, +59.685 Max HR-Knee = +59.685 Min FL-HipY = +37.165 
[2025-06-11 17:53:12.611.441] [INFO  ] [Battery] SoC = 62%, Volt = +30.000V, Temp 30 
[2025-06-11 17:53:14.497.354] [INFO  ] [Controller] [Joints] FL: +42.362, +37.165, +44.094 ,FR: +45.827, +37.165, +42.362, HL: 49.291, +38.898, +49.291, HR: +51.024, +38.898, +59.685 Max HR-Knee = +59.685 Min FL-HipY = +37.165 
[2025-06-11 17:53:16.997.351] [INFO  ] [Controller] [Joints] FL: +42.362, +37.165, +44.094 ,FR: +45.827, +37.165, +42.362, HL: 49.291, +38.898, +49.291, HR: +51.024, +38.898, +59.685 Max HR-Knee = +59.685 Min FL-HipY = +37.165 
[2025-06-11 17:53:17.598.534] [INFO  ] [Battery] SoC = 61%, Volt = +30.000V, Temp 30 
[2025-06-11 17:53:19.497.351] [INFO  ] [Controller] [Joints] FL: +42.362, +37.165, +44.094 ,FR: +45.827, +37.165, +42.362, HL: 51.024, +38.898, +49.291, HR: +51.024, +38.898, +59.685 Max HR-Knee = +59.685 Min FL-HipY = +37.165 
[2025-06-11 17:53:21.997.353] [INFO  ] [Controller] [Joints] FL: +42.362, +37.165, +44.094 ,FR: +45.827, +37.165, +42.362, HL: 51.024, +37.165, +49.291, HR: +51.024, +38.898, +61.417 Max HR-Knee = +61.417 Min FL-HipY = +37.165 
[2025-06-11 17:53:22.585.744] [INFO  ] [Battery] SoC = 61%, Volt = +30.000V, Temp 30 
[2025-06-11 17:53:24.497.354] [INFO  ] [Controller] [Joints] FL: +42.362, +37.165, +42.362 ,FR: +47.559, +37.165, +42.362, HL: 51.024, +37.165, +47.559, HR: +51.024, +38.898, +61.417 Max HR-Knee = +61.417 Min FL-HipY = +37.165 
[2025-06-11 17:53:24.881.334] [INFO  ] [Controller] AutoStop ... 
[2025-06-11 17:53:24.982.344] [INFO  ] [Controller] Switch to Twist Body Mode!!! 
[2025-06-11 17:53:25.083.332] [INFO  ] [Controller] Switch to Twist Body Mode!!! 
[2025-06-11 17:53:25.183.331] [INFO  ] [Controller] Switch to Twist Body Mode!!! 
[2025-06-11 17:53:25.283.331] [INFO  ] [Controller] Switch to Twist Body Mode!!! 
[2025-06-11 17:53:25.383.334] [INFO  ] [Controller] Switch to Twist Body Mode!!! 
[2025-06-11 17:53:25.483.349] [INFO  ] [Controller] Switch to Twist Body Mode!!! 
[2025-06-11 17:53:25.583.336] [INFO  ] [Controller] Switch to Twist Body Mode!!! 
[2025-06-11 17:53:25.683.333] [INFO  ] [Controller] Switch to Twist Body Mode!!! 
[2025-06-11 17:53:25.783.332] [INFO  ] [Controller] Switch to Twist Body Mode!!! 
[2025-06-11 17:53:25.884.332] [INFO  ] [Controller] Switch to Twist Body Mode!!! 
[2025-06-11 17:53:26.997.351] [INFO  ] [Controller] [Joints] FL: +42.362, +37.165, +42.362 ,FR: +47.559, +37.165, +42.362, HL: 51.024, +37.165, +47.559, HR: +51.024, +38.898, +61.417 Max HR-Knee = +61.417 Min FL-HipY = +37.165 
[2025-06-11 17:53:27.572.966] [INFO  ] [Battery] SoC = 61%, Volt = +30.000V, Temp 30 
[2025-06-11 17:53:29.497.352] [INFO  ] [Controller] [Joints] FL: +42.362, +37.165, +42.362 ,FR: +47.559, +37.165, +42.362, HL: 51.024, +37.165, +47.559, HR: +51.024, +40.630, +61.417 Max HR-Knee = +61.417 Min FL-HipY = +37.165 
[2025-06-11 17:53:30.495.331] [INFO  ] [Controller] KeepRun ... 
[2025-06-11 17:53:30.496.347] [INFO  ] [TVMPC] JY is Moving... (tvmpc),  time: 1809.305318 
[2025-06-11 17:53:30.595.332] [INFO  ] [Controller] KeepRun ... 
[2025-06-11 17:53:30.695.332] [INFO  ] [Controller] KeepRun ... 
[2025-06-11 17:53:30.795.331] [INFO  ] [Controller] KeepRun ... 
[2025-06-11 17:53:30.895.330] [INFO  ] [Controller] KeepRun ... 
[2025-06-11 17:53:30.996.329] [INFO  ] [Controller] KeepRun ... 
[2025-06-11 17:53:31.096.330] [INFO  ] [Controller] KeepRun ... 
[2025-06-11 17:53:31.196.331] [INFO  ] [Controller] KeepRun ... 
[2025-06-11 17:53:31.296.331] [INFO  ] [Controller] KeepRun ... 
[2025-06-11 17:53:31.396.329] [INFO  ] [Controller] KeepRun ... 
[2025-06-11 17:53:31.496.330] [INFO  ] [Controller] KeepRun ... 
[2025-06-11 17:53:31.596.331] [INFO  ] [Controller] KeepRun ... 
[2025-06-11 17:53:31.697.331] [INFO  ] [Controller] KeepRun ... 
[2025-06-11 17:53:31.797.333] [INFO  ] [Controller] KeepRun ... 
[2025-06-11 17:53:31.897.330] [INFO  ] [Controller] KeepRun ... 
[2025-06-11 17:53:31.997.345] [INFO  ] [Controller] [Joints] FL: +42.362, +37.165, +42.362 ,FR: +47.559, +37.165, +42.362, HL: 51.024, +37.165, +47.559, HR: +51.024, +40.630, +61.417 Max HR-Knee = +61.417 Min FL-HipY = +37.165 
[2025-06-11 17:53:31.997.376] [INFO  ] [Controller] KeepRun ... 
[2025-06-11 17:53:32.097.330] [INFO  ] [Controller] KeepRun ... 
[2025-06-11 17:53:32.197.332] [INFO  ] [Controller] KeepRun ... 
[2025-06-11 17:53:32.297.332] [INFO  ] [Controller] KeepRun ... 
[2025-06-11 17:53:32.397.331] [INFO  ] [Controller] KeepRun ... 
[2025-06-11 17:53:32.498.346] [INFO  ] [Controller] KeepRun ... 
[2025-06-11 17:53:32.560.175] [INFO  ] [Battery] SoC = 61%, Volt = +29.900V, Temp 30 
[2025-06-11 17:53:32.598.332] [INFO  ] [Controller] KeepRun ... 
[2025-06-11 17:53:32.698.331] [INFO  ] [Controller] KeepRun ... 
[2025-06-11 17:53:32.798.342] [INFO  ] [Controller] KeepRun ... 
[2025-06-11 17:53:32.898.329] [INFO  ] [Controller] KeepRun ... 
[2025-06-11 17:53:32.998.331] [INFO  ] [Controller] KeepRun ... 
[2025-06-11 17:53:33.098.345] [INFO  ] [Controller] KeepRun ... 
[2025-06-11 17:53:33.199.330] [INFO  ] [Controller] KeepRun ... 
[2025-06-11 17:53:34.497.353] [INFO  ] [Controller] [Joints] FL: +42.362, +37.165, +42.362 ,FR: +47.559, +37.165, +42.362, HL: 51.024, +38.898, +49.291, HR: +51.024, +40.630, +59.685 Max HR-Knee = +59.685 Min FL-HipY = +37.165 
[2025-06-11 17:53:36.997.345] [INFO  ] [Controller] [Joints] FL: +42.362, +37.165, +44.094 ,FR: +47.559, +37.165, +42.362, HL: 51.024, +38.898, +49.291, HR: +51.024, +40.630, +59.685 Max HR-Knee = +59.685 Min FL-HipY = +37.165 
[2025-06-11 17:53:37.547.287] [INFO  ] [Battery] SoC = 61%, Volt = +29.900V, Temp 30 
[2025-06-11 17:53:38.311.343] [INFO  ] [Controller] Switch to Move Mode!!! 
[2025-06-11 17:53:38.411.335] [INFO  ] [Controller] Switch to Move Mode!!! 
[2025-06-11 17:53:38.511.337] [INFO  ] [Controller] Switch to Move Mode!!! 
[2025-06-11 17:53:38.611.343] [INFO  ] [Controller] Switch to Move Mode!!! 
[2025-06-11 17:53:38.711.341] [INFO  ] [Controller] Switch to Move Mode!!! 
[2025-06-11 17:53:38.811.342] [INFO  ] [Controller] Switch to Move Mode!!! 
[2025-06-11 17:53:38.912.334] [INFO  ] [Controller] Switch to Move Mode!!! 
[2025-06-11 17:53:39.012.338] [INFO  ] [Controller] Switch to Move Mode!!! 
[2025-06-11 17:53:39.112.335] [INFO  ] [Controller] Switch to Move Mode!!! 
[2025-06-11 17:53:39.212.332] [INFO  ] [Controller] Switch to Move Mode!!! 
[2025-06-11 17:53:39.313.332] [INFO  ] [Controller] KeepRun ... 
[2025-06-11 17:53:39.413.334] [INFO  ] [Controller] KeepRun ... 
[2025-06-11 17:53:39.497.344] [INFO  ] [Controller] [Joints] FL: +42.362, +37.165, +44.094 ,FR: +47.559, +37.165, +42.362, HL: 51.024, +38.898, +49.291, HR: +52.756, +40.630, +59.685 Max HR-Knee = +59.685 Min FL-HipY = +37.165 
[2025-06-11 17:53:39.513.334] [INFO  ] [Controller] KeepRun ... 
[2025-06-11 17:53:39.613.331] [INFO  ] [Controller] KeepRun ... 
[2025-06-11 17:53:39.714.333] [INFO  ] [Controller] KeepRun ... 
[2025-06-11 17:53:39.814.332] [INFO  ] [Controller] KeepRun ... 
[2025-06-11 17:53:39.914.334] [INFO  ] [Controller] KeepRun ... 
[2025-06-11 17:53:40.014.331] [INFO  ] [Controller] KeepRun ... 
[2025-06-11 17:53:40.114.329] [INFO  ] [Controller] KeepRun ... 
[2025-06-11 17:53:40.214.331] [INFO  ] [Controller] KeepRun ... 
[2025-06-11 17:53:40.315.331] [INFO  ] [Controller] AutoStop ... 
[2025-06-11 17:53:40.396.739] [INFO  ] [TVMPC] [trot]STOP!!! 
[2025-06-11 17:53:40.397.330] [INFO  ] [BasicMotion] Switching to force control mode, please wait... 
[2025-06-11 17:53:41.399.364] [INFO  ] [TVMPC] JY is Moving... (tvmpc),  time: 1820.208318 
[2025-06-11 17:53:41.997.349] [INFO  ] [Controller] [Joints] FL: +44.094, +37.165, +44.094 ,FR: +47.559, +37.165, +42.362, HL: 51.024, +38.898, +49.291, HR: +52.756, +40.630, +59.685 Max HR-Knee = +59.685 Min FL-HipY = +37.165 
[2025-06-11 17:53:42.019.331] [INFO  ] [Controller] Greeting2... 
[2025-06-11 17:53:42.119.331] [INFO  ] [Controller] Greeting2... 
[2025-06-11 17:53:42.219.335] [INFO  ] [Controller] Greeting2... 
[2025-06-11 17:53:42.319.329] [INFO  ] [Controller] Greeting2... 
[2025-06-11 17:53:42.420.329] [INFO  ] [Controller] Greeting2... 
[2025-06-11 17:53:42.520.328] [INFO  ] [Controller] Greeting2... 
[2025-06-11 17:53:42.534.465] [INFO  ] [Battery] SoC = 61%, Volt = +29.900V, Temp 30 
[2025-06-11 17:53:42.620.332] [INFO  ] [Controller] Greeting2... 
[2025-06-11 17:53:42.720.333] [INFO  ] [Controller] Greeting2... 
[2025-06-11 17:53:42.820.329] [INFO  ] [Controller] Greeting2... 
[2025-06-11 17:53:42.920.329] [INFO  ] [Controller] Greeting2... 
[2025-06-11 17:53:43.021.330] [INFO  ] [Controller] Greeting2... 
[2025-06-11 17:53:43.121.330] [INFO  ] [Controller] Greeting2... 
[2025-06-11 17:53:43.221.329] [INFO  ] [Controller] Greeting2... 
[2025-06-11 17:53:43.321.330] [INFO  ] [Controller] Greeting2... 
[2025-06-11 17:53:43.421.330] [INFO  ] [Controller] Greeting2... 
[2025-06-11 17:53:43.521.331] [INFO  ] [Controller] Greeting2... 
[2025-06-11 17:53:43.621.329] [INFO  ] [Controller] Greeting2... 
[2025-06-11 17:53:43.649.749] [INFO  ] [TVMPC] [trot]STOP!!! 
[2025-06-11 17:53:43.650.339] [INFO  ] [BasicMotion] Switching to force control mode, please wait... 
[2025-06-11 17:53:43.721.385] [INFO  ] [Controller] Greeting2... 
[2025-06-11 17:53:43.721.431] [INFO  ] [BasicMotion] Greeting, please wait... 
[2025-06-11 17:53:43.821.370] [INFO  ] [Controller] Greeting2... 
[2025-06-11 17:53:43.922.332] [INFO  ] [Controller] Greeting2... 
[2025-06-11 17:53:44.022.331] [INFO  ] [Controller] Greeting2... 
[2025-06-11 17:53:44.122.331] [INFO  ] [Controller] Greeting2... 
[2025-06-11 17:53:44.222.332] [INFO  ] [Controller] Greeting2... 
[2025-06-11 17:53:44.322.331] [INFO  ] [Controller] Greeting2... 
[2025-06-11 17:53:44.422.331] [INFO  ] [Controller] Greeting2... 
[2025-06-11 17:53:44.497.351] [INFO  ] [Controller] [Joints] FL: +44.094, +37.165, +44.094 ,FR: +47.559, +37.165, +42.362, HL: 51.024, +38.898, +51.024, HR: +52.756, +40.630, +59.685 Max HR-Knee = +59.685 Min FL-HipY = +37.165 
[2025-06-11 17:53:44.523.325] [INFO  ] [Controller] Greeting2... 
[2025-06-11 17:53:44.623.333] [INFO  ] [Controller] Greeting2... 
[2025-06-11 17:53:44.723.332] [INFO  ] [Controller] Greeting2... 
[2025-06-11 17:53:44.823.332] [INFO  ] [Controller] Greeting2... 
[2025-06-11 17:53:44.923.332] [INFO  ] [Controller] Greeting2... 
[2025-06-11 17:53:45.023.333] [INFO  ] [Controller] Greeting2... 
[2025-06-11 17:53:45.123.332] [INFO  ] [Controller] Greeting2... 
[2025-06-11 17:53:45.223.334] [INFO  ] [Controller] Greeting2... 
[2025-06-11 17:53:45.233.324] [INFO  ] [BasicMotion] Greeting Third State End ... 
[2025-06-11 17:53:45.324.329] [INFO  ] [Controller] Greeting2... 
[2025-06-11 17:53:45.424.331] [INFO  ] [Controller] Greeting2... 
[2025-06-11 17:53:45.524.333] [INFO  ] [Controller] Greeting2... 
[2025-06-11 17:53:45.624.334] [INFO  ] [Controller] Greeting2... 
[2025-06-11 17:53:45.724.334] [INFO  ] [Controller] Greeting2... 
[2025-06-11 17:53:45.734.326] [INFO  ] [BasicMotion] waving_cnt: 1 
[2025-06-11 17:53:45.824.331] [INFO  ] [Controller] Greeting2... 
[2025-06-11 17:53:45.925.332] [INFO  ] [Controller] Greeting2... 
[2025-06-11 17:53:46.025.334] [INFO  ] [Controller] Greeting2... 
[2025-06-11 17:53:46.125.332] [INFO  ] [Controller] Greeting2... 
[2025-06-11 17:53:46.225.332] [INFO  ] [Controller] Greeting2... 
[2025-06-11 17:53:46.235.327] [INFO  ] [BasicMotion] waving_cnt: 2 
[2025-06-11 17:53:46.325.330] [INFO  ] [Controller] Greeting2... 
[2025-06-11 17:53:46.425.334] [INFO  ] [Controller] Greeting2... 
[2025-06-11 17:53:46.525.333] [INFO  ] [Controller] Greeting2... 
[2025-06-11 17:53:46.625.332] [INFO  ] [Controller] Greeting2... 
[2025-06-11 17:53:46.726.331] [INFO  ] [Controller] Greeting2... 
[2025-06-11 17:53:46.736.328] [INFO  ] [BasicMotion] waving_cnt: 3 
[2025-06-11 17:53:46.826.333] [INFO  ] [Controller] Greeting2... 
[2025-06-11 17:53:46.926.333] [INFO  ] [Controller] Greeting2... 
[2025-06-11 17:53:46.997.351] [INFO  ] [Controller] [Joints] FL: +44.094, +37.165, +44.094 ,FR: +47.559, +37.165, +42.362, HL: 51.024, +38.898, +51.024, HR: +52.756, +40.630, +59.685 Max HR-Knee = +59.685 Min FL-HipY = +37.165 
[2025-06-11 17:53:47.026.328] [INFO  ] [Controller] Greeting2... 
[2025-06-11 17:53:47.126.330] [INFO  ] [Controller] Greeting2... 
[2025-06-11 17:53:47.226.333] [INFO  ] [Controller] Greeting2... 
[2025-06-11 17:53:47.237.327] [INFO  ] [BasicMotion] waving_cnt: 4 
[2025-06-11 17:53:47.326.329] [INFO  ] [Controller] Greeting2... 
[2025-06-11 17:53:47.427.331] [INFO  ] [Controller] Greeting2... 
[2025-06-11 17:53:47.521.669] [INFO  ] [Battery] SoC = 61%, Volt = +30.000V, Temp 30 
[2025-06-11 17:53:47.527.321] [INFO  ] [Controller] Greeting2... 
[2025-06-11 17:53:47.627.331] [INFO  ] [Controller] Greeting2... 
[2025-06-11 17:53:47.727.332] [INFO  ] [Controller] Greeting2... 
[2025-06-11 17:53:47.738.330] [INFO  ] [BasicMotion] waving_cnt: 5 
[2025-06-11 17:53:47.827.333] [INFO  ] [Controller] Greeting2... 
[2025-06-11 17:53:47.927.332] [INFO  ] [Controller] Greeting2... 
[2025-06-11 17:53:48.028.331] [INFO  ] [Controller] Greeting2... 
[2025-06-11 17:53:48.128.333] [INFO  ] [Controller] Greeting2... 
[2025-06-11 17:53:48.228.331] [INFO  ] [Controller] Greeting2... 
[2025-06-11 17:53:48.239.326] [INFO  ] [BasicMotion] waving_cnt: 6 
[2025-06-11 17:53:48.328.330] [INFO  ] [Controller] Greeting2... 
[2025-06-11 17:53:48.428.338] [INFO  ] [Controller] Greeting2... 
[2025-06-11 17:53:48.528.330] [INFO  ] [Controller] Greeting2... 
[2025-06-11 17:53:48.629.331] [INFO  ] [Controller] Greeting2... 
[2025-06-11 17:53:48.729.333] [INFO  ] [Controller] Greeting2... 
[2025-06-11 17:53:48.740.325] [INFO  ] [BasicMotion] waving_cnt: 7 
[2025-06-11 17:53:48.829.333] [INFO  ] [Controller] Greeting2... 
[2025-06-11 17:53:48.929.334] [INFO  ] [Controller] Greeting2... 
[2025-06-11 17:53:49.240.342] [INFO  ] [BasicMotion] waving_cnt: 8 
[2025-06-11 17:53:49.497.357] [INFO  ] [Controller] [Joints] FL: +44.094, +37.165, +44.094 ,FR: +47.559, +37.165, +42.362, HL: 51.024, +38.898, +51.024, HR: +52.756, +40.630, +59.685 Max HR-Knee = +59.685 Min FL-HipY = +37.165 
[2025-06-11 17:53:49.741.341] [INFO  ] [BasicMotion] waving_cnt: 9 
[2025-06-11 17:53:51.743.359] [INFO  ] [BasicMotion] Stand up action has finished, waitting to switch to force control mode! 
[2025-06-11 17:53:51.743.393] [INFO  ] [BasicMotion] Switching to force control mode, please wait... 
[2025-06-11 17:53:51.997.355] [INFO  ] [Controller] [Joints] FL: +44.094, +38.898, +44.094 ,FR: +47.559, +37.165, +42.362, HL: 49.291, +38.898, +51.024, HR: +52.756, +40.630, +57.953 Max HR-Knee = +57.953 Min FR-HipY = +37.165 
[2025-06-11 17:53:52.508.976] [INFO  ] [Battery] SoC = 61%, Volt = +29.900V, Temp 30 
[2025-06-11 17:53:52.545.355] [INFO  ] [TVMPC] JY is Moving... (tvmpc),  time: 1831.354318 
[2025-06-11 17:53:54.497.343] [INFO  ] [Controller] [Joints] FL: +44.094, +38.898, +44.094 ,FR: +45.827, +37.165, +42.362, HL: 49.291, +38.898, +51.024, HR: +52.756, +40.630, +57.953 Max HR-Knee = +57.953 Min FR-HipY = +37.165 
[2025-06-11 17:53:54.739.336] [INFO  ] [Controller] KeepRun ... 
[2025-06-11 17:53:54.839.342] [INFO  ] [Controller] KeepRun ... 
[2025-06-11 17:53:54.939.336] [INFO  ] [Controller] KeepRun ... 
[2025-06-11 17:53:55.039.341] [INFO  ] [Controller] KeepRun ... 
[2025-06-11 17:53:55.139.343] [INFO  ] [Controller] KeepRun ... 
[2025-06-11 17:53:55.239.359] [INFO  ] [Controller] KeepRun ... 
[2025-06-11 17:53:55.339.340] [INFO  ] [Controller] KeepRun ... 
[2025-06-11 17:53:55.440.331] [INFO  ] [Controller] KeepRun ... 
[2025-06-11 17:53:55.540.345] [INFO  ] [Controller] KeepRun ... 
[2025-06-11 17:53:55.640.332] [INFO  ] [Controller] KeepRun ... 
[2025-06-11 17:53:55.741.332] [INFO  ] [Controller] AutoStop ... 
[2025-06-11 17:53:56.443.328] [INFO  ] [Controller] KeepRun ... 
[2025-06-11 17:53:56.543.328] [INFO  ] [Controller] KeepRun ... 
[2025-06-11 17:53:56.643.330] [INFO  ] [Controller] KeepRun ... 
[2025-06-11 17:53:56.743.332] [INFO  ] [Controller] KeepRun ... 
[2025-06-11 17:53:56.844.330] [INFO  ] [Controller] KeepRun ... 
[2025-06-11 17:53:56.944.330] [INFO  ] [Controller] KeepRun ... 
[2025-06-11 17:53:56.997.344] [INFO  ] [Controller] [Joints] FL: +44.094, +38.898, +44.094 ,FR: +45.827, +37.165, +42.362, HL: 49.291, +38.898, +51.024, HR: +54.488, +40.630, +59.685 Max HR-Knee = +59.685 Min FR-HipY = +37.165 
[2025-06-11 17:53:57.044.331] [INFO  ] [Controller] KeepRun ... 
[2025-06-11 17:53:57.144.329] [INFO  ] [Controller] KeepRun ... 
[2025-06-11 17:53:57.244.330] [INFO  ] [Controller] KeepRun ... 
[2025-06-11 17:53:57.344.329] [INFO  ] [Controller] KeepRun ... 
[2025-06-11 17:53:57.445.331] [INFO  ] [Controller] trot run2... 
[2025-06-11 17:53:57.496.239] [INFO  ] [Battery] SoC = 61%, Volt = +29.900V, Temp 30 
[2025-06-11 17:53:57.545.331] [INFO  ] [Controller] trot run2... 
[2025-06-11 17:53:57.645.329] [INFO  ] [Controller] trot run2... 
[2025-06-11 17:53:57.746.332] [INFO  ] [Controller] trot run2... 
[2025-06-11 17:53:57.846.331] [INFO  ] [Controller] trot run2... 
[2025-06-11 17:53:57.946.330] [INFO  ] [Controller] trot run2... 
[2025-06-11 17:53:58.046.332] [INFO  ] [Controller] trot run2... 
[2025-06-11 17:53:58.146.329] [INFO  ] [Controller] trot run2... 
[2025-06-11 17:53:58.246.328] [INFO  ] [Controller] trot run2... 
[2025-06-11 17:53:58.346.332] [INFO  ] [Controller] trot run2... 
[2025-06-11 17:53:59.497.345] [INFO  ] [Controller] [Joints] FL: +44.094, +38.898, +44.094 ,FR: +45.827, +37.165, +42.362, HL: 49.291, +38.898, +52.756, HR: +54.488, +40.630, +59.685 Max HR-Knee = +59.685 Min FR-HipY = +37.165 
[2025-06-11 17:54:00.050.330] [INFO  ] [Controller] AutoStop ... 
[2025-06-11 17:54:00.151.329] [INFO  ] [Controller] Greeting2... 
[2025-06-11 17:54:00.251.329] [INFO  ] [Controller] Greeting2... 
[2025-06-11 17:54:00.351.330] [INFO  ] [Controller] Greeting2... 
[2025-06-11 17:54:00.451.328] [INFO  ] [Controller] Greeting2... 
[2025-06-11 17:54:00.552.329] [INFO  ] [Controller] Greeting2... 
[2025-06-11 17:54:00.652.328] [INFO  ] [Controller] Greeting2... 
[2025-06-11 17:54:00.752.332] [INFO  ] [Controller] Greeting2... 
[2025-06-11 17:54:00.852.330] [INFO  ] [Controller] Greeting2... 
[2025-06-11 17:54:00.952.329] [INFO  ] [Controller] Greeting2... 
[2025-06-11 17:54:01.052.330] [INFO  ] [Controller] Greeting2... 
[2025-06-11 17:54:01.152.329] [INFO  ] [Controller] Greeting2... 
[2025-06-11 17:54:01.253.333] [INFO  ] [Controller] Greeting2... 
[2025-06-11 17:54:01.353.330] [INFO  ] [Controller] Greeting2... 
[2025-06-11 17:54:01.453.330] [INFO  ] [Controller] Greeting2... 
[2025-06-11 17:54:01.553.330] [INFO  ] [Controller] Greeting2... 
[2025-06-11 17:54:01.653.330] [INFO  ] [Controller] Greeting2... 
[2025-06-11 17:54:01.753.330] [INFO  ] [Controller] Greeting2... 
[2025-06-11 17:54:01.816.338] [INFO  ] [BasicMotion] Switching to force control mode, please wait... 
[2025-06-11 17:54:01.853.329] [INFO  ] [Controller] Greeting2... 
[2025-06-11 17:54:01.853.370] [INFO  ] [BasicMotion] Greeting, please wait... 
[2025-06-11 17:54:01.954.332] [INFO  ] [Controller] Greeting2... 
[2025-06-11 17:54:01.997.345] [INFO  ] [Controller] [Joints] FL: +45.827, +38.898, +44.094 ,FR: +47.559, +37.165, +44.094, HL: 49.291, +38.898, +54.488, HR: +54.488, +40.630, +59.685 Max HR-Knee = +59.685 Min FR-HipY = +37.165 
[2025-06-11 17:54:02.054.331] [INFO  ] [Controller] Greeting2... 
[2025-06-11 17:54:02.154.335] [INFO  ] [Controller] Greeting2... 
[2025-06-11 17:54:02.254.333] [INFO  ] [Controller] Greeting2... 
[2025-06-11 17:54:02.354.333] [INFO  ] [Controller] Greeting2... 
[2025-06-11 17:54:02.454.334] [INFO  ] [Controller] Greeting2... 
[2025-06-11 17:54:02.483.458] [INFO  ] [Battery] SoC = 61%, Volt = +29.700V, Temp 30 
[2025-06-11 17:54:02.554.333] [INFO  ] [Controller] Greeting2... 
[2025-06-11 17:54:02.654.332] [INFO  ] [Controller] Greeting2... 
[2025-06-11 17:54:02.754.334] [INFO  ] [Controller] Greeting2... 
[2025-06-11 17:54:02.855.332] [INFO  ] [Controller] Greeting2... 
[2025-06-11 17:54:02.955.332] [INFO  ] [Controller] Greeting2... 
[2025-06-11 17:54:03.055.332] [INFO  ] [Controller] Greeting2... 
[2025-06-11 17:54:03.155.333] [INFO  ] [Controller] Greeting2... 
[2025-06-11 17:54:03.255.333] [INFO  ] [Controller] Greeting2... 
[2025-06-11 17:54:03.355.332] [INFO  ] [Controller] Greeting2... 
[2025-06-11 17:54:03.364.325] [INFO  ] [BasicMotion] Greeting Third State End ... 
[2025-06-11 17:54:03.455.333] [INFO  ] [Controller] Greeting2... 
[2025-06-11 17:54:03.556.330] [INFO  ] [Controller] Greeting2... 
[2025-06-11 17:54:03.656.330] [INFO  ] [Controller] Greeting2... 
[2025-06-11 17:54:03.756.333] [INFO  ] [Controller] Greeting2... 
[2025-06-11 17:54:03.856.332] [INFO  ] [Controller] Greeting2... 
[2025-06-11 17:54:03.865.326] [INFO  ] [BasicMotion] waving_cnt: 1 
[2025-06-11 17:54:03.956.331] [INFO  ] [Controller] Greeting2... 
[2025-06-11 17:54:04.056.333] [INFO  ] [Controller] Greeting2... 
[2025-06-11 17:54:04.156.332] [INFO  ] [Controller] Greeting2... 
[2025-06-11 17:54:04.257.331] [INFO  ] [Controller] Greeting2... 
[2025-06-11 17:54:04.357.332] [INFO  ] [Controller] Greeting2... 
[2025-06-11 17:54:04.366.326] [INFO  ] [BasicMotion] waving_cnt: 2 
[2025-06-11 17:54:04.457.332] [INFO  ] [Controller] Greeting2... 
[2025-06-11 17:54:04.497.343] [INFO  ] [Controller] [Joints] FL: +45.827, +38.898, +44.094 ,FR: +47.559, +37.165, +44.094, HL: 51.024, +38.898, +54.488, HR: +54.488, +40.630, +59.685 Max HR-Knee = +59.685 Min FR-HipY = +37.165 
[2025-06-11 17:54:04.557.333] [INFO  ] [Controller] Greeting2... 
[2025-06-11 17:54:04.657.332] [INFO  ] [Controller] Greeting2... 
[2025-06-11 17:54:04.757.332] [INFO  ] [Controller] Greeting2... 
[2025-06-11 17:54:04.857.335] [INFO  ] [Controller] Greeting2... 
[2025-06-11 17:54:04.867.326] [INFO  ] [BasicMotion] waving_cnt: 3 
[2025-06-11 17:54:04.958.340] [INFO  ] [Controller] Greeting2... 
[2025-06-11 17:54:05.058.333] [INFO  ] [Controller] Greeting2... 
[2025-06-11 17:54:05.158.335] [INFO  ] [Controller] Greeting2... 
[2025-06-11 17:54:05.258.340] [INFO  ] [Controller] Greeting2... 
[2025-06-11 17:54:05.358.333] [INFO  ] [Controller] Greeting2... 
[2025-06-11 17:54:05.367.327] [INFO  ] [BasicMotion] waving_cnt: 4 
[2025-06-11 17:54:05.458.335] [INFO  ] [Controller] Greeting2... 
[2025-06-11 17:54:05.558.342] [INFO  ] [Controller] Greeting2... 
[2025-06-11 17:54:05.658.335] [INFO  ] [Controller] Greeting2... 
[2025-06-11 17:54:05.759.333] [INFO  ] [Controller] Greeting2... 
[2025-06-11 17:54:05.859.332] [INFO  ] [Controller] Greeting2... 
[2025-06-11 17:54:05.868.325] [INFO  ] [BasicMotion] waving_cnt: 5 
[2025-06-11 17:54:05.959.333] [INFO  ] [Controller] Greeting2... 
[2025-06-11 17:54:06.059.332] [INFO  ] [Controller] Greeting2... 
[2025-06-11 17:54:06.159.332] [INFO  ] [Controller] Greeting2... 
[2025-06-11 17:54:06.259.330] [INFO  ] [Controller] Greeting2... 
[2025-06-11 17:54:06.359.331] [INFO  ] [Controller] Greeting2... 
[2025-06-11 17:54:06.368.329] [INFO  ] [BasicMotion] waving_cnt: 6 
[2025-06-11 17:54:06.459.332] [INFO  ] [Controller] Greeting2... 
[2025-06-11 17:54:06.560.329] [INFO  ] [Controller] Greeting2... 
[2025-06-11 17:54:06.660.329] [INFO  ] [Controller] Greeting2... 
[2025-06-11 17:54:06.760.332] [INFO  ] [Controller] Greeting2... 
[2025-06-11 17:54:06.860.332] [INFO  ] [Controller] Greeting2... 
[2025-06-11 17:54:06.869.325] [INFO  ] [BasicMotion] waving_cnt: 7 
[2025-06-11 17:54:06.960.333] [INFO  ] [Controller] Greeting2... 
[2025-06-11 17:54:06.997.346] [INFO  ] [Controller] [Joints] FL: +45.827, +38.898, +44.094 ,FR: +47.559, +38.898, +44.094, HL: 51.024, +38.898, +54.488, HR: +54.488, +40.630, +59.685 Max HR-Knee = +59.685 Min FL-HipY = +38.898 
[2025-06-11 17:54:07.060.331] [INFO  ] [Controller] Greeting2... 
[2025-06-11 17:54:07.161.332] [INFO  ] [Controller] KeepRun ... 
[2025-06-11 17:54:07.261.333] [INFO  ] [Controller] KeepRun ... 
[2025-06-11 17:54:07.361.332] [INFO  ] [Controller] KeepRun ... 
[2025-06-11 17:54:07.369.328] [INFO  ] [BasicMotion] waving_cnt: 8 
[2025-06-11 17:54:07.462.329] [INFO  ] [Controller] KeepRun ... 
[2025-06-11 17:54:07.470.642] [INFO  ] [Battery] SoC = 60%, Volt = +29.900V, Temp 30 
[2025-06-11 17:54:07.562.333] [INFO  ] [Controller] KeepRun ... 
[2025-06-11 17:54:07.662.333] [INFO  ] [Controller] KeepRun ... 
[2025-06-11 17:54:07.762.332] [INFO  ] [Controller] KeepRun ... 
[2025-06-11 17:54:07.862.333] [INFO  ] [Controller] KeepRun ... 
[2025-06-11 17:54:07.870.338] [INFO  ] [BasicMotion] waving_cnt: 9 
[2025-06-11 17:54:07.962.332] [INFO  ] [Controller] KeepRun ... 
[2025-06-11 17:54:08.062.331] [INFO  ] [Controller] KeepRun ... 
[2025-06-11 17:54:08.163.332] [INFO  ] [Controller] KeepRun ... 
[2025-06-11 17:54:08.263.333] [INFO  ] [Controller] KeepRun ... 
[2025-06-11 17:54:08.363.334] [INFO  ] [Controller] KeepRun ... 
[2025-06-11 17:54:08.463.333] [INFO  ] [Controller] KeepRun ... 
[2025-06-11 17:54:08.563.332] [INFO  ] [Controller] KeepRun ... 
[2025-06-11 17:54:08.663.331] [INFO  ] [Controller] KeepRun ... 
[2025-06-11 17:54:08.763.333] [INFO  ] [Controller] KeepRun ... 
[2025-06-11 17:54:08.863.331] [INFO  ] [Controller] KeepRun ... 
[2025-06-11 17:54:08.964.332] [INFO  ] [Controller] KeepRun ... 
[2025-06-11 17:54:09.064.332] [INFO  ] [Controller] KeepRun ... 
[2025-06-11 17:54:09.164.331] [INFO  ] [Controller] KeepRun ... 
[2025-06-11 17:54:09.264.331] [INFO  ] [Controller] KeepRun ... 
[2025-06-11 17:54:09.364.333] [INFO  ] [Controller] KeepRun ... 
[2025-06-11 17:54:09.464.331] [INFO  ] [Controller] KeepRun ... 
[2025-06-11 17:54:09.497.347] [INFO  ] [Controller] [Joints] FL: +45.827, +40.630, +45.827 ,FR: +47.559, +38.898, +44.094, HL: 51.024, +38.898, +54.488, HR: +54.488, +40.630, +59.685 Max HR-Knee = +59.685 Min FR-HipY = +38.898 
[2025-06-11 17:54:09.564.332] [INFO  ] [Controller] KeepRun ... 
[2025-06-11 17:54:09.665.333] [INFO  ] [Controller] KeepRun ... 
[2025-06-11 17:54:09.765.333] [INFO  ] [Controller] KeepRun ... 
[2025-06-11 17:54:09.865.332] [INFO  ] [Controller] KeepRun ... 
[2025-06-11 17:54:09.872.334] [INFO  ] [BasicMotion] Stand up action has finished, waitting to switch to force control mode! 
[2025-06-11 17:54:09.872.358] [INFO  ] [BasicMotion] Switching to force control mode, please wait... 
[2025-06-11 17:54:09.965.331] [INFO  ] [Controller] KeepRun ... 
[2025-06-11 17:54:10.065.331] [INFO  ] [Controller] KeepRun ... 
[2025-06-11 17:54:10.166.332] [INFO  ] [Controller] trot run2... 
[2025-06-11 17:54:10.266.329] [INFO  ] [Controller] trot run2... 
[2025-06-11 17:54:10.366.332] [INFO  ] [Controller] trot run2... 
[2025-06-11 17:54:10.466.330] [INFO  ] [Controller] trot run2... 
[2025-06-11 17:54:10.566.330] [INFO  ] [Controller] trot run2... 
[2025-06-11 17:54:10.667.331] [INFO  ] [Controller] trot run2... 
[2025-06-11 17:54:10.674.354] [INFO  ] [TVMPC] JY is Moving... (tvmpc),  time: 1849.483318 
[2025-06-11 17:54:10.767.329] [INFO  ] [Controller] trot run2... 
[2025-06-11 17:54:10.867.331] [INFO  ] [Controller] trot run2... 
[2025-06-11 17:54:10.967.327] [INFO  ] [Controller] trot run2... 
[2025-06-11 17:54:11.067.328] [INFO  ] [Controller] trot run2... 
[2025-06-11 17:54:11.997.341] [INFO  ] [Controller] [Joints] FL: +45.827, +40.630, +45.827 ,FR: +47.559, +38.898, +44.094, HL: 51.024, +38.898, +54.488, HR: +54.488, +40.630, +59.685 Max HR-Knee = +59.685 Min FR-HipY = +38.898 
[2025-06-11 17:54:12.457.729] [INFO  ] [Battery] SoC = 60%, Volt = +29.900V, Temp 30 
[2025-06-11 17:54:12.971.334] [INFO  ] [Controller] trot... 
[2025-06-11 17:54:13.071.329] [INFO  ] [Controller] trot... 
[2025-06-11 17:54:13.171.333] [INFO  ] [Controller] trot... 
[2025-06-11 17:54:13.272.329] [INFO  ] [Controller] trot... 
[2025-06-11 17:54:13.372.332] [INFO  ] [Controller] trot... 
[2025-06-11 17:54:13.472.328] [INFO  ] [Controller] trot... 
[2025-06-11 17:54:13.572.328] [INFO  ] [Controller] trot... 
[2025-06-11 17:54:13.672.330] [INFO  ] [Controller] trot... 
[2025-06-11 17:54:13.772.329] [INFO  ] [Controller] trot... 
[2025-06-11 17:54:13.872.331] [INFO  ] [Controller] trot... 
[2025-06-11 17:54:14.497.341] [INFO  ] [Controller] [Joints] FL: +45.827, +40.630, +45.827 ,FR: +47.559, +38.898, +44.094, HL: 51.024, +38.898, +56.220, HR: +54.488, +40.630, +59.685 Max HR-Knee = +59.685 Min FR-HipY = +38.898 
[2025-06-11 17:54:15.276.330] [INFO  ] [Controller] KeepRun ... 
[2025-06-11 17:54:15.376.329] [INFO  ] [Controller] KeepRun ... 
[2025-06-11 17:54:15.476.331] [INFO  ] [Controller] KeepRun ... 
[2025-06-11 17:54:15.576.331] [INFO  ] [Controller] KeepRun ... 
[2025-06-11 17:54:15.676.330] [INFO  ] [Controller] KeepRun ... 
[2025-06-11 17:54:15.777.330] [INFO  ] [Controller] KeepRun ... 
[2025-06-11 17:54:15.877.331] [INFO  ] [Controller] KeepRun ... 
[2025-06-11 17:54:15.977.329] [INFO  ] [Controller] KeepRun ... 
[2025-06-11 17:54:16.077.329] [INFO  ] [Controller] KeepRun ... 
[2025-06-11 17:54:16.177.332] [INFO  ] [Controller] KeepRun ... 
[2025-06-11 17:54:16.278.328] [INFO  ] [Controller] trot run2... 
[2025-06-11 17:54:16.378.327] [INFO  ] [Controller] trot run2... 
[2025-06-11 17:54:16.478.337] [INFO  ] [Controller] trot run2... 
[2025-06-11 17:54:16.578.328] [INFO  ] [Controller] trot run2... 
[2025-06-11 17:54:16.678.330] [INFO  ] [Controller] trot run2... 
[2025-06-11 17:54:16.778.342] [INFO  ] [Controller] trot run2... 
[2025-06-11 17:54:16.879.330] [INFO  ] [Controller] trot run2... 
[2025-06-11 17:54:16.979.330] [INFO  ] [Controller] trot run2... 
[2025-06-11 17:54:16.997.337] [INFO  ] [Controller] [Joints] FL: +45.827, +40.630, +45.827 ,FR: +47.559, +38.898, +44.094, HL: 51.024, +38.898, +56.220, HR: +56.220, +40.630, +61.417 Max HR-Knee = +61.417 Min FR-HipY = +38.898 
[2025-06-11 17:54:17.079.329] [INFO  ] [Controller] trot run2... 
[2025-06-11 17:54:17.179.330] [INFO  ] [Controller] trot run2... 
[2025-06-11 17:54:17.444.960] [INFO  ] [Battery] SoC = 60%, Volt = +29.800V, Temp 30 
[2025-06-11 17:54:18.883.329] [INFO  ] [Controller] AutoStop ... 
[2025-06-11 17:54:18.984.328] [INFO  ] [Controller] Greeting2... 
[2025-06-11 17:54:19.084.331] [INFO  ] [Controller] Greeting2... 
[2025-06-11 17:54:19.184.330] [INFO  ] [Controller] Greeting2... 
[2025-06-11 17:54:19.284.329] [INFO  ] [Controller] Greeting2... 
[2025-06-11 17:54:19.384.332] [INFO  ] [Controller] Greeting2... 
[2025-06-11 17:54:19.485.329] [INFO  ] [Controller] Greeting2... 
[2025-06-11 17:54:19.497.337] [INFO  ] [Controller] [Joints] FL: +47.559, +40.630, +45.827 ,FR: +47.559, +38.898, +45.827, HL: 51.024, +38.898, +57.953, HR: +56.220, +40.630, +61.417 Max HR-Knee = +61.417 Min FR-HipY = +38.898 
[2025-06-11 17:54:19.585.331] [INFO  ] [Controller] Greeting2... 
[2025-06-11 17:54:19.685.330] [INFO  ] [Controller] Greeting2... 
[2025-06-11 17:54:19.785.330] [INFO  ] [Controller] Greeting2... 
[2025-06-11 17:54:19.885.330] [INFO  ] [Controller] Greeting2... 
[2025-06-11 17:54:19.985.330] [INFO  ] [Controller] Greeting2... 
[2025-06-11 17:54:20.085.330] [INFO  ] [Controller] Greeting2... 
[2025-06-11 17:54:20.185.331] [INFO  ] [Controller] Greeting2... 
[2025-06-11 17:54:20.286.331] [INFO  ] [Controller] Greeting2... 
[2025-06-11 17:54:20.386.329] [INFO  ] [Controller] Greeting2... 
[2025-06-11 17:54:20.486.329] [INFO  ] [Controller] Greeting2... 
[2025-06-11 17:54:20.545.340] [INFO  ] [BasicMotion] Switching to force control mode, please wait... 
[2025-06-11 17:54:20.586.329] [INFO  ] [Controller] Greeting2... 
[2025-06-11 17:54:20.586.369] [INFO  ] [BasicMotion] Greeting, please wait... 
[2025-06-11 17:54:20.686.331] [INFO  ] [Controller] Greeting2... 
[2025-06-11 17:54:20.786.333] [INFO  ] [Controller] Greeting2... 
[2025-06-11 17:54:20.887.334] [INFO  ] [Controller] Greeting2... 
[2025-06-11 17:54:20.987.331] [INFO  ] [Controller] Greeting2... 
[2025-06-11 17:54:21.087.332] [INFO  ] [Controller] Greeting2... 
[2025-06-11 17:54:21.187.333] [INFO  ] [Controller] Greeting2... 
[2025-06-11 17:54:21.287.333] [INFO  ] [Controller] Greeting2... 
[2025-06-11 17:54:21.387.335] [INFO  ] [Controller] Greeting2... 
[2025-06-11 17:54:21.487.331] [INFO  ] [Controller] Greeting2... 
[2025-06-11 17:54:21.587.332] [INFO  ] [Controller] Greeting2... 
[2025-06-11 17:54:21.688.329] [INFO  ] [Controller] Greeting2... 
[2025-06-11 17:54:21.788.338] [INFO  ] [Controller] Greeting2... 
[2025-06-11 17:54:21.888.333] [INFO  ] [Controller] Greeting2... 
[2025-06-11 17:54:21.988.332] [INFO  ] [Controller] Greeting2... 
[2025-06-11 17:54:21.997.334] [INFO  ] [Controller] [Joints] FL: +47.559, +40.630, +45.827 ,FR: +49.291, +38.898, +45.827, HL: 51.024, +38.898, +57.953, HR: +56.220, +40.630, +63.150 Max HR-Knee = +63.150 Min FR-HipY = +38.898 
[2025-06-11 17:54:22.088.340] [INFO  ] [Controller] Greeting2... 
[2025-06-11 17:54:22.096.327] [INFO  ] [BasicMotion] Greeting Third State End ... 
[2025-06-11 17:54:22.188.334] [INFO  ] [Controller] Greeting2... 
[2025-06-11 17:54:22.288.329] [INFO  ] [Controller] Greeting2... 
[2025-06-11 17:54:22.389.332] [INFO  ] [Controller] Greeting2... 
[2025-06-11 17:54:22.432.240] [INFO  ] [Battery] SoC = 60%, Volt = +29.900V, Temp 30 
[2025-06-11 17:54:22.489.330] [INFO  ] [Controller] Greeting2... 
[2025-06-11 17:54:22.589.334] [INFO  ] [Controller] Greeting2... 
[2025-06-11 17:54:22.597.327] [INFO  ] [BasicMotion] waving_cnt: 1 
[2025-06-11 17:54:22.689.330] [INFO  ] [Controller] Greeting2... 
[2025-06-11 17:54:22.789.331] [INFO  ] [Controller] Greeting2... 
[2025-06-11 17:54:22.889.332] [INFO  ] [Controller] Greeting2... 
[2025-06-11 17:54:22.989.332] [INFO  ] [Controller] Greeting2... 
[2025-06-11 17:54:23.090.333] [INFO  ] [Controller] Greeting2... 
[2025-06-11 17:54:23.097.327] [INFO  ] [BasicMotion] waving_cnt: 2 
[2025-06-11 17:54:23.190.333] [INFO  ] [Controller] Greeting2... 
[2025-06-11 17:54:23.290.331] [INFO  ] [Controller] Greeting2... 
[2025-06-11 17:54:23.390.328] [INFO  ] [Controller] Greeting2... 
[2025-06-11 17:54:23.490.333] [INFO  ] [Controller] Greeting2... 
[2025-06-11 17:54:23.590.333] [INFO  ] [Controller] Greeting2... 
[2025-06-11 17:54:23.597.326] [INFO  ] [BasicMotion] waving_cnt: 3 
[2025-06-11 17:54:23.690.330] [INFO  ] [Controller] Greeting2... 
[2025-06-11 17:54:23.790.333] [INFO  ] [Controller] Greeting2... 
[2025-06-11 17:54:23.891.332] [INFO  ] [Controller] Greeting2... 
[2025-06-11 17:54:23.991.333] [INFO  ] [Controller] Greeting2... 
[2025-06-11 17:54:24.091.333] [INFO  ] [Controller] Greeting2... 
[2025-06-11 17:54:24.098.345] [INFO  ] [BasicMotion] waving_cnt: 4 
[2025-06-11 17:54:24.191.333] [INFO  ] [Controller] Greeting2... 
[2025-06-11 17:54:24.291.331] [INFO  ] [Controller] Greeting2... 
[2025-06-11 17:54:24.391.332] [INFO  ] [Controller] Greeting2... 
[2025-06-11 17:54:24.492.332] [INFO  ] [Controller] Greeting2... 
[2025-06-11 17:54:24.497.333] [INFO  ] [Controller] [Joints] FL: +47.559, +40.630, +47.559 ,FR: +49.291, +38.898, +45.827, HL: 51.024, +38.898, +57.953, HR: +56.220, +40.630, +63.150 Max HR-Knee = +63.150 Min FR-HipY = +38.898 
[2025-06-11 17:54:24.592.330] [INFO  ] [Controller] Greeting2... 
[2025-06-11 17:54:24.598.353] [INFO  ] [BasicMotion] waving_cnt: 5 
[2025-06-11 17:54:24.692.330] [INFO  ] [Controller] Greeting2... 
[2025-06-11 17:54:24.792.332] [INFO  ] [Controller] Greeting2... 
[2025-06-11 17:54:24.892.330] [INFO  ] [Controller] Greeting2... 
[2025-06-11 17:54:24.992.331] [INFO  ] [Controller] Greeting2... 
[2025-06-11 17:54:25.092.332] [INFO  ] [Controller] Greeting2... 
[2025-06-11 17:54:25.099.337] [INFO  ] [BasicMotion] waving_cnt: 6 
[2025-06-11 17:54:25.192.331] [INFO  ] [Controller] Greeting2... 
[2025-06-11 17:54:25.293.331] [INFO  ] [Controller] Greeting2... 
[2025-06-11 17:54:25.393.332] [INFO  ] [Controller] Greeting2... 
[2025-06-11 17:54:25.493.332] [INFO  ] [Controller] Greeting2... 
[2025-06-11 17:54:25.593.333] [INFO  ] [Controller] Greeting2... 
[2025-06-11 17:54:25.599.337] [INFO  ] [BasicMotion] waving_cnt: 7 
[2025-06-11 17:54:25.693.331] [INFO  ] [Controller] Greeting2... 
[2025-06-11 17:54:25.793.332] [INFO  ] [Controller] Greeting2... 
[2025-06-11 17:54:25.893.333] [INFO  ] [Controller] Greeting2... 
[2025-06-11 17:54:25.994.332] [INFO  ] [Controller] KeepRun ... 
[2025-06-11 17:54:26.094.333] [INFO  ] [Controller] KeepRun ... 
[2025-06-11 17:54:26.099.386] [INFO  ] [BasicMotion] waving_cnt: 8 
[2025-06-11 17:54:26.194.333] [INFO  ] [Controller] KeepRun ... 
[2025-06-11 17:54:26.295.333] [INFO  ] [Controller] KeepRun ... 
[2025-06-11 17:54:26.395.332] [INFO  ] [Controller] KeepRun ... 
[2025-06-11 17:54:26.495.332] [INFO  ] [Controller] KeepRun ... 
[2025-06-11 17:54:26.595.334] [INFO  ] [Controller] KeepRun ... 
[2025-06-11 17:54:26.600.328] [INFO  ] [BasicMotion] waving_cnt: 9 
[2025-06-11 17:54:26.695.332] [INFO  ] [Controller] KeepRun ... 
[2025-06-11 17:54:26.795.332] [INFO  ] [Controller] KeepRun ... 
[2025-06-11 17:54:26.896.333] [INFO  ] [Controller] KeepRun ... 
[2025-06-11 17:54:26.996.331] [INFO  ] [Controller] KeepRun ... 
[2025-06-11 17:54:26.997.334] [INFO  ] [Controller] [Joints] FL: +47.559, +42.362, +47.559 ,FR: +49.291, +38.898, +45.827, HL: 51.024, +38.898, +57.953, HR: +56.220, +40.630, +61.417 Max HR-Knee = +61.417 Min FR-HipY = +38.898 
[2025-06-11 17:54:27.096.332] [INFO  ] [Controller] KeepRun ... 
[2025-06-11 17:54:27.196.333] [INFO  ] [Controller] KeepRun ... 
[2025-06-11 17:54:27.296.332] [INFO  ] [Controller] KeepRun ... 
[2025-06-11 17:54:27.396.331] [INFO  ] [Controller] KeepRun ... 
[2025-06-11 17:54:27.419.453] [INFO  ] [Battery] SoC = 60%, Volt = +29.700V, Temp 30 
[2025-06-11 17:54:27.496.332] [INFO  ] [Controller] KeepRun ... 
[2025-06-11 17:54:27.596.332] [INFO  ] [Controller] KeepRun ... 
[2025-06-11 17:54:27.697.332] [INFO  ] [Controller] KeepRun ... 
[2025-06-11 17:54:27.797.330] [INFO  ] [Controller] KeepRun ... 
[2025-06-11 17:54:27.897.332] [INFO  ] [Controller] KeepRun ... 
[2025-06-11 17:54:27.997.331] [INFO  ] [Controller] KeepRun ... 
[2025-06-11 17:54:28.097.331] [INFO  ] [Controller] KeepRun ... 
[2025-06-11 17:54:28.197.332] [INFO  ] [Controller] KeepRun ... 
[2025-06-11 17:54:28.297.331] [INFO  ] [Controller] KeepRun ... 
[2025-06-11 17:54:28.398.338] [INFO  ] [Controller] KeepRun ... 
[2025-06-11 17:54:28.498.337] [INFO  ] [Controller] KeepRun ... 
[2025-06-11 17:54:28.598.344] [INFO  ] [Controller] KeepRun ... 
[2025-06-11 17:54:28.602.334] [INFO  ] [BasicMotion] Stand up action has finished, waitting to switch to force control mode! 
[2025-06-11 17:54:28.602.357] [INFO  ] [BasicMotion] Switching to force control mode, please wait... 
[2025-06-11 17:54:28.698.339] [INFO  ] [Controller] KeepRun ... 
[2025-06-11 17:54:28.798.336] [INFO  ] [Controller] KeepRun ... 
[2025-06-11 17:54:28.898.343] [INFO  ] [Controller] KeepRun ... 
[2025-06-11 17:54:28.999.337] [INFO  ] [Controller] trot run2... 
[2025-06-11 17:54:29.099.337] [INFO  ] [Controller] trot run2... 
[2025-06-11 17:54:29.199.339] [INFO  ] [Controller] trot run2... 
[2025-06-11 17:54:29.300.335] [INFO  ] [Controller] trot run2... 
[2025-06-11 17:54:29.400.334] [INFO  ] [Controller] trot run2... 
[2025-06-11 17:54:29.403.349] [INFO  ] [TVMPC] JY is Moving... (tvmpc),  time: 1868.212318 
[2025-06-11 17:54:29.497.342] [INFO  ] [Controller] [Joints] FL: +47.559, +42.362, +47.559 ,FR: +49.291, +38.898, +45.827, HL: 51.024, +38.898, +57.953, HR: +56.220, +40.630, +61.417 Max HR-Knee = +61.417 Min FR-HipY = +38.898 
[2025-06-11 17:54:29.500.326] [INFO  ] [Controller] trot run2... 
[2025-06-11 17:54:29.600.330] [INFO  ] [Controller] trot run2... 
[2025-06-11 17:54:29.700.335] [INFO  ] [Controller] trot run2... 
[2025-06-11 17:54:29.800.333] [INFO  ] [Controller] trot run2... 
[2025-06-11 17:54:29.900.335] [INFO  ] [Controller] trot run2... 
[2025-06-11 17:54:31.805.330] [INFO  ] [Controller] trot... 
[2025-06-11 17:54:31.905.330] [INFO  ] [Controller] trot... 
[2025-06-11 17:54:31.997.351] [INFO  ] [Controller] [Joints] FL: +47.559, +42.362, +47.559 ,FR: +47.559, +38.898, +45.827, HL: 51.024, +38.898, +57.953, HR: +56.220, +40.630, +61.417 Max HR-Knee = +61.417 Min FR-HipY = +38.898 
[2025-06-11 17:54:32.005.321] [INFO  ] [Controller] trot... 
[2025-06-11 17:54:32.105.331] [INFO  ] [Controller] trot... 
[2025-06-11 17:54:32.205.330] [INFO  ] [Controller] trot... 
[2025-06-11 17:54:32.305.329] [INFO  ] [Controller] trot... 
[2025-06-11 17:54:32.405.330] [INFO  ] [Controller] trot... 
[2025-06-11 17:54:32.406.553] [INFO  ] [Battery] SoC = 60%, Volt = +29.800V, Temp 30 
[2025-06-11 17:54:32.506.328] [INFO  ] [Controller] trot... 
[2025-06-11 17:54:32.606.329] [INFO  ] [Controller] trot... 
[2025-06-11 17:54:32.706.331] [INFO  ] [Controller] trot... 
[2025-06-11 17:54:33.409.331] [INFO  ] [Controller] AutoStop ... 
[2025-06-11 17:54:33.509.333] [INFO  ] [Controller] KeepRun ... 
[2025-06-11 17:54:33.610.331] [INFO  ] [Controller] KeepRun ... 
[2025-06-11 17:54:33.710.331] [INFO  ] [Controller] KeepRun ... 
[2025-06-11 17:54:33.810.334] [INFO  ] [Controller] KeepRun ... 
[2025-06-11 17:54:33.910.330] [INFO  ] [Controller] KeepRun ... 
[2025-06-11 17:54:34.010.330] [INFO  ] [Controller] KeepRun ... 
[2025-06-11 17:54:34.110.331] [INFO  ] [Controller] KeepRun ... 
[2025-06-11 17:54:34.210.329] [INFO  ] [Controller] KeepRun ... 
[2025-06-11 17:54:34.310.331] [INFO  ] [Controller] KeepRun ... 
[2025-06-11 17:54:34.411.332] [INFO  ] [Controller] KeepRun ... 
[2025-06-11 17:54:34.497.347] [INFO  ] [Controller] [Joints] FL: +47.559, +42.362, +47.559 ,FR: +49.291, +38.898, +45.827, HL: 52.756, +38.898, +59.685, HR: +56.220, +40.630, +63.150 Max HR-Knee = +63.150 Min FR-HipY = +38.898 
[2025-06-11 17:54:34.511.328] [INFO  ] [Controller] KeepRun ... 
[2025-06-11 17:54:34.611.330] [INFO  ] [Controller] KeepRun ... 
[2025-06-11 17:54:34.711.331] [INFO  ] [Controller] KeepRun ... 
[2025-06-11 17:54:34.811.330] [INFO  ] [Controller] KeepRun ... 
[2025-06-11 17:54:34.911.331] [INFO  ] [Controller] KeepRun ... 
[2025-06-11 17:54:35.011.332] [INFO  ] [Controller] KeepRun ... 
[2025-06-11 17:54:35.112.330] [INFO  ] [Controller] KeepRun ... 
[2025-06-11 17:54:35.212.330] [INFO  ] [Controller] KeepRun ... 
[2025-06-11 17:54:35.312.332] [INFO  ] [Controller] KeepRun ... 
[2025-06-11 17:54:35.412.329] [INFO  ] [Controller] KeepRun ... 
[2025-06-11 17:54:36.997.352] [INFO  ] [Controller] [Joints] FL: +47.559, +42.362, +47.559 ,FR: +49.291, +38.898, +47.559, HL: 52.756, +38.898, +59.685, HR: +56.220, +40.630, +63.150 Max HR-Knee = +63.150 Min FR-HipY = +38.898 
[2025-06-11 17:54:37.393.778] [INFO  ] [Battery] SoC = 60%, Volt = +29.800V, Temp 30 
[2025-06-11 17:54:39.497.344] [INFO  ] [Controller] [Joints] FL: +47.559, +42.362, +47.559 ,FR: +49.291, +38.898, +47.559, HL: 52.756, +38.898, +59.685, HR: +56.220, +40.630, +63.150 Max HR-Knee = +63.150 Min FR-HipY = +38.898 
[2025-06-11 17:54:41.997.349] [INFO  ] [Controller] [Joints] FL: +47.559, +42.362, +47.559 ,FR: +49.291, +38.898, +47.559, HL: 52.756, +38.898, +59.685, HR: +56.220, +40.630, +63.150 Max HR-Knee = +63.150 Min FR-HipY = +38.898 
[2025-06-11 17:54:42.381.078] [INFO  ] [Battery] SoC = 60%, Volt = +29.800V, Temp 30 
[2025-06-11 17:54:44.497.344] [INFO  ] [Controller] [Joints] FL: +47.559, +42.362, +47.559 ,FR: +49.291, +38.898, +47.559, HL: 51.024, +38.898, +59.685, HR: +56.220, +40.630, +63.150 Max HR-Knee = +63.150 Min FR-HipY = +38.898 
[2025-06-11 17:54:46.997.344] [INFO  ] [Controller] [Joints] FL: +47.559, +40.630, +47.559 ,FR: +49.291, +38.898, +45.827, HL: 51.024, +38.898, +59.685, HR: +56.220, +40.630, +63.150 Max HR-Knee = +63.150 Min FR-HipY = +38.898 
[2025-06-11 17:54:47.368.228] [INFO  ] [Battery] SoC = 59%, Volt = +29.800V, Temp 30 
[2025-06-11 17:54:49.497.344] [INFO  ] [Controller] [Joints] FL: +47.559, +40.630, +47.559 ,FR: +47.559, +38.898, +45.827, HL: 51.024, +38.898, +59.685, HR: +57.953, +40.630, +63.150 Max HR-Knee = +63.150 Min FR-HipY = +38.898 
[2025-06-11 17:54:51.997.345] [INFO  ] [Controller] [Joints] FL: +47.559, +40.630, +47.559 ,FR: +47.559, +38.898, +45.827, HL: 51.024, +38.898, +59.685, HR: +57.953, +40.630, +63.150 Max HR-Knee = +63.150 Min FR-HipY = +38.898 
[2025-06-11 17:54:52.355.385] [INFO  ] [Battery] SoC = 59%, Volt = +29.700V, Temp 30 
[2025-06-11 17:54:54.497.345] [INFO  ] [Controller] [Joints] FL: +47.559, +40.630, +47.559 ,FR: +47.559, +38.898, +45.827, HL: 51.024, +38.898, +59.685, HR: +57.953, +40.630, +63.150 Max HR-Knee = +63.150 Min FR-HipY = +38.898 
[2025-06-11 17:54:56.997.343] [INFO  ] [Controller] [Joints] FL: +47.559, +40.630, +47.559 ,FR: +47.559, +38.898, +45.827, HL: 51.024, +38.898, +59.685, HR: +56.220, +40.630, +63.150 Max HR-Knee = +63.150 Min FR-HipY = +38.898 
[2025-06-11 17:54:57.342.433] [INFO  ] [Battery] SoC = 59%, Volt = +29.600V, Temp 30 
[2025-06-11 17:54:59.497.350] [INFO  ] [Controller] [Joints] FL: +47.559, +40.630, +47.559 ,FR: +49.291, +38.898, +45.827, HL: 51.024, +38.898, +59.685, HR: +56.220, +40.630, +61.417 Max HR-Knee = +61.417 Min FR-HipY = +38.898 
[2025-06-11 17:55:01.997.344] [INFO  ] [Controller] [Joints] FL: +47.559, +40.630, +47.559 ,FR: +49.291, +38.898, +45.827, HL: 51.024, +38.898, +59.685, HR: +56.220, +40.630, +61.417 Max HR-Knee = +61.417 Min FR-HipY = +38.898 
[2025-06-11 17:55:02.329.605] [INFO  ] [Battery] SoC = 59%, Volt = +29.800V, Temp 30 
[2025-06-11 17:55:03.154.341] [INFO  ] [Controller] KeepRun ... 
[2025-06-11 17:55:03.254.335] [INFO  ] [Controller] KeepRun ... 
[2025-06-11 17:55:03.354.339] [INFO  ] [Controller] KeepRun ... 
[2025-06-11 17:55:03.454.337] [INFO  ] [Controller] KeepRun ... 
[2025-06-11 17:55:03.554.329] [INFO  ] [Controller] KeepRun ... 
[2025-06-11 17:55:03.654.336] [INFO  ] [Controller] KeepRun ... 
[2025-06-11 17:55:03.754.349] [INFO  ] [Controller] KeepRun ... 
[2025-06-11 17:55:03.855.346] [INFO  ] [Controller] KeepRun ... 
[2025-06-11 17:55:03.955.334] [INFO  ] [Controller] KeepRun ... 
[2025-06-11 17:55:04.055.340] [INFO  ] [Controller] KeepRun ... 
[2025-06-11 17:55:04.497.344] [INFO  ] [Controller] [Joints] FL: +47.559, +40.630, +47.559 ,FR: +49.291, +38.898, +45.827, HL: 51.024, +38.898, +59.685, HR: +56.220, +40.630, +61.417 Max HR-Knee = +61.417 Min FR-HipY = +38.898 
[2025-06-11 17:55:06.997.373] [INFO  ] [Controller] [Joints] FL: +47.559, +40.630, +47.559 ,FR: +49.291, +38.898, +45.827, HL: 51.024, +38.898, +59.685, HR: +56.220, +40.630, +61.417 Max HR-Knee = +61.417 Min FR-HipY = +38.898 
[2025-06-11 17:55:07.316.870] [INFO  ] [Battery] SoC = 59%, Volt = +29.800V, Temp 30 
[2025-06-11 17:55:09.497.345] [INFO  ] [Controller] [Joints] FL: +47.559, +40.630, +47.559 ,FR: +49.291, +38.898, +45.827, HL: 51.024, +38.898, +59.685, HR: +56.220, +40.630, +61.417 Max HR-Knee = +61.417 Min FR-HipY = +38.898 
[2025-06-11 17:55:11.997.350] [INFO  ] [Controller] [Joints] FL: +47.559, +38.898, +47.559 ,FR: +49.291, +38.898, +45.827, HL: 51.024, +38.898, +59.685, HR: +54.488, +40.630, +61.417 Max HR-Knee = +61.417 Min FL-HipY = +38.898 
[2025-06-11 17:55:12.303.987] [INFO  ] [Battery] SoC = 59%, Volt = +29.700V, Temp 30 
[2025-06-11 17:55:14.497.347] [INFO  ] [Controller] [Joints] FL: +49.291, +38.898, +47.559 ,FR: +49.291, +38.898, +45.827, HL: 51.024, +38.898, +59.685, HR: +54.488, +40.630, +61.417 Max HR-Knee = +61.417 Min FL-HipY = +38.898 
[2025-06-11 17:55:16.997.346] [INFO  ] [Controller] [Joints] FL: +49.291, +38.898, +47.559 ,FR: +49.291, +38.898, +45.827, HL: 51.024, +38.898, +59.685, HR: +54.488, +40.630, +61.417 Max HR-Knee = +61.417 Min FL-HipY = +38.898 
[2025-06-11 17:55:17.290.888] [INFO  ] [Battery] SoC = 59%, Volt = +29.800V, Temp 30 
[2025-06-11 17:55:19.497.360] [INFO  ] [Controller] [Joints] FL: +49.291, +38.898, +45.827 ,FR: +49.291, +38.898, +45.827, HL: 51.024, +38.898, +59.685, HR: +54.488, +40.630, +61.417 Max HR-Knee = +61.417 Min FL-HipY = +38.898 
[2025-06-11 17:55:21.997.350] [INFO  ] [Controller] [Joints] FL: +49.291, +38.898, +45.827 ,FR: +49.291, +38.898, +45.827, HL: 51.024, +38.898, +57.953, HR: +54.488, +40.630, +61.417 Max HR-Knee = +61.417 Min FL-HipY = +38.898 
[2025-06-11 17:55:22.277.860] [INFO  ] [Battery] SoC = 59%, Volt = +29.700V, Temp 30 
[2025-06-11 17:55:24.497.345] [INFO  ] [Controller] [Joints] FL: +49.291, +38.898, +45.827 ,FR: +51.024, +38.898, +45.827, HL: 49.291, +38.898, +57.953, HR: +54.488, +40.630, +61.417 Max HR-Knee = +61.417 Min FL-HipY = +38.898 
[2025-06-11 17:55:26.997.346] [INFO  ] [Controller] [Joints] FL: +51.024, +38.898, +45.827 ,FR: +51.024, +38.898, +45.827, HL: 49.291, +38.898, +57.953, HR: +52.756, +40.630, +61.417 Max HR-Knee = +61.417 Min FL-HipY = +38.898 
[2025-06-11 17:55:27.264.790] [INFO  ] [Battery] SoC = 59%, Volt = +29.700V, Temp 30 
[2025-06-11 17:55:29.497.350] [INFO  ] [Controller] [Joints] FL: +51.024, +38.898, +45.827 ,FR: +51.024, +38.898, +45.827, HL: 49.291, +38.898, +57.953, HR: +52.756, +40.630, +61.417 Max HR-Knee = +61.417 Min FL-HipY = +38.898 
[2025-06-11 17:55:31.997.346] [INFO  ] [Controller] [Joints] FL: +51.024, +38.898, +44.094 ,FR: +51.024, +38.898, +45.827, HL: 49.291, +38.898, +57.953, HR: +52.756, +40.630, +61.417 Max HR-Knee = +61.417 Min FL-HipY = +38.898 
[2025-06-11 17:55:32.251.645] [INFO  ] [Battery] SoC = 59%, Volt = +29.700V, Temp 30 
[2025-06-11 17:55:34.497.346] [INFO  ] [Controller] [Joints] FL: +51.024, +38.898, +44.094 ,FR: +51.024, +38.898, +45.827, HL: 49.291, +38.898, +57.953, HR: +52.756, +40.630, +61.417 Max HR-Knee = +61.417 Min FL-HipY = +38.898 
[2025-06-11 17:55:36.997.346] [INFO  ] [Controller] [Joints] FL: +51.024, +38.898, +44.094 ,FR: +51.024, +38.898, +45.827, HL: 49.291, +38.898, +57.953, HR: +52.756, +40.630, +61.417 Max HR-Knee = +61.417 Min FL-HipY = +38.898 
[2025-06-11 17:55:37.238.578] [INFO  ] [Battery] SoC = 58%, Volt = +29.700V, Temp 30 
[2025-06-11 17:55:39.497.344] [INFO  ] [Controller] [Joints] FL: +51.024, +38.898, +44.094 ,FR: +51.024, +38.898, +45.827, HL: 49.291, +38.898, +57.953, HR: +52.756, +40.630, +61.417 Max HR-Knee = +61.417 Min FL-HipY = +38.898 
[2025-06-11 17:55:41.862.330] [INFO  ] [Controller] AutoStop ... 
[2025-06-11 17:55:41.963.329] [INFO  ] [Controller] Switch to Twist Body Mode!!! 
[2025-06-11 17:55:41.997.346] [INFO  ] [Controller] [Joints] FL: +51.024, +38.898, +44.094 ,FR: +51.024, +38.898, +45.827, HL: 49.291, +38.898, +57.953, HR: +52.756, +40.630, +61.417 Max HR-Knee = +61.417 Min FL-HipY = +38.898 
[2025-06-11 17:55:42.063.330] [INFO  ] [Controller] Switch to Twist Body Mode!!! 
[2025-06-11 17:55:42.163.331] [INFO  ] [Controller] Switch to Twist Body Mode!!! 
[2025-06-11 17:55:42.225.506] [INFO  ] [Battery] SoC = 58%, Volt = +29.700V, Temp 30 
[2025-06-11 17:55:42.264.331] [INFO  ] [Controller] Switch to Twist Body Mode!!! 
[2025-06-11 17:55:42.273.744] [INFO  ] [TVMPC] [trot]STOP!!! 
[2025-06-11 17:55:42.274.336] [INFO  ] [BasicMotion] Switching to force control mode, please wait... 
[2025-06-11 17:55:42.364.332] [INFO  ] [Controller] Switch to Twist Body Mode!!! 
[2025-06-11 17:55:42.464.333] [INFO  ] [Controller] Switch to Twist Body Mode!!! 
[2025-06-11 17:55:42.564.333] [INFO  ] [Controller] Switch to Twist Body Mode!!! 
[2025-06-11 17:55:42.664.331] [INFO  ] [Controller] Switch to Twist Body Mode!!! 
[2025-06-11 17:55:42.764.333] [INFO  ] [Controller] Switch to Twist Body Mode!!! 
[2025-06-11 17:55:42.864.333] [INFO  ] [Controller] Switch to Twist Body Mode!!! 
[2025-06-11 17:55:44.497.352] [INFO  ] [Controller] [Joints] FL: +52.756, +38.898, +44.094 ,FR: +52.756, +37.165, +45.827, HL: 49.291, +38.898, +57.953, HR: +52.756, +40.630, +61.417 Max HR-Knee = +61.417 Min FR-HipY = +37.165 
[2025-06-11 17:55:46.997.353] [INFO  ] [Controller] [Joints] FL: +51.024, +38.898, +44.094 ,FR: +51.024, +37.165, +45.827, HL: 49.291, +38.898, +57.953, HR: +52.756, +40.630, +61.417 Max HR-Knee = +61.417 Min FR-HipY = +37.165 
[2025-06-11 17:55:47.212.455] [INFO  ] [Battery] SoC = 58%, Volt = +29.700V, Temp 30 
[2025-06-11 17:55:49.497.350] [INFO  ] [Controller] [Joints] FL: +51.024, +38.898, +44.094 ,FR: +51.024, +37.165, +45.827, HL: 49.291, +38.898, +57.953, HR: +52.756, +40.630, +61.417 Max HR-Knee = +61.417 Min FR-HipY = +37.165 
[2025-06-11 17:55:51.997.349] [INFO  ] [Controller] [Joints] FL: +51.024, +38.898, +44.094 ,FR: +51.024, +37.165, +45.827, HL: 49.291, +38.898, +57.953, HR: +52.756, +40.630, +61.417 Max HR-Knee = +61.417 Min FR-HipY = +37.165 
[2025-06-11 17:55:52.199.361] [INFO  ] [Battery] SoC = 58%, Volt = +29.700V, Temp 30 
[2025-06-11 17:55:54.497.349] [INFO  ] [Controller] [Joints] FL: +51.024, +38.898, +44.094 ,FR: +51.024, +37.165, +45.827, HL: 49.291, +38.898, +57.953, HR: +52.756, +38.898, +61.417 Max HR-Knee = +61.417 Min FR-HipY = +37.165 
[2025-06-11 17:55:55.035.332] [INFO  ] [Controller] Switch to Move Mode!!! 
[2025-06-11 17:55:55.036.350] [INFO  ] [TVMPC] JY is Moving... (tvmpc),  time: 1953.845319 
[2025-06-11 17:55:55.135.328] [INFO  ] [Controller] Switch to Move Mode!!! 
[2025-06-11 17:55:55.235.331] [INFO  ] [Controller] Switch to Move Mode!!! 
[2025-06-11 17:55:55.335.329] [INFO  ] [Controller] Switch to Move Mode!!! 
[2025-06-11 17:55:55.436.330] [INFO  ] [Controller] Switch to Move Mode!!! 
[2025-06-11 17:55:55.536.330] [INFO  ] [Controller] Switch to Move Mode!!! 
[2025-06-11 17:55:55.636.329] [INFO  ] [Controller] Switch to Move Mode!!! 
[2025-06-11 17:55:55.736.330] [INFO  ] [Controller] Switch to Move Mode!!! 
[2025-06-11 17:55:55.836.330] [INFO  ] [Controller] Switch to Move Mode!!! 
[2025-06-11 17:55:55.936.327] [INFO  ] [Controller] Switch to Move Mode!!! 
[2025-06-11 17:55:56.997.344] [INFO  ] [Controller] [Joints] FL: +51.024, +38.898, +44.094 ,FR: +51.024, +37.165, +45.827, HL: 49.291, +38.898, +57.953, HR: +54.488, +38.898, +61.417 Max HR-Knee = +61.417 Min FR-HipY = +37.165 
[2025-06-11 17:55:57.186.137] [INFO  ] [Battery] SoC = 58%, Volt = +29.600V, Temp 30 
[2025-06-11 17:55:59.497.349] [INFO  ] [Controller] [Joints] FL: +49.291, +38.898, +44.094 ,FR: +51.024, +37.165, +45.827, HL: 49.291, +38.898, +57.953, HR: +54.488, +38.898, +61.417 Max HR-Knee = +61.417 Min FR-HipY = +37.165 
[2025-06-11 17:56:01.997.343] [INFO  ] [Controller] [Joints] FL: +49.291, +38.898, +44.094 ,FR: +49.291, +37.165, +45.827, HL: 49.291, +38.898, +57.953, HR: +54.488, +38.898, +63.150 Max HR-Knee = +63.150 Min FR-HipY = +37.165 
[2025-06-11 17:56:02.172.932] [INFO  ] [Battery] SoC = 58%, Volt = +29.700V, Temp 30 
[2025-06-11 17:56:03.047.330] [INFO  ] [Controller] KeepRun ... 
[2025-06-11 17:56:03.148.330] [INFO  ] [Controller] KeepRun ... 
[2025-06-11 17:56:03.248.339] [INFO  ] [Controller] KeepRun ... 
[2025-06-11 17:56:03.348.329] [INFO  ] [Controller] KeepRun ... 
[2025-06-11 17:56:03.448.332] [INFO  ] [Controller] KeepRun ... 
[2025-06-11 17:56:03.548.344] [INFO  ] [Controller] KeepRun ... 
[2025-06-11 17:56:03.648.329] [INFO  ] [Controller] KeepRun ... 
[2025-06-11 17:56:03.748.329] [INFO  ] [Controller] KeepRun ... 
[2025-06-11 17:56:03.849.331] [INFO  ] [Controller] KeepRun ... 
[2025-06-11 17:56:03.949.330] [INFO  ] [Controller] KeepRun ... 
[2025-06-11 17:56:04.497.345] [INFO  ] [Controller] [Joints] FL: +49.291, +38.898, +44.094 ,FR: +49.291, +37.165, +45.827, HL: 49.291, +38.898, +57.953, HR: +54.488, +38.898, +63.150 Max HR-Knee = +63.150 Min FR-HipY = +37.165 
[2025-06-11 17:56:06.997.347] [INFO  ] [Controller] [Joints] FL: +49.291, +38.898, +45.827 ,FR: +49.291, +37.165, +45.827, HL: 51.024, +38.898, +57.953, HR: +54.488, +38.898, +63.150 Max HR-Knee = +63.150 Min FR-HipY = +37.165 
[2025-06-11 17:56:07.159.874] [INFO  ] [Battery] SoC = 58%, Volt = +29.700V, Temp 30 
[2025-06-11 17:56:07.655.332] [INFO  ] [Controller] KeepRun ... 
[2025-06-11 17:56:07.756.330] [INFO  ] [Controller] KeepRun ... 
[2025-06-11 17:56:07.856.330] [INFO  ] [Controller] KeepRun ... 
[2025-06-11 17:56:07.956.331] [INFO  ] [Controller] KeepRun ... 
[2025-06-11 17:56:08.056.331] [INFO  ] [Controller] KeepRun ... 
[2025-06-11 17:56:08.156.329] [INFO  ] [Controller] KeepRun ... 
[2025-06-11 17:56:08.256.330] [INFO  ] [Controller] KeepRun ... 
[2025-06-11 17:56:08.356.330] [INFO  ] [Controller] KeepRun ... 
[2025-06-11 17:56:08.457.330] [INFO  ] [Controller] KeepRun ... 
[2025-06-11 17:56:08.557.329] [INFO  ] [Controller] KeepRun ... 
[2025-06-11 17:56:08.657.330] [INFO  ] [Controller] Change Height!!! 
[2025-06-11 17:56:09.497.340] [INFO  ] [Controller] [Joints] FL: +49.291, +38.898, +45.827 ,FR: +49.291, +37.165, +45.827, HL: 51.024, +38.898, +57.953, HR: +54.488, +38.898, +63.150 Max HR-Knee = +63.150 Min FR-HipY = +37.165 
[2025-06-11 17:56:09.659.333] [INFO  ] [Controller] Change Height!!! 
[2025-06-11 17:56:10.660.328] [INFO  ] [Controller] Change Height!!! 
[2025-06-11 17:56:11.661.329] [INFO  ] [Controller] Change Height!!! 
[2025-06-11 17:56:11.997.346] [INFO  ] [Controller] [Joints] FL: +49.291, +38.898, +45.827 ,FR: +49.291, +37.165, +45.827, HL: 51.024, +38.898, +57.953, HR: +54.488, +38.898, +63.150 Max HR-Knee = +63.150 Min FR-HipY = +37.165 
[2025-06-11 17:56:12.146.885] [INFO  ] [Battery] SoC = 58%, Volt = +29.700V, Temp 30 
[2025-06-11 17:56:12.663.327] [INFO  ] [Controller] Change Height!!! 
[2025-06-11 17:56:13.664.329] [INFO  ] [Controller] Change Height!!! 
[2025-06-11 17:56:14.497.345] [INFO  ] [Controller] [Joints] FL: +49.291, +38.898, +45.827 ,FR: +49.291, +37.165, +45.827, HL: 51.024, +38.898, +59.685, HR: +56.220, +38.898, +63.150 Max HR-Knee = +63.150 Min FR-HipY = +37.165 
[2025-06-11 17:56:14.666.329] [INFO  ] [Controller] Change Height!!! 
[2025-06-11 17:56:15.668.349] [INFO  ] [Controller] Change Height!!! 
[2025-06-11 17:56:16.670.329] [INFO  ] [Controller] AutoStop ... 
[2025-06-11 17:56:16.771.329] [INFO  ] [Controller] Greeting2... 
[2025-06-11 17:56:16.871.333] [INFO  ] [Controller] Greeting2... 
[2025-06-11 17:56:16.971.335] [INFO  ] [Controller] Greeting2... 
[2025-06-11 17:56:16.997.342] [INFO  ] [Controller] [Joints] FL: +49.291, +38.898, +45.827 ,FR: +49.291, +37.165, +45.827, HL: 51.024, +38.898, +59.685, HR: +56.220, +38.898, +63.150 Max HR-Knee = +63.150 Min FR-HipY = +37.165 
[2025-06-11 17:56:17.071.329] [INFO  ] [Controller] Greeting2... 
[2025-06-11 17:56:17.086.742] [INFO  ] [TVMPC] [trot]STOP!!! 
[2025-06-11 17:56:17.087.330] [INFO  ] [BasicMotion] Switching to force control mode, please wait... 
[2025-06-11 17:56:17.133.751] [INFO  ] [Battery] SoC = 58%, Volt = +29.700V, Temp 30 
[2025-06-11 17:56:17.171.329] [INFO  ] [Controller] Greeting2... 
[2025-06-11 17:56:17.171.369] [INFO  ] [BasicMotion] Greeting, please wait... 
[2025-06-11 17:56:17.271.329] [INFO  ] [Controller] Greeting2... 
[2025-06-11 17:56:17.371.331] [INFO  ] [Controller] Greeting2... 
[2025-06-11 17:56:17.472.332] [INFO  ] [Controller] Greeting2... 
[2025-06-11 17:56:17.572.332] [INFO  ] [Controller] Greeting2... 
[2025-06-11 17:56:17.672.333] [INFO  ] [Controller] Greeting2... 
[2025-06-11 17:56:17.772.334] [INFO  ] [Controller] Greeting2... 
[2025-06-11 17:56:17.872.331] [INFO  ] [Controller] Greeting2... 
[2025-06-11 17:56:17.972.332] [INFO  ] [Controller] Greeting2... 
[2025-06-11 17:56:18.072.332] [INFO  ] [Controller] Greeting2... 
[2025-06-11 17:56:18.172.333] [INFO  ] [Controller] Greeting2... 
[2025-06-11 17:56:18.273.331] [INFO  ] [Controller] Greeting2... 
[2025-06-11 17:56:18.373.331] [INFO  ] [Controller] Greeting2... 
[2025-06-11 17:56:18.473.332] [INFO  ] [Controller] Greeting2... 
[2025-06-11 17:56:18.573.332] [INFO  ] [Controller] Greeting2... 
[2025-06-11 17:56:18.673.332] [INFO  ] [Controller] Greeting2... 
[2025-06-11 17:56:18.683.323] [INFO  ] [BasicMotion] Greeting Third State End ... 
[2025-06-11 17:56:18.773.329] [INFO  ] [Controller] Greeting2... 
[2025-06-11 17:56:18.873.332] [INFO  ] [Controller] Greeting2... 
[2025-06-11 17:56:18.974.332] [INFO  ] [Controller] Greeting2... 
[2025-06-11 17:56:19.074.331] [INFO  ] [Controller] Greeting2... 
[2025-06-11 17:56:19.174.331] [INFO  ] [Controller] Greeting2... 
[2025-06-11 17:56:19.183.325] [INFO  ] [BasicMotion] waving_cnt: 1 
[2025-06-11 17:56:19.274.330] [INFO  ] [Controller] Greeting2... 
[2025-06-11 17:56:19.374.331] [INFO  ] [Controller] Greeting2... 
[2025-06-11 17:56:19.474.331] [INFO  ] [Controller] Greeting2... 
[2025-06-11 17:56:19.497.339] [INFO  ] [Controller] [Joints] FL: +49.291, +38.898, +45.827 ,FR: +49.291, +37.165, +45.827, HL: 49.291, +38.898, +59.685, HR: +56.220, +40.630, +63.150 Max HR-Knee = +63.150 Min FR-HipY = +37.165 
[2025-06-11 17:56:19.574.332] [INFO  ] [Controller] Greeting2... 
[2025-06-11 17:56:19.674.330] [INFO  ] [Controller] Greeting2... 
[2025-06-11 17:56:19.684.326] [INFO  ] [BasicMotion] waving_cnt: 2 
[2025-06-11 17:56:19.774.330] [INFO  ] [Controller] Greeting2... 
[2025-06-11 17:56:19.875.332] [INFO  ] [Controller] Greeting2... 
[2025-06-11 17:56:19.975.333] [INFO  ] [Controller] Greeting2... 
[2025-06-11 17:56:20.075.333] [INFO  ] [Controller] Greeting2... 
[2025-06-11 17:56:20.175.332] [INFO  ] [Controller] Greeting2... 
[2025-06-11 17:56:20.184.326] [INFO  ] [BasicMotion] waving_cnt: 3 
[2025-06-11 17:56:20.275.332] [INFO  ] [Controller] Greeting2... 
[2025-06-11 17:56:20.375.333] [INFO  ] [Controller] Greeting2... 
[2025-06-11 17:56:20.475.332] [INFO  ] [Controller] Greeting2... 
[2025-06-11 17:56:20.576.332] [INFO  ] [Controller] Greeting2... 
[2025-06-11 17:56:20.676.330] [INFO  ] [Controller] Greeting2... 
[2025-06-11 17:56:20.685.326] [INFO  ] [BasicMotion] waving_cnt: 4 
[2025-06-11 17:56:20.776.330] [INFO  ] [Controller] Greeting2... 
[2025-06-11 17:56:20.876.332] [INFO  ] [Controller] Greeting2... 
[2025-06-11 17:56:20.976.332] [INFO  ] [Controller] Greeting2... 
[2025-06-11 17:56:21.076.333] [INFO  ] [Controller] Greeting2... 
[2025-06-11 17:56:21.176.331] [INFO  ] [Controller] Greeting2... 
[2025-06-11 17:56:21.186.325] [INFO  ] [BasicMotion] waving_cnt: 5 
[2025-06-11 17:56:21.276.332] [INFO  ] [Controller] Greeting2... 
[2025-06-11 17:56:21.377.333] [INFO  ] [Controller] Greeting2... 
[2025-06-11 17:56:21.477.334] [INFO  ] [Controller] Greeting2... 
[2025-06-11 17:56:21.577.332] [INFO  ] [Controller] Greeting2... 
[2025-06-11 17:56:21.677.333] [INFO  ] [Controller] Greeting2... 
[2025-06-11 17:56:21.687.328] [INFO  ] [BasicMotion] waving_cnt: 6 
[2025-06-11 17:56:21.777.332] [INFO  ] [Controller] Greeting2... 
[2025-06-11 17:56:21.877.332] [INFO  ] [Controller] Greeting2... 
[2025-06-11 17:56:21.977.336] [INFO  ] [Controller] Greeting2... 
[2025-06-11 17:56:21.997.337] [INFO  ] [Controller] [Joints] FL: +49.291, +38.898, +47.559 ,FR: +49.291, +38.898, +45.827, HL: 49.291, +38.898, +59.685, HR: +56.220, +40.630, +63.150 Max HR-Knee = +63.150 Min FL-HipY = +38.898 
[2025-06-11 17:56:22.077.332] [INFO  ] [Controller] Greeting2... 
[2025-06-11 17:56:22.120.646] [INFO  ] [Battery] SoC = 58%, Volt = +29.800V, Temp 30 
[2025-06-11 17:56:22.177.331] [INFO  ] [Controller] Greeting2... 
[2025-06-11 17:56:22.188.326] [INFO  ] [BasicMotion] waving_cnt: 7 
[2025-06-11 17:56:22.278.333] [INFO  ] [Controller] Greeting2... 
[2025-06-11 17:56:22.378.331] [INFO  ] [Controller] Greeting2... 
[2025-06-11 17:56:22.478.337] [INFO  ] [Controller] Greeting2... 
[2025-06-11 17:56:22.578.330] [INFO  ] [Controller] Greeting2... 
[2025-06-11 17:56:22.678.332] [INFO  ] [Controller] Greeting2... 
[2025-06-11 17:56:22.688.331] [INFO  ] [BasicMotion] waving_cnt: 8 
[2025-06-11 17:56:22.778.336] [INFO  ] [Controller] Greeting2... 
[2025-06-11 17:56:22.878.333] [INFO  ] [Controller] Greeting2... 
[2025-06-11 17:56:22.979.334] [INFO  ] [Controller] Greeting2... 
[2025-06-11 17:56:23.079.330] [INFO  ] [Controller] Greeting2... 
[2025-06-11 17:56:23.179.331] [INFO  ] [Controller] Greeting2... 
[2025-06-11 17:56:23.189.326] [INFO  ] [BasicMotion] waving_cnt: 9 
[2025-06-11 17:56:23.279.329] [INFO  ] [Controller] Greeting2... 
[2025-06-11 17:56:23.379.329] [INFO  ] [Controller] Greeting2... 
[2025-06-11 17:56:23.479.333] [INFO  ] [Controller] Greeting2... 
[2025-06-11 17:56:23.579.333] [INFO  ] [Controller] Greeting2... 
[2025-06-11 17:56:23.679.332] [INFO  ] [Controller] Greeting2... 
[2025-06-11 17:56:23.780.332] [INFO  ] [Controller] KeepRun ... 
[2025-06-11 17:56:23.880.333] [INFO  ] [Controller] KeepRun ... 
[2025-06-11 17:56:23.981.333] [INFO  ] [Controller] KeepRun ... 
[2025-06-11 17:56:24.081.332] [INFO  ] [Controller] KeepRun ... 
[2025-06-11 17:56:24.181.334] [INFO  ] [Controller] KeepRun ... 
[2025-06-11 17:56:24.281.331] [INFO  ] [Controller] KeepRun ... 
[2025-06-11 17:56:24.381.330] [INFO  ] [Controller] KeepRun ... 
[2025-06-11 17:56:24.481.333] [INFO  ] [Controller] KeepRun ... 
[2025-06-11 17:56:24.497.353] [INFO  ] [Controller] [Joints] FL: +49.291, +38.898, +47.559 ,FR: +49.291, +38.898, +45.827, HL: 49.291, +38.898, +57.953, HR: +56.220, +40.630, +63.150 Max HR-Knee = +63.150 Min FL-HipY = +38.898 
[2025-06-11 17:56:24.581.333] [INFO  ] [Controller] KeepRun ... 
[2025-06-11 17:56:24.681.330] [INFO  ] [Controller] KeepRun ... 
[2025-06-11 17:56:25.192.342] [INFO  ] [BasicMotion] Stand up action has finished, waitting to switch to force control mode! 
[2025-06-11 17:56:25.192.389] [INFO  ] [BasicMotion] Switching to force control mode, please wait... 
[2025-06-11 17:56:25.994.370] [INFO  ] [TVMPC] JY is Moving... (tvmpc),  time: 1984.803325 
[2025-06-11 17:56:26.997.350] [INFO  ] [Controller] [Joints] FL: +49.291, +38.898, +45.827 ,FR: +49.291, +38.898, +45.827, HL: 49.291, +38.898, +57.953, HR: +56.220, +40.630, +63.150 Max HR-Knee = +63.150 Min FL-HipY = +38.898 
[2025-06-11 17:56:27.107.487] [INFO  ] [Battery] SoC = 58%, Volt = +29.700V, Temp 30 
[2025-06-11 17:56:29.497.351] [INFO  ] [Controller] [Joints] FL: +49.291, +38.898, +47.559 ,FR: +49.291, +38.898, +45.827, HL: 49.291, +38.898, +57.953, HR: +56.220, +40.630, +63.150 Max HR-Knee = +63.150 Min FL-HipY = +38.898 
[2025-06-11 17:56:31.997.346] [INFO  ] [Controller] [Joints] FL: +49.291, +40.630, +47.559 ,FR: +49.291, +38.898, +45.827, HL: 49.291, +38.898, +57.953, HR: +56.220, +40.630, +63.150 Max HR-Knee = +63.150 Min FR-HipY = +38.898 
[2025-06-11 17:56:32.094.716] [INFO  ] [Battery] SoC = 57%, Volt = +29.700V, Temp 30 
[2025-06-11 17:56:34.497.355] [INFO  ] [Controller] [Joints] FL: +49.291, +40.630, +47.559 ,FR: +47.559, +38.898, +45.827, HL: 49.291, +38.898, +57.953, HR: +56.220, +40.630, +61.417 Max HR-Knee = +61.417 Min FR-HipY = +38.898 
[2025-06-11 17:56:36.997.347] [INFO  ] [Controller] [Joints] FL: +49.291, +40.630, +47.559 ,FR: +47.559, +38.898, +45.827, HL: 49.291, +38.898, +57.953, HR: +56.220, +40.630, +61.417 Max HR-Knee = +61.417 Min FR-HipY = +38.898 
[2025-06-11 17:56:37.081.254] [INFO  ] [Battery] SoC = 57%, Volt = +29.500V, Temp 30 
[2025-06-11 17:56:39.497.506] [INFO  ] [Controller] [Joints] FL: +49.291, +38.898, +47.559 ,FR: +47.559, +38.898, +47.559, HL: 49.291, +38.898, +56.220, HR: +56.220, +40.630, +61.417 Max HR-Knee = +61.417 Min FL-HipY = +38.898 
[2025-06-11 17:56:40.401.332] [INFO  ] [Controller] AutoStop ... 
[2025-06-11 17:56:40.844.760] [INFO  ] [TVMPC] [trot]STOP!!! 
[2025-06-11 17:56:40.845.328] [INFO  ] [BasicMotion] Switching to force control mode, please wait... 
[2025-06-11 17:56:41.997.350] [INFO  ] [Controller] [Joints] FL: +49.291, +38.898, +47.559 ,FR: +47.559, +38.898, +47.559, HL: 51.024, +38.898, +56.220, HR: +56.220, +40.630, +61.417 Max HR-Knee = +61.417 Min FL-HipY = +38.898 
[2025-06-11 17:56:42.068.188] [INFO  ] [Battery] SoC = 57%, Volt = +29.700V, Temp 30 
[2025-06-11 17:56:44.497.350] [INFO  ] [Controller] [Joints] FL: +49.291, +38.898, +47.559 ,FR: +47.559, +38.898, +47.559, HL: 51.024, +38.898, +56.220, HR: +56.220, +40.630, +61.417 Max HR-Knee = +61.417 Min FL-HipY = +38.898 
[2025-06-11 17:56:46.997.352] [INFO  ] [Controller] [Joints] FL: +47.559, +38.898, +47.559 ,FR: +47.559, +38.898, +47.559, HL: 51.024, +38.898, +56.220, HR: +56.220, +40.630, +61.417 Max HR-Knee = +61.417 Min FL-HipY = +38.898 
[2025-06-11 17:56:47.055.006] [INFO  ] [Battery] SoC = 57%, Volt = +29.700V, Temp 30 
[2025-06-11 17:56:49.497.353] [INFO  ] [Controller] [Joints] FL: +47.559, +38.898, +47.559 ,FR: +47.559, +38.898, +47.559, HL: 49.291, +38.898, +56.220, HR: +56.220, +40.630, +61.417 Max HR-Knee = +61.417 Min FL-HipY = +38.898 
[2025-06-11 17:56:51.997.350] [INFO  ] [Controller] [Joints] FL: +47.559, +38.898, +45.827 ,FR: +47.559, +38.898, +47.559, HL: 49.291, +38.898, +56.220, HR: +56.220, +40.630, +61.417 Max HR-Knee = +61.417 Min FL-HipY = +38.898 
[2025-06-11 17:56:52.041.750] [INFO  ] [Battery] SoC = 57%, Volt = +29.700V, Temp 30 
[2025-06-11 17:56:54.497.350] [INFO  ] [Controller] [Joints] FL: +47.559, +38.898, +45.827 ,FR: +47.559, +37.165, +47.559, HL: 49.291, +38.898, +54.488, HR: +56.220, +40.630, +61.417 Max HR-Knee = +61.417 Min FR-HipY = +37.165 
[2025-06-11 17:56:56.997.350] [INFO  ] [Controller] [Joints] FL: +47.559, +38.898, +45.827 ,FR: +47.559, +37.165, +47.559, HL: 49.291, +38.898, +54.488, HR: +54.488, +40.630, +59.685 Max HR-Knee = +59.685 Min FR-HipY = +37.165 
[2025-06-11 17:56:57.028.536] [INFO  ] [Battery] SoC = 57%, Volt = +29.700V, Temp 30 
[2025-06-11 17:56:59.497.347] [INFO  ] [Controller] [Joints] FL: +47.559, +38.898, +45.827 ,FR: +47.559, +37.165, +45.827, HL: 49.291, +38.898, +54.488, HR: +54.488, +40.630, +59.685 Max HR-Knee = +59.685 Min FR-HipY = +37.165 
[2025-06-11 17:57:01.997.353] [INFO  ] [Controller] [Joints] FL: +45.827, +38.898, +45.827 ,FR: +47.559, +37.165, +45.827, HL: 49.291, +38.898, +54.488, HR: +54.488, +40.630, +59.685 Max HR-Knee = +59.685 Min FR-HipY = +37.165 
[2025-06-11 17:57:02.015.402] [INFO  ] [Battery] SoC = 57%, Volt = +29.700V, Temp 30 
[2025-06-11 17:57:04.497.351] [INFO  ] [Controller] [Joints] FL: +45.827, +38.898, +45.827 ,FR: +47.559, +37.165, +45.827, HL: 49.291, +38.898, +54.488, HR: +54.488, +40.630, +59.685 Max HR-Knee = +59.685 Min FR-HipY = +37.165 
[2025-06-11 17:57:06.997.351] [INFO  ] [Controller] [Joints] FL: +45.827, +38.898, +45.827 ,FR: +47.559, +37.165, +45.827, HL: 47.559, +38.898, +54.488, HR: +54.488, +40.630, +59.685 Max HR-Knee = +59.685 Min FR-HipY = +37.165 
[2025-06-11 17:57:07.002.382] [INFO  ] [Battery] SoC = 57%, Volt = +29.700V, Temp 30 
[2025-06-11 17:57:09.497.351] [INFO  ] [Controller] [Joints] FL: +45.827, +38.898, +45.827 ,FR: +47.559, +37.165, +45.827, HL: 47.559, +38.898, +54.488, HR: +52.756, +40.630, +57.953 Max HR-Knee = +57.953 Min FR-HipY = +37.165 
[2025-06-11 17:57:11.989.379] [INFO  ] [Battery] SoC = 57%, Volt = +29.700V, Temp 30 
[2025-06-11 17:57:11.997.334] [INFO  ] [Controller] [Joints] FL: +45.827, +38.898, +44.094 ,FR: +47.559, +37.165, +45.827, HL: 47.559, +38.898, +54.488, HR: +52.756, +40.630, +57.953 Max HR-Knee = +57.953 Min FR-HipY = +37.165 
[2025-06-11 17:57:12.686.384] [INFO  ] [Controller] stand_cmd.... 
[2025-06-11 17:57:12.686.438] [INFO  ] [BasicMotion] Standing down, please wait... 
[2025-06-11 17:57:14.497.354] [INFO  ] [Controller] [Joints] FL: +45.827, +38.898, +44.094 ,FR: +47.559, +37.165, +45.827, HL: 47.559, +38.898, +54.488, HR: +52.756, +40.630, +57.953 Max HR-Knee = +57.953 Min FR-HipY = +37.165 
[2025-06-11 17:57:15.187.336] [INFO  ] [BasicMotion] Stand down action has finished, waitting to stand up again!!! 
[2025-06-11 17:57:16.976.359] [INFO  ] [Battery] SoC = 57%, Volt = +29.800V, Temp 30 
[2025-06-11 17:57:16.997.341] [INFO  ] [Controller] [Joints] FL: +45.827, +38.898, +44.094 ,FR: +47.559, +37.165, +45.827, HL: 47.559, +38.898, +52.756, HR: +52.756, +40.630, +57.953 Max HR-Knee = +57.953 Min FR-HipY = +37.165 
[2025-06-11 17:57:19.497.352] [INFO  ] [Controller] [Joints] FL: +45.827, +38.898, +44.094 ,FR: +47.559, +37.165, +45.827, HL: 47.559, +38.898, +52.756, HR: +52.756, +40.630, +57.953 Max HR-Knee = +57.953 Min FR-HipY = +37.165 
[2025-06-11 17:57:21.963.397] [INFO  ] [Battery] SoC = 57%, Volt = +29.800V, Temp 30 
[2025-06-11 17:57:21.997.350] [INFO  ] [Controller] [Joints] FL: +44.094, +38.898, +44.094 ,FR: +47.559, +37.165, +44.094, HL: 47.559, +38.898, +52.756, HR: +52.756, +40.630, +56.220 Max HR-Knee = +56.220 Min FR-HipY = +37.165 
[2025-06-11 17:57:24.497.353] [INFO  ] [Controller] [Joints] FL: +44.094, +38.898, +44.094 ,FR: +47.559, +37.165, +44.094, HL: 47.559, +38.898, +52.756, HR: +52.756, +40.630, +56.220 Max HR-Knee = +56.220 Min FR-HipY = +37.165 
[2025-06-11 17:57:26.950.484] [INFO  ] [Battery] SoC = 57%, Volt = +29.800V, Temp 30 
[2025-06-11 17:57:26.997.347] [INFO  ] [Controller] [Joints] FL: +44.094, +38.898, +44.094 ,FR: +45.827, +37.165, +44.094, HL: 47.559, +38.898, +52.756, HR: +52.756, +40.630, +56.220 Max HR-Knee = +56.220 Min FR-HipY = +37.165 
[2025-06-11 17:57:29.497.352] [INFO  ] [Controller] [Joints] FL: +44.094, +38.898, +42.362 ,FR: +45.827, +37.165, +44.094, HL: 47.559, +38.898, +51.024, HR: +51.024, +40.630, +54.488 Max HR-Knee = +54.488 Min FR-HipY = +37.165 
[2025-06-11 17:57:31.937.593] [INFO  ] [Battery] SoC = 57%, Volt = +29.800V, Temp 30 
[2025-06-11 17:57:31.997.353] [INFO  ] [Controller] [Joints] FL: +44.094, +38.898, +42.362 ,FR: +45.827, +37.165, +44.094, HL: 47.559, +38.898, +51.024, HR: +51.024, +40.630, +54.488 Max HR-Knee = +54.488 Min FR-HipY = +37.165 
[2025-06-11 17:57:34.497.354] [INFO  ] [Controller] [Joints] FL: +44.094, +38.898, +42.362 ,FR: +45.827, +37.165, +42.362, HL: 47.559, +38.898, +51.024, HR: +51.024, +40.630, +54.488 Max HR-Knee = +54.488 Min FR-HipY = +37.165 
[2025-06-11 17:57:36.924.729] [INFO  ] [Battery] SoC = 57%, Volt = +29.800V, Temp 30 
[2025-06-11 17:57:36.997.352] [INFO  ] [Controller] [Joints] FL: +44.094, +38.898, +42.362 ,FR: +45.827, +37.165, +42.362, HL: 47.559, +38.898, +51.024, HR: +51.024, +40.630, +54.488 Max HR-Knee = +54.488 Min FR-HipY = +37.165 
[2025-06-11 17:57:39.497.353] [INFO  ] [Controller] [Joints] FL: +44.094, +38.898, +42.362 ,FR: +45.827, +37.165, +42.362, HL: 47.559, +38.898, +51.024, HR: +51.024, +40.630, +52.756 Max HR-Knee = +52.756 Min FR-HipY = +37.165 
[2025-06-11 17:57:41.911.853] [INFO  ] [Battery] SoC = 57%, Volt = +29.800V, Temp 30 
[2025-06-11 17:57:41.997.348] [INFO  ] [Controller] [Joints] FL: +44.094, +38.898, +42.362 ,FR: +45.827, +37.165, +42.362, HL: 47.559, +38.898, +51.024, HR: +51.024, +38.898, +52.756 Max HR-Knee = +52.756 Min FR-HipY = +37.165 
[2025-06-11 17:57:44.497.341] [INFO  ] [Controller] [Joints] FL: +44.094, +38.898, +42.362 ,FR: +45.827, +37.165, +42.362, HL: 45.827, +38.898, +49.291, HR: +51.024, +38.898, +52.756 Max HR-Knee = +52.756 Min FR-HipY = +37.165 
[2025-06-11 17:57:46.898.941] [INFO  ] [Battery] SoC = 57%, Volt = +29.800V, Temp 30 
[2025-06-11 17:57:46.997.352] [INFO  ] [Controller] [Joints] FL: +44.094, +38.898, +42.362 ,FR: +45.827, +37.165, +42.362, HL: 45.827, +38.898, +49.291, HR: +51.024, +38.898, +52.756 Max HR-Knee = +52.756 Min FR-HipY = +37.165 
[2025-06-11 17:57:49.497.350] [INFO  ] [Controller] [Joints] FL: +44.094, +37.165, +40.630 ,FR: +45.827, +37.165, +40.630, HL: 45.827, +38.898, +49.291, HR: +51.024, +38.898, +52.756 Max HR-Knee = +52.756 Min FL-HipY = +37.165 
[2025-06-11 17:57:51.288.333] [INFO  ] [Controller] stand_cmd.... 
[2025-06-11 17:57:51.288.371] [INFO  ] [BasicMotion] Standing up, please wait... 
[2025-06-11 17:57:51.886.030] [INFO  ] [Battery] SoC = 57%, Volt = +29.500V, Temp 30 
[2025-06-11 17:57:51.997.350] [INFO  ] [Controller] [Joints] FL: +44.094, +37.165, +40.630 ,FR: +44.094, +37.165, +40.630, HL: 45.827, +38.898, +49.291, HR: +51.024, +38.898, +51.024 Max HR-HipX = +51.024 Min FL-HipY = +37.165 
[2025-06-11 17:57:53.289.340] [INFO  ] [BasicMotion] Stand up action has finished, waitting to switch to force control mode! 
[2025-06-11 17:57:53.289.375] [INFO  ] [BasicMotion] Switching to force control mode, please wait... 
[2025-06-11 17:57:53.825.335] [INFO  ] [Controller] stand_cmd.... 
[2025-06-11 17:57:54.090.363] [INFO  ] [BasicMotion] Standing down, please wait... 
[2025-06-11 17:57:54.497.350] [INFO  ] [Controller] [Joints] FL: +44.094, +37.165, +40.630 ,FR: +44.094, +37.165, +40.630, HL: 45.827, +38.898, +49.291, HR: +51.024, +38.898, +51.024 Max HR-HipX = +51.024 Min FL-HipY = +37.165 
[2025-06-11 17:57:56.591.339] [INFO  ] [BasicMotion] Stand down action has finished, waitting to stand up again!!! 
[2025-06-11 17:57:56.873.093] [INFO  ] [Battery] SoC = 56%, Volt = +29.800V, Temp 30 
[2025-06-11 17:57:56.997.352] [INFO  ] [Controller] [Joints] FL: +44.094, +37.165, +40.630 ,FR: +45.827, +37.165, +40.630, HL: 47.559, +38.898, +49.291, HR: +51.024, +38.898, +52.756 Max HR-Knee = +52.756 Min FL-HipY = +37.165 
[2025-06-11 17:57:59.497.352] [INFO  ] [Controller] [Joints] FL: +44.094, +37.165, +40.630 ,FR: +45.827, +37.165, +40.630, HL: 47.559, +38.898, +49.291, HR: +51.024, +40.630, +52.756 Max HR-Knee = +52.756 Min FL-HipY = +37.165 
[2025-06-11 17:58:01.860.141] [INFO  ] [Battery] SoC = 56%, Volt = +29.800V, Temp 30 
[2025-06-11 17:58:01.997.353] [INFO  ] [Controller] [Joints] FL: +44.094, +37.165, +40.630 ,FR: +45.827, +37.165, +40.630, HL: 47.559, +38.898, +49.291, HR: +51.024, +40.630, +52.756 Max HR-Knee = +52.756 Min FL-HipY = +37.165 
[2025-06-11 17:58:04.497.352] [INFO  ] [Controller] [Joints] FL: +44.094, +37.165, +40.630 ,FR: +44.094, +37.165, +40.630, HL: 47.559, +38.898, +49.291, HR: +51.024, +40.630, +51.024 Max HR-HipX = +51.024 Min FL-HipY = +37.165 
[2025-06-11 17:58:06.847.223] [INFO  ] [Battery] SoC = 56%, Volt = +29.800V, Temp 30 
[2025-06-11 17:58:06.997.353] [INFO  ] [Controller] [Joints] FL: +44.094, +37.165, +40.630 ,FR: +44.094, +37.165, +40.630, HL: 47.559, +38.898, +49.291, HR: +51.024, +40.630, +51.024 Max HR-HipX = +51.024 Min FL-HipY = +37.165 
[2025-06-11 17:58:09.497.351] [INFO  ] [Controller] [Joints] FL: +44.094, +37.165, +40.630 ,FR: +44.094, +37.165, +40.630, HL: 47.559, +38.898, +49.291, HR: +51.024, +38.898, +51.024 Max HR-HipX = +51.024 Min FL-HipY = +37.165 
[2025-06-11 17:58:11.834.117] [INFO  ] [Battery] SoC = 56%, Volt = +29.800V, Temp 30 
[2025-06-11 17:58:11.997.343] [INFO  ] [Controller] [Joints] FL: +44.094, +37.165, +40.630 ,FR: +44.094, +37.165, +40.630, HL: 47.559, +38.898, +49.291, HR: +51.024, +38.898, +51.024 Max HR-HipX = +51.024 Min FL-HipY = +37.165 
[2025-06-11 17:58:14.497.352] [INFO  ] [Controller] [Joints] FL: +44.094, +37.165, +40.630 ,FR: +44.094, +37.165, +40.630, HL: 47.559, +38.898, +49.291, HR: +51.024, +38.898, +51.024 Max HR-HipX = +51.024 Min FL-HipY = +37.165 
[2025-06-11 17:58:16.821.126] [INFO  ] [Battery] SoC = 56%, Volt = +29.800V, Temp 30 
[2025-06-11 17:58:16.997.351] [INFO  ] [Controller] [Joints] FL: +42.362, +37.165, +40.630 ,FR: +44.094, +37.165, +40.630, HL: 47.559, +38.898, +49.291, HR: +51.024, +38.898, +51.024 Max HR-HipX = +51.024 Min FL-HipY = +37.165 
[2025-06-11 17:58:19.497.352] [INFO  ] [Controller] [Joints] FL: +42.362, +37.165, +40.630 ,FR: +44.094, +37.165, +38.898, HL: 47.559, +38.898, +47.559, HR: +51.024, +38.898, +49.291 Max HR-HipX = +51.024 Min FL-HipY = +37.165 
[2025-06-11 17:58:21.808.184] [INFO  ] [Battery] SoC = 56%, Volt = +29.800V, Temp 30 
[2025-06-11 17:58:21.997.357] [INFO  ] [Controller] [Joints] FL: +42.362, +37.165, +40.630 ,FR: +44.094, +37.165, +38.898, HL: 45.827, +38.898, +47.559, HR: +49.291, +38.898, +49.291 Max HR-HipX = +49.291 Min FL-HipY = +37.165 
[2025-06-11 17:58:24.497.347] [INFO  ] [Controller] [Joints] FL: +42.362, +37.165, +40.630 ,FR: +44.094, +37.165, +38.898, HL: 45.827, +38.898, +47.559, HR: +49.291, +38.898, +49.291 Max HR-HipX = +49.291 Min FL-HipY = +37.165 
[2025-06-11 17:58:26.795.166] [INFO  ] [Battery] SoC = 56%, Volt = +29.800V, Temp 30 
[2025-06-11 17:58:26.997.350] [INFO  ] [Controller] [Joints] FL: +42.362, +37.165, +40.630 ,FR: +44.094, +37.165, +38.898, HL: 45.827, +38.898, +47.559, HR: +49.291, +38.898, +49.291 Max HR-HipX = +49.291 Min FL-HipY = +37.165 
[2025-06-11 17:58:29.497.350] [INFO  ] [Controller] [Joints] FL: +42.362, +37.165, +40.630 ,FR: +44.094, +37.165, +38.898, HL: 45.827, +38.898, +47.559, HR: +49.291, +38.898, +49.291 Max HR-HipX = +49.291 Min FL-HipY = +37.165 
[2025-06-11 17:58:31.782.136] [INFO  ] [Battery] SoC = 56%, Volt = +29.800V, Temp 30 
[2025-06-11 17:58:31.997.353] [INFO  ] [Controller] [Joints] FL: +42.362, +37.165, +40.630 ,FR: +44.094, +37.165, +38.898, HL: 45.827, +38.898, +47.559, HR: +49.291, +38.898, +49.291 Max HR-HipX = +49.291 Min FL-HipY = +37.165 
[2025-06-11 17:58:34.497.351] [INFO  ] [Controller] [Joints] FL: +42.362, +37.165, +38.898 ,FR: +44.094, +37.165, +38.898, HL: 45.827, +38.898, +47.559, HR: +49.291, +38.898, +49.291 Max HR-HipX = +49.291 Min FL-HipY = +37.165 
[2025-06-11 17:58:36.769.148] [INFO  ] [Battery] SoC = 56%, Volt = +29.800V, Temp 30 
[2025-06-11 17:58:36.997.352] [INFO  ] [Controller] [Joints] FL: +42.362, +37.165, +38.898 ,FR: +44.094, +37.165, +38.898, HL: 45.827, +38.898, +47.559, HR: +49.291, +38.898, +49.291 Max HR-HipX = +49.291 Min FL-HipY = +37.165 
[2025-06-11 17:58:39.497.350] [INFO  ] [Controller] [Joints] FL: +42.362, +37.165, +38.898 ,FR: +44.094, +37.165, +38.898, HL: 45.827, +38.898, +47.559, HR: +49.291, +38.898, +47.559 Max HR-HipX = +49.291 Min FL-HipY = +37.165 
[2025-06-11 17:58:41.756.072] [INFO  ] [Battery] SoC = 56%, Volt = +29.800V, Temp 30 
[2025-06-11 17:58:41.997.350] [INFO  ] [Controller] [Joints] FL: +42.362, +37.165, +38.898 ,FR: +44.094, +37.165, +38.898, HL: 45.827, +38.898, +47.559, HR: +49.291, +38.898, +47.559 Max HR-HipX = +49.291 Min FL-HipY = +37.165 
[2025-06-11 17:58:44.497.352] [INFO  ] [Controller] [Joints] FL: +42.362, +37.165, +38.898 ,FR: +44.094, +37.165, +38.898, HL: 45.827, +38.898, +45.827, HR: +49.291, +38.898, +47.559 Max HR-HipX = +49.291 Min FL-HipY = +37.165 
[2025-06-11 17:58:46.743.041] [INFO  ] [Battery] SoC = 56%, Volt = +29.800V, Temp 30 
[2025-06-11 17:58:46.997.353] [INFO  ] [Controller] [Joints] FL: +42.362, +37.165, +38.898 ,FR: +44.094, +37.165, +38.898, HL: 45.827, +38.898, +45.827, HR: +49.291, +38.898, +47.559 Max HR-HipX = +49.291 Min FL-HipY = +37.165 
[2025-06-11 17:58:49.497.351] [INFO  ] [Controller] [Joints] FL: +42.362, +37.165, +38.898 ,FR: +44.094, +37.165, +38.898, HL: 45.827, +38.898, +45.827, HR: +49.291, +38.898, +47.559 Max HR-HipX = +49.291 Min FL-HipY = +37.165 
[2025-06-11 17:58:51.729.981] [INFO  ] [Battery] SoC = 56%, Volt = +29.800V, Temp 30 
[2025-06-11 17:58:51.997.351] [INFO  ] [Controller] [Joints] FL: +42.362, +37.165, +38.898 ,FR: +44.094, +37.165, +38.898, HL: 45.827, +38.898, +45.827, HR: +49.291, +38.898, +47.559 Max HR-HipX = +49.291 Min FL-HipY = +37.165 
[2025-06-11 17:58:54.497.351] [INFO  ] [Controller] [Joints] FL: +42.362, +37.165, +38.898 ,FR: +42.362, +37.165, +38.898, HL: 45.827, +38.898, +45.827, HR: +49.291, +38.898, +47.559 Max HR-HipX = +49.291 Min FL-HipY = +37.165 
[2025-06-11 17:58:56.716.871] [INFO  ] [Battery] SoC = 56%, Volt = +29.800V, Temp 30 
[2025-06-11 17:58:56.997.354] [INFO  ] [Controller] [Joints] FL: +42.362, +37.165, +38.898 ,FR: +42.362, +37.165, +38.898, HL: 45.827, +38.898, +45.827, HR: +49.291, +38.898, +47.559 Max HR-HipX = +49.291 Min FL-HipY = +37.165 
[2025-06-11 17:58:59.497.352] [INFO  ] [Controller] [Joints] FL: +42.362, +37.165, +38.898 ,FR: +42.362, +37.165, +38.898, HL: 45.827, +38.898, +45.827, HR: +49.291, +38.898, +47.559 Max HR-HipX = +49.291 Min FL-HipY = +37.165 
[2025-06-11 17:59:01.703.738] [INFO  ] [Battery] SoC = 56%, Volt = +29.700V, Temp 30 
[2025-06-11 17:59:01.997.352] [INFO  ] [Controller] [Joints] FL: +42.362, +37.165, +38.898 ,FR: +42.362, +37.165, +38.898, HL: 45.827, +38.898, +45.827, HR: +49.291, +38.898, +47.559 Max HR-HipX = +49.291 Min FL-HipY = +37.165 
[2025-06-11 17:59:04.497.352] [INFO  ] [Controller] [Joints] FL: +42.362, +37.165, +38.898 ,FR: +42.362, +37.165, +38.898, HL: 45.827, +38.898, +45.827, HR: +47.559, +38.898, +47.559 Max HR-HipX = +47.559 Min FL-HipY = +37.165 
[2025-06-11 17:59:06.690.654] [INFO  ] [Battery] SoC = 56%, Volt = +29.700V, Temp 30 
[2025-06-11 17:59:06.997.353] [INFO  ] [Controller] [Joints] FL: +42.362, +37.165, +38.898 ,FR: +42.362, +37.165, +38.898, HL: 45.827, +38.898, +45.827, HR: +47.559, +38.898, +47.559 Max HR-HipX = +47.559 Min FL-HipY = +37.165 
[2025-06-11 17:59:09.497.351] [INFO  ] [Controller] [Joints] FL: +42.362, +37.165, +38.898 ,FR: +42.362, +37.165, +37.165, HL: 44.094, +38.898, +45.827, HR: +47.559, +38.898, +45.827 Max HR-HipX = +47.559 Min FL-HipY = +37.165 
[2025-06-11 17:59:11.677.568] [INFO  ] [Battery] SoC = 56%, Volt = +29.700V, Temp 30 
[2025-06-11 17:59:11.997.353] [INFO  ] [Controller] [Joints] FL: +42.362, +37.165, +38.898 ,FR: +42.362, +37.165, +37.165, HL: 44.094, +38.898, +45.827, HR: +47.559, +38.898, +45.827 Max HR-HipX = +47.559 Min FL-HipY = +37.165 
[2025-06-11 17:59:14.497.356] [INFO  ] [Controller] [Joints] FL: +42.362, +37.165, +38.898 ,FR: +42.362, +37.165, +37.165, HL: 44.094, +38.898, +45.827, HR: +47.559, +38.898, +45.827 Max HR-HipX = +47.559 Min FL-HipY = +37.165 
[2025-06-11 17:59:16.664.527] [INFO  ] [Battery] SoC = 56%, Volt = +29.700V, Temp 30 
[2025-06-11 17:59:16.997.353] [INFO  ] [Controller] [Joints] FL: +42.362, +37.165, +38.898 ,FR: +42.362, +37.165, +37.165, HL: 44.094, +38.898, +45.827, HR: +47.559, +38.898, +45.827 Max HR-HipX = +47.559 Min FL-HipY = +37.165 
[2025-06-11 17:59:19.497.351] [INFO  ] [Controller] [Joints] FL: +42.362, +37.165, +38.898 ,FR: +42.362, +37.165, +37.165, HL: 44.094, +38.898, +45.827, HR: +47.559, +38.898, +45.827 Max HR-HipX = +47.559 Min FL-HipY = +37.165 
[2025-06-11 17:59:21.651.354] [INFO  ] [Battery] SoC = 56%, Volt = +29.700V, Temp 30 
[2025-06-11 17:59:21.997.350] [INFO  ] [Controller] [Joints] FL: +42.362, +37.165, +38.898 ,FR: +42.362, +37.165, +37.165, HL: 44.094, +38.898, +45.827, HR: +47.559, +38.898, +45.827 Max HR-HipX = +47.559 Min FL-HipY = +37.165 
[2025-06-11 17:59:24.497.353] [INFO  ] [Controller] [Joints] FL: +42.362, +37.165, +38.898 ,FR: +42.362, +37.165, +37.165, HL: 44.094, +38.898, +44.094, HR: +47.559, +38.898, +45.827 Max HR-HipX = +47.559 Min FL-HipY = +37.165 
[2025-06-11 17:59:26.638.155] [INFO  ] [Battery] SoC = 56%, Volt = +29.700V, Temp 30 
[2025-06-11 17:59:26.997.354] [INFO  ] [Controller] [Joints] FL: +42.362, +37.165, +38.898 ,FR: +42.362, +37.165, +37.165, HL: 44.094, +38.898, +44.094, HR: +47.559, +38.898, +45.827 Max HR-HipX = +47.559 Min FL-HipY = +37.165 
[2025-06-11 17:59:29.497.355] [INFO  ] [Controller] [Joints] FL: +42.362, +37.165, +38.898 ,FR: +42.362, +37.165, +37.165, HL: 44.094, +38.898, +44.094, HR: +47.559, +38.898, +45.827 Max HR-HipX = +47.559 Min FL-HipY = +37.165 
[2025-06-11 17:59:31.625.006] [INFO  ] [Battery] SoC = 56%, Volt = +29.700V, Temp 30 
[2025-06-11 17:59:31.997.352] [INFO  ] [Controller] [Joints] FL: +42.362, +37.165, +38.898 ,FR: +42.362, +37.165, +37.165, HL: 44.094, +38.898, +44.094, HR: +47.559, +38.898, +45.827 Max HR-HipX = +47.559 Min FL-HipY = +37.165 
[2025-06-11 17:59:34.497.351] [INFO  ] [Controller] [Joints] FL: +42.362, +37.165, +38.898 ,FR: +42.362, +37.165, +37.165, HL: 44.094, +38.898, +44.094, HR: +47.559, +38.898, +45.827 Max HR-HipX = +47.559 Min FL-HipY = +37.165 
[2025-06-11 17:59:36.611.954] [INFO  ] [Battery] SoC = 56%, Volt = +29.700V, Temp 30 
[2025-06-11 17:59:36.997.351] [INFO  ] [Controller] [Joints] FL: +42.362, +37.165, +38.898 ,FR: +42.362, +37.165, +37.165, HL: 44.094, +38.898, +44.094, HR: +47.559, +38.898, +45.827 Max HR-HipX = +47.559 Min FL-HipY = +37.165 
[2025-06-11 17:59:39.497.351] [INFO  ] [Controller] [Joints] FL: +42.362, +37.165, +38.898 ,FR: +42.362, +37.165, +37.165, HL: 44.094, +38.898, +44.094, HR: +47.559, +38.898, +45.827 Max HR-HipX = +47.559 Min FL-HipY = +37.165 
[2025-06-11 17:59:41.598.892] [INFO  ] [Battery] SoC = 56%, Volt = +29.700V, Temp 30 
[2025-06-11 17:59:41.997.353] [INFO  ] [Controller] [Joints] FL: +42.362, +37.165, +38.898 ,FR: +42.362, +37.165, +37.165, HL: 44.094, +38.898, +44.094, HR: +47.559, +38.898, +45.827 Max HR-HipX = +47.559 Min FL-HipY = +37.165 
[2025-06-11 17:59:44.497.350] [INFO  ] [Controller] [Joints] FL: +42.362, +37.165, +38.898 ,FR: +42.362, +37.165, +37.165, HL: 44.094, +38.898, +44.094, HR: +47.559, +38.898, +45.827 Max HR-HipX = +47.559 Min FL-HipY = +37.165 
[2025-06-11 17:59:46.585.683] [INFO  ] [Battery] SoC = 56%, Volt = +29.700V, Temp 30 
[2025-06-11 17:59:46.997.350] [INFO  ] [Controller] [Joints] FL: +42.362, +37.165, +38.898 ,FR: +42.362, +37.165, +37.165, HL: 44.094, +38.898, +44.094, HR: +47.559, +38.898, +45.827 Max HR-HipX = +47.559 Min FL-HipY = +37.165 
[2025-06-11 17:59:49.497.351] [INFO  ] [Controller] [Joints] FL: +42.362, +37.165, +38.898 ,FR: +42.362, +37.165, +37.165, HL: 44.094, +38.898, +44.094, HR: +47.559, +38.898, +45.827 Max HR-HipX = +47.559 Min FL-HipY = +37.165 
[2025-06-11 17:59:51.572.558] [INFO  ] [Battery] SoC = 56%, Volt = +29.700V, Temp 30 
[2025-06-11 17:59:51.997.352] [INFO  ] [Controller] [Joints] FL: +42.362, +37.165, +38.898 ,FR: +42.362, +37.165, +37.165, HL: 44.094, +38.898, +44.094, HR: +47.559, +38.898, +45.827 Max HR-HipX = +47.559 Min FL-HipY = +37.165 
[2025-06-11 17:59:54.497.351] [INFO  ] [Controller] [Joints] FL: +42.362, +37.165, +38.898 ,FR: +42.362, +37.165, +37.165, HL: 44.094, +38.898, +44.094, HR: +47.559, +38.898, +45.827 Max HR-HipX = +47.559 Min FL-HipY = +37.165 
[2025-06-11 17:59:56.559.404] [INFO  ] [Battery] SoC = 56%, Volt = +29.700V, Temp 30 
[2025-06-11 17:59:56.997.352] [INFO  ] [Controller] [Joints] FL: +42.362, +37.165, +38.898 ,FR: +42.362, +37.165, +37.165, HL: 44.094, +38.898, +44.094, HR: +47.559, +38.898, +45.827 Max HR-HipX = +47.559 Min FL-HipY = +37.165 
[2025-06-11 17:59:59.497.353] [INFO  ] [Controller] [Joints] FL: +42.362, +37.165, +37.165 ,FR: +42.362, +37.165, +37.165, HL: 44.094, +38.898, +44.094, HR: +47.559, +38.898, +44.094 Max HR-HipX = +47.559 Min FL-HipY = +37.165 
[2025-06-11 18:00:01.546.129] [INFO  ] [Battery] SoC = 56%, Volt = +29.700V, Temp 30 
[2025-06-11 18:00:01.997.351] [INFO  ] [Controller] [Joints] FL: +42.362, +37.165, +37.165 ,FR: +42.362, +37.165, +37.165, HL: 44.094, +38.898, +44.094, HR: +47.559, +38.898, +44.094 Max HR-HipX = +47.559 Min FL-HipY = +37.165 
                                                                                                                                                                                                                                                                                                                                                                          