time,state,x,y,z,qw,qx,qy,qz,Vx,Vy,Vz,wr,wp,wy,LF_HAA,LF_HFE,LF_KFE,RF_HAA,RF_HFE,RF_KFE,LH_HAA,LH_HFE,LH_KFE,RH_HAA,RH_HFE,RH_KFE,w_LF_HAA,w_LF_HFE,w_LF_KFE,w_RF_HAA,w_RF_HFE,w_RF_KFE,w_LH_HAA,w_LH_HFE,w_LH_KFE,w_RH_HAA,w_RH_HFE,w_RH_KFE,tau_LF_HAA,tau_LF_HFE,tau_LF_KFE,tau_RF_HAA,tau_RF_HFE,tau_RF_KFE,tau_LH_HAA,tau_LH_HFE,tau_LH_KFE,tau_RH_HAA,tau_RH_HFE,tau_RH_KFE
2001,2,-0.0119815,1.00039,0.137303,0.99998,0.000295938,-0.00614099,0.00132586,-0.0260066,-1.07E-05,0.0467025,0.0291639,0.0352801,0.00182002,0.00804102,-1.20273,2.45033,0.00963247,-1.20333,2.45044,0.0203695,-0.97736,2.44724,0.0200467,-0.976898,2.44774,-0.0340497,0.350802,-0.248479,0.0290715,0.338926,-0.231507,-0.0362272,0.314363,-0.346718,0.0213753,0.306243,-0.326986,-0.483484,13,-21,-0.577074,13,-21,-1.22325,0,-17.8965,-1.20216,0,-17.916
2002,2,-0.0120202,1.00039,0.137373,0.99998,0.000316429,-0.00611537,0.00132701,-0.0514717,-7.86E-05,0.0919383,0.0526311,0.0673267,0.00331799,0.00799325,-1.20221,2.44996,0.00967282,-1.20283,2.45009,0.0203183,-0.976893,2.44672,0.0200756,-0.976443,2.44725,-0.061504,0.692231,-0.493168,0.0516414,0.670599,-0.462132,-0.0662231,0.618323,-0.68229,0.0365873,0.603562,-0.64589,-0.482461,13,-21,-0.577948,13,-21,-1.22217,0,-17.8895,-1.2028,0,-17.9095
2003,2,-0.0120842,1.00039,0.137487,0.999981,0.000347471,-0.00607456,0.00132877,-0.0764434,-0.000210206,0.136138,0.0712745,0.0960529,0.00455318,0.0079207,-1.20136,2.44935,0.00973304,-1.202,2.44951,0.0202397,-0.976128,2.44588,0.0201176,-0.975696,2.44645,-0.0835934,1.02424,-0.733871,0.0687848,0.994626,-0.691406,-0.0909474,0.911972,-1.00651,0.0473625,0.891699,-0.956597,-0.479595,13,-21,-0.580369,13,-21,-1.2191,0,-17.869,-1.20454,0,-17.89
2004,2,-0.0121728,1.00039,0.137644,0.999981,0.000386771,-0.00602023,0.00133104,-0.100934,-0.000395995,0.179309,0.0855786,0.121506,0.00555905,0.00782868,-1.20017,2.44849,0.00980788,-1.20084,2.44871,0.0201389,-0.975074,2.44472,0.020168,-0.974664,2.44534,-0.100449,1.34685,-0.971066,0.0808964,1.31082,-0.919204,-0.1107,1.19533,-1.31983,0.0533408,1.17068,-1.25874,-0.475242,13,-21,-0.583982,13,-21,-1.21438,0,-17.8352,-1.20706,0,-17.858
2005,2,-0.0122858,1.00039,0.137845,0.999981,0.000432327,-0.00595399,0.00133372,-0.124957,-0.000629386,0.221455,0.0962245,0.14367,0.00635492,0.00772183,-1.19867,2.44741,0.00989279,-1.19938,2.44768,0.0200203,-0.973743,2.44325,0.0202227,-0.973359,2.44394,-0.113252,1.66,-1.20483,0.0889191,1.61895,-1.14559,-0.126411,1.46839,-1.62244,0.0561524,1.44025,-1.55264,-0.469721,13,-21,-0.588473,13,-21,-1.20833,0,-17.7887,-1.21008,0,-17.8137
2006,2,-0.0124225,1.00039,0.138087,0.999982,0.000482405,-0.00587749,0.00133672,-0.148523,-0.000902011,0.262585,0.103603,0.162595,0.00697044,0.00760417,-1.19685,2.44608,0.00998382,-1.19761,2.44642,0.0198879,-0.972143,2.44148,0.0202785,-0.971789,2.44224,-0.122059,1.96371,-1.43559,0.0931538,1.91886,-1.37047,-0.138294,1.73121,-1.91474,0.0553621,1.70048,-1.83797,-0.46331,13,-21,-0.593567,13,-21,-1.20122,0,-17.7298,-1.21336,0,-17.7575
2007,2,-0.0125826,1.00039,0.138369,0.999982,0.000535514,-0.00579235,0.00133997,-0.171646,-0.00120835,0.302703,0.108296,0.178269,0.0074218,0.00747918,-1.19474,2.44454,0.0100776,-1.19555,2.44494,0.0197452,-0.970285,2.43942,0.0203324,-0.969963,2.44026,-0.127914,2.25795,-1.66338,0.0944205,2.21036,-1.5939,-0.147168,1.98383,-2.19691,0.0524627,1.95115,-2.11506,-0.45625,13,-21,-0.599029,13,-21,-1.19328,0,-17.6591,-1.21671,0,-17.6897
2008,2,-0.0127656,1.00038,0.138692,0.999983,0.000590384,-0.00570017,0.00134339,-0.194337,-0.00154122,0.341818,0.110607,0.190745,0.00773471,0.00734982,-1.19234,2.44276,0.0101713,-1.19319,2.44323,0.019595,-0.96818,2.43709,0.0203821,-0.967891,2.43802,-0.130805,2.54275,-1.88859,0.0929341,2.49334,-1.8158,-0.15317,2.2263,-2.4693,0.046952,2.19238,-2.3836,-0.448751,13,-21,-0.604657,13,-21,-1.18471,0,-17.5768,-1.21994,0,-17.6106
2009,2,-0.0129711,1.00038,0.139053,0.999983,0.000645945,-0.00560255,0.00134693,-0.216607,-0.00189613,0.379934,0.111026,0.200017,0.00792214,0.0072186,-1.18966,2.44076,0.0102625,-1.19056,2.4413,0.01944,-0.965838,2.43449,0.0204257,-0.965583,2.4355,-0.131646,2.8181,-2.11124,0.0893996,2.76765,-2.03625,-0.157012,2.45869,-2.73205,0.0401914,2.42401,-2.64394,-0.440989,13,-21,-0.610277,13,-21,-1.1757,0,-17.4835,-1.22293,0,-17.5206
2010,2,-0.0131986,1.00038,0.139451,0.999984,0.000701305,-0.00550108,0.00135054,-0.23847,-0.00226703,0.417061,0.109781,0.20614,0.00800596,0.00708759,-1.18671,2.43854,0.0103491,-1.18766,2.43916,0.0192821,-0.963268,2.43163,0.0204616,-0.963048,2.43273,-0.130363,3.08405,-2.33165,0.0839558,3.03323,-2.25518,-0.158762,2.6811,-2.9855,0.0316222,2.64618,-2.89581,-0.433116,13,-21,-0.615747,13,-21,-1.1664,0,-17.3795,-1.22554,0,-17.4201
2011,2,-0.0134478,1.00038,0.139886,0.999984,0.000755731,-0.00539734,0.00135417,-0.259935,-0.00265042,0.453204,0.107278,0.209114,0.00799606,0.00695854,-1.1835,2.4361,0.0104297,-1.1845,2.43679,0.0191232,-0.96048,2.42852,0.0204886,-0.960295,2.42971,-0.127754,3.34059,-2.54982,0.0772024,3.28996,-2.47268,-0.159037,2.8936,-3.22974,0.0224826,2.85877,-3.13954,-0.425256,13,-21,-0.620948,13,-21,-1.15692,0,-17.2651,-1.22769,0,-17.3093
2012,2,-0.0137183,1.00037,0.140357,0.999985,0.000808633,-0.00529289,0.00135778,-0.281014,-0.00304131,0.488372,0.103679,0.208996,0.00791079,0.00683281,-1.18004,2.43344,0.0105029,-1.18109,2.43421,0.0189647,-0.957486,2.42517,0.020506,-0.957335,2.42646,-0.123694,3.58779,-2.76605,0.0692132,3.53782,-2.68867,-0.157843,3.0963,-3.46509,0.0121694,3.06195,-3.3749,-0.417512,13,-21,-0.625783,13,-21,-1.14739,0,-17.1408,-1.22932,0,-17.1886
2013,2,-0.0140097,1.00037,0.140862,0.999985,0.000859543,-0.00518926,0.00136135,-0.301718,-0.00343705,0.522571,0.0993173,0.20579,0.00775728,0.00671153,-1.17633,2.43057,0.0105678,-1.17743,2.43142,0.0188079,-0.954293,2.4216,0.0205129,-0.954176,2.42297,-0.118873,3.82568,-2.98032,0.0604935,3.77673,-2.90325,-0.155712,3.28932,-3.69164,0.00180713,3.25567,-3.60223,-0.409969,13,-21,-0.630175,13,-21,-1.13788,0,-17.0069,-1.23036,0,-17.0583
2014,2,-0.0143215,1.00037,0.141402,0.999986,0.000908104,-0.00508798,0.00136484,-0.322057,-0.00383362,0.55581,0.0942993,0.199556,0.00755068,0.00659553,-1.17239,2.42748,0.0106236,-1.17354,2.42841,0.0186538,-0.950912,2.41779,0.0205092,-0.950828,2.41926,-0.113126,4.05434,-3.19287,0.0510629,4.00672,-3.11637,-0.152599,3.47279,-3.90965,-0.00923994,3.4401,-3.82131,-0.402692,13,-21,-0.634066,13,-21,-1.12848,0,-16.8638,-1.23078,0,-16.9187
2015,2,-0.0146536,1.00036,0.141974,0.999986,0.000954054,-0.00499058,0.00136823,-0.342042,-0.00422915,0.588096,0.0888958,0.190302,0.00729576,0.00648544,-1.16822,2.42418,0.0106698,-1.16942,2.42519,0.018503,-0.947352,2.41378,0.0204946,-0.947301,2.41533,-0.107047,4.2738,-3.40368,0.0413432,4.22775,-3.32811,-0.14896,3.64683,-4.1192,-0.0199507,3.61521,-4.03249,-0.395732,13,-21,-0.637413,13,-21,-1.11923,0,-16.7118,-1.23055,0,-16.7703
2016,2,-0.0150055,1.00036,0.142577,0.999987,0.000997213,-0.00489854,0.0013715,-0.361682,-0.00462043,0.619438,0.0831667,0.178091,0.00700493,0.0063817,-1.16385,2.42067,0.0107061,-1.16509,2.42175,0.0183562,-0.943623,2.40956,0.0204692,-0.943602,2.4112,-0.100444,4.48417,-3.61297,0.0313109,4.43987,-3.53843,-0.144711,3.81158,-4.32056,-0.0309817,3.78123,-4.23556,-0.389127,13,-21,-0.640185,13,-21,-1.11018,0,-16.5512,-1.22968,0,-16.6132
2017,2,-0.0153768,1.00035,0.143212,0.999987,0.00103747,-0.00481333,0.00137464,-0.380988,-0.00500623,0.649844,0.0773301,0.162936,0.00668095,0.00628456,-1.15926,2.41696,0.0107324,-1.16055,2.41811,0.0182137,-0.939733,2.40514,0.020433,-0.939743,2.40686,-0.0938229,4.68551,-3.8207,0.0213149,4.64307,-3.74741,-0.140242,3.96719,-4.51377,-0.0414052,3.93815,-4.43088,-0.382902,13,-21,-0.642365,13,-21,-1.10137,0,-16.3824,-1.22815,0,-16.4478
2018,2,-0.0157673,1.00035,0.143877,0.999987,0.00107478,-0.00473642,0.00137763,-0.399968,-0.00538409,0.679322,0.0714087,0.144901,0.00633391,0.00619417,-1.15448,2.41303,0.0107487,-1.15581,2.41426,0.0180759,-0.935693,2.40054,0.0203863,-0.935731,2.40234,-0.0869734,4.87794,-4.02705,0.0112986,4.83745,-3.95502,-0.135439,4.11381,-4.69908,-0.0518877,4.0862,-4.61826,-0.377074,13,-21,-0.643944,13,-21,-1.09282,0,-16.2057,-1.22598,0,-16.2745
2019,2,-0.0161766,1.00034,0.14457,0.999988,0.00110913,-0.00466924,0.00138047,-0.418632,-0.0057533,0.707881,0.0655765,0.124002,0.00596501,0.00611051,-1.14951,2.4089,0.0107551,-1.15087,2.4102,0.0179428,-0.93151,2.39575,0.0203296,-0.931575,2.39763,-0.0803279,5.06153,-4.23199,0.00154824,5.02304,-4.16133,-0.130634,4.2516,-4.87653,-0.0615848,4.22541,-4.79805,-0.37165,13,-21,-0.644922,13,-21,-1.08455,0,-16.0215,-1.22318,0,-16.0935
2020,2,-0.0166044,1.00034,0.145292,0.999988,0.00114056,-0.00461321,0.00138315,-0.436983,-0.00611114,0.735528,0.0597797,0.100284,0.00555928,0.00603355,-1.14436,2.40457,0.0107519,-1.14576,2.40594,0.0178147,-0.927194,2.39079,0.0202632,-0.927284,2.39275,-0.0735943,5.23634,-4.43566,-0.00808728,5.19992,-4.36633,-0.125671,4.38062,-5.04627,-0.0711834,4.35599,-4.97006,-0.366631,12.9936,-21,-0.645307,13,-21,-1.07657,0,-15.83,-1.21978,0,-15.9052
2021,2,-0.0170503,1.00033,0.146041,0.999988,0.0011691,-0.00456984,0.00138563,-0.454948,-0.00645639,0.762233,0.0541046,0.0733596,0.00509172,0.00596322,-1.13904,2.40003,0.0107391,-1.14048,2.40147,0.0176914,-0.922754,2.38566,0.0201877,-0.922868,2.38769,-0.0670638,5.40159,-4.63821,-0.0174554,5.36732,-4.57027,-0.120794,4.49985,-5.20756,-0.0799283,4.47685,-5.13393,-0.362013,12.9267,-21,-0.645111,12.9449,-21,-1.06888,0,-15.6315,-1.21579,0,-15.7098
2022,2,-0.0175141,1.00033,0.146816,0.999988,0.00119483,-0.00454072,0.0013879,-0.472526,-0.006789,0.788004,0.0486229,0.0432573,0.00461091,0.00589937,-1.13356,2.39529,0.0107171,-1.13503,2.3968,0.0175731,-0.918199,2.38038,0.0201035,-0.918335,2.38248,-0.0606537,5.55739,-4.83979,-0.0265114,5.52524,-4.77314,-0.115906,4.60941,-5.36059,-0.0884256,4.58807,-5.28936,-0.357793,12.8575,-21,-0.644345,12.8762,-21,-1.06149,0,-15.4264,-1.21126,0,-15.5077
2023,2,-0.0179952,1.00032,0.147616,0.999988,0.00121788,-0.00452743,0.00138996,-0.489722,-0.00710895,0.81285,0.0434457,0.0100073,0.00411631,0.0058417,-1.12793,2.39035,0.0106863,-1.12943,2.39192,0.0174595,-0.91354,2.37494,0.0200113,-0.913696,2.37712,-0.0546777,5.70385,-5.04034,-0.0350639,5.67378,-4.97498,-0.111252,4.70947,-5.5054,-0.0959719,4.68974,-5.43668,-0.353962,12.7863,-21,-0.643026,12.8054,-21,-1.05439,0,-15.2151,-1.20621,0,-15.2993
2024,2,-0.0184933,1.00031,0.148441,0.999988,0.00123838,-0.00453153,0.00139181,-0.506544,-0.00741527,0.836781,0.0385321,-0.0263162,0.00361354,0.0057899,-1.12216,2.38521,0.0106472,-1.12369,2.38685,0.0173505,-0.908785,2.36937,0.0199117,-0.90896,2.37161,-0.0489178,5.84114,-5.23998,-0.0432162,5.8131,-5.17578,-0.106678,4.80023,-5.64218,-0.103208,4.78212,-5.57576,-0.350502,12.7131,-21,-0.641179,12.7326,-21,-1.04757,0,-14.9977,-1.20068,0,-15.0848
2025,2,-0.0190081,1.0003,0.149289,0.999988,0.00125648,-0.00455456,0.00139343,-0.522999,-0.00770821,0.859806,0.033969,-0.0656779,0.00310143,0.00574362,-1.11625,2.37987,0.0106002,-1.11781,2.38157,0.017246,-0.903944,2.36366,0.0198053,-0.904137,2.36597,-0.0436376,5.96943,-5.43866,-0.0508154,5.94335,-5.37558,-0.102396,4.88188,-5.77098,-0.10949,4.86532,-5.70693,-0.347394,12.6381,-21,-0.63883,12.658,-21,-1.04103,0,-14.7748,-1.1947,0,-14.8645
2026,2,-0.0195392,1.0003,0.15016,0.999988,0.00127234,-0.00459799,0.00139484,-0.539092,-0.00798713,0.881938,0.0297048,-0.108001,0.00258452,0.00570249,-1.11022,2.37434,0.0105458,-1.11181,2.3761,0.0171457,-0.899025,2.35783,0.0196929,-0.899234,2.3602,-0.0386275,6.0889,-5.63645,-0.0579693,6.0647,-5.57436,-0.0982487,4.95463,-5.89198,-0.115438,4.93959,-5.83006,-0.344617,12.5613,-21,-0.636009,12.5816,-21,-1.03476,0,-14.5465,-1.18832,0,-14.6389
2027,2,-0.0200861,1.00029,0.151053,0.999987,0.00128613,-0.00466332,0.00139602,-0.55483,-0.00825245,0.903186,0.0258071,-0.153244,0.00206124,0.00566612,-1.10408,2.3686,0.0104845,-1.10569,2.37042,0.0170494,-0.894039,2.35188,0.0195749,-0.894262,2.35432,-0.0341074,6.19972,-5.83331,-0.0645568,6.17732,-5.77216,-0.0944181,5.01865,-6.00523,-0.120463,5.00507,-5.94547,-0.34215,12.4829,-21,-0.632746,12.5035,-21,-1.02874,0,-14.3133,-1.18157,0,-14.4081
2028,2,-0.0206486,1.00028,0.151966,0.999987,0.00129802,-0.00475198,0.00139697,-0.57022,-0.00850378,0.923561,0.0222176,-0.201328,0.00153527,0.00563413,-1.09783,2.36267,0.0104169,-1.09946,2.36455,0.0169568,-0.888992,2.34582,0.0194521,-0.889228,2.34832,-0.0298803,6.3021,-6.02931,-0.0706859,6.28141,-5.96897,-0.0907491,5.07418,-6.1109,-0.125158,5.06202,-6.05306,-0.339967,12.403,-21,-0.62907,12.4239,-21,-1.02296,0,-14.0753,-1.1745,0,-14.1726
2029,2,-0.0212264,1.00027,0.152899,0.999986,0.00130817,-0.00486538,0.00139771,-0.585267,-0.00874167,0.943075,0.0189889,-0.252208,0.00100485,0.00560613,-1.09148,2.35654,0.0103434,-1.09313,2.35849,0.0168677,-0.883895,2.33966,0.019325,-0.884142,2.34221,-0.0261281,6.39624,-6.22441,-0.0762616,6.37716,-6.16481,-0.0873986,5.12139,-6.20904,-0.128984,5.11058,-6.15315,-0.338048,12.3218,-21,-0.625013,12.343,-21,-1.01741,0,-13.833,-1.16713,0,-13.9326
2030,2,-0.021819,1.00026,0.153852,0.999986,0.00131674,-0.00500489,0.00139822,-0.599978,-0.00896592,0.961738,0.0160597,-0.3058,0.000472973,0.00558173,-1.08504,2.35022,0.0102646,-1.08671,2.35222,0.0167819,-0.878754,2.33341,0.0191943,-0.879011,2.33601,-0.0226695,6.48235,-6.41865,-0.0813888,6.46481,-6.35967,-0.0842163,5.1605,-6.29983,-0.132503,5.151,-6.24564,-0.336368,12.2392,-21,-0.620604,12.2607,-21,-1.01206,0,-13.5866,-1.1595,0,-13.6885
2031,2,-0.0224262,1.00025,0.154823,0.999985,0.00132388,-0.00517186,0.0013985,-0.614358,-0.00917715,0.979562,0.0134708,-0.362054,-6.22E-05,0.00556057,-1.07852,2.34371,0.0101809,-1.0802,2.34577,0.0166991,-0.873578,2.32707,0.0190604,-0.873844,2.32973,-0.0196533,6.56064,-6.61199,-0.0859938,6.54454,-6.55358,-0.0813386,5.19171,-6.38331,-0.135221,5.18344,-6.33084,-0.334904,12.1555,-21,-0.615875,12.1772,-21,-1.00691,0,-13.3364,-1.15166,0,-13.4405
2032,2,-0.0230476,1.00024,0.155811,0.999984,0.00132977,-0.0053676,0.00139856,-0.628414,-0.00937532,0.996559,0.0111605,-0.420887,-0.000598203,0.00554228,-1.07192,2.337,0.0100928,-1.07362,2.33912,0.0166191,-0.868374,2.32065,0.018924,-0.868648,2.32336,-0.0169164,6.63136,-6.80448,-0.0901754,6.61661,-6.74653,-0.0786221,5.21523,-6.45966,-0.137668,5.20816,-6.40868,-0.333634,12.0707,-21,-0.610853,12.0926,-21,-1.00195,0,-13.0828,-1.14363,0,-13.189
2033,2,-0.0236828,1.00023,0.156815,0.999982,0.00133453,-0.00559339,0.0013984,-0.64215,-0.00956107,1.01274,0.00916063,-0.482242,-0.00113683,0.00552653,-1.06526,2.3301,0.0100008,-1.06697,2.33227,0.0165417,-0.863151,2.31415,0.0187855,-0.863431,2.31691,-0.0145784,6.69472,-6.99608,-0.0938777,6.68123,-6.93852,-0.0761858,5.23126,-6.52892,-0.139389,5.2253,-6.47945,-0.332537,11.985,-21,-0.605568,12.0071,-21,-0.997148,0,-12.8259,-1.13544,0,-12.9342
2034,2,-0.0243317,1.00022,0.157836,0.999981,0.00133831,-0.00585046,0.00139802,-0.655572,-0.00973445,1.02812,0.00741098,-0.546033,-0.0016761,0.005513,-1.05854,2.32301,0.00990524,-1.06026,2.32524,0.0164667,-0.857915,2.30759,0.0186453,-0.858201,2.3104,-0.0124957,6.75097,-7.18681,-0.0971917,6.73865,-7.12957,-0.0738954,5.23999,-6.59127,-0.140881,5.23513,-6.54309,-0.331592,11.8984,-21,-0.600047,11.9207,-21,-0.992504,0,-12.5661,-1.12713,0,-12.6765
2035,2,-0.0249938,1.00021,0.158871,0.999979,0.00134124,-0.00614002,0.00139741,-0.668686,-0.00989611,1.0427,0.00593665,-0.612201,-0.00221763,0.00550137,-1.05176,2.31572,0.00980661,-1.0535,2.31802,0.0163938,-0.852674,2.30097,0.018504,-0.852965,2.30383,-0.0107624,6.80035,-7.37666,-0.100075,6.78912,-7.31967,-0.071855,5.24164,-6.64676,-0.141726,5.2378,-6.5999,-0.33078,11.811,-21,-0.594315,11.8334,-21,-0.988001,0,-12.3037,-1.11872,0,-12.416
2036,2,-0.0256689,1.0002,0.159921,0.999977,0.00134343,-0.00646323,0.00139659,-0.681496,-0.0100462,1.05651,0.00468043,-0.680658,-0.00275983,0.00549136,-1.04494,2.30825,0.00970527,-1.04669,2.3106,0.0163229,-0.847435,2.2943,0.018362,-0.847729,2.2972,-0.00925543,6.8431,-7.56563,-0.102611,6.83289,-7.50883,-0.0699402,5.2364,-6.69555,-0.142388,5.23355,-6.64981,-0.330082,11.7229,-21,-0.588397,11.7455,-21,-0.983629,0,-12.039,-1.11024,0,-12.1531
2037,2,-0.0263567,1.00019,0.160984,0.999975,0.00134501,-0.00682122,0.00139554,-0.694009,-0.0101853,1.06955,0.00366235,-0.751338,-0.00330412,0.00548271,-1.03808,2.30059,0.00960158,-1.03984,2.303,0.0162538,-0.842205,2.28759,0.0182195,-0.842501,2.29053,-0.00804596,6.87948,-7.7537,-0.104769,6.8702,-7.69704,-0.0682426,5.22447,-6.73771,-0.142481,5.22255,-6.69312,-0.329482,11.6342,-21,-0.582316,11.657,-21,-0.979375,0,-11.7721,-1.10172,0,-11.8881
2038,2,-0.0270568,1.00018,0.162059,0.999972,0.00134607,-0.00721509,0.00139427,-0.706228,-0.0103137,1.08183,0.00282916,-0.824153,-0.00384924,0.00547517,-1.03118,2.29275,0.00949588,-1.03295,2.29521,0.0161864,-0.83699,2.28083,0.0180771,-0.837287,2.28382,-0.00703173,6.90974,-7.94089,-0.10662,6.90131,-7.88432,-0.0666485,5.20604,-6.7734,-0.142435,5.20503,-6.72978,-0.328963,11.545,-21,-0.576095,11.5679,-21,-0.975229,0,-11.5034,-1.09317,0,-11.6213
2039,2,-0.027769,1.00017,0.163147,0.999969,0.00134671,-0.00764588,0.00139278,-0.718159,-0.0104318,1.09337,0.00219707,-0.899035,-0.00439638,0.00546852,-1.02426,2.28471,0.0093885,-1.02604,2.28723,0.0161204,-0.831796,2.27404,0.0179349,-0.832094,2.27708,-0.00626379,6.93413,-8.12718,-0.108145,6.92649,-8.07065,-0.0652386,5.18132,-6.80268,-0.141895,5.18115,-6.76006,-0.32851,11.4554,-21,-0.569753,11.4784,-21,-0.971183,0,-11.2332,-1.08462,0,-11.3528
2040,2,-0.028493,1.00016,0.164246,0.999965,0.00134702,-0.0081146,0.00139107,-0.729806,-0.01054,1.10418,0.00171746,-0.975891,-0.00494454,0.00546256,-1.01732,2.27649,0.00927972,-1.0191,2.27907,0.0160559,-0.82663,2.26723,0.0177933,-0.826928,2.2703,-0.0056602,6.9529,-8.31256,-0.109405,6.94599,-8.25605,-0.0639099,5.15049,-6.82571,-0.141257,5.15116,-6.78395,-0.328111,11.3654,-21,-0.56331,11.3885,-21,-0.967226,0,-10.9617,-1.07609,0,-11.083
2041,2,-0.0292285,1.00015,0.165355,0.999961,0.00134707,-0.00862222,0.00138913,-0.741174,-0.0106388,1.11427,0.00140369,-1.05465,-0.00549468,0.0054571,-1.01036,2.26809,0.00916983,-1.01215,2.27072,0.0159925,-0.821498,2.26039,0.0176526,-0.821795,2.26351,-0.00525416,6.96633,-8.49705,-0.110388,6.96007,-8.4405,-0.062734,5.11374,-6.84258,-0.140196,5.1152,-6.80171,-0.327754,11.2751,-21,-0.556783,11.2983,-21,-0.963351,0,-10.6891,-1.0676,0,-10.8122
2042,2,-0.0299752,1.00014,0.166474,0.999956,0.00134694,-0.00916967,0.00138698,-0.752267,-0.0107284,1.12365,0.00121205,-1.13522,-0.00604603,0.00545198,-1.00339,2.2595,0.00905906,-1.00518,2.26219,0.0159304,-0.816406,2.25355,0.017513,-0.8167,2.2567,-0.00498337,6.97466,-8.68062,-0.111146,6.969,-8.62402,-0.0616182,5.07127,-6.85342,-0.139076,5.0735,-6.81331,-0.327426,11.1847,-21,-0.55019,11.2079,-21,-0.959552,0,-10.4158,-1.05916,0,-10.5404
2043,2,-0.0307329,1.00013,0.167602,0.999951,0.00134668,-0.00975784,0.00138461,-0.76309,-0.0108092,1.13234,0.00115379,-1.21753,-0.00659931,0.00544706,-0.996412,2.25073,0.00894765,-0.998213,2.25347,0.0158692,-0.811358,2.24669,0.0173746,-0.811651,2.24989,-0.00486515,6.97815,-8.86327,-0.111672,6.97303,-8.80661,-0.0606262,5.02327,-6.85833,-0.137596,5.02622,-6.81902,-0.327119,11.094,-21,-0.543544,11.1174,-21,-0.955822,0,-10.1419,-1.05078,0,-10.2681
2044,2,-0.0315012,1.00012,0.168738,0.999944,0.00134636,-0.0103876,0.00138201,-0.773647,-0.0108816,1.14035,0.0011902,-1.30147,-0.00715394,0.0054422,-0.989434,2.24177,0.00883581,-0.99124,2.24457,0.0158091,-0.806362,2.23983,0.0172378,-0.806651,2.24307,-0.00485585,6.97707,-9.04501,-0.11201,6.97243,-8.98826,-0.0596756,4.96991,-6.85745,-0.13609,4.97358,-6.81884,-0.326824,11.0034,-21,-0.536859,11.0268,-21,-0.952154,0,-9.86762,-1.04248,0,-9.99549
2045,2,-0.03228,1.00011,0.169882,0.999937,0.00134603,-0.0110596,0.00137919,-0.783942,-0.010946,1.14769,0.0013309,-1.38698,-0.00771041,0.00543729,-0.98246,2.23264,0.00872373,-0.98427,2.2355,0.0157498,-0.801421,2.23298,0.0171026,-0.801706,2.23625,-0.00495864,6.97166,-9.22583,-0.112157,6.96745,-9.16897,-0.0588228,4.91138,-6.85087,-0.134282,4.91574,-6.81301,-0.326532,10.9126,-21,-0.530149,10.9361,-21,-0.948545,0,-9.5933,-1.03427,0,-9.72274
2046,2,-0.033069,1.0001,0.171033,0.999929,0.00134571,-0.0117748,0.00137615,-0.79398,-0.0110026,1.15438,0.0015421,-1.47396,-0.00826833,0.00543224,-0.975493,2.22332,0.00861157,-0.977307,2.22624,0.0156914,-0.796541,2.22613,0.0169692,-0.796822,2.22945,-0.00514731,6.96218,-9.40572,-0.112149,6.95835,-9.34875,-0.0579951,4.84786,-6.83874,-0.132477,4.85291,-6.80154,-0.326238,10.822,-21,-0.523424,10.8455,-21,-0.94499,0,-9.31914,-1.02616,0,-9.4501
2047,2,-0.0338679,1.00009,0.172191,0.99992,0.00134546,-0.0125339,0.00137289,-0.803763,-0.0110519,1.16042,0.00183238,-1.56232,-0.00882791,0.00542696,-0.968537,2.21383,0.0084995,-0.970355,2.2168,0.0156338,-0.791728,2.2193,0.0168378,-0.792003,2.22265,-0.00541269,6.94889,-9.5847,-0.111987,6.94539,-9.52759,-0.0572419,4.77954,-6.82117,-0.130414,4.78525,-6.78467,-0.325934,10.7314,-21,-0.516694,10.755,-21,-0.941486,0,-9.04534,-1.01815,0,-9.17781
2048,2,-0.0346764,1.00008,0.173354,0.999909,0.00134589,-0.0133367,0.0013694,-0.813288,-0.0111252,1.16603,0.00451269,-1.64944,-0.00938065,0.00542033,-0.961596,2.20415,0.00838873,-0.963417,2.20718,0.0155487,-0.786982,2.2125,0.0167032,-0.787251,2.21588,-0.00784454,6.93419,-9.76219,-0.109568,6.93029,-9.70314,-0.113016,4.71223,-6.77823,-0.1387,4.71746,-6.76004,-0.325618,10.641,-21,-0.50997,10.6646,-21,-0.938029,0,-8.77214,-1.01027,0,-8.90608
2049,2,-0.0354943,1.00006,0.174523,0.999898,0.00134709,-0.0141824,0.00136571,-0.822562,-0.0112162,1.17138,0.00520224,-1.73349,-0.00977995,0.00541222,-0.954669,2.1943,0.00827947,-0.956495,2.19739,0.0153843,-0.782305,2.20576,0.0165287,-0.782567,2.20915,-0.00836909,6.91913,-9.93553,-0.108953,6.91509,-9.87595,-0.215688,4.64042,-6.71142,-0.210343,4.65067,-6.70885,-0.32522,10.5507,-21,-0.503324,10.5744,-21,-0.932921,0,-8.50016,-1.00219,0,-8.63519
2050,2,-0.0363214,1.00005,0.175697,0.999885,0.00134826,-0.0150696,0.00136192,-0.831603,-0.0113171,1.17638,0.00460378,-1.81551,-0.0100496,0.00540419,-0.947758,2.18428,0.00817027,-0.949587,2.18743,0.0151022,-0.777705,2.19909,0.0162611,-0.777953,2.20247,-0.00769791,6.90329,-10.1057,-0.109446,6.89926,-10.0465,-0.348541,4.56095,-6.62696,-0.324801,4.57737,-6.63666,-0.324733,10.4607,-21,-0.496768,10.4844,-21,-0.92306,0,-8.23036,-0.991722,0,-8.36581
2051,2,-0.0371574,1.00004,0.176875,0.99987,0.00134889,-0.0159974,0.00135807,-0.840428,-0.0114222,1.18099,0.00326827,-1.89627,-0.0102146,0.00539715,-0.940863,2.17409,0.00806029,-0.942697,2.1773,0.0146786,-0.773188,2.19251,0.0158661,-0.773417,2.19588,-0.00637867,6.88639,-10.2733,-0.110509,6.8824,-10.2152,-0.49871,4.47362,-6.53027,-0.465273,4.49558,-6.54931,-0.324251,10.3709,-21,-0.490216,10.3946,-21,-0.906133,0,-7.9636,-0.975668,0,-8.0989
2052,2,-0.0380022,1.00003,0.178058,0.999854,0.00134847,-0.0169657,0.00135427,-0.84907,-0.0115168,1.1851,0.000656277,-1.97733,-0.0101466,0.0053919,-0.933986,2.16374,0.00794881,-0.935824,2.167,0.0141146,-0.768763,2.18606,0.0153259,-0.768967,2.18938,-0.00411837,6.86762,-10.4392,-0.112454,6.86373,-10.3832,-0.629319,4.37501,-6.37436,-0.615111,4.4032,-6.443,-0.323829,10.2812,-21,-0.483617,10.3051,-21,-0.880715,0,-7.70045,-0.951966,0,-7.83518
2053,2,-0.0388555,1.00002,0.179245,0.999837,0.00134706,-0.0179747,0.00135062,-0.857562,-0.0116065,1.18864,-0.000503868,-2.05932,-0.00990277,0.00538811,-0.927129,2.15322,0.00783621,-0.92897,2.15654,0.0134325,-0.76444,2.17978,0.0146488,-0.764615,2.18302,-0.00346166,6.84716,-10.6048,-0.112743,6.84279,-10.5502,-0.734927,4.27208,-6.19344,-0.739098,4.30077,-6.28014,-0.323514,10.1918,-21,-0.476929,10.2157,-21,-0.846874,0,-7.44236,-0.919554,0,-7.57533
2054,2,-0.0397172,1.00001,0.180435,0.999817,0.00134528,-0.0190247,0.00134717,-0.865914,-0.0116873,1.19169,-0.000588051,-2.14158,-0.00959123,0.00538441,-0.920292,2.14253,0.00772392,-0.922139,2.1459,0.0126572,-0.760219,2.17368,0.0138619,-0.760367,2.17683,-0.00393645,6.82557,-10.7698,-0.111845,6.82036,-10.7158,-0.81566,4.1686,-6.00597,-0.834648,4.19576,-6.09863,-0.323287,10.1027,-21,-0.470173,10.1266,-21,-0.805947,0,-7.191,-0.878928,0,-7.32087
2055,2,-0.0405872,0.999996,0.181628,0.999796,0.0013436,-0.0201158,0.00134393,-0.874133,-0.0117591,1.19428,0.000111388,-2.22368,-0.00925389,0.00537984,-0.913478,2.13168,0.00761295,-0.91533,2.1351,0.0118126,-0.756102,2.16776,0.0129928,-0.756224,2.17083,-0.00520644,6.80323,-10.9338,-0.110097,6.79698,-10.8799,-0.87355,4.066,-5.81886,-0.903576,4.09099,-5.91272,-0.323065,10.0138,-21,-0.463435,10.0378,-21,-0.759429,0,-6.94702,-0.831715,0,-7.0733
2056,2,-0.0414654,0.999984,0.182824,0.999772,0.00134236,-0.0212479,0.0013409,-0.882217,-0.0118231,1.19644,0.00136849,-2.30528,-0.00890772,0.00537373,-0.906686,2.12066,0.00750402,-0.908545,2.12414,0.0109202,-0.752087,2.16204,0.0120665,-0.752184,2.16501,-0.00702357,6.78046,-11.0966,-0.107747,6.77301,-11.0424,-0.911189,3.96482,-5.63471,-0.948998,3.98749,-5.72784,-0.322791,9.92521,-21,-0.456777,9.94929,-21,-0.708753,0,-6.71052,-0.779569,0,-6.83307
2057,2,-0.0423516,0.999972,0.184021,0.999747,0.00134178,-0.0224204,0.00133808,-0.890169,-0.0118808,1.19821,0.00300898,-2.38613,-0.00856035,0.00536562,-0.899917,2.10948,0.00739766,-0.901784,2.11302,0.00999897,-0.748172,2.15649,0.0111049,-0.748248,2.15937,-0.00920068,6.75752,-11.2581,-0.104984,6.7488,-11.2033,-0.931229,3.86527,-5.45449,-0.974229,3.88564,-5.54605,-0.322424,9.83692,-21,-0.450241,9.86109,-21,-0.655211,0,-6.48145,-0.723991,0,-6.60026
2058,2,-0.0432457,0.99996,0.18522,0.999719,0.00134204,-0.0236331,0.00133547,-0.897986,-0.0119332,1.19959,0.00489883,-2.466,-0.00821586,0.00535522,-0.893171,2.09815,0.00729419,-0.895048,2.10174,0.00906526,-0.744355,2.15113,0.0101266,-0.744412,2.15391,-0.0115959,6.73465,-11.4181,-0.101952,6.7246,-11.3626,-0.936196,3.76744,-5.27855,-0.982401,3.7856,-5.36815,-0.321937,9.74892,-21,-0.443859,9.77319,-21,-0.599938,0,-6.25966,-0.666295,0,-6.37478
2059,2,-0.0441475,0.999948,0.18642,0.999689,0.00134323,-0.0248855,0.00133306,-0.90567,-0.0119815,1.20062,0.00693529,-2.54471,-0.00787692,0.00534237,-0.886448,2.08665,0.00719383,-0.888335,2.0903,0.00813295,-0.740636,2.14593,0.00914722,-0.740676,2.14863,-0.0141009,6.71208,-11.5767,-0.0987596,6.70067,-11.5202,-0.928423,3.67138,-5.10704,-0.97635,3.68742,-5.19448,-0.321313,9.66122,-21,-0.437651,9.68562,-21,-0.543916,0,-6.045,-0.607596,0,-6.1565
2060,2,-0.0450569,0.999936,0.187621,0.999656,0.0013454,-0.0261767,0.00133084,-0.913219,-0.0120265,1.2013,0.00903998,-2.62208,-0.00754559,0.005327,-0.879747,2.07499,0.00709671,-0.881646,2.0787,0.00721372,-0.737012,2.14091,0.00817975,-0.737036,2.14352,-0.0166339,6.69,-11.7337,-0.0954916,6.67723,-11.6761,-0.910036,3.57711,-4.93999,-0.958597,3.59114,-5.02518,-0.320542,9.57382,-21,-0.43163,9.59835,-21,-0.487977,0,-5.83729,-0.548833,0,-5.94524
2061,2,-0.0459739,0.999924,0.188822,0.99962,0.00134858,-0.0275063,0.00132881,-0.920633,-0.0120688,1.20167,0.0111535,-2.69798,-0.0072236,0.00530912,-0.873067,2.06318,0.00700286,-0.87498,2.06694,0.00631723,-0.733481,2.13605,0.00723476,-0.733492,2.13858,-0.0191331,6.66857,-11.889,-0.0922116,6.65445,-11.8304,-0.882949,3.48465,-4.77741,-0.931368,3.49677,-4.8603,-0.31962,9.48671,-21,-0.425803,9.5114,-21,-0.432823,0,-5.63635,-0.490785,0,-5.74085
2062,2,-0.0468981,0.999912,0.190024,0.999581,0.00135276,-0.0288733,0.00132695,-0.927911,-0.012109,1.20172,0.0132313,-2.77229,-0.00691249,0.00528878,-0.866409,2.05122,0.00691227,-0.868337,2.05504,0.00545132,-0.730041,2.13135,0.00632077,-0.730042,2.1338,-0.0215527,6.64796,-12.0426,-0.0889678,6.63251,-11.9829,-0.848877,3.39404,-4.61929,-0.896611,3.40433,-4.69987,-0.318547,9.39988,-21,-0.420171,9.42474,-21,-0.379034,0,-5.442,-0.434086,0,-5.54314
2063,2,-0.0478296,0.9999,0.191226,0.99954,0.00135791,-0.030277,0.00132526,-0.935053,-0.0121473,1.20149,0.0152402,-2.8449,-0.0066136,0.00526607,-0.859771,2.0391,0.00682489,-0.861715,2.04298,0.00462221,-0.726692,2.12681,0.00544446,-0.726683,2.12918,-0.0238588,6.62831,-12.1946,-0.085796,6.61155,-12.1337,-0.809342,3.30527,-4.46559,-0.856028,3.31384,-4.54387,-0.317327,9.31332,-21,-0.414736,9.33838,-21,-0.327079,0,-5.25407,-0.379246,0,-5.35194
2064,2,-0.0487682,0.999888,0.192427,0.999495,0.001364,-0.0317165,0.00132374,-0.942059,-0.0121841,1.20097,0.0171563,-2.91573,-0.00632816,0.00524113,-0.853152,2.02683,0.00674063,-0.855113,2.03077,0.00383469,-0.72343,2.12242,0.00461089,-0.723413,2.12471,-0.0260274,6.60974,-12.3449,-0.0827227,6.59171,-12.2829,-0.76569,3.21838,-4.31629,-0.811099,3.22531,-4.3923,-0.315964,9.22702,-21,-0.409493,9.25229,-21,-0.277332,0,-5.07237,-0.326667,0,-5.16706
2065,2,-0.0497137,0.999876,0.193628,0.999447,0.00137097,-0.0331908,0.00132237,-0.948927,-0.0122195,1.20018,0.0189621,-2.98471,-0.00605722,0.00521409,-0.846551,2.01441,0.00665938,-0.848531,2.01842,0.0030923,-0.720254,2.11817,0.00382379,-0.720231,2.12039,-0.0280417,6.59236,-12.4935,-0.0797671,6.5731,-12.4303,-0.7191,3.13337,-4.17133,-0.763101,3.13873,-4.2451,-0.314468,9.14097,-21,-0.404438,9.16647,-21,-0.230081,0,-4.89673,-0.276654,0,-4.98834
2066,2,-0.050666,0.999864,0.194827,0.999396,0.00137877,-0.0346991,0.00132114,-0.955657,-0.0122539,1.19913,0.020646,-3.05179,-0.00580171,0.00518513,-0.839967,2.00184,0.00658103,-0.841966,2.00591,0.00239745,-0.717162,2.11407,0.00308567,-0.717135,2.11622,-0.0298909,6.57626,-12.6405,-0.0769424,6.5558,-12.5762,-0.6706,3.05026,-4.03067,-0.713135,3.05413,-4.10225,-0.312846,9.05516,-21,-0.399563,9.0809,-21,-0.185538,0,-4.72698,-0.229428,0,-4.81559
2067,2,-0.0516249,0.999851,0.196026,0.999341,0.00138734,-0.0362403,0.00132006,-0.96225,-0.0122871,1.19783,0.0222002,-3.11692,-0.00556245,0.0051544,-0.833398,1.98913,0.00650543,-0.835418,1.99326,0.00175161,-0.714153,2.11011,0.00239804,-0.714122,2.11218,-0.0315683,6.56153,-12.7858,-0.0742575,6.53992,-12.7203,-0.621078,2.96904,-3.89424,-0.662139,2.9715,-3.96368,-0.311108,8.96956,-21,-0.394862,8.99556,-21,-0.143847,0,-4.56294,-0.18514,0,-4.64864
2068,2,-0.0525904,0.999839,0.197223,0.999283,0.00139661,-0.0378135,0.0013191,-0.968703,-0.0123194,1.19627,0.0236201,-3.18006,-0.00534012,0.00512208,-0.826843,1.97627,0.00643244,-0.828886,1.98047,0.00115542,-0.711223,2.10628,0.00176151,-0.711191,2.10829,-0.0330708,6.54823,-12.9294,-0.0717179,6.52552,-12.8629,-0.571293,2.88972,-3.76197,-0.610907,2.89085,-3.82933,-0.309264,8.88417,-21,-0.390326,8.91044,-21,-0.105096,0,-4.40444,-0.143882,0,-4.48733
2069,2,-0.0535623,0.999827,0.198418,0.999221,0.00140651,-0.0394176,0.00131826,-0.975018,-0.0123508,1.19448,0.0249037,-3.24118,-0.00513529,0.00508834,-0.8203,1.96327,0.00636192,-0.822366,1.96754,0.000608831,-0.708372,2.10259,0.00117601,-0.708339,2.10452,-0.0343979,6.53644,-13.0715,-0.0693265,6.51265,-13.0039,-0.521888,2.81229,-3.63381,-0.560107,2.81216,-3.69914,-0.307325,8.79896,-21,-0.385946,8.82551,-21,-0.0693253,0,-4.25132,-0.105691,0,-4.33147
2070,2,-0.0545404,0.999814,0.199612,0.999155,0.00141699,-0.0410517,0.00131754,-0.981192,-0.0123812,1.19245,0.0260505,-3.30028,-0.00494844,0.00505337,-0.813769,1.95013,0.00629371,-0.815859,1.95446,0.000111186,-0.705598,2.09901,0.000640806,-0.705566,2.10089,-0.035551,6.5262,-13.2119,-0.0670839,6.50138,-13.1434,-0.473403,2.73676,-3.50967,-0.510292,2.73544,-3.57303,-0.305301,8.71391,-21,-0.381715,8.74076,-21,-0.0365299,0,-4.1034,-0.0705604,0,-4.1809
2071,2,-0.0555246,0.999802,0.200803,0.999085,0.00142796,-0.0427147,0.00131692,-0.987226,-0.0124107,1.19019,0.0270616,-3.35734,-0.00477995,0.00501733,-0.807247,1.93685,0.00622767,-0.809363,1.94125,-0.000338657,-0.702898,2.09556,0.000154703,-0.702867,2.09737,-0.0365329,6.51755,-13.3509,-0.0649896,6.49175,-13.2814,-0.426281,2.66311,-3.38947,-0.461914,2.66067,-3.45092,-0.303202,8.629,-21,-0.377623,8.65617,-21,-0.00667113,0,-3.96053,-0.0384484,0,-4.03545
2072,2,-0.0565147,0.999789,0.201992,0.999012,0.00143936,-0.0444055,0.0013164,-0.993119,-0.0124392,1.1877,0.027939,-3.41236,-0.00463007,0.00498039,-0.800733,1.92343,0.00616366,-0.802875,1.9279,-0.000742239,-0.70027,2.09223,-0.000283921,-0.700243,2.09398,-0.0373478,6.51053,-13.4883,-0.0630417,6.48379,-13.4179,-0.380883,2.59134,-3.27313,-0.415335,2.58784,-3.33272,-0.30104,8.54421,-21,-0.37366,8.57172,-21,0.0203194,0,-3.82255,-0.00928219,0,-3.89497
2073,2,-0.0575107,0.999777,0.203178,0.998934,0.00145114,-0.0461232,0.00131596,-0.99887,-0.0124668,1.18499,0.0286855,-3.46533,-0.00449902,0.00494271,-0.794225,1.90987,0.00610152,-0.796394,1.91442,-0.00110143,-0.697714,2.08902,-0.000677007,-0.697691,2.09071,-0.0380002,6.50518,-13.6243,-0.0612374,6.47753,-13.553,-0.337491,2.52143,-3.16056,-0.370838,2.51694,-3.21836,-0.298823,8.45953,-21,-0.36982,8.48738,-21,0.0445343,0,-3.6893,0.0170353,0,-3.7593
2074,2,-0.0585124,0.999765,0.204362,0.998852,0.00146322,-0.0478667,0.00131561,-1.00448,-0.0124933,1.18205,0.0293042,-3.51625,-0.00438689,0.00490446,-0.787722,1.89618,0.00604111,-0.789919,1.9008,-0.00141833,-0.695227,2.08591,-0.00102674,-0.695208,2.08754,-0.0384957,6.50151,-13.7589,-0.0595733,6.47299,-13.6867,-0.296323,2.45338,-3.05167,-0.328637,2.44795,-3.10773,-0.296563,8.37493,-21,-0.366091,8.40313,-21,0.0660855,0,-3.56062,0.0406204,0,-3.62828
2075,2,-0.0595196,0.999752,0.205542,0.998765,0.00147554,-0.0496349,0.00131532,-1.00994,-0.0125187,1.17889,0.0297988,-3.56514,-0.00429371,0.0048658,-0.781221,1.88235,0.0059823,-0.783448,1.88704,-0.00169526,-0.692806,2.08291,-0.00133551,-0.692794,2.08449,-0.0388397,6.49955,-13.892,-0.0580457,6.4702,-13.819,-0.257537,2.38715,-2.94638,-0.288887,2.38085,-3.00075,-0.294268,8.29039,-21,-0.362467,8.31895,-21,0.0850999,0,-3.43638,0.0616047,0,-3.50176
2076,2,-0.0605322,0.99974,0.206719,0.998675,0.00148805,-0.0514269,0.0013151,-1.01527,-0.012543,1.17551,0.0301731,-3.612,-0.00421944,0.00482686,-0.774722,1.8684,0.00592496,-0.776978,1.87316,-0.00193465,-0.690451,2.08001,-0.00160579,-0.690446,2.08154,-0.0390383,6.49932,-14.0239,-0.0566505,6.46916,-13.95,-0.22124,2.32274,-2.84459,-0.251688,2.31563,-2.89733,-0.291948,8.20588,-21,-0.358938,8.23482,-21,0.101716,0,-3.31642,0.0801304,0,-3.37959
2077,2,-0.0615501,0.999727,0.207893,0.99858,0.00150068,-0.0532417,0.00131493,-1.02044,-0.0125661,1.17192,0.030431,-3.65684,-0.00416396,0.00478779,-0.768222,1.85431,0.00586894,-0.770508,1.85915,-0.00213902,-0.68816,2.07722,-0.00184019,-0.688162,2.07869,-0.0390974,6.50082,-14.1544,-0.0553832,6.46988,-14.0797,-0.187493,2.26014,-2.74621,-0.217095,2.25227,-2.79737,-0.289611,8.12139,-21,-0.355497,8.15071,-21,0.116079,0,-3.2006,0.0963477,0,-3.26163
2078,2,-0.062573,0.999714,0.209063,0.99848,0.00151338,-0.0550781,0.0013148,-1.02548,-0.0125879,1.1681,0.0305765,-3.69967,-0.00412711,0.00474873,-0.76172,1.84009,0.00581413,-0.764037,1.845,-0.00231092,-0.68593,2.07452,-0.0020413,-0.68594,2.07594,-0.0390232,6.50406,-14.2836,-0.0542395,6.47238,-14.2082,-0.156319,2.19931,-2.65114,-0.185126,2.19074,-2.70078,-0.287267,8.03689,-21,-0.352136,8.06661,-21,0.128341,0,-3.08878,0.110411,0,-3.14773
2079,2,-0.063601,0.999702,0.210229,0.998376,0.00152609,-0.0569353,0.00131472,-1.03036,-0.0126084,1.16406,0.0306136,-3.74051,-0.00410865,0.00470981,-0.755213,1.82574,0.0057604,-0.757563,1.83073,-0.00245294,-0.683761,2.07192,-0.00221174,-0.683779,2.07329,-0.0388216,6.50905,-14.4116,-0.0532147,6.47666,-14.3354,-0.127708,2.14025,-2.5593,-0.155764,2.13104,-2.60746,-0.284924,7.95235,-21,-0.348848,7.98248,-21,0.138655,0,-2.98084,0.122478,0,-3.03777
2080,2,-0.0646337,0.999689,0.211391,0.998267,0.00153877,-0.0588121,0.00131466,-1.0351,-0.0126275,1.15981,0.0305464,-3.77936,-0.00410828,0.00467115,-0.748701,1.81127,0.00570764,-0.751083,1.81633,-0.0025676,-0.681649,2.0694,-0.00235411,-0.681677,2.07073,-0.0384987,6.5158,-14.5383,-0.0523044,6.48271,-14.4614,-0.101622,2.08294,-2.47059,-0.128965,2.07314,-2.51731,-0.282588,7.86777,-21,-0.345624,7.89832,-21,0.147176,0,-2.87663,0.132705,0,-2.9316
2081,2,-0.0656711,0.999677,0.212549,0.998154,0.00155135,-0.0607076,0.00131463,-1.03969,-0.0126451,1.15533,0.0303786,-3.81624,-0.00412565,0.00463287,-0.74218,1.79666,0.00565574,-0.744596,1.80181,-0.00265741,-0.679594,2.06697,-0.00247092,-0.679632,2.06825,-0.0380603,6.52429,-14.6639,-0.0515039,6.49053,-14.5863,-0.0779993,2.02736,-2.38491,-0.104663,2.01702,-2.43025,-0.280269,7.78311,-21,-0.342458,7.81408,-21,0.154056,0,-2.77603,0.141246,0,-2.82911
2082,2,-0.066713,0.999664,0.213702,0.998035,0.0015638,-0.0626208,0.00131462,-1.04413,-0.012661,1.15063,0.030114,-3.85116,-0.00416039,0.00459508,-0.735651,1.78194,0.00560458,-0.738101,1.78716,-0.00272479,-0.677593,2.06463,-0.00256464,-0.677642,2.06587,-0.0375122,6.53454,-14.7883,-0.0508088,6.50013,-14.71,-0.0567604,1.97351,-2.30218,-0.082771,1.96266,-2.34618,-0.277972,7.69835,-21,-0.339344,7.72975,-21,0.159445,0,-2.67892,0.148255,0,-2.73016
2083,2,-0.0677593,0.999651,0.21485,0.997912,0.00157606,-0.0645508,0.00131461,-1.04841,-0.0126754,1.1457,0.0297565,-3.88413,-0.00421203,0.00455789,-0.729111,1.76709,0.00555407,-0.731595,1.77239,-0.00277207,-0.675646,2.06237,-0.00263762,-0.675706,2.06356,-0.0368599,6.54654,-14.9116,-0.0502147,6.5115,-14.8326,-0.0378092,1.92135,-2.22231,-0.0631902,1.91006,-2.26501,-0.275705,7.61346,-21,-0.336275,7.64531,-21,0.163487,0,-2.58518,0.153878,0,-2.63463
2084,2,-0.0688097,0.999639,0.215993,0.997785,0.00158809,-0.0664964,0.00131461,-1.05255,-0.012688,1.14056,0.0293096,-3.91516,-0.0042801,0.00452141,-0.722557,1.75212,0.0055041,-0.725077,1.75749,-0.0028015,-0.67375,2.06018,-0.00269212,-0.673821,2.06133,-0.0361089,6.56028,-15.0338,-0.0497171,6.52464,-14.9541,-0.0210383,1.87089,-2.14521,-0.0458087,1.8592,-2.18664,-0.273474,7.52844,-21,-0.333244,7.56074,-21,0.166324,0,-2.49469,0.158257,0,-2.54241
2085,2,-0.0698643,0.999626,0.217131,0.997652,0.00159985,-0.0684568,0.00131461,-1.05653,-0.0126987,1.13518,0.0287767,-3.94426,-0.00436407,0.00448572,-0.715989,1.73702,0.00545459,-0.718545,1.74248,-0.00281518,-0.671903,2.05808,-0.00273028,-0.671987,2.05919,-0.0352645,6.57577,-15.1548,-0.0493118,6.53953,-15.0745,-0.00633129,1.82211,-2.07078,-0.0305065,1.81006,-2.11099,-0.271285,7.44324,-21,-0.330246,7.476,-21,0.16809,0,-2.40734,0.161527,0,-2.45337
2086,2,-0.0709227,0.999613,0.218263,0.997514,0.0016113,-0.070431,0.00131459,-1.06036,-0.0127076,1.12958,0.0281613,-3.97143,-0.00446338,0.00445093,-0.709405,1.72181,0.00540544,-0.711997,1.72735,-0.00281513,-0.670105,2.05604,-0.00275411,-0.6702,2.05711,-0.0343318,6.59299,-15.2748,-0.0489946,6.55618,-15.1939,0.00643456,1.775,-1.99895,-0.0171578,1.76263,-2.03798,-0.269143,7.35786,-21,-0.327275,7.39109,-21,0.168911,0,-2.32302,0.163817,0,-2.36742
2087,2,-0.0719849,0.9996,0.21939,0.997372,0.00162239,-0.0724179,0.00131457,-1.06403,-0.0127144,1.12374,0.0274666,-3.99668,-0.00457742,0.0044171,-0.702802,1.70647,0.00535656,-0.705432,1.71209,-0.00280322,-0.668352,2.05408,-0.0027655,-0.668461,2.05511,-0.0333156,6.61195,-15.3936,-0.0487614,6.57456,-15.3121,0.0173859,1.72956,-1.92963,-0.00563344,1.71692,-1.9675,-0.267056,7.27226,-21,-0.324326,7.30596,-21,0.168908,0,-2.24162,0.165246,0,-2.28444
2088,2,-0.0730507,0.999588,0.220511,0.997225,0.00163309,-0.0744167,0.00131452,-1.06755,-0.0127192,1.11768,0.0266957,-4.02002,-0.00470555,0.00438433,-0.69618,1.69102,0.00530787,-0.698847,1.69672,-0.0027812,-0.666645,2.05218,-0.00276622,-0.666766,2.05317,-0.0322208,6.63262,-15.5114,-0.0486083,6.59468,-15.4293,0.0266514,1.68578,-1.86274,0.00419739,1.6729,-1.89949,-0.265026,7.18643,-21,-0.321393,7.22061,-21,0.168193,0,-2.16305,0.16593,0,-2.20433
2089,2,-0.0741199,0.999575,0.221625,0.997073,0.00164331,-0.0764263,0.00131446,-1.0709,-0.0127208,1.11136,0.025674,-4.04135,-0.0048359,0.00435403,-0.689532,1.67545,0.00525923,-0.692242,1.68123,-0.0027506,-0.66498,2.05035,-0.00275803,-0.665114,2.05131,-0.0283912,6.66281,-15.6325,-0.0486709,6.61656,-15.5453,0.0345597,1.64379,-1.79819,0.0121859,1.63069,-1.8339,-0.26306,7.10034,-21,-0.318472,7.13501,-21,0.166872,0,-2.0872,0.165973,0,-2.12699
2090,2,-0.0751924,0.999562,0.222733,0.996916,0.00165295,-0.0784458,0.00131438,-1.07409,-0.0127166,1.1048,0.0244119,-4.06062,-0.00496894,0.00432875,-0.68285,1.65975,0.0052107,-0.685612,1.66563,-0.00271273,-0.663356,2.04858,-0.00274268,-0.663503,2.04951,-0.0221684,6.70251,-15.7567,-0.0484007,6.64191,-15.661,0.041184,1.60362,-1.73589,0.0185129,1.5903,-1.77064,-0.261242,7.01392,-21,-0.315554,7.04914,-21,0.165036,0,-2.01399,0.165482,0,-2.05232
2091,2,-0.076268,0.99955,0.223835,0.996754,0.00166189,-0.0804739,0.0013143,-1.07711,-0.0127047,1.09796,0.0230131,-4.07774,-0.00511251,0.00431065,-0.676122,1.64393,0.00516352,-0.678953,1.64991,-0.00266891,-0.661772,2.04688,-0.00272169,-0.661932,2.04777,-0.0140237,6.75187,-15.8841,-0.0459621,6.67694,-15.7799,0.0464567,1.56535,-1.67579,0.0234573,1.55186,-1.70964,-0.259725,6.92704,-21,-0.312642,6.96296,-21,0.162764,0,-1.9433,0.164561,0,-1.98023
2092,2,-0.0773466,0.999537,0.224929,0.996588,0.00167008,-0.0825097,0.00131421,-1.07995,-0.0126852,1.09084,0.0214743,-4.09264,-0.0052686,0.00430142,-0.669341,1.62798,0.00511969,-0.672254,1.63407,-0.00262042,-0.660225,2.04523,-0.00269639,-0.660399,2.04609,-0.00443333,6.81108,-16.0147,-0.0416977,6.72164,-15.9017,0.0505185,1.52901,-1.61779,0.0271576,1.51538,-1.65078,-0.258639,6.83959,-21,-0.309811,6.87639,-21,0.160134,0,-1.87507,0.163302,0,-1.91063
2093,2,-0.0784278,0.999524,0.226016,0.996417,0.00167744,-0.0845521,0.00131411,-1.08259,-0.0126577,1.08342,0.0197874,-4.10526,-0.00544106,0.0043022,-0.662495,1.6119,0.00508082,-0.665505,1.61811,-0.0025684,-0.658713,2.04364,-0.00266793,-0.658901,2.04446,0.0059873,6.88043,-16.1484,-0.036035,6.77615,-16.0266,0.0535134,1.49461,-1.5618,0.0297472,1.4809,-1.59398,-0.258085,6.75143,-21,-0.307181,6.7893,-21,0.157225,0,-1.8092,0.161783,0,-1.84342
2094,2,-0.0795117,0.999512,0.227096,0.996241,0.0016839,-0.0865998,0.001314,-1.08504,-0.0126222,1.0757,0.0179416,-4.11556,-0.00563613,0.0043134,-0.655575,1.59569,0.00504804,-0.658696,1.60202,-0.00251385,-0.657234,2.04211,-0.00263738,-0.657436,2.0429,0.016415,6.96032,-16.2852,-0.0295182,6.84067,-16.1545,0.0555871,1.46217,-1.50775,0.0313563,1.44842,-1.53916,-0.258132,6.66244,-21,-0.304849,6.70156,-21,0.154104,0,-1.74561,0.160076,0,-1.77852
2095,2,-0.0805978,0.999499,0.228167,0.99606,0.00168938,-0.0886516,0.00131386,-1.08728,-0.0125786,1.06765,0.0159211,-4.12349,-0.00586326,0.00433448,-0.648569,1.57933,0.00502184,-0.651818,1.5858,-0.00245761,-0.655788,2.04062,-0.00260565,-0.656003,2.04138,0.0257356,7.05123,-16.4249,-0.0228871,6.91553,-16.2854,0.0568905,1.43169,-1.45556,0.0321125,1.41796,-1.48625,-0.258804,6.57247,-21,-0.302883,6.61305,-21,0.150831,0,-1.68422,0.158243,0,-1.71586
2096,2,-0.0816861,0.999486,0.229231,0.995875,0.00169377,-0.0907064,0.0013137,-1.08929,-0.0125272,1.05927,0.0137073,-4.12904,-0.00613597,0.00436355,-0.641467,1.56283,0.00500183,-0.64486,1.56944,-0.00240038,-0.65437,2.03919,-0.00257352,-0.654599,2.03992,0.0324176,7.15366,-16.5673,-0.0171402,7.00113,-16.4193,0.0575793,1.40313,-1.40514,0.0321465,1.38952,-1.43517,-0.260069,6.4814,-21,-0.30131,6.52364,-21,0.147457,0,-1.62495,0.156339,0,-1.65535
2097,2,-0.0827763,0.999474,0.230286,0.995686,0.00169699,-0.092763,0.00131349,-1.09107,-0.0124682,1.05054,0.0112773,-4.1322,-0.00647317,0.00439695,-0.634256,1.54619,0.00498643,-0.63781,1.55296,-0.00234268,-0.65298,2.03781,-0.00254165,-0.653223,2.03851,0.0343861,7.26809,-16.7119,-0.0136588,7.09797,-16.556,0.0578204,1.37644,-1.3564,0.0315945,1.36305,-1.38584,-0.261813,6.38907,-21,-0.30011,6.43318,-21,0.144023,0,-1.56774,0.154411,0,-1.59692
2098,2,-0.0838681,0.999461,0.231332,0.995492,0.00169891,-0.0948202,0.00131321,-1.09261,-0.0124024,1.04147,0.00860432,-4.13303,-0.00690046,0.00442859,-0.626924,1.52941,0.00497243,-0.630658,1.53633,-0.00228487,-0.651616,2.03648,-0.00251055,-0.651872,2.03715,0.0288785,7.39475,-16.8578,-0.0143425,7.20653,-16.6953,0.0577952,1.35149,-1.30925,0.0306044,1.33846,-1.33818,-0.263817,6.29532,-21,-0.299186,6.34153,-21,0.140561,0,-1.5125,0.152499,0,-1.5405
2099,2,-0.0849614,0.999449,0.232368,0.995294,0.0016994,-0.0968769,0.0013128,-1.0939,-0.0123312,1.03204,0.00565718,-4.13163,-0.00745122,0.0044492,-0.61946,1.51248,0.00495437,-0.623391,1.51956,-0.00222712,-0.650277,2.03519,-0.00248058,-0.650545,2.03584,0.0123537,7.53341,-17.0038,-0.0217747,7.32719,-16.8367,0.0577054,1.32809,-1.26359,0.0293392,1.31562,-1.29209,-0.265715,6.20002,-21,-0.298346,6.24856,-21,0.137092,0,-1.45919,0.150633,0,-1.48602
2100,2,-0.0860558,0.999437,0.233396,0.995092,0.00169832,-0.0989319,0.00131223,-1.09493,-0.0122565,1.02227,0.00239919,-4.12818,-0.00816709,0.00444565,-0.611852,1.4954,0.0049238,-0.615998,1.50266,-0.00216938,-0.64896,2.03395,-0.00245192,-0.64924,2.03457,-0.0194686,7.68293,-17.1478,-0.0393698,7.46003,-16.9794,0.0577764,1.30594,-1.21932,0.0279776,1.29428,-1.24749,-0.266952,6.10298,-21,-0.297262,6.15409,-21,0.133627,0,-1.40774,0.148835,0,-1.43342
2101,2,-0.0871511,0.999425,0.234413,0.994886,0.00169571,-0.100984,0.00131139,-1.09568,-0.012198,1.0122,-0.000271253,-4.12321,-0.00904799,0.00440376,-0.604123,1.47824,0.00486872,-0.608466,1.48561,-0.00211193,-0.647664,2.03275,-0.00242396,-0.647956,2.03334,-0.0643088,7.77472,-17.1829,-0.0707845,7.60429,-17.122,0.0571212,1.28438,-1.17644,0.0279488,1.27387,-1.20408,-0.266739,6.00408,-21,-0.295428,6.05797,-21,0.130163,0,-1.35808,0.147115,0,-1.38263
2102,2,-0.088247,0.999412,0.23542,0.994676,0.00169215,-0.103034,0.00131023,-1.09621,-0.0121706,1.00193,-0.00122905,-4.11779,-0.00980145,0.00431592,-0.596326,1.46107,0.0047761,-0.600811,1.46845,-0.00205589,-0.646391,2.0316,-0.00239455,-0.646692,2.03216,-0.111357,7.81955,-17.163,-0.114451,7.70527,-17.1791,0.0549612,1.26249,-1.13508,0.030871,1.25311,-1.16145,-0.264225,5.9036,-21,-0.292123,5.96005,-21,0.126716,0,-1.31016,0.145437,0,-1.33359
2103,2,-0.0893434,0.9994,0.236417,0.994461,0.00168833,-0.10508,0.00130876,-1.09657,-0.0121589,0.991568,-0.00122137,-4.11285,-0.0103873,0.00418261,-0.588497,1.44392,0.00463881,-0.593082,1.45128,-0.00200201,-0.64514,2.03048,-0.00236124,-0.64545,2.03102,-0.155275,7.838,-17.1366,-0.160126,7.75259,-17.1634,0.0527889,1.23959,-1.09503,0.0357339,1.23118,-1.11979,-0.258955,5.80224,-21,-0.286566,5.86054,-21,0.123353,0,-1.26393,0.143673,0,-1.28628
2104,2,-0.0904401,0.999388,0.237403,0.994243,0.00168449,-0.107124,0.00130699,-1.0968,-0.0121509,0.981158,-0.00113219,-4.10873,-0.0109149,0.00400768,-0.58066,1.42679,0.00445771,-0.585319,1.43413,-0.00194973,-0.643912,2.02941,-0.00232277,-0.644231,2.02992,-0.194583,7.83624,-17.1117,-0.202084,7.77237,-17.1379,0.0517734,1.21549,-1.05617,0.0412124,1.20796,-1.07942,-0.250956,5.70046,-21,-0.278329,5.76006,-21,0.120121,0,-1.21933,0.141675,0,-1.24066
2105,2,-0.091537,0.999376,0.238379,0.994021,0.00168065,-0.109166,0.00130496,-1.09692,-0.0121441,0.970716,-0.00109372,-4.10537,-0.0114042,0.00379584,-0.572833,1.40969,0.004237,-0.577547,1.41701,-0.00189795,-0.642709,2.02837,-0.00227873,-0.643035,2.02886,-0.229098,7.81767,-17.0892,-0.239323,7.77188,-17.1133,0.0517979,1.19038,-1.01857,0.0468619,1.18366,-1.04045,-0.240461,5.59858,-21,-0.267462,5.65915,-21,0.116984,0,-1.17631,0.139366,0,-1.19667
2106,2,-0.0926339,0.999364,0.239344,0.993795,0.00167679,-0.111205,0.00130268,-1.09694,-0.0121381,0.960246,-0.00110997,-4.10265,-0.0118589,0.00355184,-0.565032,1.39261,0.00398148,-0.569784,1.39991,-0.00184576,-0.641532,2.02737,-0.00222909,-0.641864,2.02784,-0.258894,7.78487,-17.0689,-0.271717,7.75467,-17.0908,0.0525719,1.16446,-0.982279,0.0524344,1.15848,-1.00288,-0.22775,5.49683,-21,-0.25422,5.55811,-21,0.113877,0,-1.13481,0.136724,0,-1.15428
2107,2,-0.0937308,0.999352,0.240299,0.993565,0.00167287,-0.113243,0.00130018,-1.09687,-0.0121326,0.949754,-0.00116743,-4.10047,-0.0122801,0.00328033,-0.557269,1.37555,0.00369595,-0.562045,1.38282,-0.00179256,-0.640381,2.02641,-0.00217399,-0.640718,2.02685,-0.284129,7.74004,-17.0505,-0.299346,7.72335,-17.0704,0.0538279,1.1379,-0.94727,0.0577533,1.13258,-0.966679,-0.213111,5.39542,-21,-0.238889,5.45719,-21,0.110746,0,-1.09479,0.133745,0,-1.11341
2108,2,-0.0948276,0.99934,0.241244,0.993331,0.0016689,-0.115279,0.00129748,-1.09673,-0.0121274,0.939243,-0.00125312,-4.09875,-0.012669,0.00298576,-0.549557,1.35851,0.00338509,-0.554343,1.36576,-0.00173797,-0.639256,2.02547,-0.00211377,-0.639599,2.0259,-0.305004,7.68502,-17.0337,-0.32237,7.68005,-17.0519,0.0553487,1.11083,-0.913512,0.0626874,1.10611,-0.931805,-0.19682,5.2945,-21,-0.221757,5.35658,-21,0.107554,0,-1.0562,0.130439,0,-1.07402
2109,2,-0.0959242,0.999327,0.242178,0.993093,0.00166485,-0.117315,0.00129459,-1.09653,-0.0121223,0.928718,-0.00135679,-4.09741,-0.0130267,0.00267239,-0.541904,1.34148,0.00305341,-0.54669,1.34872,-0.00168182,-0.638159,2.02458,-0.00204886,-0.638506,2.02499,-0.32175,7.62139,-17.0184,-0.340996,7.62658,-17.035,0.0569644,1.08336,-0.880964,0.0671418,1.07918,-0.898212,-0.179146,5.19424,-21,-0.203106,5.25646,-21,0.104278,0,-1.01899,0.126826,0,-1.03605
2110,2,-0.0970206,0.999315,0.243101,0.99285,0.00166071,-0.119349,0.00129153,-1.09626,-0.0121174,0.918182,-0.00147064,-4.0964,-0.0133548,0.0023442,-0.534318,1.32447,0.00270518,-0.539094,1.33169,-0.00162406,-0.63709,2.02371,-0.00197976,-0.637441,2.0241,-0.33462,7.55051,-17.0043,-0.355463,7.56451,-17.0195,0.0585454,1.05558,-0.849586,0.0710523,1.05187,-0.865855,-0.160343,5.09475,-21,-0.183205,5.15697,-21,0.100909,0,-0.983097,0.122931,0,-0.999449
2111,2,-0.0981167,0.999303,0.244014,0.992604,0.0016565,-0.121382,0.00128832,-1.09594,-0.0121126,0.907638,-0.00158886,-4.09568,-0.0136546,0.00200495,-0.526806,1.30747,0.00234443,-0.531565,1.31468,-0.00156479,-0.636048,2.02288,-0.00190704,-0.636403,2.02325,-0.343877,7.47352,-16.9913,-0.366035,7.49516,-17.0053,0.0599956,1.02756,-0.819336,0.0743798,1.02427,-0.834689,-0.140652,4.99613,-21,-0.162311,5.05823,-21,0.0974437,0,-0.948486,0.118786,0,-0.964168
2112,2,-0.0992125,0.999291,0.244917,0.992353,0.0016522,-0.123414,0.00128496,-1.09557,-0.0121077,0.897088,-0.00170712,-4.09522,-0.0139278,0.00165812,-0.519373,1.29049,0.00197492,-0.524107,1.29768,-0.00150417,-0.635035,2.02207,-0.0018313,-0.635392,2.02243,-0.349794,7.39144,-16.9792,-0.372989,7.41968,-16.9921,0.0612464,0.999339,-0.790175,0.0771061,0.996436,-0.804671,-0.120297,4.89847,-21,-0.140666,4.96034,-21,0.0938875,0,-0.915108,0.114423,0,-0.930157
2113,2,-0.100308,0.999279,0.245808,0.992098,0.00164783,-0.125446,0.00128148,-1.09515,-0.0121028,0.886536,-0.00182225,-4.09498,-0.0141761,0.0013069,-0.512025,1.27352,0.00160012,-0.516728,1.2807,-0.00144242,-0.63405,2.0213,-0.00175313,-0.63441,2.02164,-0.352646,7.3051,-16.968,-0.37661,7.33905,-16.98,0.0622511,0.970977,-0.762063,0.0792297,0.968409,-0.775758,-0.0994871,4.80185,-21,-0.118495,4.86339,-21,0.0902503,0,-0.882918,0.109878,0,-0.89737
2114,2,-0.101403,0.999267,0.24669,0.991839,0.00164337,-0.127477,0.00127788,-1.0947,-0.0120979,0.875983,-0.00193202,-4.09494,-0.0144011,0.000954223,-0.504765,1.25655,0.00122322,-0.509431,1.26372,-0.00137981,-0.633093,2.02055,-0.00167314,-0.633456,2.02088,-0.352706,7.21524,-16.9576,-0.377184,7.25412,-16.9687,0.0629814,0.942502,-0.734964,0.0807626,0.940229,-0.747911,-0.078414,4.70633,-21,-0.0960073,4.76746,-21,0.0865453,0,-0.851873,0.105188,0,-0.865761
2115,2,-0.102497,0.999255,0.24756,0.991576,0.00163884,-0.129507,0.00127418,-1.09421,-0.0120928,0.865432,-0.00203488,-4.0951,-0.0146044,0.000602748,-0.497596,1.2396,0.000847134,-0.502221,1.24676,-0.0013166,-0.632165,2.01983,-0.00159189,-0.63253,2.02015,-0.350244,7.12251,-16.9478,-0.374997,7.16562,-16.9581,0.0634229,0.913941,-0.70884,0.0817276,0.911928,-0.72109,-0.0572534,4.61194,-21,-0.0733934,4.6726,-21,0.0827884,0,-0.821933,0.100388,0,-0.835288
2116,2,-0.103591,0.999243,0.248421,0.991309,0.00163425,-0.131537,0.00127038,-1.09369,-0.0120877,0.854884,-0.0021298,-4.09543,-0.0147878,0.000254866,-0.490521,1.22266,0.000474472,-0.495101,1.22981,-0.00125311,-0.631265,2.01913,-0.00150995,-0.631632,2.01944,-0.345521,7.02744,-16.9387,-0.370328,7.07418,-16.9482,0.0635728,0.885315,-0.683657,0.0821553,0.883529,-0.695257,-0.0361649,4.51875,-21,-0.050828,4.57888,-21,0.0789962,0,-0.793056,0.0955135,0,-0.805908
2117,2,-0.104685,0.999231,0.24927,0.991038,0.00162959,-0.133567,0.0012665,-1.09314,-0.0120824,0.844341,-0.00221622,-4.09594,-0.0149527,-8.73E-05,-0.483542,1.20572,0.000107583,-0.488074,1.21286,-0.0011896,-0.630394,2.01846,-0.00142783,-0.630763,2.01876,-0.338789,6.93052,-16.9301,-0.363449,6.98035,-16.939,0.0634367,0.856639,-0.659381,0.0820819,0.855051,-0.670376,-0.015292,4.42677,-21,-0.0284683,4.48632,-21,0.0751864,0,-0.765207,0.090597,0,-0.777581
2118,2,-0.105777,0.999218,0.250109,0.990762,0.00162487,-0.135597,0.00126254,-1.09257,-0.0120771,0.833805,-0.00229387,-4.09661,-0.0151007,-0.00042183,-0.476661,1.1888,-0.000251452,-0.481142,1.19593,-0.00112637,-0.629552,2.01781,-0.00134602,-0.629922,2.0181,-0.330292,6.83214,-16.922,-0.354622,6.88461,-16.9303,0.0630273,0.827924,-0.635979,0.0815482,0.826508,-0.646411,0.00523734,4.33605,-21,-0.006455,4.39496,-21,0.0713761,0,-0.738346,0.0856699,0,-0.750268
2119,2,-0.10687,0.999206,0.250938,0.990482,0.0016201,-0.137626,0.00125851,-1.09197,-0.0120716,0.823276,-0.00236275,-4.09743,-0.0152334,-0.000747105,-0.469878,1.17188,-0.000600812,-0.474306,1.179,-0.00106367,-0.628738,2.01719,-0.00126494,-0.62911,2.01746,-0.320259,6.73267,-16.9144,-0.344097,6.78737,-16.9221,0.0623617,0.799178,-0.613418,0.0805971,0.79791,-0.623327,0.0253098,4.24659,-21,0.0150871,4.30484,-21,0.0675821,0,-0.712439,0.080761,0,-0.723933
2120,2,-0.107961,0.999194,0.251756,0.990198,0.00161528,-0.139655,0.00125441,-1.09135,-0.0120661,0.812755,-0.00242304,-4.09842,-0.0153522,-0.00106169,-0.463196,1.15497,-0.000938917,-0.467567,1.16208,-0.00100176,-0.627954,2.01658,-0.00118501,-0.628326,2.01685,-0.30891,6.63241,-16.9072,-0.332113,6.68897,-16.9143,0.0614608,0.770406,-0.59167,0.0792728,0.769266,-0.601093,0.0448263,4.15842,-21,0.0360487,4.21597,-21,0.0638205,0,-0.687451,0.0758966,0,-0.698538
2121,2,-0.109052,0.999182,0.252563,0.98991,0.00161042,-0.141684,0.00125027,-1.09072,-0.0120605,0.802245,-0.00247508,-4.09955,-0.0154585,-0.00136437,-0.456614,1.13806,-0.00126442,-0.460928,1.14517,-0.000940859,-0.627198,2.016,-0.00110656,-0.627571,2.01626,-0.296449,6.53164,-16.9004,-0.318892,6.58974,-16.907,0.0603475,0.741613,-0.570702,0.0776199,0.740582,-0.579675,0.0637014,4.07154,-21,0.056335,4.12838,-21,0.0601058,0,-0.663349,0.0711005,0,-0.674049
2122,2,-0.110143,0.99917,0.25336,0.989617,0.00160552,-0.143714,0.00124607,-1.09007,-0.0120548,0.791744,-0.00251931,-4.10084,-0.0155537,-0.00165413,-0.450133,1.12117,-0.00157619,-0.454388,1.12827,-0.000881162,-0.62647,2.01544,-0.00102991,-0.626845,2.01569,-0.283069,6.43057,-16.8939,-0.304647,6.48995,-16.9001,0.0590461,0.7128,-0.550488,0.0756823,0.711863,-0.559042,0.0818622,3.98598,-21,0.0758652,4.04207,-21,0.0564516,0,-0.640101,0.0663937,0,-0.650434
2123,2,-0.111233,0.999158,0.254147,0.98932,0.00160058,-0.145743,0.00124182,-1.08941,-0.012049,0.781255,-0.00255627,-4.10227,-0.0156389,-0.00193014,-0.443753,1.10428,-0.0018733,-0.447948,1.11137,-0.000822849,-0.625772,2.0149,-0.000955318,-0.626147,2.01514,-0.26895,6.32942,-16.8878,-0.289572,6.38982,-16.8936,0.0575811,0.683968,-0.531,0.0735026,0.683112,-0.539166,0.0992478,3.90172,-21,0.0945713,3.95705,-21,0.0528697,0,-0.617678,0.0617946,0,-0.62766
2124,2,-0.112322,0.999146,0.254923,0.989019,0.00159561,-0.147772,0.00123754,-1.08873,-0.0120432,0.770778,-0.00258654,-4.10386,-0.0157154,-0.00219174,-0.437474,1.08739,-0.00215501,-0.441609,1.09448,-0.00076607,-0.625102,2.01438,-0.000883006,-0.625479,2.01461,-0.254256,6.22835,-16.882,-0.273851,6.28956,-16.8874,0.0559772,0.655119,-0.51221,0.0711215,0.654332,-0.520016,0.115808,3.81878,-21,0.112398,3.87333,-21,0.0493709,0,-0.596048,0.0573191,0,-0.605696
2125,2,-0.11341,0.999134,0.255688,0.988714,0.00159062,-0.149802,0.00123321,-1.08804,-0.0120373,0.760313,-0.00261073,-4.10559,-0.0157843,-0.00243844,-0.431296,1.07051,-0.00242076,-0.435369,1.0776,-0.000710952,-0.624462,2.01388,-0.000813157,-0.624839,2.0141,-0.23914,6.12753,-16.8765,-0.257651,6.18936,-16.8815,0.0542582,0.626252,-0.494093,0.0685776,0.625524,-0.501566,0.131504,3.73716,-21,0.129301,3.79091,-21,0.0459642,0,-0.575184,0.0529804,0,-0.584512
2126,2,-0.114498,0.999122,0.256444,0.988404,0.00158561,-0.151831,0.00122885,-1.08734,-0.0120314,0.749861,-0.00262949,-4.10746,-0.0158468,-0.00266988,-0.425218,1.05364,-0.00267015,-0.42923,1.06072,-0.000657599,-0.62385,2.01339,-0.000745914,-0.624228,2.01361,-0.223744,6.02708,-16.8712,-0.241128,6.08935,-16.8759,0.0524468,0.597367,-0.476625,0.0659069,0.596691,-0.483789,0.146306,3.65685,-21,0.145246,3.7098,-21,0.0426571,0,-0.555058,0.0487894,0,-0.56408
2127,2,-0.115585,0.99911,0.257188,0.98809,0.00158057,-0.153861,0.00122446,-1.08664,-0.0120255,0.739421,-0.00264348,-4.10948,-0.0159037,-0.00288585,-0.419241,1.03677,-0.00290293,-0.42319,1.04384,-0.000606094,-0.623267,2.01292,-0.00068139,-0.623645,2.01313,-0.208196,5.92711,-16.8663,-0.224423,5.98969,-16.8706,0.0505647,0.568464,-0.459781,0.0631428,0.567833,-0.466658,0.160193,3.57784,-21,0.160209,3.62999,-21,0.039456,0,-0.535643,0.0447549,0,-0.544373
2128,2,-0.116671,0.999098,0.257922,0.987772,0.00157552,-0.155892,0.00122004,-1.08592,-0.0120195,0.728995,-0.00265334,-4.11164,-0.0159561,-0.00308625,-0.413364,1.0199,-0.00311897,-0.41725,1.02698,-0.000556495,-0.622713,2.01247,-0.00061966,-0.623092,2.01268,-0.19261,5.82773,-16.8615,-0.207663,5.89048,-16.8656,0.0486317,0.539544,-0.443538,0.0603158,0.538952,-0.45015,0.173151,3.50014,-21,0.174176,3.55147,-21,0.0363656,0,-0.516915,0.0408834,0,-0.525364
2129,2,-0.117757,0.999086,0.258646,0.987449,0.00157045,-0.157923,0.00121559,-1.0852,-0.0120136,0.718582,-0.00265972,-4.11394,-0.0160047,-0.00327111,-0.407586,1.00305,-0.00331828,-0.411409,1.01011,-0.000508846,-0.622188,2.01204,-0.000560776,-0.622567,2.01223,-0.177093,5.72902,-16.857,-0.190964,5.79184,-16.8608,0.0466663,0.510605,-0.427875,0.0574536,0.510049,-0.43424,0.185175,3.42373,-21,0.187138,3.47425,-21,0.0333897,0,-0.498849,0.0371796,0,-0.507028
2130,2,-0.118841,0.999074,0.25936,0.987122,0.00156536,-0.159954,0.00121112,-1.08448,-0.0120077,0.708182,-0.00266324,-4.11638,-0.0160504,-0.00344052,-0.401906,0.986191,-0.00350098,-0.405666,0.993255,-0.000463171,-0.621692,2.01162,-0.000504758,-0.622072,2.01181,-0.161738,5.63106,-16.8528,-0.174431,5.69383,-16.8562,0.044685,0.481648,-0.41277,0.054581,0.481126,-0.418905,0.196266,3.34861,-21,0.199097,3.39832,-21,0.0305308,0,-0.48142,0.0336465,0,-0.48934
2131,2,-0.119925,0.999062,0.260063,0.986791,0.00156027,-0.161986,0.00120662,-1.08375,-0.0120018,0.697796,-0.0026645,-4.11895,-0.016094,-0.0035947,-0.396323,0.96934,-0.00366727,-0.400021,0.976401,-0.000419477,-0.621225,2.01121,-0.000451608,-0.621605,2.0114,-0.146628,5.53391,-16.8487,-0.158156,5.59655,-16.8519,0.0427026,0.452674,-0.398203,0.05172,0.452185,-0.404125,0.206431,3.27477,-21,0.210059,3.32366,-21,0.0277902,0,-0.464608,0.0302855,0,-0.472277
2132,2,-0.121009,0.99905,0.260755,0.986455,0.00155516,-0.164019,0.0012021,-1.08301,-0.0119959,0.687423,-0.00266407,-4.12165,-0.0161361,-0.00373394,-0.390837,0.952493,-0.00381746,-0.394473,0.959551,-0.000377759,-0.620786,2.01082,-0.000401303,-0.621167,2.011,-0.131837,5.43763,-16.8449,-0.14222,5.50006,-16.8478,0.0407324,0.423684,-0.384154,0.0488899,0.423227,-0.389876,0.215682,3.2022,-21,0.220036,3.25027,-21,0.0251686,0,-0.448388,0.0270965,0,-0.455817
2133,2,-0.122091,0.999038,0.261437,0.986115,0.00155004,-0.166052,0.00119755,-1.08228,-0.01199,0.677064,-0.00266249,-4.12447,-0.0161773,-0.00385857,-0.385447,0.93565,-0.00395192,-0.389021,0.942705,-0.000338,-0.620377,2.01044,-0.000353804,-0.620759,2.01062,-0.11743,5.34226,-16.8412,-0.126695,5.40442,-16.844,0.0387857,0.39468,-0.370604,0.0461073,0.394255,-0.37614,0.224036,3.13088,-21,0.229048,3.17815,-21,0.0226656,0,-0.432741,0.0240782,0,-0.439937
2134,2,-0.123173,0.999026,0.262109,0.98577,0.00154491,-0.168086,0.00119298,-1.08154,-0.0119842,0.666718,-0.00266028,-4.12742,-0.0162182,-0.00396902,-0.380152,0.918811,-0.00407109,-0.383663,0.925863,-0.000300171,-0.619997,2.01008,-0.000309057,-0.620379,2.01025,-0.103462,5.24785,-16.8377,-0.111642,5.30967,-16.8403,0.0368723,0.365662,-0.357535,0.0433865,0.365271,-0.362897,0.231514,3.06082,-21,0.237115,3.10727,-21,0.02028,0,-0.417646,0.0212283,0,-0.424616
2135,2,-0.124255,0.999014,0.262771,0.985421,0.00153896,-0.17012,0.00118829,-1.08072,-0.0119503,0.656279,-0.00577377,-4.12862,-0.017196,-0.00406951,-0.374993,0.902097,-0.00417651,-0.3784,0.909025,-0.000262793,-0.619645,2.00973,-0.000269554,-0.620027,2.00989,-0.0975203,5.07067,-16.5893,-0.0992067,5.21687,-16.8355,0.0378845,0.338367,-0.344866,0.0356211,0.338428,-0.351345,0.238141,2.99198,-20.7049,0.244265,3.03763,-21,0.0180103,0,-0.403083,0.0185434,0,-0.409836
2136,2,-0.125335,0.999002,0.263421,0.985069,0.00153149,-0.172151,0.0011834,-1.07937,-0.0119213,0.645138,-0.00852424,-4.11638,-0.0179637,-0.00418003,-0.370151,0.88606,-0.00428698,-0.373381,0.892643,-0.000228978,-0.619313,2.00938,-0.000241456,-0.619695,2.00954,-0.123522,4.61414,-15.4847,-0.121725,4.82126,-15.928,0.0297455,0.325472,-0.337098,0.0205742,0.32577,-0.344042,0.24417,2.92491,-19.3678,0.250591,2.9692,-19.922,0.0157676,0,-0.389035,0.0161732,0,-0.395551
2137,2,-0.126413,0.99899,0.264061,0.984713,0.00152343,-0.174175,0.0011785,-1.07821,-0.0119185,0.634007,-0.00807956,-4.10152,-0.0176224,-0.00431144,-0.365724,0.871064,-0.0044174,-0.368762,0.877224,-0.000206525,-0.618992,2.00905,-0.000227086,-0.619374,2.0092,-0.139301,4.23846,-14.5086,-0.139128,4.41756,-14.9099,0.0151607,0.317251,-0.329983,0.00816492,0.317198,-0.33592,0.250802,2.86196,-18.0848,0.257219,2.90395,-18.6114,0.0137387,0,-0.375396,0.0144874,0,-0.381643
2138,2,-0.127491,0.998978,0.264689,0.984354,0.00151557,-0.17619,0.00117369,-1.07728,-0.0119136,0.62292,-0.00787184,-4.08514,-0.0173692,-0.00445447,-0.36165,0.857016,-0.00456067,-0.364518,0.862787,-0.000198799,-0.618677,2.00873,-0.000225631,-0.619059,2.00887,-0.146757,3.90981,-13.5866,-0.147411,4.06984,-13.965,0.000290708,0.312109,-0.322432,-0.00525484,0.311866,-0.327905,0.258686,2.80442,-16.8851,0.265044,2.8439,-17.3779,0.0123915,0,-0.362054,0.0136252,0,-0.368044
2139,2,-0.128568,0.998966,0.265307,0.983993,0.00150783,-0.178196,0.00116898,-1.07654,-0.0119089,0.611871,-0.00766265,-4.06756,-0.0171188,-0.00460149,-0.357883,0.843862,-0.00470862,-0.3606,0.849266,-0.000205918,-0.618366,2.00841,-0.000237616,-0.618748,2.00855,-0.14728,3.62454,-12.7206,-0.148481,3.76702,-13.0759,-0.0145277,0.309615,-0.314779,-0.0187141,0.309225,-0.319915,0.267268,2.75145,-15.7613,0.27364,2.78873,-16.2229,0.011928,0,-0.349006,0.0135379,0,-0.354767
2140,2,-0.129644,0.998954,0.265913,0.98363,0.00150022,-0.180192,0.00116434,-1.07595,-0.0119043,0.600858,-0.00747672,-4.04908,-0.016881,-0.00474618,-0.354382,0.831549,-0.00485466,-0.356964,0.836608,-0.000227542,-0.618057,2.0081,-0.000262832,-0.618439,2.00823,-0.142096,3.37755,-11.9068,-0.1436,3.50436,-12.2405,-0.0287215,0.309285,-0.307085,-0.0317176,0.308777,-0.311948,0.276089,2.70248,-14.709,0.282517,2.73779,-15.1413,0.0123551,0,-0.336262,0.014257,0,-0.341811
2141,2,-0.13072,0.998943,0.266509,0.983264,0.00149271,-0.182178,0.00115979,-1.07551,-0.0118998,0.589877,-0.00731472,-4.03,-0.0166572,-0.00488336,-0.351111,0.820024,-0.00499341,-0.353573,0.82476,-0.000262846,-0.617747,2.00779,-0.00030062,-0.61813,2.00792,-0.132274,3.16444,-11.1423,-0.1339,3.27725,-11.4558,-0.0418854,0.310692,-0.299373,-0.0438582,0.310086,-0.303998,0.284771,2.65697,-13.7239,0.29128,2.69053,-14.1286,0.0136525,0,-0.323824,0.0157699,0,-0.329174
2142,2,-0.131795,0.998931,0.267093,0.982896,0.00148531,-0.184154,0.00115531,-1.07518,-0.0118955,0.578926,-0.00717771,-4.01053,-0.0164486,-0.00500888,-0.348038,0.809241,-0.00512054,-0.350394,0.813673,-0.000310649,-0.617435,2.0075,-0.000349965,-0.617819,2.00762,-0.118756,2.9813,-10.4244,-0.120365,3.08158,-10.7187,-0.0537216,0.313459,-0.291651,-0.0548325,0.312774,-0.296061,0.293002,2.61444,-12.8019,0.299605,2.64645,-13.1808,0.0157707,0,-0.311695,0.0180372,0,-0.316855
2143,2,-0.13287,0.998919,0.267666,0.982525,0.00147799,-0.18612,0.0011509,-1.07495,-0.0118914,0.568005,-0.00706536,-3.99089,-0.0162561,-0.00511944,-0.345135,0.799153,-0.00523265,-0.347396,0.8033,-0.000369523,-0.617119,2.00721,-0.000409594,-0.617504,2.00733,-0.102364,2.82463,-9.75027,-0.103852,2.91372,-10.0266,-0.0640251,0.317254,-0.283923,-0.0644249,0.316509,-0.288137,0.300533,2.5745,-11.9393,0.307232,2.60512,-12.2938,0.018639,0,-0.299875,0.0209979,0,-0.304854
2144,2,-0.133945,0.998907,0.268229,0.982153,0.00147074,-0.188076,0.00114655,-1.07481,-0.0118875,0.557113,-0.00697663,-3.97124,-0.0160799,-0.00521253,-0.342377,0.78972,-0.00532713,-0.344554,0.793598,-0.000437869,-0.6168,2.00693,-0.000478053,-0.617185,2.00705,-0.0838202,2.6913,-9.11745,-0.0851113,2.77041,-9.37686,-0.0726684,0.32179,-0.276192,-0.0724945,0.321,-0.280226,0.307166,2.53676,-11.1323,0.313959,2.56615,-11.464,0.0221714,0,-0.288363,0.0245756,0,-0.29317
2145,2,-0.13502,0.998895,0.268781,0.981778,0.00146355,-0.190021,0.00114226,-1.07474,-0.0118837,0.546248,-0.00690994,-3.95174,-0.0159202,-0.00528632,-0.339742,0.780899,-0.00540208,-0.341844,0.784526,-0.000513998,-0.616476,2.00666,-0.000553783,-0.616862,2.00677,-0.0637543,2.57853,-8.52352,-0.0647931,2.64874,-8.76699,-0.0795886,0.326816,-0.268463,-0.0789639,0.325999,-0.272333,0.312752,2.5009,-10.3776,0.319628,2.5292,-10.6879,0.0262722,0,-0.277161,0.0286832,0,-0.281802
2146,2,-0.136095,0.998883,0.269322,0.981402,0.00145641,-0.191955,0.00113801,-1.07473,-0.0118802,0.535411,-0.00686346,-3.93249,-0.0157768,-0.00533955,-0.337211,0.772654,-0.00545621,-0.339247,0.776045,-0.00059618,-0.616146,2.00639,-0.000635169,-0.616533,2.0065,-0.0427158,2.48382,-7.96624,-0.043464,2.5461,-8.1947,-0.084776,0.332117,-0.260743,-0.0838087,0.331287,-0.264462,0.317179,2.46665,-9.67193,0.324125,2.49398,-9.9621,0.0308399,0,-0.266268,0.033227,0,-0.270751
2147,2,-0.13717,0.998871,0.269852,0.981024,0.00144931,-0.19388,0.00113381,-1.07477,-0.0118768,0.524601,-0.00683519,-3.91362,-0.0156492,-0.0053715,-0.334767,0.764949,-0.00548875,-0.336744,0.768119,-0.000682701,-0.615811,2.00614,-0.000720597,-0.616199,2.00624,-0.0211815,2.40492,-7.44346,-0.0216141,2.46017,-7.6578,-0.0882644,0.337506,-0.253038,-0.0870481,0.336678,-0.256618,0.320373,2.43374,-9.01234,0.327373,2.46021,-9.28363,0.0357708,0,-0.255684,0.0381101,0,-0.260015
2148,2,-0.138244,0.998859,0.270371,0.980643,0.00144223,-0.195795,0.00112965,-1.07485,-0.0118735,0.513819,-0.00682312,-3.89519,-0.015537,-0.00538187,-0.332394,0.757751,-0.00549939,-0.334319,0.760713,-0.000771894,-0.615471,2.00589,-0.00080849,-0.61586,2.00599,0.000437111,2.33984,-6.95316,0.000334361,2.38886,-7.15421,-0.0901219,0.342823,-0.245358,-0.0887368,0.342012,-0.24881,0.32229,2.40197,-8.39595,0.329325,2.42767,-8.64953,0.040962,0,-0.245408,0.0432358,0,-0.249594
2149,2,-0.139319,0.998847,0.270879,0.980261,0.00143517,-0.1977,0.00112553,-1.07496,-0.0118705,0.503064,-0.00682528,-3.87729,-0.0154396,-0.00537076,-0.330081,0.751028,-0.00548821,-0.33196,0.753795,-0.000862176,-0.615126,2.00564,-0.000897337,-0.615515,2.00574,0.0217872,2.28679,-6.49345,0.02202,2.33029,-6.68199,-0.0904436,0.347934,-0.237712,-0.0889571,0.347153,-0.241045,0.322912,2.37113,-7.82009,0.329963,2.39615,-8.05705,0.0463136,0,-0.23544,0.0485094,0,-0.239485
2150,2,-0.140394,0.998836,0.271377,0.979877,0.00142812,-0.199596,0.00112143,-1.07509,-0.0118675,0.492338,-0.00683979,-3.85996,-0.0153564,-0.00533858,-0.327816,0.74475,-0.00545564,-0.329653,0.747334,-0.000952071,-0.614775,2.00541,-0.000985722,-0.615166,2.00551,0.0425691,2.24414,-6.0625,0.0431361,2.28279,-6.23928,-0.089345,0.352723,-0.23011,-0.0878129,0.351985,-0.233333,0.322246,2.34105,-7.28222,0.329293,2.36548,-7.5036,0.0517306,0,-0.225779,0.0538402,0,-0.229688
2151,3,-0.141476,0.998824,0.27187,0.9795,0.00142324,-0.201434,0.001118,-1.08865,-0.0118914,0.49286,0.000853401,-3.64364,-0.0107879,-0.00525302,-0.325366,0.738755,-0.00535755,-0.327159,0.741157,-0.000353578,-0.613021,1.99955,-0.000374855,-0.613415,1.99965,0.128553,2.65458,-5.9268,0.153035,2.70666,-6.11521,1.28633,3.1565,-11.4925,1.30955,3.14853,-11.4847,0.320315,3.46893,-6.77998,0.327338,3.57919,-6.98675,0.0571242,0,-21,0.0591433,0,-21
2152,3,-0.142567,0.998812,0.272359,0.979137,0.00142088,-0.203192,0.00111536,-1.09382,-0.0119199,0.486921,0.00195582,-3.53846,-0.00985209,-0.00510547,-0.322663,0.733086,-0.00518435,-0.324402,0.735307,0.0010423,-0.609399,1.98623,0.00104437,-0.609802,1.98634,0.166547,2.75128,-5.4114,0.193362,2.80639,-5.58473,1.50542,4.08704,-15.1368,1.5289,4.07786,-15.1301,0.315181,3.32197,-6.30041,0.321453,3.42951,-6.49257,0.0212147,0,-21,0.0224913,0,-21
2153,3,-0.143662,0.9988,0.272842,0.978779,0.00141871,-0.204909,0.00111284,-1.09631,-0.0119459,0.478961,0.00127992,-3.47522,-0.00996232,-0.00492578,-0.319881,0.727878,-0.00497936,-0.321563,0.729932,0.0024814,-0.605145,1.9705,0.00250426,-0.605558,1.97061,0.192828,2.81266,-5.00435,0.216614,2.87121,-5.16527,1.37278,4.4202,-16.3273,1.39089,4.41112,-16.3228,0.306328,3.1598,-5.84688,0.311061,3.26412,-6.02457,-0.062538,0,-21,-0.062662,0,-21
2154,3,-0.144759,0.998788,0.273317,0.978424,0.00141612,-0.206598,0.00111024,-1.09775,-0.0119679,0.470229,0.000260948,-3.42931,-0.0103358,-0.00472404,-0.317057,0.723068,-0.00475589,-0.318679,0.724968,0.00374282,-0.600658,1.95398,0.00378078,-0.601079,1.95409,0.210659,2.8359,-4.61515,0.230341,2.89721,-4.76375,1.15006,4.5542,-16.7205,1.16215,4.54547,-16.7176,0.295547,2.99288,-5.43025,0.298762,3.09379,-5.59457,-0.148884,0,-21,-0.150256,0,-21
2155,3,-0.145858,0.998776,0.273783,0.978071,0.00141304,-0.208266,0.00110752,-1.09874,-0.0119859,0.461165,-0.00067851,-3.39286,-0.0107324,-0.00450721,-0.31422,0.718632,-0.0045213,-0.31578,0.720388,0.00477796,-0.596072,1.93719,0.0048254,-0.596501,1.93731,0.223007,2.83792,-4.25776,0.238838,2.90157,-4.39484,0.920218,4.61857,-16.8549,0.927089,4.61019,-16.8529,0.283442,2.82342,-5.04547,0.285353,2.92074,-5.19741,-0.224569,0,-21,-0.226847,0,-21
2156,3,-0.146957,0.998764,0.274239,0.977717,0.00140951,-0.209918,0.00110468,-1.09946,-0.0120002,0.451918,-0.00144519,-3.36291,-0.0110892,-0.00428026,-0.31139,0.714539,-0.00428017,-0.312885,0.716164,0.00559204,-0.591434,1.92031,0.00564428,-0.591872,1.92043,0.230888,2.82203,-3.92717,0.243409,2.88761,-4.0535,0.707941,4.65628,-16.9054,0.710678,4.64824,-16.904,0.270432,2.65321,-4.69056,0.271278,2.74678,-4.83107,-0.286678,0,-21,-0.289524,0,-21
2157,3,-0.148057,0.998752,0.274686,0.977364,0.00140563,-0.211556,0.00110173,-1.09998,-0.0120115,0.442545,-0.00204022,-3.33824,-0.0113958,-0.00404732,-0.308584,0.710765,-0.0040361,-0.310012,0.712268,0.00620567,-0.586765,1.90339,0.00625909,-0.587211,1.90351,0.234994,2.79083,-3.6221,0.244746,2.85794,-3.73846,0.519322,4.68171,-16.9285,0.518932,4.67399,-16.9275,0.256815,2.48341,-4.36316,0.25681,2.5731,-4.49314,-0.335522,0,-21,-0.338657,0,-21
2158,3,-0.149157,0.99874,0.275124,0.977011,0.00140146,-0.213182,0.00109867,-1.10033,-0.0120201,0.433072,-0.00248917,-3.31818,-0.0116571,-0.0038119,-0.305815,0.707283,-0.00379208,-0.307176,0.708675,0.00664264,-0.582075,1.88646,0.00669452,-0.582528,1.88658,0.235831,2.74595,-3.34073,0.243279,2.81423,-3.44784,0.354611,4.69983,-16.9423,0.351936,4.69243,-16.9416,0.242839,2.31502,-4.06119,0.242166,2.40073,-4.18146,-0.37234,0,-21,-0.375545,0,-21
2159,3,-0.150257,0.998728,0.275553,0.976657,0.00139709,-0.214798,0.00109552,-1.10053,-0.0120266,0.423515,-0.00281991,-3.30228,-0.0118806,-0.00357707,-0.303098,0.704072,-0.00355076,-0.30439,0.705361,0.0069261,-0.577368,1.86951,0.0069745,-0.577829,1.86963,0.233839,2.68885,-3.08145,0.239368,2.75792,-3.17998,0.212309,4.71255,-16.9526,0.208027,4.70545,-16.9521,0.228714,2.14892,-3.78268,0.227525,2.23057,-3.89401,-0.398558,0,-21,-0.401671,0,-21
2160,3,-0.151358,0.998716,0.275971,0.976301,0.00139256,-0.216408,0.00109229,-1.1006,-0.0120313,0.413883,-0.00305684,-3.29012,-0.0120736,-0.00334544,-0.300443,0.70111,-0.00331441,-0.301666,0.702305,0.00707748,-0.572652,1.85255,0.00712107,-0.573119,1.85267,0.229416,2.62087,-2.84273,0.233339,2.69039,-2.93333,0.0904639,4.72075,-16.9612,0.085111,4.71394,-16.961,0.214624,1.98587,-3.52579,0.213046,2.0634,-3.62889,-0.415566,0,-21,-0.41847,0,-21
2161,3,-0.152458,0.998704,0.27638,0.975945,0.00138792,-0.218011,0.00108898,-1.10056,-0.0120344,0.404188,-0.00322001,-3.28135,-0.012242,-0.00311927,-0.297861,0.698377,-0.00308498,-0.299014,0.699485,0.00711626,-0.567929,1.83559,0.00715416,-0.568403,1.83571,0.222933,2.54332,-2.62313,0.225506,2.61295,-2.70638,-0.0129187,4.72498,-16.9688,-0.0189243,4.71846,-16.9687,0.200727,1.82658,-3.28882,0.198864,1.89995,-3.38436,-0.424649,0,-21,-0.427264,0,-21
2162,3,-0.153559,0.998692,0.27678,0.975586,0.00138319,-0.219611,0.0010856,-1.1004,-0.0120363,0.394436,-0.00332552,-3.27562,-0.0123905,-0.00290044,-0.295361,0.695855,-0.00286415,-0.296444,0.696883,0.00705992,-0.563204,1.81862,0.00709166,-0.563684,1.81874,0.214729,2.45743,-2.42128,0.216163,2.52685,-2.49775,-0.0997478,4.72567,-16.9755,-0.106083,4.71942,-16.9755,0.187156,1.67166,-3.07019,0.185099,1.74085,-3.15877,-0.426975,0,-21,-0.42925,0,-21
2163,3,-0.154659,0.99868,0.277169,0.975225,0.00137841,-0.221208,0.00108216,-1.10015,-0.012037,0.384635,-0.0033862,-3.27263,-0.0125226,-0.00269051,-0.29295,0.693527,-0.00265327,-0.293964,0.694481,0.00692415,-0.558479,1.80164,0.00694951,-0.558966,1.80176,0.205121,2.36442,-2.23591,0.205592,2.43334,-2.30612,-0.171809,4.72321,-16.9815,-0.178227,4.71723,-16.9816,0.174026,1.52163,-2.86841,0.171849,1.58666,-2.95061,-0.423595,0,-21,-0.4255,0,-21
2164,3,-0.155759,0.998668,0.277549,0.974862,0.00137359,-0.222803,0.00107865,-1.09981,-0.0120369,0.374792,-0.00341227,-3.27206,-0.0126412,-0.00249075,-0.290635,0.691376,-0.00245345,-0.291581,0.692262,0.00672286,-0.553759,1.78465,0.00674186,-0.554251,1.78477,0.194399,2.26544,-2.06581,0.194055,2.33357,-2.13024,-0.230754,4.71796,-16.9869,-0.237071,4.71223,-16.9871,0.161431,1.37698,-2.68212,0.159196,1.43785,-2.75845,-0.415449,0,-21,-0.41697,0,-21
2165,3,-0.156859,0.998656,0.277919,0.974496,0.00136874,-0.224398,0.00107509,-1.0994,-0.012036,0.364913,-0.00341189,-3.27364,-0.0127484,-0.00230214,-0.288421,0.689388,-0.00226552,-0.2893,0.690213,0.00646843,-0.549044,1.76766,0.00648123,-0.549543,1.76779,0.182828,2.16159,-1.90984,0.181796,2.22867,-1.96895,-0.278105,4.71026,-16.9917,-0.284184,4.70477,-16.9919,0.149445,1.23808,-2.51005,0.147207,1.29485,-2.581,-0.403372,0,-21,-0.404511,0,-21
2166,3,-0.157958,0.998644,0.278279,0.974127,0.00136389,-0.225994,0.00107148,-1.09893,-0.0120344,0.355001,-0.00339158,-3.2771,-0.0128459,-0.0021254,-0.286313,0.687549,-0.00209011,-0.287125,0.688318,0.00617176,-0.544339,1.75067,0.00617864,-0.544843,1.75079,0.170651,2.05391,-1.76693,0.169039,2.1197,-1.82115,-0.315253,4.70042,-16.9959,-0.320999,4.69515,-16.9961,0.138128,1.10527,-2.35103,0.135931,1.15798,-2.41703,-0.388106,0,-21,-0.388874,0,-21
2167,3,-0.159056,0.998632,0.278629,0.973755,0.00135903,-0.227591,0.00106781,-1.0984,-0.0120323,0.345063,-0.00335657,-3.28219,-0.012935,-0.00196103,-0.284315,0.685848,-0.00192759,-0.285062,0.686564,0.00584239,-0.539645,1.73367,0.00584373,-0.540153,1.73379,0.158084,1.94341,-1.63608,0.155987,2.00768,-1.6858,-0.34347,4.68873,-16.9996,-0.348816,4.68368,-16.9999,0.127524,0.978807,-2.20396,0.125406,1.02753,-2.26542,-0.370305,0,-21,-0.370718,0,-21
2168,3,-0.160155,0.99862,0.278969,0.97338,0.00135417,-0.22919,0.00106411,-1.09782,-0.0120298,0.3351,-0.00331106,-3.28868,-0.0130167,-0.00180933,-0.282428,0.684272,-0.00177819,-0.283111,0.68494,0.0054887,-0.534962,1.71667,0.00548491,-0.535476,1.71679,0.145322,1.83099,-1.51635,0.142825,1.89355,-1.56194,-0.36391,4.67548,-17.0029,-0.368817,4.67063,-17.0032,0.117662,0.858888,-2.06784,0.115656,0.903707,-2.12515,-0.350544,0,-21,-0.350624,0,-21
2169,3,-0.161252,0.998608,0.279299,0.973002,0.00134933,-0.230792,0.00106036,-1.09721,-0.0120269,0.325117,-0.00325843,-3.29637,-0.0130919,-0.0016704,-0.280653,0.68281,-0.00164192,-0.281275,0.683435,0.00511794,-0.530294,1.69967,0.00510947,-0.530813,1.69979,0.132539,1.71753,-1.40684,0.129716,1.77819,-1.44865,-0.377619,4.66091,-17.0058,-0.382066,4.65626,-17.0061,0.10856,0.745656,-1.94174,0.106691,0.78667,-1.99524,-0.329322,0,-21,-0.329095,0,-21
2170,3,-0.162349,0.998596,0.279619,0.972619,0.00134449,-0.232398,0.00105657,-1.09657,-0.0120236,0.315116,-0.00320141,-3.30505,-0.0131611,-0.00154419,-0.278993,0.681453,-0.00151866,-0.279555,0.682038,0.00473636,-0.525641,1.68266,0.00472368,-0.526164,1.68278,0.119887,1.60382,-1.30674,0.116804,1.66243,-1.34509,-0.385541,4.64527,-17.0084,-0.389523,4.6408,-17.0086,0.100224,0.6392,-1.82481,0.098515,0.676518,-1.87481,-0.307076,0,-21,-0.306568,0,-21
2171,3,-0.163445,0.998584,0.279929,0.972233,0.00133966,-0.234007,0.00105275,-1.0959,-0.0120201,0.3051,-0.00314217,-3.31455,-0.0132251,-0.00143049,-0.277445,0.680192,-0.00140815,-0.27795,0.680741,0.00434933,-0.521004,1.66565,0.00433289,-0.521531,1.66577,0.107498,1.49061,-1.21526,0.104214,1.54701,-1.25044,-0.388524,4.62878,-17.0106,-0.392048,4.62447,-17.0108,0.0926512,0.53956,-1.71627,0.0911194,0.5733,-1.76306,-0.284181,0,-21,-0.283421,0,-21
2172,3,-0.164541,0.998571,0.280229,0.971844,0.00133485,-0.23562,0.00104889,-1.09522,-0.0120164,0.295069,-0.00308248,-3.3247,-0.0132842,-0.001329,-0.276011,0.679019,-0.00131001,-0.27646,0.679533,0.0039614,-0.516384,1.64864,0.00394166,-0.516916,1.64876,0.0954845,1.37856,-1.13168,0.0920549,1.43264,-1.16398,-0.387329,4.61162,-17.0126,-0.39041,4.60747,-17.0128,0.0858296,0.446727,-1.61539,0.0844888,0.477017,-1.65924,-0.26096,0,-21,-0.259974,0,-21
2173,3,-0.165635,0.998559,0.280519,0.971449,0.0013299,-0.237241,0.00104494,-1.09372,-0.0120097,0.284377,-0.00354427,-3.34712,-0.0137191,-0.00124059,-0.274693,0.677923,-0.00122587,-0.27509,0.678406,0.00354662,-0.511887,1.63196,0.00352361,-0.512422,1.63208,0.0813327,1.25738,-1.05988,0.0762208,1.30922,-1.08981,-0.442227,4.38166,-16.3392,-0.445699,4.37979,-16.3459,0.0797402,0.360652,-1.52151,0.0786007,0.387627,-1.56267,-0.237684,0,-19.8912,-0.2365,0,-19.9007
2174,3,-0.166728,0.998547,0.280798,0.971049,0.00132463,-0.238873,0.00104085,-1.09183,-0.0120022,0.273337,-0.00406963,-3.37569,-0.0141975,-0.00116676,-0.273498,0.676896,-0.00115803,-0.273844,0.677351,0.0030694,-0.507672,1.61612,0.00304238,-0.508208,1.61622,0.0663312,1.13338,-0.994371,0.0594765,1.18277,-1.02189,-0.512222,4.04881,-15.3547,-0.516753,4.04793,-15.3632,0.0744357,0.281574,-1.43385,0.0735525,0.305371,-1.47251,-0.212797,0,-18.5571,-0.211417,0,-18.5663
2175,3,-0.167819,0.998535,0.281066,0.970643,0.00131907,-0.240519,0.00103661,-1.08987,-0.0119934,0.262206,-0.00449146,-3.40554,-0.0146175,-0.00110766,-0.272425,0.675932,-0.00110643,-0.272722,0.67636,0.00252788,-0.503798,1.60127,0.00249594,-0.504335,1.60137,0.0518648,1.01258,-0.934312,0.0437173,1.05944,-0.959626,-0.570801,3.69877,-14.333,-0.576129,3.69837,-14.3417,0.0700058,0.209851,-1.35168,0.0694816,0.230612,-1.38805,-0.184164,0,-17.2893,-0.182543,0,-17.2979
2176,3,-0.168908,0.998523,0.281322,0.97023,0.00131326,-0.242179,0.00103224,-1.08796,-0.0119836,0.251064,-0.00479036,-3.43512,-0.0149641,-0.00106252,-0.27147,0.675025,-0.00106984,-0.271722,0.675429,0.00193622,-0.50027,1.58743,0.00189877,-0.500807,1.58752,0.0384165,0.897029,-0.879185,0.0294681,0.941308,-0.902486,-0.612529,3.35713,-13.3522,-0.618222,3.357,-13.3605,0.0664599,0.145473,-1.27453,0.0663857,0.163345,-1.30878,-0.151673,0,-16.1018,-0.149757,0,-16.1097
2177,3,-0.169996,0.998512,0.281568,0.969813,0.00129558,-0.243846,0.00101879,-1.08806,-0.0109455,0.241164,-0.04171,-3.43814,-0.0613938,-0.000991297,-0.270623,0.674182,-0.00107796,-0.270816,0.674552,0.00132006,-0.497067,1.57454,0.00154377,-0.498687,1.57952,0.104036,0.795643,-0.8065,-0.0457155,0.870233,-0.851804,-0.619786,3.04932,-12.4332,-0.09176,0.882659,-2.64253,0.0637514,0.0881845,-1.20199,0.0641902,0.103323,-1.2343,-0.116173,0,-14.9944,-0.113926,0,-15.0017
2178,3,-0.171087,0.998502,0.281807,0.969399,0.00122266,-0.245487,0.00098131,-1.09477,-0.00983302,0.237307,-0.195775,-3.3339,-0.161956,-0.000769957,-0.269829,0.673435,-0.0012137,-0.269931,0.673737,0.00114,-0.495055,1.56698,0.00144406,-0.497414,1.57643,0.338644,0.79329,-0.688443,-0.225754,0.900002,-0.77736,0.259667,0.974079,-2.68729,-0.107675,1.66418,-3.53953,0.0594778,0.0374043,-1.13456,0.0646776,0.0489765,-1.16413,-0.0792038,0,-13.963,-0.0926265,0,-14.3615
2179,3,-0.172187,0.998492,0.282045,0.968999,0.00111795,-0.247059,0.000932366,-1.10571,-0.00956219,0.238639,-0.154064,-3.15296,-0.136769,-0.000446362,-0.268982,0.672767,-0.00137739,-0.269003,0.673035,0.00143172,-0.493678,1.56384,0.00141527,-0.495357,1.57248,0.308546,0.900131,-0.645701,-0.101631,0.957181,-0.627662,0.323773,1.78102,-3.57866,0.0500924,2.44927,-4.36384,0.0461974,-0.0102637,-1.07477,0.0728217,-0.00413056,-1.09896,-0.0684002,0,-13.3582,-0.0866434,0,-14.1143
2180,3,-0.173298,0.998482,0.282284,0.968618,0.0010344,-0.248549,0.00088979,-1.11512,-0.00934509,0.238553,-0.120463,-2.99904,-0.116072,-0.00015232,-0.268057,0.67216,-0.00142898,-0.268019,0.672433,0.00178155,-0.491551,1.55989,0.00152617,-0.492568,1.56776,0.279539,0.950891,-0.569367,-0.00155749,1.00934,-0.575094,0.375886,2.47339,-4.32594,0.171717,3.12902,-5.07912,0.0267817,-0.0610663,-1.0214,0.0826433,-0.059846,-1.04276,-0.0859034,0,-13.1076,-0.0849159,0,-13.7981
2181,4,-0.174401,0.998473,0.282516,0.968221,0.00096541,-0.250092,0.000851644,-1.09121,-0.00913829,0.22611,-0.101767,-3.37465,-0.10528,2.35E-05,-0.267327,0.671497,-0.00149616,-0.267235,0.671764,0.00184218,-0.491871,1.55985,0.00140381,-0.492312,1.56706,0.0721515,0.508598,-0.757125,-0.132799,0.559899,-0.762602,-0.254622,-3.11358,4.23332,-0.416445,-2.61668,3.69827,0.00913917,-0.116597,-0.972797,0.0857389,-0.118842,-0.994651,-0.106893,-13,4.00863,-0.0915702,-13,3.3796
2182,4,-0.175486,0.998464,0.282739,0.967786,0.000906619,-0.251773,0.000816512,-1.07915,-0.00894303,0.218827,-0.0833743,-3.56935,-0.0945996,2.89E-05,-0.266969,0.670771,-0.00165959,-0.266829,0.671034,0.00158727,-0.496252,1.5647,0.00101696,-0.496249,1.57143,-0.0614181,0.207489,-0.693401,-0.194067,0.252191,-0.698021,-0.255206,-5.64863,5.47138,-0.357246,-5.25787,5.03874,-0.00141153,-0.160382,-0.919737,0.0897696,-0.165919,-0.941143,-0.110531,-13,4.01234,-0.0842284,-13,3.43483
2183,4,-0.176561,0.998455,0.282954,0.967326,0.000856915,-0.253533,0.00078404,-1.07106,-0.00878006,0.212269,-0.0689164,-3.70862,-0.0860449,-7.93E-05,-0.266858,0.67008,-0.00187134,-0.266675,0.670337,0.0013916,-0.502618,1.57019,0.000741275,-0.502269,1.5765,-0.154936,0.0152126,-0.689966,-0.229433,0.0544208,-0.695306,-0.136126,-7.08286,5.50655,-0.194126,-6.7808,5.10042,-0.00173353,-0.181864,-0.861716,0.0995756,-0.190281,-0.882718,-0.0952362,-13,3.62415,-0.0610176,-13,3.08535
2184,4,-0.17763,0.998447,0.283163,0.966847,0.000814211,-0.255353,0.000753682,-1.0655,-0.00865198,0.205781,-0.0581838,-3.81894,-0.0794641,-0.000268992,-0.266915,0.669399,-0.00211303,-0.266697,0.669651,0.00132329,-0.509909,1.57588,0.000621905,-0.50928,1.58181,-0.224479,-0.130906,-0.671968,-0.253937,-0.0969396,-0.677749,-0.000513066,-7.50088,5.86944,-0.0446141,-7.24286,5.52082,0.00475707,-0.188545,-0.806382,0.112281,-0.19948,-0.826985,-0.0834963,-13,3.18503,-0.0444765,-13,2.67978
2185,4,-0.178693,0.998438,0.283366,0.966352,0.000777,-0.257221,0.000725013,-1.06129,-0.00853778,0.19995,-0.0491981,-3.9095,-0.0740067,-0.000520341,-0.267102,0.668736,-0.0023752,-0.266852,0.668982,0.00139432,-0.51742,1.58172,0.000652981,-0.516545,1.58733,-0.278219,-0.2421,-0.653533,-0.270401,-0.213115,-0.659159,0.142573,-7.52052,5.82376,0.106767,-7.28655,5.51238,0.0161395,-0.185075,-0.751904,0.126782,-0.198204,-0.772063,-0.0793971,-13,2.72999,-0.0373143,-13,2.25494
2186,4,-0.179752,0.99843,0.283564,0.965842,0.000744413,-0.259129,0.00069773,-1.05766,-0.00843616,0.194564,-0.0415758,-3.99071,-0.0694345,-0.000820182,-0.267389,0.668092,-0.00265179,-0.267112,0.668332,0.00159733,-0.524875,1.58745,0.000822455,-0.523773,1.59276,-0.321463,-0.332176,-0.635195,-0.282787,-0.307746,-0.640698,0.263462,-7.38852,5.63447,0.232181,-7.16867,5.34945,0.0312205,-0.173884,-0.698884,0.142512,-0.188903,-0.718587,-0.0836589,-13,2.26226,-0.0391789,-13,1.81361
2187,4,-0.180808,0.998421,0.283756,0.965318,0.000715763,-0.261074,0.000671593,-1.05428,-0.00834577,0.189516,-0.0350305,-4.067,-0.0655682,-0.0011593,-0.267759,0.667466,-0.00293949,-0.267459,0.667701,0.00190688,-0.532168,1.59297,0.00110167,-0.530851,1.598,-0.356768,-0.407162,-0.617076,-0.292622,-0.38694,-0.62241,0.355634,-7.19875,5.40014,0.326259,-6.98812,5.13557,0.0492109,-0.156656,-0.647335,0.159107,-0.173277,-0.666592,-0.09584,-13,1.80393,-0.0493473,-13,1.37913
2188,4,-0.181861,0.998413,0.283943,0.964781,0.000690502,-0.263054,0.000646409,-1.05101,-0.00826517,0.184741,-0.0293489,-4.14046,-0.062279,-0.00153045,-0.268197,0.666857,-0.00323607,-0.26788,0.667087,0.0022949,-0.539261,1.59825,0.00146039,-0.537737,1.60303,-0.385547,-0.470021,-0.59922,-0.30052,-0.453672,-0.604382,0.420395,-6.98752,5.157,0.391166,-6.78362,4.90939,0.0695578,-0.134476,-0.597244,0.17637,-0.152436,-0.616068,-0.114413,-13,1.36255,-0.0661005,-13,0.959733
2189,4,-0.18291,0.998405,0.284125,0.964229,0.000668188,-0.265068,0.000622016,-1.0478,-0.00819307,0.180194,-0.0243685,-4.21222,-0.0594719,-0.00192759,-0.268694,0.666267,-0.00353971,-0.268361,0.666492,0.00273581,-0.54614,1.60328,0.00187159,-0.544414,1.60782,-0.408717,-0.522493,-0.581624,-0.30677,-0.509697,-0.586623,0.461434,-6.76933,4.91796,0.431249,-6.57084,4.68504,0.0918273,-0.10816,-0.548592,0.194164,-0.127218,-0.566996,-0.137694,-13,0.940263,-0.0876232,-13,0.557934
2190,4,-0.183957,0.998396,0.284303,0.963664,0.000648456,-0.267115,0.000598277,-1.0446,-0.00812835,0.17584,-0.0199642,-4.283,-0.0570746,-0.00234542,-0.269238,0.665694,-0.00384887,-0.268894,0.665914,0.00320797,-0.5528,1.60809,0.00231279,-0.550878,1.6124,-0.426956,-0.565793,-0.56428,-0.311546,-0.556243,-0.569129,0.482892,-6.55034,4.68729,0.451144,-6.35653,4.46743,0.115655,-0.0783851,-0.501359,0.212383,-0.0983168,-0.519356,-0.164149,-13,0.537265,-0.112296,-13,0.174157
2191,4,-0.185,0.998388,0.284477,0.963085,0.000631002,-0.269195,0.000575072,-1.0414,-0.00807007,0.171651,-0.0160382,-4.35334,-0.0550305,-0.00277931,-0.269821,0.665138,-0.00416213,-0.26947,0.665354,0.00369376,-0.559242,1.61266,0.00276593,-0.557128,1.61676,-0.440815,-0.600885,-0.547176,-0.314979,-0.594288,-0.551893,0.488684,-6.33348,4.46608,0.455126,-6.14393,4.25798,0.140725,-0.0457365,-0.455523,0.230932,-0.0663385,-0.473126,-0.192478,-13,0.153055,-0.138767,-13,-0.191942
2192,4,-0.186039,0.99838,0.284647,0.962492,0.000615575,-0.271308,0.000552296,-1.03818,-0.00801745,0.167602,-0.0125129,-4.42365,-0.053294,-0.0032251,-0.270436,0.6646,-0.00447821,-0.270079,0.66481,0.00417924,-0.565468,1.61702,0.00321695,-0.563167,1.62092,-0.450762,-0.628593,-0.530303,-0.317182,-0.624667,-0.534903,0.48228,-6.12034,4.25426,0.446917,-5.93484,4.05687,0.166758,-0.0107362,-0.411064,0.249728,-0.0318226,-0.428285,-0.221626,-13,-0.21308,-0.165956,-13,-0.540958
2193,4,-0.187076,0.998372,0.284812,0.961885,0.000601957,-0.273453,0.000529853,-1.03492,-0.00796982,0.163673,-0.00932563,-4.49427,-0.0518272,-0.00367908,-0.271075,0.664078,-0.00479593,-0.270715,0.664284,0.00465371,-0.571485,1.62118,0.00365523,-0.569,1.62488,-0.457211,-0.649643,-0.51365,-0.318261,-0.64812,-0.518151,0.466649,-5.912,4.05143,0.429649,-5.73044,3.86387,0.193506,0.0261482,-0.367965,0.268693,0.00474605,-0.384813,-0.250755,-13,-0.561894,-0.193017,-13,-0.873552
2194,4,-0.188109,0.998364,0.284974,0.961263,0.000589966,-0.275631,0.000507662,-1.03161,-0.00792661,0.159845,-0.00642479,-4.56548,-0.0505981,-0.00413795,-0.271732,0.663572,-0.00511422,-0.271372,0.663774,0.00510917,-0.577295,1.62513,0.00407301,-0.574631,1.62865,-0.460529,-0.664687,-0.497209,-0.318312,-0.665311,-0.501625,0.444271,-5.70922,3.8571,0.405903,-5.53157,3.67863,0.220745,0.0644953,-0.326207,0.287756,0.0429296,-0.342691,-0.279222,-13,-0.894121,-0.219314,-13,-1.19038
2195,4,-0.189139,0.998356,0.285132,0.960626,0.000579444,-0.277842,0.000485646,-1.02824,-0.00788731,0.156104,-0.00376717,-4.6375,-0.0495788,-0.00459874,-0.272402,0.663083,-0.00543209,-0.272043,0.66328,0.00553989,-0.582906,1.62889,0.00446483,-0.580066,1.63224,-0.46105,-0.674311,-0.480972,-0.317424,-0.676843,-0.485317,0.417173,-5.51262,3.67082,0.377754,-5.3389,3.5008,0.248277,0.103925,-0.285773,0.306853,0.0823326,-0.3019,-0.30655,-13,-1.21046,-0.24438,-13,-1.49208
2196,4,-0.190166,0.998349,0.285286,0.959975,0.000570257,-0.280086,0.000463739,-1.02482,-0.00785146,0.152436,-0.00131572,-4.7105,-0.0487445,-0.00505881,-0.273078,0.66261,-0.00574864,-0.272723,0.662803,0.00594196,-0.588324,1.63248,0.00482713,-0.585312,1.63566,-0.459078,-0.679046,-0.464931,-0.315677,-0.683259,-0.469218,0.38697,-5.32268,3.49216,0.346835,-5.15294,3.33004,0.275925,0.144095,-0.246645,0.325925,0.122597,-0.262422,-0.332393,-13,-1.51158,-0.26789,-13,-1.77926
2197,4,-0.191189,0.998341,0.285437,0.959307,0.00056229,-0.282364,0.000441881,-1.02133,-0.00781863,0.148833,0.000961915,-4.78463,-0.0480729,-0.00551579,-0.273757,0.662153,-0.00606305,-0.273407,0.662342,0.00631291,-0.593555,1.63588,0.00515774,-0.590376,1.6389,-0.454888,-0.679375,-0.449083,-0.313143,-0.685057,-0.453319,0.354921,-5.13978,3.32075,0.314392,-4.97407,3.16606,0.303528,0.184696,-0.208809,0.344918,0.1634,-0.224241,-0.356518,-13,-1.7981,-0.289628,-13,-2.05249
2198,4,-0.192208,0.998333,0.285584,0.958623,0.000555447,-0.284677,0.000420017,-1.01778,-0.0077884,0.145284,0.0030946,-4.86,-0.0475435,-0.0059676,-0.274435,0.661712,-0.00637456,-0.274091,0.661896,0.00665135,-0.598607,1.63912,0.00545561,-0.595264,1.64199,-0.448738,-0.675737,-0.433421,-0.309888,-0.682689,-0.437616,0.321974,-4.9642,3.15625,0.281349,-4.80257,3.00859,0.330947,0.225448,-0.172249,0.363783,0.20445,-0.18734,-0.378774,-13,-2.07061,-0.309465,-13,-2.31234
2199,4,-0.193224,0.998325,0.285727,0.957923,0.000549644,-0.287024,0.000398102,-1.01415,-0.00776039,0.141783,0.00510842,-4.93667,-0.0471368,-0.0064124,-0.275107,0.661286,-0.00668249,-0.274771,0.661466,0.00695675,-0.603487,1.6422,0.00572047,-0.599985,1.64492,-0.440863,-0.668534,-0.417945,-0.30597,-0.676572,-0.422102,0.288815,-4.79614,2.99837,0.248358,-4.63864,2.8574,0.358056,0.266102,-0.136949,0.382474,0.245482,-0.151702,-0.399081,-13,-2.32969,-0.327337,-13,-2.55932
2200,4,-0.194237,0.998317,0.285867,0.957206,0.000544815,-0.289406,0.000376093,-1.01045,-0.00773424,0.138324,0.00702725,-5.0147,-0.046835,-0.00684858,-0.275771,0.660876,-0.0069862,-0.275443,0.661052,0.00722911,-0.608203,1.64512,0.00595257,-0.604545,1.64771,-0.431483,-0.658136,-0.402653,-0.301442,-0.667088,-0.406776,0.255918,-4.63572,2.84681,0.215856,-4.48237,2.71223,0.384744,0.30643,-0.102894,0.40095,0.28626,-0.117313,-0.417405,-13,-2.57588,-0.343228,-13,-2.79396
2201,4,-0.195245,0.99831,0.286004,0.956472,0.000540906,-0.291824,0.000353954,-1.00668,-0.00770958,0.134904,0.00887302,-5.09412,-0.0466207,-0.00727472,-0.276422,0.660481,-0.0072851,-0.276104,0.660653,0.00746886,-0.612763,1.6479,0.00615255,-0.608953,1.65035,-0.420804,-0.644884,-0.387547,-0.296354,-0.654592,-0.391637,0.223583,-4.483,2.70133,0.184106,-4.3338,2.57286,0.410915,0.34623,-0.0700699,0.419172,0.32657,-0.0841583,-0.433747,-13,-2.80969,-0.357154,-13,-3.01675
2202,4,-0.19625,0.998302,0.286137,0.955719,0.000537876,-0.294279,0.000331655,-1.00284,-0.00768608,0.131517,0.0106659,-5.17495,-0.0464776,-0.00768963,-0.277059,0.660101,-0.00757865,-0.276751,0.660269,0.00767664,-0.617173,1.65053,0.00632123,-0.613217,1.65286,-0.409016,-0.629096,-0.372629,-0.290754,-0.639415,-0.376687,0.191976,-4.33797,2.56166,0.153242,-4.1929,2.43907,0.436483,0.385321,-0.0384619,0.437106,0.36622,-0.0522218,-0.448132,-13,-3.03161,-0.369153,-13,-3.22815
2203,4,-0.197251,0.998294,0.286267,0.954949,0.000535693,-0.29677,0.000309169,-0.998937,-0.00766343,0.128161,0.0124244,-5.25719,-0.0463904,-0.00809229,-0.277679,0.659735,-0.00786637,-0.277381,0.659899,0.00785321,-0.621442,1.65302,0.0064595,-0.617343,1.65523,-0.396299,-0.611071,-0.357906,-0.284686,-0.621867,-0.361929,0.161161,-4.2006,2.42755,0.123303,-4.05959,2.31063,0.461378,0.42354,-0.0080549,0.454719,0.40504,-0.0214888,-0.460599,-13,-3.24213,-0.379274,-13,-3.42863
2204,4,-0.198248,0.998287,0.286394,0.954159,0.00053434,-0.299299,0.000286475,-0.994963,-0.00764134,0.124834,0.0141652,-5.34084,-0.0463445,-0.00848185,-0.27828,0.659385,-0.00814781,-0.277993,0.659545,0.00799936,-0.625578,1.65538,0.00656828,-0.62134,1.65748,-0.38282,-0.591087,-0.343385,-0.278194,-0.60224,-0.347369,0.131131,-4.0708,2.29878,0.0942612,-3.93378,2.18731,0.485537,0.460745,0.0211665,0.471982,0.442879,0.00805577,-0.471193,-13,-3.4417,-0.38757,-13,-3.61862
2205,4,-0.199241,0.998279,0.286517,0.95335,0.000533806,-0.301866,0.000263557,-0.990923,-0.00761956,0.121534,0.0159032,-5.4259,-0.0463264,-0.00885762,-0.27886,0.659049,-0.00842257,-0.278585,0.659204,0.00811583,-0.629588,1.65762,0.00664844,-0.625214,1.65961,-0.368734,-0.569409,-0.329073,-0.271323,-0.580808,-0.333016,0.101823,-3.94847,2.17511,0.0660442,-3.81532,2.06889,0.508911,0.49681,0.0492182,0.488869,0.479602,0.0364277,-0.479961,-13,-3.63075,-0.394097,-13,-3.79853
2206,4,-0.20023,0.998271,0.286637,0.952521,0.000534088,-0.304472,0.000240401,-0.986821,-0.00759786,0.118258,0.0176515,-5.51234,-0.0463236,-0.00921908,-0.279418,0.658727,-0.00869029,-0.279154,0.658879,0.00820332,-0.633479,1.65974,0.00670073,-0.628974,1.66162,-0.354186,-0.546284,-0.314983,-0.264118,-0.557831,-0.31888,0.0731428,-3.83347,2.0563,0.0385531,-3.70406,1.95515,0.531457,0.531625,0.0761165,0.505354,0.515093,0.0636431,-0.48695,-13,-3.80971,-0.398906,-13,-3.96878
2207,4,-0.201214,0.998264,0.286753,0.951671,0.000535194,-0.307117,0.000217,-0.982658,-0.00757604,0.115006,0.019421,-5.60014,-0.0463247,-0.00956583,-0.279952,0.658418,-0.00895066,-0.2797,0.658567,0.00826238,-0.637258,1.66174,0.00672585,-0.632626,1.66352,-0.33931,-0.521948,-0.301125,-0.256622,-0.533555,-0.304971,0.0449728,-3.72568,1.94216,0.0116736,-3.59985,1.84587,0.553145,0.565096,0.101879,0.521417,0.549253,0.089719,-0.492199,-13,-3.97897,-0.402044,-13,-4.12974
2208,4,-0.202195,0.998256,0.286867,0.950801,0.000537098,-0.309802,0.000193306,-0.978436,-0.00754644,0.111781,0.0211272,-5.68911,-0.0465218,-0.00989743,-0.280462,0.658124,-0.0092035,-0.280221,0.658268,0.00829354,-0.640934,1.66362,0.00672675,-0.6362,1.66534,-0.323893,-0.496582,-0.287334,-0.24905,-0.508025,-0.291217,0.0173571,-3.62554,1.83305,-0.00987855,-3.54854,1.78462,0.57395,0.597143,0.126523,0.53704,0.581994,0.114673,-0.495743,-13,-4.1389,-0.403551,-13,-4.28178
2209,4,-0.203171,0.998249,0.286977,0.949909,0.000539559,-0.312526,0.000169154,-0.974215,-0.00751294,0.108682,0.0221864,-5.77634,-0.0474486,-0.0102124,-0.280944,0.657845,-0.00944864,-0.280714,0.657985,0.00831064,-0.644646,1.66553,0.00671765,-0.639834,1.6672,-0.305958,-0.468502,-0.271916,-0.241234,-0.479398,-0.276115,0.0168493,-3.79883,1.98266,-0.0083171,-3.71966,1.93312,0.593846,0.627698,0.150061,0.55221,0.613242,0.13852,-0.497612,-13,-4.28991,-0.403605,-13,-4.427
2210,4,-0.204144,0.998241,0.287084,0.948996,0.000542504,-0.315287,0.000144476,-0.970543,-0.0074796,0.105968,0.0236895,-5.85413,-0.047977,-0.0105079,-0.281394,0.657582,-0.00968367,-0.281175,0.657718,0.00832692,-0.648522,1.66758,0.00671037,-0.64363,1.66919,-0.285133,-0.430241,-0.25354,-0.228835,-0.440898,-0.257346,0.0157006,-3.95411,2.11343,-0.00623072,-3.87311,2.06342,0.612742,0.656651,0.172431,0.566918,0.642864,0.161214,-0.498639,-13,-4.44254,-0.403059,-13,-4.57571
2211,4,-0.205113,0.998234,0.287189,0.948064,0.000546177,-0.31808,0.000119381,-0.967387,-0.00744706,0.103626,0.0255406,-5.92316,-0.0481742,-0.0107814,-0.2818,0.657338,-0.0099044,-0.281592,0.657471,0.00834179,-0.652546,1.66975,0.0067054,-0.647572,1.67131,-0.26187,-0.383083,-0.234005,-0.212619,-0.393455,-0.237616,0.0140385,-4.09273,2.22691,-0.00372183,-4.01016,2.17691,0.630474,0.683613,0.19345,0.58102,0.670473,0.182552,-0.499615,-13,-4.60638,-0.402622,-13,-4.73558
2212,4,-0.206079,0.998226,0.287292,0.947113,0.000550775,-0.3209,9.40E-05,-0.964715,-0.00741595,0.101649,0.0276639,-5.9841,-0.0480934,-0.0110307,-0.282156,0.657114,-0.0101074,-0.281958,0.657243,0.00835479,-0.6567,1.67203,0.0067031,-0.651643,1.67354,-0.236662,-0.328875,-0.213268,-0.193363,-0.338989,-0.216675,0.0119588,-4.21588,2.32427,-0.000881187,-4.13198,2.27468,0.646884,0.708013,0.212951,0.594264,0.695504,0.202351,-0.500507,-13,-4.78,-0.402324,-13,-4.90519
2213,4,-0.207042,0.998219,0.287393,0.946144,0.00055645,-0.323745,6.83E-05,-0.962497,-0.00738679,0.100024,0.0299924,-6.03755,-0.0477826,-0.011254,-0.282455,0.656912,-0.0102899,-0.282267,0.657038,0.00836554,-0.66097,1.67439,0.00670376,-0.655829,1.67586,-0.209961,-0.269176,-0.191698,-0.171753,-0.27904,-0.194934,0.00954741,-4.32475,2.40664,0.00221044,-4.23972,2.35778,0.66184,0.729372,0.230842,0.606443,0.717477,0.220522,-0.501287,-13,-4.96205,-0.402186,-13,-5.08325
2214,4,-0.208004,0.998212,0.287492,0.945159,0.00056332,-0.326611,4.24E-05,-0.960704,-0.00736002,0.0987424,0.0324689,-6.08412,-0.0472835,-0.0114501,-0.282693,0.656731,-0.01045,-0.282514,0.656854,0.00837375,-0.665343,1.67683,0.00670761,-0.660116,1.67825,-0.182194,-0.205459,-0.169545,-0.148417,-0.215083,-0.172633,0.006878,-4.42043,2.47507,0.00548397,-4.33444,2.4272,0.675239,0.747313,0.247041,0.617397,0.736018,0.236987,-0.501932,-13,-5.15128,-0.402226,-13,-5.26855
2215,4,-0.208964,0.998204,0.28759,0.944157,0.000571472,-0.329494,1.64E-05,-0.95931,-0.00733599,0.0977931,0.0350447,-6.12434,-0.0466326,-0.011618,-0.282865,0.656573,-0.0105862,-0.282696,0.656693,0.0083792,-0.669805,1.67933,0.00671479,-0.664492,1.6807,-0.153758,-0.139061,-0.147069,-0.123916,-0.148452,-0.150031,0.00401457,-4.50397,2.53059,0.00887984,-4.41715,2.48391,0.687004,0.761552,0.261491,0.627002,0.750842,0.251689,-0.502425,-13,-5.34655,-0.402456,-13,-5.45995
2216,4,-0.209923,0.998197,0.287688,0.943141,0.000580966,-0.332392,-9.62E-06,-0.958287,-0.00731501,0.0971657,0.0376783,-6.15875,-0.0458615,-0.0117574,-0.28297,0.656437,-0.0106975,-0.28281,0.656554,0.00838171,-0.674345,1.68189,0.0067254,-0.668945,1.68321,-0.125019,-0.0711987,-0.124502,-0.098752,-0.0803637,-0.127356,0.00101188,-4.57635,2.57415,0.0123475,-4.48883,2.52882,0.697082,0.771888,0.274155,0.635172,0.761748,0.264596,-0.502752,-13,-5.54678,-0.402887,-13,-5.65639
2217,4,-0.21088,0.998189,0.287784,0.942109,0.000601948,-0.335307,-3.03E-05,-0.955666,-0.00757442,0.0957163,0.0713155,-6.21206,-0.0112293,-0.0118982,-0.283014,0.656315,-0.0107599,-0.282871,0.656438,0.00836114,-0.678971,1.68449,0.00690197,-0.673959,1.68392,-0.156531,-0.0176807,-0.120783,-0.0259148,-0.0417214,-0.104379,-0.0421515,-4.67385,2.63329,0.340782,-5.53913,-1.10668,0.705446,0.778196,0.285018,0.641852,0.768612,0.275691,-0.502903,-13,-5.75097,-0.403524,-13,-5.8569
2218,4,-0.211835,0.998182,0.287879,0.941059,0.000638462,-0.338241,-4.31E-05,-0.955023,-0.0083565,0.0943088,0.0855428,-6.24881,0.00500385,-0.0120504,-0.283002,0.656208,-0.0107657,-0.282882,0.656341,0.00831097,-0.683678,1.68714,0.0071089,-0.679081,1.68473,-0.147791,0.0424642,-0.0922697,0.0143314,0.0200947,-0.090341,-0.0581862,-4.7405,2.66986,0.0730757,-4.70495,2.71239,0.713892,0.780862,0.294829,0.645592,0.772275,0.284961,-0.501669,-13,-5.95926,-0.414118,-13,-5.91379
2219,4,-0.21279,0.998173,0.287974,0.939996,0.000678636,-0.341184,-5.37E-05,-0.954997,-0.00849619,0.0945134,0.0821936,-6.26768,0.00185823,-0.0121768,-0.282926,0.656132,-0.0107453,-0.282827,0.656261,0.0082552,-0.68844,1.68982,0.00717982,-0.683811,1.68745,-0.105049,0.108721,-0.0608291,0.026398,0.0908159,-0.068242,-0.0533557,-4.78413,2.68438,0.0687757,-4.75566,2.7296,0.723022,0.780119,0.303352,0.64594,0.772923,0.29275,-0.498658,-13,-6.17139,-0.426534,-13,-5.97802
2220,4,-0.213704,0.998169,0.288275,0.939202,0.000714156,-0.343364,-5.74E-05,-0.872662,0.00101917,0.508118,0.0581284,-3.01397,0.026538,-0.0118517,-0.282246,0.657104,-0.0102511,-0.282173,0.657214,0.00816757,-0.690824,1.68935,0.0072735,-0.686176,1.68699,0.755288,1.2529,2.00508,0.96202,1.21648,1.97444,-0.121917,0.0155622,-3.62963,0.118584,0.0253339,-3.64777,0.730607,0.775583,0.309475,0.644718,0.769596,0.299093,-0.495312,-13,-6.38556,-0.430789,-13,-6.1957
2221,4,-0.214571,0.99817,0.288781,0.938661,0.000741649,-0.34484,-5.56E-05,-0.861892,0.000801122,0.503556,0.0439569,-3.27433,0.0134642,-0.0111075,-0.280739,0.657995,-0.00933574,-0.280704,0.658086,0.00802752,-0.69191,1.68681,0.00732583,-0.687288,1.68448,0.733116,1.76118,-0.22254,0.868666,1.72053,-0.231754,-0.158172,-2.18784,-1.43461,-0.0139281,-2.24851,-1.36299,0.7111,0.734734,0.231705,0.615065,0.730377,0.222845,-0.490054,-13,-6.34775,-0.43641,-13,-6.15897
2222,4,-0.215428,0.998171,0.289282,0.93808,0.000761454,-0.346417,-5.72E-05,-0.852748,0.000650914,0.499445,0.0339454,-3.44933,0.00313764,-0.0104172,-0.279198,0.658014,-0.00853737,-0.279201,0.658094,0.00790659,-0.694546,1.68581,0.00732364,-0.689993,1.68356,0.647496,1.32079,0.260198,0.728072,1.28592,0.247695,-0.0836823,-3.08272,-0.578206,0.00955571,-3.16133,-0.483026,0.666448,0.644312,0.160404,0.560145,0.642267,0.153138,-0.481651,-13,-6.14518,-0.43955,-13,-5.95854
2223,4,-0.216278,0.998172,0.28978,0.937468,0.000775848,-0.34807,-6.15E-05,-0.845988,0.000539515,0.496096,0.0274504,-3.60182,-0.0043404,-0.00979959,-0.277957,0.658202,-0.00785997,-0.277994,0.658271,0.00786115,-0.697826,1.6854,0.00735828,-0.693352,1.68325,0.587634,1.15984,0.115844,0.626729,1.12835,0.10598,-0.00719863,-3.47688,-0.230098,0.0597089,-3.55721,-0.13276,0.625029,0.551853,0.158897,0.512242,0.552074,0.1525,-0.474396,-13,-6.06467,-0.439419,-13,-5.8847
2224,4,-0.217118,0.998165,0.29029,0.936848,0.000888592,-0.349735,-2.13E-05,-0.833929,-0.0135231,0.524875,0.340935,-3.50138,0.306564,-0.00945186,-0.276826,0.658339,-0.00700966,-0.276955,0.658504,0.00767809,-0.700282,1.68401,0.00756284,-0.696924,1.68313,0.107819,1.1027,0.158683,1.0739,0.950529,0.361618,-0.358927,-1.43597,-2.56241,0.349421,-3.58759,-0.103718,0.587975,0.477434,0.143856,0.471598,0.479645,0.138353,-0.471669,-13,-6.03233,-0.441497,-13,-5.86007
2225,4,-0.217948,0.998151,0.290813,0.936219,0.00107507,-0.351415,5.04E-05,-0.825731,-0.0137209,0.520873,0.259719,-3.67528,0.21684,-0.00929643,-0.275834,0.658471,-0.00606887,-0.276045,0.658687,0.00734859,-0.702513,1.68226,0.00788927,-0.700612,1.68309,0.203053,0.881022,0.105314,0.80767,0.868764,0.00373223,-0.300066,-3.02576,-0.940082,0.303433,-3.78682,0.0193746,0.567112,0.409558,0.132875,0.420579,0.417279,0.119649,-0.460685,-13,-5.92063,-0.45377,-13,-5.85061
2226,4,-0.21877,0.998138,0.291332,0.935559,0.00121731,-0.353168,0.000100276,-0.819115,-0.0141067,0.51737,0.205986,-3.82039,0.162612,-0.00907115,-0.275045,0.658563,-0.0053622,-0.275279,0.65872,0.00710649,-0.705868,1.68164,0.00817217,-0.704446,1.68313,0.247499,0.69743,0.0782609,0.605664,0.66331,0.0622534,-0.184142,-3.68434,-0.298978,0.262368,-3.8814,0.0593613,0.557786,0.350046,0.122315,0.364132,0.3627,0.105035,-0.440916,-13,-5.78053,-0.473356,-13,-5.84724
2227,4,-0.219587,0.998123,0.291849,0.934873,0.00132297,-0.35498,0.000135167,-0.81412,-0.0143121,0.515722,0.144202,-3.92733,0.108675,-0.00879561,-0.274418,0.658637,-0.00484564,-0.274679,0.658767,0.00697947,-0.70968,1.68146,0.00813011,-0.709177,1.68332,0.303573,0.55591,0.0695426,0.427466,0.535664,0.0312474,-0.0698943,-3.94052,-0.0602431,-0.346478,-5.58174,0.327672,0.544269,0.302692,0.114972,0.321732,0.316738,0.102396,-0.426389,-13,-5.73097,-0.49033,-13,-5.85039
2228,4,-0.220394,0.998116,0.292381,0.934188,0.00128684,-0.356779,0.000120669,-0.80096,-0.000235552,0.548967,-0.254127,-3.77331,-0.22334,-0.00821056,-0.27391,0.658832,-0.00468809,-0.274151,0.65882,0.00709595,-0.713583,1.68137,0.00778356,-0.712817,1.68224,0.866539,0.459634,0.320481,-0.112371,0.521775,0.075018,0.302847,-3.86475,-0.11124,-0.346618,-1.69698,-2.48813,0.527737,0.265092,0.10906,0.290738,0.280769,0.098656,-0.418768,-13,-5.7166,-0.487807,-13,-5.86587
2229,4,-0.221191,0.998116,0.292928,0.933498,0.00115012,-0.358581,7.56E-05,-0.793234,-0.000253196,0.544907,-0.187976,-3.94427,-0.149276,-0.00745102,-0.273473,0.658955,-0.00477078,-0.273717,0.658857,0.00738152,-0.717557,1.68133,0.0074653,-0.715293,1.68055,0.652549,0.415778,-0.0735091,-0.0530004,0.345906,-0.00100224,0.268299,-4.08342,0.036961,-0.289918,-3.25566,-0.907837,0.492634,0.234626,0.0934587,0.281285,0.249046,0.0944053,-0.425757,-13,-5.70974,-0.467014,-13,-5.77945
2230,4,-0.221981,0.998116,0.293471,0.932776,0.00104922,-0.360454,4.80E-05,-0.786971,-5.46E-05,0.541284,-0.145326,-4.08538,-0.106918,-0.0068784,-0.273148,0.658916,-0.00481446,-0.273446,0.658848,0.00763352,-0.72169,1.6814,0.00722683,-0.718874,1.67995,0.492674,0.232779,-0.00464367,-0.0343597,0.196283,-0.0170434,0.235698,-4.18166,0.0852368,-0.187006,-3.90538,-0.28008,0.447061,0.208364,0.0835798,0.286247,0.223015,0.0914447,-0.442891,-13,-5.70677,-0.447918,-13,-5.64361
2231,4,-0.222763,0.998113,0.294025,0.932045,0.00106437,-0.362342,5.93E-05,-0.776217,-0.00621087,0.565841,0.188995,-4.0132,0.163187,-0.00662348,-0.272934,0.658912,-0.00461979,-0.273295,0.658925,0.00765936,-0.724887,1.68037,0.00722834,-0.722839,1.67973,0.0171709,0.196426,-0.00273329,0.423693,0.106097,0.170822,-0.184012,-2.21353,-2.13709,0.190011,-4.02644,-0.15487,0.412704,0.188907,0.0867059,0.288867,0.20675,0.0921665,-0.458011,-13,-5.71166,-0.43361,-13,-5.59609
2232,4,-0.223535,0.998106,0.294589,0.931301,0.00116533,-0.364249,9.36E-05,-0.768749,-0.00614015,0.561548,0.14125,-4.17462,0.103256,-0.00658601,-0.272815,0.658886,-0.00428396,-0.27321,0.658949,0.00747755,-0.727797,1.67893,0.00741172,-0.726991,1.67967,0.0577744,0.0409747,-0.049427,0.24797,0.0622528,-0.121781,-0.179613,-3.60542,-0.741035,0.176764,-4.27593,0.03223,0.397409,0.176031,0.087001,0.277187,0.197678,0.0860154,-0.459562,-13,-5.62959,-0.4337,-13,-5.5787
2233,4,-0.224301,0.9981,0.295148,0.930526,0.00123982,-0.366223,0.000113628,-0.762658,-0.00626296,0.557812,0.111432,-4.30794,0.0709046,-0.00652418,-0.272834,0.658828,-0.00409902,-0.273218,0.658853,0.00733033,-0.731686,1.67846,0.00755348,-0.731498,1.67958,0.0658821,-0.0789144,-0.0666174,0.121915,-0.0773346,-0.0708281,-0.114818,-4.17388,-0.191198,0.106741,-4.73787,-0.209915,0.39516,0.168909,0.0890874,0.257037,0.192628,0.0840537,-0.448653,-13,-5.51446,-0.444703,-13,-5.57379
2234,4,-0.225058,0.998098,0.295717,0.929741,0.001216,-0.368211,0.000104587,-0.751992,0.00211635,0.579581,-0.182061,-4.24328,-0.148962,-0.00627001,-0.272943,0.658852,-0.00416489,-0.273306,0.658789,0.00737222,-0.735901,1.67832,0.00748738,-0.735286,1.67864,0.442465,-0.139057,0.113303,-0.253659,-0.0988801,-0.0570943,0.19858,-4.25496,-0.102982,-0.238942,-2.83905,-1.68422,0.391451,0.170047,0.0937292,0.245941,0.19308,0.0917581,-0.43982,-13,-5.47717,-0.453209,-13,-5.56668
2235,4,-0.225807,0.9981,0.296294,0.928944,0.00111938,-0.370218,7.95E-05,-0.74525,0.00213602,0.575286,-0.135625,-4.39518,-0.0959847,-0.00590487,-0.273094,0.65883,-0.00439783,-0.273461,0.658706,0.00755951,-0.740269,1.6783,0.00727387,-0.738687,1.67752,0.287808,-0.161753,-0.157664,-0.212234,-0.210416,-0.108611,0.176,-4.48166,0.0661716,-0.188077,-3.96296,-0.555282,0.3762,0.176586,0.0918617,0.249893,0.198367,0.096875,-0.442333,-13,-5.4654,-0.449243,-13,-5.49092
2236,4,-0.226548,0.9981,0.296877,0.928129,0.00111057,-0.372257,8.81E-05,-0.736054,-0.00232934,0.590691,0.0944663,-4.38794,0.105979,-0.00579523,-0.273284,0.65871,-0.00444687,-0.273708,0.658666,0.00758393,-0.744123,1.67764,0.00722407,-0.74283,1.67714,-0.0685259,-0.21974,-0.0812383,0.114153,-0.28335,0.027725,-0.127146,-3.22713,-1.38544,0.088492,-4.32253,-0.20148,0.354292,0.18561,0.0936362,0.26387,0.207645,0.103503,-0.45357,-13,-5.46393,-0.436432,-13,-5.40134
2237,4,-0.22728,0.998098,0.297466,0.927296,0.00116451,-0.374327,0.000116439,-0.72945,-0.00226349,0.586203,0.0680203,-4.53421,0.0706039,-0.00585824,-0.273552,0.658605,-0.00438813,-0.274003,0.658592,0.00746806,-0.747831,1.67673,0.00731474,-0.747296,1.67706,-0.057505,-0.315021,-0.128748,0.00334509,-0.306378,-0.175881,-0.104599,-4.18756,-0.426277,0.0928455,-4.61017,0.0370017,0.347714,0.197055,0.103192,0.266812,0.222458,0.106739,-0.455036,-13,-5.41116,-0.433444,-13,-5.37107
2238,4,-0.228006,0.998094,0.298057,0.926442,0.0012496,-0.376435,0.000146888,-0.721385,-0.00481818,0.595898,0.206953,-4.56361,0.160318,-0.0060009,-0.27389,0.658483,-0.00431795,-0.274342,0.658485,0.00728105,-0.751716,1.67593,0.00748851,-0.751924,1.6771,-0.227809,-0.361536,-0.115485,0.137008,-0.372315,-0.0366462,-0.269427,-3.58325,-1.17301,0.254695,-4.64515,0.048558,0.351495,0.213098,0.111592,0.263288,0.24015,0.112665,-0.448084,-13,-5.33869,-0.438885,-13,-5.36449
2239,4,-0.228723,0.998091,0.298658,0.925577,0.00131367,-0.378556,0.000170828,-0.712275,-0.00107173,0.605447,2.48E-05,-4.60032,0.014788,-0.00610244,-0.274274,0.658405,-0.00432195,-0.274713,0.658386,0.00712924,-0.755674,1.67514,0.00761416,-0.756125,1.67662,0.0247425,-0.407045,-0.0397217,-0.145008,-0.370687,-0.162373,-0.0341926,-4.33201,-0.406401,-0.00340284,-3.75628,-1.00445,0.360054,0.233395,0.121361,0.259077,0.260511,0.121166,-0.436863,-13,-5.27472,-0.449311,-13,-5.36791
2240,4,-0.229431,0.998092,0.299264,0.924695,0.00130081,-0.380706,0.000173893,-0.704636,0.0015449,0.607112,-0.0461649,-4.69627,-0.0336067,-0.00605745,-0.274693,0.658318,-0.00451727,-0.275114,0.65823,0.00711957,-0.760208,1.67493,0.00758448,-0.76003,1.67573,0.0652225,-0.430876,-0.136015,-0.245632,-0.42978,-0.149196,0.0148492,-4.73639,-0.0288773,-0.055949,-4.05454,-0.779874,0.366146,0.256452,0.127569,0.259317,0.282801,0.129127,-0.427754,-13,-5.21154,-0.456849,-13,-5.32967
2241,4,-0.230133,0.998093,0.299869,0.923786,0.00127768,-0.382906,0.000173225,-0.698913,0.0014738,0.602666,-0.0321422,-4.82556,-0.0149143,-0.00602737,-0.275146,0.658163,-0.00476407,-0.27557,0.658072,0.00714532,-0.765043,1.67497,0.00752905,-0.76444,1.6752,-0.00505576,-0.475673,-0.173346,-0.247965,-0.483012,-0.167672,0.0366601,-4.93425,0.12433,-0.0549187,-4.76515,-0.275208,0.363447,0.28159,0.134599,0.271036,0.306815,0.14159,-0.427174,-13,-5.19413,-0.455069,-13,-5.2583
2242,4,-0.230828,0.998096,0.300475,0.922857,0.00122723,-0.385142,0.000166045,-0.691587,0.00526838,0.610047,-0.136954,-4.8592,-0.0996603,-0.00597196,-0.275637,0.658036,-0.00507918,-0.276056,0.657912,0.00724289,-0.769988,1.6751,0.00741991,-0.768989,1.67475,0.115872,-0.504521,-0.080662,-0.382253,-0.489035,-0.151792,0.158487,-4.95432,0.117731,-0.163357,-4.33406,-0.63025,0.361642,0.308786,0.146973,0.285844,0.334199,0.154264,-0.428719,-13,-5.19795,-0.451743,-13,-5.2161
2243,4,-0.231516,0.998101,0.301089,0.921914,0.00119572,-0.387393,0.000158963,-0.68416,0.00407018,0.617616,0.0376414,-4.9007,0.0145426,-0.00596882,-0.276132,0.657905,-0.00535552,-0.276548,0.657792,0.00728732,-0.7747,1.6749,0.00736621,-0.77354,1.67433,-0.109589,-0.487007,-0.180221,-0.17043,-0.494955,-0.0877521,-0.069629,-4.4712,-0.505193,0.0559515,-4.76636,-0.198121,0.358318,0.338192,0.157134,0.304751,0.36336,0.167043,-0.434574,-13,-5.20763,-0.445195,-13,-5.17988
2244,4,-0.232197,0.998105,0.301707,0.920954,0.00123294,-0.38967,0.000163056,-0.677622,0.00325227,0.618974,0.0993202,-4.98529,0.0479456,-0.00611937,-0.276636,0.657733,-0.00550198,-0.277036,0.657673,0.00717892,-0.779274,1.67446,0.00746435,-0.778426,1.67424,-0.191503,-0.520911,-0.165328,-0.122501,-0.480549,-0.15139,-0.147184,-4.6757,-0.374706,0.140323,-5.00745,0.0160393,0.358129,0.367938,0.167569,0.321331,0.39288,0.176625,-0.437239,-13,-5.19214,-0.441972,-13,-5.14674
2245,4,-0.232871,0.998108,0.302329,0.919974,0.00126952,-0.391977,0.000170349,-0.67067,0.00255106,0.623615,0.0304161,-5.04076,0.0252074,-0.00628316,-0.277154,0.657585,-0.00565904,-0.277523,0.657523,0.00707361,-0.784007,1.67413,0.00756747,-0.783333,1.67412,-0.136078,-0.515307,-0.128966,-0.191608,-0.493841,-0.147727,-0.0634381,-4.79145,-0.284097,0.0659358,-4.80553,-0.270463,0.367162,0.398175,0.181391,0.330119,0.422145,0.18619,-0.430735,-13,-5.15694,-0.447861,-13,-5.13946
2246,4,-0.233538,0.998111,0.302953,0.918976,0.00128546,-0.394311,0.000178138,-0.664054,0.00315472,0.62621,0.0226661,-5.11185,0.017265,-0.00641808,-0.277666,0.657445,-0.00586059,-0.278016,0.657373,0.00701805,-0.788898,1.67392,0.00762389,-0.788236,1.67391,-0.133761,-0.507773,-0.152274,-0.211496,-0.4922,-0.152773,-0.0476731,-4.98988,-0.14531,0.046893,-5.00145,-0.137368,0.376989,0.429262,0.193163,0.339542,0.451377,0.198155,-0.424416,-13,-5.13059,-0.454048,-13,-5.12928
2247,4,-0.234199,0.998114,0.30358,0.917958,0.00129635,-0.396676,0.000184897,-0.657992,0.00344598,0.627048,0.0136465,-5.19101,0.0133293,-0.00655322,-0.278172,0.657292,-0.00607995,-0.278507,0.657218,0.00700157,-0.793975,1.67383,0.00766967,-0.793324,1.67384,-0.136522,-0.504066,-0.154079,-0.227225,-0.490187,-0.15699,0.0147052,-5.16433,-0.0254163,0.0446696,-5.17361,-0.0132677,0.385085,0.459954,0.204412,0.351635,0.480958,0.210175,-0.421083,-13,-5.11341,-0.457433,-13,-5.11297
2248,4,-0.234855,0.998118,0.304208,0.916919,0.00130723,-0.399072,0.000190596,-0.65226,0.00411063,0.629502,0.0243942,-5.25168,0.0131982,-0.00669473,-0.27867,0.657142,-0.00630428,-0.278988,0.657068,0.00698347,-0.799224,1.67387,0.0077185,-0.798578,1.67388,-0.146502,-0.492132,-0.145325,-0.221441,-0.472424,-0.142118,-0.0508919,-5.33263,0.100897,0.0529971,-5.33499,0.0988704,0.393193,0.490309,0.216666,0.364797,0.51043,0.222566,-0.420094,-13,-5.10658,-0.46018,-13,-5.10695
2249,4,-0.235504,0.998122,0.304839,0.915861,0.00131997,-0.401493,0.000194627,-0.646974,0.00452489,0.63078,0.0232964,-5.31698,0.0100768,-0.00684115,-0.279152,0.656997,-0.00652711,-0.279449,0.656925,0.00693227,-0.804635,1.67403,0.00776934,-0.803995,1.67404,-0.146346,-0.471111,-0.145521,-0.224206,-0.448837,-0.145193,-0.05151,-5.48914,0.214294,0.0486663,-5.4993,0.21459,0.401684,0.520195,0.228643,0.378257,0.539308,0.23453,-0.419008,-13,-5.1096,-0.46311,-13,-5.11037
2250,4,-0.236149,0.998127,0.30547,0.914784,0.00133107,-0.403941,0.000196716,-0.642094,0.00510139,0.631634,0.0215826,-5.38055,0.00330587,-0.00698459,-0.279611,0.656854,-0.00675364,-0.279885,0.656782,0.00688259,-0.810205,1.6743,0.00781983,-0.809566,1.6743,-0.140522,-0.447664,-0.139232,-0.22886,-0.422036,-0.139356,-0.0478485,-5.65263,0.332308,0.052326,-5.6411,0.312678,0.410469,0.549093,0.240276,0.391626,0.566946,0.246022,-0.415936,-13,-5.12221,-0.46616,-13,-5.12291
2251,4,-0.236789,0.998132,0.306102,0.913688,0.0013398,-0.406414,0.000197154,-0.637587,0.00533202,0.632267,0.0174486,-5.4414,9.96E-05,-0.0071225,-0.280043,0.656718,-0.00698235,-0.280292,0.656647,0.00684115,-0.815934,1.67469,0.00787635,-0.815266,1.67465,-0.135298,-0.416235,-0.133682,-0.228564,-0.392583,-0.131894,-0.0350318,-5.80387,0.438951,0.060711,-5.75986,0.392505,0.419075,0.576656,0.251666,0.405218,0.593072,0.257404,-0.412956,-13,-5.14407,-0.46919,-13,-5.144
2252,4,-0.237424,0.998138,0.306734,0.912573,0.00134661,-0.408912,0.000196148,-0.633522,0.00587133,0.632645,0.017009,-5.49923,-0.00521526,-0.00725437,-0.280442,0.656588,-0.00720956,-0.280666,0.656519,0.00680343,-0.821812,1.67518,0.00793119,-0.821109,1.6751,-0.128443,-0.382396,-0.125459,-0.225855,-0.35584,-0.124467,-0.0404024,-5.95335,0.550127,0.0489616,-5.92507,0.509841,0.42735,0.602573,0.262583,0.418941,0.617511,0.268254,-0.410469,-13,-5.17492,-0.472581,-13,-5.17221
2253,4,-0.238056,0.998144,0.307367,0.911439,0.00135263,-0.411432,0.000193955,-0.62986,0.00615471,0.632701,0.0166389,-5.55502,-0.00562837,-0.00738131,-0.280805,0.656466,-0.00743058,-0.281003,0.656399,0.00676226,-0.827835,1.67578,0.00798017,-0.827102,1.67566,-0.125442,-0.342466,-0.11845,-0.216184,-0.317937,-0.114582,-0.0419497,-6.09238,0.649451,0.049015,-6.06254,0.606291,0.435262,0.626532,0.272949,0.432574,0.639963,0.278509,-0.408206,-13,-5.21449,-0.475871,-13,-5.2083
2254,4,-0.238684,0.99815,0.307999,0.910288,0.00135963,-0.413974,0.000192683,-0.626608,0.00613611,0.632509,0.0191924,-5.60826,-0.000342692,-0.00750802,-0.281125,0.656352,-0.0076377,-0.281301,0.65629,0.00671876,-0.833988,1.67647,0.00803232,-0.83323,1.67631,-0.127977,-0.298624,-0.110066,-0.198058,-0.277725,-0.103686,-0.0450462,-6.21389,0.731731,0.0552732,-6.1921,0.698401,0.442879,0.648278,0.282705,0.445835,0.660177,0.288071,-0.405736,-13,-5.26247,-0.47881,-13,-5.25295
2255,4,-0.239309,0.998156,0.308632,0.909118,0.00136863,-0.416537,0.000193079,-0.623725,0.00609534,0.631995,0.0212767,-5.65998,0.00365805,-0.00763566,-0.281401,0.656247,-0.00782729,-0.281557,0.656191,0.00667165,-0.840263,1.67724,0.0080897,-0.839485,1.67706,-0.127304,-0.253771,-0.0995703,-0.181129,-0.234434,-0.0944869,-0.0491743,-6.33554,0.814754,0.0594877,-6.31881,0.788499,0.450481,0.66751,0.291846,0.458262,0.678047,0.296801,-0.403126,-13,-5.31772,-0.481939,-13,-5.30513
2256,4,-0.239932,0.998162,0.309263,0.90793,0.00137866,-0.419119,0.000194494,-0.621194,0.00608531,0.631192,0.0213028,-5.71002,0.0049652,-0.00776006,-0.281632,0.656153,-0.00800165,-0.281769,0.656101,0.00662279,-0.846657,1.6781,0.00814968,-0.845865,1.67789,-0.121492,-0.207752,-0.0882944,-0.167579,-0.189606,-0.0845852,-0.0485482,-6.45308,0.896948,0.0604822,-6.44069,0.874193,0.45814,0.684082,0.300231,0.469638,0.693411,0.304728,-0.400299,-13,-5.37958,-0.485382,-13,-5.36461
2257,4,-0.240552,0.998168,0.309893,0.906724,0.00138433,-0.421722,0.00019811,-0.619192,0.00575486,0.629094,0.00193222,-5.7648,0.00427118,-0.00787395,-0.281814,0.65607,-0.00816806,-0.281939,0.656019,0.00658713,-0.853169,1.67904,0.0081981,-0.852373,1.67881,-0.106302,-0.156409,-0.0789676,-0.165239,-0.150103,-0.080709,-0.0227768,-6.57108,0.990655,0.0363585,-6.57522,0.970069,0.465603,0.697928,0.307746,0.480099,0.706133,0.311891,-0.397367,-13,-5.44804,-0.488981,-13,-5.43112
2258,4,-0.24117,0.998173,0.310521,0.905499,0.00138275,-0.424346,0.000205086,-0.617541,0.00551597,0.626958,-0.0105898,-5.81585,0.00480089,-0.00797453,-0.281946,0.655997,-0.00832915,-0.282068,0.655944,0.00657276,-0.859797,1.68008,0.00822652,-0.85901,1.67983,-0.0948423,-0.106791,-0.0659168,-0.156936,-0.109323,-0.0677883,-0.00596228,-6.68331,1.07669,0.0204652,-6.69981,1.05911,0.472437,0.708853,0.314436,0.490083,0.716324,0.318503,-0.395228,-13,-5.52355,-0.491886,-13,-5.50489
2259,4,-0.241787,0.998179,0.311147,0.904256,0.00137665,-0.426988,0.000214677,-0.616217,0.00530038,0.624877,-0.0187291,-5.86291,0.00599429,-0.00806442,-0.282028,0.655938,-0.00847991,-0.282156,0.655883,0.00657246,-0.866533,1.68119,0.00824258,-0.865768,1.68093,-0.0849513,-0.057115,-0.0531492,-0.144597,-0.0648596,-0.0557678,0.00536082,-6.78865,1.15435,0.0116549,-6.81611,1.14059,0.478472,0.716749,0.320232,0.499749,0.724107,0.324443,-0.394365,-13,-5.60624,-0.493591,-13,-5.58605
2260,4,-0.242403,0.998184,0.311771,0.902996,0.00136836,-0.429646,0.000226096,-0.615227,0.00521122,0.622777,-0.0215362,-5.90662,0.00759355,-0.00814543,-0.282061,0.655891,-0.00861651,-0.282197,0.655833,0.0065799,-0.873371,1.68238,0.00825212,-0.872636,1.6821,-0.0770566,-0.00855518,-0.0406982,-0.128606,-0.0178645,-0.0430997,0.00952196,-6.88894,1.22548,0.00743432,-6.91976,1.21359,0.483865,0.721666,0.324994,0.508795,0.729332,0.329385,-0.394347,-13,-5.69548,-0.494555,-13,-5.67404
2261,4,-0.243018,0.998189,0.312393,0.901719,0.00135991,-0.43232,0.000238517,-0.614535,0.00517125,0.620733,-0.0209236,-5.9468,0.0092668,-0.00821882,-0.282045,0.655856,-0.00873614,-0.282191,0.655797,0.00658933,-0.880307,1.68364,0.00826004,-0.879604,1.68335,-0.0697275,0.038814,-0.0280032,-0.110647,0.0304015,-0.0298517,0.00933315,-6.98328,1.28941,0.00839414,-7.01514,1.27918,0.488726,0.723636,0.328748,0.516991,0.731814,0.33334,-0.394794,-13,-5.79068,-0.495127,-13,-5.76821
2262,4,-0.243632,0.998195,0.313014,0.900427,0.00136111,-0.435005,0.000247082,-0.613757,0.00595185,0.620866,0.0200135,-5.97106,0.010322,-0.00829014,-0.281989,0.655837,-0.00882882,-0.282129,0.65578,0.00657186,-0.887334,1.68495,0.00829595,-0.886644,1.68464,-0.0729138,0.0743616,-0.0111369,-0.0747075,0.092503,-0.00337585,-0.0442702,-7.0707,1.32403,0.0634333,-7.06564,1.30729,0.493129,0.722728,0.331496,0.524168,0.731438,0.336258,-0.39536,-13,-5.89127,-0.495602,-13,-5.86792
2263,4,-0.244246,0.998201,0.313634,0.899121,0.00137093,-0.437699,0.000251301,-0.61353,0.00585286,0.619169,0.0178136,-6.00437,0.00859612,-0.00835551,-0.28189,0.655829,-0.00889747,-0.282012,0.655777,0.00652967,-0.894446,1.6863,0.00835786,-0.89375,1.68597,-0.0578349,0.123217,-0.00506913,-0.0625991,0.142022,-0.00261294,-0.0401068,-7.15205,1.37477,0.0603837,-7.14672,1.35648,0.497408,0.719333,0.333062,0.529729,0.727751,0.337587,-0.394311,-13,-5.99581,-0.497757,-13,-5.97138
2264,4,-0.244859,0.998207,0.314252,0.897799,0.00137946,-0.440403,0.000255285,-0.613525,0.00575332,0.617677,0.0158276,-6.03387,0.00715466,-0.00840603,-0.281745,0.655831,-0.00895381,-0.281849,0.655782,0.00649141,-0.901635,1.68769,0.00841693,-0.900934,1.68735,-0.0432046,0.167686,0.00949695,-0.0500788,0.184671,0.0129749,-0.0364122,-7.22561,1.4172,0.0577602,-7.22023,1.39778,0.501331,0.713406,0.33371,0.533848,0.720715,0.337826,-0.39178,-13,-6.10376,-0.501471,-13,-6.07793
2265,4,-0.245473,0.998212,0.314869,0.896464,0.0013868,-0.443115,0.000259101,-0.613742,0.0056536,0.616385,0.0139748,-6.06001,0.00589115,-0.00844201,-0.281555,0.655846,-0.00899733,-0.281643,0.655801,0.00645673,-0.908894,1.68913,0.00847347,-0.908187,1.68877,-0.0287554,0.211302,0.0216647,-0.0369525,0.227014,0.0247082,-0.0329368,-7.29216,1.45206,0.0553164,-7.28685,1.43171,0.504362,0.704679,0.333533,0.537229,0.710914,0.337412,-0.389485,-13,-6.21544,-0.505016,-13,-6.1881
2266,4,-0.246087,0.998218,0.315485,0.895114,0.00139307,-0.445835,0.0002628,-0.614163,0.0055534,0.615289,0.0122445,-6.08305,0.00479193,-0.00846375,-0.281323,0.655874,-0.0090276,-0.281396,0.655832,0.00642544,-0.916216,1.69059,0.00852764,-0.915504,1.69021,-0.014707,0.252644,0.0338491,-0.0235925,0.266961,0.0367702,-0.0296621,-7.35221,1.47986,0.0530368,-7.34711,1.45878,0.506521,0.693309,0.332287,0.53984,0.698563,0.335905,-0.387404,-13,-6.33021,-0.508408,-13,-6.30128
2267,4,-0.246701,0.998223,0.3161,0.893752,0.00139834,-0.44856,0.000266424,-0.614776,0.00545265,0.614384,0.0106175,-6.10328,0.00383034,-0.00847168,-0.281051,0.655914,-0.00904449,-0.28111,0.655874,0.00639733,-0.923595,1.69208,0.00857961,-0.922879,1.69168,-0.00115237,0.291542,0.0453643,-0.0101949,0.304507,0.0480806,-0.0265554,-7.40629,1.5011,0.0508917,-7.4015,1.47946,0.507825,0.679391,0.330066,0.541656,0.683744,0.333446,-0.385526,-13,-6.44749,-0.511659,-13,-6.4169
2268,4,-0.247316,0.998229,0.316714,0.892377,0.00140269,-0.451289,0.000270011,-0.615568,0.00535124,0.613664,0.0090798,-6.12094,0.00298636,-0.00846635,-0.280742,0.655965,-0.00904807,-0.280788,0.655928,0.00637225,-0.931026,1.69359,0.00862948,-0.930305,1.69317,0.0118055,0.327613,0.0562677,0.00303995,0.339245,0.0587898,-0.023592,-7.4549,1.51628,0.0488593,-7.45051,1.49421,0.508301,0.663065,0.326897,0.54267,0.6666,0.330051,-0.38384,-13,-6.56673,-0.514777,-13,-6.53443
2269,4,-0.247932,0.998234,0.317327,0.89099,0.00140617,-0.454021,0.00027359,-0.616527,0.00524912,0.613124,0.00761906,-6.13629,0.00224181,-0.0084484,-0.280397,0.656026,-0.00903858,-0.280433,0.655992,0.00635008,-0.938502,1.69511,0.00867737,-0.937777,1.69467,0.0240843,0.360605,0.0664582,0.0159466,0.370937,0.0687791,-0.0207501,-7.49849,1.52584,0.0469204,-7.49457,1.50347,0.507981,0.64449,0.322832,0.542884,0.647288,0.325777,-0.382335,-13,-6.68742,-0.517769,-13,-6.65338
2270,4,-0.248552,0.998241,0.317952,0.889616,0.0013152,-0.456708,0.000239699,-0.622085,0.00890507,0.635358,-0.259587,-5.93387,-0.301828,-0.00817662,-0.279985,0.656204,-0.00919865,-0.279989,0.656084,0.00653888,-0.945856,1.6965,0.00852209,-0.94506,1.69587,0.519486,0.463277,0.289412,-0.336087,0.517269,0.116784,0.398353,-7.20875,1.25645,-0.357496,-7.07209,0.91336,0.506904,0.623844,0.317923,0.542315,0.625982,0.320674,-0.381005,-13,-6.80911,-0.520642,-13,-6.77328
2271,4,-0.249174,0.99825,0.318587,0.888254,0.00114144,-0.459351,0.000175108,-0.622732,0.00946496,0.635732,-0.23105,-5.95678,-0.25805,-0.00770039,-0.279476,0.656379,-0.00948564,-0.279469,0.656195,0.00691231,-0.953086,1.69776,0.00818738,-0.952171,1.69681,0.432977,0.554835,0.0599787,-0.23791,0.522731,0.104798,0.348507,-7.2517,1.24973,-0.311925,-7.14862,0.949,0.490597,0.599127,0.303688,0.551919,0.599336,0.313251,-0.392333,-13,-6.9204,-0.511325,-13,-6.86996
2272,4,-0.249797,0.99826,0.319223,0.88688,0.000989945,-0.461999,0.000122421,-0.623331,0.0100455,0.635942,-0.202284,-5.97898,-0.218643,-0.007311,-0.278933,0.656466,-0.00967974,-0.278948,0.656303,0.00723335,-0.960362,1.69901,0.00789433,-0.959343,1.69777,0.345789,0.531992,0.114456,-0.150291,0.519644,0.111876,0.293574,-7.2997,1.25069,-0.274158,-7.19522,0.975743,0.462023,0.568584,0.289713,0.569139,0.568136,0.304388,-0.414739,-13,-7.02065,-0.491243,-13,-6.94445
2273,4,-0.250421,0.99827,0.319859,0.885492,0.000859932,-0.464654,8.05E-05,-0.623971,0.0105057,0.636015,-0.174712,-6.0028,-0.180094,-0.00700507,-0.278402,0.656574,-0.00978996,-0.278431,0.656416,0.00750611,-0.967684,1.70026,0.00765136,-0.966584,1.69877,0.266082,0.530235,0.102472,-0.070148,0.514377,0.112593,0.251934,-7.34484,1.24439,-0.211795,-7.28785,1.02603,0.43866,0.535979,0.282735,0.580785,0.536865,0.295721,-0.434001,-13,-7.12066,-0.47366,-13,-7.02144
2274,4,-0.251045,0.998281,0.320495,0.884091,0.00075029,-0.467315,4.90E-05,-0.624777,0.01082,0.635955,-0.14936,-6.02601,-0.14406,-0.00677497,-0.277876,0.656678,-0.0098246,-0.27792,0.656529,0.00773559,-0.975053,1.7015,0.00745491,-0.973895,1.69981,0.194119,0.52076,0.105437,0.000879875,0.506927,0.114172,0.207031,-7.39212,1.24394,-0.181092,-7.33356,1.04879,0.420304,0.504112,0.274058,0.587398,0.505844,0.286742,-0.450366,-13,-7.22047,-0.459081,-13,-7.10151
2275,4,-0.25167,0.998292,0.321131,0.882676,0.00065968,-0.469981,2.71E-05,-0.62565,0.0110695,0.635846,-0.125313,-6.04928,-0.110588,-0.00661301,-0.277361,0.656783,-0.00979255,-0.277418,0.656644,0.00792268,-0.982468,1.70274,0.00729497,-0.981262,1.70087,0.129795,0.509684,0.104354,0.0632239,0.497443,0.1147,0.16714,-7.439,1.24192,-0.138801,-7.40011,1.08196,0.406498,0.472582,0.265742,0.589476,0.475205,0.277672,-0.464135,-13,-7.32,-0.447295,-13,-7.1845
2276,4,-0.252296,0.998303,0.321767,0.881248,0.000586044,-0.472654,1.35E-05,-0.626672,0.0112619,0.635873,-0.105183,-6.07029,-0.0825073,-0.00650937,-0.276858,0.656888,-0.00970402,-0.276925,0.656758,0.00807254,-0.989929,1.70398,0.00717396,-0.988692,1.70197,0.0774948,0.496988,0.105394,0.113819,0.487361,0.115094,0.132587,-7.48341,1.23885,-0.103221,-7.46021,1.10717,0.396781,0.441669,0.25735,0.587553,0.445074,0.268517,-0.475361,-13,-7.41943,-0.437698,-13,-7.26973
2277,4,-0.252924,0.998315,0.322403,0.879807,0.000526596,-0.47533,6.98E-06,-0.627834,0.0114035,0.636027,-0.0884597,-6.08927,-0.0591785,-0.00645273,-0.276367,0.656993,-0.00957009,-0.276443,0.656874,0.00819078,-0.997433,1.70522,0.00708558,-0.996179,1.70308,0.0357808,0.483815,0.105411,0.154061,0.476647,0.115038,0.103895,-7.52489,1.23355,-0.0735285,-7.51451,1.12517,0.390562,0.411469,0.24896,0.582241,0.41553,0.259325,-0.484352,-13,-7.51866,-0.430437,-13,-7.3573
2278,4,-0.253552,0.998326,0.323039,0.878354,0.000478913,-0.478011,6.16E-06,-0.629127,0.0115008,0.636305,-0.0746496,-6.1064,-0.0399766,-0.00643325,-0.275891,0.657099,-0.00940041,-0.275973,0.656988,0.00828287,-1.00498,1.70645,0.00702436,-1.00372,1.70421,0.00316946,0.469868,0.10513,0.185294,0.465183,0.11463,0.0802821,-7.56359,1.226,-0.0489246,-7.56353,1.13666,0.387164,0.382045,0.240528,0.574205,0.386609,0.25012,-0.491447,-13,-7.61756,-0.425135,-13,-7.44659
2279,4,-0.254182,0.998338,0.323675,0.876889,0.000440914,-0.480694,9.99E-06,-0.630542,0.0115596,0.636701,-0.0633083,-6.12186,-0.0243269,-0.0064425,-0.275428,0.657203,-0.00920339,-0.275514,0.657103,0.00835351,-1.01256,1.70767,0.00698555,-1.0113,1.70535,-0.0216607,0.455205,0.104403,0.208748,0.452925,0.11384,0.0609924,-7.59968,1.21622,-0.028681,-7.60777,1.14226,0.385995,0.353434,0.232106,0.564024,0.358355,0.240933,-0.496972,-13,-7.71594,-0.421461,-13,-7.53706
2280,4,-0.254813,0.998349,0.324312,0.875411,0.000410823,-0.483378,1.75E-05,-0.632073,0.0115853,0.63721,-0.0540468,-6.13582,-0.0117163,-0.00647328,-0.274981,0.657307,-0.00898625,-0.275067,0.657216,0.00840671,-1.02018,1.70888,0.00696514,-1.01893,1.7065,-0.0398943,0.439816,0.103282,0.225519,0.439838,0.112676,0.0454142,-7.63328,1.20422,-0.0121519,-7.6477,1.14255,0.38655,0.325682,0.223725,0.552203,0.330811,0.231794,-0.50121,-13,-7.81363,-0.419133,-13,-7.62822
2281,4,-0.255446,0.998361,0.32495,0.873923,0.000387138,-0.486065,2.80E-05,-0.633709,0.0115827,0.637825,-0.0465225,-6.14842,-0.00168322,-0.00651952,-0.274549,0.65741,-0.0087552,-0.274634,0.657328,0.0084459,-1.02782,1.71008,0.00695968,-1.0266,1.70764,-0.0525881,0.423724,0.101776,0.236595,0.425907,0.111139,0.0329633,-7.66457,1.19004,0.00123966,-7.68375,1.13807,0.388397,0.298832,0.215418,0.539175,0.304028,0.222734,-0.504403,-13,-7.91045,-0.417908,-13,-7.71961
2282,4,-0.256081,0.998372,0.325588,0.872423,0.000368598,-0.488751,4.08E-05,-0.635446,0.0115559,0.638543,-0.0404373,-6.15983,0.0061824,-0.00657615,-0.274133,0.657511,-0.00851548,-0.274216,0.657438,0.00847395,-1.0355,1.71126,0.0069663,-1.0343,1.70877,-0.0606777,0.406958,0.0999047,0.242848,0.411139,0.109238,0.0231329,-7.6937,1.17375,0.0120027,-7.71634,1.12931,0.391171,0.272925,0.207216,0.525312,0.278056,0.213781,-0.506754,-13,-8.00622,-0.417581,-13,-7.81084
2283,4,-0.256717,0.998384,0.326227,0.870912,0.000354152,-0.491438,5.52E-05,-0.637274,0.0115088,0.639357,-0.0355334,-6.17016,0.012243,-0.00663898,-0.273735,0.657609,-0.00827152,-0.273812,0.657546,0.00849325,-1.04321,1.71242,0.0069826,-1.04203,1.70989,-0.0649862,0.389558,0.0976887,0.245055,0.395553,0.106984,0.015479,-7.72083,1.15542,0.0205838,-7.74585,1.11674,0.394569,0.248005,0.199148,0.510929,0.252945,0.204966,-0.508437,-13,-8.10077,-0.417978,-13,-7.90153
2284,4,-0.257355,0.998395,0.326867,0.869391,0.000342936,-0.494125,7.09E-05,-0.639187,0.0114445,0.640261,-0.0315894,-6.17957,0.0168168,-0.00670459,-0.273355,0.657706,-0.00802705,-0.273425,0.657652,0.0085058,-1.05094,1.71357,0.00700657,-1.04979,1.711,-0.0662336,0.371572,0.0951485,0.243896,0.379183,0.10439,0.00961372,-7.74612,1.13513,0.0273729,-7.77262,1.10076,0.398339,0.224109,0.191245,0.496291,0.228744,0.196317,-0.509595,-13,-8.19394,-0.418956,-13,-7.99138
2285,4,-0.257996,0.998407,0.327507,0.867859,0.000334243,-0.496811,8.74E-05,-0.641179,0.0113661,0.641251,-0.0284167,-6.18817,0.0201817,-0.00677023,-0.272992,0.6578,-0.00778511,-0.273054,0.657755,0.00851321,-1.0587,1.71469,0.00703661,-1.05757,1.71209,-0.0650457,0.353055,0.0923061,0.23997,0.362076,0.101472,0.00520174,-7.76972,1.11299,0.0327076,-7.79699,1.08176,0.402276,0.201275,0.183531,0.481623,0.205502,0.187862,-0.510348,-13,-8.28556,-0.420394,-13,-8.08008
2286,4,-0.258638,0.998418,0.328149,0.866317,0.000327507,-0.499495,0.000104438,-0.643244,0.011276,0.64232,-0.0258555,-6.19608,0.0225784,-0.00683374,-0.272649,0.65789,-0.00754823,-0.272701,0.657855,0.00851678,-1.06648,1.71579,0.00707141,-1.06538,1.71316,-0.0619629,0.334069,0.0891843,0.233795,0.34429,0.0982482,0.00195442,-7.79179,1.08909,0.0368785,-7.81925,1.06008,0.406214,0.179537,0.176033,0.467107,0.183264,0.179628,-0.510792,-13,-8.37548,-0.422197,-13,-8.16738
2287,4,-0.259282,0.998429,0.328792,0.864764,0.000322276,-0.502178,0.000121784,-0.645374,0.0111764,0.643464,-0.0237724,-6.20342,0.0242138,-0.00689344,-0.272324,0.657978,-0.00731842,-0.272366,0.657951,0.00851757,-1.07429,1.71687,0.00710991,-1.07321,1.71421,-0.057448,0.31468,0.0858067,0.225823,0.325889,0.0947394,-0.000373948,-7.81248,1.06355,0.0401333,-7.8397,1.03604,0.410024,0.158923,0.168773,0.452894,0.162073,0.171639,-0.511007,-13,-8.46357,-0.424284,-13,-8.25305
2288,4,-0.259929,0.99844,0.329436,0.863201,0.000318201,-0.50486,0.000139234,-0.647565,0.0110692,0.644676,-0.0220563,-6.21027,0.0252647,-0.00694811,-0.27202,0.658062,-0.00709729,-0.27205,0.658044,0.00851639,-1.08211,1.71792,0.00715132,-1.08106,1.71523,-0.0518947,0.294961,0.0821972,0.216443,0.306946,0.0909672,-0.00199148,-7.83195,1.03648,0.0426822,-7.85858,1.00992,0.413607,0.13946,0.161774,0.439105,0.141968,0.163919,-0.511054,-13,-8.54967,-0.426595,-13,-8.33689
2289,4,-0.260577,0.998451,0.330082,0.861629,0.000315013,-0.507539,0.000156645,-0.64981,0.0109559,0.645951,-0.0206163,-6.21675,0.0258803,-0.00699688,-0.271735,0.658142,-0.00688607,-0.271752,0.658133,0.00851386,-1.08995,1.71894,0.00719501,-1.08893,1.71623,-0.0456349,0.274984,0.0783804,0.205989,0.28754,0.0869545,-0.00307195,-7.85035,1.00799,0.0447011,-7.87615,0.982002,0.416887,0.121171,0.155053,0.425837,0.122983,0.156491,-0.510983,-13,-8.63367,-0.429079,-13,-8.41873
2290,4,-0.261228,0.998462,0.330728,0.860046,0.000312516,-0.510216,0.000173914,-0.652104,0.0108379,0.647284,-0.0193786,-6.22295,0.0261857,-0.00703917,-0.27147,0.658219,-0.00668571,-0.271475,0.658218,0.00851044,-1.09781,1.71994,0.00724053,-1.09681,1.7172,-0.0389458,0.254825,0.0743807,0.194743,0.267752,0.0827256,-0.00375962,-7.86782,0.978215,0.0463362,-7.89263,0.952511,0.419813,0.104073,0.14863,0.413164,0.105148,0.149374,-0.510832,-13,-8.71545,-0.431701,-13,-8.49841
2291,4,-0.261882,0.998473,0.331376,0.858454,0.000310568,-0.512891,0.000190972,-0.654442,0.0107162,0.64867,-0.0182846,-6.22894,0.0262845,-0.00707467,-0.271225,0.658291,-0.00649686,-0.271217,0.658298,0.00850648,-1.10568,1.7209,0.00728755,-1.10471,1.71813,-0.0320558,0.23456,0.0702228,0.182947,0.247669,0.0783053,-0.0041719,-7.88451,0.947262,0.0477069,-7.90823,0.921668,0.42235,0.0881786,0.14252,0.401143,0.0884894,0.142587,-0.510627,-13,-8.7949,-0.434432,-13,-8.57579
2292,4,-0.262537,0.998484,0.332025,0.856851,0.000309074,-0.515563,0.000207777,-0.65682,0.0105919,0.650103,-0.0172881,-6.23481,0.0262613,-0.00710327,-0.271001,0.658359,-0.00631999,-0.27098,0.658374,0.00850219,-1.11358,1.72183,0.00733586,-1.11263,1.71904,-0.0251515,0.214267,0.0659312,0.170802,0.227378,0.0737188,-0.00440364,-7.90055,0.915253,0.0489101,-7.92313,0.88967,0.42448,0.0734971,0.136736,0.389812,0.0730267,0.136146,-0.510389,-13,-8.87192,-0.437253,-13,-8.65076
2293,4,-0.263195,0.998494,0.332676,0.855239,0.000307978,-0.518233,0.00022431,-0.659232,0.0104656,0.651578,-0.0163541,-6.24064,0.026184,-0.00712504,-0.270796,0.658423,-0.00615535,-0.270762,0.658446,0.00849772,-1.12148,1.72273,0.00738533,-1.12056,1.71991,-0.0183821,0.194022,0.0615301,0.158478,0.206965,0.0689917,-0.00452918,-7.91608,0.882306,0.0500223,-7.93751,0.856698,0.426196,0.0600322,0.13129,0.379199,0.0587753,0.130065,-0.510131,-13,-8.94642,-0.440152,-13,-8.72321
2294,4,-0.263856,0.998505,0.333329,0.853617,0.000307249,-0.5209,0.000240572,-0.661673,0.0103381,0.65309,-0.0154566,-6.2465,0.0261063,-0.00714016,-0.270612,0.658482,-0.00600305,-0.270566,0.658512,0.00849316,-1.12941,1.72359,0.00743589,-1.1285,1.72075,-0.0118651,0.173899,0.0570433,0.146115,0.186518,0.0641496,-0.00460611,-7.93122,0.848537,0.051103,-7.95154,0.822914,0.427502,0.0477836,0.126191,0.369321,0.045745,0.124356,-0.509863,-13,-9.01832,-0.44312,-13,-8.79307
2295,4,-0.264519,0.998515,0.333983,0.851986,0.000306881,-0.523565,0.000256577,-0.66414,0.0102096,0.654635,-0.0145771,-6.25245,0.0260693,-0.00714894,-0.270448,0.658537,-0.00586308,-0.270389,0.658574,0.00848852,-1.13735,1.72443,0.00748754,-1.13646,1.72156,-0.00569038,0.153972,0.0524941,0.133826,0.166123,0.0592179,-0.00467675,-7.94611,0.814057,0.0521967,-7.96538,0.788465,0.42841,0.0367459,0.121448,0.360183,0.0339406,0.119031,-0.509589,-13,-9.08756,-0.446153,-13,-8.86025
2296,4,-0.265184,0.998525,0.334638,0.850344,0.000306883,-0.526227,0.00027235,-0.666628,0.0100808,0.656208,-0.0137037,-6.25855,0.0261036,-0.00715175,-0.270304,0.658587,-0.00573532,-0.270233,0.658631,0.00848379,-1.1453,1.72522,0.00754031,-1.14443,1.72233,7.55E-05,0.134312,0.0479051,0.121707,0.145864,0.0542215,-0.00477139,-7.96085,0.778975,0.0533357,-7.97915,0.753487,0.428936,0.0269098,0.117067,0.351785,0.0233613,0.114096,-0.509311,-13,-9.15406,-0.449252,-13,-8.92471
2297,4,-0.265852,0.998535,0.335295,0.848692,0.000307273,-0.528887,0.000287925,-0.669134,0.00995171,0.657803,-0.0128292,-6.26487,0.0262307,-0.00714902,-0.27018,0.658632,-0.00561955,-0.270098,0.658682,0.00847895,-1.15327,1.72598,0.00759424,-1.15242,1.72307,0.00538588,0.114984,0.043298,0.10983,0.125822,0.0491848,-0.00490929,-7.97557,0.743395,0.0545414,-7.993,0.7181,0.429105,0.0182613,0.113051,0.344119,0.0140017,0.109559,-0.509027,-13,-9.21778,-0.452418,-13,-8.98638
2298,4,-0.266522,0.998545,0.335954,0.84703,0.000308079,-0.531544,0.000303344,-0.671653,0.00982266,0.659418,-0.011951,-6.27145,0.0264645,-0.00714122,-0.270074,0.658673,-0.00551551,-0.269982,0.658729,0.00847395,-1.16125,1.72671,0.00764943,-1.16042,1.72377,0.0102109,0.0960549,0.0386938,0.0982553,0.106074,0.0441315,-0.00510144,-7.99037,0.707418,0.0558269,-8.00703,0.682415,0.428941,0.0107824,0.109403,0.337173,0.0058511,0.105422,-0.508737,-13,-9.27868,-0.455655,-13,-9.04525
2299,4,-0.267195,0.998555,0.336614,0.845358,0.000309331,-0.534199,0.00031865,-0.674182,0.00969378,0.661046,-0.0110692,-6.27835,0.0268128,-0.00712885,-0.269987,0.65871,-0.00542286,-0.269885,0.65877,0.00846872,-1.16925,1.7274,0.00770594,-1.16843,1.72443,0.0145344,0.077583,0.0341125,0.087029,0.0866934,0.0390845,-0.00535115,-8.00536,0.671137,0.0571977,-8.02137,0.646531,0.428473,0.00445122,0.106123,0.33093,-0.00110577,0.10169,-0.508437,-13,-9.33671,-0.458966,-13,-9.10127
2300,4,-0.267871,0.998564,0.337276,0.843676,0.00031106,-0.536852,0.00033389,-0.676717,0.00956513,0.662684,-0.0101867,-6.28561,0.0272781,-0.0071124,-0.269919,0.658742,-0.00534126,-0.269808,0.658807,0.00846322,-1.17726,1.72805,0.00776387,-1.17646,1.72506,0.0183517,0.0596248,0.029573,0.0761857,0.0677504,0.0340655,-0.00565637,-8.02063,0.634644,0.0586538,-8.03612,0.610538,0.427731,-0.000757921,0.103211,0.325372,-0.00688878,0.098361,-0.508123,-13,-9.39185,-0.462356,-13,-9.15443
2301,4,-0.268549,0.998574,0.337939,0.841984,0.000313296,-0.539502,0.000349112,-0.679256,0.00943677,0.664328,-0.00930817,-6.29327,0.0278586,-0.00709239,-0.269868,0.658769,-0.00527029,-0.269749,0.658839,0.00845738,-1.18529,1.72867,0.00782329,-1.18451,1.72565,0.0216671,0.0422317,0.025093,0.0657511,0.049309,0.0290955,-0.00600994,-8.03628,0.598022,0.0601903,-8.05137,0.574517,0.426744,-0.00487416,0.100663,0.320475,-0.0115221,0.095435,-0.507793,-13,-9.44408,-0.465832,-13,-9.20471
2302,4,-0.269229,0.998583,0.338604,0.840281,0.000316068,-0.542151,0.000364365,-0.681794,0.0093087,0.665974,-0.00843952,-6.30138,0.0285495,-0.00706931,-0.269834,0.658792,-0.00520954,-0.269709,0.658865,0.00845118,-1.19334,1.72925,0.00788428,-1.19256,1.72621,0.0244926,0.0254507,0.0206893,0.0557433,0.0314289,0.0241939,-0.00640159,-8.05239,0.561352,0.0617991,-8.06721,0.538542,0.425544,-0.00792985,0.0984767,0.316217,-0.0150339,0.0929086,-0.507443,-13,-9.49339,-0.469397,-13,-9.25211
2303,4,-0.269912,0.998592,0.339271,0.838568,0.000319397,-0.544797,0.000379693,-0.68433,0.0091809,0.667618,-0.00758751,-6.30998,0.0293434,-0.00704365,-0.269817,0.65881,-0.00515858,-0.269686,0.658887,0.00844457,-1.2014,1.72979,0.00794692,-1.20064,1.72673,0.0268454,0.0093239,0.0163773,0.0461738,0.0141644,0.0193792,-0.00681788,-8.06906,0.524706,0.0634691,-8.08372,0.502679,0.424159,-0.00996033,0.0966454,0.312572,-0.017456,0.090777,-0.507071,-13,-9.53976,-0.473057,-13,-9.29663
2304,4,-0.270598,0.998602,0.33994,0.836843,0.000323303,-0.547442,0.000395143,-0.686861,0.00905333,0.669257,-0.00675935,-6.31909,0.0302308,-0.00701585,-0.269815,0.658825,-0.00511697,-0.26968,0.658904,0.00843754,-1.20947,1.7303,0.00801125,-1.20873,1.72721,0.0287474,-0.00611135,0.0121712,0.0370494,-0.00243566,0.0146684,-0.00724389,-8.08635,0.488153,0.0651876,-8.10098,0.466985,0.422619,-0.0110036,0.0951627,0.309515,-0.0188238,0.0890341,-0.506674,-13,-9.58321,-0.476815,-13,-9.33828
2305,4,-0.271286,0.998611,0.34061,0.835108,0.000327798,-0.550086,0.000410756,-0.689383,0.00892593,0.670886,-0.00596243,-6.32874,0.0312011,-0.00698636,-0.269828,0.658835,-0.00508426,-0.269691,0.658916,0.00843008,-1.21757,1.73077,0.00807731,-1.21684,1.72766,0.0302236,-0.0208226,0.00808392,0.0283728,-0.0183277,0.0100773,-0.00766296,-8.10435,0.451757,0.0669404,-8.11905,0.431514,0.420951,-0.0110999,0.0940208,0.307018,-0.0191757,0.0876722,-0.506252,-13,-9.62372,-0.480675,-13,-9.37707
2306,4,-0.271976,0.998619,0.341281,0.833362,0.000332889,-0.552728,0.000426574,-0.691894,0.00879865,0.672503,-0.00520401,-6.33898,0.0322428,-0.0069556,-0.269856,0.658841,-0.00506,-0.269717,0.658924,0.00842222,-1.22568,1.7312,0.00814514,-1.22497,1.72808,0.0313007,-0.0347823,0.00412725,0.0201433,-0.0334738,0.00562033,-0.00805814,-8.12311,0.415575,0.0687128,-8.138,0.396312,0.419182,-0.0102919,0.0932106,0.305056,-0.0185528,0.0866823,-0.505805,-13,-9.66132,-0.484639,-13,-9.41301
2307,4,-0.27267,0.998628,0.341955,0.831604,0.000338578,-0.555368,0.000442632,-0.694392,0.00867142,0.674104,-0.00449109,-6.34982,0.033344,-0.00692395,-0.269898,0.658843,-0.00504375,-0.269757,0.658928,0.00841399,-1.23382,1.7316,0.00821474,-1.23312,1.72846,0.0320072,-0.0479678,0.000311571,0.0123576,-0.0478414,0.00131036,-0.00841175,-8.14271,0.379658,0.0704897,-8.1579,0.36142,0.417336,-0.00862377,0.0927221,0.3036,-0.0169987,0.0860544,-0.505333,-13,-9.69601,-0.488708,-13,-9.44612
2308,4,-0.273365,0.998637,0.34263,0.829835,0.000344858,-0.558008,0.000458964,-0.696875,0.00854416,0.675686,-0.00383018,-6.3613,0.0344925,-0.00689176,-0.269952,0.658842,-0.00503507,-0.269812,0.658927,0.00840543,-1.24197,1.73196,0.00828611,-1.24129,1.7288,0.032372,-0.060361,-0.00335395,0.00501069,-0.0614036,-0.00284095,-0.00870664,-8.16319,0.344055,0.0722563,-8.17878,0.326875,0.415437,-0.00614127,0.0925446,0.302625,-0.0145593,0.0857772,-0.504839,-13,-9.72782,-0.492884,-13,-9.47643
2309,4,-0.274063,0.998645,0.343306,0.828055,0.000351719,-0.560647,0.000475601,-0.699339,0.00841681,0.677246,-0.00322729,-6.37342,0.0356763,-0.00685936,-0.270018,0.658837,-0.00503351,-0.26988,0.658922,0.00839661,-1.25014,1.73229,0.00835924,-1.24948,1.72911,0.032424,-0.0719486,-0.00686137,-0.00190423,-0.0741384,-0.00682341,-0.00892561,-8.18463,0.308806,0.0739981,-8.20071,0.292707,0.413505,-0.00289141,0.0926663,0.302104,-0.0112819,0.0858384,-0.504326,-13,-9.75677,-0.497167,-13,-9.50396
2310,4,-0.274764,0.998654,0.343984,0.826262,0.000359146,-0.563286,0.000492571,-0.701785,0.0082893,0.678782,-0.00268772,-6.38622,0.036884,-0.00682705,-0.270095,0.658828,-0.00503866,-0.26996,0.658913,0.00838762,-1.25834,1.73258,0.00843409,-1.25769,1.72939,0.0321916,-0.0827218,-0.010204,-0.00839493,-0.0860294,-0.0106282,-0.00905254,-8.20707,0.273949,0.0757015,-8.22373,0.258944,0.411562,0.00107788,0.0930749,0.302011,-0.00721566,0.086225,-0.503797,-13,-9.78288,-0.501554,-13,-9.52875
2311,4,-0.275467,0.998662,0.344664,0.824457,0.000367117,-0.565924,0.000509897,-0.704208,0.00816158,0.68029,-0.00221612,-6.39971,0.0381043,-0.00679511,-0.270183,0.658816,-0.0050501,-0.270051,0.658901,0.00837856,-1.26656,1.73283,0.00851061,-1.26593,1.72963,0.0317027,-0.092676,-0.0133764,-0.0144701,-0.097065,-0.0142477,-0.00907171,-8.23054,0.239517,0.0773537,-8.24788,0.225607,0.409623,0.00571799,0.0937575,0.30232,-0.00241062,0.0869231,-0.503257,-13,-9.80619,-0.506045,-13,-9.55081
2312,4,-0.276172,0.99867,0.345345,0.82264,0.000375605,-0.568562,0.0005276,-0.706609,0.00803358,0.681767,-0.00181638,-6.41391,0.039327,-0.00676376,-0.27028,0.658801,-0.0050674,-0.270154,0.658885,0.00836954,-1.2748,1.73306,0.00858876,-1.27419,1.72984,0.0309839,-0.101811,-0.016374,-0.0201389,-0.107238,-0.0176759,-0.00896878,-8.25511,0.205536,0.078943,-8.2732,0.192717,0.407706,0.0109799,0.0947007,0.303006,0.00308221,0.0879181,-0.502714,-13,-9.82673,-0.510637,-13,-9.57019
2313,4,-0.27688,0.998678,0.346027,0.82081,0.000384582,-0.5712,0.0005457,-0.708984,0.00790527,0.683212,-0.00149165,-6.42884,0.0405424,-0.00673324,-0.270386,0.658784,-0.00509017,-0.270265,0.658866,0.00836069,-1.28307,1.73325,0.00866846,-1.28247,1.73001,0.0300606,-0.11013,-0.0191939,-0.0254112,-0.116548,-0.0209078,-0.00873009,-8.2808,0.172031,0.0804588,-8.29972,0.160287,0.405826,0.0168145,0.0958907,0.304044,0.00921132,0.089195,-0.502172,-13,-9.84453,-0.515326,-13,-9.58693
2314,4,-0.27759,0.998686,0.346711,0.818968,0.000394012,-0.573839,0.00056421,-0.711333,0.00777661,0.684621,-0.0012443,-6.44451,0.0417418,-0.00670373,-0.2705,0.658763,-0.00511803,-0.270386,0.658843,0.00835215,-1.29136,1.7334,0.00874964,-1.29079,1.73016,0.028957,-0.117641,-0.0218336,-0.0302967,-0.124995,-0.0239398,-0.00834351,-8.30765,0.139019,0.0818918,-8.32747,0.128329,0.403994,0.0231728,0.0973135,0.30541,0.0159249,0.0907384,-0.501641,-13,-9.85964,-0.520108,-13,-9.60105
2315,4,-0.278303,0.998693,0.347396,0.817112,0.00040386,-0.576478,0.000583144,-0.713653,0.00764758,0.685993,-0.00107598,-6.46092,0.0429171,-0.0066754,-0.270621,0.65874,-0.00515058,-0.270515,0.658818,0.00834408,-1.29968,1.73352,0.0088322,-1.29913,1.73027,0.0276956,-0.124353,-0.0242922,-0.0348057,-0.132586,-0.0267693,-0.00779775,-8.33569,0.106515,0.083234,-8.35648,0.0968524,0.402224,0.0300059,0.0989546,0.307082,0.0231712,0.0925323,-0.501129,-13,-9.87208,-0.524978,-13,-9.61259
2316,4,-0.279018,0.998701,0.348083,0.815243,0.000414085,-0.579119,0.000602513,-0.715944,0.00751815,0.687324,-0.000987609,-6.47811,0.0440615,-0.00664841,-0.270748,0.658715,-0.00518746,-0.270651,0.65879,0.00833664,-1.30803,1.73361,0.00891606,-1.3075,1.73035,0.0262973,-0.130282,-0.0265694,-0.0389483,-0.139331,-0.0293951,-0.00708307,-8.36496,0.0745315,0.0844789,-8.38677,0.0658612,0.400524,0.0372657,0.1008,0.309035,0.0308986,0.0945606,-0.500645,-13,-9.8819,-0.529932,-13,-9.6216
2317,5,-0.279741,0.998708,0.348777,0.813389,0.000425624,-0.58172,0.000622801,-0.730444,0.00744858,0.701476,0.000957352,-6.30164,0.0489868,-0.00659866,-0.270824,0.658737,-0.00519905,-0.270736,0.658811,0.00832569,-1.31619,1.73349,0.00900254,-1.31568,1.73022,0.0731938,-0.0217739,0.0723191,0.0157635,-0.0314818,0.0705853,-0.0148196,-7.9525,-0.323035,0.0884736,-7.97599,-0.328323,0.398904,0.0449048,0.102834,0.311247,0.0390561,0.0968072,-0.500199,-13,-21,-0.534964,-13,-21
2318,5,-0.280478,0.998716,0.349486,0.811574,0.00043913,-0.584249,0.000644307,-0.744082,0.00737036,0.715164,0.00233423,-6.14633,0.0526273,-0.00650536,-0.270789,0.658809,-0.00516097,-0.27071,0.65888,0.00830789,-1.32396,1.73299,0.00909234,-1.32347,1.72971,0.113402,0.0931072,0.0712327,0.0603906,0.0834823,0.0687298,-0.020777,-7.58397,-0.686433,0.0911353,-7.60854,-0.689309,0.39592,0.0494665,0.101004,0.311943,0.0441805,0.0951596,-0.499541,-13,-21,-0.540152,-13,-21
2319,5,-0.281229,0.998723,0.350207,0.809795,0.000454049,-0.586712,0.000666699,-0.756843,0.00728497,0.72845,0.00323855,-6.0092,0.0551867,-0.00637651,-0.270655,0.658889,-0.00508429,-0.270587,0.658957,0.00828489,-1.33138,1.73213,0.00918423,-1.33092,1.72886,0.144301,0.173467,0.0875004,0.0929715,0.163776,0.084674,-0.0252232,-7.25356,-1.01955,0.092653,-7.27873,-1.02081,0.390322,0.0473265,0.095262,0.309658,0.0426205,0.089587,-0.498474,-13,-21,-0.54554,-13,-21
2320,5,-0.281991,0.99873,0.350942,0.808046,0.000469919,-0.589118,0.000689709,-0.768834,0.00719405,0.741356,0.00376214,-5.88875,0.0568843,-0.00622059,-0.270452,0.65898,-0.00497985,-0.270393,0.659045,0.00825808,-1.33849,1.73096,0.00927719,-1.33805,1.72768,0.167541,0.232772,0.0946716,0.115906,0.223051,0.0914866,-0.0284067,-6.95792,-1.32542,0.0932589,-6.98334,-1.32568,0.382591,0.0393293,0.0889127,0.305057,0.0352027,0.0834509,-0.497094,-13,-21,-0.551054,-13,-21
2321,5,-0.282766,0.998738,0.35169,0.806324,0.000486372,-0.591474,0.000713123,-0.780124,0.00709892,0.753909,0.00397667,-5.78335,0.0578918,-0.00604495,-0.2702,0.659077,-0.00485671,-0.270151,0.659139,0.00822861,-1.34531,1.72949,0.00937039,-1.3449,1.72622,0.183743,0.271615,0.0994062,0.130388,0.261863,0.0959201,-0.0305275,-6.69365,-1.60695,0.0931321,-6.71905,-1.6067,0.373236,0.0271421,0.0816258,0.298791,0.0235979,0.0764044,-0.495485,-13,-21,-0.556631,-13,-21
2322,5,-0.283551,0.998745,0.35245,0.804624,0.00050311,-0.593784,0.000736778,-0.790782,0.00700067,0.766129,0.00394131,-5.69158,0.058355,-0.00585622,-0.269918,0.659177,-0.00472266,-0.269878,0.659235,0.00819747,-1.35189,1.72776,0.00946316,-1.3515,1.72448,0.193719,0.293243,0.100697,0.137708,0.283466,0.0969441,-0.0317572,-6.45776,-1.86668,0.0924255,-6.48297,-1.86628,0.362697,0.0120105,0.0738627,0.291402,0.00905046,0.0689082,-0.493717,-13,-21,-0.562223,-13,-21
2323,5,-0.284347,0.998752,0.353222,0.802942,0.000519894,-0.596056,0.000760547,-0.800865,0.00690021,0.778036,0.00370385,-5.61215,0.0583937,-0.00566026,-0.269621,0.659277,-0.00458432,-0.269591,0.659331,0.00816547,-1.35824,1.72577,0.00955501,-1.35788,1.72249,0.19819,0.299995,0.0992713,0.138968,0.290201,0.0952868,-0.0322383,-6.24751,-2.10687,0.0912631,-6.27243,-2.10661,0.351373,-0.00493525,0.0658586,0.283359,-0.00730944,0.0611936,-0.491848,-13,-21,-0.56779,-13,-21
2324,5,-0.285153,0.998758,0.354006,0.801277,0.000536538,-0.598293,0.000784335,-0.810428,0.00679829,0.789647,0.00330306,-5.54389,0.0581065,-0.00546225,-0.269324,0.659374,-0.00444725,-0.269304,0.659424,0.00813331,-1.36439,1.72355,0.00964551,-1.36406,1.72028,0.197847,0.294147,0.0954251,0.135167,0.284346,0.0912407,-0.0320907,-6.06046,-2.32954,0.0897475,-6.08501,-2.32962,0.339616,-0.0227324,0.0578598,0.275059,-0.0245195,0.0535044,-0.489928,-13,-21,-0.5733,-13,-21
2325,5,-0.285968,0.998765,0.354801,0.799624,0.000552892,-0.6005,0.000808076,-0.819519,0.00669554,0.800977,0.00277022,-5.48575,0.0575736,-0.00526665,-0.269038,0.659467,-0.00431607,-0.269028,0.659513,0.00810155,-1.37037,1.72112,0.00973437,-1.37006,1.71784,0.193335,0.277736,0.0895234,0.12719,0.267939,0.0851688,-0.0314134,-5.89436,-2.53648,0.0879617,-5.91855,-2.53706,0.327735,-0.0405566,0.050072,0.266835,-0.0417559,0.0460433,-0.487998,-13,-21,-0.578731,-13,-21
2326,5,-0.286792,0.998772,0.355608,0.797981,0.000568843,-0.602681,0.000831723,-0.82818,0.00659245,0.812041,0.00213055,-5.43677,0.0568601,-0.00507736,-0.268773,0.659552,-0.00419456,-0.268773,0.659594,0.0080707,-1.37619,1.71849,0.00982134,-1.3759,1.71521,0.185259,0.252615,0.0818855,0.115827,0.242834,0.0773886,-0.0302894,-5.74722,-2.72931,0.085973,-5.77104,-2.73049,0.315999,-0.0577131,0.042674,0.258964,-0.0583244,0.0389869,-0.486093,-13,-21,-0.584062,-13,-21
2327,5,-0.287624,0.998778,0.356425,0.796346,0.000584301,-0.60484,0.000855247,-0.836449,0.00648941,0.82285,0.00140434,-5.39609,0.0560178,-0.00489764,-0.268536,0.65963,-0.00408576,-0.268546,0.659667,0.00804117,-1.38187,1.71567,0.00990624,-1.38161,1.71239,0.17418,0.220456,0.0728126,0.101779,0.210708,0.0681998,-0.0287862,-5.61721,-2.90946,0.0838351,-5.6407,-2.91131,0.304641,-0.0736236,0.0358177,0.251674,-0.0736476,0.0324846,-0.484242,-13,-21,-0.58928,-13,-21
2328,5,-0.288464,0.998785,0.357253,0.794716,0.000599199,-0.60698,0.000878631,-0.844361,0.00638676,0.833415,0.000607964,-5.36294,0.055088,-0.00473024,-0.268335,0.659697,-0.00399204,-0.268354,0.65973,0.00801329,-1.38743,1.71267,0.00998895,-1.38719,1.70939,0.160618,0.182768,0.0625818,0.0856646,0.173069,0.0578783,-0.0269601,-5.50268,-3.07821,0.0815913,-5.52591,-3.08078,0.293858,-0.0878158,0.0296297,0.245146,-0.0872539,0.026661,-0.48247,-13,-21,-0.594374,-13,-21
2329,5,-0.289312,0.998791,0.358092,0.79309,0.000613488,-0.609104,0.000901869,-0.851946,0.00628475,0.843746,-0.000245375,-5.33662,0.0541029,-0.0045774,-0.268173,0.659754,-0.00391519,-0.268202,0.659782,0.00798738,-1.39289,1.70952,0.0100694,-1.39267,1.70623,0.145051,0.1409,0.0514487,0.068031,0.131269,0.0466785,-0.0248567,-5.40216,-3.23672,0.0792751,-5.42519,-3.24002,0.283814,-0.0999125,0.024214,0.239522,-0.0987672,0.0216179,-0.480798,-13,-21,-0.599337,-13,-21
2330,5,-0.290168,0.998797,0.358941,0.791465,0.00062713,-0.611214,0.000924964,-0.859232,0.00618358,0.853852,-0.00114493,-5.31649,0.0530873,-0.00444092,-0.268054,0.6598,-0.0038565,-0.268093,0.659823,0.0079637,-1.39825,1.7062,0.0101475,-1.39805,1.70292,0.127917,0.0960576,0.0396471,0.0493579,0.0865162,0.0348333,-0.0225138,-5.31431,-3.38601,0.0769134,-5.33722,-3.39006,0.274644,-0.109623,0.0196527,0.234912,-0.107897,0.0174356,-0.479243,-13,-21,-0.604163,-13,-21
2331,5,-0.291031,0.998804,0.3598,0.78984,0.000640101,-0.613312,0.000947924,-0.866244,0.00608341,0.863742,-0.0020819,-5.30199,0.0520601,-0.00432215,-0.267982,0.659833,-0.00381679,-0.26803,0.659852,0.00794246,-1.40352,1.70275,0.0102232,-1.40335,1.69946,0.109612,0.0493101,0.0273902,0.0300646,0.0398803,0.022555,-0.0199616,-5.23793,-3.527,0.0745269,-5.26079,-3.5318,0.266455,-0.116731,0.0160089,0.23139,-0.114431,0.0141752,-0.477822,-13,-21,-0.608849,-13,-21
2332,5,-0.2919,0.99881,0.360668,0.788212,0.000652382,-0.615402,0.00097076,-0.873003,0.00598437,0.873422,-0.00304896,-5.2926,0.0510353,-0.0042221,-0.267956,0.659855,-0.0037965,-0.268014,0.659868,0.00792387,-1.40873,1.69915,0.0102965,-1.40858,1.69586,0.0904986,0.0016003,0.0148709,0.0105154,-0.00769407,0.0100359,-0.0172255,-5.17193,-3.66052,0.0721321,-5.19483,-3.66607,0.259329,-0.121092,0.0133274,0.229007,-0.118223,0.0118796,-0.476548,-13,-21,-0.613392,-13,-21
2333,5,-0.292777,0.998815,0.361546,0.786582,0.000663963,-0.617485,0.000993487,-0.87953,0.00588656,0.882901,-0.00403992,-5.28786,0.0500233,-0.0041414,-0.267979,0.659863,-0.00379573,-0.268045,0.659872,0.00790809,-1.41387,1.69543,0.0103675,-1.41374,1.69213,0.0708983,-0.0462467,0.00226283,-0.0089753,-0.0553803,-0.00255108,-0.0143258,-5.11535,-3.78731,0.0697414,-5.13836,-3.7936,0.253326,-0.12262,0.011637,0.22779,-0.119188,0.010576,-0.475432,-13,-21,-0.617792,-13,-21
2334,5,-0.293659,0.998821,0.362434,0.784946,0.000674838,-0.619562,0.00101612,-0.885841,0.00579006,0.892185,-0.00504941,-5.28737,0.0490312,-0.0040804,-0.268049,0.659859,-0.00381428,-0.268124,0.659863,0.00789529,-1.41896,1.69158,0.010436,-1.41886,1.68827,0.0510999,-0.0935147,-0.010279,-0.0281382,-0.102461,-0.0150517,-0.0112795,-5.0673,-3.90804,0.0673652,-5.09049,-3.91505,0.248484,-0.12128,0.0109516,0.227744,-0.117296,0.0102766,-0.474485,-13,-21,-0.622048,-13,-21
2335,5,-0.294548,0.998827,0.363331,0.783305,0.000685005,-0.621636,0.00103868,-0.891953,0.00569494,0.901279,-0.00607268,-5.29076,0.048064,-0.00403917,-0.268165,0.659843,-0.00385173,-0.268249,0.659842,0.0078856,-1.42401,1.68762,0.0105022,-1.42393,1.6843,0.0313583,-0.139589,-0.0226174,-0.0467453,-0.148321,-0.0273295,-0.0081005,-5.027,-4.02331,0.0650114,-5.05046,-4.03103,0.244824,-0.117087,0.0112723,0.228857,-0.112561,0.0109807,-0.473717,-13,-21,-0.626161,-13,-21
2336,5,-0.295443,0.998833,0.364236,0.781657,0.000694466,-0.623707,0.00106118,-0.897881,0.00560124,0.91019,-0.00710538,-5.2977,0.047125,-0.00401754,-0.268327,0.659814,-0.0039074,-0.26842,0.659808,0.00787915,-1.42902,1.68354,0.0105661,-1.42896,1.68021,0.0118968,-0.183947,-0.0346324,-0.0646057,-0.192438,-0.0392651,-0.00480083,-4.99375,-4.13365,0.062687,-5.01753,-4.14207,0.24235,-0.110094,0.0125881,0.231104,-0.105037,0.012676,-0.473136,-13,-21,-0.630132,-13,-21
2337,5,-0.296344,0.998838,0.365151,0.78,0.000703225,-0.625778,0.00108363,-0.903636,0.005509,0.918923,-0.00814346,-5.30789,0.0462159,-0.00401514,-0.268532,0.659774,-0.00398048,-0.268633,0.659763,0.00787605,-1.434,1.67935,0.0106276,-1.43397,1.67602,-0.00709101,-0.226154,-0.0462199,-0.0815621,-0.234374,-0.0507552,-0.00139038,-4.96691,-4.23955,0.0603978,-4.99109,-4.24866,0.241053,-0.100388,0.0148781,0.234444,-0.0948147,0.0153398,-0.472749,-13,-21,-0.633963,-13,-21
2338,5,-0.29725,0.998844,0.366074,0.778335,0.000711287,-0.627848,0.00110606,-0.90923,0.00541829,0.927484,-0.00918304,-5.32107,0.0453381,-0.00403141,-0.268778,0.659722,-0.00407001,-0.268887,0.659707,0.00787642,-1.43896,1.67506,0.0106869,-1.43895,1.67172,-0.0254397,-0.265852,-0.0572912,-0.0974876,-0.273773,-0.0617119,0.00212183,-4.94594,-4.34144,0.0581494,-4.97056,-4.35123,0.240908,-0.0880851,0.0181122,0.238829,-0.0820104,0.0189406,-0.472563,-13,-21,-0.637656,-13,-21
2339,5,-0.298162,0.998849,0.367006,0.776659,0.000718662,-0.62992,0.00112848,-0.914674,0.00532912,0.935877,-0.0102204,-5.33701,0.0444919,-0.00406563,-0.269062,0.659659,-0.00417489,-0.269179,0.65964,0.00788034,-1.44389,1.67067,0.0107439,-1.44391,1.66732,-0.0430096,-0.302754,-0.0677721,-0.112283,-0.310349,-0.0720616,0.00572809,-4.93031,-4.43972,0.0559469,-4.95543,-4.45019,0.241884,-0.073325,0.0222527,0.244201,-0.0667659,0.0234393,-0.472585,-13,-21,-0.641212,-13,-21
2340,5,-0.29908,0.998854,0.367946,0.774973,0.000725358,-0.631993,0.00115089,-0.919976,0.00524153,0.944108,-0.0112517,-5.35551,0.0436778,-0.00411698,-0.269382,0.659587,-0.00429397,-0.269506,0.659563,0.00788792,-1.44882,1.66618,0.0107988,-1.44886,1.66282,-0.0596856,-0.336643,-0.0776015,-0.125872,-0.343882,-0.0817442,0.00942106,-4.9196,-4.53475,0.0537958,-4.94524,-4.54588,0.243938,-0.0562668,0.0272552,0.250494,-0.0492423,0.0287902,-0.472821,-13,-21,-0.644635,-13,-21
2341,5,-0.300002,0.99886,0.368894,0.773274,0.000731389,-0.63407,0.00117333,-0.925146,0.00515557,0.952181,-0.0122734,-5.37638,0.0428956,-0.00418451,-0.269734,0.659504,-0.00442601,-0.269865,0.659477,0.00789923,-1.45373,1.6616,0.0108515,-1.4538,1.65823,-0.0753747,-0.367355,-0.0867311,-0.138204,-0.374213,-0.0907124,0.0131942,-4.91339,-4.62685,0.0517017,-4.9396,-4.63864,0.247019,-0.0370849,0.0330701,0.257638,-0.0296154,0.0349424,-0.473275,-13,-21,-0.647928,-13,-21
2342,5,-0.30093,0.998865,0.36985,0.771563,0.000736765,-0.636151,0.00119578,-0.930191,0.00507126,0.960101,-0.0132818,-5.39946,0.0421456,-0.0042672,-0.270115,0.659414,-0.00456973,-0.270253,0.659382,0.00791434,-1.45865,1.65693,0.0109022,-1.45874,1.65354,-0.0900048,-0.394785,-0.0951242,-0.149244,-0.401234,-0.0989302,0.017041,-4.91132,-4.7163,0.0496705,-4.93814,-4.72876,0.251071,-0.0159649,0.0396434,0.265561,-0.00807254,0.0418407,-0.473954,-13,-21,-0.651092,-13,-21
2343,5,-0.301863,0.99887,0.370814,0.769839,0.000741503,-0.638237,0.00121828,-0.935116,0.00498865,0.967871,-0.0142732,-5.42461,0.0414279,-0.00436396,-0.270522,0.659315,-0.00472384,-0.270666,0.65928,0.00793334,-1.46356,1.65217,0.0109509,-1.46368,1.64877,-0.103522,-0.418872,-0.102755,-0.158976,-0.424887,-0.106373,0.0209555,-4.9131,-4.80337,0.0477086,-4.94052,-4.8165,0.256032,0.00689928,0.0469177,0.274184,0.0151908,0.0494264,-0.474861,-13,-21,-0.654134,-13,-21
2344,5,-0.3028,0.998875,0.371786,0.768101,0.000745618,-0.640328,0.00124081,-0.93993,0.00490777,0.975497,-0.0152439,-5.45171,0.040743,-0.00447367,-0.270951,0.659208,-0.00488703,-0.271101,0.65917,0.00795628,-1.46848,1.64732,0.0109977,-1.46862,1.64391,-0.115891,-0.4396,-0.109607,-0.167402,-0.445156,-0.113025,0.0249317,-4.91842,-4.88832,0.0458228,-4.94648,-4.90212,0.261838,0.031309,0.0548328,0.283431,0.0399744,0.0576385,-0.476,-13,-21,-0.657055,-13,-21
2345,5,-0.303742,0.99888,0.372765,0.766348,0.000749128,-0.642424,0.0012634,-0.944636,0.00482866,0.982982,-0.0161902,-5.48064,0.0400913,-0.00459516,-0.271399,0.659096,-0.005058,-0.271555,0.659054,0.00798323,-1.4734,1.6424,0.0110426,-1.47357,1.63897,-0.12709,-0.456989,-0.115673,-0.174533,-0.462064,-0.11888,0.0289638,-4.92704,-4.97135,0.0440204,-4.95574,-4.98583,0.26842,0.0570632,0.0633273,0.293222,0.0660757,0.0664144,-0.477377,-13,-21,-0.659861,-13,-21
2346,5,-0.304689,0.998884,0.373752,0.764579,0.000752052,-0.644528,0.00128604,-0.949241,0.00475136,0.99033,-0.0171086,-5.51131,0.0394738,-0.00472726,-0.271863,0.658977,-0.00523546,-0.272024,0.658932,0.00801424,-1.47833,1.63738,0.0110858,-1.47854,1.63394,-0.137112,-0.471093,-0.120954,-0.180396,-0.475666,-0.12394,0.0330461,-4.93874,-5.05267,0.0423094,-4.96809,-5.06783,0.27571,0.0839608,0.0723385,0.30348,0.0932923,0.0756906,-0.478994,-13,-21,-0.662556,-13,-21
2347,5,-0.305641,0.998889,0.374745,0.762795,0.000754412,-0.646639,0.00130875,-0.953748,0.00467591,0.997546,-0.0179955,-5.54363,0.0388914,-0.0048688,-0.27234,0.658854,-0.00541818,-0.272505,0.658806,0.00804935,-1.48328,1.63229,0.0111273,-1.48351,1.62883,-0.145964,-0.481993,-0.125457,-0.185026,-0.486046,-0.128214,0.0371733,-4.95333,-5.13248,0.040698,-4.98331,-5.14833,0.283636,0.111803,0.0818035,0.314128,0.121424,0.0854034,-0.480854,-13,-21,-0.665146,-13,-21
2348,5,-0.306597,0.998894,0.375747,0.760994,0.000756231,-0.648757,0.00133153,-0.958163,0.00460235,1.00463,-0.0188474,-5.57754,0.0383454,-0.00501861,-0.272826,0.658727,-0.00560492,-0.272994,0.658676,0.0080886,-1.48824,1.62712,0.0111672,-1.4885,1.62364,-0.15366,-0.489798,-0.129198,-0.188468,-0.493314,-0.131719,0.0413398,-4.97061,-5.21093,0.0391951,-5.00123,-5.22748,0.292128,0.140396,0.09166,0.325091,0.150276,0.0954896,-0.482961,-13,-21,-0.667636,-13,-21
2349,5,-0.307557,0.998898,0.376755,0.759176,0.000757533,-0.650883,0.00135438,-0.962488,0.00453072,1.01159,-0.0196609,-5.61298,0.0378374,-0.00517555,-0.273318,0.658596,-0.00579454,-0.27349,0.658543,0.00813204,-1.49322,1.62187,0.0112057,-1.49352,1.61838,-0.160227,-0.494634,-0.132196,-0.190773,-0.497598,-0.134474,0.0455406,-4.99044,-5.2882,0.0378099,-5.02169,-5.30546,0.301117,0.16955,0.101846,0.336295,0.179656,0.105887,-0.485316,-13,-21,-0.670033,-13,-21
2350,5,-0.308522,0.998903,0.37777,0.757341,0.000758344,-0.653018,0.00137731,-0.966726,0.00446105,1.01843,-0.0204328,-5.64988,0.0373688,-0.00533852,-0.273814,0.658463,-0.00598593,-0.273988,0.658408,0.0081797,-1.49822,1.61654,0.0112429,-1.49855,1.61303,-0.165699,-0.496647,-0.134477,-0.192,-0.499046,-0.136506,0.0497708,-5.01268,-5.36444,0.0365519,-5.04453,-5.38242,0.310533,0.199083,0.112302,0.347673,0.209384,0.116535,-0.487923,-13,-21,-0.672343,-13,-21
2351,5,-0.30949,0.998907,0.378791,0.755486,0.000758694,-0.655162,0.00140031,-0.970882,0.0043934,1.02515,-0.0211599,-5.68821,0.0369416,-0.00550642,-0.27431,0.658328,-0.00617804,-0.274486,0.658271,0.0082316,-1.50325,1.61114,0.0112789,-1.50361,1.60761,-0.170116,-0.495995,-0.136069,-0.192212,-0.49782,-0.137845,0.0540259,-5.03721,-5.43978,0.0354312,-5.06964,-5.45849,0.320311,0.228821,0.122969,0.359156,0.239283,0.127374,-0.490782,-13,-21,-0.674574,-13,-21
2352,5,-0.310463,0.998912,0.37982,0.753614,0.000758611,-0.657316,0.00142339,-0.974958,0.00432779,1.03176,-0.0218392,-5.72792,0.0365575,-0.00567825,-0.274804,0.658191,-0.00636988,-0.274982,0.658132,0.00828776,-1.5083,1.60566,0.0113138,-1.50869,1.60212,-0.173527,-0.492849,-0.137005,-0.191477,-0.494092,-0.138526,0.0583016,-5.0639,-5.51436,0.0344579,-5.09689,-5.53382,0.330385,0.2586,0.133791,0.370682,0.269189,0.138348,-0.493896,-13,-21,-0.676734,-13,-21
2353,5,-0.31144,0.998916,0.380855,0.751721,0.000758128,-0.659479,0.00144656,-0.978957,0.00426425,1.03825,-0.0224681,-5.76899,0.0362186,-0.005853,-0.275295,0.658054,-0.00656055,-0.275474,0.657994,0.00834821,-1.51337,1.60011,0.0113479,-1.5138,1.59655,-0.175981,-0.487386,-0.137322,-0.189864,-0.488042,-0.138585,0.0625943,-5.09267,-5.58832,0.0336426,-5.12618,-5.60852,0.340695,0.288266,0.144714,0.382193,0.298946,0.149403,-0.497266,-13,-21,-0.67883,-13,-21
2354,5,-0.312421,0.99892,0.381896,0.749809,0.000757279,-0.661653,0.00146981,-0.98288,0.00420283,1.04463,-0.0230439,-5.81138,0.0359268,-0.00602976,-0.275778,0.657917,-0.00674921,-0.275957,0.657856,0.00841296,-1.51848,1.59449,0.0113812,-1.51894,1.5909,-0.177536,-0.47979,-0.137056,-0.187446,-0.479857,-0.138062,0.0669007,-5.12341,-5.66176,0.032996,-5.15742,-5.68273,0.35118,0.317673,0.155687,0.393633,0.32841,0.160487,-0.500893,-13,-21,-0.680873,-13,-21
2355,5,-0.313406,0.998924,0.382944,0.747876,0.000756097,-0.663837,0.00149315,-0.98673,0.00414354,1.0509,-0.0235642,-5.85506,0.0356841,-0.00620765,-0.276253,0.65778,-0.00693508,-0.276432,0.657718,0.00848202,-1.52362,1.58879,0.011414,-1.52412,1.58518,-0.178248,-0.470248,-0.136248,-0.184297,-0.469726,-0.136996,0.0712182,-5.15605,-5.7348,0.0325289,-5.19052,-5.75655,0.361785,0.346688,0.166662,0.404952,0.357447,0.171553,-0.504777,-13,-21,-0.682873,-13,-21
2356,5,-0.314395,0.998928,0.383998,0.745922,0.00075462,-0.666032,0.00151657,-0.990509,0.00408641,1.05707,-0.024027,-5.90004,0.0354924,-0.00638586,-0.276718,0.657644,-0.00711747,-0.276896,0.657582,0.0085554,-1.5288,1.58302,0.0114464,-1.52933,1.57939,-0.178179,-0.458949,-0.134939,-0.18049,-0.457842,-0.13543,0.0755448,-5.19051,-5.80756,0.0322524,-5.2254,-5.8301,0.372459,0.375189,0.177594,0.416105,0.385935,0.182555,-0.508921,-13,-21,-0.684838,-13,-21
2357,5,-0.315387,0.998932,0.385058,0.743946,0.000752886,-0.668238,0.00154008,-0.994219,0.00403148,1.06314,-0.0244304,-5.94627,0.0353535,-0.00656365,-0.27717,0.65751,-0.00729577,-0.277347,0.657447,0.00863311,-1.534,1.57717,0.0114786,-1.53457,1.57352,-0.17739,-0.446081,-0.133171,-0.1761,-0.444394,-0.133407,0.0798792,-5.22672,-5.88015,0.0321777,-5.26199,-5.90349,0.383152,0.403065,0.188442,0.427048,0.413762,0.193452,-0.513324,-13,-21,-0.686782,-13,-21
2358,5,-0.316383,0.998936,0.386124,0.741948,0.000750932,-0.670455,0.00156367,-0.99786,0.00397874,1.06911,-0.0247728,-5.99377,0.0352693,-0.00674032,-0.277609,0.657378,-0.00746942,-0.277784,0.657315,0.00871516,-1.53925,1.57126,0.0115108,-1.53985,1.56758,-0.175944,-0.431831,-0.130985,-0.171201,-0.429572,-0.130971,0.0842209,-5.26463,-5.95267,0.0323161,-5.30022,-5.97683,0.393819,0.430216,0.199166,0.437746,0.440829,0.204206,-0.517987,-13,-21,-0.688715,-13,-21
2359,5,-0.317383,0.99894,0.387196,0.739927,0.0007488,-0.672685,0.00158735,-1.00143,0.00392823,1.07497,-0.0250527,-6.04251,0.0352412,-0.00691524,-0.278033,0.657249,-0.00763795,-0.278206,0.657186,0.00880156,-1.54453,1.56527,0.0115433,-1.54517,1.56157,-0.173903,-0.41638,-0.128424,-0.165864,-0.413559,-0.128164,0.0885704,-5.30416,-6.02523,0.0326789,-5.34003,-6.05021,0.404419,0.456553,0.209732,0.448165,0.467048,0.214781,-0.52291,-13,-21,-0.690649,-13,-21
2360,5,-0.318386,0.998944,0.388274,0.737883,0.000746531,-0.674927,0.00161112,-1.00494,0.00387994,1.08075,-0.0252692,-6.09249,0.0352708,-0.00708785,-0.278441,0.657122,-0.00780096,-0.278611,0.657059,0.00889231,-1.54986,1.55921,0.0115763,-1.55053,1.55548,-0.171329,-0.399906,-0.125531,-0.16016,-0.396538,-0.125029,0.0929291,-5.34527,-6.09792,0.0332777,-5.38137,-6.12374,0.414914,0.482,0.220109,0.458277,0.492342,0.225146,-0.528093,-13,-21,-0.692599,-13,-21
2361,5,-0.319393,0.998948,0.389358,0.735815,0.000744165,-0.677181,0.00163498,-1.00839,0.00383388,1.08642,-0.0254213,-6.14371,0.0353592,-0.00725766,-0.278833,0.656998,-0.00795812,-0.278998,0.656936,0.00898742,-1.55523,1.55307,0.01161,-1.55593,1.54932,-0.168282,-0.382581,-0.122345,-0.154157,-0.37868,-0.121609,0.0972992,-5.3879,-6.17085,0.0341242,-5.42418,-6.19753,0.425271,0.506488,0.230267,0.468058,0.516645,0.235274,-0.533538,-13,-21,-0.694578,-13,-21
2362,5,-0.320403,0.998952,0.390447,0.733722,0.000741747,-0.679447,0.00165893,-1.01177,0.00379005,1.092,-0.0255086,-6.19616,0.0355076,-0.00742421,-0.279206,0.656877,-0.00810916,-0.279368,0.656816,0.00908691,-1.56064,1.54687,0.0116447,-1.56138,1.54308,-0.164823,-0.36457,-0.118908,-0.147921,-0.360155,-0.117944,0.101684,-5.432,-6.24412,0.03523,-5.4684,-6.27167,0.43546,0.529963,0.240182,0.477487,0.539901,0.24514,-0.539245,-13,-21,-0.6966,-13,-21
2363,5,-0.321416,0.998956,0.391542,0.731604,0.000739317,-0.681727,0.00168296,-1.01509,0.00374845,1.09749,-0.0255308,-6.24984,0.0357168,-0.00758713,-0.279562,0.65676,-0.00825388,-0.279718,0.6567,0.0091908,-1.56609,1.54058,0.0116806,-1.56687,1.53678,-0.161008,-0.34603,-0.115259,-0.141515,-0.34112,-0.114075,0.106089,-5.47752,-6.31783,0.0366071,-5.51399,-6.34626,0.445453,0.552377,0.249832,0.48655,0.562066,0.254722,-0.545215,-13,-21,-0.698681,-13,-21
2364,5,-0.322433,0.998959,0.392642,0.729461,0.000736921,-0.68402,0.00170709,-1.01834,0.00370907,1.10289,-0.0254877,-6.30476,0.0359874,-0.00774608,-0.279898,0.656647,-0.00839214,-0.28005,0.656588,0.0092991,-1.57159,1.53423,0.011718,-1.57241,1.53039,-0.156894,-0.327109,-0.111435,-0.134999,-0.321727,-0.11004,0.110519,-5.52442,-6.39207,0.0382676,-5.56089,-6.42141,0.455228,0.573695,0.259199,0.495233,0.583105,0.264003,-0.551448,-13,-21,-0.700836,-13,-21
2365,5,-0.323453,0.998963,0.393748,0.727292,0.0007346,-0.686326,0.0017313,-1.02153,0.00367189,1.1082,-0.0253798,-6.36091,0.0363196,-0.00790079,-0.280216,0.656537,-0.00852385,-0.280362,0.65648,0.00941185,-1.57714,1.5278,0.0117573,-1.57799,1.52393,-0.152534,-0.307947,-0.107472,-0.12843,-0.302118,-0.105876,0.114983,-5.57265,-6.46695,0.040224,-5.60907,-6.4972,0.464765,0.59389,0.268266,0.503528,0.60299,0.272967,-0.557946,-13,-21,-0.703082,-13,-21
2366,5,-0.324476,0.998967,0.394858,0.725095,0.000732398,-0.688646,0.00175559,-1.02466,0.00363688,1.11341,-0.0252075,-6.41831,0.0367137,-0.00805105,-0.280514,0.656432,-0.008649,-0.280654,0.656376,0.00952909,-1.58274,1.5213,0.0117986,-1.58363,1.5174,-0.147978,-0.288676,-0.103406,-0.121861,-0.282425,-0.101618,0.119488,-5.62217,-6.54256,0.0424889,-5.65846,-6.57375,0.474048,0.612941,0.277023,0.511431,0.621705,0.281604,-0.564711,-13,-21,-0.705437,-13,-21
2367,5,-0.325502,0.99897,0.395974,0.722871,0.000730359,-0.69098,0.00177998,-1.02773,0.00360403,1.11853,-0.0249715,-6.47694,0.0371695,-0.00819667,-0.280793,0.65633,-0.0087676,-0.280927,0.656277,0.00965085,-1.58838,1.51471,0.0118424,-1.58931,1.51078,-0.143275,-0.269417,-0.0992678,-0.115342,-0.262771,-0.0972995,0.124044,-5.67293,-6.61901,0.0450755,-5.70904,-6.65116,0.483063,0.63084,0.285458,0.51894,0.639242,0.289904,-0.571745,-13,-21,-0.707918,-13,-21
2368,5,-0.32653,0.998974,0.397095,0.720615,0.00072118,-0.693333,0.00179547,-1.0288,0.0042474,1.12202,-0.0210374,-6.56117,-0.00856034,-0.00831434,-0.281063,0.656232,-0.00890946,-0.281182,0.65617,0.00975408,-1.59405,1.50505,0.0118743,-1.59507,1.50411,-0.0920558,-0.269772,-0.0982656,-0.168376,-0.248399,-0.116338,0.0823992,-5.65683,-12.7086,0.0186782,-5.80029,-6.70205,0.4918,0.647583,0.293565,0.526056,0.655598,0.29786,-0.579051,-13,-21,-0.710545,-13,-21
2369,5,-0.327559,0.998979,0.398217,0.718321,0.000694927,-0.695709,0.00179416,-1.02952,0.0051668,1.12336,-0.0273291,-6.65002,-0.0583954,-0.00838315,-0.281326,0.656132,-0.00910239,-0.281427,0.656053,0.00990598,-1.59984,1.49537,0.0118668,-1.60092,1.49739,-0.0455694,-0.257814,-0.100651,-0.217486,-0.240452,-0.116628,0.221407,-5.92693,-6.64732,-0.0337255,-5.91064,-6.7365,0.49886,0.663758,0.301466,0.534567,0.670933,0.306406,-0.585245,-13,-21,-0.712458,-13,-21
2370,5,-0.328591,0.998984,0.399343,0.715994,0.00066213,-0.698104,0.00178757,-1.03263,0.00528772,1.1284,-0.0249053,-6.7077,-0.0417731,-0.00843794,-0.281573,0.656037,-0.00930304,-0.281661,0.655956,0.0101202,-1.60578,1.48867,0.0118444,-1.60686,1.49061,-0.0639977,-0.235499,-0.0900159,-0.183823,-0.227435,-0.0790169,0.207053,-5.94733,-6.76503,-0.0110274,-5.95758,-6.81965,0.502989,0.679586,0.309423,0.546143,0.685598,0.315724,-0.594359,-13,-21,-0.712006,-13,-21
2371,5,-0.329625,0.99899,0.400474,0.713638,0.000635333,-0.700512,0.00178555,-1.03565,0.00539577,1.1333,-0.0227421,-6.76761,-0.028373,-0.00850876,-0.281797,0.655949,-0.0094722,-0.281875,0.655875,0.0103219,-1.61175,1.48186,0.0118432,-1.61284,1.48375,-0.0776602,-0.21201,-0.086379,-0.154491,-0.2005,-0.0816195,0.196229,-5.9908,-6.85627,0.00864758,-6.00664,-6.90376,0.506276,0.694385,0.317049,0.558182,0.699635,0.32355,-0.607213,-13,-21,-0.710664,-13,-21
2372,5,-0.330662,0.998995,0.40161,0.711253,0.000613552,-0.702934,0.00178724,-1.03859,0.0054862,1.13811,-0.0208206,-6.82913,-0.016943,-0.00859171,-0.281998,0.655865,-0.00961413,-0.282064,0.655797,0.0105139,-1.61776,1.47495,0.0118608,-1.61887,1.4768,-0.088227,-0.190153,-0.0811895,-0.129383,-0.178372,-0.0749635,0.187802,-6.03652,-6.9478,0.0264632,-6.05688,-6.98934,0.510526,0.707811,0.324105,0.568332,0.712473,0.329976,-0.619311,-13,-21,-0.710592,-13,-21
2373,5,-0.331702,0.999001,0.40275,0.708838,0.000596055,-0.705369,0.00179203,-1.04144,0.00556166,1.14281,-0.0190971,-6.89229,-0.00732625,-0.00868382,-0.282178,0.655786,-0.00973273,-0.282231,0.655724,0.0106986,-1.62382,1.46796,0.0118953,-1.62495,1.46977,-0.0960022,-0.169179,-0.0765763,-0.107803,-0.156623,-0.07065,0.181615,-6.08445,-7.03975,0.0426215,-6.10833,-7.07645,0.515503,0.719876,0.330808,0.576848,0.723839,0.336239,-0.630832,-13,-21,-0.711646,-13,-21
2374,5,-0.332745,0.999006,0.403895,0.706391,0.000582191,-0.707819,0.00179938,-1.0442,0.00562378,1.14741,-0.0175327,-6.95707,0.000726869,-0.00878254,-0.282337,0.655712,-0.00983134,-0.282378,0.655656,0.0108781,-1.62993,1.46087,0.0119453,-1.63109,1.46265,-0.101423,-0.149292,-0.0720328,-0.0894297,-0.136277,-0.0660368,0.177427,-6.13438,-7.13236,0.0574078,-6.1609,-7.16518,0.521029,0.730655,0.337119,0.583964,0.733889,0.342064,-0.641914,-13,-21,-0.713718,-13,-21
2375,5,-0.33379,0.999012,0.405045,0.703913,0.000571402,-0.710284,0.00180879,-1.04689,0.0056743,1.1519,-0.0160941,-7.02345,0.00741858,-0.00888567,-0.282477,0.655642,-0.00991301,-0.282505,0.655592,0.0110543,-1.63609,1.45369,0.0120096,-1.63727,1.45544,-0.104846,-0.130454,-0.0676992,-0.0738988,-0.117097,-0.0617462,0.175045,-6.18613,-7.22587,0.0710642,-6.21456,-7.25562,0.526952,0.74021,0.343063,0.589881,0.742676,0.347531,-0.652686,-13,-21,-0.716719,-13,-21
2376,5,-0.334838,0.999018,0.406199,0.701402,0.000563202,-0.712763,0.00181985,-1.04949,0.00571472,1.15627,-0.0147534,-7.09142,0.0129364,-0.0089914,-0.282598,0.655576,-0.00998041,-0.282613,0.655532,0.011229,-1.6423,1.44642,0.012087,-1.64352,1.44814,-0.106604,-0.112678,-0.0635548,-0.0608949,-0.0991296,-0.0576488,0.174295,-6.23956,-7.32049,0.0838192,-6.26925,-7.34787,0.53314,0.748602,0.348652,0.59478,0.750277,0.352642,-0.66326,-13,-21,-0.720573,-13,-21
2377,5,-0.335889,0.999023,0.407357,0.698858,0.000557176,-0.715258,0.00183221,-1.052,0.00574644,1.16054,-0.0134871,-7.16098,0.017447,-0.00909819,-0.282703,0.655515,-0.0100359,-0.282703,0.655477,0.0114037,-1.64857,1.43905,0.0121768,-1.64981,1.44074,-0.106991,-0.0959574,-0.0596157,-0.0501292,-0.0823465,-0.0537847,0.175028,-6.29451,-7.41642,0.0958827,-6.3249,-7.44203,0.539484,0.755896,0.353902,0.598824,0.756764,0.357418,-0.67374,-13,-21,-0.72522,-13,-21
2378,5,-0.336942,0.999029,0.40852,0.69628,0.000552971,-0.717768,0.00184554,-1.05443,0.00577073,1.16469,-0.0122759,-7.23212,0.0210992,-0.00920482,-0.282791,0.655457,-0.0100817,-0.282778,0.655425,0.0115797,-1.65489,1.43159,0.0122785,-1.65617,1.43325,-0.10627,-0.0802818,-0.0558867,-0.0413419,-0.0667299,-0.0501527,0.177116,-6.35083,-7.51388,0.107449,-6.38146,-7.53821,0.545892,0.762155,0.358829,0.602155,0.762208,0.361876,-0.68422,-13,-21,-0.730611,-13,-21
2379,5,-0.337998,0.999035,0.409687,0.693667,0.000550287,-0.720294,0.00185959,-1.05677,0.0057887,1.16872,-0.011104,-7.30484,0.0240247,-0.00931029,-0.282864,0.655403,-0.0101195,-0.282837,0.655376,0.0117585,-1.66127,1.42402,0.0123916,-1.66258,1.42566,-0.104671,-0.0656354,-0.0523735,-0.0342998,-0.0522528,-0.0467584,0.180454,-6.40839,-7.61306,0.118697,-6.43887,-7.63653,0.552289,0.767442,0.363449,0.604899,0.76668,0.366033,-0.694784,-13,-21,-0.736711,-13,-21
2380,5,-0.339056,0.999041,0.410857,0.691018,0.000548874,-0.722835,0.00187412,-1.05902,0.00580137,1.17263,-0.00995893,-7.37913,0.0263394,-0.00941383,-0.282922,0.655352,-0.010151,-0.282883,0.655331,0.0119412,-1.66771,1.41636,0.0125158,-1.66904,1.41798,-0.102399,-0.0519973,-0.0490791,-0.0287941,-0.0388841,-0.0436039,0.184957,-6.46706,-7.71415,0.129795,-6.49706,-7.73711,0.558618,0.77182,0.36778,0.607168,0.77025,0.369909,-0.705511,-13,-21,-0.743495,-13,-21
2381,5,-0.340116,0.999046,0.412032,0.688332,0.000548519,-0.725393,0.00188896,-1.06118,0.00580963,1.17641,-0.00883089,-7.455,0.0281448,-0.00951484,-0.282968,0.655304,-0.0101777,-0.282916,0.655289,0.012129,-1.67421,1.4086,0.0126512,-1.67557,1.41019,-0.0996313,-0.0393411,-0.0460055,-0.0246386,-0.0265877,-0.0406897,0.190562,-6.52672,-7.81733,0.140898,-6.55595,-7.84007,0.56483,0.775349,0.371838,0.609061,0.772984,0.373524,-0.716474,-13,-21,-0.75095,-13,-21
2382,5,-0.341178,0.999052,0.41321,0.68561,0.00054905,-0.727967,0.00190392,-1.06325,0.00581427,1.18007,-0.00771254,-7.53246,0.0295292,-0.00961292,-0.283002,0.65526,-0.0102009,-0.282937,0.655249,0.0123229,-1.68077,1.40073,0.0127977,-1.68216,1.4023,-0.096523,-0.0276361,-0.0431528,-0.0216677,-0.0153231,-0.0380147,0.197225,-6.58724,-7.92281,0.152155,-6.61548,-7.94556,0.570891,0.778089,0.375641,0.610664,0.774948,0.376896,-0.727739,-13,-21,-0.759071,-13,-21
2383,5,-0.342242,0.999058,0.414392,0.682849,0.000550322,-0.730557,0.00191889,-1.06522,0.00581596,1.18359,-0.00659854,-7.61152,0.0305687,-0.00970779,-0.283024,0.655218,-0.0102216,-0.282947,0.655213,0.012524,-1.68738,1.39275,0.0129556,-1.6888,1.3943,-0.0932066,-0.0168473,-0.04052,-0.0197345,-0.00504634,-0.0355764,0.204922,-6.6485,-8.03076,0.163705,-6.67556,-8.0537,0.576775,0.780098,0.379207,0.612053,0.776205,0.380044,-0.739373,-13,-21,-0.767862,-13,-21
2384,5,-0.343309,0.999064,0.415577,0.680048,0.000552219,-0.733164,0.00193376,-1.0671,0.00581531,1.18697,-0.00548531,-7.69217,0.0313288,-0.00979929,-0.283036,0.655179,-0.0102408,-0.282947,0.655178,0.0127332,-1.69406,1.38466,0.0131253,-1.69551,1.38619,-0.0897955,-0.00693561,-0.0381046,-0.0187092,0.00429047,-0.033371,0.213647,-6.71039,-8.14137,0.175685,-6.73613,-8.16466,0.582467,0.781433,0.382554,0.613295,0.776817,0.382988,-0.751437,-13,-21,-0.777338,-13,-21
2385,5,-0.344376,0.99907,0.416766,0.677208,0.000554645,-0.735788,0.00194843,-1.06887,0.00581282,1.1902,-0.00437071,-7.77444,0.0318652,-0.00988738,-0.283038,0.655142,-0.0102594,-0.282939,0.655146,0.0129518,-1.7008,1.37646,0.0133073,-1.70227,1.37797,-0.0863859,0.00214153,-0.035903,-0.0184773,0.0127381,-0.0313932,0.223415,-6.77279,-8.25483,0.188228,-6.79708,-8.27859,0.587957,0.782146,0.385699,0.614449,0.776839,0.385745,-0.763994,-13,-21,-0.78752,-13,-21
2386,5,-0.345446,0.999075,0.417958,0.674328,0.000557524,-0.738429,0.00196283,-1.07053,0.00580894,1.19328,-0.00325378,-7.85834,0.0322248,-0.0099721,-0.283032,0.655107,-0.0102781,-0.282922,0.655115,0.0131806,-1.70761,1.36815,0.0135021,-1.7091,1.36963,-0.0830582,0.0104299,-0.0339105,-0.0189381,0.0203502,-0.0296368,0.234258,-6.83559,-8.37132,0.201467,-6.85834,-8.39563,0.593243,0.78229,0.38866,0.615564,0.776328,0.388336,-0.777106,-13,-21,-0.798437,-13,-21
2387,5,-0.346517,0.999081,0.419152,0.671405,0.000560796,-0.741088,0.00197692,-1.07208,0.00580403,1.19621,-0.00213451,-7.94388,0.0324469,-0.0100536,-0.283018,0.655074,-0.0102976,-0.282898,0.655086,0.0134208,-1.71448,1.35972,0.0137106,-1.71599,1.36117,-0.0798792,0.0179782,-0.0321212,-0.0200031,0.0271828,-0.0280946,0.24623,-6.89867,-8.49103,0.215538,-6.91982,-8.51597,0.598326,0.781913,0.391452,0.616687,0.775336,0.390777,-0.790836,-13,-21,-0.810128,-13,-21
2388,5,-0.34759,0.999087,0.42035,0.66844,0.000564412,-0.743763,0.00199064,-1.07352,0.00579839,1.19896,-0.00101366,-8.03108,0.032564,-0.010132,-0.282996,0.655043,-0.0103184,-0.282868,0.655059,0.0136737,-1.72141,1.35117,0.0139337,-1.72294,1.35259,-0.0769035,0.0248377,-0.0305285,-0.0215949,0.033294,-0.0267584,0.259406,-6.96191,-8.61415,0.230581,-6.9814,-8.63978,0.603214,0.781061,0.394093,0.617855,0.77391,0.393086,-0.805251,-13,-21,-0.822638,-13,-21
2389,5,-0.348664,0.999093,0.42155,0.665431,0.000568336,-0.746456,0.00200396,-1.07484,0.00579229,1.20155,0.000107449,-8.11996,0.0326026,-0.0102075,-0.282968,0.655013,-0.010341,-0.282832,0.655033,0.0139403,-1.7284,1.34249,0.0141724,-1.72995,1.34389,-0.074175,0.0310618,-0.0291249,-0.0236457,0.0387436,-0.0256192,0.273882,-7.02518,-8.74089,0.246746,-7.04298,-8.76724,0.607918,0.779776,0.396599,0.619103,0.772095,0.395281,-0.82042,-13,-21,-0.836022,-13,-21
2390,5,-0.34974,0.999099,0.422753,0.662378,0.000572536,-0.749167,0.00201686,-1.07603,0.00578594,1.20395,0.00122705,-8.21054,0.0325843,-0.0102805,-0.282934,0.654984,-0.0103659,-0.282791,0.655008,0.0142221,-1.73546,1.33368,0.0144278,-1.73703,1.33506,-0.0717283,0.0367058,-0.0279021,-0.0260962,0.0435931,-0.0246672,0.289779,-7.08837,-8.87144,0.264193,-7.10445,-8.89854,0.61245,0.778099,0.398986,0.62046,0.769934,0.397376,-0.836419,-13,-21,-0.850342,-13,-21
2391,5,-0.350816,0.999104,0.423958,0.65928,0.000576991,-0.751895,0.00202932,-1.07709,0.00577959,1.20616,0.00234595,-8.30284,0.0325236,-0.0103511,-0.282895,0.654957,-0.0103934,-0.282745,0.654983,0.0145206,-1.74258,1.32474,0.0147014,-1.74416,1.32609,-0.0695856,0.0418273,-0.0268495,-0.028898,0.0479085,-0.0238916,0.307236,-7.15133,-9.00601,0.283027,-7.1657,-9.03387,0.616827,0.776066,0.401267,0.621952,0.767464,0.399387,-0.853329,-13,-21,-0.86567,-13,-21
2392,5,-0.351894,0.99911,0.425165,0.656135,0.000581682,-0.754641,0.00204133,-1.07801,0.00577301,1.20817,0.00344994,-8.39689,0.0324465,-0.0104198,-0.282851,0.65493,-0.0104238,-0.282695,0.65496,0.0148374,-1.74976,1.31567,0.0149948,-1.75136,1.31699,-0.067788,0.0464882,-0.0259643,-0.0319873,0.0517435,-0.0232801,0.32635,-7.21395,-9.14481,0.303653,-7.22657,-9.17345,0.621066,0.77371,0.403457,0.623602,0.764719,0.40133,-0.871239,-13,-21,-0.882086,-13,-21
2393,5,-0.352972,0.999116,0.426374,0.652943,0.000586593,-0.757404,0.00205288,-1.07878,0.00576703,1.20997,0.00456141,-8.49271,0.032333,-0.0104868,-0.282802,0.654905,-0.0104575,-0.282642,0.654937,0.0151744,-1.757,1.30645,0.0153096,-1.75862,1.30774,-0.0663025,0.0507339,-0.0252215,-0.0353703,0.0551788,-0.0228308,0.347599,-7.27602,-9.28806,0.325955,-7.28697,-9.31748,0.625188,0.771061,0.405569,0.625429,0.76173,0.403216,-0.890247,-13,-21,-0.899687,-13,-21
2394,5,-0.354052,0.999122,0.427585,0.649702,0.000591712,-0.760186,0.00206397,-1.0794,0.00576066,1.21154,0.0056405,-8.59033,0.032237,-0.0105526,-0.28275,0.65488,-0.0104946,-0.282585,0.654914,0.0155336,-1.76431,1.29709,0.0156479,-1.76593,1.29835,-0.0652102,0.0546498,-0.0246357,-0.0389414,0.058255,-0.0225108,0.37078,-7.33747,-9.43598,0.350648,-7.34666,-9.46621,0.62921,0.768144,0.407617,0.62745,0.758522,0.405061,-0.910465,-13,-21,-0.918575,-13,-21
2395,5,-0.355131,0.999127,0.428797,0.646412,0.000597027,-0.762986,0.00207461,-1.07986,0.00575512,1.21289,0.00672737,-8.68979,0.0321078,-0.0106174,-0.282693,0.654855,-0.0105355,-0.282526,0.654892,0.0159174,-1.77168,1.28758,0.016012,-1.77331,1.28881,-0.0644333,0.0582595,-0.024166,-0.0427583,0.06106,-0.022343,0.396837,-7.39801,-9.58883,0.377641,-7.40556,-9.61985,0.633156,0.764982,0.409611,0.629679,0.755119,0.406874,-0.932016,-13,-21,-0.938873,-13,-21
2396,5,-0.356211,0.999133,0.430011,0.643071,0.000602528,-0.765803,0.00208479,-1.08015,0.00574978,1.21398,0.00779236,-8.7911,0.0319922,-0.0106817,-0.282633,0.654831,-0.0105802,-0.282463,0.654869,0.0163286,-1.77911,1.27791,0.0164045,-1.78074,1.27911,-0.0640331,0.06166,-0.0238268,-0.0467274,0.0636467,-0.0222732,0.425537,-7.45754,-9.74684,0.407401,-7.46345,-9.77865,0.637045,0.761595,0.411563,0.63213,0.751539,0.408669,-0.955045,-13,-21,-0.960722,-13,-21
2397,5,-0.357291,0.999139,0.431225,0.639679,0.000608207,-0.768639,0.00209452,-1.08026,0.00574486,1.21482,0.00884157,-8.89431,0.0318771,-0.0107457,-0.28257,0.654808,-0.010629,-0.282398,0.654847,0.0167701,-1.78659,1.26808,0.0168284,-1.78823,1.26925,-0.0639892,0.0648971,-0.0235915,-0.0508492,0.0660883,-0.0223191,0.4575,-7.51583,-9.91026,0.440325,-7.52012,-9.94287,0.640899,0.757998,0.413483,0.634815,0.747798,0.410453,-0.979716,-13,-21,-0.984273,-13,-21
2398,5,-0.358372,0.999145,0.43244,0.636234,0.000614053,-0.771493,0.0021038,-1.08018,0.00574036,1.21538,0.00987211,-8.99944,0.0317651,-0.0108098,-0.282504,0.654784,-0.010682,-0.282331,0.654825,0.0172455,-1.79414,1.25809,0.017287,-1.79578,1.25922,-0.0643003,0.0680354,-0.0234551,-0.0551022,0.0684447,-0.0224559,0.493204,-7.57265,-10.0794,0.476902,-7.57536,-10.1128,0.64474,0.754201,0.41538,0.637742,0.743906,0.412237,-1.00621,-13,-21,-1.0097,-13,-21
2399,5,-0.359452,0.99915,0.433656,0.632736,0.000620057,-0.774365,0.00211264,-1.0799,0.00573636,1.21565,0.0108847,-9.10653,0.0316544,-0.0108744,-0.282434,0.654761,-0.0107393,-0.282262,0.654802,0.0177587,-1.80174,1.24792,0.0177843,-1.80338,1.24902,-0.0649585,0.0711345,-0.0234035,-0.0594725,0.070783,-0.0226745,0.533254,-7.62774,-10.2544,0.517681,-7.62892,-10.2886,0.648588,0.750213,0.417261,0.64092,0.73987,0.414028,-1.03473,-13,-21,-1.03722,-13,-21
2400,5,-0.360531,0.999156,0.434871,0.629182,0.000626209,-0.777255,0.00212105,-1.0794,0.00573281,1.21561,0.0118745,-9.21563,0.0315484,-0.0109399,-0.282361,0.654737,-0.010801,-0.28219,0.654779,0.0183145,-1.80939,1.23758,0.0183248,-1.81104,1.23864,-0.0659633,0.0742577,-0.0234273,-0.0639395,0.0731647,-0.0229601,0.578318,-7.68082,-10.4358,0.563383,-7.6805,-10.4708,0.652466,0.746038,0.419136,0.644358,0.735693,0.415833,-1.06552,-13,-21,-1.06706,-13,-21
2401,5,-0.36161,0.999162,0.436087,0.625572,0.000632498,-0.780163,0.00212903,-1.07867,0.00572993,1.21525,0.0128471,-9.32676,0.0314409,-0.0110065,-0.282285,0.654714,-0.0108672,-0.282115,0.654756,0.0189183,-1.8171,1.22705,0.0189139,-1.81874,1.22807,-0.0672979,0.0774614,-0.0235119,-0.0684998,0.0756569,-0.0233031,0.629308,-7.73154,-10.6236,0.614776,-7.7298,-10.6594,0.656394,0.741676,0.421009,0.64806,0.731375,0.417659,-1.09887,-13,-21,-1.09949,-13,-21
2402,5,-0.362688,0.999168,0.437302,0.621905,0.000638914,-0.78309,0.0021366,-1.07771,0.00572742,1.21455,0.0137904,-9.43998,0.0313408,-0.0110747,-0.282206,0.65469,-0.010938,-0.282038,0.654733,0.0195765,-1.82485,1.21632,0.0195578,-1.8265,1.21732,-0.0689713,0.0808118,-0.0236512,-0.073125,0.0783152,-0.0236859,0.687155,-7.77957,-10.8184,0.672976,-7.77643,-10.855,0.660392,0.737124,0.422887,0.652033,0.72691,0.419509,-1.1351,-13,-21,-1.13484,-13,-21
2403,5,-0.363767,0.999174,0.438515,0.618185,0.000651442,-0.78603,0.00213451,-1.07836,0.0069161,1.21161,0.0585484,-9.52699,0.0269905,-0.0111239,-0.28212,0.654674,-0.0110261,-0.281934,0.654712,0.0201957,-1.83266,1.2054,0.0197501,-1.83446,1.20471,-0.0295791,0.0909005,-0.00962796,-0.102959,0.12995,-0.0172303,0.551146,-7.83263,-11.0262,-0.28837,-8.14835,-14.3584,0.66448,0.732376,0.424773,0.656282,0.722291,0.421389,-1.17459,-13,-21,-1.17347,-13,-21
2404,5,-0.364843,0.99918,0.439725,0.614405,0.000677491,-0.788988,0.00213782,-1.07403,0.00582757,1.20837,0.0305726,-9.67295,0.0876571,-0.0111986,-0.282025,0.654641,-0.0110955,-0.281818,0.654695,0.0207871,-1.84053,1.19429,0.0198966,-1.84262,1.19205,-0.119781,0.100676,-0.0553386,-0.035817,0.102779,-0.0164981,0.631752,-7.90877,-11.202,0.581301,-8.18143,-10.9533,0.667436,0.727225,0.426104,0.661564,0.716043,0.423025,-1.21174,-13,-21,-1.18501,-13,-21
2405,5,-0.365916,0.999186,0.440932,0.610556,0.000709415,-0.79197,0.00215868,-1.07165,0.00538735,1.20696,0.0179786,-9.79968,0.0891852,-0.0113248,-0.281929,0.654603,-0.011131,-0.28172,0.654676,0.0214876,-1.84846,1.18298,0.0206738,-1.85067,1.18084,-0.1325,0.089783,-0.021106,-0.0353161,0.0922907,-0.0213761,0.769102,-7.94371,-11.4167,0.973251,-7.90919,-11.4707,0.671917,0.721478,0.428703,0.665728,0.709061,0.424374,-1.24723,-13,-21,-1.19379,-13,-21
2406,5,-0.366986,0.999191,0.442138,0.606644,0.000737624,-0.79497,0.00218033,-1.06963,0.00525751,1.20474,0.019353,-9.92047,0.0783071,-0.0114506,-0.281836,0.654581,-0.0111763,-0.281626,0.654653,0.022313,-1.85642,1.17145,0.0216765,-1.8586,1.16926,-0.119216,0.0968984,-0.023031,-0.0551953,0.0964805,-0.0247908,0.881803,-7.97536,-11.6416,1.03214,-7.94843,-11.6936,0.679485,0.715764,0.431761,0.667862,0.703209,0.425889,-1.28925,-13,-21,-1.24043,-13,-21
2407,5,-0.368055,0.999197,0.443342,0.602671,0.000762467,-0.797986,0.00219806,-1.06809,0.0052275,1.20196,0.0225818,-10.0334,0.0694667,-0.0115628,-0.281733,0.654561,-0.0112392,-0.281523,0.654631,0.0231832,-1.86444,1.15972,0.0226618,-1.86661,1.15749,-0.105206,0.109607,-0.0175859,-0.0705963,0.108189,-0.019903,0.85862,-8.07038,-11.8157,0.938338,-8.07519,-11.8413,0.687037,0.710163,0.433526,0.670577,0.697546,0.427736,-1.33878,-13,-21,-1.30059,-13,-21
2408,5,-0.369123,0.999202,0.444542,0.598639,0.000785135,-0.801016,0.00221262,-1.06692,0.00520434,1.19878,0.024523,-10.1396,0.0641966,-0.0116625,-0.281613,0.654546,-0.0113136,-0.281406,0.654614,0.0239722,-1.87258,1.14784,0.0235126,-1.87477,1.14559,-0.0942376,0.129672,-0.0125897,-0.0781917,0.126341,-0.0140028,0.719388,-8.21615,-11.9506,0.763339,-8.23356,-11.9666,0.69377,0.703968,0.435151,0.674351,0.691406,0.429524,-1.39099,-13,-21,-1.35971,-13,-21
2409,5,-0.370189,0.999207,0.445739,0.59455,0.000806636,-0.804055,0.00222472,-1.06604,0.00523786,1.19523,0.0279151,-10.2402,0.0603288,-0.0117509,-0.281472,0.654536,-0.0113941,-0.281268,0.654603,0.0245889,-1.88088,1.13582,0.0241531,-1.88306,1.13354,-0.0824187,0.153381,-0.00571114,-0.0829268,0.150435,-0.00771282,0.514026,-8.37626,-12.0807,0.517533,-8.36465,-12.1266,0.699753,0.69679,0.436358,0.678814,0.68437,0.43088,-1.43833,-13,-21,-1.41076,-13,-21
2410,5,-0.371255,0.999212,0.446932,0.590406,0.000827691,-0.807103,0.00223537,-1.06528,0.00522682,1.19132,0.0284072,-10.3373,0.0597565,-0.0118298,-0.281304,0.654534,-0.011476,-0.281105,0.654599,0.0249703,-1.88932,1.12366,0.0245354,-1.89151,1.12135,-0.0754239,0.181172,2.82E-05,-0.0807356,0.17593,-0.00040431,0.248704,-8.50627,-12.2495,0.247111,-8.52549,-12.2666,0.705053,0.688298,0.43709,0.683648,0.676067,0.431749,-1.47534,-13,-21,-1.44918,-13,-21
2411,5,-0.37232,0.999217,0.448121,0.586207,0.000848508,-0.810158,0.00224565,-1.06447,0.00521776,1.18714,0.0287773,-10.4333,0.0591662,-0.0119017,-0.281109,0.654537,-0.0115553,-0.280916,0.654602,0.0250792,-1.89791,1.11133,0.0246435,-1.90012,1.10901,-0.0684496,0.208607,0.00680248,-0.0779069,0.202047,0.00549537,-0.0309143,-8.66681,-12.3974,-0.0308044,-8.69247,-12.4091,0.709788,0.678262,0.437317,0.688558,0.666276,0.432073,-1.49822,-13,-21,-1.47212,-13,-21
2412,5,-0.373384,0.999223,0.449306,0.581953,0.000869062,-0.813219,0.00225559,-1.06357,0.00521118,1.18271,0.0291614,-10.5285,0.058553,-0.0119667,-0.280887,0.654547,-0.0116316,-0.280701,0.65461,0.0249095,-1.90666,1.09886,0.024475,-1.90889,1.09652,-0.0615194,0.235477,0.0132151,-0.0748204,0.22755,0.0115701,-0.308386,-8.83211,-12.5486,-0.306279,-8.85921,-12.56,0.714104,0.666568,0.437044,0.693317,0.654937,0.43187,-1.50475,-13,-21,-1.47861,-13,-21
2413,5,-0.374447,0.999228,0.450487,0.577644,0.000889353,-0.816285,0.00226516,-1.06252,0.0052074,1.17801,0.0295751,-10.6234,0.0579479,-0.0120249,-0.280639,0.654563,-0.0117049,-0.280461,0.654625,0.0244671,-1.91557,1.08623,0.0240354,-1.91784,1.08388,-0.0548549,0.261259,0.0193118,-0.0716428,0.25217,0.0172601,-0.576581,-8.99562,-12.7093,-0.573001,-9.02336,-12.7213,0.718003,0.653246,0.436243,0.697899,0.642049,0.431187,-1.49457,-13,-21,-1.4685,-13,-21
2414,5,-0.375509,0.999233,0.451662,0.573281,0.000909425,-0.819355,0.00227432,-1.06134,0.00521213,1.17296,0.0302258,-10.718,0.0573778,-0.0120765,-0.280365,0.654585,-0.011775,-0.280197,0.654645,0.023759,-1.92464,1.07343,0.0233307,-1.92693,1.07107,-0.0483471,0.286268,0.0251247,-0.0685449,0.27637,0.0227011,-0.839546,-9.14014,-12.8969,-0.836261,-9.16565,-12.9125,0.721494,0.638344,0.434942,0.702293,0.627657,0.430034,-1.46802,-13,-21,-1.44212,-13,-21
2415,5,-0.376569,0.999238,0.452832,0.568862,0.000929356,-0.822429,0.00228305,-1.05994,0.00522114,1.16749,0.0308972,-10.8128,0.0569858,-0.012122,-0.280067,0.654613,-0.011842,-0.279909,0.65467,0.022791,-1.93384,1.06043,0.0223661,-1.93616,1.05805,-0.0425792,0.310283,0.0302731,-0.0655107,0.299701,0.0276485,-1.09642,-9.27132,-13.1065,-1.09303,-9.29667,-13.1236,0.72459,0.621918,0.433165,0.706498,0.611801,0.428435,-1.42554,-13,-21,-1.39984,-13,-21
2416,5,-0.377628,0.999244,0.453997,0.564388,0.000949204,-0.825506,0.00229139,-1.05825,0.00523357,1.16158,0.0315695,-10.9087,0.0567061,-0.0121621,-0.279746,0.654646,-0.0119062,-0.279598,0.6547,0.021573,-1.94318,1.04721,0.021152,-1.94552,1.04481,-0.0377658,0.332636,0.0348553,-0.0628772,0.321516,0.0320272,-1.33967,-9.39905,-13.3282,-1.33515,-9.42509,-13.346,0.727318,0.604021,0.430949,0.71052,0.594519,0.426421,-1.36746,-13,-21,-1.34196,-13,-21
2417,5,-0.378686,0.999249,0.455155,0.559856,0.000968993,-0.828586,0.00229936,-1.0562,0.00524835,1.15524,0.0322291,-11.0064,0.0564628,-0.012198,-0.279403,0.654683,-0.0119681,-0.279267,0.654734,0.0201232,-1.95264,1.03377,0.0197078,-1.95501,1.03135,-0.0340033,0.352841,0.0388631,-0.0608886,0.341279,0.0358513,-1.55995,-9.52946,-13.5553,-1.55317,-9.55676,-13.5734,0.729729,0.584734,0.428344,0.714372,0.575882,0.424034,-1.29438,-13,-21,-1.26912,-13,-21
2418,5,-0.379741,0.999254,0.456307,0.555267,0.00098871,-0.831668,0.00230696,-1.05376,0.00526424,1.14849,0.032863,-11.1064,0.0561745,-0.0122307,-0.279041,0.654723,-0.0120284,-0.278917,0.654771,0.0184696,-1.96224,1.0201,0.0180627,-1.96464,1.01767,-0.0313036,0.370494,0.0423206,-0.0597011,0.358551,0.0391266,-1.74716,-9.66914,-13.7802,-1.73707,-9.69812,-13.7983,0.731882,0.564169,0.425395,0.718085,0.555998,0.421319,-1.20739,-13,-21,-1.18247,-13,-21
2419,5,-0.380793,0.999259,0.457452,0.550619,0.00100831,-0.834753,0.00231419,-1.05087,0.00528012,1.1414,0.0334673,-11.2088,0.0557614,-0.0122611,-0.278663,0.654767,-0.0120879,-0.278551,0.654812,0.0166504,-1.97199,1.00621,0.0162556,-1.97442,1.00376,-0.0295861,0.38529,0.0452896,-0.0593751,0.372996,0.0419066,-1.89119,-9.82489,-13.9948,-1.87706,-9.85583,-14.0129,0.733841,0.542469,0.422148,0.721702,0.535004,0.41832,-1.10818,-13,-21,-1.08376,-13,-21
2420,5,-0.381842,0.999265,0.45859,0.54591,0.0010277,-0.83784,0.00232101,-1.04755,0.00529541,1.13404,0.034054,-11.3138,0.0551625,-0.0122903,-0.278272,0.654814,-0.0121475,-0.278172,0.654855,0.014713,-1.9819,0.992119,0.0143345,-1.98436,0.98965,-0.0286659,0.397119,0.0478776,-0.0598454,0.384497,0.0442946,-1.98362,-10.0016,-14.1927,-1.96526,-10.0345,-14.211,0.735668,0.519796,0.418643,0.725275,0.513057,0.415079,-0.999026,-13,-21,-0.975339,-13,-21
2421,5,-0.382888,0.99927,0.45972,0.541139,0.00104673,-0.840929,0.00232733,-1.04384,0.00530574,1.12652,0.0346111,-11.4202,0.0539863,-0.0123184,-0.27787,0.654863,-0.0122079,-0.277783,0.6549,0.0127107,-1.992,0.977837,0.0123559,-1.99449,0.975342,-0.0277111,0.406576,0.0507161,-0.0609121,0.393552,0.0468014,-2.02104,-10.1996,-14.3713,-1.99198,-10.2181,-14.4054,0.737415,0.496324,0.414917,0.728851,0.490332,0.411631,-0.882782,-13,-21,-0.860069,-12.9382,-21
2422,5,-0.38393,0.999275,0.460843,0.536308,0.00106512,-0.844018,0.00233295,-1.04017,0.00531129,1.11905,0.0352873,-11.517,0.0521013,-0.0123431,-0.277457,0.654919,-0.0122673,-0.277383,0.654952,0.0107193,-2.00224,0.963321,0.0104006,-2.00473,0.960779,-0.02161,0.420048,0.0607728,-0.0578479,0.40667,0.0564285,-1.96173,-10.2657,-14.66,-1.91847,-10.2573,-14.7208,0.739106,0.472213,0.410973,0.732474,0.466991,0.407987,-0.762642,-12.4799,-21,-0.741352,-12.3307,-21
2423,5,-0.384968,0.99928,0.461958,0.53142,0.00108276,-0.847104,0.00233756,-1.03611,0.00532759,1.11105,0.0365731,-11.6053,0.0497934,-0.0123591,-0.277026,0.654984,-0.0123217,-0.276966,0.655012,0.00878648,-2.01262,0.948038,0.00851416,-2.0151,0.945443,-0.0103849,0.441588,0.0691362,-0.0509263,0.428372,0.0643767,-1.90395,-10.5069,-15.9076,-1.85448,-10.4803,-15.9501,0.740586,0.447414,0.406513,0.736037,0.442984,0.403858,-0.643159,-11.8659,-21,-0.624038,-11.7164,-21
2424,5,-0.386002,0.999286,0.463065,0.52648,0.00109956,-0.850184,0.00234113,-1.03204,0.00533394,1.1024,0.0372619,-11.6795,0.0475851,-0.0123615,-0.276569,0.655059,-0.0123658,-0.276521,0.655083,0.00699457,-2.02318,0.9326,0.00677161,-2.02563,0.929941,0.00558206,0.473333,0.0821085,-0.0374203,0.459744,0.0774654,-1.67987,-10.609,-14.967,-1.63062,-10.5795,-15.0533,0.741546,0.421565,0.401317,0.7393,0.417933,0.399026,-0.527189,-11.2427,-21,-0.51085,-11.0943,-21
2425,5,-0.387033,0.999291,0.464163,0.521493,0.00111561,-0.853251,0.00234381,-1.02917,0.00534242,1.09492,0.0380924,-11.7389,0.0458522,-0.0123459,-0.276079,0.65515,-0.012394,-0.276045,0.65517,0.00543176,-2.03364,0.917334,0.00525691,-2.03606,0.914594,0.0255677,0.506116,0.100048,-0.0188812,0.492707,0.095354,-1.44576,-10.3095,-15.5649,-1.3988,-10.2898,-15.6424,0.74169,0.394117,0.395267,0.74195,0.39129,0.393352,-0.419674,-10.6092,-21,-0.406297,-10.4625,-21
2426,5,-0.38806,0.999297,0.465254,0.516465,0.00113135,-0.856304,0.00234562,-1.02571,0.0053579,1.08613,0.0395833,-11.7904,0.0451548,-0.0123092,-0.275551,0.655255,-0.0124021,-0.275531,0.655269,0.00408239,-2.04396,0.901641,0.00394996,-2.04641,0.898866,0.0477909,0.549041,0.108935,0.00268493,0.536784,0.104479,-1.25298,-10.3398,-15.821,-1.2151,-10.4084,-15.8128,0.740755,0.364734,0.387981,0.743639,0.362716,0.386439,-0.325905,-9.98169,-20.5867,-0.315414,-9.8364,-20.3675
2427,5,-0.389084,0.999302,0.466335,0.5114,0.0011468,-0.859339,0.00234658,-1.02173,0.00536989,1.07604,0.0404537,-11.829,0.0435411,-0.0122483,-0.274977,0.655372,-0.0123865,-0.274968,0.655382,0.00292249,-2.05449,0.886081,0.00283302,-2.05701,0.883372,0.0741235,0.600277,0.125243,0.0284853,0.588442,0.120741,-1.06681,-10.7153,-15.2997,-1.01877,-10.7932,-15.1754,0.738555,0.333079,0.379622,0.744125,0.331831,0.378446,-0.244943,-9.36222,-19.3313,-0.236998,-9.21545,-19.1093
2428,5,-0.390104,0.999307,0.467406,0.506304,0.00116151,-0.862351,0.00234667,-1.01825,0.00538384,1.06578,0.0409813,-11.8488,0.0412075,-0.0121582,-0.274347,0.655509,-0.0123423,-0.27435,0.655514,0.00196636,-2.06536,0.871163,0.00192848,-2.06794,0.868575,0.106151,0.658569,0.148221,0.0599586,0.646758,0.143559,-0.845455,-11.0164,-14.5355,-0.790305,-11.0608,-14.4183,0.734897,0.2986,0.370254,0.74319,0.298075,0.369437,-0.17535,-8.73056,-18.0865,-0.169981,-8.5794,-17.8697
2429,5,-0.391121,0.999313,0.468467,0.501186,0.0011753,-0.865336,0.00234587,-1.01555,0.00539858,1.05556,0.0414981,-11.8497,0.0389322,-0.0120336,-0.273656,0.655669,-0.012264,-0.273671,0.65567,0.00123894,-2.07644,0.856994,0.00125661,-2.07906,0.854522,0.142923,0.723351,0.172118,0.0966897,0.711702,0.167455,-0.609393,-11.1601,-13.8035,-0.553447,-11.1778,-13.6879,0.729489,0.260834,0.359316,0.740537,0.261019,0.358865,-0.117982,-8.07861,-16.8931,-0.115709,-7.92378,-16.686
2430,5,-0.392135,0.999318,0.469517,0.496054,0.00118824,-0.868288,0.00234426,-1.01361,0.00541415,1.04534,0.0418681,-11.8331,0.0369138,-0.0118707,-0.272898,0.655853,-0.0121468,-0.272925,0.655849,0.000744752,-2.08761,0.843547,0.000817042,-2.09023,0.841189,0.182876,0.792327,0.196346,0.137638,0.780947,0.191807,-0.37898,-11.1734,-13.0912,-0.325683,-11.1679,-12.978,0.722017,0.219377,0.346502,0.735837,0.220265,0.346424,-0.0743363,-7.41332,-15.7595,-0.0753964,-7.25663,-15.5618
2431,5,-0.393148,0.999323,0.470557,0.490915,0.00120044,-0.871204,0.00234197,-1.01242,0.00543032,1.03513,0.0420431,-11.8007,0.0352513,-0.0116669,-0.272071,0.656061,-0.0119872,-0.272108,0.656053,0.000472192,-2.09874,0.830801,0.000595502,-2.10134,0.828555,0.224669,0.863038,0.220466,0.181612,0.852045,0.216129,-0.166139,-11.0743,-12.4007,-0.117396,-11.0486,-12.2901,0.712243,0.173906,0.331764,0.728808,0.175485,0.332054,-0.0446851,-6.74331,-14.6837,-0.0490225,-6.58626,-14.4951
2432,5,-0.39416,0.999329,0.471587,0.485776,0.00121202,-0.874079,0.00233919,-1.01194,0.0054468,1.02492,0.0420091,-11.7543,0.0339712,-0.011421,-0.271173,0.656294,-0.0117827,-0.271221,0.656281,0.00040046,-2.10971,0.818734,0.000569761,-2.11228,0.816597,0.267124,0.93314,0.243948,0.227382,0.92265,0.239869,0.0226746,-10.8788,-11.7325,0.0659138,-10.8358,-11.6248,0.700016,0.124245,0.315091,0.71923,0.126496,0.315736,-0.0283315,-6.07588,-13.6641,-0.0357301,-5.91976,-13.4844
2433,5,-0.395172,0.999334,0.472607,0.480643,0.00122311,-0.876912,0.00233609,-1.01212,0.00546321,1.01471,0.041774,-11.6959,0.03306,-0.0111329,-0.270206,0.656549,-0.0115321,-0.270264,0.656533,0.000504147,-2.12045,0.807324,0.000713747,-2.12297,0.805294,0.309202,1.00045,0.266329,0.273758,0.99057,0.262548,0.1847,-10.6014,-11.087,0.222059,-10.5433,-10.9823,0.685263,0.0703601,0.296515,0.70696,0.0732547,0.297496,-0.0240276,-5.41728,-12.6987,-0.0341857,-5.26323,-12.5278
2434,5,-0.396185,0.99934,0.473617,0.475522,0.00123383,-0.8797,0.00233283,-1.01291,0.00547921,1.0045,0.0413578,-11.6273,0.0324822,-0.0108033,-0.269174,0.656825,-0.0112354,-0.269242,0.656806,0.000756275,-2.13088,0.796549,0.00100028,-2.13333,0.794621,0.350001,1.06302,0.287191,0.319632,1.05385,0.283735,0.319557,-10.2548,-10.4644,0.350999,-10.1839,-10.3628,0.667973,0.0123524,0.276103,0.691926,0.0158581,0.2774,-0.0302488,-4.77287,-11.7859,-0.0428248,-4.62186,-11.6235
2435,5,-0.397198,0.999345,0.474616,0.470417,0.00124428,-0.882441,0.00232956,-1.01422,0.00549443,0.994293,0.0407863,-11.5504,0.0321932,-0.0104339,-0.268083,0.657122,-0.0108936,-0.26816,0.657099,0.00113021,-2.14093,0.786384,0.00140278,-2.14331,0.784557,0.388746,1.11919,0.306176,0.364013,1.11081,0.303063,0.428321,-9.85069,-9.86464,0.454005,-9.76885,-9.7661,0.648197,-0.0495518,0.253963,0.674124,-0.0454746,0.255548,-0.0453765,-4.14719,-10.9239,-0.0600166,-4.00004,-10.7697
2436,5,-0.398214,0.999351,0.475605,0.465331,0.00125456,-0.885133,0.00232641,-1.01601,0.00550855,0.984098,0.0400873,-11.4668,0.0321456,-0.0100271,-0.26694,0.657437,-0.0105086,-0.267024,0.657411,0.00160082,-2.15056,0.776808,0.00189632,-2.15285,0.775078,0.424782,1.16758,0.322983,0.406036,1.16006,0.320227,0.512894,-9.39942,-9.28755,0.533085,-9.30839,-9.19215,0.626034,-0.115018,0.230228,0.653615,-0.110415,0.232077,-0.0678129,-3.54402,-10.1107,-0.0841667,-3.40146,-9.96455
2437,5,-0.399231,0.999356,0.476584,0.460268,0.00126474,-0.887776,0.00232347,-1.01821,0.00552127,0.973915,0.0392881,-11.3781,0.0322939,-0.00958597,-0.265752,0.657767,-0.0100831,-0.265844,0.657738,0.00214506,-2.15971,0.767798,0.00245816,-2.16191,0.766161,0.457572,1.2071,0.337375,0.444972,1.20051,0.334983,0.575577,-8.91051,-8.73296,0.590596,-8.81184,-8.6407,0.601629,-0.183621,0.205062,0.630514,-0.178541,0.207145,-0.0960493,-2.96652,-9.34464,-0.113779,-2.82914,-9.20622
2438,5,-0.40025,0.999362,0.477553,0.455231,0.0012749,-0.89037,0.00232082,-1.02076,0.00553236,0.963742,0.0384144,-11.2858,0.0325962,-0.00911384,-0.26453,0.65811,-0.00962046,-0.264628,0.658079,0.00274225,-2.16836,0.759331,0.00306796,-2.17046,0.757785,0.486683,1.23696,0.349173,0.480222,1.23133,0.347146,0.618804,-8.39254,-8.20062,0.628995,-8.28766,-8.11149,0.575158,-0.254861,0.178647,0.604983,-0.249358,0.180936,-0.128703,-2.41722,-8.62382,-0.14749,-2.28553,-8.49291
2439,5,-0.401272,0.999367,0.478512,0.45022,0.00128508,-0.892914,0.00231852,-1.0236,0.0055416,0.953579,0.037489,-11.1912,0.0330156,-0.00861461,-0.263283,0.658464,-0.00912469,-0.263386,0.658431,0.00337414,-2.17649,0.751386,0.0037078,-2.17847,0.749927,0.511785,1.25663,0.358253,0.511315,1.25199,0.356591,0.644976,-7.85329,-7.69023,0.65069,-7.74349,-7.60421,0.54683,-0.328183,0.151185,0.577228,-0.322313,0.153651,-0.164535,-1.89813,-7.94647,-0.184078,-1.77255,-7.82282
2440,5,-0.402298,0.999373,0.47946,0.445238,0.00129533,-0.895408,0.00231661,-1.02668,0.00554883,0.943422,0.0365319,-11.0954,0.0335203,-0.00809239,-0.262022,0.658825,-0.00860008,-0.262129,0.658791,0.00402481,-2.18406,0.74394,0.00436212,-2.18594,0.742566,0.532641,1.26583,0.364545,0.537899,1.26218,0.363242,0.656367,-7.29977,-7.2015,0.657954,-7.18623,-7.11855,0.516876,-0.402991,0.122888,0.547481,-0.396813,0.125502,-0.202448,-1.41075,-7.31084,-0.222468,-1.29161,-7.19419
2441,5,-0.403326,0.999379,0.480399,0.440285,0.00130567,-0.897854,0.00231511,-1.02994,0.00555396,0.933268,0.0355599,-10.9995,0.0340833,-0.00755152,-0.260757,0.659192,-0.00805127,-0.260867,0.659156,0.00468053,-2.19108,0.736972,0.00501754,-2.19284,0.73568,0.549097,1.2645,0.368025,0.559732,1.26183,0.367074,0.655076,-6.7383,-6.73406,0.65288,-6.62209,-6.65416,0.485544,-0.478665,0.0939764,0.516005,-0.472238,0.0967086,-0.241489,-0.956163,-6.71517,-0.261727,-0.843722,-6.60528
2442,5,-0.404357,0.999384,0.481327,0.435362,0.00131613,-0.900252,0.00231405,-1.03334,0.00555689,0.923112,0.0345872,-10.9045,0.0346826,-0.00699644,-0.259498,0.65956,-0.00748307,-0.259611,0.659524,0.00532957,-2.19754,0.730461,0.00566266,-2.19918,0.729247,0.56108,1.25276,0.368712,0.576669,1.25106,0.368102,0.643009,-6.17452,-6.28756,0.637366,-6.05661,-6.21066,0.453091,-0.554575,0.0646736,0.483076,-0.547958,0.0674959,-0.280832,-0.535021,-6.15775,-0.301052,-0.429472,-6.05437
2443,5,-0.405393,0.99939,0.482245,0.430468,0.00132672,-0.902602,0.00231343,-1.03684,0.00555761,0.91295,0.0336252,-10.811,0.0353001,-0.0064316,-0.258257,0.659928,-0.00690041,-0.25837,0.659891,0.00596202,-2.20343,0.724386,0.0062879,-2.20496,0.723248,0.568581,1.23093,0.366667,0.588656,1.23017,0.366384,0.621879,-5.61348,-5.86161,0.613116,-5.49475,-5.78766,0.419786,-0.630093,0.0352041,0.448984,-0.623345,0.0380889,-0.319774,-0.147636,-5.63688,-0.33976,-0.0491112,-5.53978
2444,5,-0.406431,0.999395,0.483153,0.425604,0.00133746,-0.904906,0.00231324,-1.0404,0.00555613,0.902776,0.0326829,-10.7197,0.0359211,-0.00586149,-0.257041,0.660292,-0.00630822,-0.257155,0.660255,0.00656956,-2.20877,0.718728,0.00688529,-2.21017,0.717662,0.571656,1.19946,0.361979,0.595716,1.19959,0.362008,0.59321,-5.0596,-5.45579,0.581646,-4.94086,-5.38475,0.385896,-0.704603,0.00578895,0.414024,-0.697781,0.00870944,-0.357721,0.206004,-5.15092,-0.377274,0.29743,-5.05985
2445,5,-0.407473,0.999401,0.48405,0.420767,0.00134834,-0.907165,0.00231347,-1.04398,0.00555247,0.892586,0.0317673,-10.6312,0.0365344,-0.00529045,-0.255862,0.66065,-0.00571139,-0.255976,0.660614,0.00714535,-2.21356,0.713465,0.00744826,-2.21484,0.712469,0.570413,1.15891,0.354771,0.597941,1.15988,0.355094,0.558358,-4.51679,-5.06968,0.544304,-4.39876,-5.00151,0.351689,-0.777515,-0.0233569,0.378493,-0.770674,-0.0204263,-0.394174,0.526196,-4.69822,-0.413117,0.610498,-4.61295
2446,5,-0.408519,0.999406,0.484938,0.415958,0.00135937,-0.90938,0.00231412,-1.04755,0.00554673,0.882374,0.0308837,-10.5461,0.0371309,-0.00472274,-0.254728,0.661,-0.00511468,-0.25484,0.660964,0.00768379,-2.21781,0.708579,0.00797156,-2.21898,0.707649,0.565007,1.10996,0.345187,0.595481,1.11172,0.345784,0.518525,-3.98844,-4.70284,0.502284,-3.87178,-4.63747,0.317427,-0.848266,-0.0520269,0.342684,-0.841458,-0.0491103,-0.428721,0.813488,-4.2772,-0.446896,0.890686,-4.1975
2447,5,-0.409568,0.999412,0.485815,0.411176,0.00137054,-0.911552,0.00231516,-1.05107,0.00553899,0.872138,0.0300358,-10.4646,0.0377041,-0.00416242,-0.253646,0.66134,-0.00452267,-0.253756,0.661304,0.00818044,-2.22154,0.70405,0.00845102,-2.2226,0.703184,0.555635,1.05335,0.333394,0.588536,1.05584,0.334243,0.474773,-3.47744,-4.35481,0.456641,-3.36273,-4.2922,0.283365,-0.916332,-0.0800252,0.306881,-0.909606,-0.0771454,-0.461027,1.06865,-3.8863,-0.478293,1.1388,-3.81194
2448,5,-0.410621,0.999417,0.486682,0.406419,0.00138186,-0.913683,0.00231658,-1.05453,0.00552937,0.861873,0.0292262,-10.3871,0.0382488,-0.00361334,-0.252625,0.661666,-0.00393973,-0.252732,0.661632,0.00863185,-2.22478,0.69986,0.00888349,-2.22572,0.699056,0.542526,0.989904,0.319573,0.57735,0.993041,0.320652,0.428043,-2.98624,-4.0251,0.408306,-2.87401,-3.96519,0.249745,-0.981231,-0.107168,0.27136,-0.974633,-0.104346,-0.490826,1.29262,-3.52399,-0.507061,1.35584,-3.45475
2449,5,-0.411677,0.999423,0.487539,0.401685,0.0013933,-0.915774,0.00231835,-1.0579,0.00551802,0.851578,0.0284564,-10.3138,0.0387617,-0.00307911,-0.251669,0.661978,-0.00336996,-0.251773,0.661945,0.00903545,-2.22753,0.695991,0.0092667,-2.22836,0.695245,0.525936,0.920455,0.303919,0.562198,0.92417,0.305206,0.37917,-2.51688,-3.71322,0.358106,-2.4076,-3.65598,0.2168,-1.04253,-0.133287,0.236384,-1.0361,-0.130542,-0.517911,1.48653,-3.1888,-0.533009,1.54294,-3.12446
2450,5,-0.412737,0.999428,0.488385,0.396972,0.00140487,-0.917827,0.00232045,-1.06116,0.0055051,0.841251,0.0277272,-10.2449,0.0392402,-0.00256307,-0.250786,0.662273,-0.00281717,-0.250886,0.662241,0.00938948,-2.22982,0.692425,0.00959914,-2.23054,0.691735,0.506147,0.845879,0.286638,0.543383,0.850098,0.288107,0.328893,-2.071,-3.41869,0.306771,-1.96508,-3.36405,0.184747,-1.09984,-0.158227,0.202197,-1.09362,-0.155577,-0.542127,1.65162,-2.87927,-0.556002,1.70139,-2.81961
2451,5,-0.4138,0.999434,0.489221,0.392281,0.00141654,-0.919842,0.00232286,-1.06429,0.00549076,0.830891,0.0270389,-10.1804,0.0396828,-0.00206827,-0.24998,0.66255,-0.00228486,-0.250075,0.66252,0.00969286,-2.23168,0.689145,0.00987999,-2.2323,0.688509,0.483456,0.767059,0.267938,0.521232,0.771706,0.269565,0.27787,-1.64989,-3.14098,0.254947,-1.54768,-3.0889,0.153784,-1.15283,-0.181849,0.16903,-1.14684,-0.179309,-0.563369,1.78926,-2.59399,-0.575948,1.83257,-2.53881
2452,5,-0.414865,0.999439,0.490047,0.387607,0.00142832,-0.921821,0.00232555,-1.06727,0.00547519,0.820498,0.0263912,-10.1205,0.0400887,-0.00159745,-0.249254,0.662808,-0.0017762,-0.249344,0.66278,0.00994514,-2.23313,0.686135,0.0101091,-2.23365,0.685549,0.458172,0.684879,0.248034,0.496083,0.689876,0.249794,0.226682,-1.2545,-2.87958,0.203207,-1.15632,-2.83,0.124096,-1.20122,-0.204032,0.137091,-1.1955,-0.201616,-0.581572,1.90089,-2.3316,-0.5928,1.93795,-2.28069
2453,5,-0.415934,0.999445,0.490862,0.38295,0.00144019,-0.923765,0.00232851,-1.07009,0.00545857,0.810075,0.0257835,-10.0652,0.0404576,-0.00115306,-0.248611,0.663046,-0.00129402,-0.248697,0.663019,0.0101464,-2.2342,0.683378,0.0102867,-2.23463,0.682841,0.430613,0.600206,0.22714,0.468286,0.605476,0.229008,0.17585,-0.885492,-2.63396,0.152056,-0.791591,-2.58683,0.0958472,-1.24478,-0.224671,0.106572,-1.23935,-0.22239,-0.596708,1.98802,-2.09078,-0.606544,2.01907,-2.04394
2454,5,-0.417006,0.99945,0.491667,0.378308,0.00145212,-0.925676,0.00233171,-1.07273,0.00544108,0.799622,0.0252151,-10.0144,0.0407896,-0.000737204,-0.248054,0.663262,-0.000840775,-0.248134,0.663237,0.0102972,-2.23492,0.680859,0.0104137,-2.23525,0.680368,0.401102,0.513887,0.205467,0.438196,0.519356,0.207418,0.125832,-0.543235,-2.40359,0.101941,-0.453831,-2.35885,0.0691837,-1.28333,-0.243678,0.0776409,-1.27821,-0.241542,-0.608784,2.05222,-1.87024,-0.617202,2.07751,-1.82726
2455,5,-0.41808,0.999456,0.492462,0.373679,0.00146412,-0.927554,0.00233513,-1.0752,0.0054229,0.789142,0.0246849,-9.96814,0.0410853,-0.000351672,-0.247584,0.663457,-0.000418592,-0.247658,0.663434,0.0103987,-2.2353,0.678563,0.0104913,-2.23555,0.678116,0.369962,0.426738,0.183224,0.40617,0.432334,0.185234,0.0770352,-0.227856,-2.18792,0.0532564,-0.143122,-2.14552,0.0442322,-1.31675,-0.260982,0.0504465,-1.31195,-0.259,-0.617835,2.09508,-1.66874,-0.624822,2.11487,-1.62944
2456,5,-0.419156,0.999461,0.493245,0.369061,0.00147617,-0.929401,0.00233875,-1.07749,0.00540422,0.77864,0.024192,-9.92623,0.0413453,2.07E-06,-0.247201,0.663629,-2.92E-05,-0.24727,0.663608,0.0104521,-2.23539,0.676476,0.0105211,-2.23555,0.67607,0.337514,0.339537,0.160612,0.37256,0.345191,0.162658,0.0298197,0.0607445,-1.98641,0.00634579,0.140675,-1.94631,0.0211003,-1.34497,-0.27653,0.0251155,-1.3405,-0.274706,-0.623921,2.11821,-1.48508,-0.629478,2.13278,-1.44926
2457,5,-0.420234,0.999467,0.494019,0.364452,0.00148826,-0.931218,0.00234255,-1.07958,0.00538523,0.768118,0.0237353,-9.88859,0.0415706,0.00032286,-0.246904,0.663778,0.00032591,-0.246968,0.663759,0.0104593,-2.2352,0.674584,0.010505,-2.23528,0.674216,0.304073,0.25302,0.137827,0.337714,0.258667,0.139887,-0.0155,0.322868,-1.79853,-0.038491,0.397898,-1.76065,-0.000123975,-1.36796,-0.290283,0.00175361,-1.36383,-0.288621,-0.627127,2.12323,-1.3181,-0.631266,2.13285,-1.28559
2458,5,-0.421315,0.999472,0.494782,0.359852,0.00150036,-0.933005,0.00234651,-1.08147,0.00536608,0.75758,0.0233134,-9.85508,0.0417621,0.000609868,-0.246694,0.663904,0.000645751,-0.246752,0.663888,0.0104222,-2.23475,0.672873,0.0104453,-2.23476,0.672542,0.269944,0.167873,0.115054,0.301969,0.173452,0.117106,-0.0586506,0.558995,-1.62371,-0.0809962,0.629063,-1.58802,-0.0193716,-1.38574,-0.302221,-0.0195546,-1.38194,-0.300723,-0.627556,2.11172,-1.1667,-0.630302,2.1167,-1.13731
2459,5,-0.422397,0.999477,0.495534,0.355257,0.00151248,-0.934765,0.0023506,-1.08317,0.00534694,0.747032,0.0229253,-9.82554,0.0419212,0.000862553,-0.246568,0.664008,0.000929563,-0.24662,0.663993,0.0103432,-2.23409,0.67133,0.0103443,-2.23403,0.671034,0.235425,0.0847341,0.0924685,0.265653,0.0901867,0.0944921,-0.0993976,0.769763,-1.46142,-0.120952,0.83484,-1.42785,-0.0365921,-1.39836,-0.312336,-0.0387451,-1.39491,-0.311003,-0.625332,2.08526,-1.02981,-0.626717,2.08589,-1.00336
2460,5,-0.423481,0.999483,0.496276,0.350666,0.00152459,-0.936496,0.00235482,-1.08467,0.00532798,0.736478,0.0225697,-9.79981,0.0420491,0.00108066,-0.246523,0.664089,0.00117693,-0.24657,0.664077,0.0102247,-2.23323,0.669944,0.0102047,-2.23311,0.66968,0.200798,0.00418352,0.0702344,0.229078,0.00945855,0.0722114,-0.137544,0.955947,-1.31112,-0.158176,1.01603,-1.27961,-0.0517532,-1.40594,-0.320637,-0.0557738,-1.40282,-0.319467,-0.62059,2.0454,-0.90641,-0.620659,2.04197,-0.882728
2461,5,-0.424567,0.999488,0.497007,0.346078,0.00153669,-0.938201,0.00235914,-1.08598,0.00530933,0.725923,0.0222454,-9.77768,0.042147,0.00126423,-0.246558,0.664149,0.00138774,-0.246599,0.664138,0.0100695,-2.23219,0.668702,0.0100294,-2.23201,0.668469,0.166332,-0.0732529,0.0485042,0.192541,-0.0682024,0.0504173,-0.172926,1.11844,-1.17225,-0.192524,1.17356,-1.14274,-0.0648399,-1.40861,-0.327145,-0.0706157,-1.40581,-0.326135,-0.613482,1.99363,-0.795508,-0.612285,1.98644,-0.77443
2462,5,-0.425653,0.999493,0.497728,0.341492,0.00154876,-0.939881,0.00236355,-1.08709,0.00529114,0.715372,0.0219511,-9.75897,0.0422165,0.00141353,-0.246668,0.664187,0.00156217,-0.246705,0.664178,0.00988029,-2.231,0.667594,0.00982119,-2.23077,0.667389,0.132279,-0.147107,0.0274172,0.15632,-0.142323,0.0292509,-0.205418,1.25822,-1.04427,-0.223884,1.30843,-1.01672,-0.0758538,-1.40654,-0.331895,-0.0832643,-1.40404,-0.33104,-0.604168,1.9314,-0.696174,-0.601764,1.92076,-0.677536
2463,5,-0.426741,0.999498,0.498438,0.336905,0.00156079,-0.941534,0.00236804,-1.08801,0.00527352,0.704829,0.0216855,-9.74347,0.0422588,0.00152911,-0.24685,0.664204,0.00170067,-0.246882,0.664197,0.00966012,-2.22968,0.666608,0.00958316,-2.22941,0.666431,0.0988739,-0.216968,0.00709986,0.120677,-0.212487,0.00884012,-0.234923,1.37637,-0.926668,-0.252176,1.42174,-0.900997,-0.0848121,-1.39992,-0.334932,-0.0937301,-1.39773,-0.334227,-0.592817,1.8601,-0.607513,-0.589272,1.8463,-0.591158
2464,5,-0.427829,0.999504,0.499137,0.332317,0.00157278,-0.943163,0.00237257,-1.08875,0.00525659,0.694299,0.0214474,-9.73097,0.0422756,0.00161171,-0.2471,0.664201,0.00180393,-0.247127,0.664196,0.00941197,-2.22826,0.665736,0.0093184,-2.22794,0.665583,0.0663338,-0.282484,-0.0123349,0.0858511,-0.278336,-0.0107003,-0.261377,1.47401,-0.818898,-0.277352,1.51465,-0.795052,-0.0917467,-1.389,-0.336312,-0.10204,-1.38708,-0.33575,-0.579607,1.78106,-0.528675,-0.57499,1.76439,-0.514449
2465,5,-0.428918,0.999509,0.499826,0.327726,0.0015847,-0.944768,0.00237715,-1.08931,0.00524044,0.683786,0.0212353,-9.72126,0.0422681,0.00166231,-0.247413,0.66418,0.00187289,-0.247436,0.664176,0.00913891,-2.22675,0.664966,0.00903003,-2.22639,0.664836,0.0348558,-0.343358,-0.0307876,0.0520629,-0.339571,-0.0292694,-0.284747,1.55233,-0.720441,-0.299393,1.58836,-0.69836,-0.0967029,-1.37402,-0.336103,-0.108236,-1.37236,-0.335676,-0.564718,1.69555,-0.458852,-0.559104,1.6763,-0.446607
2466,5,-0.430008,0.999514,0.500505,0.323132,0.00159655,-0.94635,0.00238176,-1.08971,0.00522516,0.673295,0.021048,-9.71413,0.042238,0.00168205,-0.247784,0.66414,0.00190867,-0.247804,0.664138,0.00884402,-2.22516,0.66429,0.00872118,-2.22477,0.664181,0.00461745,-0.399352,-0.0481727,0.0195105,-0.395945,-0.0467796,-0.305027,1.61255,-0.630786,-0.318309,1.64409,-0.610407,-0.0997386,-1.35524,-0.334378,-0.112373,-1.35382,-0.334077,-0.548334,1.60476,-0.397279,-0.541802,1.58321,-0.386871
2467,5,-0.431097,0.999519,0.501173,0.318533,0.00160833,-0.947907,0.00238639,-1.08993,0.00521083,0.662828,0.0208839,-9.70937,0.0421866,0.00167224,-0.248209,0.664084,0.00191262,-0.248226,0.664083,0.00853039,-2.22353,0.6637,0.00839495,-2.22311,0.663611,-0.0242237,-0.450279,-0.0644176,-0.0116292,-0.447269,-0.063157,-0.322239,1.6559,-0.549428,-0.334136,1.68311,-0.530687,-0.100923,-1.33296,-0.33122,-0.11452,-1.33176,-0.331035,-0.530641,1.50981,-0.34323,-0.523271,1.48624,-0.33452
2468,5,-0.432187,0.999525,0.501831,0.313928,0.00162002,-0.949442,0.00239101,-1.09,0.0051975,0.65239,0.0207418,-9.70676,0.0421155,0.00163437,-0.248682,0.664012,0.0018862,-0.248696,0.664012,0.00820105,-2.22186,0.663188,0.00805442,-2.22141,0.663116,-0.0515304,-0.496007,-0.0794635,-0.0412014,-0.493404,-0.0783408,-0.336431,1.68364,-0.475872,-0.346933,1.70667,-0.458707,-0.100335,-1.30747,-0.326716,-0.114757,-1.30646,-0.326638,-0.511823,1.41176,-0.296021,-0.503697,1.38642,-0.288876
2469,5,-0.433277,0.99953,0.502478,0.309316,0.00163162,-0.950955,0.00239563,-1.08992,0.00518522,0.641983,0.0206201,-9.70609,0.0420261,0.00157001,-0.249198,0.663926,0.00183106,-0.24921,0.663927,0.007859,-2.22017,0.662745,0.00770256,-2.2197,0.66269,-0.0771857,-0.536453,-0.0932641,-0.0690728,-0.534264,-0.0922833,-0.347673,1.69701,-0.409637,-0.356786,1.71604,-0.393984,-0.098062,-1.27909,-0.320961,-0.113172,-1.27824,-0.320978,-0.492063,1.31157,-0.255009,-0.483265,1.28473,-0.2493
2470,5,-0.434367,0.999535,0.503115,0.304697,0.00164311,-0.952445,0.00240024,-1.08971,0.00517404,0.631609,0.0205174,-9.70718,0.0419198,0.00148087,-0.249752,0.663826,0.00174896,-0.249762,0.663828,0.00750714,-2.21847,0.662365,0.00734227,-2.21799,0.662325,-0.101092,-0.571581,-0.105786,-0.0951317,-0.569808,-0.104949,-0.356059,1.69725,-0.350251,-0.363797,1.71246,-0.336045,-0.0942005,-1.24811,-0.314052,-0.109864,-1.24741,-0.314153,-0.47154,1.21015,-0.219589,-0.462154,1.18205,-0.215193
2471,5,-0.435457,0.99954,0.503741,0.30007,0.00165449,-0.953913,0.00240481,-1.08936,0.00516398,0.621271,0.0204321,-9.70982,0.0417979,0.00136874,-0.250339,0.663715,0.00164175,-0.250347,0.663718,0.00714826,-2.21678,0.662041,0.00697633,-2.21628,0.662015,-0.123173,-0.601402,-0.117007,-0.119287,-0.600043,-0.116316,-0.361701,1.68558,-0.297256,-0.368089,1.69716,-0.284433,-0.0888521,-1.21487,-0.30609,-0.104938,-1.21429,-0.306264,-0.450428,1.10833,-0.189193,-0.440536,1.07919,-0.185992
2472,5,-0.436546,0.999545,0.504357,0.295435,0.00166576,-0.955358,0.00240935,-1.0889,0.00515505,0.610971,0.0203628,-9.71382,0.0416618,0.00123547,-0.250952,0.663593,0.00151137,-0.250959,0.663596,0.00678504,-2.21511,0.661767,0.00660738,-2.2146,0.661753,-0.143369,-0.625966,-0.126917,-0.14147,-0.625017,-0.126371,-0.364727,1.66319,-0.250209,-0.3698,1.67134,-0.238704,-0.0821242,-1.17968,-0.297178,-0.0985051,-1.17919,-0.297413,-0.428895,1.00684,-0.163293,-0.41858,0.976902,-0.161172
2473,5,-0.437634,0.999551,0.504963,0.29079,0.0016769,-0.956782,0.00241384,-1.08832,0.00514725,0.600709,0.020308,-9.71901,0.0415128,0.00108296,-0.251588,0.663462,0.00135982,-0.251594,0.663466,0.00642004,-2.21346,0.661538,0.00623794,-2.21294,0.661535,-0.16164,-0.645366,-0.135517,-0.161629,-0.644815,-0.135114,-0.365282,1.63124,-0.20868,-0.369084,1.63616,-0.198429,-0.0741279,-1.14286,-0.287421,-0.0906823,-1.14244,-0.287706,-0.407102,0.906377,-0.141394,-0.396443,0.875847,-0.140247
2474,5,-0.438722,0.999556,0.505559,0.286135,0.00168792,-0.958185,0.00241828,-1.08764,0.00514059,0.590486,0.0202663,-9.72521,0.0413521,0.00091316,-0.252241,0.663322,0.00118914,-0.252246,0.663327,0.00605564,-2.21185,0.661348,0.00587035,-2.21133,0.661354,-0.177962,-0.659727,-0.142818,-0.179732,-0.659563,-0.142554,-0.363521,1.59086,-0.172253,-0.366102,1.59275,-0.163192,-0.0649777,-1.10472,-0.276924,-0.0815894,-1.10434,-0.277246,-0.385202,0.807544,-0.123039,-0.374276,0.776621,-0.122762
2475,5,-0.43981,0.999561,0.506144,0.281471,0.0016988,-0.959565,0.00242267,-1.08687,0.00513505,0.580303,0.0202362,-9.73226,0.0411808,0.000728013,-0.252905,0.663177,0.00100139,-0.252911,0.663181,0.00569407,-2.21028,0.661191,0.00550678,-2.20976,0.661206,-0.192331,-0.669207,-0.148838,-0.195768,-0.669414,-0.148711,-0.359612,1.54311,-0.14053,-0.361029,1.54219,-0.132594,-0.0547896,-1.06557,-0.26579,-0.0713485,-1.06521,-0.266139,-0.363338,0.710881,-0.107801,-0.352221,0.679754,-0.108297
2476,5,-0.440896,0.999566,0.506719,0.276796,0.00170955,-0.960924,0.00242699,-1.08601,0.00513062,0.570159,0.0202164,-9.74001,0.041,0.000529471,-0.253577,0.663025,0.000798639,-0.253583,0.66303,0.0053374,-2.20876,0.661064,0.00514925,-2.20825,0.661086,-0.204754,-0.673995,-0.153608,-0.209738,-0.674556,-0.153612,-0.353726,1.48903,-0.113128,-0.354042,1.48549,-0.106254,-0.0436808,-1.0257,-0.254124,-0.0600835,-1.02534,-0.254489,-0.341644,0.616862,-0.0952901,-0.330407,0.585706,-0.0964654
2477,6,-0.441982,0.999571,0.507284,0.272111,0.00172016,-0.962261,0.00243124,-1.08509,0.00512726,0.560055,0.0202055,-9.74831,0.0408108,0.000319465,-0.254251,0.66287,0.000582939,-0.254258,0.662874,0.00498751,-2.20731,0.660963,0.00479956,-2.20679,0.660991,-0.215257,-0.674305,-0.157163,-0.221663,-0.675199,-0.157292,-0.346044,1.42959,-0.0896801,-0.345324,1.42365,-0.0838044,-0.0317683,-0.985403,-0.242026,-0.0479184,-0.985025,-0.242396,-0.320244,0.525898,-0.0851438,-0.308955,0.494875,-0.0869115
2478,6,-0.443066,0.999576,0.507839,0.267416,0.00173062,-0.963577,0.00243542,-1.08409,0.00512493,0.54999,0.0202022,-9.75704,0.0406141,9.99E-05,-0.254923,0.662712,0.000356319,-0.254931,0.662716,0.00464612,-2.20591,0.660883,0.00445937,-2.2054,0.660917,-0.223875,-0.670371,-0.159546,-0.231576,-0.671577,-0.159794,-0.336745,1.36573,-0.0698358,-0.335061,1.35758,-0.0648965,-0.0191679,-0.944954,-0.229595,-0.0349763,-0.944532,-0.22996,-0.299251,0.43834,-0.0770314,-0.287974,0.407601,-0.0793091
2479,6,-0.44415,0.999581,0.508384,0.262709,0.00174093,-0.96487,0.00243952,-1.08304,0.00512361,0.539964,0.0202053,-9.76606,0.0404108,-0.000127366,-0.25559,0.662551,0.000120769,-0.255599,0.662555,0.00431474,-2.20458,0.660822,0.00413012,-2.20408,0.66086,-0.230658,-0.66245,-0.160808,-0.239525,-0.663944,-0.161168,-0.326012,1.2983,-0.0532621,-0.323436,1.28816,-0.0491979,-0.00599399,-0.904614,-0.216927,-0.0213792,-0.904129,-0.217276,-0.278767,0.35448,-0.0706508,-0.267562,0.324164,-0.0733611
2480,6,-0.445232,0.999586,0.508919,0.257992,0.00175109,-0.966142,0.00244354,-1.08194,0.00512325,0.529974,0.0202138,-9.77526,0.0402017,-0.000360528,-0.256246,0.662391,-0.000121778,-0.256257,0.662394,0.00399472,-2.20331,0.660775,0.00381309,-2.20283,0.660817,-0.235666,-0.650811,-0.161003,-0.245569,-0.652569,-0.161467,-0.314026,1.22812,-0.039643,-0.310631,1.21619,-0.0363934,0.00764198,-0.864629,-0.204113,-0.00724614,-0.864063,-0.204438,-0.258884,0.274559,-0.0657269,-0.247807,0.244792,-0.0687973
2481,6,-0.446314,0.999592,0.509444,0.253265,0.0017611,-0.967392,0.00244748,-1.0808,0.0051238,0.52002,0.0202266,-9.78455,0.0399875,-0.000597846,-0.256889,0.66223,-0.000369451,-0.256902,0.662233,0.00368723,-2.20212,0.660741,0.00350936,-2.20165,0.660786,-0.238969,-0.63574,-0.160192,-0.249778,-0.637734,-0.160751,-0.300963,1.15595,-0.0286795,-0.296827,1.14241,-0.0261851,0.0216317,-0.825231,-0.19124,0.00730667,-0.824568,-0.191532,-0.239683,0.198767,-0.0620107,-0.228785,0.169662,-0.0653737
2482,6,-0.447394,0.999597,0.509959,0.248527,0.00177095,-0.96862,0.00245133,-1.07962,0.00512521,0.510101,0.0202428,-9.79383,0.039769,-0.000837654,-0.257516,0.662071,-0.000620457,-0.257531,0.662073,0.00339325,-2.201,0.660717,0.00321985,-2.20054,0.660764,-0.240646,-0.617527,-0.158437,-0.252233,-0.619734,-0.159084,-0.286997,1.08249,-0.0200894,-0.282195,1.06754,-0.0182924,0.0358707,-0.786635,-0.178392,0.0221671,-0.785859,-0.178644,-0.221234,0.127245,-0.0592778,-0.210562,0.0989035,-0.0628705
2483,6,-0.448473,0.999602,0.510464,0.243778,0.00178064,-0.969826,0.00245509,-1.07842,0.00512743,0.500214,0.0202615,-9.80301,0.0395467,-0.00107837,-0.258123,0.661913,-0.000873085,-0.25814,0.661915,0.0031136,-2.19996,0.6607,0.0029453,-2.19951,0.660748,-0.240782,-0.596475,-0.155806,-0.253021,-0.598865,-0.156531,-0.272294,1.00837,-0.0136078,-0.266902,0.9922,-0.0124514,0.0502592,-0.749037,-0.165647,0.0372274,-0.748135,-0.16585,-0.203595,0.0600912,-0.057327,-0.193191,0.0326048,-0.0610914
2484,6,-0.449551,0.999607,0.51096,0.23902,0.00179017,-0.97101,0.00245877,-1.0772,0.0051304,0.490359,0.0202819,-9.81203,0.0393213,-0.00131849,-0.258708,0.661759,-0.00112571,-0.258728,0.66176,0.00284895,-2.19898,0.660688,0.0026863,-2.19856,0.660738,-0.23947,-0.572885,-0.152367,-0.252238,-0.575433,-0.153162,-0.257014,0.934191,-0.00898624,-0.251106,0.916971,-0.0084154,0.0647021,-0.712617,-0.153078,0.0523851,-0.711577,-0.153226,-0.186816,-0.00263466,-0.0559791,-0.176718,-0.0291874,-0.0598617
2485,6,-0.450627,0.999612,0.511445,0.234251,0.00179954,-0.972171,0.00246236,-1.07597,0.00513406,0.480533,0.0203034,-9.82081,0.0390932,-0.00155663,-0.259268,0.661609,-0.00137683,-0.25929,0.661609,0.00259979,-2.19809,0.660681,0.00244326,-2.19768,0.660731,-0.236805,-0.547063,-0.148192,-0.249984,-0.549742,-0.149048,-0.241309,0.860472,-0.00599288,-0.234959,0.842377,-0.00595406,0.0791096,-0.677536,-0.140751,0.0675429,-0.676348,-0.140838,-0.170937,-0.0609116,-0.0550754,-0.161178,-0.0864625,-0.059027
2486,6,-0.451703,0.999617,0.511921,0.229472,0.00180875,-0.97331,0.00246587,-1.07473,0.00513836,0.470734,0.0203255,-9.82931,0.0388629,-0.00179148,-0.259801,0.661463,-0.001625,-0.259826,0.661463,0.00236647,-2.19726,0.660676,0.00221648,-2.19687,0.660725,-0.232888,-0.519313,-0.143351,-0.246364,-0.522096,-0.144259,-0.22532,0.787693,-0.00441205,-0.218599,0.768888,-0.00485346,0.0933978,-0.643937,-0.128728,0.0826095,-0.642592,-0.128749,-0.155987,-0.114752,-0.0544762,-0.146596,-0.139243,-0.0584522
2487,6,-0.452777,0.999622,0.512387,0.224684,0.0018178,-0.974427,0.00246928,-1.07348,0.00514325,0.460961,0.0203476,-9.83748,0.0386308,-0.00202183,-0.260306,0.661323,-0.00186892,-0.260333,0.661321,0.00214922,-2.19651,0.660672,0.00200611,-2.19614,0.66072,-0.227823,-0.489934,-0.137919,-0.241486,-0.492795,-0.13887,-0.209181,0.716277,-0.0040439,-0.202159,0.696922,-0.00491555,0.107489,-0.611946,-0.117067,0.0974999,-0.610437,-0.117017,-0.141988,-0.164196,-0.05406,-0.132989,-0.187581,-0.0580199
2488,6,-0.45385,0.999627,0.512843,0.219886,0.00182667,-0.975521,0.0024726,-1.07224,0.00514866,0.451212,0.0203693,-9.84528,0.0383973,-0.0022466,-0.26078,0.661188,-0.0021074,-0.260811,0.661185,0.00194812,-2.19583,0.660667,0.00181215,-2.19548,0.660715,-0.221714,-0.45922,-0.131965,-0.235462,-0.462134,-0.132951,-0.193015,0.646601,-0.00470397,-0.185757,0.626844,-0.00595776,0.12131,-0.581669,-0.105816,0.112135,-0.579991,-0.105692,-0.128953,-0.209316,-0.0537218,-0.120366,-0.231555,-0.0576292
2489,6,-0.454921,0.999633,0.513289,0.215079,0.00183539,-0.976592,0.00247583,-1.071,0.00515453,0.441484,0.0203904,-9.85267,0.0381628,-0.00246479,-0.261223,0.661059,-0.00233933,-0.261257,0.661055,0.00176315,-2.19522,0.660662,0.00163452,-2.19489,0.660708,-0.214668,-0.427458,-0.125563,-0.228403,-0.430401,-0.126575,-0.176935,0.578989,-0.00622271,-0.169505,0.558973,-0.00781253,0.134796,-0.553194,-0.0950205,0.126444,-0.551343,-0.0948192,-0.116887,-0.250202,-0.0533718,-0.108729,-0.271268,-0.0571942
2490,6,-0.455992,0.999638,0.513726,0.210264,0.00184394,-0.97764,0.00247898,-1.06978,0.00516082,0.431776,0.0204106,-9.85964,0.0379275,-0.00267552,-0.261635,0.660937,-0.00256374,-0.261671,0.660932,0.00159416,-2.19467,0.660654,0.00147301,-2.19436,0.660699,-0.206789,-0.394924,-0.118781,-0.220421,-0.397872,-0.119811,-0.161044,0.513723,-0.00844502,-0.153502,0.493581,-0.0103268,0.147888,-0.526594,-0.0847194,0.14036,-0.524567,-0.0844382,-0.105789,-0.28697,-0.0529348,-0.098071,-0.306843,-0.0566434
2491,6,-0.457061,0.999643,0.514153,0.20544,0.00185232,-0.978665,0.00248203,-1.06856,0.00516747,0.422086,0.0204297,-9.86616,0.0376918,-0.00287801,-0.262013,0.660822,-0.00277977,-0.262053,0.660816,0.00144092,-2.19419,0.660645,0.00132734,-2.1939,0.660687,-0.198183,-0.361885,-0.111688,-0.211627,-0.364816,-0.112729,-0.145433,0.451039,-0.0112296,-0.137836,0.430896,-0.0133613,0.160531,-0.501922,-0.0749456,0.153824,-0.499718,-0.0745828,-0.0956495,-0.319751,-0.0523481,-0.0883808,-0.338419,-0.0559178
2492,6,-0.458129,0.999648,0.51457,0.200608,0.00186053,-0.979667,0.002485,-1.06737,0.00517442,0.412413,0.0204476,-9.87222,0.0374559,-0.00307157,-0.262358,0.660714,-0.00298665,-0.262401,0.660707,0.00130311,-2.19377,0.660632,0.00119713,-2.1935,0.660672,-0.188952,-0.328594,-0.104351,-0.202132,-0.331487,-0.105394,-0.130186,0.391134,-0.0144486,-0.122587,0.371107,-0.0167903,0.17268,-0.479218,-0.0657269,0.166786,-0.476838,-0.0652812,-0.0864552,-0.348694,-0.0515611,-0.0796406,-0.366154,-0.0549703
2493,6,-0.459195,0.999653,0.514977,0.195769,0.00186858,-0.980645,0.00248788,-1.0662,0.00518162,0.402753,0.0204642,-9.87782,0.03722,-0.00325565,-0.26267,0.660613,-0.00318373,-0.262716,0.660605,0.00118033,-2.1934,0.660615,0.00108193,-2.19315,0.660653,-0.179197,-0.29529,-0.0968331,-0.192042,-0.298125,-0.0978722,-0.115375,0.334165,-0.0179868,-0.107823,0.314361,-0.0205008,0.184294,-0.458504,-0.0570853,0.179199,-0.455949,-0.0565563,-0.0781866,-0.373959,-0.050534,-0.071828,-0.390214,-0.0537643
2494,6,-0.460261,0.999658,0.515375,0.190922,0.00187646,-0.9816,0.00249068,-1.06505,0.00518903,0.393106,0.0204796,-9.88295,0.0369844,-0.00342975,-0.262949,0.66052,-0.00337048,-0.262997,0.660511,0.00107211,-2.1931,0.660596,0.000981214,-2.19287,0.660631,-0.169014,-0.262199,-0.0891957,-0.181461,-0.264958,-0.090224,-0.101063,0.280254,-0.0217408,-0.0936041,0.260772,-0.0243917,0.195339,-0.439787,-0.0490379,0.191024,-0.43706,-0.0484256,-0.0708198,-0.395718,-0.0492365,-0.0649156,-0.410778,-0.0522726
2495,6,-0.461326,0.999664,0.515764,0.186068,0.00188418,-0.982532,0.00249339,-1.06392,0.0051966,0.38347,0.0204937,-9.88762,0.0367492,-0.00359351,-0.263195,0.660435,-0.00354646,-0.263246,0.660425,0.000977928,-2.19284,0.660572,0.000894422,-2.19263,0.660605,-0.158498,-0.229529,-0.0814966,-0.170491,-0.232197,-0.0825079,-0.0873039,0.22949,-0.0256192,-0.0799798,0.210421,-0.0283735,0.205785,-0.423062,-0.0415968,0.202229,-0.420168,-0.0409018,-0.0643267,-0.414151,-0.0476474,-0.0588728,-0.428032,-0.0504769
2496,6,-0.462389,0.999669,0.516142,0.181207,0.00189173,-0.98344,0.00249601,-1.06282,0.00520428,0.373843,0.0205067,-9.89183,0.0365147,-0.00374663,-0.263408,0.660357,-0.00371132,-0.263462,0.660346,0.000897204,-2.19264,0.660544,0.000820936,-2.19244,0.660574,-0.147737,-0.197476,-0.0737906,-0.159228,-0.200036,-0.0747793,-0.0741435,0.181929,-0.0295408,-0.0669916,0.163355,-0.0323676,0.215611,-0.408311,-0.0347691,0.212788,-0.405253,-0.0339925,-0.0586757,-0.429443,-0.045753,-0.0536653,-0.442168,-0.0483663
2497,6,-0.463451,0.999674,0.516511,0.17634,0.00189912,-0.984324,0.00249855,-1.06175,0.00521204,0.364224,0.0205187,-9.8956,0.0362809,-0.0038889,-0.26359,0.660287,-0.00386482,-0.263646,0.660275,0.000829323,-2.19248,0.660513,0.000760104,-2.1923,0.66054,-0.136818,-0.166216,-0.0661289,-0.147764,-0.168655,-0.0670898,-0.0616185,0.137603,-0.033435,-0.0546727,0.119596,-0.0363054,0.224798,-0.3955,-0.0285576,0.222679,-0.392286,-0.027701,-0.0538322,-0.441785,-0.0435466,-0.0492562,-0.453381,-0.0459367
2498,6,-0.464512,0.999679,0.516871,0.171466,0.00190634,-0.985185,0.00250101,-1.06071,0.00521983,0.354612,0.0205297,-9.89893,0.0360482,-0.00402022,-0.263741,0.660225,-0.00400679,-0.2638,0.660212,0.000773635,-2.19236,0.660478,0.000711243,-2.1922,0.660502,-0.12582,-0.13591,-0.0585592,-0.136186,-0.138216,-0.0594876,-0.0497582,0.0965136,-0.0372406,-0.0430488,0.0791405,-0.0401278,0.233334,-0.38459,-0.0229608,0.231889,-0.381225,-0.0220263,-0.0497594,-0.451371,-0.0410276,-0.0456062,-0.461869,-0.0431897
2499,6,-0.465573,0.999685,0.517221,0.166587,0.00191339,-0.986022,0.00250338,-1.05969,0.00522763,0.345004,0.02054,-9.90184,0.0358165,-0.00414054,-0.263863,0.66017,-0.00413717,-0.263923,0.660156,0.000729463,-2.19228,0.660438,0.00067365,-2.19214,0.66046,-0.114819,-0.1067,-0.0511254,-0.124575,-0.108863,-0.052017,-0.0385847,0.0586429,-0.0409051,-0.0321379,0.0419604,-0.0437846,0.241213,-0.375526,-0.0179733,0.240407,-0.372019,-0.0169632,-0.0464181,-0.458395,-0.0382006,-0.0426746,-0.467831,-0.0401324
2500,6,-0.466632,0.99969,0.517561,0.161703,0.00192029,-0.986834,0.00250567,-1.05871,0.00523538,0.3354,0.0205495,-9.90435,0.0355861,-0.0042499,-0.263955,0.660122,-0.00425596,-0.264018,0.660108,0.000696114,-2.19224,0.660396,0.000646605,-2.19212,0.660414,-0.103885,-0.0787134,-0.0438676,-0.113008,-0.0807248,-0.0447187,-0.0281134,0.0239506,-0.0443845,-0.021952,0.00800788,-0.0472339,0.248433,-0.368248,-0.0135859,0.24823,-0.364607,-0.012503,-0.0437678,-0.46305,-0.0350747,-0.040419,-0.471465,-0.0367759
2501,6,-0.46769,0.999695,0.517891,0.156814,0.00192702,-0.987623,0.00250787,-1.05776,0.00524307,0.325798,0.0205587,-9.90648,0.0353571,-0.00434838,-0.264021,0.660082,-0.00436324,-0.264085,0.660067,0.000672881,-2.19223,0.66035,0.000629381,-2.19212,0.660365,-0.0930829,-0.0520601,-0.036822,-0.101556,-0.0539125,-0.0376293,-0.0183533,-0.00762197,-0.0476422,-0.0124966,-0.0227832,-0.0504411,0.254994,-0.362685,-0.00978619,0.255358,-0.358919,-0.00863355,-0.0417669,-0.465527,-0.0316632,-0.0387963,-0.472964,-0.0331352
2502,6,-0.468747,0.9997,0.518212,0.151919,0.00193359,-0.988388,0.00251,-1.05684,0.00525067,0.316198,0.0205674,-9.90825,0.0351296,-0.00443616,-0.26406,0.660049,-0.00445916,-0.264127,0.660033,0.00065905,-2.19225,0.660301,0.000621246,-2.19216,0.660313,-0.082471,-0.026833,-0.030021,-0.0902825,-0.0285209,-0.0307817,-0.00930809,-0.0361497,-0.0506486,-0.0037719,-0.0504951,-0.0533789,0.260903,-0.358762,-0.00655861,0.261795,-0.35488,-0.00533963,-0.0403729,-0.466017,-0.0279821,-0.0377628,-0.47252,-0.0292282
2503,6,-0.469804,0.999706,0.518524,0.14702,0.00193999,-0.989128,0.00251204,-1.05595,0.00525815,0.306599,0.0205761,-9.90968,0.0349038,-0.00451344,-0.264075,0.660022,-0.00454393,-0.264143,0.660005,0.000653908,-2.1923,0.660249,0.000621474,-2.19222,0.660259,-0.0721034,-0.00310931,-0.0234931,-0.0792471,-0.00462845,-0.024205,-0.000976004,-0.0617216,-0.0533807,0.00422709,-0.075224,-0.056026,0.266169,-0.356395,-0.00388489,0.26755,-0.352407,-0.00260319,-0.039543,-0.464704,-0.0240505,-0.0372748,-0.470322,-0.0250754
2504,6,-0.470859,0.999711,0.518826,0.142117,0.00194624,-0.989845,0.002514,-1.05509,0.00526548,0.296999,0.0205847,-9.91079,0.0346796,-0.00458051,-0.264067,0.660001,-0.0046178,-0.264137,0.659984,0.000656745,-2.19238,0.660194,0.000629342,-2.19231,0.660202,-0.0620282,0.0190495,-0.0172633,-0.0685028,0.0177019,-0.0179245,0.00664926,-0.0844389,-0.0558211,0.0115097,-0.0970778,-0.0583672,0.270807,-0.355497,-0.00174432,0.272636,-0.351413,-0.000403726,-0.0392345,-0.461768,-0.0198893,-0.0372884,-0.46655,-0.0206992
2505,6,-0.471914,0.999716,0.519118,0.13721,0.00195233,-0.990537,0.00251588,-1.05426,0.00527266,0.287398,0.0205935,-9.91161,0.0344573,-0.00463767,-0.264038,0.659987,-0.0046811,-0.264109,0.659969,0.000666859,-2.19247,0.660137,0.000644142,-2.19242,0.660142,-0.0522882,0.0395971,-0.0113525,-0.0580968,0.0384223,-0.0119616,0.0135782,-0.104413,-0.0579579,0.0180895,-0.116174,-0.0603922,0.274831,-0.355975,-0.000114069,0.277068,-0.351805,0.00128145,-0.0394047,-0.457383,-0.0155212,-0.0377605,-0.461381,-0.0161235
2506,6,-0.472968,0.999721,0.5194,0.132299,0.00195826,-0.991205,0.00251768,-1.05346,0.00527966,0.277795,0.0206026,-9.91216,0.0342369,-0.00468527,-0.263989,0.659979,-0.00473419,-0.264061,0.65996,0.00068356,-2.19258,0.660078,0.000665178,-2.19254,0.660081,-0.0429206,0.0585015,-0.00577823,-0.0480707,0.0574996,-0.00633424,0.0198251,-0.121765,-0.0597838,0.0239833,-0.13264,-0.0620957,0.27826,-0.357735,0.00103056,0.280866,-0.353489,0.00247689,-0.0400115,-0.451718,-0.0109701,-0.0386485,-0.454984,-0.0113731
2507,6,-0.474021,0.999727,0.519673,0.127385,0.00196404,-0.991848,0.0025194,-1.05269,0.00528646,0.268189,0.0206122,-9.91246,0.0340184,-0.00472371,-0.263922,0.659975,-0.00477745,-0.263994,0.659956,0.000706176,-2.19271,0.660018,0.000691776,-2.19268,0.660018,-0.0339578,0.0757443,-0.000554559,-0.0384606,0.0749142,-0.00105691,0.0254073,-0.13662,-0.0612958,0.0292112,-0.146607,-0.0634763,0.281116,-0.360677,0.00171579,0.284051,-0.356366,0.00320873,-0.0410136,-0.444932,-0.0062604,-0.0399107,-0.447519,-0.00647357
2508,6,-0.475073,0.999732,0.519937,0.122468,0.00196966,-0.992467,0.00252104,-1.05195,0.00529306,0.258581,0.0206223,-9.91254,0.0338021,-0.0047534,-0.263838,0.659977,-0.00481133,-0.263912,0.659958,0.000734053,-2.19286,0.659956,0.000723279,-2.19283,0.659954,-0.0254269,0.0913201,0.00430789,-0.029297,0.0906595,0.00385938,0.0303453,-0.149111,-0.0624946,0.0337959,-0.158213,-0.0645364,0.283423,-0.364705,0.0019691,0.286647,-0.360339,0.00350437,-0.0423706,-0.437181,-0.00141722,-0.0415065,-0.439142,-0.00145069
2509,6,-0.476125,0.999737,0.520191,0.117547,0.00197512,-0.993062,0.00252259,-1.05123,0.00529944,0.248969,0.0206331,-9.91242,0.0335878,-0.00477479,-0.26374,0.659984,-0.00483628,-0.263814,0.659964,0.000766556,-2.19301,0.659893,0.000759058,-2.193,0.659889,-0.0173501,0.105236,0.00880164,-0.0206053,0.104741,0.00840681,0.0346618,-0.159374,-0.0633843,0.0377625,-0.167599,-0.0652816,0.285204,-0.369717,0.00181897,0.28868,-0.365306,0.00339227,-0.0440432,-0.428609,0.00353439,-0.0433967,-0.429997,0.00366981
2510,6,-0.477176,0.999742,0.520435,0.112624,0.00198043,-0.993632,0.00252407,-1.05054,0.0053056,0.239354,0.0206448,-9.91212,0.0333757,-0.00478834,-0.263628,0.659995,-0.00485279,-0.263703,0.659974,0.000803078,-2.19317,0.659829,0.000798508,-2.19317,0.659824,-0.00974504,0.117509,0.0129223,-0.012406,0.117176,0.0125806,0.0383818,-0.167548,-0.0639718,0.0411378,-0.174908,-0.0657204,0.286488,-0.375613,0.00129459,0.290177,-0.371168,0.00290163,-0.0459934,-0.419354,0.00856955,-0.0455435,-0.420223,0.00886253
2511,6,-0.478226,0.999748,0.520669,0.107698,0.00198559,-0.994178,0.00252547,-1.04987,0.00531152,0.229735,0.0206573,-9.91165,0.0331658,-0.00479453,-0.263506,0.660009,-0.00486135,-0.26358,0.659989,0.000843035,-2.19334,0.659765,0.000841052,-2.19335,0.659758,-0.00262504,0.128167,0.0166682,-0.00471461,0.127991,0.0163789,0.0415318,-0.173771,-0.0642667,0.0439503,-0.180283,-0.0658635,0.2873,-0.382296,0.00042563,0.291167,-0.377825,0.00206213,-0.0481847,-0.409547,0.0136638,-0.0479105,-0.409948,0.0141026
2512,6,-0.479275,0.999753,0.520894,0.10277,0.0019906,-0.9947,0.00252679,-1.04922,0.00531722,0.220111,0.0206707,-9.91105,0.0329581,-0.00479384,-0.263373,0.660028,-0.00486248,-0.263448,0.660007,0.00088587,-2.19352,0.659701,0.000886142,-2.19353,0.659692,0.00400085,0.137249,0.0200404,0.00245763,0.137224,0.0198024,0.0441398,-0.178185,-0.0642803,0.0462297,-0.18387,-0.0657237,0.287672,-0.389666,-0.000757987,0.291681,-0.38518,0.00090375,-0.0505821,-0.399307,0.0187933,-0.0504631,-0.399292,0.019366
2513,6,-0.480324,0.999758,0.521109,0.0978396,0.00199546,-0.995197,0.00252802,-1.0486,0.00532268,0.210483,0.0206852,-9.91033,0.0327527,-0.00478677,-0.263232,0.660049,-0.0048567,-0.263307,0.660028,0.000931058,-2.1937,0.659637,0.000933261,-2.19371,0.659627,0.0101274,0.144801,0.0230427,0.00910384,0.144919,0.0228545,0.046235,-0.180928,-0.064026,0.0480064,-0.185809,-0.0653156,0.28763,-0.397629,-0.00222633,0.291749,-0.393137,-0.0005435,-0.0531522,-0.388748,0.0239352,-0.0531685,-0.388367,0.0246294
2514,6,-0.481373,0.999764,0.521315,0.0929072,0.00200017,-0.99567,0.00252918,-1.04799,0.0053279,0.200851,0.0207008,-9.90951,0.0325496,-0.00477383,-0.263084,0.660074,-0.00484453,-0.263159,0.660052,0.000978099,-2.19388,0.659573,0.00098192,-2.1939,0.659562,0.0157532,0.150875,0.0256806,0.015221,0.15113,0.0255407,0.0478472,-0.182138,-0.0635184,0.0493117,-0.186243,-0.0646549,0.287206,-0.40609,-0.00394966,0.291402,-0.401601,-0.00224977,-0.0558635,-0.377975,0.0290675,-0.0559956,-0.377277,0.029871
2515,6,-0.48242,0.999769,0.521511,0.087973,0.00200473,-0.996118,0.00253026,-1.04741,0.00533289,0.191215,0.0207175,-9.90861,0.0323488,-0.00475552,-0.262931,0.660101,-0.00482652,-0.263005,0.660079,0.00102653,-2.19406,0.65951,0.00103166,-2.19408,0.659497,0.0208799,0.155532,0.0279623,0.02081,0.155917,0.0278688,0.049007,-0.18195,-0.0627736,0.0501772,-0.185308,-0.0637585,0.28643,-0.41496,-0.00589859,0.290672,-0.410483,-0.00418558,-0.0586859,-0.367083,0.0341692,-0.0589152,-0.366116,0.0350698
2516,6,-0.483468,0.999774,0.521698,0.083037,0.00200914,-0.996541,0.00253125,-1.04684,0.00533764,0.181574,0.0207354,-9.90764,0.0321502,-0.00473232,-0.262774,0.660129,-0.00480318,-0.262847,0.660108,0.0010759,-2.19425,0.659447,0.00108207,-2.19427,0.659434,0.0255126,0.158839,0.0298975,0.0258747,0.159344,0.0298484,0.049745,-0.180496,-0.0618081,0.0506345,-0.183139,-0.0626442,0.285331,-0.424153,-0.00804431,0.289591,-0.419694,-0.00632196,-0.0615916,-0.35616,0.0392209,-0.0618998,-0.354969,0.0402064
2517,6,-0.484514,0.99978,0.521874,0.0780995,0.00201341,-0.99694,0.00253217,-1.04629,0.00534217,0.17193,0.0207545,-9.90662,0.0319539,-0.00470474,-0.262614,0.66016,-0.00477503,-0.262687,0.660139,0.00112582,-2.19442,0.659386,0.00113274,-2.19445,0.659372,0.0296588,0.160866,0.0314977,0.0304223,0.161483,0.0314908,0.0500921,-0.177903,-0.0606394,0.0507153,-0.179866,-0.06133,0.283939,-0.433584,-0.0103587,0.288191,-0.429152,-0.00863064,-0.0645541,-0.345287,0.0442042,-0.0649242,-0.343916,0.0452625
2518,6,-0.48556,0.999785,0.522041,0.0731606,0.00201753,-0.997315,0.002533,-1.04576,0.00534648,0.162281,0.0207748,-9.90556,0.0317598,-0.00467324,-0.262452,0.660192,-0.00474258,-0.262525,0.660171,0.00117591,-2.1946,0.659326,0.00118333,-2.19463,0.659312,0.0333289,0.161688,0.0327758,0.0344629,0.162408,0.0328088,0.050079,-0.174295,-0.0592851,0.0504509,-0.175614,-0.0598345,0.282284,-0.443175,-0.0128145,0.286502,-0.438777,-0.0110842,-0.0675492,-0.334535,0.0491021,-0.0679647,-0.333025,0.0502215
2519,6,-0.486606,0.99979,0.522199,0.0682205,0.00202151,-0.997665,0.00253376,-1.04523,0.00535057,0.152629,0.0207962,-9.90448,0.031568,-0.00463831,-0.262291,0.660226,-0.00470635,-0.262363,0.660204,0.00122581,-2.19477,0.659268,0.00123349,-2.1948,0.659253,0.0365355,0.161383,0.0337462,0.0380088,0.162197,0.0338166,0.0497361,-0.169792,-0.0577633,0.0498722,-0.170503,-0.0581763,0.280394,-0.452851,-0.0153855,0.284555,-0.448493,-0.0136562,-0.0705544,-0.323969,0.0538991,-0.0709997,-0.322361,0.055068
2520,6,-0.487651,0.999796,0.522347,0.0632792,0.00202535,-0.997991,0.00253443,-1.04472,0.00535445,0.142974,0.0208189,-9.90338,0.0313783,-0.00460039,-0.26213,0.66026,-0.00466681,-0.262201,0.660238,0.00127523,-2.19494,0.659211,0.00128293,-2.19497,0.659195,0.0392931,0.160032,0.0344241,0.0410747,0.160931,0.0345294,0.0490934,-0.164508,-0.0560918,0.0490096,-0.16465,-0.0563739,0.278299,-0.462544,-0.0180463,0.282381,-0.458232,-0.0163212,-0.0735488,-0.313646,0.058581,-0.0740094,-0.311978,0.0597885
2521,6,-0.488695,0.999801,0.522485,0.0583369,0.00202905,-0.998292,0.00253502,-1.04423,0.00535814,0.133316,0.0208428,-9.90228,0.0311908,-0.00455994,-0.261971,0.660294,-0.00462443,-0.262041,0.660273,0.00132387,-2.1951,0.659156,0.00133138,-2.19513,0.65914,0.0416181,0.157717,0.0348259,0.0436774,0.158691,0.0349634,0.0481802,-0.158551,-0.0542885,0.0478926,-0.158162,-0.0544455,0.276024,-0.472186,-0.0207731,0.280008,-0.467925,-0.019055,-0.0765137,-0.303617,0.0631352,-0.0769758,-0.301923,0.0643705
2522,6,-0.489739,0.999807,0.522613,0.0533938,0.0020326,-0.998568,0.00253554,-1.04374,0.00536163,0.123655,0.0208679,-9.90119,0.0310054,-0.00451737,-0.261815,0.660329,-0.00457967,-0.261884,0.660308,0.00137147,-2.19526,0.659102,0.0013786,-2.19528,0.659087,0.0435282,0.154521,0.0349684,0.0458351,0.155561,0.0351357,0.047025,-0.152023,-0.0523708,0.0465498,-0.151144,-0.0524093,0.273596,-0.481719,-0.0235431,0.277466,-0.477514,-0.0218348,-0.0794319,-0.293926,0.0675504,-0.0798829,-0.292239,0.0688033
2523,6,-0.490783,0.999812,0.522732,0.0484498,0.00203602,-0.99882,0.00253597,-1.04326,0.00536494,0.113992,0.0208942,-9.90012,0.030822,-0.00447308,-0.261663,0.660364,-0.00453297,-0.261731,0.660343,0.00141781,-2.19541,0.659051,0.00142438,-2.19543,0.659035,0.0450425,0.150528,0.0348694,0.0475676,0.151624,0.0350636,0.0456557,-0.145023,-0.0503559,0.045009,-0.143692,-0.0502825,0.271042,-0.491086,-0.0263349,0.27478,-0.486942,-0.0246387,-0.0822881,-0.284608,0.0718168,-0.0827162,-0.282959,0.0730774
2524,6,-0.491826,0.999817,0.522841,0.0435052,0.0020393,-0.999048,0.00253632,-1.04278,0.00536807,0.104327,0.0209216,-9.89906,0.0306406,-0.00442747,-0.261515,0.660399,-0.00448474,-0.261581,0.660378,0.00146269,-2.19555,0.659002,0.00146854,-2.19557,0.658986,0.0461813,0.14582,0.0345467,0.0488959,0.146964,0.0347652,0.0440989,-0.137641,-0.0482604,0.0432969,-0.135899,-0.0480821,0.268385,-0.500237,-0.0291284,0.271978,-0.496157,-0.0274467,-0.0850685,-0.275697,0.0759259,-0.0854629,-0.274114,0.0771851
2525,6,-0.492868,0.999823,0.522941,0.0385601,0.00204243,-0.999251,0.00253659,-1.04232,0.00537105,0.0946606,0.0209502,-9.89804,0.0304612,-0.0043809,-0.261371,0.660433,-0.00443537,-0.261437,0.660413,0.00150593,-2.19568,0.658954,0.0015109,-2.1957,0.658939,0.0469656,0.14048,0.0340186,0.0498418,0.141663,0.0342586,0.0423804,-0.129964,-0.0461002,0.041439,-0.127849,-0.0458243,0.265648,-0.509128,-0.0319051,0.269085,-0.505115,-0.0302398,-0.0877611,-0.267217,0.0798705,-0.0881121,-0.265727,0.0811197
2526,6,-0.49391,0.999828,0.523031,0.0336145,0.00204543,-0.99943,0.00253677,-1.04186,0.00537388,0.0849935,0.0209799,-9.89705,0.0302836,-0.0043337,-0.261234,0.660467,-0.00438524,-0.261298,0.660446,0.00154738,-2.19581,0.658909,0.00155135,-2.19583,0.658894,0.0474168,0.134589,0.0333033,0.0504281,0.135802,0.0335622,0.0405248,-0.122069,-0.0438907,0.0394596,-0.11962,-0.0435245,0.262854,-0.517717,-0.0346477,0.266122,-0.513774,-0.0330008,-0.0903555,-0.259189,0.0836449,-0.0906542,-0.257814,0.084876
2527,7,-0.494969,0.999833,0.523121,0.028695,0.00204882,-0.999583,0.00253389,-1.0757,0.00530362,0.0954004,0.0328008,-9.79061,0.0315355,-0.00465683,-0.266143,0.672427,-0.00472003,-0.266204,0.672405,0.00150936,-2.19319,0.651392,0.00149152,-2.19321,0.651383,-0.693673,-9.95197,23.8881,-0.720021,-9.94643,23.8833,-0.116556,5.36237,-14.9918,-0.159122,5.35891,-14.9794,0.260022,-13,21,0.263114,-13,21,-0.0928427,0,-16,-0.0930811,0,-16
2528,7,-0.496042,0.999839,0.523211,0.0237453,0.00205255,-0.999713,0.00252904,-1.07039,0.00531831,0.084672,0.0289084,-10.0145,0.0319075,-0.00528736,-0.275298,0.693071,-0.00537069,-0.275356,0.693048,0.00144602,-2.18895,0.638416,0.00139974,-2.18897,0.63841,-0.567382,-8.35973,17.3989,-0.581291,-8.35891,17.4024,-0.0101331,3.11405,-10.9594,-0.0244347,3.12159,-10.9665,0.27941,-13,21,0.283202,-13,21,-0.0905617,-0.157209,-15.3986,-0.0894913,-0.157179,-15.3991
2529,7,-0.497114,0.999844,0.523293,0.0187094,0.00205623,-0.99982,0.00252506,-1.07407,0.00531845,0.0790173,0.0297806,-10.1335,0.0325052,-0.00589363,-0.28434,0.711206,-0.00599091,-0.284396,0.711184,0.00145054,-2.18607,0.62743,0.00139214,-2.18608,0.627421,-0.645157,-9.72315,18.8706,-0.659142,-9.72094,18.8698,0.0191819,2.63939,-11.0135,0.00923588,2.64474,-11.012,0.317242,-13,21,0.322241,-13,21,-0.0867611,-0.411501,-14.3605,-0.0839846,-0.411594,-14.3612
2530,7,-0.498189,0.999849,0.523368,0.0136121,0.00205997,-0.999902,0.00252097,-1.07552,0.00532242,0.0715724,0.029624,-10.2584,0.0329706,-0.00653982,-0.294323,0.729804,-0.00664993,-0.294377,0.729782,0.00148813,-2.18381,0.616809,0.00142327,-2.18382,0.6168,-0.647225,-10.2422,18.3264,-0.658905,-10.241,18.3269,0.0560011,1.88293,-10.2283,0.0530109,1.88995,-10.2289,0.353618,-13,21,0.359454,-13,21,-0.0870326,-0.584105,-13.4816,-0.0835286,-0.584584,-13.4821
2531,7,-0.499265,0.999855,0.523436,0.00845707,0.00206375,-0.999959,0.00251691,-1.07737,0.00532656,0.064159,0.02986,-10.3627,0.0334069,-0.00718843,-0.304886,0.748113,-0.00730963,-0.30494,0.748091,0.0015575,-2.18222,0.606853,0.00149147,-2.18222,0.606845,-0.649997,-10.8851,18.2911,-0.660485,-10.884,18.291,0.0827321,1.29432,-9.68214,0.0833859,1.30123,-9.68168,0.392389,-13,21,0.398996,-13,21,-0.089288,-0.719775,-12.6319,-0.085396,-0.720624,-12.6325
2532,7,-0.500344,0.99986,0.523496,0.00325286,0.00206754,-0.999989,0.00251278,-1.07902,0.00533125,0.0563634,0.030039,-10.4543,0.0337832,-0.00783181,-0.316041,0.766335,-0.0079629,-0.316094,0.766313,0.0016515,-2.18119,0.597451,0.00158743,-2.18119,0.597443,-0.636764,-11.4253,18.1528,-0.646065,-11.4245,18.1527,0.105275,0.762557,-9.12303,0.108535,0.769445,-9.12259,0.431306,-13,21,0.438578,-13,21,-0.09345,-0.815092,-11.8355,-0.0894879,-0.81636,-11.836
2533,7,-0.501423,0.999865,0.523548,-0.00199395,0.00207135,-0.999993,0.00250859,-1.08062,0.00533614,0.0483102,0.0302147,-10.5328,0.0341088,-0.00845701,-0.327715,0.784437,-0.00859686,-0.327767,0.784415,0.00176594,-2.18066,0.588586,0.0017059,-2.18064,0.588578,-0.613634,-11.9219,18.0519,-0.62186,-11.9214,18.0517,0.123593,0.30699,-8.60723,0.128414,0.313527,-8.6066,0.469909,-13,21,0.477774,-13,21,-0.0990903,-0.876798,-11.0833,-0.0952455,-0.87848,-11.0839
2534,7,-0.502505,0.999871,0.523593,-0.00727698,0.00207516,-0.999968,0.00250432,-1.08213,0.00534111,0.0399972,0.0303426,-10.5994,0.0343824,-0.0090544,-0.33986,0.802441,-0.00920194,-0.339912,0.802419,0.00189706,-2.18055,0.580223,0.0018423,-2.18053,0.580216,-0.58114,-12.3681,17.956,-0.588293,-12.3677,17.9557,0.138655,-0.0839238,-8.11782,0.144379,-0.0778585,-8.11716,0.507421,-13,21,0.515812,-13,21,-0.105956,-0.908885,-10.3741,-0.102354,-0.910969,-10.3747
2535,7,-0.503588,0.999876,0.523628,-0.0125904,0.00207896,-0.999915,0.0025,-1.08358,0.00534599,0.0314474,0.0304157,-10.6553,0.0346063,-0.00961543,-0.352429,0.820355,-0.00976958,-0.352481,0.820332,0.00204186,-2.1808,0.572336,0.00199303,-2.18077,0.57233,-0.54093,-12.7707,17.8707,-0.546988,-12.7706,17.8704,0.150937,-0.413998,-7.65618,0.157087,-0.408516,-7.6555,0.543264,-13,21,0.552116,-13,21,-0.113824,-0.915577,-9.7051,-0.110538,-0.918039,-9.70576
2536,7,-0.504672,0.999881,0.523655,-0.017929,0.00208274,-0.999834,0.00249564,-1.08497,0.00535066,0.022677,0.0304291,-10.7014,0.0347824,-0.010133,-0.365382,0.838187,-0.0102927,-0.365433,0.838164,0.00219774,-2.18135,0.564898,0.00215511,-2.18132,0.564893,-0.494276,-13.1337,17.7939,-0.499209,-13.1337,17.7935,0.160822,-0.688722,-7.21941,0.16707,-0.683885,-7.21876,0.576926,-13,21,0.586175,-13,21,-0.122512,-0.900639,-9.07414,-0.119582,-0.903448,-9.07485
2537,7,-0.505758,0.999887,0.523674,-0.0232879,0.00208648,-0.999724,0.00249125,-1.08629,0.00535504,0.013702,0.0303835,-10.7386,0.0349131,-0.0106014,-0.378679,0.855946,-0.0107654,-0.37873,0.855923,0.00236243,-2.18215,0.557886,0.00232599,-2.18211,0.557881,-0.442412,-13.4607,17.7249,-0.44619,-13.4609,17.7246,0.168569,-0.912911,-6.80599,0.174691,-0.908755,-6.8054,0.607982,-13,21,0.617561,-13,21,-0.131864,-0.867558,-8.47912,-0.129307,-0.870676,-8.47988
2538,7,-0.506845,0.999892,0.523683,-0.0286627,0.00209018,-0.999584,0.00248686,-1.08756,0.00535905,0.00453744,0.0302828,-10.7677,0.0350011,-0.0110158,-0.392287,0.87364,-0.011183,-0.392338,0.873617,0.0025339,-2.18315,0.551276,0.00250344,-2.18311,0.551271,-0.386466,-13.7555,17.663,-0.389073,-13.7559,17.6626,0.174365,-1.09128,-6.41429,0.180207,-1.08782,-6.41377,0.636083,-13,21,0.645923,-13,21,-0.141746,-0.819509,-7.9181,-0.139559,-0.822897,-7.91892
2539,7,-0.507933,0.999897,0.523683,-0.0340495,0.00209382,-0.999415,0.00248249,-1.08878,0.00536261,-0.00480248,0.0301325,-10.7897,0.0350492,-0.0113728,-0.406175,0.891276,-0.011542,-0.406227,0.891251,0.00271026,-2.18431,0.545047,0.00268545,-2.18427,0.545043,-0.327489,-14.0213,17.6075,-0.328921,-14.0217,17.6071,0.178345,-1.2283,-6.04293,0.183808,-1.22552,-6.0425,0.660949,-13,21,0.670981,-13,21,-0.152034,-0.759383,-7.38929,-0.150206,-0.763,-7.39015
2540,7,-0.509022,0.999903,0.523673,-0.0394446,0.00209739,-0.999216,0.00247816,-1.08994,0.00536569,-0.0143042,0.029939,-10.8053,0.0350605,-0.0116698,-0.420316,0.908858,-0.0118398,-0.420369,0.908834,0.00288974,-2.18559,0.53918,0.00287017,-2.18554,0.539177,-0.266446,-14.2609,17.5577,-0.266719,-14.2615,17.5573,0.180616,-1.3282,-5.69064,0.185637,-1.32609,-5.6903,0.682368,-13,21,0.69252,-13,21,-0.162615,-0.689795,-6.891,-0.161127,-0.693599,-6.8919
2541,7,-0.510113,0.999908,0.523654,-0.044845,0.00210089,-0.998989,0.00247386,-1.09105,0.00536826,-0.0239547,0.0297091,-10.8153,0.0350379,-0.0119051,-0.434685,0.926393,-0.0120749,-0.434738,0.926368,0.00307068,-2.18695,0.533657,0.00305589,-2.1869,0.533654,-0.20423,-14.4771,17.513,-0.203374,-14.4778,17.5126,0.181265,-1.395,-5.35629,0.18581,-1.39352,-5.35606,0.700186,-13,21,0.71039,-13,21,-0.173384,-0.6131,-6.42166,-0.17221,-0.617051,-6.42259
2542,7,-0.511204,0.999913,0.523625,-0.0502479,0.0021043,-0.998732,0.00246963,-1.0921,0.00537029,-0.0337415,0.0294494,-10.8203,0.0349844,-0.012078,-0.44926,0.943886,-0.0122464,-0.449314,0.943861,0.0032515,-2.18836,0.528459,0.00324101,-2.18831,0.528456,-0.141657,-14.6724,17.4729,-0.13972,-14.6732,17.4725,0.180376,-1.43246,-5.03888,0.184429,-1.43158,-5.03875,0.714306,-13,21,0.724492,-13,21,-0.184241,-0.531404,-5.97978,-0.183354,-0.535463,-5.98073
2543,7,-0.512297,0.999919,0.523586,-0.0556507,0.00210762,-0.998445,0.00246547,-1.09311,0.00537178,-0.0436527,0.0291662,-10.821,0.0349028,-0.0121886,-0.464021,0.961341,-0.0123545,-0.464076,0.961315,0.0034307,-2.1898,0.523571,0.00342402,-2.18975,0.523568,-0.0794754,-14.849,17.4369,-0.0765196,-14.8499,17.4365,0.178029,-1.44414,-4.73747,0.18159,-1.44381,-4.73744,0.724683,-13,21,0.734785,-13,21,-0.19509,-0.446581,-5.56397,-0.194461,-0.45071,-5.56494
2544,7,-0.51339,0.999924,0.523538,-0.0610512,0.00211084,-0.998129,0.00246138,-1.09406,0.00537273,-0.0536767,0.0288654,-10.818,0.034796,-0.0122375,-0.47895,0.978762,-0.0124,-0.479005,0.978736,0.00360687,-2.19124,0.518977,0.00360351,-2.19119,0.518974,-0.0183637,-15.0088,17.4045,-0.014463,-15.0098,17.4041,0.174309,-1.43335,-4.45123,0.177389,-1.43352,-4.4513,0.731317,-13,21,0.741272,-13,21,-0.205842,-0.360283,-5.17292,-0.205441,-0.364448,-5.17389
2545,7,-0.514485,0.99993,0.523479,-0.0664477,0.00211396,-0.997785,0.00245737,-1.09496,0.00537316,-0.0638024,0.0285523,-10.8119,0.0346667,-0.0122262,-0.494031,0.996152,-0.0123843,-0.494088,0.996125,0.00377868,-2.19266,0.514661,0.00377817,-2.19261,0.514658,0.0410656,-15.1538,17.3754,0.0458266,-15.1549,17.375,0.169305,-1.40318,-4.1794,0.171922,-1.4038,-4.17956,0.734252,-13,21,0.744002,-13,21,-0.216412,-0.273958,-4.80537,-0.216211,-0.278128,-4.80634
2546,7,-0.51558,0.999935,0.52341,-0.0718386,0.00211696,-0.997411,0.00245344,-1.0958,0.0053731,-0.0740193,0.0282314,-10.8031,0.0345174,-0.0121565,-0.509251,1.01351,-0.0123095,-0.509309,1.01349,0.00394488,-2.19404,0.510611,0.00394677,-2.19399,0.510608,0.0982644,-15.2855,17.3492,0.103793,-15.2867,17.3488,0.163112,-1.3565,-3.92128,0.16529,-1.35752,-3.92153,0.733571,-13,21,0.743061,-13,21,-0.226721,-0.188862,-4.46015,-0.22669,-0.193009,-4.46111
2547,7,-0.516676,0.99994,0.523331,-0.0772224,0.00211985,-0.997009,0.0024496,-1.09659,0.00537257,-0.0843172,0.027907,-10.7921,0.0343506,-0.012031,-0.524596,1.03085,-0.0121782,-0.524655,1.03082,0.00410435,-2.19536,0.506812,0.00410822,-2.19532,0.506809,0.152747,-15.4056,17.3256,0.158945,-15.4069,17.3252,0.15583,-1.29597,-3.67623,0.1576,-1.29733,-3.67656,0.729391,-13,21,0.738572,-13,21,-0.236693,-0.106072,-4.13612,-0.236806,-0.110169,-4.13707
2548,7,-0.517773,0.999946,0.523241,-0.082598,0.00212262,-0.996578,0.00244584,-1.09732,0.00537161,-0.0946864,0.0275823,-10.7794,0.0341683,-0.0118526,-0.540057,1.04817,-0.0119933,-0.540117,1.04814,0.00425605,-2.19662,0.503252,0.0042615,-2.19658,0.503248,0.204088,-15.5152,17.3042,0.210854,-15.5166,17.3038,0.147566,-1.22402,-3.44365,0.148959,-1.22568,-3.44405,0.72186,-13,21,0.73069,-13,21,-0.246261,-0.0264976,-3.83222,-0.246493,-0.0305232,-3.83314
2549,7,-0.518871,0.999951,0.523141,-0.0879646,0.00212526,-0.996118,0.00244217,-1.098,0.00537026,-0.105117,0.0272604,-10.7653,0.0339728,-0.0116246,-0.555622,1.06546,-0.0117583,-0.555684,1.06543,0.00439905,-2.19781,0.499919,0.00440572,-2.19776,0.499915,0.251922,-15.6156,17.2848,0.259151,-15.6171,17.2845,0.138428,-1.14291,-3.223,0.139479,-1.1448,-3.22346,0.711155,-13,21,0.719596,-13,21,-0.255363,0.049102,-3.54743,-0.25569,0.0451671,-3.54832
2550,7,-0.519969,0.999956,0.523031,-0.0933214,0.00212777,-0.995631,0.00243858,-1.09861,0.00536858,-0.115602,0.0269437,-10.7503,0.0337657,-0.0113507,-0.571284,1.08274,-0.0114769,-0.571347,1.08271,0.00453253,-2.19891,0.496801,0.00454009,-2.19887,0.496796,0.295941,-15.7078,17.2672,0.303529,-15.7095,17.2669,0.128529,-1.05467,-3.01377,0.129273,-1.05676,-3.01428,0.697475,-13,21,0.705496,-13,21,-0.263943,0.12011,-3.28076,-0.264343,0.116282,-3.28162
2551,7,-0.521068,0.999962,0.52291,-0.0986678,0.00213014,-0.995115,0.00243507,-1.09917,0.00536661,-0.126131,0.0266339,-10.7346,0.0335489,-0.0110347,-0.587034,1.1,-0.0111533,-0.587099,1.09997,0.00465578,-2.19991,0.493886,0.00466396,-2.19988,0.493881,0.335891,-15.7929,17.2511,0.343736,-15.7947,17.2508,0.11798,-0.961165,-2.81546,0.118455,-0.963401,-2.81601,0.681039,-13,21,0.688616,-13,21,-0.271952,0.186037,-3.03129,-0.272406,0.182329,-3.03211
2552,7,-0.522168,0.999967,0.522779,-0.104004,0.00213238,-0.994572,0.00243163,-1.09966,0.00536441,-0.136696,0.0263327,-10.7185,0.0333239,-0.010681,-0.602866,1.11724,-0.0107916,-0.602933,1.11721,0.00476822,-2.20083,0.491164,0.00477675,-2.20079,0.491158,0.371574,-15.8716,17.2364,0.379575,-15.8735,17.2361,0.106896,-0.864074,-2.62763,0.107138,-0.866411,-2.62822,0.662084,-13,21,0.669198,-13,21,-0.279347,0.246512,-2.79812,-0.279837,0.242933,-2.7989
2553,7,-0.523268,0.999973,0.522637,-0.109328,0.00213448,-0.994,0.00242826,-1.10009,0.00536204,-0.147291,0.0260412,-10.7023,0.033092,-0.0102938,-0.618775,1.13447,-0.0103964,-0.618843,1.13444,0.00486936,-2.20164,0.488626,0.00487804,-2.20161,0.488619,0.402843,-15.9447,17.2229,0.410905,-15.9467,17.2226,0.0953873,-0.764901,-2.44984,0.0954336,-0.767298,-2.45046,0.64086,-13,21,0.647498,-13,21,-0.286093,0.301269,-2.5804,-0.286605,0.297828,-2.58113
2554,7,-0.524368,0.999978,0.522484,-0.114642,0.00213644,-0.993402,0.00242497,-1.10046,0.00535954,-0.157908,0.02576,-10.6862,0.0328543,-0.00987757,-0.634753,1.15169,-0.00997213,-0.634824,1.15166,0.00495884,-2.20236,0.48626,0.00496748,-2.20232,0.486253,0.429601,-16.0129,17.2105,0.437632,-16.015,17.2102,0.0835651,-0.664986,-2.2817,0.083451,-0.667406,-2.28233,0.617628,-13,21,0.623784,-13,21,-0.292162,0.350138,-2.3773,-0.292682,0.346839,-2.37798
2555,7,-0.525468,0.999983,0.522321,-0.119944,0.00213825,-0.992775,0.00242174,-1.10076,0.00535699,-0.16854,0.0254897,-10.6705,0.032612,-0.00943687,-0.650798,1.16889,-0.00952346,-0.650871,1.16886,0.00503639,-2.20297,0.484058,0.00504486,-2.20294,0.48405,0.451799,-16.0767,17.199,0.459714,-16.0789,17.1987,0.0715357,-0.565515,-2.1228,0.0712955,-0.567925,-2.12345,0.592654,-13,21,0.598328,-13,21,-0.29753,0.393035,-2.18804,-0.298049,0.38988,-2.18867
2556,7,-0.526569,0.999989,0.522147,-0.125235,0.00213992,-0.992122,0.00241856,-1.101,0.00535443,-0.179181,0.0252305,-10.6552,0.0323659,-0.00897626,-0.666905,1.18608,-0.00905502,-0.66698,1.18605,0.00510186,-2.20349,0.48201,0.00511004,-2.20346,0.482001,0.469435,-16.1366,17.1883,0.477155,-16.1389,17.188,0.0594018,-0.467528,-1.97278,0.0590685,-0.469897,-1.97343,0.566212,-13,21,0.571408,-13,21,-0.302183,0.42995,-2.01186,-0.302691,0.42694,-2.01244
2557,7,-0.52767,0.999994,0.521963,-0.130516,0.00214143,-0.991441,0.00241545,-1.10118,0.00535191,-0.189825,0.0249825,-10.6405,0.0321168,-0.00850027,-0.68307,1.20327,-0.00857145,-0.683147,1.20324,0.00515519,-2.20391,0.480108,0.005163,-2.20388,0.480099,0.482547,-16.193,17.1783,0.490001,-16.1955,17.178,0.0472614,-0.371923,-1.83127,0.0468659,-0.374226,-1.83192,0.538575,-13,21,0.543301,-13,21,-0.306111,0.460941,-1.84803,-0.306602,0.458075,-1.84856
2558,7,-0.528772,0.999999,0.521767,-0.135785,0.00214279,-0.990733,0.00241239,-1.1013,0.00534951,-0.200467,0.0247455,-10.6266,0.0318653,-0.00801338,-0.699289,1.22044,-0.00807728,-0.699369,1.22041,0.00519642,-2.20423,0.478343,0.00520383,-2.20421,0.478333,0.491218,-16.2464,17.169,0.498341,-16.249,17.1687,0.0352073,-0.279474,-1.69793,0.0347783,-0.281687,-1.69857,0.510016,-13,21,0.514287,-13,21,-0.309311,0.486125,-1.69587,-0.30978,0.483398,-1.69635
2559,7,-0.529873,1,0.521562,-0.141044,0.002144,-0.989998,0.00240937,-1.10135,0.00534726,-0.211101,0.0245192,-10.6135,0.0316119,-0.00751999,-0.715561,1.23761,-0.00757695,-0.715644,1.23758,0.00522569,-2.20447,0.476708,0.00523266,-2.20445,0.476698,0.495567,-16.2971,17.1602,0.502303,-16.2998,17.1599,0.0233262,-0.190828,-1.57243,0.0228901,-0.192933,-1.57306,0.480803,-13,21,0.484637,-13,21,-0.311785,0.505667,-1.5547,-0.31223,0.503076,-1.55513
2560,7,-0.530974,1.00001,0.521345,-0.146293,0.00214506,-0.989236,0.00240641,-1.10135,0.00534522,-0.221723,0.0243032,-10.6014,0.0313571,-0.00702433,-0.731882,1.25476,-0.00707478,-0.731968,1.25473,0.0052432,-2.20462,0.475195,0.00524975,-2.2046,0.475184,0.495751,-16.3453,17.1519,0.50205,-16.3481,17.1516,0.0116988,-0.106524,-1.45443,0.0112794,-0.108504,-1.45504,0.4512,-13,21,0.454617,-13,21,-0.313541,0.519776,-1.42389,-0.31396,0.517314,-1.42426
2561,7,-0.532076,1.00002,0.521118,-0.151532,0.00214596,-0.988447,0.00240348,-1.10129,0.00534343,-0.232329,0.0240972,-10.5902,0.031101,-0.00653048,-0.74825,1.27191,-0.00657486,-0.748339,1.27188,0.00524925,-2.20468,0.473796,0.00525539,-2.20467,0.473784,0.491956,-16.3913,17.144,0.497779,-16.3942,17.1437,0.000399078,-0.0269943,-1.34362,1.75E-05,-0.0288378,-1.34421,0.42146,-13,21,0.424487,-13,21,-0.314592,0.528697,-1.30281,-0.314985,0.526358,-1.30314
2562,7,-0.533177,1.00002,0.520881,-0.156761,0.00214669,-0.987631,0.0024006,-1.10117,0.00534193,-0.242913,0.0239005,-10.5801,0.0308441,-0.0060423,-0.764664,1.28905,-0.00608112,-0.764755,1.28902,0.0052442,-2.20467,0.472504,0.00524999,-2.20466,0.472492,0.484403,-16.4352,17.1365,0.489715,-16.4383,17.1362,-0.0105058,0.0474238,-1.23969,-0.0108313,0.0457264,-1.24026,0.391829,-13,21,0.394492,-13,21,-0.314955,0.532702,-1.19089,-0.315324,0.530478,-1.19117
2563,7,-0.534278,1.00003,0.520632,-0.161981,0.00214727,-0.986789,0.00239776,-1.10099,0.00534077,-0.253473,0.0237127,-10.5711,0.0305863,-0.00556343,-0.78112,1.30618,-0.0055972,-0.781215,1.30615,0.00522847,-2.20459,0.471313,0.00523397,-2.20458,0.4713,0.473336,-16.4773,17.1294,0.478112,-16.4805,17.129,-0.0209556,0.116481,-1.14234,-0.0212096,0.114936,-1.14288,0.362538,-13,21,0.364867,-13,21,-0.314652,0.532089,-1.08756,-0.314999,0.529971,-1.08779
2564,7,-0.535379,1.00003,0.520374,-0.167193,0.00214769,-0.985919,0.00239494,-1.10076,0.00533998,-0.264006,0.0235331,-10.5631,0.0303278,-0.00509725,-0.797617,1.32331,-0.00512652,-0.797715,1.32328,0.00520254,-2.20444,0.470216,0.00520783,-2.20443,0.470203,0.459023,-16.5177,17.1225,0.463245,-16.521,17.1222,-0.0308972,0.180008,-1.05128,-0.0310671,0.17862,-1.05178,0.333806,-13,21,0.335832,-13,21,-0.313708,0.527172,-0.992277,-0.314038,0.525151,-0.992465
2565,7,-0.536479,1.00004,0.520104,-0.172396,0.00214794,-0.985022,0.00239217,-1.10048,0.00533958,-0.274508,0.0233613,-10.5562,0.0300685,-0.00464686,-0.814155,1.34043,-0.0046722,-0.814256,1.3404,0.00516695,-2.20424,0.469207,0.00517211,-2.20422,0.469194,0.441755,-16.5565,17.116,0.445412,-16.5599,17.1156,-0.0402847,0.237908,-0.966214,-0.0403607,0.236678,-0.966687,0.305835,-13,21,0.307591,-13,21,-0.312152,0.518277,-0.904532,-0.31247,0.516345,-0.904679
2566,7,-0.53758,1.00004,0.519825,-0.177591,0.00214802,-0.984099,0.00238942,-1.10015,0.00533962,-0.284976,0.0231966,-10.5504,0.0298085,-0.00421507,-0.83073,1.35754,-0.00423703,-0.830834,1.35751,0.00512227,-2.20397,0.468281,0.00512741,-2.20396,0.468267,0.421836,-16.5937,17.1097,0.424926,-16.5973,17.1093,-0.0490789,0.29015,-0.886865,-0.0490541,0.289076,-0.887306,0.278812,-13,21,0.280332,-13,21,-0.310017,0.50574,-0.823832,-0.310327,0.503886,-0.82394
2567,7,-0.53868,1.00005,0.519535,-0.182779,0.00214794,-0.983149,0.00238671,-1.09978,0.00534011,-0.295409,0.0230385,-10.5456,0.0295477,-0.00380435,-0.847341,1.37465,-0.00382351,-0.84745,1.37461,0.0050691,-2.20366,0.467431,0.00507432,-2.20365,0.467416,0.399588,-16.6296,17.1036,0.402111,-16.6332,17.1032,-0.057248,0.336759,-0.81296,-0.0571179,0.335839,-0.813368,0.252904,-13,21,0.254222,-13,21,-0.307336,0.489898,-0.749709,-0.307644,0.488113,-0.74978
2568,7,-0.539779,1.00005,0.519234,-0.187959,0.00214769,-0.982172,0.00238402,-1.09936,0.00534107,-0.305804,0.0228867,-10.5419,0.029286,-0.00341689,-0.863988,1.39175,-0.0034338,-0.8641,1.39171,0.0050081,-2.2033,0.466652,0.0050135,-2.20329,0.466637,0.375338,-16.664,17.0978,0.377304,-16.6677,17.0973,-0.0647667,0.377812,-0.744231,-0.0645295,0.377043,-0.744606,0.228261,-13,21,0.229411,-13,21,-0.304146,0.471091,-0.681716,-0.304459,0.469366,-0.681753
2569,7,-0.540878,1.00006,0.518923,-0.193133,0.00214727,-0.981167,0.00238136,-1.0989,0.00534252,-0.316159,0.0227405,-10.5391,0.0290232,-0.00305451,-0.880669,1.40884,-0.00306973,-0.880784,1.40881,0.00493991,-2.2029,0.46594,0.0049456,-2.2029,0.465925,0.349425,-16.6971,17.0922,0.350847,-16.7009,17.0917,-0.0716164,0.413433,-0.680417,-0.0712726,0.412807,-0.680759,0.205013,-13,21,0.206028,-13,21,-0.300486,0.449654,-0.619428,-0.30081,0.447979,-0.619434
2570,7,-0.541977,1.00006,0.518602,-0.1983,0.00214668,-0.980136,0.00237873,-1.0984,0.00534446,-0.326474,0.0225996,-10.5373,0.0287593,-0.0027187,-0.897382,1.42593,-0.00273276,-0.897501,1.4259,0.00486521,-2.20248,0.465289,0.00487129,-2.20247,0.465273,0.322185,-16.7289,17.0868,0.323083,-16.7328,17.0862,-0.0777848,0.44378,-0.621264,-0.0773371,0.443292,-0.621573,0.183271,-13,21,0.184184,-13,21,-0.296394,0.425916,-0.562442,-0.296736,0.424284,-0.56242
2571,7,-0.543075,1.00007,0.51827,-0.203461,0.00214591,-0.979078,0.00237613,-1.09787,0.0053469,-0.336747,0.0224637,-10.5363,0.0284939,-0.00241063,-0.914126,1.44302,-0.00242404,-0.914249,1.44298,0.00478468,-2.20202,0.464695,0.00479126,-2.20201,0.464679,0.293958,-16.7595,17.0816,0.294356,-16.7634,17.081,-0.0832658,0.469049,-0.566523,-0.0827187,0.468691,-0.566801,0.163122,-13,21,0.163966,-13,21,-0.291912,0.4002,-0.510375,-0.292277,0.398601,-0.510326
2572,7,-0.544173,1.00007,0.517928,-0.208616,0.00214497,-0.977992,0.00237355,-1.09731,0.00534985,-0.346977,0.0223324,-10.5362,0.0282271,-0.00213112,-0.9309,1.4601,-0.00214436,-0.931027,1.46006,0.00469902,-2.20154,0.464154,0.00470619,-2.20154,0.464138,0.265078,-16.7888,17.0766,0.265003,-16.7928,17.0759,-0.0880588,0.48946,-0.515954,-0.0874187,0.489223,-0.516202,0.144638,-13,21,0.145442,-13,21,-0.287081,0.372815,-0.462864,-0.287476,0.371241,-0.462791
2573,7,-0.54527,1.00008,0.517576,-0.213766,0.00214385,-0.97688,0.002371,-1.09672,0.0053533,-0.357163,0.0222055,-10.5369,0.0279585,-0.00188064,-0.947703,1.47717,-0.00189418,-0.947834,1.47713,0.0046089,-2.20104,0.463661,0.00461676,-2.20104,0.463645,0.235872,-16.8168,17.0718,0.235356,-16.8209,17.0711,-0.0921687,0.505256,-0.469322,-0.0914435,0.505132,-0.469541,0.127867,-13,21,0.128662,-13,21,-0.281941,0.34406,-0.419565,-0.282372,0.342504,-0.419471
2574,7,-0.546366,1.00008,0.517214,-0.21891,0.00214255,-0.97574,0.00236847,-1.0961,0.00535726,-0.367305,0.0220828,-10.5383,0.0276882,-0.00165938,-0.964533,1.49424,-0.00167364,-0.964669,1.4942,0.00451502,-2.20053,0.463213,0.00452364,-2.20053,0.463197,0.206657,-16.8437,17.0671,0.205732,-16.8478,17.0664,-0.0956054,0.516698,-0.4264,-0.0948042,0.516678,-0.426591,0.112838,-13,21,0.113651,-13,21,-0.276534,0.314218,-0.380153,-0.277006,0.312673,-0.380042
2575,7,-0.547462,1.00009,0.516841,-0.224049,0.00214107,-0.974573,0.00236597,-1.09546,0.0053617,-0.377404,0.0219642,-10.5404,0.0274158,-0.00146718,-0.98139,1.51131,-0.00148255,-0.981529,1.51127,0.00441802,-2.20001,0.462807,0.00442748,-2.20001,0.46279,0.177734,-16.8694,17.0627,0.176438,-16.8735,17.062,-0.0983834,0.524062,-0.386967,-0.0975164,0.524136,-0.387132,0.0995625,-13,21,0.100418,-13,21,-0.270901,0.28356,-0.344325,-0.271418,0.282019,-0.344196
2576,7,-0.548557,1.0001,0.516459,-0.229183,0.00213941,-0.973378,0.00236349,-1.0948,0.00536663,-0.387459,0.0218495,-10.5431,0.0271414,-0.00130362,-0.998271,1.52837,-0.00132045,-0.998415,1.52833,0.00431857,-2.19949,0.462438,0.00432892,-2.19948,0.462421,0.149389,-16.8939,17.0585,0.147761,-16.8981,17.0577,-0.100521,0.527629,-0.350811,-0.0995994,0.527789,-0.350951,0.0880308,-13,21,0.0889532,-13,21,-0.265081,0.252337,-0.31179,-0.265649,0.250794,-0.311647
2577,7,-0.549651,1.0001,0.516066,-0.23431,0.00213753,-0.972157,0.00236111,-1.09331,0.00537482,-0.397741,0.0214652,-10.5402,0.0266704,-0.00114597,-1.01507,1.54534,-0.00116398,-1.01521,1.5453,0.00421123,-2.19896,0.462105,0.00422289,-2.19895,0.462088,0.165919,-16.6957,16.8878,0.165197,-16.6979,16.8854,-0.114151,0.534209,-0.315349,-0.112469,0.534382,-0.315476,0.0782172,-12.1037,21,0.0792272,-12.0951,21,-0.259114,0.220786,-0.282279,-0.259735,0.219237,-0.282124
2578,7,-0.550743,1.00011,0.515664,-0.239428,0.00213539,-0.970909,0.00235895,-1.09107,0.00538545,-0.408071,0.0209078,-10.5303,0.0260308,-0.000957543,-1.03158,1.56213,-0.000975675,-1.03172,1.56209,0.00408535,-2.19842,0.461806,0.00409923,-2.19841,0.461789,0.210926,-16.3237,16.6961,0.211402,-16.3248,16.6936,-0.137611,0.54567,-0.281394,-0.134841,0.545797,-0.281539,0.0687579,-11.096,21,0.0698385,-11.0872,21,-0.252674,0.188931,-0.255632,-0.253373,0.187371,-0.255467
2579,7,-0.551833,1.00011,0.51525,-0.244533,0.00213294,-0.969636,0.00235709,-1.0882,0.00539844,-0.418388,0.0202867,-10.5149,0.0252884,-0.000715255,-1.04765,1.57874,-0.000732262,-1.04779,1.5787,0.00393321,-2.19786,0.461541,0.00395038,-2.19786,0.461524,0.27365,-15.8151,16.5289,0.275425,-15.8152,16.5266,-0.166674,0.560193,-0.248628,-0.162861,0.56022,-0.248801,0.0574526,-10.1055,21,0.0585405,-10.0965,21,-0.245121,0.156535,-0.231763,-0.245954,0.154966,-0.231586
2580,7,-0.552919,1.00012,0.514827,-0.249622,0.00213016,-0.968338,0.00235553,-1.08482,0.00541325,-0.428684,0.0196408,-10.4955,0.0244763,-0.000404668,-1.06315,1.5952,-0.000419257,-1.0633,1.59516,0.00375103,-2.19729,0.461308,0.00377246,-2.19729,0.461291,0.347524,-15.1922,16.3918,0.350585,-15.1915,16.3897,-0.197696,0.57584,-0.217467,-0.19299,0.57572,-0.217677,0.0429153,-9.1413,21,0.0439357,-9.13233,21,-0.235993,0.123359,-0.210562,-0.237023,0.121786,-0.210373
2581,7,-0.554002,1.00012,0.514393,-0.254695,0.00212701,-0.967016,0.00235432,-1.08103,0.00542936,-0.438961,0.0189924,-10.4739,0.0236184,-1.75E-05,-1.07798,1.61154,-2.84E-05,-1.07813,1.61149,0.00353828,-2.19671,0.461106,0.00356477,-2.19671,0.461088,0.426852,-14.4747,16.2837,0.431111,-14.4733,16.2818,-0.227796,0.590798,-0.188158,-0.222379,0.590499,-0.188411,0.0242801,-8.21108,21,0.0251554,-8.20213,21,-0.225062,0.0892778,-0.191918,-0.226347,0.0877074,-0.191714
2582,7,-0.555081,1.00013,0.513949,-0.259751,0.00212349,-0.965671,0.00235343,-1.07693,0.00544626,-0.44922,0.0183573,-10.4513,0.0227346,0.000449131,-1.09206,1.62778,0.000442989,-1.09221,1.62773,0.00329698,-2.19611,0.460931,0.00332915,-2.19611,0.460913,0.50637,-13.6808,16.2021,0.511685,-13.6789,16.2004,-0.254793,0.603556,-0.160954,-0.248859,0.603055,-0.161253,0.00104881,-7.32107,21,0.00170456,-7.31219,21,-0.212297,0.0542787,-0.175693,-0.213886,0.0527208,-0.17547
2583,7,-0.556156,1.00013,0.513495,-0.264788,0.0021196,-0.964301,0.00235287,-1.0726,0.00546355,-0.459466,0.0177472,-10.4289,0.0218411,0.000992953,-1.10531,1.64396,0.000992563,-1.10546,1.6439,0.00303102,-2.19551,0.460783,0.00306929,-2.1955,0.460764,0.581274,-12.828,16.1445,0.587464,-12.8256,16.143,-0.277127,0.61289,-0.136039,-0.270868,0.612178,-0.136384,-0.0269479,-6.4764,21,-0.0265793,-6.46762,21,-0.197819,0.018448,-0.161728,-0.199749,0.0169142,-0.161484
2584,7,-0.557227,1.00014,0.51303,-0.269808,0.00211532,-0.962909,0.00235263,-1.06812,0.00548087,-0.469698,0.0171707,-10.4077,0.0209516,0.00160724,-1.11769,1.66008,0.00161338,-1.11784,1.66003,0.00274558,-2.19489,0.460658,0.00279017,-2.19489,0.460639,0.647309,-11.9324,16.108,0.654171,-11.9297,16.1066,-0.293769,0.617866,-0.113547,-0.287366,0.616944,-0.11394,-0.0595772,-5.68114,21,-0.0595538,-5.67249,21,-0.181861,-0.0180454,-0.149849,-0.184157,-0.0195428,-0.149578
2585,7,-0.558292,1.00014,0.512555,-0.27481,0.00211065,-0.961493,0.00235269,-1.06355,0.00549792,-0.479918,0.0166345,-10.3884,0.0200775,0.00228134,-1.12917,1.67618,0.00229456,-1.1293,1.67613,0.00244662,-2.19427,0.460554,0.00249761,-2.19427,0.460535,0.700876,-11.009,16.0899,0.708195,-11.0061,16.0886,-0.304143,0.617825,-0.0935608,-0.297763,0.616704,-0.0939983,-0.0964347,-4.93833,21,-0.0968028,-4.92983,21,-0.164735,-0.054968,-0.139865,-0.16741,-0.0564165,-0.139565
2586,7,-0.559354,1.00015,0.51207,-0.279797,0.00210561,-0.960054,0.00235303,-1.05896,0.00551448,-0.490124,0.0161433,-10.3716,0.019228,0.00300132,-1.13971,1.69227,0.00302199,-1.13984,1.69221,0.00214052,-2.19366,0.460469,0.0021978,-2.19366,0.46045,0.739098,-10.0718,16.0875,0.746657,-10.0687,16.0864,-0.30805,0.612364,-0.076112,-0.301844,0.611062,-0.0765902,-0.13688,-4.25008,21,-0.137674,-4.24175,21,-0.146797,-0.0920388,-0.131581,-0.149856,-0.0934259,-0.131248
2587,7,-0.56041,1.00016,0.511575,-0.284768,0.00210019,-0.958591,0.00235364,-1.05439,0.00553037,-0.500313,0.0157006,-10.3576,0.0184108,0.00375081,-1.14931,1.70836,0.00377905,-1.14944,1.70831,0.0018337,-2.19305,0.460401,0.00189703,-2.19305,0.460381,0.759878,-9.13306,16.0984,0.767463,-9.12993,16.0973,-0.305594,0.601312,-0.0611857,-0.299696,0.599856,-0.0616991,-0.180079,-3.61766,21,-0.181319,-3.6095,21,-0.128431,-0.128944,-0.124794,-0.131868,-0.130259,-0.124424
2588,7,-0.561462,1.00016,0.51107,-0.289726,0.00209441,-0.957104,0.00235448,-1.04991,0.00554546,-0.51048,0.0153086,-10.3467,0.0176315,0.00451171,-1.15798,1.72447,0.00454744,-1.15811,1.72441,0.00153234,-2.19246,0.460346,0.00160136,-2.19246,0.460325,0.761909,-8.20399,16.12,0.769321,-8.20082,16.119,-0.297126,0.584707,-0.0487246,-0.291651,0.583129,-0.0492664,-0.225049,-3.04151,21,-0.226743,-3.03354,21,-0.110022,-0.165355,-0.119302,-0.113822,-0.166586,-0.118893
2589,7,-0.56251,1.00017,0.510554,-0.294672,0.00208828,-0.955593,0.00235553,-1.04554,0.00555968,-0.520621,0.0149686,-10.3389,0.0168948,0.00526499,-1.16573,1.74061,0.00530796,-1.16585,1.74055,0.00124219,-2.19188,0.460302,0.00131642,-2.19189,0.460281,0.744665,-7.29437,16.1503,0.751719,-7.2912,16.1494,-0.283177,0.562766,-0.038634,-0.278224,0.561101,-0.0391964,-0.270702,-2.5214,21,-0.272846,-2.51362,21,-0.0919405,-0.200935,-0.114906,-0.0960816,-0.202076,-0.114454
2590,7,-0.563554,1.00017,0.510028,-0.299607,0.00208179,-0.954057,0.00235682,-1.04131,0.00557127,-0.530931,0.0145373,-10.3368,0.0161329,0.0059992,-1.17256,1.75671,0.00604897,-1.17268,1.75665,0.000969309,-2.19134,0.460267,0.0010484,-2.19134,0.460245,0.723742,-6.37323,16.0432,0.73029,-6.37093,16.0452,-0.262586,0.53339,-0.0314168,-0.257815,0.531622,-0.0319678,-0.3159,-2.05645,20.7513,-0.318478,-2.04886,20.7561,-0.0745314,-0.23536,-0.111411,-0.0789854,-0.236403,-0.110915
2591,7,-0.564593,1.00018,0.509492,-0.304537,0.00207493,-0.952495,0.00235845,-1.03725,0.00557766,-0.54212,0.0137659,-10.3495,0.015207,0.0067361,-1.17841,1.77238,0.00679279,-1.17853,1.77232,0.000723346,-2.19082,0.460237,0.000807717,-2.19083,0.460214,0.750062,-5.32488,15.309,0.757366,-5.32288,15.312,-0.22934,0.488387,-0.0291019,-0.223558,0.486437,-0.0296358,-0.359952,-1.64642,19.4635,-0.362938,-1.639,19.4683,-0.0581586,-0.268244,-0.108609,-0.0629042,-0.269185,-0.108069
2592,7,-0.565628,1.00018,0.508944,-0.309467,0.00206769,-0.950905,0.00236052,-1.03348,0.00558128,-0.553539,0.0130837,-10.3693,0.014389,0.0074895,-1.18324,1.78726,0.0075537,-1.18336,1.78721,0.00051376,-2.19036,0.460208,0.000604164,-2.19037,0.460185,0.756752,-4.33165,14.447,0.764438,-4.32972,14.4502,-0.189832,0.436143,-0.0294546,-0.18355,0.434011,-0.0300291,-0.404166,-1.29548,18.2095,-0.407568,-1.28818,18.2141,-0.0434008,-0.298897,-0.106189,-0.048463,-0.299726,-0.105605
2593,7,-0.56666,1.00019,0.508385,-0.314398,0.0020601,-0.949286,0.00236295,-1.03003,0.00558298,-0.565004,0.0125524,-10.3934,0.0137112,0.00823314,-1.18712,1.80128,0.00830491,-1.18724,1.80123,0.000345191,-2.18995,0.460177,0.0004418,-2.18997,0.460153,0.730511,-3.43861,13.587,0.737993,-3.43665,13.5901,-0.147307,0.379994,-0.0317548,-0.141178,0.377697,-0.0323673,-0.44937,-1.00578,17.0192,-0.453222,-0.998605,17.0236,-0.0308256,-0.326633,-0.103846,-0.0362498,-0.32734,-0.103218
2594,7,-0.567688,1.00019,0.507814,-0.319334,0.00205222,-0.947637,0.00236567,-1.02689,0.00558318,-0.576451,0.0121532,-10.4205,0.0131529,0.00893476,-1.19017,1.81445,0.00901368,-1.19028,1.8144,0.000219573,-2.1896,0.460143,0.000321993,-2.18962,0.460119,0.672738,-2.65355,12.7616,0.679544,-2.65153,12.7646,-0.103929,0.321835,-0.0355034,-0.0984351,0.319421,-0.0361526,-0.493988,-0.772677,15.8979,-0.498295,-0.765614,15.902,-0.0207114,-0.351118,-0.101398,-0.026508,-0.351691,-0.100722
2595,7,-0.568714,1.0002,0.507232,-0.324274,0.00204405,-0.945958,0.00236859,-1.02404,0.0055822,-0.587853,0.0118565,-10.4494,0.0126867,0.00956555,-1.19248,1.82682,0.00965078,-1.1926,1.82678,0.000136942,-2.18931,0.460105,0.000244391,-2.18933,0.460081,0.588848,-1.97357,11.9777,0.594663,-1.97145,11.9804,-0.0613317,0.263122,-0.0403245,-0.0567687,0.260654,-0.0409993,-0.536086,-0.589912,14.8439,-0.540821,-0.582969,14.8478,-0.0131744,-0.372172,-0.0987077,-0.0193196,-0.372605,-0.0979815
2596,7,-0.569737,1.00021,0.506638,-0.329219,0.00203563,-0.944249,0.00237167,-1.02147,0.00558029,-0.599192,0.0116371,-10.4795,0.0122887,0.0101026,-1.19416,1.83843,0.010193,-1.19428,1.83838,9.59E-05,-2.18908,0.460062,0.000207357,-2.1891,0.460037,0.485163,-1.3923,11.2353,0.489806,-1.39008,11.2378,-0.0207785,0.205093,-0.0458754,-0.0172992,0.202636,-0.046563,-0.573933,-0.451098,13.8543,-0.579047,-0.44428,13.858,-0.00821655,-0.389721,-0.0956746,-0.0146635,-0.390007,-0.0948954
2597,7,-0.570757,1.00021,0.506033,-0.334169,0.00202697,-0.942508,0.00237487,-1.01916,0.00557768,-0.610453,0.0114757,-10.5099,0.0119402,0.0105291,-1.19531,1.84931,0.0106236,-1.19542,1.84927,9.39E-05,-2.1889,0.460013,0.000208266,-2.18892,0.459987,0.367897,-0.902154,10.5329,0.371293,-0.899823,10.5352,0.0167744,0.148813,-0.0518502,0.0191166,0.146438,-0.0525359,-0.606154,-0.350122,12.9258,-0.611581,-0.343434,12.9292,-0.00575324,-0.403768,-0.0922266,-0.0124414,-0.403906,-0.0913929
2598,7,-0.571775,1.00022,0.505417,-0.339124,0.00201809,-0.940736,0.00237816,-1.01709,0.00557458,-0.621627,0.0113585,-10.5401,0.0116266,0.0108344,-1.19601,1.85951,0.0109317,-1.19612,1.85947,0.000127592,-2.18878,0.459958,0.000243753,-2.1888,0.459932,0.24278,-0.495067,9.86877,0.244925,-0.492614,9.87084,0.0506396,0.0951921,-0.0579758,0.0518568,0.0929623,-0.058645,-0.631745,-0.281289,12.0551,-0.637414,-0.274737,12.0583,-0.00563312,-0.414385,-0.0883176,-0.012496,-0.414378,-0.087429
2599,7,-0.572791,1.00022,0.50479,-0.344084,0.002009,-0.938934,0.0023815,-1.01524,0.00557116,-0.632704,0.0112752,-10.5694,0.0113367,0.0110133,-1.19634,1.86907,0.0111121,-1.19644,1.86903,0.000193095,-2.18871,0.459898,0.000309937,-2.18873,0.45987,0.114883,-0.162858,9.24098,0.115828,-0.160278,9.24281,0.0803652,0.0449749,-0.0640148,0.0805115,0.0429507,-0.0646534,-0.650066,-0.239372,11.239,-0.655901,-0.232963,11.2421,-0.00765554,-0.421705,-0.0839245,-0.0146252,-0.42156,-0.0829818
2600,7,-0.573806,1.00023,0.504152,-0.349048,0.00199969,-0.9371,0.00238489,-1.01359,0.00556757,-0.643679,0.0112184,-10.5975,0.0110621,0.011065,-1.19637,1.87801,0.0111642,-1.19647,1.87798,0.000286129,-2.18869,0.459831,0.000402621,-2.18871,0.459802,-0.0114495,0.102555,8.6479,-0.0116186,0.105262,8.6495,0.105702,-0.00124943,-0.0697659,0.104858,-0.00301534,-0.0703607,-0.660796,-0.219634,10.4746,-0.666723,-0.213377,10.4775,-0.0115857,-0.42591,-0.0790449,-0.0185962,-0.425637,-0.0780498
2601,7,-0.574819,1.00023,0.503503,-0.354015,0.00199017,-0.935235,0.00238831,-1.01214,0.00556393,-0.654547,0.0111825,-10.6241,0.0107958,0.0109929,-1.19616,1.88638,0.0110915,-1.19626,1.88635,0.000402267,-2.18871,0.459758,0.000517467,-2.18874,0.45973,-0.13262,0.309001,8.08798,-0.133793,0.311832,8.08937,0.126574,-0.0430439,-0.0750636,0.124833,-0.0445063,-0.0756027,-0.663899,-0.217825,9.75908,-0.669849,-0.211726,9.76184,-0.0171677,-0.427222,-0.0736937,-0.0241573,-0.426835,-0.0726493
2602,7,-0.57583,1.00024,0.502843,-0.358984,0.00198045,-0.933339,0.00239175,-1.01085,0.00556037,-0.665307,0.0111635,-10.6488,0.0105327,0.0108038,-1.19578,1.8942,0.0109006,-1.19587,1.89417,0.000537077,-2.18877,0.459681,0.000650136,-2.1888,0.459652,-0.245763,0.463947,7.55976,-0.247819,0.466895,7.56094,0.143045,-0.0801133,-0.0797768,0.140507,-0.081235,-0.08025,-0.659577,-0.230172,9.08964,-0.665487,-0.224239,9.09228,-0.024136,-0.425893,-0.0679005,-0.031048,-0.42541,-0.0668107
2603,7,-0.57684,1.00024,0.502172,-0.363953,0.00197053,-0.931412,0.0023952,-1.00972,0.00555696,-0.675959,0.0111584,-10.6715,0.0102687,0.0105065,-1.19526,1.90151,0.010601,-1.19535,1.90148,0.000686244,-2.18887,0.459599,0.000796419,-2.1889,0.459569,-0.348707,0.574418,7.06186,-0.351515,0.57747,7.06286,0.15529,-0.112292,-0.0838073,0.152059,-0.113044,-0.0842059,-0.648225,-0.25336,8.46373,-0.654039,-0.247601,8.46627,-0.0322246,-0.422198,-0.0617069,-0.0390082,-0.421637,-0.0605766
2604,7,-0.57785,1.00025,0.501491,-0.368923,0.0019604,-0.929455,0.00239865,-1.00873,0.00555377,-0.686504,0.0111646,-10.6921,0.0100005,0.0101122,-1.19465,1.90834,0.0102035,-1.19474,1.90831,0.000845674,-2.18899,0.459514,0.000952323,-2.18902,0.459484,-0.439913,0.646939,6.59295,-0.443345,0.65008,6.59378,0.16357,-0.139531,-0.0870867,0.159749,-0.139892,-0.0874037,-0.630391,-0.284511,7.87887,-0.636059,-0.278932,7.88132,-0.0411746,-0.416426,-0.0551635,-0.0477852,-0.415809,-0.0539984
2605,7,-0.578858,1.00026,0.500799,-0.373891,0.00195006,-0.927468,0.00240209,-1.00786,0.00555086,-0.696944,0.0111806,-10.7106,0.0097258,0.00963304,-1.19398,1.91471,0.00972071,-1.19407,1.91468,0.00101156,-2.18914,0.459425,0.00111415,-2.18917,0.459395,-0.518413,0.687504,6.15176,-0.52234,0.690714,6.15244,0.16821,-0.161881,-0.0895739,0.163896,-0.161838,-0.0898039,-0.606732,-0.321152,7.33268,-0.612213,-0.315758,7.33505,-0.0507404,-0.408871,-0.0483278,-0.0571394,-0.408221,-0.047134
2606,7,-0.579865,1.00026,0.500097,-0.378856,0.00193951,-0.925451,0.00240553,-1.00709,0.00554827,-0.707283,0.0112048,-10.7268,0.00944267,0.00908197,-1.19329,1.92066,0.00916552,-1.19337,1.92063,0.00118046,-2.18931,0.459335,0.00127852,-2.18934,0.459304,-0.583731,0.701558,5.73705,-0.588032,0.704816,5.7376,0.169574,-0.179482,-0.091252,0.164861,-0.179027,-0.0913911,-0.577983,-0.361185,6.82289,-0.583242,-0.355982,6.8252,-0.0606939,-0.399829,-0.0412613,-0.0668488,-0.399169,-0.0400457
2607,7,-0.580872,1.00027,0.499385,-0.383817,0.00192874,-0.923404,0.00240895,-1.00642,0.00554603,-0.717526,0.0112363,-10.741,0.00914982,0.0084722,-1.19259,1.9262,0.00855132,-1.19267,1.92617,0.00134927,-2.1895,0.459243,0.00144247,-2.18953,0.459213,-0.635814,0.693998,5.34759,-0.640377,0.69728,5.34803,0.16805,-0.192543,-0.0921247,0.163024,-0.191677,-0.0921706,-0.544918,-0.402857,6.34734,-0.549931,-0.397848,6.3496,-0.0708274,-0.389588,-0.0340283,-0.0767115,-0.388943,-0.0327979
2608,7,-0.581878,1.00027,0.498662,-0.388774,0.00191777,-0.921328,0.00241235,-1.00584,0.00554416,-0.727679,0.0112743,-10.7531,0.00884637,0.00781681,-1.19191,1.93137,0.00789129,-1.19198,1.93134,0.00151531,-2.1897,0.459151,0.00160337,-2.18973,0.45912,-0.674958,0.669186,4.9822,-0.67968,0.672466,4.98255,0.164032,-0.201332,-0.0922135,0.158775,-0.20006,-0.0921653,-0.508332,-0.444724,5.90395,-0.513079,-0.439911,5.90618,-0.0809561,-0.378427,-0.0266932,-0.086548,-0.377822,-0.0254554
2609,7,-0.582884,1.00028,0.497929,-0.393724,0.00190657,-0.919224,0.00241574,-1.00532,0.00554267,-0.737745,0.0113181,-10.7633,0.00853177,0.00712847,-1.19126,1.93618,0.00719818,-1.19133,1.93615,0.00167628,-2.1899,0.459059,0.001759,-2.18993,0.459029,-0.701739,0.630963,4.63971,-0.706526,0.634215,4.63998,0.157915,-0.20616,-0.0915545,0.152501,-0.204493,-0.0914124,-0.469009,-0.48562,5.49076,-0.473477,-0.481003,5.49295,-0.0909186,-0.366611,-0.0193197,-0.096202,-0.36607,-0.018082
2610,7,-0.583889,1.00028,0.497187,-0.398667,0.00189515,-0.917091,0.00241911,-1.00486,0.00554156,-0.747733,0.0113674,-10.7718,0.00820578,0.00641912,-1.19065,1.94066,0.00648406,-1.19072,1.94063,0.00183028,-2.19011,0.458968,0.00190754,-2.19013,0.458938,-0.716948,0.582684,4.31899,-0.721719,0.585882,4.31919,0.150078,-0.207371,-0.0901953,0.144573,-0.205326,-0.089961,-0.427708,-0.524624,5.10588,-0.431891,-0.520204,5.10805,-0.100577,-0.354386,-0.011969,-0.10554,-0.353933,-0.0107389
2611,7,-0.584894,1.00029,0.496434,-0.403602,0.0018835,-0.914929,0.00242246,-1.00444,0.00554082,-0.757646,0.0114217,-10.7785,0.00786842,0.00569988,-1.19009,1.94482,0.00576009,-1.19016,1.9448,0.00197576,-2.19031,0.458879,0.0020475,-2.19034,0.458849,-0.721537,0.527242,4.01891,-0.72622,0.530362,4.01906,0.140879,-0.20533,-0.0881926,0.135344,-0.202927,-0.0878688,-0.385147,-0.561033,4.74753,-0.389044,-0.556807,4.74969,-0.109817,-0.34198,-0.00469899,-0.114452,-0.341639,-0.00348392
2612,7,-0.585898,1.00029,0.495671,-0.408528,0.00187163,-0.91274,0.00242578,-1.00406,0.00554046,-0.767491,0.011481,-10.7838,0.00751988,0.00498083,-1.1896,1.9487,0.00503643,-1.18966,1.94868,0.00211152,-2.19052,0.458792,0.00217774,-2.19054,0.458762,-0.716565,0.467109,3.73838,-0.721101,0.470126,3.7385,0.130652,-0.200413,-0.0856096,0.12514,-0.197675,-0.0851997,-0.341993,-0.594331,4.41402,-0.345606,-0.590294,4.41616,-0.118546,-0.329599,0.00243653,-0.12285,-0.329391,0.00362927
2613,7,-0.586902,1.0003,0.494899,-0.413445,0.00185952,-0.910524,0.00242909,-1.00371,0.00554044,-0.777274,0.011545,-10.7878,0.00716054,0.00427097,-1.18916,1.95231,0.00432213,-1.18922,1.95228,0.0022367,-2.19071,0.458708,0.00229744,-2.19073,0.458679,-0.703155,0.404369,3.47634,-0.707493,0.407261,3.47643,0.119702,-0.192999,-0.0825136,0.114259,-0.189952,-0.0820222,-0.29885,-0.624162,4.10373,-0.302186,-0.620309,4.10585,-0.126691,-0.317427,0.00938861,-0.130665,-0.317373,0.010552
2614,7,-0.587905,1.00031,0.494117,-0.418351,0.00184717,-0.90828,0.00243237,-1.00338,0.00554077,-0.787,0.0116137,-10.7905,0.00679086,0.00357816,-1.18879,1.95566,0.00362511,-1.18885,1.95564,0.0023507,-2.1909,0.458627,0.00240606,-2.19092,0.458599,-0.682457,0.340753,3.23176,-0.686557,0.343501,3.23182,0.108301,-0.183462,-0.0789744,0.102968,-0.180135,-0.0784066,-0.256258,-0.650306,3.81514,-0.259328,-0.64663,3.81726,-0.134202,-0.305625,0.0161135,-0.137846,-0.305744,0.0172409
2615,7,-0.588908,1.00031,0.493325,-0.423245,0.00183458,-0.90601,0.00243563,-1.00306,0.00554142,-0.796674,0.011687,-10.7922,0.00641144,0.00290913,-1.18848,1.95878,0.00295211,-1.18854,1.95876,0.0024532,-2.19108,0.45855,0.00250329,-2.19109,0.458522,-0.655615,0.277682,3.00363,-0.659447,0.280268,3.00368,0.096692,-0.172165,-0.0750624,0.0915018,-0.168588,-0.0744239,-0.21469,-0.67266,3.54681,-0.217507,-0.669153,3.54893,-0.141042,-0.294331,0.0225731,-0.144363,-0.294642,0.023658
2616,7,-0.589911,1.00032,0.492524,-0.428128,0.00182174,-0.903713,0.00243887,-1.00275,0.00554236,-0.806301,0.0117649,-10.7931,0.00602292,0.00226945,-1.18823,1.96168,0.00230874,-1.18829,1.96165,0.00254409,-2.19124,0.458477,0.00258907,-2.19125,0.45845,-0.623743,0.216295,2.79099,-0.627284,0.218705,2.79103,0.0850833,-0.159456,-0.0708471,0.080065,-0.155662,-0.0701441,-0.174548,-0.691213,3.2974,-0.177126,-0.687866,3.29951,-0.147192,-0.283662,0.0287345,-0.150197,-0.28418,0.0297713
2617,7,-0.590914,1.00032,0.491713,-0.432999,0.00180866,-0.901389,0.00244208,-1.00244,0.00554359,-0.815886,0.0118475,-10.7932,0.00562598,0.00166362,-1.18805,1.96437,0.00169953,-1.1881,1.96435,0.00262346,-2.1914,0.458409,0.00266352,-2.1914,0.458382,-0.587905,0.157487,2.5929,-0.59114,0.159709,2.59294,0.0736541,-0.145664,-0.066396,0.0688306,-0.141684,-0.0656351,-0.136167,-0.706032,3.06561,-0.138525,-0.702835,3.06772,-0.152645,-0.273714,0.0345709,-0.155344,-0.274452,0.035554
2618,7,-0.591916,1.00033,0.490892,-0.437857,0.00179532,-0.899039,0.00244527,-1.00212,0.00554507,-0.825432,0.0119347,-10.7927,0.00522132,0.00109512,-1.18792,1.96687,0.00112795,-1.18797,1.96685,0.00269156,-2.19154,0.458345,0.00272691,-2.19154,0.458319,-0.549098,0.101939,2.40848,-0.552019,0.103965,2.40852,0.0625535,-0.131095,-0.0617738,0.057943,-0.126962,-0.0609619,-0.0998175,-0.717246,2.85026,-0.101972,-0.714188,2.85236,-0.157407,-0.26456,0.0400606,-0.159811,-0.265532,0.0409851
2619,7,-0.592918,1.00033,0.490062,-0.442702,0.00178173,-0.896664,0.00244844,-1.0018,0.00554679,-0.834943,0.0120267,-10.7918,0.00480966,0.000566452,-1.18784,1.9692,0.000596518,-1.18789,1.96917,0.00274879,-2.19166,0.458285,0.00277964,-2.19165,0.45826,-0.508244,0.0501478,2.23687,-0.510849,0.0519725,2.23691,0.0519031,-0.116031,-0.0570414,0.0475193,-0.111777,-0.0561854,-0.0657074,-0.725028,2.6502,-0.0676771,-0.722098,2.6523,-0.161494,-0.256257,0.0451874,-0.163614,-0.257473,0.046049
2620,7,-0.59392,1.00034,0.489222,-0.447534,0.00176789,-0.894262,0.00245159,-1.00147,0.00554873,-0.844422,0.0121234,-10.7904,0.0043917,7.92E-05,-1.18781,1.97135,0.000106859,-1.18786,1.97133,0.00279564,-2.19177,0.458231,0.00282222,-2.19176,0.458206,-0.466178,0.00245253,2.07725,-0.46847,0.00407207,2.0773,0.0417991,-0.100727,-0.0522553,0.0376517,-0.096385,-0.0513624,-0.0339871,-0.729591,2.46439,-0.0357911,-0.726776,2.46648,-0.164927,-0.248843,0.04994,-0.166778,-0.250311,0.0507349
2621,7,-0.594921,1.00034,0.488373,-0.452351,0.00175378,-0.891835,0.00245471,-1.00112,0.00555086,-0.853873,0.012225,-10.7888,0.00396813,-0.000365672,-1.18783,1.97336,-0.000340195,-1.18788,1.97333,0.0028327,-2.19186,0.458181,0.00285526,-2.19185,0.458157,-0.423649,-0.0409414,1.92884,-0.425636,-0.0395274,1.92889,0.0323144,-0.0854134,-0.0474675,0.0284093,-0.0810137,-0.0465446,-0.00475448,-0.731169,2.29182,-0.00641151,-0.728457,2.29391,-0.167738,-0.242341,0.0543119,-0.169333,-0.244066,0.0550368
2622,7,-0.595922,1.00035,0.487514,-0.457155,0.00173941,-0.889382,0.00245781,-1.00076,0.00555317,-0.863297,0.0123315,-10.7871,0.00353959,-0.000768155,-1.18789,1.97522,-0.000744517,-1.18794,1.97519,0.0028606,-2.19194,0.458136,0.00287938,-2.19192,0.458113,-0.381316,-0.0799397,1.79091,-0.383008,-0.0787293,1.79097,0.0235011,-0.0702922,-0.0427247,0.0198411,-0.0658649,-0.0417789,0.0219403,-0.730014,2.13158,0.0204117,-0.727394,2.13367,-0.169962,-0.236756,0.0583008,-0.171315,-0.238744,0.0589531
2623,7,-0.596923,1.00036,0.486646,-0.461945,0.00172478,-0.886903,0.00246089,-1.00038,0.00555564,-0.872697,0.0124431,-10.7852,0.00310673,-0.00112869,-1.18799,1.97694,-0.0011066,-1.18803,1.97692,0.00288005,-2.192,0.458095,0.00289529,-2.19198,0.458074,-0.339745,-0.11454,1.66275,-0.341158,-0.113529,1.66281,0.0153931,-0.0555401,-0.0380689,0.0119783,-0.0511137,-0.037107,0.0460893,-0.726388,1.98279,0.044671,-0.723846,1.98487,-0.171636,-0.232085,0.0619085,-0.172763,-0.234337,0.0624861
2624,7,-0.597923,1.00036,0.485769,-0.466721,0.00170988,-0.8844,0.00246394,-0.999988,0.00555825,-0.882076,0.0125597,-10.7832,0.00267012,-0.00144827,-1.18812,1.97855,-0.00142746,-1.18816,1.97852,0.00289175,-2.19205,0.458059,0.0029037,-2.19202,0.458039,-0.29942,-0.144814,1.54371,-0.300569,-0.143996,1.54377,0.00800813,-0.0413077,-0.0335367,0.00483593,-0.0369093,-0.0325654,0.0677211,-0.720553,1.84464,0.066396,-0.718078,1.84672,-0.172803,-0.22831,0.0651403,-0.173717,-0.230828,0.0656415
2625,7,-0.598923,1.00037,0.484882,-0.471482,0.00169471,-0.881871,0.00246697,-0.999573,0.00556099,-0.891433,0.0126814,-10.7814,0.00223031,-0.00172835,-1.18828,1.98003,-0.00170857,-1.18832,1.98001,0.00289643,-2.19208,0.458028,0.00290532,-2.19205,0.458009,-0.260739,-0.170893,1.43316,-0.261642,-0.17026,1.43323,0.00135023,-0.0277215,-0.0291598,-0.00158388,-0.0233762,-0.0281852,0.0868961,-0.712773,1.71639,0.0856478,-0.710353,1.71846,-0.173505,-0.225405,0.0680045,-0.174222,-0.228187,0.0684284
2626,7,-0.599922,1.00037,0.483986,-0.476228,0.00167927,-0.879317,0.00246998,-0.99914,0.00556384,-0.900772,0.0128084,-10.7795,0.0017878,-0.00197073,-1.18846,1.98142,-0.00195174,-1.1885,1.98139,0.00289481,-2.19211,0.458001,0.00290089,-2.19207,0.457983,-0.224021,-0.192954,1.33052,-0.224697,-0.192497,1.33059,-0.00458823,-0.0148846,-0.0249648,-0.00729056,-0.0106157,-0.0239931,0.103701,-0.703302,1.59731,0.102514,-0.700925,1.59938,-0.173786,-0.223334,0.0705123,-0.174319,-0.226379,0.0708584
2627,7,-0.600921,1.00038,0.483081,-0.48096,0.00166355,-0.876737,0.00247296,-0.998688,0.0055668,-0.910092,0.0129407,-10.7778,0.00134307,-0.00217749,-1.18866,1.9827,-0.00215908,-1.1887,1.98267,0.00288761,-2.19211,0.457978,0.00289109,-2.19208,0.457961,-0.189513,-0.211209,1.23523,-0.189983,-0.210917,1.2353,-0.00982451,-0.00287829,-0.0209737,-0.0123028,0.00129294,-0.0200104,0.118244,-0.692386,1.48676,0.117104,-0.690042,1.48883,-0.173689,-0.222056,0.0726773,-0.174053,-0.225359,0.0729455
2628,7,-0.601919,1.00038,0.482166,-0.485678,0.00164756,-0.874133,0.00247591,-0.998219,0.00556985,-0.919395,0.0130783,-10.7762,0.000896522,-0.00235095,-1.18888,1.98389,-0.00233291,-1.18892,1.98386,0.0028755,-2.19211,0.457959,0.00287661,-2.19207,0.457942,-0.157397,-0.225895,1.14678,-0.157681,-0.225757,1.14684,-0.0143837,0.0082362,-0.017204,-0.0166469,0.0122905,-0.0162545,0.13065,-0.680261,1.38413,0.129545,-0.67794,1.38619,-0.173256,-0.221523,0.0745149,-0.173465,-0.225079,0.0747057
2629,7,-0.602917,1.00039,0.481242,-0.49038,0.0016313,-0.871503,0.00247884,-0.997732,0.00557297,-0.928683,0.0132214,-10.7748,0.000448553,-0.00249354,-1.18911,1.985,-0.0024757,-1.18915,1.98497,0.00285916,-2.1921,0.457943,0.00285811,-2.19205,0.457928,-0.127792,-0.237265,1.06468,-0.12791,-0.237269,1.06475,-0.018297,0.0184161,-0.013669,-0.0203548,0.0223365,-0.012738,0.141057,-0.667148,1.28885,0.139975,-0.664839,1.2909,-0.17253,-0.221684,0.076042,-0.172597,-0.225487,0.0761563
2630,7,-0.603915,1.00039,0.480308,-0.495068,0.00161476,-0.868849,0.00248175,-0.997229,0.00557617,-0.937954,0.0133701,-10.7736,-5.00E-07,-0.00260782,-1.18935,1.98602,-0.00259003,-1.18939,1.986,0.00283921,-2.19208,0.457931,0.0028362,-2.19202,0.457917,-0.100765,-0.245583,0.988489,-0.100737,-0.245715,0.98855,-0.0216002,0.0276353,-0.010378,-0.0234633,0.0314068,-0.00947013,0.149613,-0.653253,1.2004,0.148542,-0.650949,1.20244,-0.17155,-0.222483,0.0772769,-0.171487,-0.226526,0.077316
2631,7,-0.604912,1.0004,0.479366,-0.499741,0.00159794,-0.86617,0.00248462,-0.996711,0.00557942,-0.94721,0.0135242,-10.7726,-0.00045033,-0.00269637,-1.1896,1.98697,-0.00267849,-1.18964,1.98695,0.00281625,-2.19204,0.457923,0.00281147,-2.19199,0.457909,-0.0763355,-0.251115,0.917778,-0.0761817,-0.251363,0.917834,-0.0243327,0.0358828,-0.00733711,-0.0260118,0.0394926,-0.00645618,0.156469,-0.638768,1.11827,0.155402,-0.636459,1.12031,-0.170353,-0.223865,0.0782388,-0.170172,-0.228138,0.0782043
2632,7,-0.605908,1.00041,0.478414,-0.504399,0.00158085,-0.863466,0.00248747,-0.99618,0.00558274,-0.956452,0.0136841,-10.7717,-0.000900665,-0.00276178,-1.18985,1.98786,-0.00274369,-1.18989,1.98783,0.00279081,-2.192,0.457917,0.00278444,-2.19195,0.457904,-0.0544828,-0.254128,0.852155,-0.0542212,-0.254479,0.852204,-0.0265359,0.0431608,-0.00454879,-0.0280423,0.0465981,-0.00369837,0.161782,-0.623867,1.04202,0.160709,-0.621547,1.04405,-0.168975,-0.22577,0.0789474,-0.168688,-0.230265,0.0788414
2633,7,-0.606904,1.00041,0.477453,-0.509042,0.00156347,-0.860737,0.00249029,-0.995636,0.0055861,-0.96568,0.0138496,-10.7711,-0.00135127,-0.0028066,-1.19011,1.98868,-0.0027882,-1.19015,1.98866,0.00276342,-2.19196,0.457913,0.00275562,-2.1919,0.457901,-0.0351506,-0.254883,0.791254,-0.0347988,-0.255323,0.791295,-0.0282523,0.0494829,-0.00201283,-0.0295973,0.052739,-0.001196,0.165707,-0.60871,0.971221,0.164621,-0.606372,0.973252,-0.167449,-0.228142,0.0794228,-0.167066,-0.232848,0.0792475
2634,7,-0.607899,1.00042,0.476483,-0.51367,0.00154581,-0.857983,0.00249308,-0.995081,0.0055895,-0.974893,0.0140208,-10.7707,-0.00180193,-0.0028333,-1.19036,1.98944,-0.00281451,-1.1904,1.98942,0.00273453,-2.19191,0.457913,0.00272546,-2.19184,0.457901,-0.0182543,-0.253634,0.734734,-0.0178287,-0.254152,0.734766,-0.0295249,0.0548729,0.000273563,-0.0307198,0.0579412,0.00105418,0.168396,-0.593439,0.905484,0.167292,-0.591078,0.907512,-0.165805,-0.230921,0.0796853,-0.165337,-0.235828,0.0794433
2635,7,-0.608894,1.00042,0.475503,-0.518283,0.00152787,-0.855204,0.00249583,-0.994517,0.00559295,-0.984093,0.0141979,-10.7704,-0.00225246,-0.00284427,-1.19062,1.99015,-0.00282503,-1.19066,1.99013,0.00270457,-2.19185,0.457914,0.00269438,-2.19178,0.457903,-0.00368561,-0.250625,0.682278,-0.00320165,-0.251207,0.6823,-0.0303963,0.0593628,0.00231543,-0.0314523,0.0622384,0.00305762,0.169998,-0.578184,0.844445,0.168871,-0.575793,0.846469,-0.164072,-0.234052,0.0797549,-0.163528,-0.239148,0.079449
2636,7,-0.609888,1.00043,0.474515,-0.522881,0.00150964,-0.852401,0.00249856,-0.993946,0.00559642,-0.99328,0.0143808,-10.7704,-0.00270271,-0.00284177,-1.19086,1.99081,-0.00282202,-1.19091,1.99079,0.00267392,-2.19179,0.457917,0.00266273,-2.19172,0.457907,0.00868205,-0.246088,0.633593,0.00921038,-0.246723,0.633604,-0.0309083,0.0629918,0.00411971,-0.0318362,0.0656718,0.00482172,0.170656,-0.563056,0.787764,0.169502,-0.560633,0.789787,-0.162274,-0.237479,0.0796513,-0.161663,-0.242753,0.0792845
2637,7,-0.610882,1.00043,0.473517,-0.527464,0.00149113,-0.849572,0.00250125,-0.993369,0.00559993,-1.00245,0.0145696,-10.7705,-0.00315255,-0.00282794,-1.19111,1.99142,-0.00280764,-1.19115,1.9914,0.00264291,-2.19172,0.457922,0.00263086,-2.19165,0.457913,0.0189892,-0.240241,0.588404,0.0195492,-0.240919,0.588404,-0.0311009,0.0658045,0.00569497,-0.0319113,0.0682875,0.00635544,0.170506,-0.548155,0.73513,0.169321,-0.545695,0.737151,-0.160435,-0.241149,0.0793939,-0.159764,-0.246591,0.0789693
2638,7,-0.611875,1.00044,0.47251,-0.532031,0.00147234,-0.84672,0.0025039,-0.992787,0.00560346,-1.01161,0.0147642,-10.7708,-0.00360185,-0.00280475,-1.19134,1.99199,-0.00278389,-1.19139,1.99196,0.00261186,-2.19166,0.457928,0.00259904,-2.19158,0.45792,0.0273862,-0.23329,0.546459,0.0279664,-0.234,0.546448,-0.0310127,0.0678502,0.00705113,-0.0317158,0.0701365,0.00766909,0.169676,-0.533565,0.68625,0.168459,-0.531065,0.68827,-0.158575,-0.245013,0.0790013,-0.157851,-0.25061,0.0785223
2639,7,-0.612868,1.00044,0.471493,-0.536584,0.00145326,-0.843842,0.00250652,-0.992202,0.00560701,-1.02076,0.0149649,-10.7712,-0.00405054,-0.00277404,-1.19157,1.99252,-0.00275259,-1.19162,1.99249,0.00258101,-2.19159,0.457936,0.00256754,-2.19151,0.457928,0.0340296,-0.225425,0.507522,0.0346197,-0.226157,0.5075,-0.0306801,0.0691811,0.00819916,-0.0312856,0.0712724,0.00877401,0.168285,-0.519359,0.640855,0.167033,-0.516818,0.642876,-0.156711,-0.249023,0.0784915,-0.155943,-0.254762,0.0779613
2640,7,-0.61386,1.00045,0.470468,-0.541121,0.00143389,-0.84094,0.0025091,-0.991616,0.00561058,-1.0299,0.0151715,-10.7718,-0.00449852,-0.00273749,-1.19179,1.99301,-0.00271545,-1.19184,1.99298,0.0025506,-2.19152,0.457945,0.00253657,-2.19144,0.457937,0.0390786,-0.216822,0.471377,0.0396698,-0.217567,0.471343,-0.0301372,0.0698518,0.00915086,-0.0306543,0.0717512,0.00968238,0.166442,-0.505597,0.598696,0.165156,-0.503013,0.600718,-0.154861,-0.253134,0.0778814,-0.154053,-0.259005,0.0773036
2641,7,-0.614851,1.00046,0.469434,-0.545642,0.00141424,-0.838013,0.00251164,-0.99103,0.00561417,-1.03902,0.0153841,-10.7725,-0.00494574,-0.0026966,-1.19201,1.99346,-0.00267397,-1.19205,1.99344,0.00252082,-2.19145,0.457954,0.00250632,-2.19137,0.457947,0.0426929,-0.207642,0.43782,0.0432776,-0.208392,0.437775,-0.0294157,0.0699183,0.00991868,-0.0298532,0.07163,0.0104069,0.164249,-0.49233,0.55954,0.162927,-0.489701,0.561565,-0.153036,-0.257305,0.0771874,-0.152194,-0.263295,0.0765653
2642,7,-0.615842,1.00046,0.46839,-0.550148,0.0013943,-0.835062,0.00251414,-0.990446,0.00561777,-1.04813,0.0156027,-10.7732,-0.00539214,-0.00265274,-1.19221,1.99388,-0.00262953,-1.19225,1.99386,0.00249184,-2.19138,0.457964,0.00247694,-2.1913,0.457958,0.0450298,-0.19803,0.406666,0.0456013,-0.198779,0.406608,-0.0285451,0.0694369,0.0105154,-0.0289112,0.0709664,0.0109608,0.161796,-0.479596,0.523172,0.160438,-0.476922,0.5252,-0.151249,-0.261498,0.0764247,-0.150379,-0.267597,0.0757617
2643,7,-0.616832,1.00047,0.467337,-0.554638,0.00137407,-0.832087,0.0025166,-0.989864,0.00562139,-1.05723,0.0158274,-10.7741,-0.00583769,-0.0026071,-1.1924,1.99427,-0.00258334,-1.19245,1.99425,0.00246379,-2.19131,0.457975,0.00244855,-2.19123,0.457969,0.0462422,-0.18812,0.377739,0.0467953,-0.18886,0.377671,-0.0275523,0.0684639,0.0109542,-0.0278546,0.0698173,0.0113574,0.159164,-0.467426,0.489393,0.157772,-0.464707,0.491424,-0.149511,-0.265679,0.0756073,-0.148616,-0.271875,0.074907
2644,7,-0.617821,1.00047,0.466276,-0.559113,0.00135355,-0.829087,0.00251901,-0.989286,0.00562501,-1.06632,0.0160581,-10.7751,-0.00628235,-0.00256074,-1.19259,1.99464,-0.00253644,-1.19263,1.99461,0.00243679,-2.19124,0.457986,0.00242127,-2.19116,0.457981,0.0464775,-0.178029,0.350881,0.0470078,-0.178756,0.350802,-0.0264616,0.0670544,0.0112481,-0.0267072,0.0682391,0.01161,0.156426,-0.455841,0.458016,0.155,-0.453078,0.460053,-0.147828,-0.269816,0.0747485,-0.146913,-0.276098,0.0740143
2645,7,-0.61881,1.00048,0.465205,-0.563572,0.00133274,-0.826062,0.00252138,-0.988713,0.00562864,-1.0754,0.0162948,-10.7761,-0.00672612,-0.00251457,-1.19276,1.99498,-0.00248974,-1.19281,1.99495,0.00241091,-2.19118,0.457998,0.00239517,-2.19109,0.457992,0.0458758,-0.167864,0.325943,0.0463799,-0.168573,0.325853,-0.0252951,0.0652626,0.0114101,-0.0254907,0.0662863,0.0117319,0.153645,-0.444857,0.428872,0.152186,-0.44205,0.430914,-0.146207,-0.273881,0.0738604,-0.145276,-0.28024,0.0730956
2646,7,-0.619799,1.00048,0.464125,-0.568015,0.00131164,-0.823013,0.0025237,-0.988146,0.00563228,-1.08446,0.0165376,-10.7771,-0.00716897,-0.00246934,-1.19292,1.99529,-0.00244403,-1.19297,1.99527,0.00238623,-2.19111,0.458009,0.00237032,-2.19102,0.458004,0.0445689,-0.157717,0.302785,0.0450443,-0.158404,0.302686,-0.0240727,0.0631404,0.0114531,-0.0242244,0.0640117,0.0117362,0.150874,-0.43448,0.401799,0.149384,-0.43163,0.403848,-0.144655,-0.277851,0.0729541,-0.14371,-0.284276,0.0721619
2647,7,-0.620787,1.00049,0.463036,-0.572442,0.00129024,-0.819941,0.00252597,-0.987587,0.00563592,-1.09352,0.0167865,-10.7782,-0.00761091,-0.00242572,-1.19307,1.99558,-0.00239994,-1.19312,1.99556,0.00236278,-2.19105,0.45802,0.00234674,-2.19096,0.458016,0.0426799,-0.14767,0.281282,0.0431248,-0.148331,0.281172,-0.022812,0.0607379,0.0113897,-0.0229253,0.0614657,0.0116355,0.148161,-0.424713,0.376649,0.146642,-0.42182,0.378707,-0.143174,-0.281703,0.0720396,-0.142219,-0.288185,0.0712232
2648,7,-0.621774,1.0005,0.461938,-0.576852,0.00126856,-0.816844,0.0025282,-0.987035,0.00563956,-1.10257,0.0170414,-10.7794,-0.00805192,-0.00238422,-1.19322,1.99586,-0.00235801,-1.19327,1.99583,0.00234061,-2.19099,0.458032,0.00232447,-2.1909,0.458027,0.0403224,-0.137792,0.261313,0.040736,-0.138425,0.261195,-0.0215286,0.0581025,0.011232,-0.0216086,0.0586961,0.0114422,0.145543,-0.415551,0.353287,0.143997,-0.412618,0.355352,-0.141767,-0.285419,0.0711259,-0.140805,-0.291949,0.0702883
2649,7,-0.622761,1.0005,0.460831,-0.581247,0.00124658,-0.813723,0.00253037,-0.986492,0.00564321,-1.11161,0.0173023,-10.7805,-0.00849203,-0.00234526,-1.19335,1.99611,-0.00231866,-1.1934,1.99608,0.00231973,-2.19093,0.458043,0.00230353,-2.19084,0.458039,0.0376004,-0.128144,0.24277,0.0379823,-0.128748,0.242643,-0.0202361,0.055279,0.0109916,-0.0202875,0.0557481,0.011168,0.143053,-0.406987,0.331583,0.141481,-0.404016,0.333658,-0.140437,-0.288984,0.070221,-0.139468,-0.295554,0.0693652
2650,7,-0.623747,1.00051,0.459715,-0.585625,0.00122431,-0.810578,0.00253249,-0.985958,0.00564685,-1.12063,0.0175694,-10.7816,-0.00893122,-0.00230915,-1.19347,1.99634,-0.00228218,-1.19352,1.99632,0.00230014,-2.19088,0.458054,0.0022839,-2.19079,0.45805,0.0346081,-0.118775,0.22555,0.0349586,-0.119348,0.225415,-0.0189463,0.0523092,0.0106798,-0.0189733,0.0526636,0.0108242,0.140715,-0.399009,0.31142,0.139119,-0.396001,0.313504,-0.139184,-0.292386,0.069332,-0.138212,-0.298987,0.0684608
2651,7,-0.624733,1.00051,0.458589,-0.589986,0.00120175,-0.807409,0.00253456,-0.985434,0.00565048,-1.12965,0.0178424,-10.7828,-0.00936952,-0.00227613,-1.19359,1.99656,-0.00224883,-1.19364,1.99653,0.00228183,-2.19083,0.458064,0.00226557,-2.19074,0.45806,0.0314301,-0.109728,0.209559,0.0317498,-0.11027,0.209417,-0.0176694,0.0492322,0.0103069,-0.017676,0.0494816,0.0104215,0.138549,-0.391602,0.292687,0.136931,-0.388558,0.294782,-0.138008,-0.295613,0.0684652,-0.137034,-0.302239,0.0675811
2652,7,-0.625718,1.00052,0.457455,-0.594331,0.00117889,-0.804216,0.00253657,-0.984921,0.00565411,-1.13867,0.0181215,-10.7839,-0.00980695,-0.00224635,-1.19369,1.99676,-0.00221874,-1.19374,1.99673,0.00226479,-2.19078,0.458074,0.00224853,-2.19069,0.45807,0.0281413,-0.101036,0.19471,0.0284315,-0.101546,0.194561,-0.0164143,0.0460837,0.00988299,-0.0164037,0.0462382,0.00996971,0.136568,-0.384747,0.275282,0.13493,-0.381669,0.277389,-0.13691,-0.29866,0.0676257,-0.135934,-0.305304,0.0667313
2653,7,-0.626703,1.00052,0.456312,-0.598658,0.00115574,-0.801,0.00253853,-0.984419,0.00565774,-1.14767,0.0184066,-10.785,-0.0102435,-0.00221987,-1.19379,1.99695,-0.00219199,-1.19384,1.99692,0.00224899,-2.19074,0.458084,0.00223275,-2.19065,0.45808,0.0248075,-0.0927255,0.180921,0.0250698,-0.093204,0.180766,-0.015188,0.0428965,0.00941736,-0.0151635,0.0429659,0.00947828,0.134781,-0.378424,0.259112,0.133124,-0.375315,0.261229,-0.135887,-0.301519,0.0668181,-0.134912,-0.308175,0.0659156
2654,7,-0.627687,1.00053,0.45516,-0.602969,0.00113229,-0.79776,0.00254042,-0.983928,0.00566136,-1.15666,0.0186978,-10.7861,-0.0106792,-0.00219673,-1.19388,1.99712,-0.00216859,-1.19393,1.9971,0.0022344,-2.1907,0.458093,0.00221819,-2.1906,0.458089,0.0214858,-0.0848151,0.168116,0.021722,-0.0852628,0.167955,-0.0139967,0.0397005,0.00891863,-0.0139611,0.0396944,0.00895585,0.133192,-0.372611,0.244086,0.131519,-0.369472,0.246216,-0.134939,-0.304188,0.0660461,-0.133965,-0.310851,0.0651377
2655,7,-0.62867,1.00053,0.453999,-0.607263,0.00110854,-0.794496,0.00254226,-0.983448,0.00566496,-1.16565,0.0189949,-10.7871,-0.0111141,-0.00217687,-1.19396,1.99729,-0.00214851,-1.19401,1.99726,0.00222097,-2.19066,0.458102,0.00220481,-2.19057,0.458098,0.0182249,-0.0773188,0.156225,0.018437,-0.0777366,0.15606,-0.0128454,0.0365224,0.00839478,-0.012801,0.0364502,0.00841041,0.131804,-0.367285,0.230125,0.130116,-0.364118,0.232267,-0.134064,-0.306666,0.0653127,-0.133091,-0.313331,0.0644004
2656,7,-0.629654,1.00054,0.452829,-0.61154,0.0010845,-0.791209,0.00254404,-0.98298,0.00566856,-1.17464,0.0192981,-10.7881,-0.0115481,-0.00216023,-1.19403,1.99744,-0.00213167,-1.19409,1.99741,0.00220868,-2.19062,0.45811,0.00219256,-2.19053,0.458106,0.0150654,-0.0702446,0.145184,0.0152557,-0.0706339,0.145014,-0.0117379,0.0333859,0.00785314,-0.0116871,0.033257,0.00784926,0.130612,-0.362421,0.217151,0.128911,-0.359228,0.219307,-0.133258,-0.308953,0.0646201,-0.132288,-0.315616,0.0637057
2657,7,-0.630636,1.00055,0.45165,-0.615799,0.00106016,-0.787899,0.00254575,-0.982524,0.00567214,-1.18361,0.0196073,-10.7891,-0.0119814,-0.00214667,-1.1941,1.99758,-0.00211793,-1.19415,1.99755,0.00219748,-2.19059,0.458117,0.00218141,-2.1905,0.458114,0.0120409,-0.0635961,0.134931,0.0122118,-0.0639584,0.134758,-0.0106773,0.0303121,0.00730036,-0.0106219,0.0301354,0.00727903,0.129614,-0.357994,0.205095,0.1279,-0.354777,0.207264,-0.132521,-0.31105,0.0639702,-0.131554,-0.317707,0.0630553
2658,7,-0.631619,1.00055,0.450461,-0.62004,0.00103552,-0.784565,0.0025474,-0.98208,0.00567571,-1.19258,0.0199225,-10.79,-0.0124138,-0.00213606,-1.19416,1.99771,-0.00210716,-1.19422,1.99768,0.0021873,-2.19056,0.458124,0.00217129,-2.19047,0.458121,0.00917833,-0.0573726,0.125411,0.00933213,-0.0577094,0.125235,-0.00966586,0.0273193,0.00674248,-0.00960769,0.0271032,0.00670573,0.1288,-0.353978,0.19389,0.127076,-0.350739,0.196073,-0.131849,-0.312961,0.0633641,-0.130884,-0.319609,0.0624502
2659,7,-0.632601,1.00056,0.449264,-0.624264,0.00101058,-0.781209,0.00254899,-0.981648,0.00567927,-1.20155,0.0202437,-10.7909,-0.0128455,-0.00212823,-1.19422,1.99783,-0.00209918,-1.19427,1.9978,0.00217812,-2.19054,0.458131,0.00216217,-2.19045,0.458127,0.00649826,-0.0515696,0.116571,0.00663752,-0.0518829,0.116392,-0.00870507,0.024423,0.00618489,-0.00864566,0.0241759,0.00613469,0.128164,-0.350349,0.183477,0.12643,-0.347089,0.185673,-0.131238,-0.31469,0.0628024,-0.130278,-0.321326,0.0618908
2660,7,-0.633582,1.00056,0.448058,-0.62847,0.00098534,-0.777829,0.00255051,-0.981229,0.0056828,-1.21051,0.020571,-10.7917,-0.0132764,-0.00212297,-1.19426,1.99794,-0.00209379,-1.19432,1.99791,0.00216987,-2.19051,0.458137,0.00215397,-2.19042,0.458133,0.00401587,-0.0461797,0.108363,0.00414308,-0.0464714,0.108181,-0.00779588,0.0216366,0.0056324,-0.0077366,0.0213662,0.00557067,0.127694,-0.347081,0.173797,0.125951,-0.343801,0.176008,-0.130687,-0.316242,0.0622853,-0.12973,-0.322864,0.0613772
2661,7,-0.634563,1.00057,0.446843,-0.632658,0.000959799,-0.774426,0.00255197,-0.980821,0.00568632,-1.21946,0.0209042,-10.7925,-0.0137066,-0.00212009,-1.19431,1.99804,-0.00209079,-1.19436,1.99802,0.0021625,-2.19049,0.458142,0.00214667,-2.1904,0.458138,0.00174134,-0.0411928,0.100741,0.00185895,-0.041465,0.100557,-0.00693873,0.0189709,0.00508925,-0.00688077,0.0186846,0.00501781,0.127378,-0.344149,0.1648,0.125627,-0.340851,0.167025,-0.130192,-0.317624,0.0618126,-0.129238,-0.32423,0.060909
2662,7,-0.635544,1.00057,0.445619,-0.636828,0.000933957,-0.771001,0.00255335,-0.980425,0.00568982,-1.22841,0.0212435,-10.7933,-0.014136,-0.00211938,-1.19435,1.99814,-0.00208996,-1.1944,1.99811,0.00215596,-2.19047,0.458147,0.00214019,-2.19039,0.458143,-0.000319527,-0.0365966,0.0936633,-0.000209123,-0.0368514,0.0934787,-0.00613357,0.0164346,0.0045591,-0.00607797,0.0161394,0.00447973,0.127205,-0.341527,0.156436,0.125447,-0.338213,0.158676,-0.12975,-0.318842,0.0613837,-0.1288,-0.325432,0.0604854
2663,7,-0.636524,1.00058,0.444387,-0.64098,0.000907812,-0.767553,0.00255467,-0.980042,0.0056933,-1.23735,0.0215887,-10.794,-0.0145647,-0.00212062,-1.19438,1.99823,-0.00209109,-1.19444,1.9982,0.00215021,-2.19046,0.458151,0.00213448,-2.19037,0.458147,-0.00216479,-0.0323769,0.0870914,-0.00205928,-0.0326163,0.0869058,-0.00537998,0.0140346,0.00404512,-0.00532764,0.0137369,0.00395949,0.127163,-0.339194,0.14866,0.125398,-0.335863,0.150914,-0.129358,-0.319905,0.0609978,-0.128411,-0.326477,0.0601055
2664,7,-0.637504,1.00059,0.443145,-0.645113,0.000881364,-0.764082,0.00255591,-0.97967,0.00569676,-1.24629,0.0219401,-10.7946,-0.0149927,-0.0021236,-1.19441,1.99832,-0.00209397,-1.19447,1.99829,0.00214518,-2.19045,0.458155,0.0021295,-2.19036,0.458151,-0.00379583,-0.0285182,0.0809889,-0.003693,-0.0287443,0.0808025,-0.0046772,0.0117758,0.00354999,-0.00462892,0.0114815,0.00345968,0.127237,-0.337125,0.14143,0.125466,-0.333779,0.143699,-0.129012,-0.320819,0.0606536,-0.128069,-0.327373,0.059768
2665,7,-0.638483,1.00059,0.441894,-0.649228,0.000854612,-0.760589,0.00255709,-0.979311,0.00570019,-1.25523,0.0222974,-10.7952,-0.0154199,-0.00212811,-1.19444,1.99839,-0.00209837,-1.19449,1.99837,0.00214083,-2.19044,0.458158,0.0021252,-2.19035,0.458154,-0.00521686,-0.0250036,0.075322,-0.00511464,-0.0252185,0.0751351,-0.00402418,0.00966146,0.00307591,-0.00398065,0.00937602,0.00298244,0.127416,-0.335298,0.134706,0.125638,-0.331938,0.136991,-0.128711,-0.321593,0.0603498,-0.12777,-0.328129,0.0594712
2666,7,-0.639462,1.0006,0.440634,-0.653324,0.000827555,-0.757074,0.00255819,-0.978963,0.0057036,-1.26416,0.0226609,-10.7957,-0.0158463,-0.00213393,-1.19446,1.99847,-0.0021041,-1.19452,1.99844,0.00213711,-2.19043,0.458161,0.00212152,-2.19034,0.458157,-0.00643449,-0.0218155,0.0700594,-0.00633092,-0.0220212,0.0698722,-0.00341968,0.00769321,0.00262469,-0.00338148,0.00742171,0.00252944,0.127686,-0.333692,0.128454,0.125902,-0.33032,0.130753,-0.12845,-0.322236,0.0600848,-0.127512,-0.328755,0.0592135
2667,7,-0.640441,1.0006,0.439366,-0.657401,0.000800193,-0.753536,0.00255922,-0.978626,0.00570699,-1.27309,0.0230304,-10.7962,-0.016272,-0.00214088,-1.19448,1.99853,-0.00211094,-1.19454,1.99851,0.00213397,-2.19042,0.458164,0.00211841,-2.19033,0.458159,-0.00745726,-0.018936,0.0651719,-0.00735052,-0.0191343,0.0649848,-0.00286224,0.00587145,0.00219772,-0.00282987,0.00561843,0.002102,0.128036,-0.332288,0.122639,0.126246,-0.328902,0.124953,-0.128226,-0.322757,0.0598567,-0.127291,-0.329259,0.058993
2668,7,-0.64142,1.00061,0.438088,-0.661459,0.000772523,-0.749977,0.00256017,-0.978301,0.00571035,-1.28202,0.023406,-10.7967,-0.016697,-0.00214876,-1.1945,1.9986,-0.00211871,-1.19456,1.99857,0.00213136,-2.19042,0.458166,0.00211584,-2.19033,0.458161,-0.00829528,-0.0163464,0.0606326,-0.00818372,-0.0165393,0.0604457,-0.00235024,0.00419529,0.00179605,-0.00232413,0.00396482,0.00170105,0.128453,-0.331065,0.117229,0.126656,-0.327668,0.119558,-0.128038,-0.323164,0.0596638,-0.127105,-0.32965,0.0588078
2669,7,-0.642398,1.00061,0.436802,-0.665498,0.000744546,-0.746395,0.00256105,-0.977988,0.00571368,-1.29094,0.0237877,-10.7971,-0.0171211,-0.00215738,-1.19452,1.99866,-0.00212722,-1.19457,1.99863,0.00212924,-2.19041,0.458167,0.00211374,-2.19032,0.458163,-0.00895986,-0.0140281,0.0564164,-0.00884197,-0.0142173,0.0562298,-0.00188196,0.00266276,0.00142038,-0.00186246,0.00245846,0.00132722,0.128925,-0.330006,0.112197,0.127122,-0.326597,0.114541,-0.127882,-0.323466,0.0595041,-0.12695,-0.329938,0.0586557
2670,7,-0.643376,1.00062,0.435506,-0.669518,0.000716261,-0.742791,0.00256185,-0.977685,0.00571699,-1.29986,0.0241755,-10.7974,-0.0175445,-0.00216659,-1.19453,1.99871,-0.00213631,-1.19459,1.99868,0.00212757,-2.19041,0.458168,0.00211209,-2.19032,0.458164,-0.00946318,-0.0119628,0.0524998,-0.00933762,-0.0121499,0.0523137,-0.00145558,0.00127093,0.00107113,-0.00144298,0.00109596,0.000980801,0.129443,-0.329095,0.107515,0.127633,-0.325675,0.109874,-0.127755,-0.323671,0.0593754,-0.126825,-0.33013,0.0585345
2671,7,-0.644353,1.00063,0.434202,-0.673518,0.000687666,-0.739166,0.00256257,-0.977394,0.00572026,-1.30878,0.0245696,-10.7978,-0.0179671,-0.00217624,-1.19454,1.99876,-0.00214582,-1.1946,1.99873,0.00212631,-2.19041,0.458169,0.00211084,-2.19032,0.458165,-0.00981801,-0.010132,0.0488613,-0.00968359,-0.0103186,0.0486757,-0.00106921,1.60E-05,0.000748443,-0.00106375,-0.000126838,0.000661854,0.129996,-0.328316,0.103159,0.128178,-0.324884,0.105533,-0.127654,-0.32379,0.0592758,-0.126725,-0.330237,0.0584422
2672,7,-0.64533,1.00063,0.432889,-0.677499,0.000658762,-0.735519,0.00256321,-0.977113,0.00572351,-1.3177,0.0249698,-10.7981,-0.0183888,-0.00218616,-1.19455,1.99881,-0.00215561,-1.19461,1.99878,0.00212542,-2.19041,0.45817,0.00210994,-2.19032,0.458165,-0.0100375,-0.00851795,0.0454807,-0.00989314,-0.00870529,0.0452957,-0.000720918,-0.00110635,0.00045223,-0.000722777,-0.00121482,0.000370186,0.130574,-0.327653,0.0991042,0.128749,-0.32421,0.101493,-0.127579,-0.323828,0.059203,-0.12665,-0.330266,0.0583765
2673,7,-0.646307,1.00064,0.431566,-0.68146,0.000629546,-0.73185,0.00256377,-0.976843,0.00572672,-1.32661,0.0253762,-10.7983,-0.0188097,-0.00219625,-1.19456,1.99885,-0.00216554,-1.19461,1.99882,0.00212485,-2.19041,0.45817,0.00210937,-2.19032,0.458165,-0.0101347,-0.00710309,0.0423394,-0.00997963,-0.00729254,0.0421551,-0.00040874,-0.0021013,0.000182182,-0.000418056,-0.00217344,0.000105398,0.13117,-0.327093,0.0953305,0.129336,-0.323639,0.0977341,-0.127525,-0.323795,0.059155,-0.126597,-0.330226,0.0583352
2674,7,-0.647284,1.00064,0.430235,-0.685402,0.000600018,-0.72816,0.00256426,-0.976584,0.0057299,-1.33552,0.0257889,-10.7985,-0.0192297,-0.00220638,-1.19456,1.99889,-0.00217551,-1.19462,1.99886,0.00212458,-2.19041,0.45817,0.00210909,-2.19033,0.458165,-0.010123,-0.00587061,0.03942,-0.00995635,-0.00606333,0.0392363,-0.000130702,-0.00297434,-6.22E-05,-0.000147567,-0.0030086,-0.000133095,0.131775,-0.326625,0.0918177,0.129933,-0.323159,0.094236,-0.127491,-0.323699,0.0591296,-0.126562,-0.330124,0.0583162
2675,7,-0.648261,1.00065,0.428895,-0.689323,0.000570177,-0.724449,0.00256465,-0.976335,0.00573306,-1.34443,0.0262078,-10.7987,-0.0196487,-0.00221645,-1.19457,1.99893,-0.00218541,-1.19463,1.9989,0.00212457,-2.19042,0.45817,0.00210906,-2.19033,0.458165,-0.010015,-0.0048043,0.0367064,-0.0098363,-0.00500134,0.0365235,0.00011517,-0.0037314,-0.000281547,9.07E-05,-0.00372658,-0.000346034,0.132383,-0.326235,0.0885473,0.130531,-0.322758,0.0909804,-0.127475,-0.323547,0.0591248,-0.126545,-0.329969,0.0583173
2676,7,-0.649237,1.00065,0.427547,-0.693225,0.000540022,-0.720717,0.00256497,-0.976097,0.00573617,-1.35333,0.0266331,-10.7989,-0.0200668,-0.00222637,-1.19457,1.99897,-0.00219514,-1.19463,1.99894,0.0021248,-2.19042,0.45817,0.00210926,-2.19033,0.458165,-0.00982339,-0.0038887,0.0341838,-0.00963211,-0.00409098,0.0340016,0.000330835,-0.00437871,-0.000476672,0.000298744,-0.00433395,-0.000534295,0.132987,-0.325915,0.0855023,0.131124,-0.322426,0.08795,-0.127474,-0.323346,0.0591385,-0.126544,-0.329767,0.0583365
2677,7,-0.650213,1.00066,0.426189,-0.697106,0.000509552,-0.716963,0.0025652,-0.975869,0.00573926,-1.36223,0.0270647,-10.799,-0.0204839,-0.00223606,-1.19458,1.999,-0.00220464,-1.19463,1.99897,0.00212522,-2.19043,0.458169,0.00210965,-2.19034,0.458164,-0.00956004,-0.0031091,0.0318383,-0.00935587,-0.00331743,0.0316567,0.000518225,-0.00492269,-0.000648475,0.000478528,-0.00483747,-0.000698865,0.133582,-0.325654,0.0826667,0.131709,-0.322154,0.085129,-0.127488,-0.323102,0.0591689,-0.126555,-0.329525,0.0583717
2678,7,-0.651188,1.00067,0.424822,-0.700967,0.000478767,-0.713189,0.00256535,-0.975652,0.00574231,-1.37114,0.0275028,-10.7992,-0.0208999,-0.00224546,-1.19458,1.99903,-0.00221382,-1.19464,1.999,0.00212582,-2.19043,0.458169,0.0021102,-2.19034,0.458163,-0.00923636,-0.00245161,0.0296571,-0.00901909,-0.00266669,0.0294761,0.000679243,-0.00536994,-0.00079796,0.000631985,-0.005244,-0.000840826,0.134163,-0.325444,0.0800258,0.132278,-0.321931,0.0825027,-0.127513,-0.322823,0.0592139,-0.126579,-0.32925,0.058421
2679,7,-0.652164,1.00067,0.423447,-0.704808,0.000447664,-0.709394,0.0025654,-0.975444,0.00574532,-1.38003,0.0279472,-10.7992,-0.0213149,-0.00225451,-1.19458,1.99906,-0.00222265,-1.19464,1.99903,0.00212657,-2.19044,0.458168,0.0021109,-2.19035,0.458162,-0.00886306,-0.00190314,0.0276283,-0.00863259,-0.00212556,0.0274479,0.000815748,-0.00572711,-0.000926207,0.000761002,-0.00556047,-0.000961329,0.134727,-0.325278,0.077566,0.132829,-0.321752,0.0800573,-0.127549,-0.322515,0.0592717,-0.126612,-0.328947,0.0584826
2680,7,-0.653139,1.00068,0.422062,-0.708628,0.000416243,-0.705578,0.00256538,-0.975247,0.0057483,-1.38893,0.0283981,-10.7993,-0.0217286,-0.00226316,-1.19458,1.99909,-0.00223107,-1.19464,1.99905,0.00212744,-2.19044,0.458167,0.00211171,-2.19036,0.458161,-0.00845013,-0.00145147,0.025741,-0.00820646,-0.00168173,0.0255611,0.000929555,-0.00600086,-0.00103436,0.000867421,-0.00579379,-0.00106158,0.13527,-0.325147,0.0752745,0.133359,-0.321608,0.0777804,-0.127594,-0.322182,0.0593407,-0.126654,-0.328623,0.0585547
2681,7,-0.654115,1.00068,0.420669,-0.712427,0.000384504,-0.701741,0.00256526,-0.975059,0.00575125,-1.39783,0.0288556,-10.7994,-0.0221412,-0.00227139,-1.19458,1.99911,-0.00223905,-1.19464,1.99908,0.00212842,-2.19045,0.458166,0.00211262,-2.19036,0.45816,-0.00800681,-0.00108521,0.0239849,-0.00775004,-0.0013237,0.0238054,0.00102242,-0.00619782,-0.00112359,0.000953024,-0.00595082,-0.00114284,0.13579,-0.325046,0.0731398,0.133864,-0.321494,0.07566,-0.127646,-0.32183,0.0594191,-0.126703,-0.328283,0.0586356
2682,7,-0.655089,1.00069,0.419266,-0.716206,0.000352445,-0.697884,0.00256505,-0.974882,0.00575415,-1.40672,0.0293195,-10.7994,-0.0225525,-0.00227917,-1.19458,1.99913,-0.00224656,-1.19464,1.9991,0.00212948,-2.19045,0.458164,0.00211361,-2.19037,0.458159,-0.00754156,-0.000793792,0.0223505,-0.00727186,-0.00104082,0.0221714,0.00109606,-0.00632452,-0.00119513,0.00101954,-0.00603829,-0.00120636,0.136283,-0.32497,0.0711507,0.134343,-0.321404,0.0736854,-0.127705,-0.321464,0.0595054,-0.126757,-0.32793,0.0587238
2683,7,-0.656064,1.00069,0.417855,-0.719964,0.000320065,-0.694006,0.00256475,-0.974714,0.00575702,-1.41561,0.0297901,-10.7994,-0.0229625,-0.00228647,-1.19459,1.99916,-0.00225358,-1.19465,1.99912,0.0021306,-2.19046,0.458163,0.00211465,-2.19037,0.458158,-0.00706206,-0.000567478,0.0208292,-0.00677969,-0.000823275,0.0206503,0.0011521,-0.00638737,-0.00125019,0.00106863,-0.00606278,-0.00125344,0.13675,-0.324914,0.0692973,0.134793,-0.321333,0.0718463,-0.127769,-0.321088,0.0595982,-0.126816,-0.327571,0.0588177
2684,7,-0.657039,1.0007,0.416435,-0.723701,0.000287362,-0.690109,0.00256436,-0.974557,0.00575985,-1.4245,0.0302673,-10.7994,-0.023371,-0.00229329,-1.19459,1.99918,-0.00226011,-1.19465,1.99914,0.00213177,-2.19047,0.458162,0.00211574,-2.19038,0.458157,-0.00657521,-0.000397333,0.0194128,-0.00628048,-0.00066205,0.0192341,0.00119213,-0.00639259,-0.00129003,0.00110189,-0.0060307,-0.00128536,0.137188,-0.324873,0.0675701,0.135215,-0.321277,0.0701334,-0.127836,-0.320707,0.059696,-0.126879,-0.327208,0.0589161
2685,7,-0.658013,1.00071,0.415006,-0.727417,0.000254337,-0.686191,0.00256388,-0.974409,0.00576265,-1.43339,0.0307511,-10.7994,-0.0237782,-0.00229962,-1.19459,1.99919,-0.00226614,-1.19465,1.99916,0.00213298,-2.19047,0.458161,0.00211685,-2.19039,0.458155,-0.00608714,-0.000275195,0.0180938,-0.00578043,-0.000548917,0.0179152,0.00121767,-0.00634623,-0.00131585,0.00112086,-0.0059482,-0.0013034,0.137597,-0.324844,0.0659605,0.135607,-0.321232,0.0685381,-0.127906,-0.320323,0.0597976,-0.126944,-0.326845,0.0590177
2686,7,-0.658988,1.00071,0.413568,-0.731111,0.000220988,-0.682253,0.00256331,-0.974271,0.0057654,-1.44228,0.0312417,-10.7994,-0.0241838,-0.00230546,-1.19459,1.99921,-0.00227168,-1.19465,1.99918,0.0021342,-2.19048,0.458159,0.00211797,-2.19039,0.458154,-0.00560325,-0.000193654,0.0168653,-0.00528498,-0.000476404,0.0166867,0.00123016,-0.00625407,-0.00132889,0.001127,-0.00582122,-0.00130881,0.137977,-0.324824,0.0644602,0.135969,-0.321196,0.0670521,-0.127979,-0.319941,0.0599018,-0.127011,-0.326485,0.0591212
2687,8,-0.659961,1.00072,0.412126,-0.734735,0.000186803,-0.678349,0.0025628,-0.971576,0.00580349,-1.44303,0.0332908,-10.5074,-0.0270167,-0.00217658,-1.19451,1.99931,-0.00213882,-1.19457,1.99928,0.00241229,-2.19236,0.466207,0.00239702,-2.19227,0.466197,0.263374,0.151991,0.181427,0.271005,0.152127,0.179933,0.554946,-3.75682,16.0973,0.556976,-3.75137,16.0873,0.138328,-0.32481,0.0630618,0.136301,-0.321165,0.065668,-0.128052,13,21,-0.127078,13,21
2688,8,-0.660928,1.00072,0.410673,-0.738231,0.000151088,-0.674544,0.00256313,-0.962561,0.00575024,-1.46217,0.0343699,-10.1621,-0.0321974,-0.00178951,-1.19431,1.99952,-0.00173888,-1.19437,1.99949,0.00316682,-2.19396,0.479855,0.00315314,-2.19387,0.479843,0.510754,0.250025,0.244491,0.528872,0.250109,0.244935,0.954122,0.557718,11.1989,0.955261,0.554374,11.2054,0.130595,-0.329364,0.0551301,0.128329,-0.325715,0.0578032,-0.144737,13,21,-0.143821,13,21
2689,8,-0.661887,1.00073,0.409205,-0.741601,0.000113823,-0.670837,0.00256457,-0.955515,0.00572572,-1.47377,0.0358086,-9.87857,-0.0358124,-0.00120014,-1.19403,1.99978,-0.00112872,-1.19409,1.99975,0.00425884,-2.1928,0.492183,0.0042461,-2.19271,0.492172,0.668,0.316268,0.272391,0.691439,0.31575,0.273641,1.22992,1.76854,13.4565,1.23065,1.76882,13.452,0.107371,-0.341424,0.0380934,0.104333,-0.337782,0.0408085,-0.190009,13,21,-0.189189,13,21
2690,8,-0.662838,1.00074,0.407725,-0.744861,7.52E-05,-0.667215,0.00256681,-0.947686,0.00568987,-1.48677,0.0371038,-9.61247,-0.0393625,-0.000480515,-1.1937,2.00006,-0.000383699,-1.19376,2.00003,0.00557727,-2.19004,0.505513,0.00556467,-2.18995,0.5055,0.771242,0.346007,0.279741,0.79861,0.344739,0.281908,1.40693,3.75673,13.203,1.4065,3.75426,13.2034,0.0720082,-0.358413,0.0174181,0.0677234,-0.354758,0.0200655,-0.255531,13,21,-0.254766,13,21
2691,8,-0.663782,1.00074,0.406232,-0.748019,3.53E-05,-0.663672,0.00256976,-0.940157,0.0056572,-1.4981,0.0384684,-9.37459,-0.0424397,0.000316454,-1.19335,2.00034,0.000441632,-1.19341,2.00031,0.00703312,-2.18554,0.518978,0.00701955,-2.18545,0.518964,0.822697,0.34982,0.276359,0.85205,0.347674,0.279017,1.50478,5.23809,13.7266,1.50327,5.23615,13.7244,0.0288309,-0.378281,-0.00466713,0.0230219,-0.374572,-0.00215647,-0.334636,13,21,-0.33388,13,21
2692,8,-0.664719,1.00075,0.404729,-0.751086,-5.80E-06,-0.660199,0.00257331,-0.932653,0.00562337,-1.50884,0.0398348,-9.15769,-0.0452716,0.0011454,-1.19301,2.00061,0.00130032,-1.19307,2.00058,0.00855383,-2.17959,0.532812,0.00853818,-2.1795,0.532796,0.835191,0.33324,0.265435,0.865321,0.330196,0.268399,1.53663,6.66732,13.9423,1.534,6.66481,13.9407,-0.0189873,-0.399156,-0.0269111,-0.0264979,-0.395345,-0.0245935,-0.421987,13,21,-0.421173,13,21
2693,8,-0.665648,1.00075,0.403215,-0.754069,-4.81E-05,-0.65679,0.00257736,-0.925346,0.00559017,-1.5187,0.0412364,-8.96095,-0.0478486,0.0019712,-1.19269,2.00086,0.00215613,-1.19276,2.00084,0.010079,-2.17229,0.546888,0.0100603,-2.17221,0.546871,0.816414,0.302535,0.24946,0.846302,0.298613,0.252518,1.51379,7.91998,14.2103,1.51016,7.91756,14.2082,-0.0687239,-0.419648,-0.0485829,-0.078019,-0.415681,-0.0464901,-0.51323,13,21,-0.512291,13,21
2694,8,-0.66657,1.00076,0.401692,-0.756975,-9.14E-05,-0.653439,0.00258183,-0.918246,0.00555728,-1.52782,0.0426669,-8.78189,-0.0502233,0.00276643,-1.19241,2.0011,0.00298075,-1.19248,2.00108,0.0115587,-2.1638,0.561204,0.0115358,-2.16372,0.561184,0.774038,0.26237,0.229917,0.802938,0.257633,0.232925,1.44543,9.05655,14.4216,1.44096,9.05417,14.4193,-0.118272,-0.438721,-0.0691787,-0.129368,-0.434545,-0.0673268,-0.604743,13,21,-0.603616,13,21
2695,8,-0.667484,1.00076,0.40016,-0.75981,-0.000135828,-0.65014,0.00258665,-0.911409,0.00552496,-1.53624,0.0441311,-8.61895,-0.0524138,0.00351052,-1.19217,2.00132,0.00375296,-1.19225,2.00131,0.0129512,-2.15424,0.575723,0.0129236,-2.15416,0.5757,0.714151,0.216623,0.208008,0.741493,0.211162,0.21085,1.33965,10.0763,14.6149,1.33451,10.0741,14.6125,-0.165986,-0.455668,-0.0883538,-0.178845,-0.451232,-0.0867445,-0.693519,13,21,-0.692149,13,21
2696,8,-0.668392,1.00077,0.39862,-0.762581,-0.000181295,-0.646888,0.00259176,-0.904872,0.00549323,-1.544,0.0456279,-8.47061,-0.0544388,0.00418856,-1.19197,2.00152,0.00445736,-1.19206,2.00151,0.0142229,-2.1437,0.590421,0.0141899,-2.14362,0.590397,0.641935,0.168263,0.184654,0.667293,0.162191,0.187245,1.20378,10.9955,14.7827,1.19816,10.9936,14.7801,-0.210631,-0.470038,-0.105871,-0.225178,-0.465296,-0.104495,-0.777072,13,21,-0.775413,13,21
2697,8,-0.669294,1.00077,0.397072,-0.765292,-0.000227782,-0.643678,0.00259708,-0.898672,0.00546218,-1.55117,0.0471562,-8.33566,-0.0563088,0.00479034,-1.19183,2.00169,0.00508335,-1.19192,2.00168,0.0153472,-2.13229,0.605278,0.0153084,-2.13222,0.605251,0.561623,0.11956,0.160595,0.584685,0.113001,0.162874,1.04471,11.8234,14.9309,1.03879,11.8218,14.9282,-0.251314,-0.481585,-0.121577,-0.267441,-0.476497,-0.120419,-0.853375,13,21,-0.851393,13,21
2698,8,-0.67019,1.00078,0.395518,-0.767948,-0.000275266,-0.640507,0.00260257,-0.892845,0.00543182,-1.55781,0.0487132,-8.21306,-0.0580312,0.00530949,-1.19173,2.00184,0.0056243,-1.19183,2.00183,0.016304,-2.1201,0.620274,0.0162592,-2.12002,0.620244,0.476676,0.0721812,0.136418,0.497219,0.0652675,0.138342,0.868943,12.5699,15.061,0.862917,12.5687,15.0581,-0.287421,-0.490219,-0.135387,-0.305001,-0.484753,-0.134424,-0.920829,13,21,-0.918502,13,21
2699,8,-0.67108,1.00079,0.393957,-0.770554,-0.000323725,-0.637369,0.00260815,-0.887421,0.0054022,-1.56397,0.0502956,-8.10194,-0.0596101,0.00574277,-1.19168,2.00197,0.00607679,-1.19179,2.00196,0.0170798,-2.10719,0.635392,0.0170291,-2.10712,0.635359,0.389884,0.0273087,0.112581,0.407754,0.0201736,0.114123,0.682728,13.2434,15.1752,0.676759,13.2426,15.1722,-0.31857,-0.495972,-0.147268,-0.337458,-0.490101,-0.146473,-0.978239,13,21,-0.975553,13,21
2700,8,-0.671965,1.00079,0.39239,-0.773114,-0.000373135,-0.634262,0.00261379,-0.882428,0.00537335,-1.5697,0.0518993,-8.00157,-0.0610479,0.00608945,-1.19168,2.00207,0.00643995,-1.19179,2.00206,0.0176672,-2.09364,0.650618,0.0176105,-2.09357,0.650581,0.303463,-0.0142657,0.0894409,0.318565,-0.0214907,0.0905861,0.491954,13.8515,15.2754,0.486201,13.8512,15.2723,-0.344566,-0.498956,-0.157228,-0.364607,-0.492664,-0.156571,-1.02479,13,21,-1.02174,13,21
2701,8,-0.672845,1.0008,0.390818,-0.775631,-0.000423471,-0.631181,0.00261942,-0.877891,0.00534531,-1.57505,0.0535194,-7.91134,-0.0623459,0.00635076,-1.19171,2.00214,0.00671495,-1.19183,2.00214,0.0180642,-2.07951,0.665937,0.018002,-2.07944,0.665897,0.219153,-0.0520552,0.0672659,0.231436,-0.0592439,0.0680095,0.302084,14.4011,15.3631,0.296698,14.4013,15.3599,-0.365367,-0.499348,-0.165309,-0.386397,-0.492624,-0.16476,-1.06003,13,21,-1.05663,13,21
2702,8,-0.673721,1.0008,0.38924,-0.778109,-0.000474707,-0.628124,0.00262499,-0.87383,0.00531813,-1.58008,0.0551512,-7.83072,-0.0635051,0.00652948,-1.19178,2.0022,0.00690453,-1.19191,2.0022,0.0182742,-2.06487,0.681338,0.0182069,-2.06479,0.681296,0.138287,-0.0858061,0.0462549,0.147739,-0.0928401,0.0466004,0.118025,14.8982,15.4398,0.113146,14.899,15.4365,-0.381045,-0.497358,-0.171577,-0.402897,-0.490202,-0.171103,-1.08385,13,21,-1.08012,13,21
2703,8,-0.674593,1.00081,0.387658,-0.780551,-0.000526815,-0.625087,0.00263044,-0.870259,0.00529186,-1.58483,0.0567894,-7.75923,-0.0645265,0.00662955,-1.19188,2.00224,0.00701266,-1.19201,2.00223,0.0183052,-2.04974,0.696811,0.0182334,-2.04967,0.696766,0.0618679,-0.115437,0.0265506,0.0685084,-0.122208,0.0265078,-0.0560152,15.3484,15.5067,-0.0602544,15.3497,15.5034,-0.391769,-0.493222,-0.176118,-0.414272,-0.48564,-0.175688,-1.09645,13,21,-1.09241,13,21
2704,8,-0.675462,1.00081,0.38607,-0.78296,-0.000579764,-0.622066,0.00263574,-0.86719,0.00526656,-1.58935,0.0584291,-7.69646,-0.0654116,0.0066558,-1.19201,2.00226,0.00704416,-1.19215,2.00225,0.0181689,-2.03419,0.712347,0.0180932,-2.03411,0.712298,-0.00937785,-0.14099,0.00825095,-0.00549953,-0.1474,0.00783504,-0.216647,15.7564,15.5648,-0.220125,15.7583,15.5615,-0.397773,-0.487185,-0.17903,-0.420759,-0.479188,-0.178612,-1.09831,13,21,-1.094,13,21
2705,8,-0.676328,1.00082,0.384479,-0.78534,-0.000633522,-0.619059,0.00264082,-0.864625,0.0052423,-1.59368,0.0600652,-7.64198,-0.0661626,0.00661364,-1.19216,2.00226,0.00700453,-1.19231,2.00225,0.0178799,-2.01825,0.727937,0.0178011,-2.01817,0.727885,-0.0749467,-0.162593,-0.00858107,-0.0737568,-0.168557,-0.00935085,-0.361396,16.1266,15.6153,-0.364001,16.1291,15.6119,-0.399348,-0.479492,-0.180422,-0.42265,-0.4711,-0.179986,-1.09013,13,21,-1.08559,13,21
2706,8,-0.677191,1.00082,0.382883,-0.787692,-0.000688058,-0.616063,0.00264565,-0.862564,0.00521914,-1.59785,0.0616933,-7.5954,-0.0667827,0.0065089,-1.19233,2.00224,0.00689969,-1.19248,2.00223,0.0174548,-2.00195,0.743574,0.0173739,-2.00187,0.743518,-0.134518,-0.180427,-0.0239105,-0.13592,-0.185872,-0.0250116,-0.488736,16.4626,15.6587,-0.490369,16.4657,15.6553,-0.396818,-0.470384,-0.180409,-0.420272,-0.461621,-0.179925,-1.07279,13,21,-1.06807,13,21
2707,8,-0.678053,1.00083,0.381283,-0.79002,-0.000743338,-0.613075,0.00265017,-0.861,0.00519713,-1.6019,0.063309,-7.5563,-0.0672758,0.00634769,-1.19252,2.00221,0.00673584,-1.19268,2.0022,0.0169114,-1.98534,0.759252,0.0168294,-1.98525,0.759192,-0.187918,-0.19471,-0.0377251,-0.191796,-0.199576,-0.0391326,-0.598067,16.7676,15.696,-0.59864,16.7714,15.6925,-0.390534,-0.460094,-0.179109,-0.413982,-0.450989,-0.178551,-1.04729,13,21,-1.04244,13,21
2708,8,-0.678914,1.00083,0.379679,-0.792326,-0.000799327,-0.610092,0.00265434,-0.859922,0.00517631,-1.60586,0.0649087,-7.52427,-0.0676465,0.00613618,-1.19272,2.00216,0.00651928,-1.19288,2.00215,0.0162676,-1.96843,0.774963,0.0161856,-1.96834,0.774901,-0.235099,-0.20568,-0.0500323,-0.241317,-0.20992,-0.0517192,-0.689624,17.0446,15.7277,-0.689064,17.049,15.7242,-0.380861,-0.44884,-0.176644,-0.40415,-0.439425,-0.175985,-1.01468,13,21,-1.00977,13,21
2709,8,-0.679773,1.00084,0.378072,-0.794611,-0.000855991,-0.607112,0.00265813,-0.859314,0.00515672,-1.60975,0.066489,-7.49888,-0.0679,0.00588057,-1.19293,2.00211,0.00625636,-1.19309,2.0021,0.0155406,-1.95126,0.790704,0.0154597,-1.95117,0.790638,-0.276109,-0.21359,-0.0608564,-0.28452,-0.21717,-0.0627948,-0.764334,17.296,15.7544,-0.762586,17.301,15.7509,-0.368171,-0.436828,-0.173133,-0.391157,-0.42714,-0.172351,-0.976054,13,21,-0.971134,13,21
2710,8,-0.680632,1.00084,0.37646,-0.796879,-0.000913298,-0.604132,0.00266149,-0.859156,0.00513836,-1.6136,0.0680472,-7.47973,-0.0680416,0.00558697,-1.19315,2.00204,0.00595334,-1.19331,2.00203,0.0147466,-1.93385,0.80647,0.0146681,-1.93375,0.8064,-0.311086,-0.218702,-0.0702378,-0.321527,-0.221599,-0.0723992,-0.823637,17.5239,15.7766,-0.820663,17.5296,15.7732,-0.352834,-0.42425,-0.168698,-0.375382,-0.414328,-0.16777,-0.932435,13,21,-0.927584,13,21
2711,8,-0.681492,1.00085,0.374844,-0.799131,-0.000971213,-0.601151,0.00266439,-0.85943,0.00512125,-1.61743,0.0695809,-7.46639,-0.068077,0.00526131,-1.19337,2.00197,0.00561631,-1.19354,2.00195,0.0139001,-1.91622,0.822256,0.0138252,-1.91612,0.822182,-0.340236,-0.221283,-0.0782315,-0.352536,-0.223486,-0.0805873,-0.869296,17.7302,15.7949,-0.865078,17.7365,15.7914,-0.335218,-0.411281,-0.163454,-0.3572,-0.401164,-0.162363,-0.884796,13,21,-0.880087,13,21
2712,8,-0.682352,1.00085,0.373225,-0.801368,-0.0010297,-0.598165,0.0026668,-0.860111,0.00510535,-1.62126,0.0710878,-7.45848,-0.0680114,0.00490928,-1.19359,2.00189,0.00525113,-1.19376,2.00187,0.0130139,-1.8984,0.838058,0.0129438,-1.89829,0.837981,-0.363825,-0.221607,-0.0849056,-0.377809,-0.223116,-0.0874278,-0.903216,17.9166,15.8095,-0.89775,17.9236,15.806,-0.315679,-0.398082,-0.157515,-0.336978,-0.387812,-0.156243,-0.834008,13,21,-0.829515,13,21
2713,8,-0.683212,1.00086,0.371602,-0.803593,-0.00108874,-0.595173,0.00266868,-0.86118,0.00509065,-1.6251,0.0725662,-7.45561,-0.0678498,0.00453629,-1.19381,2.0018,0.0048634,-1.19398,2.00178,0.0120986,-1.8804,0.853873,0.0120347,-1.88028,0.853793,-0.382169,-0.21995,-0.0903397,-0.397659,-0.220774,-0.0930012,-0.927291,18.0847,15.8209,-0.92059,18.0923,15.8174,-0.294557,-0.384795,-0.15099,-0.315068,-0.374414,-0.149523,-0.780833,13,21,-0.77663,13,21
2714,8,-0.684074,1.00086,0.369975,-0.805806,-0.00114828,-0.592173,0.00267,-0.862613,0.0050771,-1.62898,0.0740145,-7.45745,-0.067597,0.00414739,-1.19403,2.00171,0.00445835,-1.1942,2.00168,0.0111633,-1.86224,0.869698,0.0111067,-1.86211,0.869615,-0.395623,-0.216587,-0.0946222,-0.41244,-0.216744,-0.0973972,-0.943289,18.236,15.8294,-0.935382,18.2442,15.826,-0.272177,-0.371548,-0.14398,-0.291804,-0.361097,-0.142305,-0.725918,13,21,-0.72208,13,21
2715,8,-0.684938,1.00087,0.368344,-0.808009,-0.0012083,-0.589163,0.00267074,-0.864389,0.00506466,-1.63291,0.075431,-7.46367,-0.067257,0.0037473,-1.19424,2.00161,0.00404086,-1.19441,2.00158,0.0102153,-1.84394,0.885531,0.0101671,-1.8438,0.885444,-0.404568,-0.211788,-0.0978484,-0.422539,-0.211302,-0.100713,-0.952784,18.3717,15.8353,-0.943711,18.3804,15.8319,-0.248843,-0.358452,-0.136581,-0.267501,-0.347972,-0.134689,-0.6698,13,21,-0.666401,13,21
2716,8,-0.685803,1.00087,0.366709,-0.810203,-0.00126877,-0.586141,0.00267087,-0.866489,0.00505328,-1.6369,0.0768142,-7.47398,-0.0668337,0.00334031,-1.19445,2.00151,0.00361541,-1.19462,2.00148,0.00926035,-1.8255,0.901368,0.00922181,-1.82536,0.901277,-0.409405,-0.205815,-0.100117,-0.428362,-0.204717,-0.103049,-0.957123,18.4932,15.839,-0.946932,18.5024,15.8355,-0.224838,-0.345601,-0.128883,-0.242452,-0.33513,-0.126765,-0.612918,13,21,-0.610028,13,21
2717,8,-0.686671,1.00088,0.36507,-0.81239,-0.00132966,-0.583107,0.00267037,-0.868894,0.0050429,-1.64097,0.0781628,-7.48813,-0.0663304,0.00293033,-1.19465,2.00141,0.00318607,-1.19482,2.00138,0.00830308,-1.80696,0.917208,0.00827526,-1.8068,0.917113,-0.410543,-0.198915,-0.101529,-0.430327,-0.19724,-0.104507,-0.95742,18.6015,15.8405,-0.946168,18.6113,15.837,-0.200419,-0.333073,-0.120964,-0.216925,-0.32265,-0.118615,-0.555621,13,21,-0.553308,13,21
2718,8,-0.687541,1.00088,0.363427,-0.81457,-0.00139093,-0.580057,0.00266921,-0.871585,0.00503347,-1.64512,0.0794752,-7.50588,-0.0657501,0.00252087,-1.19485,2.00131,0.00275648,-1.19502,2.00127,0.00734708,-1.78831,0.933048,0.00733101,-1.78814,0.93295,-0.408394,-0.191318,-0.102182,-0.428852,-0.189106,-0.105188,-0.954573,18.6979,15.8402,-0.942321,18.7081,15.8367,-0.17582,-0.320931,-0.112898,-0.191164,-0.310591,-0.110312,-0.498185,13,21,-0.496515,13,21
2719,8,-0.688414,1.00089,0.36178,-0.816744,-0.00145255,-0.576992,0.00266738,-0.874546,0.00502494,-1.64938,0.08075,-7.52702,-0.0650958,0.00211499,-1.19503,2.00121,0.00232987,-1.1952,2.00117,0.00639515,-1.76957,0.948887,0.0063918,-1.76939,0.948786,-0.403359,-0.183233,-0.102173,-0.424352,-0.180527,-0.105191,-0.949292,18.7834,15.8383,-0.936105,18.794,15.8348,-0.151252,-0.309224,-0.10475,-0.165389,-0.299001,-0.101925,-0.440825,13,21,-0.439861,13,21
2720,8,-0.68929,1.00089,0.360128,-0.818913,-0.0015145,-0.573909,0.00266484,-0.877762,0.00501726,-1.65375,0.0819858,-7.55136,-0.06437,0.0017154,-1.19521,2.00111,0.00190909,-1.19538,2.00106,0.00544944,-1.75075,0.964724,0.00545971,-1.75056,0.964619,-0.395829,-0.174849,-0.101593,-0.417226,-0.171691,-0.104609,-0.942129,18.8589,15.835,-0.928074,18.8699,15.8315,-0.126899,-0.297987,-0.0965756,-0.139792,-0.287912,-0.0935094,-0.383709,13,21,-0.383508,13,21
2721,8,-0.69017,1.0009,0.358472,-0.821078,-0.00157674,-0.570808,0.00266159,-0.881217,0.00501038,-1.65824,0.0831811,-7.57874,-0.0635752,0.00132439,-1.19538,2.001,0.00149654,-1.19554,2.00096,0.00451162,-1.73185,0.980557,0.00453635,-1.73166,0.980448,-0.386176,-0.166327,-0.100528,-0.407858,-0.162762,-0.103529,-0.933509,18.9254,15.8304,-0.918655,18.9368,15.8269,-0.102924,-0.287245,-0.088425,-0.114545,-0.277345,-0.0851174,-0.326966,13,21,-0.327583,13,21
2722,8,-0.691053,1.0009,0.356812,-0.823239,-0.00163924,-0.567686,0.0026576,-0.884897,0.00500425,-1.66285,0.0843346,-7.60898,-0.0627138,0.000943929,-1.19555,2.0009,0.00109431,-1.1957,2.00086,0.00358299,-1.7129,0.996384,0.00362293,-1.71269,0.996273,-0.374753,-0.157808,-0.0990573,-0.396612,-0.153879,-0.102033,-0.923757,18.9838,15.8248,-0.908172,18.9955,15.8212,-0.0794636,-0.277009,-0.0803402,-0.0897926,-0.267311,-0.0767919,-0.270697,13,21,-0.272181,13,21
2723,8,-0.69194,1.00091,0.355146,-0.825398,-0.00170197,-0.564543,0.00265286,-0.88879,0.00499884,-1.66761,0.0854449,-7.64195,-0.0617882,0.000575609,-1.1957,2.00081,0.000704091,-1.19585,2.00076,0.00266455,-1.69389,1.01221,0.00272041,-1.69367,1.01209,-0.361887,-0.149406,-0.097254,-0.383825,-0.145156,-0.100195,-0.91312,19.0348,15.8182,-0.896873,19.0468,15.8146,-0.0566357,-0.267285,-0.0723567,-0.0656585,-0.257812,-0.0685694,-0.214979,13,21,-0.217376,13,21
2724,8,-0.69283,1.00091,0.353476,-0.827553,-0.00176491,-0.561378,0.00264735,-0.892881,0.00499411,-1.6725,0.0865108,-7.67752,-0.0608009,0.000220725,-1.19584,2.00071,0.000327274,-1.19599,2.00066,0.00175709,-1.67483,1.02802,0.0018295,-1.6746,1.0279,-0.34788,-0.141215,-0.0951838,-0.369809,-0.136687,-0.0980824,-0.901787,19.0792,15.8107,-0.884944,19.0914,15.8071,-0.0345365,-0.258069,-0.0645043,-0.0422454,-0.248841,-0.0604803,-0.159873,13,21,-0.163225,13,21
2725,8,-0.693725,1.00092,0.351801,-0.829707,-0.00182801,-0.558189,0.00264106,-0.89716,0.00499001,-1.67755,0.0875311,-7.71557,-0.0597541,-0.00011972,-1.19598,2.00062,-3.51E-05,-1.19613,2.00056,0.00086125,-1.65573,1.04383,0.000950766,-1.65549,1.0437,-0.33301,-0.133309,-0.0929058,-0.354853,-0.128542,-0.0957557,-0.889901,19.1176,15.8026,-0.872527,19.13,15.799,-0.0132435,-0.24935,-0.0568068,-0.0196364,-0.240386,-0.0525492,-0.105426,13,21,-0.10977,13,21
2726,8,-0.694625,1.00092,0.350121,-0.83186,-0.00189125,-0.554976,0.00263396,-0.901614,0.00498653,-1.68276,0.0885044,-7.75597,-0.0586503,-0.000444989,-1.19611,2.00052,-0.000382091,-1.19625,2.00047,-2.25E-05,-1.6366,1.05963,8.46E-05,-1.63634,1.0595,-0.317527,-0.125742,-0.0904727,-0.339215,-0.120774,-0.0932688,-0.87757,19.1506,15.794,-0.859731,19.1633,15.7903,0.00718322,-0.241115,-0.0492832,0.00210344,-0.232429,-0.0447956,-0.051675,13,21,-0.057046,13,21
2727,8,-0.695529,1.00093,0.348436,-0.834012,-0.00195459,-0.551737,0.00262605,-0.906232,0.00498363,-1.68812,0.0894299,-7.79862,-0.0574919,-0.000754582,-1.19623,2.00044,-0.000713263,-1.19637,2.00037,-0.00089371,-1.61743,1.07541,-0.000768546,-1.61717,1.07528,-0.301657,-0.118552,-0.0879306,-0.323129,-0.113419,-0.0906688,-0.864878,19.179,15.7848,-0.846635,19.1918,15.7811,0.0266994,-0.233343,-0.0419481,0.0229255,-0.224949,-0.0372347,0.00134914,13,21,-0.00507822,13,21
2728,8,-0.696437,1.00093,0.346745,-0.836163,-0.00201801,-0.548471,0.00261732,-0.911004,0.00498128,-1.69366,0.0903065,-7.84343,-0.0562816,-0.00104821,-1.19635,2.00035,-0.00102823,-1.19648,2.00028,-0.00175209,-1.59824,1.09119,-0.00160851,-1.59796,1.09106,-0.285599,-0.111764,-0.0853201,-0.306803,-0.106497,-0.087997,-0.851887,19.2031,15.7753,-0.833302,19.2161,15.7715,0.0452749,-0.226014,-0.0348119,0.0427958,-0.217924,-0.0298772,0.0536226,13,21,0.0461128,13,21
2729,8,-0.697351,1.00094,0.345048,-0.838314,-0.00208148,-0.545178,0.00260775,-0.915919,0.00497946,-1.69936,0.0911332,-7.89029,-0.0550217,-0.00132577,-1.19646,2.00026,-0.00132684,-1.19658,2.0002,-0.00259736,-1.57903,1.10696,-0.00243506,-1.57874,1.10683,-0.26953,-0.105388,-0.0826758,-0.29042,-0.100018,-0.085289,-0.838645,19.2234,15.7654,-0.819778,19.2366,15.7616,0.0628926,-0.219105,-0.0278819,0.0616937,-0.211326,-0.0227305,0.105126,13,21,0.0965109,13,21
2730,8,-0.698269,1.00094,0.343346,-0.840464,-0.00214497,-0.541857,0.00259733,-0.920967,0.00497815,-1.70524,0.0919092,-7.93912,-0.053715,-0.00158734,-1.19656,2.00018,-0.00160912,-1.19668,2.00011,-0.00342927,-1.5598,1.12273,-0.00324799,-1.55949,1.12258,-0.253602,-0.0994265,-0.0800276,-0.274139,-0.0939803,-0.0825752,-0.825188,19.2405,15.7554,-0.806096,19.2537,15.7515,0.0795464,-0.21259,-0.0211621,0.0796104,-0.205131,-0.0157991,0.155841,13,21,0.146103,13,21
2731,8,-0.699193,1.00095,0.341638,-0.842615,-0.00220844,-0.538505,0.00258606,-0.926139,0.00497733,-1.7113,0.0926338,-7.98984,-0.052364,-0.00183311,-1.19666,2.0001,-0.00187524,-1.19677,2.00003,-0.00424764,-1.54055,1.13848,-0.00404718,-1.54023,1.13833,-0.237948,-0.0938712,-0.0774006,-0.2581,-0.0883732,-0.0798813,-0.811543,19.2546,15.7452,-0.792281,19.2679,15.7412,0.0952404,-0.206446,-0.0146539,0.0965472,-0.199311,-0.00908452,0.205756,13,21,0.19488,13,21
2732,8,-0.700122,1.00095,0.339923,-0.844767,-0.00227187,-0.535124,0.00257392,-0.931426,0.00497698,-1.71754,0.0933064,-8.04236,-0.0509714,-0.00206343,-1.19675,2.00003,-0.0021255,-1.19686,1.99995,-0.00505228,-1.52129,1.15422,-0.0048325,-1.52096,1.15407,-0.222679,-0.0887084,-0.0748157,-0.242418,-0.0831801,-0.0772285,-0.797728,19.2662,15.7348,-0.778351,19.2796,15.7309,0.109987,-0.200647,-0.0083568,0.112514,-0.19384,-0.00258626,0.254858,13,21,0.242831,13,21
2733,8,-0.701056,1.00096,0.338203,-0.846919,-0.00233522,-0.531711,0.00256092,-0.936819,0.00497709,-1.72397,0.0939264,-8.0966,-0.0495401,-0.00227871,-1.19683,1.99995,-0.0023603,-1.19694,1.99988,-0.00584302,-1.50202,1.16995,-0.00560383,-1.50167,1.16979,-0.207889,-0.0839184,-0.0722899,-0.227191,-0.0783788,-0.0746343,-0.783756,19.2756,15.7245,-0.764315,19.289,15.7205,0.123806,-0.19517,-0.00226815,0.12753,-0.188694,0.00369814,0.303137,13,21,0.28995,13,21
2734,8,-0.701995,1.00096,0.336475,-0.849071,-0.00239848,-0.528266,0.00254703,-0.942309,0.00497764,-1.73058,0.0944933,-8.15251,-0.0480727,-0.00247948,-1.19692,1.99988,-0.00258015,-1.19701,1.9998,-0.00661971,-1.48274,1.18566,-0.00636108,-1.48238,1.18551,-0.193653,-0.0794779,-0.069837,-0.2125,-0.0739435,-0.0721127,-0.769636,19.2831,15.7142,-0.750181,19.2965,15.7101,0.136723,-0.189991,0.00361607,0.141618,-0.183847,0.00977265,0.350581,13,21,0.33623,13,21
2735,8,-0.70294,1.00097,0.334741,-0.851225,-0.0024616,-0.524789,0.00253226,-0.947887,0.00497863,-1.73738,0.0950068,-8.21,-0.046572,-0.00266632,-1.19699,1.99982,-0.0027856,-1.19708,1.99973,-0.00738222,-1.46345,1.20137,-0.00710414,-1.46308,1.20121,-0.180032,-0.0753606,-0.0674677,-0.198409,-0.0698456,-0.0696746,-0.755372,19.2889,15.7039,-0.735951,19.3023,15.6997,0.148769,-0.185089,0.00930115,0.154809,-0.179277,0.0156425,0.397183,13,21,0.381665,13,21
2736,8,-0.703891,1.00097,0.333001,-0.85338,-0.00252456,-0.521278,0.0025166,-0.953547,0.00498003,-1.74437,0.0954667,-8.26901,-0.0450409,-0.00283988,-1.19707,1.99975,-0.00297729,-1.19715,1.99967,-0.00813039,-1.44416,1.21707,-0.00783293,-1.44378,1.21691,-0.167072,-0.0715388,-0.06519,-0.184966,-0.0660551,-0.0673281,-0.740964,19.2933,15.6937,-0.721624,19.3066,15.6895,0.159979,-0.180444,0.0147933,0.167136,-0.174963,0.021314,0.442933,13,21,0.426249,13,21
2737,8,-0.704847,1.00098,0.331253,-0.855535,-0.00258734,-0.517732,0.00250006,-0.959279,0.00498184,-1.75156,0.0958726,-8.32949,-0.0434822,-0.00300082,-1.19714,1.99968,-0.00315588,-1.19722,1.9996,-0.00886407,-1.42487,1.23276,-0.00854734,-1.42447,1.23259,-0.154807,-0.0679835,-0.0630096,-0.17221,-0.062541,-0.065079,-0.726411,19.2966,15.6836,-0.707195,19.3098,15.6793,0.170393,-0.176037,0.0200996,0.178637,-0.170886,0.0267941,0.487823,13,21,0.469976,13,21
2738,8,-0.70581,1.00098,0.329497,-0.857692,-0.00264991,-0.514151,0.00248262,-0.965076,0.00498406,-1.75894,0.0962247,-8.39136,-0.0418987,-0.00314985,-1.1972,1.99962,-0.00332206,-1.19728,1.99953,-0.00958313,-1.40557,1.24844,-0.00924727,-1.40516,1.24827,-0.143259,-0.0646658,-0.0609302,-0.160164,-0.0592725,-0.0629312,-0.711708,19.2988,15.6737,-0.69266,19.312,15.6694,0.180049,-0.171851,0.0252276,0.189353,-0.167029,0.0320904,0.531844,13,21,0.51284,13,21
2739,8,-0.706778,1.00099,0.327734,-0.859852,-0.00271222,-0.510531,0.00246428,-0.971295,0.00498722,-1.76687,0.0964348,-8.47148,-0.040268,-0.00329457,-1.19727,1.99956,-0.00348357,-1.19734,1.99947,-0.0103042,-1.38637,1.26419,-0.00995042,-1.38594,1.26402,-0.146181,-0.0700539,-0.0670276,-0.162844,-0.0648072,-0.0689403,-0.730424,19.1095,15.83,-0.713648,19.1165,15.8313,0.188991,-0.167872,0.0301852,0.199324,-0.163374,0.0372108,0.574988,12.3342,21,0.554836,12.3094,21
2740,8,-0.707752,1.00099,0.325963,-0.862019,-0.00277416,-0.506862,0.00244502,-0.977931,0.00499501,-1.77567,0.0962358,-8.57689,-0.0384007,-0.00345138,-1.19735,1.99948,-0.00365744,-1.19741,1.99939,-0.0110591,-1.36747,1.28016,-0.0106894,-1.36704,1.27998,-0.167436,-0.0870479,-0.0815011,-0.184899,-0.0818567,-0.0833632,-0.779446,18.6836,16.0975,-0.764315,18.6872,16.0984,0.197674,-0.16383,0.0353035,0.209014,-0.159652,0.0424857,0.618252,11.182,21,0.597025,11.1566,21
2741,8,-0.708734,1.001,0.324183,-0.864201,-0.00283556,-0.503133,0.00242482,-0.98475,0.00500633,-1.78538,0.0957552,-8.70172,-0.0364936,-0.00363503,-1.19745,1.99939,-0.00385909,-1.19751,1.9993,-0.0118651,-1.34907,1.29637,-0.0114809,-1.34864,1.2962,-0.199861,-0.110741,-0.0984459,-0.218407,-0.105522,-0.100273,-0.832522,18.1082,16.3413,-0.818731,18.1088,16.3417,0.207083,-0.159117,0.0412447,0.219446,-0.155252,0.0485778,0.663548,10.0482,21,0.641364,10.0225,21
2742,8,-0.709722,1.001,0.322392,-0.866399,-0.00289633,-0.499338,0.00240372,-0.991667,0.00502114,-1.79593,0.0950444,-8.84221,-0.0345957,-0.00385402,-1.19757,1.99929,-0.00409719,-1.19762,1.99919,-0.0127219,-1.33131,1.31282,-0.0123244,-1.33088,1.31265,-0.238124,-0.137217,-0.115454,-0.257797,-0.131888,-0.117269,-0.880996,17.4108,16.5563,-0.868311,17.4089,16.5562,0.218102,-0.153183,0.0484426,0.231546,-0.14963,0.0559233,0.711907,8.94444,21,0.688856,8.91857,21
2743,8,-0.710717,1.00101,0.32059,-0.868617,-0.00295641,-0.49547,0.00238175,-0.99861,0.00503929,-1.80726,0.0941491,-8.99493,-0.0327427,-0.00411202,-1.19772,1.99916,-0.00437537,-1.19777,1.99907,-0.0136221,-1.3143,1.32947,-0.0132125,-1.31387,1.3293,-0.277882,-0.16327,-0.131202,-0.298563,-0.157761,-0.133019,-0.91951,16.6143,16.7435,-0.90775,16.61,16.743,0.231241,-0.145745,0.0569986,0.245832,-0.142508,0.0646249,0.763313,7.87887,21,0.739467,7.85304,21
2744,8,-0.711719,1.00101,0.318777,-0.870856,-0.00301574,-0.491523,0.00235895,-1.00551,0.00506052,-1.8193,0.093112,-9.15673,-0.0309629,-0.00440883,-1.1979,1.99903,-0.00469324,-1.19794,1.99893,-0.0145542,-1.29813,1.3463,-0.0141332,-1.2977,1.34612,-0.315725,-0.186438,-0.144869,-0.337175,-0.180703,-0.146688,-0.944701,15.7391,16.9042,-0.933733,15.7326,16.9034,0.246721,-0.13673,0.0668648,0.262522,-0.133819,0.0746365,0.817328,6.85812,21,0.792749,6.83248,21
2745,8,-0.712728,1.00102,0.316951,-0.873118,-0.0030743,-0.487494,0.00233536,-1.0123,0.0050845,-1.83195,0.0919719,-9.32476,-0.0292772,-0.00474123,-1.19809,1.99888,-0.00504733,-1.19813,1.99877,-0.0155039,-1.28285,1.36327,-0.0150723,-1.28244,1.36309,-0.349092,-0.20496,-0.155934,-0.370989,-0.198975,-0.157741,-0.95467,14.804,17.04,-0.944403,14.7955,17.0388,0.26453,-0.126239,0.0779077,0.281595,-0.123665,0.0858248,0.873254,5.88752,21,0.847993,5.8622,21
2746,8,-0.713744,1.00102,0.315113,-0.875402,-0.00313209,-0.483381,0.00231104,-1.01894,0.00511085,-1.84515,0.0907636,-9.49645,-0.0277001,-0.00510386,-1.1983,1.99872,-0.00543189,-1.19833,1.99861,-0.0164556,-1.26854,1.38037,-0.016014,-1.26813,1.38019,-0.376168,-0.217691,-0.164086,-0.398147,-0.211453,-0.16586,-0.948607,13.8259,17.1522,-0.938986,13.8155,17.1507,0.284474,-0.114497,0.0899398,0.30284,-0.112274,0.0980019,0.930235,4.97123,21,0.904337,4.94636,21
2747,8,-0.714766,1.00103,0.313261,-0.877707,-0.0031891,-0.479181,0.00228602,-1.02536,0.00513914,-1.85879,0.0895175,-9.66954,-0.0262404,-0.00548984,-1.19852,1.99855,-0.00583969,-1.19855,1.99844,-0.0173931,-1.25522,1.39756,-0.0169422,-1.25482,1.39738,-0.395782,-0.224005,-0.169181,-0.417456,-0.217532,-0.170896,-0.926507,12.8201,17.2424,-0.917511,12.8081,17.2406,0.306232,-0.101817,0.102741,0.325914,-0.0999617,0.110946,0.987334,4.11233,21,0.960839,4.08803,21
2748,8,-0.715794,1.00103,0.311395,-0.880034,-0.00324535,-0.474894,0.00226036,-1.03155,0.00516896,-1.87281,0.0882601,-9.84207,-0.0249022,-0.00589138,-1.19875,1.99838,-0.00626257,-1.19877,1.99827,-0.0183009,-1.24291,1.41484,-0.0178413,-1.24252,1.41466,-0.407303,-0.223704,-0.17121,-0.428288,-0.217033,-0.172837,-0.888958,11.8005,17.312,-0.880593,11.7869,17.31,0.32939,-0.0885664,0.116071,0.350382,-0.0870921,0.124416,1.04359,3.31295,21,1.01653,3.28932,21
2749,8,-0.716829,1.00104,0.309515,-0.88238,-0.00330086,-0.47052,0.00223411,-1.03748,0.00519989,-1.88711,0.0870141,-10.0123,-0.0236857,-0.00630031,-1.19897,1.99821,-0.00669195,-1.19898,1.9981,-0.0191638,-1.23162,1.43218,-0.0186962,-1.23125,1.43199,-0.410542,-0.216935,-0.170265,-0.430475,-0.210116,-0.171777,-0.836984,10.7792,17.3628,-0.829279,10.7643,17.3605,0.353483,-0.0751351,0.129687,0.375754,-0.0740552,0.138166,1.09805,2.57433,21,1.07048,2.55147,21
2750,8,-0.717869,1.00104,0.307621,-0.884744,-0.00335566,-0.46606,0.0022073,-1.04311,0.00523153,-1.90163,0.0857982,-10.1789,-0.0225881,-0.00670841,-1.19918,1.99804,-0.00711929,-1.19918,1.99793,-0.0199683,-1.22134,1.44956,-0.0194933,-1.22099,1.44937,-0.405668,-0.204103,-0.166525,-0.424215,-0.197198,-0.167894,-0.771919,9.76718,17.3963,-0.764921,9.75097,17.3938,0.378018,-0.0619159,0.143346,0.401517,-0.0612407,0.15195,1.14983,1.89694,21,1.12177,1.87493,21
2751,8,-0.718915,1.00105,0.305712,-0.887123,-0.00340978,-0.461515,0.00217997,-1.04845,0.00526349,-1.91629,0.0846284,-10.3406,-0.0216045,-0.00710781,-1.19937,1.99788,-0.0075364,-1.19937,1.99777,-0.0207019,-1.21207,1.46696,-0.0202203,-1.21174,1.46677,-0.393126,-0.185809,-0.160228,-0.409995,-0.178887,-0.161432,-0.695317,8.77391,17.4143,-0.689086,8.7566,17.4116,0.402505,-0.0492848,0.156818,0.427158,-0.0490213,0.165537,1.1981,1.28055,21,1.1696,1.25948,21
2752,8,-0.719966,1.00105,0.303788,-0.889515,-0.00346327,-0.456888,0.00215217,-1.05348,0.00529544,-1.93103,0.0835173,-10.4964,-0.0207287,-0.00749116,-1.19955,1.99772,-0.00793565,-1.19954,1.99761,-0.021354,-1.20378,1.48438,-0.0208666,-1.20346,1.48419,-0.373569,-0.162788,-0.151658,-0.388513,-0.155922,-0.152677,-0.608876,7.80771,17.4184,-0.603479,7.78943,17.4154,0.426468,-0.0375875,0.169888,0.452184,-0.0377387,0.17871,1.24211,0.724315,21,1.21322,0.704249,21
2753,8,-0.721022,1.00106,0.30185,-0.891917,-0.00351615,-0.45218,0.00212392,-1.05821,0.00532705,-1.94579,0.0824752,-10.6456,-0.0199533,-0.00785184,-1.1997,1.99757,-0.00831022,-1.19968,1.99746,-0.0219156,-1.19644,1.50179,-0.0214233,-1.19614,1.5016,-0.3478,-0.135854,-0.141125,-0.360618,-0.12912,-0.141945,-0.514381,6.87569,17.4103,-0.509889,6.85659,17.4071,0.449469,-0.0271296,0.182363,0.476139,-0.0276945,0.191274,1.28124,0.226866,21,1.252,0.207868,21
2754,8,-0.722082,1.00107,0.299897,-0.894327,-0.00356848,-0.447394,0.00209526,-1.06263,0.00535802,-1.96053,0.0815101,-10.7876,-0.0192707,-0.0081841,-1.19982,1.99744,-0.00865415,-1.1998,1.99733,-0.0223796,-1.19001,1.51919,-0.0218833,-1.18973,1.519,-0.316715,-0.105861,-0.128958,-0.327255,-0.0993328,-0.129566,-0.413654,5.98384,17.3917,-0.410135,5.96408,17.3883,0.47111,-0.0181703,0.194074,0.498613,-0.0191432,0.203059,1.31494,-0.213636,21,1.2854,-0.231513,21
2755,8,-0.723147,1.00107,0.297929,-0.896742,-0.0036203,-0.442534,0.00206621,-1.06676,0.00538812,-1.97518,0.0806281,-10.9219,-0.0186729,-0.00848309,-1.19991,1.99732,-0.00896249,-1.19988,1.9972,-0.0227407,-1.18445,1.53657,-0.0222414,-1.18419,1.53637,-0.281263,-0.0736668,-0.115486,-0.289418,-0.0674152,-0.115877,-0.308515,5.13711,17.3642,-0.306034,5.11684,17.3605,0.491046,-0.0109188,0.204878,0.519249,-0.0122896,0.21392,1.34278,-0.599422,21,1.313,-0.616133,21
2756,8,-0.724216,1.00108,0.295946,-0.899159,-0.00367164,-0.437602,0.00203679,-1.0706,0.00541712,-1.98972,0.0798333,-11.0483,-0.0181522,-0.00874492,-1.19996,1.99721,-0.00923126,-1.19993,1.99709,-0.0229954,-1.17971,1.55392,-0.0224941,-1.17947,1.55371,-0.24241,-0.040104,-0.101036,-0.248117,-0.0341955,-0.101205,-0.20075,4.33945,17.3293,-0.19936,4.31883,17.3255,0.508985,-0.00553301,0.214655,0.537749,-0.00728717,0.223737,1.36444,-0.93305,21,1.33448,-0.948561,21
2757,8,-0.725288,1.00108,0.293949,-0.901575,-0.00372255,-0.432601,0.00200704,-1.07416,0.00544482,-2.00411,0.0791288,-11.1667,-0.0177011,-0.00896668,-1.19999,1.99712,-0.00945749,-1.19995,1.997,-0.0231418,-1.17574,1.57123,-0.0226397,-1.17553,1.57102,-0.201107,-0.00595982,-0.0859198,-0.204345,-0.000454592,-0.0858691,-0.0920805,3.59388,17.2886,-0.091825,3.57306,17.2846,0.524695,-0.00211989,0.223316,0.553875,-0.00423885,0.232421,1.37972,-1.21735,21,1.34965,-1.23163,21
2758,8,-0.726364,1.00109,0.291938,-0.903988,-0.00377307,-0.427536,0.00197697,-1.07746,0.00547107,-2.01833,0.078516,-11.2769,-0.0173125,-0.00914637,-1.19998,1.99704,-0.00963919,-1.19993,1.99692,-0.0231799,-1.1725,1.58849,-0.0226781,-1.1723,1.58828,-0.15827,0.0280402,-0.0704344,-0.159053,0.0330892,-0.0701672,0.0158599,2.90256,17.2436,0.0149523,2.88169,17.2393,0.538001,-0.000737972,0.230795,0.567449,-0.00319934,0.239904,1.38851,-1.45535,21,1.35838,-1.46839,21
2759,8,-0.727443,1.00109,0.289913,-0.906395,-0.00382324,-0.422409,0.00194658,-1.0805,0.00549573,-2.03235,0.0779957,-11.3791,-0.0169796,-0.00928288,-1.19993,1.99697,-0.00977528,-1.19988,1.99686,-0.0231112,-1.16991,1.60571,-0.0226109,-1.16974,1.6055,-0.114757,0.0612435,-0.0548528,-0.113134,0.0657913,-0.0543758,0.121545,2.26685,17.1954,0.119461,2.24607,17.1909,0.548782,-0.00140038,0.237049,0.578351,-0.00417838,0.246145,1.39079,-1.65024,21,1.36069,-1.66203,21
2760,8,-0.728525,1.0011,0.287874,-0.908793,-0.00387311,-0.417224,0.00191591,-1.08331,0.00551869,-2.04616,0.0775672,-11.4733,-0.0166962,-0.00937594,-1.19985,1.99693,-0.00986555,-1.1998,1.99681,-0.0229386,-1.16793,1.62288,-0.022441,-1.16778,1.62266,-0.0713627,0.0930774,-0.0394236,-0.0674106,0.0970873,-0.0387458,0.223574,1.68733,17.1453,0.220315,1.66681,17.1407,0.556973,-0.00407889,0.24206,0.586517,-0.0071448,0.251127,1.38667,-1.80532,21,1.35665,-1.81586,21
2761,8,-0.729609,1.0011,0.285821,-0.911181,-0.0039227,-0.411984,0.00188497,-1.08589,0.00553987,-2.05975,0.0772295,-11.5598,-0.0164566,-0.00942603,-1.19975,1.9969,-0.00991057,-1.19969,1.99678,-0.0226665,-1.16651,1.64,-0.0221727,-1.16637,1.63978,-0.0288003,0.123053,-0.0243683,-0.0226223,0.126497,-0.0235009,0.320683,1.16396,17.0944,0.316269,1.14381,17.0896,0.562557,-0.00870852,0.245831,0.591933,-0.0120312,0.254852,1.37632,-1.92395,21,1.34646,-1.93325,21
2762,8,-0.730696,1.00111,0.283754,-0.913555,-0.00397207,-0.406693,0.00185375,-1.08827,0.0055592,-2.07311,0.0769806,-11.6389,-0.0162553,-0.00943428,-1.19961,1.99688,-0.00991159,-1.19955,1.99677,-0.0223003,-1.16558,1.65707,-0.0218115,-1.16546,1.65684,0.0122979,0.150765,-0.00988085,0.0205772,0.153623,-0.00883678,0.411757,0.696019,17.0436,0.406221,0.676392,17.0387,0.565562,-0.0151924,0.248383,0.594634,-0.0187387,0.257342,1.35999,-2.00949,21,1.33036,-2.01757,21
2763,8,-0.731786,1.00111,0.281674,-0.915913,-0.00402123,-0.401353,0.00182228,-1.09044,0.00557665,-2.08624,0.0768179,-11.7109,-0.0160875,-0.00940243,-1.19945,1.99688,-0.00987049,-1.19938,1.99677,-0.0218465,-1.16509,1.67409,-0.0213638,-1.16499,1.67386,0.0513862,0.175892,0.00387315,0.0616243,0.178153,0.00507956,0.495837,0.282282,16.9938,0.489227,0.263292,16.9887,0.566057,-0.023407,0.249753,0.594696,-0.0271423,0.258635,1.33802,-2.06529,21,1.30869,-2.07217,21
2764,8,-0.732877,1.00112,0.279582,-0.918254,-0.00407024,-0.395968,0.00179057,-1.09244,0.0055922,-2.09913,0.0767385,-11.7761,-0.0159487,-0.00933274,-1.19926,1.99689,-0.00978966,-1.19919,1.99678,-0.0213125,-1.16499,1.69106,-0.0208369,-1.16491,1.69082,0.0880056,0.198193,0.0167558,0.100045,0.199854,0.0181091,0.572125,-0.0789855,16.9457,0.564502,-0.0972261,16.9405,0.564146,-0.0332067,0.249993,0.59223,-0.0370956,0.258785,1.31079,-2.09463,21,1.28183,-2.10037,21
2765,8,-0.73397,1.00113,0.277476,-0.920575,-0.00411912,-0.390541,0.00175862,-1.09426,0.00560583,-2.1118,0.0767388,-11.835,-0.0158347,-0.00922784,-1.19905,1.99691,-0.00967191,-1.19898,1.9968,-0.0207064,-1.16522,1.70798,-0.0202389,-1.16516,1.70774,0.121783,0.217501,0.0286561,0.135455,0.218565,0.03014,0.639984,-0.389936,16.8998,0.631421,-0.407326,16.8946,0.559964,-0.0444293,0.249168,0.587379,-0.0484358,0.257858,1.27875,-2.10073,21,1.25021,-2.10535,21
2766,8,-0.735066,1.00113,0.275358,-0.922874,-0.0041679,-0.385075,0.00172643,-1.09593,0.00561758,-2.12424,0.0768151,-11.888,-0.0157419,-0.00909074,-1.19883,1.99694,-0.0095204,-1.19876,1.99684,-0.020037,-1.16574,1.72486,-0.0195785,-1.1657,1.72461,0.152426,0.23372,0.0394889,0.167554,0.234198,0.0410867,0.69894,-0.653078,16.8567,0.68952,-0.66953,16.8514,0.553671,-0.0569001,0.247352,0.580314,-0.0609883,0.255928,1.24239,-2.08667,21,1.21434,-2.09021,21
2767,8,-0.736162,1.00114,0.273228,-0.925151,-0.00421661,-0.379571,0.00169402,-1.09745,0.00562747,-2.13647,0.0769633,-11.9354,-0.0156668,-0.00892467,-1.19859,1.99699,-0.00933856,-1.19852,1.99688,-0.0193132,-1.16651,1.7417,-0.0188645,-1.16648,1.74144,0.179723,0.246816,0.0491935,0.196125,0.246727,0.0508878,0.748678,-0.871215,16.8167,0.73849,-0.886653,16.8113,0.545444,-0.0704367,0.244626,0.571224,-0.0745712,0.253079,1.20222,-2.05538,21,1.17471,-2.05791,21
2768,8,-0.73726,1.00114,0.271086,-0.927404,-0.00426536,-0.374034,0.00166142,-1.09857,0.00563192,-2.14842,0.077441,-11.975,-0.0158404,-0.00873258,-1.19833,1.99704,-0.0091291,-1.19826,1.99694,-0.0185338,-1.16744,1.7584,-0.0180959,-1.16743,1.75814,0.204446,0.258185,0.0582613,0.222805,0.257432,0.0601707,0.810123,-0.988875,16.5864,0.798557,-1.00672,16.5928,0.53548,-0.0848528,0.241078,0.560314,-0.088999,0.2494,1.15879,-2.00965,20.6641,1.13187,-2.01122,20.6847
2769,8,-0.738359,1.00115,0.268931,-0.929629,-0.00431434,-0.368469,0.0016287,-1.09867,0.0056307,-2.15995,0.0782413,-12.0014,-0.0162271,-0.00851597,-1.19807,1.9971,-0.00889288,-1.198,1.997,-0.017665,-1.16838,1.77456,-0.0172383,-1.16839,1.77432,0.228784,0.270193,0.0674545,0.249641,0.268744,0.069654,0.92732,-0.897323,15.7414,0.916712,-0.914458,15.7512,0.523955,-0.100003,0.23678,0.547746,-0.104124,0.244957,1.11203,-1.95384,19.328,1.08576,-1.95442,19.3485
2770,8,-0.739457,1.00115,0.266766,-0.931825,-0.00436361,-0.362878,0.00159589,-1.09839,0.00562587,-2.17135,0.0790185,-12.0247,-0.0165596,-0.00827809,-1.1978,1.99717,-0.00863325,-1.19773,1.99708,-0.0166843,-1.16923,1.78982,-0.0162676,-1.16925,1.78959,0.246966,0.27725,0.0735618,0.269602,0.275163,0.075954,1.03423,-0.795744,14.7796,1.0246,-0.811291,14.7899,0.510958,-0.115854,0.231752,0.533573,-0.119909,0.239765,1.0599,-1.89726,18.0349,1.0343,-1.89678,18.0547
2771,8,-0.740556,1.00116,0.264589,-0.933992,-0.00441314,-0.357264,0.00156297,-1.09791,0.00561839,-2.18267,0.0797264,-12.047,-0.0168095,-0.00802525,-1.19752,1.99725,-0.00835728,-1.19745,1.99715,-0.0156092,-1.16999,1.80413,-0.015202,-1.17003,1.8039,0.25871,0.278943,0.0772894,0.282344,0.276291,0.079774,1.11585,-0.727606,13.8281,1.10677,-0.741413,13.8382,0.496685,-0.132277,0.226111,0.517995,-0.136226,0.23394,1.00106,-1.84647,16.8141,0.976058,-1.84501,16.8331
2772,8,-0.741653,1.00117,0.2624,-0.936128,-0.00446289,-0.351627,0.00152993,-1.09731,0.00560889,-2.19389,0.0803843,-12.0683,-0.0169954,-0.00776337,-1.19724,1.99733,-0.00807157,-1.19718,1.99723,-0.014466,-1.1707,1.8175,-0.0140677,-1.17075,1.81728,0.265061,0.276186,0.0794743,0.289079,0.273047,0.081976,1.17059,-0.696941,12.9189,1.16166,-0.709071,12.9284,0.481515,-0.148963,0.220077,0.501437,-0.15277,0.227711,0.936554,-1.80077,15.6698,0.912117,-1.79843,15.688
2773,8,-0.74275,1.00117,0.260201,-0.938235,-0.00451282,-0.345967,0.00149675,-1.09661,0.00559782,-2.20503,0.0810202,-12.0884,-0.0171392,-0.00749722,-1.19697,1.99741,-0.00778143,-1.19691,1.99732,-0.0132805,-1.1714,1.82999,-0.0128912,-1.17146,1.82978,0.267229,0.270092,0.0806587,0.291195,0.266539,0.0831252,1.20048,-0.69817,12.0587,1.19138,-0.708739,12.0677,0.465802,-0.165617,0.213806,0.484294,-0.16925,0.221241,0.86796,-1.75803,14.5999,0.844064,-1.75491,14.6173
2774,8,-0.743846,1.00118,0.25799,-0.94031,-0.00456292,-0.340286,0.00146343,-1.09585,0.00558552,-2.21605,0.0816575,-12.107,-0.017257,-0.00723047,-1.1967,1.99749,-0.00749089,-1.19665,1.9974,-0.012076,-1.17211,1.84164,-0.011696,-1.17218,1.84144,0.266286,0.261645,0.0811694,0.289901,0.257749,0.0835659,1.20841,-0.723908,11.2479,1.19897,-0.73304,11.2563,0.449833,-0.182005,0.207401,0.466886,-0.185438,0.214637,0.796828,-1.71618,13.6008,0.773473,-1.71238,13.6175
2775,8,-0.744942,1.00118,0.255769,-0.942354,-0.0046132,-0.334583,0.00142995,-1.09504,0.00557225,-2.22695,0.0823139,-12.1237,-0.0173593,-0.00696577,-1.19644,1.99757,-0.00720285,-1.19639,1.99748,-0.0108731,-1.17285,1.85251,-0.0105028,-1.17294,1.85232,0.263098,0.251636,0.0812084,0.286168,0.247462,0.0835123,1.19741,-0.767054,10.4848,1.18753,-0.774863,10.4927,0.433828,-0.197958,0.200928,0.449453,-0.201166,0.207969,0.724561,-1.67351,12.6685,0.701763,-1.66913,12.6845
2776,8,-0.746039,1.00119,0.253537,-0.944358,-0.00467905,-0.328883,0.0014109,-1.09979,0.00624976,-2.23697,0.121819,-12.046,-0.0926932,-0.00669431,-1.19617,1.99767,-0.00699529,-1.20427,1.99835,-0.0097875,-1.17358,1.86262,-0.00929991,-1.17366,1.86245,0.279836,0.287114,0.120982,0.128944,-15.9928,1.64865,0.973808,-0.692401,9.72714,1.21825,-0.679446,9.76158,0.417946,-0.213356,0.194433,0.432171,-0.216323,0.201286,0.652386,-1.62878,11.7992,0.630168,-1.62389,11.8145
2777,8,-0.747141,1.00119,0.2513,-0.946316,-0.00470585,-0.323206,0.00138216,-1.10372,0.0074634,-2.23788,-0.0514661,-11.9748,0.0708033,-0.00653097,-1.20389,1.99865,-0.00697662,-1.22016,2.00001,-0.0087234,-1.17425,1.87203,-0.0083127,-1.17429,1.87184,0.0468338,-15.7162,1.83094,-0.0915875,-15.7942,1.67214,1.15438,-0.643602,9.09623,0.756166,-0.57425,9.03188,0.401658,-0.229519,0.186345,0.419718,0.256039,0.132,0.58725,-1.585,10.9907,0.557994,-1.58026,11.0044
2778,8,-0.748244,1.0012,0.249065,-0.948235,-0.00468297,-0.317534,0.00133095,-1.10205,0.00771273,-2.23037,-0.0364031,-11.9783,0.0564176,-0.00649427,-1.21952,2.00046,-0.0070592,-1.23588,2.00167,-0.00765527,-1.17491,1.88081,-0.00759455,-1.17488,1.88058,0.0265698,-15.5381,1.79579,-0.0735733,-15.6491,1.64549,0.981892,-0.664155,8.45881,0.68014,-0.60967,8.43607,0.391858,0.233353,0.108268,0.418597,1.20965,-0.00083224,0.523404,-1.54492,10.2378,0.498762,-1.54265,10.2526
2779,8,-0.749345,1.00121,0.246839,-0.95012,-0.00466836,-0.311848,0.00128361,-1.10044,0.00792828,-2.22166,-0.0244519,-11.9814,0.0452415,-0.00647572,-1.23498,2.00224,-0.00712599,-1.25146,2.0033,-0.00675568,-1.17558,1.88897,-0.00695676,-1.17551,1.88872,0.0105224,-15.3811,1.7543,-0.0600042,-15.4972,1.61599,0.817294,-0.689322,7.86311,0.595438,-0.641827,7.85664,0.389656,1.17098,-0.036801,0.423552,2.15295,-0.133538,0.459316,-1.50569,9.53558,0.455673,-1.50713,9.55391
2780,8,-0.750445,1.00122,0.244623,-0.951971,-0.0046603,-0.30615,0.00123927,-1.09891,0.00811233,-2.21178,-0.0147238,-11.9846,0.0364379,-0.00647166,-1.25028,2.00397,-0.00718074,-1.26687,2.0049,-0.00601648,-1.17628,1.89655,-0.00640699,-1.17616,1.8963,-0.00238733,-15.2187,1.71231,-0.0495051,-15.339,1.58373,0.661108,-0.716066,7.30589,0.504095,-0.673755,7.30716,0.388543,2.09856,-0.178805,0.427559,3.08734,-0.263997,0.405341,-1.46508,8.88271,0.417406,-1.46959,8.9022
2781,8,-0.751543,1.00123,0.242416,-0.953789,-0.00465747,-0.300439,0.00119726,-1.09748,0.00826929,-2.20075,-0.00678648,-11.9883,0.0295365,-0.00647925,-1.26541,2.00566,-0.00722621,-1.28213,2.00647,-0.0054289,-1.17701,1.9036,-0.00595055,-1.17685,1.90335,-0.0127964,-15.051,1.66941,-0.0414346,-15.1748,1.54879,0.514036,-0.742091,6.78481,0.408793,-0.704787,6.79048,0.388299,3.01655,-0.317469,0.430844,4.01243,-0.391986,0.360989,-1.42292,8.27595,0.384419,-1.43012,8.29565
2782,8,-0.75264,1.00123,0.240222,-0.955573,-0.00465884,-0.294716,0.00115705,-1.09615,0.00840357,-2.18861,-0.000298446,-11.9926,0.0241603,-0.00649625,-1.28038,2.00731,-0.00726457,-1.29722,2.008,-0.0049836,-1.17777,1.91014,-0.00559006,-1.17757,1.9099,-0.021209,-14.8782,1.62533,-0.0352847,-15.0048,1.51125,0.376578,-0.765686,6.29784,0.312175,-0.733555,6.30634,0.388755,3.92464,-0.452738,0.433573,4.92784,-0.517287,0.325734,-1.37918,7.71232,0.357033,-1.38876,7.73174
2783,8,-0.753735,1.00124,0.23804,-0.957323,-0.00466357,-0.28898,0.00111819,-1.09493,0.00851906,-2.17537,0.00502042,-11.9977,0.0200036,-0.00652087,-1.29516,2.00891,-0.00729753,-1.31214,2.00949,-0.00467077,-1.17854,1.91621,-0.00532571,-1.17832,1.91598,-0.0280344,-14.7003,1.57981,-0.0306429,-14.8293,1.47115,0.249072,-0.785622,5.84312,0.216527,-0.758804,5.8535,0.389775,4.82252,-0.584528,0.435874,5.83323,-0.639688,0.299016,-1.33394,7.18901,0.335404,-1.34561,7.20787
2784,8,-0.75483,1.00125,0.235871,-0.95904,-0.00467099,-0.28323,0.00108033,-1.09382,0.00861906,-2.16108,0.00940219,-12.0039,0.0168185,-0.00655169,-1.30977,2.01047,-0.00732644,-1.32688,2.01094,-0.00448038,-1.17934,1.92184,-0.00515559,-1.17909,1.92162,-0.0336075,-14.5175,1.53266,-0.027171,-14.6485,1.42853,0.131714,-0.801076,5.41887,0.12371,-0.779587,5.43047,0.391252,5.70987,-0.712733,0.437852,6.72826,-0.758984,0.280246,-1.2874,6.70337,0.319543,-1.30084,6.72148
2785,8,-0.755923,1.00126,0.233718,-0.960723,-0.00468056,-0.277467,0.00104319,-1.09283,0.00870632,-2.14576,0.0130389,-12.0112,0.0144046,-0.0065876,-1.3242,2.01197,-0.00735232,-1.34143,2.01234,-0.00440224,-1.18014,1.92706,-0.00507615,-1.17988,1.92686,-0.0382008,-14.3299,1.48372,-0.0245932,-14.4625,1.38341,0.0245698,-0.811556,5.02338,0.0351836,-0.795289,5.0357,0.393102,6.58641,-0.837232,0.439586,7.61259,-0.874971,0.268823,-1.2398,6.25289,0.309336,-1.25469,6.27012
2786,8,-0.757015,1.00127,0.23158,-0.962373,-0.00469187,-0.27169,0.00100655,-1.09196,0.00878309,-2.12944,0.0160886,-12.02,0.012601,-0.00662772,-1.33843,2.01343,-0.00737596,-1.3558,2.0137,-0.00442616,-1.18096,1.9319,-0.00508253,-1.18068,1.93171,-0.0420363,-14.1376,1.43283,-0.0226844,-14.2716,1.33582,-0.0724178,-0.816848,4.65501,-0.047953,-0.805586,4.66764,0.395256,7.45183,-0.957888,0.441139,8.48592,-0.987449,0.264134,-1.19142,5.8352,0.304569,-1.20744,5.85147
2787,8,-0.758107,1.00128,0.22946,-0.963989,-0.00470458,-0.265899,0.000970212,-1.09122,0.00885123,-2.11215,0.0186806,-12.0302,0.0112793,-0.00667138,-1.35247,2.01484,-0.00739794,-1.36997,2.01501,-0.00454208,-1.18177,1.93638,-0.00516897,-1.18148,1.9362,-0.0452922,-13.9408,1.37991,-0.0212636,-14.076,1.28578,-0.159413,-0.816957,4.31216,-0.124916,-0.810401,4.32479,0.397663,8.30586,-1.07455,0.442558,9.34794,-1.09622,0.26557,-1.14257,5.44807,0.304952,-1.15942,5.46334
2788,8,-0.759198,1.00129,0.227357,-0.965572,-0.00471844,-0.260093,0.000934041,-1.09061,0.00891226,-2.09393,0.0209195,-12.042,0.0103376,-0.00671808,-1.36631,2.01619,-0.00741866,-1.38395,2.01627,-0.00474012,-1.18259,1.94054,-0.00532902,-1.18229,1.94037,-0.0481118,-13.7394,1.32487,-0.0201844,-13.8757,1.23332,-0.236677,-0.812064,3.99329,-0.195191,-0.80985,4.00568,0.400283,9.14821,-1.18706,0.443876,10.1984,-1.20108,0.272525,-1.09356,5.08938,0.310138,-1.11094,5.10364
2789,8,-0.760288,1.0013,0.225272,-0.967121,-0.00473325,-0.254272,0.000897914,-1.09013,0.00896743,-2.0748,0.0228894,-12.0555,0.00969605,-0.00676744,-1.37995,2.01749,-0.00743842,-1.39772,2.01748,-0.00501073,-1.1834,1.94438,-0.00555586,-1.1831,1.94423,-0.0506077,-13.5337,1.26767,-0.0193314,-13.671,1.17849,-0.304551,-0.802478,3.69692,-0.258491,-0.804201,3.70889,0.403085,9.97862,-1.29525,0.44512,11.0369,-1.30185,0.284407,-1.04469,4.75717,0.319741,-1.06233,4.77042
2790,8,-0.761378,1.0013,0.223207,-0.968637,-0.00474887,-0.248434,0.000861735,-1.0898,0.00901776,-2.0548,0.0246567,-12.0707,0.00929238,-0.00681918,-1.39338,2.01872,-0.00745739,-1.41129,2.01863,-0.00534474,-1.18419,1.94794,-0.00584247,-1.1839,1.9478,-0.0528692,-13.3238,1.20828,-0.0186126,-13.4619,1.12131,-0.36345,-0.788602,3.42165,-0.31472,-0.793832,3.43305,0.406047,10.7968,-1.39895,0.446305,11.8633,-1.39832,0.300644,-0.996252,4.44956,0.333352,-1.01391,4.46184
2791,8,-0.762468,1.00131,0.221163,-0.97012,-0.00476518,-0.242579,0.000825427,-1.0896,0.00906408,-2.03395,0.0262733,-12.0877,0.00907861,-0.0068731,-1.40659,2.0199,-0.00747567,-1.42464,2.01972,-0.00573338,-1.18497,1.95123,-0.00618179,-1.18469,1.9511,-0.0549641,-13.1097,1.1467,-0.0179575,-13.2487,1.06185,-0.413839,-0.770901,3.16611,-0.363934,-0.779196,3.17685,0.409151,11.6025,-1.49799,0.447443,12.6773,-1.49031,0.320684,-0.948519,4.16481,0.350548,-0.965969,4.17616
2792,8,-0.763557,1.00132,0.21914,-0.971569,-0.00478357,-0.236707,0.000789144,-1.08952,0.00902888,-2.01259,0.0332884,-12.107,0.00672203,-0.00693197,-1.41959,2.02102,-0.0074904,-1.43779,2.02075,-0.00617073,-1.18573,1.95428,-0.00656269,-1.18546,1.95416,-0.0627915,-12.8916,1.08178,-0.0114908,-13.0353,1.00264,-0.460855,-0.750364,2.92842,-0.397851,-0.764473,2.94101,0.412386,12.3955,-1.59219,0.44854,13,-1.57764,0.344003,-0.901734,3.9013,0.370908,-0.918778,3.91177
2793,8,-0.764647,1.00133,0.217138,-0.972985,-0.00480708,-0.230816,0.00075326,-1.08954,0.00887948,-1.99107,0.0463612,-12.129,0.00222486,-0.00700177,-1.43237,2.02206,-0.00749553,-1.45072,2.02173,-0.00665263,-1.18647,1.9571,-0.00696929,-1.18622,1.95699,-0.0768068,-12.6712,1.01423,0.00122436,-12.8242,0.944739,-0.502956,-0.728954,2.70798,-0.415357,-0.751649,2.72399,0.415918,13,-1.68133,0.449424,13,-1.66022,0.370244,-0.856096,3.65752,0.393761,-0.872468,3.66705
2794,8,-0.765737,1.00134,0.215158,-0.974368,-0.00483668,-0.224905,0.000717757,-1.08964,0.00870762,-1.9698,0.0571884,-12.1542,-0.000864926,-0.0070842,-1.44494,2.02305,-0.00748931,-1.46343,2.02264,-0.00716802,-1.18719,1.95971,-0.00738993,-1.18696,1.95962,-0.0880433,-12.454,0.947954,0.0112134,-12.6149,0.886536,-0.527824,-0.711112,2.50599,-0.425927,-0.740229,2.52254,0.420106,13,-1.76517,0.449732,13,-1.73811,0.399158,-0.811717,3.43207,0.418157,-0.826984,3.44045
2795,8,-0.766826,1.00135,0.213198,-0.975719,-0.00487123,-0.218973,0.000682291,-1.0898,0.00851753,-1.94877,0.0662226,-12.1821,-0.00288023,-0.00717676,-1.45728,2.02396,-0.00747418,-1.47595,2.0235,-0.00770099,-1.18789,1.96212,-0.00781782,-1.1877,1.96205,-0.09707,-12.2396,0.883032,0.0190432,-12.4075,0.828468,-0.538107,-0.695368,2.31958,-0.429843,-0.729295,2.33539,0.425052,13,-1.84366,0.449359,13,-1.81136,0.430081,-0.768515,3.22351,0.443396,-0.782228,3.23059
2796,8,-0.767916,1.00136,0.21126,-0.977036,-0.00490984,-0.213018,0.000646602,-1.09002,0.00831274,-1.92799,0.0738219,-12.2124,-0.0040789,-0.00727746,-1.46942,2.02481,-0.00745208,-1.48825,2.0243,-0.0082382,-1.18858,1.96435,-0.00824655,-1.18842,1.9643,-0.104339,-12.0278,0.819529,0.025164,-12.202,0.770901,-0.536323,-0.680884,2.14711,-0.427615,-0.718249,2.16158,0.430605,13,-1.9169,0.448451,13,-1.87996,0.462059,-0.72632,3.03048,0.469069,-0.738142,3.03627
2797,8,-0.769006,1.00137,0.209342,-0.97832,-0.0049518,-0.20704,0.000610498,-1.09032,0.00809613,-1.90743,0.0802706,-12.2448,-0.00465955,-0.00738473,-1.48134,2.0256,-0.00742453,-1.50035,2.02504,-0.00876873,-1.18926,1.96642,-0.0086703,-1.18913,1.96638,-0.110207,-11.8183,0.75751,0.0299292,-11.9982,0.714136,-0.524736,-0.667105,1.98744,-0.419892,-0.706692,2.00026,0.436648,13,-1.985,0.447125,13,-1.94394,0.494292,-0.685033,2.85182,0.494793,-0.694716,2.85639
2798,8,-0.770097,1.00137,0.207445,-0.97957,-0.00499656,-0.201038,0.000573839,-1.09069,0.00786999,-1.8871,0.0857941,-12.2792,-0.00477448,-0.00749731,-1.49306,2.02633,-0.00739276,-1.51225,2.02573,-0.00928377,-1.18992,1.96833,-0.00908394,-1.18983,1.9683,-0.114953,-11.6112,0.697042,0.0336185,-11.7961,0.658422,-0.505344,-0.653644,1.83961,-0.407393,-0.694366,1.85063,0.443084,13,-2.04808,0.445472,13,-2.00334,0.526124,-0.644593,2.68644,0.520218,-0.651968,2.68992
2799,8,-0.771188,1.00138,0.205568,-0.980788,-0.00504365,-0.195012,0.000536524,-1.09113,0.00763614,-1.86699,0.0905701,-12.3152,-0.0045395,-0.00761419,-1.50456,2.027,-0.00735773,-1.52394,2.02636,-0.00977639,-1.19056,1.9701,-0.00948307,-1.19052,1.97008,-0.118797,-11.4061,0.638187,0.0364498,-11.5958,0.603964,-0.479893,-0.640222,1.70275,-0.390867,-0.681121,1.71193,0.449839,13,-2.10626,0.443566,13,-2.05824,0.557026,-0.604971,2.53335,0.545037,-0.609936,2.53588
2800,8,-0.772279,1.00139,0.203711,-0.981972,-0.00509272,-0.188959,0.00049848,-1.09164,0.00739604,-1.84711,0.0947384,-12.3526,-0.00404219,-0.00773454,-1.51587,2.02761,-0.0073202,-1.53544,2.02694,-0.0102413,-1.1912,1.97174,-0.00986404,-1.1912,1.97173,-0.121913,-11.203,0.581001,0.0385949,-11.3972,0.550925,-0.449895,-0.626645,1.57606,-0.371062,-0.666891,1.58342,0.456851,13,-2.15967,0.441464,13,-2.10874,0.586583,-0.566155,2.39166,0.568984,-0.568671,2.39338
2801,8,-0.773371,1.0014,0.201874,-0.983121,-0.00514347,-0.182882,0.000459658,-1.09222,0.00715082,-1.82744,0.0984076,-12.3912,-0.00334799,-0.00785771,-1.52697,2.02816,-0.00728081,-1.54674,2.02746,-0.0106746,-1.19182,1.97326,-0.0102239,-1.19186,1.97325,-0.124431,-11.0018,0.525534,0.0401857,-11.2002,0.499437,-0.416654,-0.612784,1.45878,-0.348697,-0.651671,1.46439,0.464073,13,-2.20844,0.439212,13,-2.15493,0.614477,-0.528149,2.26051,0.591842,-0.528231,2.26157
2802,8,-0.774464,1.0014,0.200056,-0.984237,-0.00519566,-0.176777,0.000420022,-1.09288,0.00690139,-1.80799,0.101662,-12.4309,-0.00250553,-0.00798316,-1.53787,2.02866,-0.00724006,-1.55784,2.02794,-0.0110735,-1.19242,1.97467,-0.0105605,-1.1925,1.97466,-0.126457,-10.8024,0.471824,0.0413259,-11.0048,0.449601,-0.381286,-0.598567,1.35024,-0.324451,-0.635509,1.3542,0.471463,13,-2.2527,0.436849,13,-2.19695,0.640474,-0.490966,2.13911,0.613435,-0.488674,2.13966
2803,8,-0.775557,1.00141,0.198257,-0.985318,-0.0052491,-0.170646,0.000379552,-1.09362,0.00664849,-1.78874,0.104565,-12.4715,-0.00155038,-0.00811042,-1.54858,2.0291,-0.00719835,-1.56875,2.02836,-0.0114365,-1.19301,1.97597,-0.0108722,-1.19313,1.97597,-0.128068,-10.6048,0.419904,0.0420932,-10.8111,0.401493,-0.344738,-0.583958,1.24976,-0.298948,-0.618485,1.2522,0.47899,13,-2.29259,0.434403,13,-2.23491,0.664412,-0.454625,2.02675,0.633629,-0.450059,2.02691
2804,8,-0.776651,1.00142,0.196478,-0.986365,-0.00530361,-0.164489,0.000338233,-1.09444,0.00639269,-1.76971,0.107167,-12.5128,-0.000508423,-0.00823912,-1.55908,2.0295,-0.00715603,-1.57946,2.02874,-0.0117628,-1.19359,1.97717,-0.011158,-1.19374,1.97717,-0.129326,-10.4088,0.369794,0.0425493,-10.6188,0.355167,-0.307805,-0.568958,1.15675,-0.27275,-0.600704,1.1578,0.486625,13,-2.32826,0.431901,13,-2.26895,0.686192,-0.419149,1.92275,0.652331,-0.412439,1.92266
2805,8,-0.777746,1.00142,0.194718,-0.987376,-0.00535905,-0.158304,0.000296057,-1.09535,0.00613448,-1.75089,0.109504,-12.5548,0.000601944,-0.00836892,-1.5694,2.02984,-0.00711338,-1.58999,2.02907,-0.0120523,-1.19415,1.97828,-0.0114176,-1.19433,1.97829,-0.130276,-10.2145,0.321505,0.0427389,-10.4282,0.310658,-0.271148,-0.553591,1.07065,-0.246353,-0.582286,1.07043,0.494347,13,-2.35985,0.429362,13,-2.29922,0.705769,-0.384562,1.82649,0.669482,-0.375863,1.82626
2806,8,-0.778842,1.00143,0.192976,-0.988351,-0.00541529,-0.152092,0.000253018,-1.09634,0.00587425,-1.73228,0.111602,-12.5972,0.00176763,-0.00849953,-1.57951,2.03014,-0.00707066,-1.60032,2.02936,-0.0123055,-1.1947,1.97931,-0.0116509,-1.1949,1.97932,-0.130952,-10.0218,0.275041,0.042698,-10.239,0.267982,-0.235308,-0.537898,0.990931,-0.220189,-0.563359,0.989586,0.502135,13,-2.3875,0.426803,13,-2.32585,0.723137,-0.350885,1.7374,0.685055,-0.340374,1.73713
2807,8,-0.779939,1.00143,0.191253,-0.989291,-0.00547222,-0.145854,0.000209115,-1.09743,0.00561234,-1.71388,0.113481,-12.6401,0.00297964,-0.0086307,-1.58944,2.03039,-0.00702809,-1.61047,2.02961,-0.0125235,-1.19523,1.98027,-0.0118583,-1.19545,1.98027,-0.131381,-9.83071,0.230394,0.0424516,-10.0513,0.227145,-0.200721,-0.521934,0.917106,-0.194624,-0.544055,0.914765,0.509972,13,-2.41136,0.42424,13,-2.349,0.738331,-0.318141,1.65493,0.699052,-0.306004,1.65473
2808,8,-0.781037,1.00144,0.189549,-0.990194,-0.00552971,-0.139588,0.000164347,-1.09862,0.00534903,-1.69569,0.115156,-12.6833,0.00423167,-0.00876218,-1.59918,2.0306,-0.00698585,-1.62043,2.02982,-0.0127078,-1.19574,1.98115,-0.0120406,-1.19599,1.98115,-0.131581,-9.6411,0.18755,0.0420212,-9.86503,0.188135,-0.167727,-0.50576,0.848727,-0.169962,-0.524501,0.845514,0.517842,13,-2.43158,0.421685,13,-2.3688,0.751412,-0.286346,1.57861,0.711496,-0.272782,1.57855
2809,8,-0.782136,1.00145,0.187862,-0.991061,-0.00558768,-0.133295,0.000118714,-1.0999,0.00508459,-1.6777,0.116636,-12.7267,0.00551956,-0.00889376,-1.60872,2.03077,-0.00694413,-1.6302,2.02999,-0.0128599,-1.19624,1.98197,-0.0121988,-1.1965,1.98196,-0.131567,-9.45299,0.146487,0.0414204,-9.6802,0.150933,-0.136585,-0.489443,0.785377,-0.146445,-0.504822,0.781407,0.525731,13,-2.4483,0.419151,13,-2.38541,0.762465,-0.255515,1.50798,0.722434,-0.240725,1.50814
2810,8,-0.783236,1.00145,0.186193,-0.99189,-0.00564603,-0.126975,7.22E-05,-1.10129,0.00481925,-1.65992,0.117927,-12.7702,0.00684032,-0.00902521,-1.61808,2.0309,-0.00690309,-1.63979,2.03012,-0.0129819,-1.19672,1.98272,-0.0123341,-1.197,1.98271,-0.131351,-9.26634,0.107175,0.0406625,-9.49677,0.115508,-0.107483,-0.473052,0.726673,-0.124265,-0.485132,0.722054,0.533625,13,-2.46166,0.416648,13,-2.39898,0.771595,-0.225659,1.44261,0.731926,-0.209845,1.44306
2811,8,-0.784338,1.00146,0.184542,-0.992681,-0.00570466,-0.120628,2.49E-05,-1.10279,0.00455325,-1.64235,0.119034,-12.8139,0.00819193,-0.00915636,-1.62726,2.03099,-0.00686288,-1.64919,2.03022,-0.013076,-1.19719,1.98342,-0.012448,-1.19747,1.98341,-0.130938,-9.08114,0.0695758,0.0397552,-9.31472,0.0818218,-0.0805455,-0.456652,0.67226,-0.103561,-0.465539,0.667088,0.541513,13,-2.47181,0.414185,13,-2.40963,0.778917,-0.196784,1.38213,0.740047,-0.180147,1.38293
2812,8,-0.785442,1.00146,0.182908,-0.993435,-0.00576348,-0.114255,-2.34E-05,-1.1044,0.00428679,-1.62499,0.119959,-12.8576,0.00957279,-0.009287,-1.63625,2.03104,-0.00682365,-1.65842,2.03028,-0.0131442,-1.19763,1.98407,-0.012542,-1.19793,1.98405,-0.130339,-8.89734,0.0336486,0.0387077,-9.134,0.0498288,-0.0558446,-0.440308,0.621809,-0.0844291,-0.446139,0.616174,0.549381,13,-2.47888,0.411773,13,-2.41753,0.784558,-0.168893,1.32617,0.746882,-0.151627,1.32736
2813,8,-0.786547,1.00146,0.181292,-0.99415,-0.00582239,-0.107855,-7.25E-05,-1.10612,0.0040201,-1.60784,0.120705,-12.9012,0.0109816,-0.00941694,-1.64505,2.03105,-0.00678553,-1.66746,2.03032,-0.0131888,-1.19807,1.98467,-0.0126177,-1.19837,1.98464,-0.129556,-8.71493,-0.000655494,0.037525,-8.95459,0.0194775,-0.033407,-0.42408,0.575019,-0.0669243,-0.427016,0.569001,0.55722,13,-2.48301,0.409419,13,-2.42279,0.788649,-0.141984,1.27441,0.752522,-0.124276,1.27603
2814,8,-0.787654,1.00147,0.179692,-0.994825,-0.00588131,-0.101429,-0.000122428,-1.10796,0.00375337,-1.5909,0.121272,-12.9448,0.0124172,-0.00954602,-1.65368,2.03104,-0.00674866,-1.67633,2.03032,-0.0132121,-1.19848,1.98522,-0.0126767,-1.19878,1.98519,-0.128595,-8.53388,-0.0333888,0.0362146,-8.77647,-0.00929004,-0.0132214,-0.408023,0.531612,-0.0510688,-0.408244,0.525284,0.565017,13,-2.48433,0.407132,13,-2.42556,0.791327,-0.116053,1.22654,0.757062,-0.0980817,1.22862
2815,8,-0.788763,1.00147,0.17811,-0.995462,-0.00594014,-0.0949776,-0.000173255,-1.10993,0.00348684,-1.57417,0.121661,-12.9882,0.0138782,-0.00967405,-1.66212,2.03099,-0.00671317,-1.68501,2.0303,-0.0132163,-1.19888,1.98573,-0.0127207,-1.19918,1.98569,-0.12746,-8.35416,-0.0646091,0.0347807,-8.5996,-0.036535,0.00475491,-0.392187,0.491332,-0.036855,-0.389888,0.484757,0.572761,13,-2.48296,0.40492,13,-2.42597,0.792726,-0.0910895,1.18227,0.760602,-0.0730238,1.18485
2816,8,-0.789874,1.00147,0.176544,-0.996058,-0.0059988,-0.0885003,-0.000224951,-1.11202,0.0032207,-1.55765,0.121873,-13.0315,0.0153633,-0.00980085,-1.67038,2.03091,-0.00667916,-1.69353,2.03025,-0.0132037,-1.19927,1.98621,-0.0127512,-1.19956,1.98616,-0.126156,-8.17574,-0.094377,0.0332304,-8.42395,-0.0623237,0.0205901,-0.376617,0.453944,-0.0242505,-0.371999,0.44718,0.580443,13,-2.47904,0.40279,13,-2.42414,0.79298,-0.0670832,1.14135,0.76324,-0.0490799,1.14445
2817,8,-0.790987,1.00148,0.174994,-0.996614,-0.0060572,-0.0819977,-0.000277517,-1.11424,0.0029552,-1.54135,0.121908,-13.0746,0.016871,-0.00992628,-1.67847,2.0308,-0.00664676,-1.70186,2.03018,-0.0131762,-1.19964,1.98664,-0.0127699,-1.19993,1.98659,-0.124686,-7.99859,-0.122757,0.031568,-8.24948,-0.0867247,0.034373,-0.36135,0.419231,-0.013203,-0.35462,0.412329,0.588051,13,-2.47268,0.40075,13,-2.42018,0.792219,-0.0440191,1.10354,0.765073,-0.0262233,1.10717
2818,8,-0.792107,1.00148,0.173463,-0.997127,-0.00610431,-0.075498,-0.000303079,-1.12517,0.00580206,-1.52105,0.0690513,-13.0054,-0.0884738,-0.0100215,-1.68638,2.0307,-0.00664386,-1.70999,2.03017,-0.0132323,-1.19994,1.98703,-0.0129509,-1.21383,2.00007,-0.0658556,-7.82174,-0.0843586,-0.0257555,-8.01503,0.0641419,-0.146616,-0.24083,0.360893,-0.348691,-27.4521,26.5562,0.595577,13,-2.464,0.398806,13,-2.41422,0.79057,-0.0218801,1.06862,0.766197,-0.00442467,1.07279
2819,8,-0.793238,1.00149,0.171967,-0.997588,-0.00596697,-0.0691612,-0.000303949,-1.13729,0.0106607,-1.4708,-0.620122,-12.4084,-0.0218661,-0.00975091,-1.69413,2.03092,-0.00700607,-1.7177,2.03036,-0.0130892,-1.21304,2.00006,-0.0136066,-1.24045,2.02592,0.607133,-7.68191,0.536686,-0.698682,-7.39886,0.323389,0.432734,-25.9714,25.6936,-0.962823,-25.7933,25.1385,0.601293,13,-2.45571,0.398631,13,-2.41332,0.793938,-0.00381471,1.03741,0.777053,0.829776,-0.00595086
2820,8,-0.794378,1.0015,0.170537,-0.997983,-0.0056819,-0.0632278,-0.000303015,-1.14139,0.0117986,-1.39085,-0.519872,-11.3777,-0.0450958,-0.00919908,-1.70153,2.03177,-0.0076489,-1.72485,2.03102,-0.0127132,-1.23784,2.02483,-0.0145036,-1.26514,2.05015,0.49652,-7.11601,1.1496,-0.586973,-6.89433,0.99977,0.319398,-23.6184,23.8386,-0.831163,-23.5745,23.3182,0.585054,13,-2.47381,0.420364,13,-2.42882,0.785354,0.782551,-0.00476712,0.816399,2.42714,-2.07374
2821,8,-0.795521,1.00151,0.169185,-0.998313,-0.00544448,-0.0578009,-0.000291479,-1.14513,0.0128521,-1.3114,-0.43176,-10.3697,-0.0646511,-0.00875115,-1.70837,2.0332,-0.00818642,-1.73149,2.03234,-0.0124461,-1.26035,2.04775,-0.0152731,-1.28761,2.07259,0.399339,-6.56444,1.72748,-0.48806,-6.39537,1.63486,0.214764,-21.4099,22.0108,-0.707719,-21.374,21.5675,0.551945,13,-2.54126,0.458934,13,-2.48175,0.76279,2.27024,-1.98605,0.870218,3.90817,-4.01201
2822,8,-0.796668,1.00153,0.167913,-0.998588,-0.00524884,-0.0528691,-0.000270656,-1.14848,0.0138247,-1.23256,-0.354528,-9.38758,-0.0809924,-0.00839438,-1.71467,2.0352,-0.00863084,-1.73764,2.03427,-0.0122779,-1.28067,2.06889,-0.0159234,-1.3079,2.09332,0.314208,-6.02662,2.26877,-0.400778,-5.90292,2.22651,0.121636,-19.2348,20.2651,-0.592913,-19.1991,19.8866,0.525069,13,-2.65634,0.491185,13,-2.58713,0.746765,3.62109,-3.82003,0.916385,5.25663,-5.80744
2823,8,-0.797818,1.00154,0.16672,-0.998814,-0.00508962,-0.0484191,-0.000241702,-1.15137,0.0147179,-1.15444,-0.287493,-8.43463,-0.0946647,-0.00811711,-1.72043,2.03772,-0.00899339,-1.7433,2.03677,-0.0121974,-1.29884,2.08832,-0.0164627,-1.32603,2.1124,0.240323,-5.50219,2.77233,-0.32432,-5.41701,2.77408,0.0393667,-17.1016,18.5989,-0.485729,-17.0574,18.274,0.503663,13,-2.81619,0.51785,13,-2.74159,0.736673,4.84043,-5.51107,0.955404,6.47382,-7.4656
2824,8,-0.79897,1.00156,0.165604,-0.999,-0.00496182,-0.0444361,-0.000205589,-1.15371,0.015534,-1.07719,-0.230039,-7.51407,-0.10613,-0.00790845,-1.72568,2.04073,-0.00928459,-1.74848,2.0398,-0.0121939,-1.3149,2.10612,-0.016899,-1.34203,2.1299,0.176997,-4.99085,3.23735,-0.258092,-4.93783,3.27723,-0.0324049,-15.0173,17.0097,-0.386767,-14.957,16.7287,0.487027,13,-3.01784,0.539603,13,-2.94161,0.731843,5.93053,-7.06563,0.987763,7.56152,-8.99202
2825,8,-0.800125,1.00157,0.164565,-0.999151,-0.00486077,-0.0409034,-0.000163136,-1.15545,0.0162756,-1.00092,-0.181404,-6.62886,-0.115794,-0.00775826,-1.73042,2.04418,-0.00951426,-1.75318,2.0433,-0.0122573,-1.3289,2.12238,-0.0172398,-1.35596,2.14589,0.123381,-4.49241,3.66324,-0.201242,-4.46566,3.73587,-0.0943852,-12.9894,15.4954,-0.294986,-12.9063,15.2494,0.474507,13,-3.25822,0.557076,13,-3.18366,0.731634,6.89409,-8.48998,1.01394,8.52195,-10.3921
2826,8,-0.801281,1.00159,0.163602,-0.999274,-0.00478218,-0.0378029,-0.000115025,-1.15652,0.0169464,-0.925747,-0.140942,-5.7816,-0.123989,-0.00765718,-1.73467,2.04803,-0.00969147,-1.75741,2.04725,-0.012378,-1.34091,2.13715,-0.0174929,-1.36787,2.16043,0.0787872,-4.00671,4.04966,-0.153182,-4.00081,4.15015,-0.14698,-11.0252,14.0537,-0.211103,-10.9135,13.8355,0.465496,13,-3.53425,0.570856,13,-3.46419,0.735438,7.7343,-9.79018,1.03439,9.35785,-11.6713
2827,8,-0.802437,1.00161,0.162713,-0.999372,-0.0047221,-0.0351154,-6.18E-05,-1.15689,0.0175498,-0.851791,-0.10787,-4.97465,-0.131002,-0.0075966,-1.73844,2.05226,-0.00982459,-1.76119,2.05158,-0.012547,-1.35099,2.15052,-0.0176655,-1.37782,2.17359,0.0423608,-3.53361,4.39645,-0.113048,-3.54362,4.52037,-0.190977,-9.13191,12.6831,-0.134035,-8.98685,12.4858,0.459431,13,-3.84276,0.581488,13,-3.77963,0.742679,8.45474,-10.9721,1.04957,10.0724,-12.8347
2828,8,-0.803594,1.00162,0.161897,-0.99945,-0.00467698,-0.0328203,-4.04E-06,-1.1565,0.0180904,-0.779152,-0.0815477,-4.20995,-0.137061,-0.00756871,-1.74174,2.05681,-0.00992125,-1.76451,2.05626,-0.0127559,-1.35921,2.16255,-0.0177648,-1.38588,2.18544,0.0134288,-3.073,4.70369,-0.0802696,-3.09445,4.84706,-0.226819,-7.31614,11.3815,-0.0645621,-7.13412,11.1996,0.455796,13,-4.18061,0.589475,13,-4.12645,0.752818,9.05945,-12.0416,1.05993,10.6695,-13.8875
2829,8,-0.80475,1.00164,0.161154,-0.999512,-0.00464358,-0.0308962,5.79E-05,-1.15532,0.018572,-0.707923,-0.0612065,-3.48918,-0.142354,-0.00756642,-1.74459,2.06165,-0.00998838,-1.76738,2.06125,-0.0129969,-1.36566,2.17332,-0.0177978,-1.39213,2.19602,-0.0088431,-2.62474,4.97158,-0.0539907,-2.6536,5.13086,-0.255357,-5.58416,10.1475,-0.00153059,-5.36231,9.97572,0.454123,13,-4.54461,0.595275,13,-4.50114,0.765352,9.55289,-13.0042,1.06589,11.1531,-14.8349
2830,8,-0.805904,1.00166,0.160481,-0.999559,-0.00461905,-0.0293209,0.000123771,-1.15333,0.0189996,-0.638187,-0.0462424,-2.8136,-0.147029,-0.00758338,-1.747,2.06673,-0.0100322,-1.76982,2.0665,-0.0132632,-1.37043,2.18288,-0.0177714,-1.39665,2.20542,-0.0250894,-2.18868,5.20051,-0.0336744,-2.22137,5.37258,-0.277049,-3.94137,8.97938,0.0542671,-3.67811,8.81375,0.453985,13,-4.93162,0.599303,13,-4.90026,0.779817,9.9399,-13.8654,1.06787,11.528,-15.6819
2831,8,-0.807056,1.00168,0.159877,-0.999595,-0.00460086,-0.0280716,0.000193127,-1.15051,0.0193773,-0.570017,-0.0359306,-2.18418,-0.151202,-0.00761398,-1.74898,2.07203,-0.0100583,-1.77183,2.07198,-0.0135481,-1.37359,2.19131,-0.0176923,-1.39954,2.21368,-0.0361003,-1.76464,5.39099,-0.0184947,-1.79799,5.5731,-0.292777,-2.39251,7.87573,0.104074,-2.08688,7.71234,0.455003,13,-5.33851,0.601932,13,-5.3204,0.795789,10.2257,-14.6304,1.06629,11.7992,-16.4335
2832,8,-0.808205,1.0017,0.15934,-0.999621,-0.00458678,-0.0271252,0.000265742,-1.14683,0.0197101,-0.503472,-0.0297292,-1.60149,-0.154958,-0.00765325,-1.75053,2.07749,-0.0100715,-1.77342,2.07763,-0.0138459,-1.37526,2.19866,-0.0175667,-1.40088,2.22087,-0.0424504,-1.35243,5.54369,-0.00796808,-1.38365,5.73345,-0.302982,-0.941276,6.83496,0.147118,-0.593495,6.67099,0.456839,13,-5.76217,0.603498,13,-5.75823,0.812884,10.4157,-15.3046,1.06154,11.9721,-17.0946
2833,8,-0.80935,1.00172,0.158869,-0.999639,-0.00457491,-0.0264583,0.000341369,-1.14231,0.0200018,-0.438604,-0.0269795,-1.06581,-0.158364,-0.00769691,-1.75169,2.0831,-0.0100762,-1.7746,2.08343,-0.0141517,-1.37553,2.20501,-0.0174007,-1.40077,2.22705,-0.0448645,-0.951804,5.65936,-0.00131925,-0.978493,5.85468,-0.308543,0.409398,5.8557,0.184735,0.798647,5.68831,0.459195,13,-6.19956,0.604291,13,-6.21049,0.830757,10.5157,-15.8931,1.054,12.0526,-17.6699
2834,8,-0.810489,1.00174,0.158462,-0.99965,-0.00456362,-0.0260473,0.000419777,-1.13694,0.0202574,-0.375449,-0.0272182,-0.57706,-0.161464,-0.00774126,-1.75244,2.0888,-0.0100759,-1.77538,2.08932,-0.0144609,-1.37449,2.2104,-0.0172003,-1.39933,2.23228,-0.0438406,-0.562536,5.73889,0.00186629,-0.582607,5.93801,-0.309854,1.65774,4.93637,0.216189,2.08677,4.76372,0.461815,13,-6.64768,0.60457,13,-6.67401,0.849102,10.5317,-16.4007,1.04404,12.0464,-18.1643
2835,8,-0.811623,1.00176,0.158117,-0.999655,-0.00455155,-0.025869,0.000500745,-1.13073,0.0204802,-0.314039,-0.0298672,-0.134906,-0.164288,-0.0077832,-1.75282,2.09456,-0.0100738,-1.77577,2.09528,-0.0147697,-1.37226,2.21491,-0.0169707,-1.39665,2.23661,-0.0400234,-0.184346,5.78323,0.00229651,-0.196047,5.98464,-0.307753,2.80273,4.07561,0.242894,3.2696,3.89574,0.464476,13,-7.10361,0.604554,13,-7.14572,0.867654,10.4696,-16.8324,1.03202,11.9598,-18.5823
2836,8,-0.81275,1.00178,0.157833,-0.999654,-0.00453757,-0.0259002,0.000584064,-1.12369,0.0206747,-0.254389,-0.034551,0.26132,-0.166859,-0.00782012,-1.75282,2.10034,-0.0100725,-1.77578,2.10127,-0.0150749,-1.36894,2.21858,-0.0167172,-1.39284,2.2401,-0.0338249,0.183029,5.79348,0.000306132,0.181187,5.99588,-0.302562,3.84452,3.2718,0.264149,4.34647,3.08364,0.466992,13,-7.56449,0.604429,13,-7.62263,0.886183,10.3358,-17.1929,1.01824,11.7991,-18.9287
2837,8,-0.81387,1.0018,0.157608,-0.999648,-0.0045208,-0.0261182,0.000669525,-1.11585,0.0208439,-0.19651,-0.0407784,0.61249,-0.169185,-0.00784993,-1.75246,2.10613,-0.0100741,-1.77541,2.10726,-0.0153737,-1.36463,2.22148,-0.0164444,-1.38801,2.2428,-0.0258015,0.539875,5.77074,-0.00347476,0.549104,5.97307,-0.29505,4.7839,2.52354,0.281415,5.31814,2.32581,0.469207,13,-8.02756,0.604351,13,-8.10185,0.904492,10.1364,-17.4867,1.00303,11.5707,-19.2079
2838,8,-0.814982,1.00182,0.157439,-0.999638,-0.00450051,-0.0265007,0.000756923,-1.10722,0.0209918,-0.140401,-0.0482629,0.91976,-0.171273,-0.00787097,-1.75174,2.11187,-0.0100802,-1.77468,2.1132,-0.0156639,-1.35942,2.22366,-0.0161567,-1.38226,2.24478,-0.0162767,0.886452,5.71628,-0.00879589,0.907752,5.91762,-0.285449,5.62272,1.82914,0.294011,6.18588,1.62138,0.470996,13,-8.49013,0.604446,13,-8.58061,0.92242,9.87755,-17.7186,0.986666,11.2807,-19.4243
2839,8,-0.816084,1.00184,0.157326,-0.999624,-0.00447619,-0.0270262,0.000846053,-1.09784,0.0211207,-0.0860577,-0.0565994,1.18444,-0.173123,-0.00788197,-1.75069,2.11754,-0.0100922,-1.7736,2.11908,-0.0159439,-1.35343,2.22517,-0.015858,-1.37569,2.24607,-0.00571791,1.22303,5.63134,-0.0151094,1.25717,5.83095,-0.274445,6.36335,1.18708,0.303417,6.9522,0.968565,0.472258,13,-8.94961,0.604814,13,-9.05623,0.939835,9.56536,-17.8927,0.969403,10.9356,-19.5822
2840,8,-0.817177,1.00186,0.157266,-0.999607,-0.00444745,-0.0276736,0.000936711,-1.08775,0.021234,-0.0334635,-0.0655857,1.40806,-0.174735,-0.00788201,-1.7493,2.12312,-0.0101109,-1.77217,2.12485,-0.0162122,-1.34674,2.22606,-0.0155518,-1.3684,2.24674,0.00563659,1.54983,5.51732,-0.0222484,1.59742,5.71455,-0.262172,7.00903,0.595594,0.308951,7.61995,0.366335,0.472918,13,-9.40352,0.605531,13,-9.52618,0.956632,9.20577,-18.0133,0.951481,10.5415,-19.6858
2841,8,-0.818259,1.00189,0.157258,-0.999586,-0.00441407,-0.028423,0.00102869,-1.07698,0.0213337,0.0173985,-0.0748971,1.59226,-0.176104,-0.00787049,-1.74759,2.12856,-0.0101369,-1.77041,2.13049,-0.0164679,-1.33946,2.22638,-0.0152413,-1.3605,2.24683,0.0174039,1.86707,5.37557,-0.0297462,1.92855,5.5699,-0.249225,7.56335,0.0530478,0.312074,8.19302,-0.187271,0.472921,13,-9.84946,0.606652,13,-9.988,0.972731,8.8046,-18.0846,0.933109,10.1043,-19.7392
2842,8,-0.819331,1.00191,0.1573,-0.999562,-0.00437591,-0.029255,0.0011218,-1.06557,0.0214224,0.0665546,-0.0844065,1.73886,-0.177229,-0.00784708,-1.74557,2.13386,-0.0101705,-1.76832,2.13598,-0.0167103,-1.33166,2.22619,-0.0149292,-1.35206,2.24639,0.0294231,2.17493,5.20758,-0.0375134,2.25058,5.39857,-0.235648,8.03055,-0.442457,0.31209,8.67542,-0.693454,0.472229,13,-10.2852,0.608212,13,-10.4394,0.988073,8.36743,-18.1106,0.914479,9.62991,-19.7463
2843,8,-0.82039,1.00193,0.15739,-0.999535,-0.00433296,-0.0301513,0.00121582,-1.05357,0.0215016,0.114031,-0.0938601,1.84973,-0.178104,-0.00781167,-1.74325,2.13897,-0.0102118,-1.76591,2.14128,-0.0169391,-1.32344,2.22552,-0.014618,-1.34319,2.24546,0.0413873,2.47355,5.01482,-0.0451596,2.56354,5.20208,-0.221945,8.41506,-0.892652,0.310414,9.07199,-1.15434,0.470825,13,-10.7085,0.610229,13,-10.8781,1.00262,7.89961,-18.095,0.895754,9.12386,-19.7111
2844,8,-0.821437,1.00195,0.157527,-0.999506,-0.00428525,-0.0310945,0.00131056,-1.04103,0.0215738,0.15986,-0.103206,1.92685,-0.178726,-0.00776428,-1.74063,2.14387,-0.0102608,-1.7632,2.14637,-0.0171541,-1.31487,2.22442,-0.0143096,-1.33396,2.2441,0.0533967,2.7631,4.79875,-0.0527124,2.86741,4.98206,-0.208047,8.72176,-1.29955,0.306311,9.38748,-1.57129,0.4687,13,-11.1174,0.61271,13,-11.3021,1.01635,7.40625,-18.0416,0.877079,8.59143,-19.6372
2845,8,-0.822472,1.00197,0.157709,-0.999476,-0.00423293,-0.0320683,0.00140583,-1.028,0.0216392,0.204076,-0.112207,1.97222,-0.179099,-0.00770527,-1.73773,2.14855,-0.010317,-1.76018,2.15123,-0.0173554,-1.30603,2.22294,-0.0140059,-1.32445,2.24234,0.0646183,3.04345,4.56113,-0.0596948,3.16218,4.74,-0.194478,8.95552,-1.66498,0.301173,9.62724,-1.94654,0.465857,13,-11.5099,0.615646,13,-11.7095,1.02925,6.89214,-17.9539,0.858577,8.03765,-19.5282
2846,8,-0.823493,1.00199,0.157935,-0.999444,-0.00417616,-0.0330574,0.00150142,-1.01453,0.0217006,0.246713,-0.120913,1.98794,-0.179212,-0.00763506,-1.73455,2.15299,-0.01038,-1.75688,2.15584,-0.0175431,-1.29699,2.22111,-0.0137082,-1.31474,2.24023,0.0757946,3.31488,4.30327,-0.0663519,3.44776,4.47761,-0.180997,9.12154,-1.99104,0.294184,9.7964,-2.28163,0.462316,13,-11.8843,0.619018,13,-12.0984,1.04132,6.36182,-17.8353,0.840352,7.46721,-19.3874
2847,8,-0.824501,1.00202,0.158202,-0.99941,-0.00411515,-0.0340474,0.00159714,-1.00068,0.0217575,0.287808,-0.12912,1.97605,-0.179075,-0.00755417,-1.7311,2.15715,-0.0104493,-1.75329,2.16018,-0.0177176,-1.28782,2.21898,-0.0134178,-1.30489,2.2378,0.0859889,3.57714,4.027,-0.0722254,3.7241,4.1964,-0.168088,9.22482,-2.27961,0.286675,9.90048,-2.57887,0.458104,13,-12.2389,0.622799,13,-12.4671,1.05259,5.81951,-17.6891,0.822492,6.8845,-19.2183
2848,8,-0.825494,1.00204,0.15851,-0.999377,-0.00405017,-0.035025,0.00169282,-0.986503,0.0218123,0.327398,-0.13691,1.93867,-0.178678,-0.00746322,-1.7274,2.16103,-0.0105242,-1.74943,2.16422,-0.0178794,-1.27857,2.21657,-0.0131355,-1.29497,2.23509,0.0959271,3.83041,3.73369,-0.0775834,3.99105,3.89808,-0.15547,9.2706,-2.53287,0.277809,9.94466,-2.83988,0.45325,13,-12.5721,0.626957,13,-12.8141,1.06306,5.26912,-17.5183,0.805066,6.29359,-19.0239
2849,8,-0.826474,1.00206,0.158856,-0.999343,-0.00398146,-0.035978,0.00178827,-0.972051,0.0218644,0.365521,-0.14412,1.87784,-0.178033,-0.00736286,-1.72345,2.16461,-0.010604,-1.74531,2.16796,-0.0180289,-1.2693,2.21393,-0.0128622,-1.28503,2.23214,0.104776,4.07441,3.42516,-0.0820411,4.2485,3.58415,-0.14356,9.26379,-2.75273,0.268826,9.93436,-3.06706,0.447793,13,-12.8826,0.631451,13,-13.1378,1.07277,4.71426,-17.3258,0.788131,5.69824,-18.8071
2850,8,-0.827438,1.00208,0.15924,-0.99931,-0.00390931,-0.0368953,0.00188331,-0.957381,0.0219156,0.402213,-0.150857,1.79564,-0.177132,-0.00725386,-1.71925,2.16788,-0.010688,-1.74094,2.17138,-0.0181667,-1.26007,2.21108,-0.0125984,-1.27513,2.22897,0.113238,4.30923,3.10278,-0.0858804,4.49628,3.2563,-0.13205,9.20941,-2.94138,0.258876,9.87457,-3.26204,0.441772,13,-13.1689,0.63624,13,-13.4371,1.08174,4.15823,-17.1143,0.771732,5.10187,-18.5709
2851,8,-0.828388,1.0021,0.15966,-0.999277,-0.00383402,-0.0377666,0.00197778,-0.942551,0.0219654,0.437509,-0.156993,1.69405,-0.175988,-0.00713695,-1.71483,2.17081,-0.0107753,-1.73633,2.17447,-0.0182934,-1.25091,2.20806,-0.0123444,-1.2653,2.22563,0.120571,4.53457,2.76836,-0.0887794,4.73424,2.91605,-0.121302,9.11213,-3.10071,0.249109,9.77043,-3.42725,0.435231,13,-13.43,0.641277,13,-13.7107,1.09,3.60403,-16.8866,0.755901,4.5076,-18.3177
2852,8,-0.829323,1.00212,0.160114,-0.999246,-0.00375586,-0.0385828,0.00207151,-0.927614,0.0220153,0.471446,-0.162646,1.57507,-0.174593,-0.00701294,-1.71019,2.17341,-0.0108652,-1.73148,2.17721,-0.0184096,-1.24186,2.20489,-0.0121005,-1.25561,2.22213,0.127447,4.75048,2.42326,-0.0910265,4.96218,2.56503,-0.110994,8.97664,-3.23289,0.23867,9.62658,-3.56432,0.428217,13,-13.6649,0.646517,13,-13.9576,1.09761,3.05438,-16.6449,0.740662,3.91825,-18.0501
2853,8,-0.830244,1.00215,0.160602,-0.999217,-0.00367512,-0.0393356,0.00216435,-0.912625,0.0220645,0.504056,-0.167713,1.4406,-0.172961,-0.00688262,-1.70534,2.17565,-0.0109569,-1.72641,2.1796,-0.0185158,-1.23297,2.20161,-0.0118668,-1.24607,2.21851,0.133205,4.95666,2.06924,-0.092352,5.17995,2.20473,-0.101443,8.80723,-3.33979,0.228623,9.44775,-3.67564,0.420777,13,-13.8725,0.651911,13,-14.1769,1.10457,2.51172,-16.3915,0.726028,3.33634,-17.7705
2854,8,-0.831149,1.00217,0.161122,-0.99919,-0.00359208,-0.0400178,0.00225615,-0.897637,0.0221142,0.535373,-0.172317,1.29252,-0.171086,-0.0067468,-1.70028,2.17754,-0.0110496,-1.72112,2.18162,-0.0186127,-1.22426,2.19823,-0.0116435,-1.23673,2.21479,0.138437,5.1531,1.70765,-0.0930378,5.38734,1.83674,-0.0923277,8.60817,-3.42349,0.218122,9.23815,-3.76281,0.412957,13,-14.0522,0.657413,13,-14.3677,1.11095,1.9782,-16.1286,0.71201,2.76411,-17.4809
2855,8,-0.832039,1.00219,0.161672,-0.999166,-0.00350604,-0.0406225,0.00234672,-0.882762,0.0222026,0.565225,-0.180279,1.13037,-0.168672,-0.00660441,-1.69504,2.17907,-0.0111444,-1.71564,2.18327,-0.0186706,-1.21581,2.19475,-0.0114322,-1.22761,2.211,0.146339,5.33718,1.34052,-0.0965235,5.58462,1.46048,-0.0235828,8.29034,-3.53324,0.204342,8.99847,-3.8258,0.404808,13,-14.2033,0.662974,13,-14.5293,1.11676,1.45574,-15.8581,0.698607,2.20353,-17.1833
2856,8,-0.832914,1.00221,0.162251,-0.999144,-0.00341631,-0.0411434,0.00243589,-0.868092,0.0223514,0.593667,-0.187635,0.956673,-0.166016,-0.00645468,-1.68961,2.18022,-0.011242,-1.70996,2.18454,-0.0186413,-1.20773,2.19115,-0.0112296,-1.21875,2.20715,0.15311,5.51035,0.968822,-0.0988377,5.77053,1.07926,0.0821575,7.87108,-3.65793,0.200961,8.71537,-3.87555,0.396264,13,-14.3252,0.668661,13,-14.6612,1.12024,0.948787,-15.5798,0.685933,1.65643,-16.8798
2857,8,-0.833775,1.00224,0.162859,-0.999127,-0.00332432,-0.0415748,0.00252355,-0.853749,0.0225445,0.620652,-0.189973,0.772749,-0.163481,-0.00630106,-1.68402,2.181,-0.0113393,-1.7041,2.18542,-0.0184975,-1.20011,2.18743,-0.0110051,-1.21023,2.20324,0.154144,5.67367,0.593139,-0.0956061,5.94315,0.696113,0.205483,7.36821,-3.78659,0.247924,8.32013,-3.94646,0.387281,13,-14.4176,0.674522,13,-14.7628,1.11848,0.463945,-15.2922,0.673774,1.12502,-16.5717
2858,8,-0.834622,1.00226,0.163492,-0.999113,-0.00323175,-0.0419124,0.00260968,-0.839831,0.0227938,0.646192,-0.190746,0.580823,-0.160987,-0.0061474,-1.67827,2.18141,-0.0114323,-1.69808,2.18593,-0.018204,-1.19301,2.18357,-0.0107188,-1.20216,2.19925,0.153175,5.826,0.216428,-0.0903944,6.10358,0.312402,0.381608,6.83556,-3.92582,0.324759,7.83442,-4.02695,0.378063,13,-14.4801,0.680355,13,-14.8338,1.10985,0.00676594,-14.9944,0.660308,0.613954,-16.2589
2859,8,-0.835455,1.00228,0.16415,-0.999103,-0.00314014,-0.0421534,0.00269429,-0.826395,0.0230814,0.670549,-0.186908,0.385961,-0.158774,-0.00599727,-1.67237,2.18143,-0.0115176,-1.6919,2.18605,-0.017747,-1.18647,2.17959,-0.010346,-1.1946,2.19518,0.147078,5.96967,-0.158664,-0.080261,6.25211,-0.06749,0.532431,6.24146,-4.0511,0.420821,7.28574,-4.10998,0.368844,13,-14.5125,0.685935,13,-14.8742,1.09224,-0.419347,-14.6859,0.643127,0.129317,-15.9399
2860,8,-0.836275,1.0023,0.164832,-0.999097,-0.00305164,-0.0422966,0.00277735,-0.813521,0.0233694,0.693678,-0.179147,0.189207,-0.156518,-0.00585531,-1.66634,2.18109,-0.0115908,-1.68558,2.18579,-0.0171457,-1.18054,2.17548,-0.00985361,-1.18759,2.19102,0.136832,6.1044,-0.530543,-0.0660895,6.38851,-0.442371,0.670065,5.61703,-4.16306,0.56396,6.71898,-4.20241,0.359836,13,-14.5148,0.691055,13,-14.884,1.06482,-0.811657,-14.3668,0.62076,-0.324287,-15.6144
2861,8,-0.837082,1.00233,0.165537,-0.999095,-0.00296709,-0.042342,0.00285872,-0.801246,0.023656,0.715782,-0.171976,-0.0053901,-0.153816,-0.00572347,-1.66017,2.18038,-0.01165,-1.67913,2.18517,-0.0164127,-1.17524,2.17127,-0.00922984,-1.18118,2.18678,0.126855,6.2298,-0.895011,-0.0524086,6.5154,-0.810727,0.795932,4.98407,-4.2613,0.683569,6.10994,-4.28213,0.351319,13,-14.4872,0.695446,13,-14.8636,1.02874,-1.16741,-14.0383,0.591216,-0.744429,-15.2819
2862,8,-0.837878,1.00235,0.166264,-0.999097,-0.00288636,-0.0422912,0.00293822,-0.789619,0.0239425,0.736892,-0.164739,-0.196239,-0.150807,-0.00560172,-1.65388,2.1793,-0.0116955,-1.67256,2.18418,-0.0155612,-1.17057,2.16696,-0.00849277,-1.17538,2.18247,0.116641,6.34635,-1.25086,-0.0386511,6.6328,-1.17077,0.907024,4.35624,-4.34522,0.790574,5.48694,-4.35133,0.343408,13,-14.4302,0.699,13,-14.8134,0.984763,-1.48544,-13.7013,0.553791,-1.1293,-14.9426
2863,8,-0.838662,1.00238,0.167011,-0.999103,-0.00280943,-0.0421463,0.00301572,-0.778675,0.0242275,0.757047,-0.157585,-0.381821,-0.147516,-0.00549025,-1.64748,2.17788,-0.0117274,-1.66587,2.18283,-0.0146069,-1.16652,2.16258,-0.00765529,-1.1702,2.17808,0.1063,6.45434,-1.59668,-0.0250064,6.74108,-1.52116,1.00167,3.74437,-4.41484,0.884388,4.86552,-4.40964,0.336103,13,-14.3444,0.701732,13,-14.7342,0.933674,-1.76565,-13.357,0.509566,-1.4772,-14.5972
2864,8,-0.839436,1.0024,0.167777,-0.999113,-0.0027362,-0.0419104,0.00309111,-0.768441,0.0245097,0.776282,-0.15075,-0.560892,-0.143953,-0.00538901,-1.64098,2.17612,-0.0117458,-1.65908,2.18114,-0.0135664,-1.16307,2.15814,-0.00673133,-1.16564,2.17365,0.0961755,6.55404,-1.93132,-0.0117776,6.84066,-1.86076,1.07929,3.15691,-4.47076,0.963541,4.25689,-4.45692,0.329415,13,-14.2305,0.703642,13,-14.6265,0.876413,-2.00867,-13.0066,0.459317,-1.78778,-14.2468
2865,8,-0.840199,1.00243,0.168563,-0.999126,-0.00266645,-0.0415869,0.00316428,-0.758934,0.0247884,0.794618,-0.144406,-0.732471,-0.140132,-0.00529771,-1.63438,2.17402,-0.0117512,-1.65219,2.17912,-0.0124569,-1.16019,2.15365,-0.00573601,-1.16168,2.16918,0.0864241,6.6457,-2.25381,0.000827951,6.93191,-2.18868,1.13968,2.59992,-4.5138,1.0271,3.66948,-4.49352,0.323341,13,-14.0893,0.704746,13,-14.4912,0.813985,-2.21571,-12.6512,0.40388,-2.06145,-13.8921
2866,8,-0.840954,1.00245,0.169366,-0.999143,-0.00259989,-0.0411798,0.00323512,-0.750166,0.0250633,0.812074,-0.138705,-0.895811,-0.136067,-0.00521587,-1.62769,2.17162,-0.0117445,-1.64522,2.17677,-0.0112954,-1.15785,2.14912,-0.00468517,-1.15829,2.16467,0.07727,6.7296,-2.56341,0.0126143,7.01517,-2.50419,1.18337,2.07776,-4.54504,1.07458,3.10941,-4.52002,0.317863,13,-13.9219,0.705074,13,-14.3292,0.747415,-2.38842,-12.2918,0.34416,-2.29924,-13.5341
2867,8,-0.8417,1.00248,0.170186,-0.999163,-0.00253618,-0.0406933,0.00330357,-0.742145,0.0253346,0.828657,-0.133712,-1.05036,-0.131782,-0.00514285,-1.62092,2.1689,-0.0117265,-1.63817,2.17411,-0.0100982,-1.15602,2.14456,-0.00359473,-1.15544,2.16014,0.0687734,6.80598,-2.8595,0.0234893,7.09078,-2.80668,1.21093,1.59298,-4.56555,1.1063,2.58105,-4.53733,0.312952,13,-13.7292,0.704671,13,-14.1415,0.677724,-2.52875,-11.9295,0.28111,-2.50261,-13.1736
2868,8,-0.842438,1.0025,0.171023,-0.999186,-0.00247492,-0.0401318,0.00336954,-0.734872,0.0256024,0.844373,-0.129476,-1.19573,-0.127298,-0.00507794,-1.61408,2.1659,-0.011698,-1.63104,2.17116,-0.00888119,-1.15465,2.13999,-0.00248019,-1.15311,2.1556,0.0610357,6.87512,-3.14165,0.0333721,7.15905,-3.0957,1.22319,1.14687,-4.57641,1.12277,2.08713,-4.54638,0.308571,13,-13.5123,0.703588,13,-13.9291,0.605895,-2.63887,-11.565,0.215684,-2.67332,-12.8113
2869,8,-0.84317,1.00253,0.171875,-0.999211,-0.00241574,-0.0395001,0.00343297,-0.728347,0.025867,0.859221,-0.126008,-1.33165,-0.122639,-0.00502039,-1.60717,2.16263,-0.0116602,-1.62385,2.16793,-0.00765905,-1.15371,2.13541,-0.00135639,-1.15125,2.15105,0.0540645,6.9373,-3.40951,0.0422369,7.22026,-3.37088,1.22111,0.739653,-4.57868,1.12485,1.62915,-4.54821,0.304677,13,-13.2723,0.701882,13,-13.693,0.532872,-2.72106,-11.1994,0.148812,-2.81337,-12.4479
2870,8,-0.843896,1.00255,0.172741,-0.999238,-0.00235823,-0.0388029,0.00349381,-0.722563,0.0261289,0.873201,-0.123306,-1.45797,-0.117825,-0.00496941,-1.60021,2.15909,-0.0116141,-1.6166,2.16443,-0.00644562,-1.15315,2.13084,-0.000237251,-1.14983,2.14651,0.0478947,6.99279,-3.66285,0.0500653,7.27472,-3.63194,1.20575,0.370736,-4.57336,1.11342,1.20748,-4.54376,0.301223,13,-13.0102,0.699614,13,-13.4343,0.459543,-2.77766,-10.8332,0.0813832,-2.92485,-12.0841
2871,8,-0.844616,1.00258,0.173621,-0.999267,-0.002302,-0.038045,0.00355203,-0.717514,0.0263884,0.886307,-0.121345,-1.57463,-0.112879,-0.00492421,-1.59319,2.15531,-0.0115606,-1.6093,2.16067,-0.00525366,-1.15295,2.12627,0.000864224,-1.14882,2.14197,0.0425025,7.04186,-3.90148,0.0568727,7.32271,-3.87869,1.17818,0.0389007,-4.56138,1.08953,0.821734,-4.53395,0.298165,13,-12.7273,0.696844,13,-13.1542,0.386737,-2.81097,-10.4671,0.0142351,-3.00995,-11.7205
2872,8,-0.845331,1.00261,0.174513,-0.999298,-0.00224668,-0.0372312,0.00360759,-0.713189,0.0266459,0.898536,-0.120091,-1.68162,-0.107822,-0.00488402,-1.58613,2.1513,-0.0115008,-1.60196,2.15668,-0.00409482,-1.15305,2.12172,0.00193608,-1.14817,2.13744,0.0378777,7.0848,-4.12531,0.0626829,7.3645,-4.11098,1.1395,-0.257535,-4.54361,1.05419,0.470868,-4.51965,0.295453,13,-12.4248,0.693636,13,-12.8538,0.315219,-2.82326,-10.1017,-0.0518535,-3.07083,-11.3573
2873,8,-0.846042,1.00263,0.175417,-0.999329,-0.0021919,-0.0363663,0.00366046,-0.709578,0.0269018,0.909882,-0.119496,-1.77898,-0.102674,-0.0048481,-1.57902,2.14707,-0.0114357,-1.59458,2.15246,-0.0029797,-1.15344,2.11719,0.00296741,-1.14786,2.13293,0.0339746,7.12188,-4.33428,0.0675404,7.40039,-4.32872,1.09073,-0.520584,-4.52085,1.00846,0.153399,-4.50164,0.293041,13,-12.1037,0.69005,13,-12.5342,0.245689,-2.8167,-9.73749,-0.116165,-3.10961,-10.9952
2874,8,-0.84675,1.00266,0.176332,-0.999362,-0.00213734,-0.0354551,0.00371063,-0.706668,0.0271564,0.92034,-0.119509,-1.86681,-0.0974552,-0.00481573,-1.57189,2.14264,-0.0113662,-1.58716,2.14803,-0.0019179,-1.15408,2.11268,0.00394832,-1.14785,2.12844,0.0307572,7.1534,-4.52839,0.0714932,7.43064,-4.53184,1.03288,-0.752475,-4.49385,0.953352,-0.132493,-4.48063,0.290886,13,-11.7653,0.686143,13,-12.1966,0.178782,-2.79336,-9.37491,-0.178045,-3.12834,-10.6344
2875,8,-0.847456,1.00269,0.177257,-0.999395,-0.0020827,-0.0345023,0.00375809,-0.704445,0.0274101,0.929904,-0.120071,-1.94524,-0.0921827,-0.00478627,-1.56472,2.13802,-0.0112932,-1.57972,2.1434,-0.000918031,-1.15493,2.1082,0.0048699,-1.14811,2.12397,0.0281689,7.17964,-4.70765,0.0746013,7.45554,-4.72034,0.966856,-0.955568,-4.4633,0.889808,-0.388838,-4.45727,0.288944,13,-11.4108,0.681972,13,-11.8422,0.115074,-2.75517,-9.01432,-0.236899,-3.12896,-10.2751
2876,8,-0.84816,1.00271,0.178192,-0.999429,-0.0020277,-0.0335127,0.00380285,-0.702893,0.027663,0.938571,-0.121123,-2.0144,-0.0868736,-0.0047591,-1.55753,2.13323,-0.0112174,-1.57225,2.13859,1.21E-05,-1.15598,2.10375,0.00572415,-1.14861,2.11952,0.0261601,7.20087,-4.87212,0.0769256,7.47536,-4.89421,0.893503,-1.13228,-4.42982,0.8187,-0.617797,-4.43213,0.287176,13,-11.0414,0.677589,13,-11.4721,0.0550819,-2.70393,-8.65603,-0.292194,-3.11332,-9.91755
2877,8,-0.848862,1.00274,0.179134,-0.999463,-0.00197211,-0.0324907,0.0038449,-0.701999,0.0279154,0.946337,-0.122602,-2.07447,-0.0815434,-0.00473369,-1.55032,2.12828,-0.0111397,-1.56477,2.13362,0.000865679,-1.15719,2.09934,0.00650391,-1.14933,2.11511,0.0246706,7.21739,-5.02187,0.0785324,7.49036,-5.05349,0.813558,-1.28502,-4.39401,0.74082,-0.821584,-4.40573,0.285546,13,-10.6582,0.673043,13,-11.0875,-0.000728915,-2.64129,-8.30031,-0.343449,-3.08312,-9.56197
2878,8,-0.849564,1.00277,0.180084,-0.999496,-0.00191569,-0.0314409,0.00388425,-0.701744,0.0281674,0.953201,-0.124448,-2.1256,-0.0762064,-0.00470953,-1.5431,2.12319,-0.0110606,-1.55728,2.12849,0.00163629,-1.15854,2.09497,0.00720275,-1.15025,2.11071,0.0236453,7.22946,-5.15698,0.0794874,7.50083,-5.19823,0.727666,-1.41616,-4.35638,0.656864,-1.00241,-4.37851,0.284021,13,-10.2624,0.66838,13,-10.6896,-0.0519407,-2.56877,-7.94736,-0.390235,-3.03994,-9.20846
2879,8,-0.850266,1.0028,0.18104,-0.999529,-0.00185829,-0.0303678,0.00392091,-0.702114,0.028419,0.959162,-0.1266,-2.168,-0.0708754,-0.00468619,-1.53586,2.11797,-0.010981,-1.54977,2.12323,0.00231831,-1.16001,2.09063,0.0078149,-1.15133,2.10635,0.0230256,7.23737,-5.27757,0.0798577,7.50702,-5.3285,0.636371,-1.52799,-4.31742,0.567436,-1.16244,-4.35087,0.282572,13,-9.85526,0.663639,13,-10.2796,-0.0981774,-2.48774,-7.59734,-0.432165,-2.98522,-8.85709
2880,8,-0.850969,1.00283,0.182002,-0.999562,-0.00179974,-0.0292755,0.00395491,-0.703091,0.0286703,0.964221,-0.129001,-2.20185,-0.0655619,-0.0046633,-1.52862,2.11264,-0.0109012,-1.54226,2.11784,0.00290655,-1.16159,2.08633,0.00833514,-1.15256,2.10201,0.0227562,7.24139,-5.38376,0.0797082,7.5092,-5.44439,0.540118,-1.62268,-4.27757,0.473046,-1.30375,-4.32315,0.281172,13,-9.43787,0.658859,13,-9.85849,-0.139099,-2.39941,-7.25039,-0.468894,-2.92028,-8.50791
2881,8,-0.851672,1.00286,0.182968,-0.999594,-0.00173991,-0.0281683,0.00398627,-0.70466,0.0289211,0.968382,-0.131596,-2.22734,-0.0602761,-0.00464053,-1.52138,2.10721,-0.0108218,-1.53476,2.11235,0.00339624,-1.16325,2.08207,0.00875873,-1.15393,2.0977,0.0227832,7.24177,-5.47568,0.0791024,7.50763,-5.54598,0.439256,-1.70228,-4.2372,0.374116,-1.4283,-4.29563,0.279798,13,-9.01142,0.654072,13,-9.42757,-0.174393,-2.30489,-6.90659,-0.500109,-2.84629,-8.16095
2882,8,-0.852378,1.00288,0.183938,-0.999625,-0.00167873,-0.0270504,0.00401501,-0.706802,0.0291713,0.971647,-0.134333,-2.24467,-0.0550264,-0.00461761,-1.51414,2.1017,-0.0107432,-1.52725,2.10676,0.00378289,-1.16498,2.07786,0.00908128,-1.15541,2.09342,0.0230556,7.23879,-5.55347,0.0781004,7.50257,-5.6334,0.334046,-1.76868,-4.19666,0.270986,-1.53795,-4.26857,0.278432,13,-8.57704,0.649307,13,-8.98796,-0.203774,-2.20514,-6.566,-0.525524,-2.76433,-7.8162
2883,8,-0.853086,1.00291,0.184911,-0.999654,-0.0016161,-0.0259259,0.00404116,-0.709502,0.0294205,0.974023,-0.137163,-2.25405,-0.0498202,-0.00459432,-1.50691,2.09611,-0.0106658,-1.51975,2.10109,0.00406225,-1.16678,2.07368,0.00929873,-1.157,2.08917,0.0235265,7.23269,-5.61729,0.076759,7.49426,-5.70678,0.224674,-1.82361,-4.15623,0.163924,-1.63439,-4.24217,0.277057,13,-8.13588,0.644591,13,-8.54078,-0.226974,-2.10101,-6.22864,-0.544877,-2.67534,-7.47363
2884,8,-0.853797,1.00294,0.185886,-0.999683,-0.00155199,-0.0247985,0.00406474,-0.712742,0.0296685,0.975518,-0.140045,-2.25568,-0.0446632,-0.00457048,-1.49968,2.09047,-0.0105898,-1.51226,2.09535,0.00423022,-1.16863,2.06955,0.00940726,-1.15867,2.08494,0.024152,7.22373,-5.66732,0.0751308,7.48295,-5.76625,0.111259,-1.86862,-4.11615,0.0531334,-1.71915,-4.21661,0.275659,13,-7.68905,0.639945,13,-8.08717,-0.243735,-1.99324,-5.89453,-0.557924,-2.58017,-7.1332
2885,8,-0.854512,1.00297,0.186862,-0.99971,-0.00148637,-0.0236721,0.0040858,-0.716506,0.0299149,0.97614,-0.14294,-2.24977,-0.0395598,-0.00454596,-1.49246,2.08479,-0.0105156,-1.50479,2.08956,0.00428278,-1.17051,2.06545,0.00940321,-1.16043,2.08073,0.0248938,7.21213,-5.70373,0.0732637,7.46887,-5.81199,-0.00612946,-1.90509,-4.07661,-0.0612326,-1.79364,-4.19202,0.274229,13,-7.23766,0.635389,13,-7.62825,-0.253813,-1.88248,-5.56363,-0.564436,-2.47957,-6.79485
2886,8,-0.855231,1.003,0.187838,-0.999736,-0.00141922,-0.0225505,0.00410435,-0.720777,0.0301589,0.9759,-0.145812,-2.23655,-0.0345138,-0.00452069,-1.48526,2.07907,-0.0104434,-1.49733,2.08374,0.004216,-1.17243,2.06139,0.00928307,-1.16226,2.07655,0.0256482,7.19812,-5.72669,0.0712021,7.45226,-5.84417,-0.12744,-1.93422,-4.0378,-0.179053,-1.8591,-4.1685,0.272758,13,-6.78282,0.630937,13,-7.16512,-0.256967,-1.76927,-5.23592,-0.564193,-2.37418,-6.4585
2887,8,-0.855954,1.00303,0.188813,-0.999761,-0.00135059,-0.0214373,0.00412042,-0.725543,0.0303988,0.974814,-0.148503,-2.21617,-0.029473,-0.00449465,-1.47807,2.07334,-0.0103732,-1.48988,2.07788,0.0040268,-1.17438,2.05739,0.00904345,-1.16414,2.07239,0.0264363,7.18205,-5.73649,0.0690972,7.43332,-5.86291,-0.250957,-1.95275,-3.97323,-0.300187,-1.91655,-4.14608,0.271241,13,-6.3256,0.626603,13,-6.69888,-0.25296,-1.65409,-4.91135,-0.556984,-2.2646,-6.12408
2888,8,-0.856682,1.00306,0.189787,-0.999784,-0.00128031,-0.0203374,0.0041339,-0.730795,0.0306643,0.972476,-0.151959,-2.18312,-0.0239964,-0.00440671,-1.47082,2.06762,-0.0102655,-1.48242,2.07202,0.00371738,-1.17632,2.0535,0.00867676,-1.16608,2.06826,0.149432,7.30534,-5.69863,0.146465,7.49093,-5.85404,-0.36789,-1.93721,-3.80798,-0.433187,-1.96126,-4.1252,0.269679,13,-5.86708,0.622394,13,-6.23059,-0.241608,-1.53748,-4.59091,-0.542607,-2.15133,-5.7915
2889,8,-0.857416,1.00309,0.190757,-0.999805,-0.00120967,-0.019257,0.00414479,-0.736382,0.0308971,0.968786,-0.149405,-2.13814,-0.0189855,-0.00414459,-1.46335,2.062,-0.0100016,-1.4748,2.06622,0.00329584,-1.17823,2.04979,0.00817932,-1.16806,2.06414,0.374822,7.6379,-5.54733,0.38123,7.75894,-5.75267,-0.475181,-1.8809,-3.61051,-0.561687,-1.99593,-4.10758,0.264403,13,-5.40967,0.615927,13,-5.76192,-0.223043,-1.42078,-4.27966,-0.520606,-2.035,-5.46065
2890,8,-0.858155,1.00313,0.191724,-0.999825,-0.00114122,-0.0181999,0.0041533,-0.742094,0.0310748,0.964189,-0.142593,-2.08983,-0.0145353,-0.00364985,-1.45548,2.05658,-0.00947711,-1.46682,2.06058,0.00277721,-1.18007,2.04628,0.00755661,-1.17008,2.06004,0.614644,8.11229,-5.28685,0.667756,8.19459,-5.53246,-0.562074,-1.79911,-3.40302,-0.68374,-2.03458,-4.09552,0.248675,13,-4.95983,0.600096,13,-5.29765,-0.19775,-1.30623,-3.98292,-0.490759,-1.91628,-5.13134
2891,8,-0.8589,1.00316,0.192685,-0.999843,-0.00107663,-0.0171664,0.00415974,-0.747802,0.0312024,0.958993,-0.133457,-2.04352,-0.0109431,-0.00293081,-1.44709,2.05146,-0.00867451,-1.45836,2.0552,0.00218415,-1.18182,2.04298,0.0068221,-1.17212,2.05602,0.823444,8.65681,-4.95626,0.937446,8.72668,-5.22074,-0.624048,-1.70362,-3.19529,-0.785285,-2.05912,-3.94489,0.218991,13,-4.52647,0.568627,13,-4.84624,-0.166633,-1.19583,-3.70238,-0.453397,-1.79537,-4.80321
2892,8,-0.85965,1.00319,0.193642,-0.99986,-0.00101651,-0.0161551,0.00416453,-0.75338,0.0313027,0.953417,-0.124221,-2.00136,-0.00814542,-0.00202662,-1.43815,2.04668,-0.0076273,-1.44935,2.05016,0.00154198,-1.18347,2.03989,0.0060021,-1.17418,2.05217,0.984947,9.22192,-4.59364,1.15696,9.29578,-4.85875,-0.660301,-1.60128,-2.99256,-0.854719,-2.05537,-3.74757,0.175849,13,-4.11674,0.520471,13,-4.41612,-0.131049,-1.09075,-3.43844,-0.409326,-1.67256,-4.4816
2893,8,-0.860406,1.00322,0.194592,-0.999876,-0.000960697,-0.0151636,0.00416802,-0.758762,0.0313856,0.94757,-0.115804,-1.96422,-0.00600506,-0.000986051,-1.42865,2.04227,-0.00639076,-1.43977,2.04549,0.000875383,-1.18502,2.03699,0.0051286,-1.17622,2.04853,1.09618,9.78027,-4.22628,1.31612,9.86504,-4.4804,-0.672889,-1.49648,-2.79735,-0.892267,-2.02387,-3.53738,0.121597,13,-3.73475,0.457638,13,-4.01294,-0.0925187,-0.991606,-3.19093,-0.360126,-1.54912,-4.1739
2894,8,-0.861168,1.00325,0.195537,-0.99989,-0.000908731,-0.0141894,0.00417053,-0.763918,0.0314566,0.941504,-0.108483,-1.93214,-0.00439624,0.00014229,-1.4186,2.03823,-0.00502448,-1.42963,2.0412,0.000206332,-1.18647,2.03429,0.00423154,-1.17822,2.0451,1.1605,10.3204,-3.87078,1.41645,10.4167,-4.10796,-0.665213,-1.39193,-2.6109,-0.901866,-1.96909,-3.32716,0.0591631,13,-3.38195,0.383446,13,-3.63937,-0.052523,-0.898673,-2.95933,-0.307716,-1.42674,-3.8825
2895,8,-0.861934,1.00328,0.196475,-0.999903,-0.000860079,-0.01323,0.00417231,-0.768838,0.0315193,0.935242,-0.102258,-1.90481,-0.00321853,0.00131439,-1.40802,2.03452,-0.00358405,-1.41895,2.03727,-0.000446794,-1.18781,2.03177,0.00333644,-1.18015,2.04187,1.1837,10.8403,-3.53601,1.4644,10.9454,-3.75409,-0.64104,-1.28931,-2.43376,-0.88832,-1.89603,-3.122,-0.00853742,13,-3.05807,0.301469,13,-3.29584,-0.0123799,-0.812021,-2.74301,-0.253892,-1.30695,-3.60792
2896,8,-0.862705,1.00331,0.197407,-0.999916,-0.000812948,-0.0122828,0.00417376,-0.773337,0.0316407,0.928579,-0.102174,-1.88353,-0.00313924,0.00248092,-1.39692,2.03116,-0.0021215,-1.40775,2.03368,-0.00106509,-1.18905,2.02942,0.00246301,-1.182,2.03885,1.14936,11.3613,-3.18696,1.4607,11.4522,-3.42632,-0.59555,-1.1953,-2.26389,-0.85855,-1.81149,-2.92404,-0.0788634,12.4812,-2.7618,0.215043,13,-2.98135,0.0268077,-0.731584,-2.54122,-0.200187,-1.191,-3.34995
2897,8,-0.863481,1.00335,0.198332,-0.999927,-0.000765313,-0.0113442,0.00417537,-0.777168,0.031757,0.921262,-0.104137,-1.87034,-0.00381368,0.00358021,-1.38531,2.02815,-0.000696507,-1.39604,2.03042,-0.00162953,-1.1902,2.02723,0.00162978,-1.18377,2.03602,1.04923,11.863,-2.84075,1.38929,11.9632,-3.08718,-0.533325,-1.11361,-2.10214,-0.807898,-1.72505,-2.73237,-0.148855,11.8151,-2.49288,0.12729,12.4649,-2.69414,0.0639054,-0.657045,-2.35331,-0.14778,-1.07978,-3.10811
2898,8,-0.864259,1.00338,0.199249,-0.999937,-0.000716466,-0.0104101,0.00417744,-0.780246,0.0318503,0.913241,-0.106962,-1.86538,-0.00494899,0.00454915,-1.37321,2.02547,0.0006229,-1.38383,2.0275,-0.00212518,-1.19128,2.02521,0.000856545,-1.18545,2.03338,0.888648,12.3306,-2.51554,1.24953,12.4616,-2.75046,-0.457987,-1.04394,-1.94954,-0.738579,-1.64011,-2.54847,-0.214813,11.1184,-2.25177,0.0417904,11.7624,-2.4336,0.0977716,-0.587778,-2.17867,-0.097787,-0.973679,-2.88185
2899,8,-0.865041,1.00341,0.200158,-0.999946,-0.000665943,-0.00947678,0.00418014,-0.782636,0.0319147,0.904515,-0.110852,-1.8671,-0.00624494,0.0053259,-1.36077,2.02312,0.00176858,-1.37118,2.02492,-0.00254078,-1.1923,2.02333,0.000159043,-1.18705,2.03092,0.664848,12.5462,-2.18345,1.04182,12.8255,-2.41721,-0.373201,-0.983226,-1.80667,-0.656425,-1.55622,-2.37384,-0.272949,10.3926,-2.03752,-0.037374,11.0297,-2.20009,0.127511,-0.523052,-2.0166,-0.0513927,-0.872724,-2.67062
2900,8,-0.865824,1.00344,0.201058,-0.999955,-0.000613463,-0.00854151,0.00418354,-0.784416,0.0319584,0.895143,-0.114847,-1.87323,-0.00775255,0.00586347,-1.34824,2.02109,0.00267963,-1.35832,2.02267,-0.00287,-1.19325,2.02159,-0.000452203,-1.18857,2.02863,0.410298,12.5209,-1.87427,0.780291,12.905,-2.08264,-0.28525,-0.927716,-1.67396,-0.566066,-1.47177,-2.20917,-0.319554,9.64631,-1.84956,-0.106115,10.271,-1.99339,0.152447,-0.462237,-1.86636,-0.00954256,-0.776834,-2.47373
2901,8,-0.866609,1.00347,0.201948,-0.999962,-0.000559085,-0.00760253,0.00418774,-0.785645,0.0319908,0.885209,-0.118529,-1.88186,-0.00934518,0.00614462,-1.33582,2.01935,0.00332135,-1.34548,2.02073,-0.00311199,-1.19415,2.01998,-0.000971396,-1.19,2.0265,0.151997,12.3122,-1.6052,0.503145,12.7712,-1.78389,-0.198733,-0.874719,-1.55109,-0.472318,-1.38604,-2.05446,-0.351808,8.89429,-1.68725,-0.160778,9.49914,-1.81339,0.1722,-0.404908,-1.72713,0.0271322,-0.685995,-2.29041
2902,8,-0.867395,1.00351,0.202828,-0.999969,-0.000503018,-0.00665895,0.00419274,-0.786392,0.0320159,0.874789,-0.121703,-1.89157,-0.0109581,0.00617385,-1.32368,2.01786,0.00368923,-1.33286,2.01908,-0.00326981,-1.195,2.01848,-0.00139708,-1.19134,2.02452,-0.0935275,11.9627,-1.37686,0.232613,12.474,-1.5277,-0.11689,-0.822587,-1.43731,-0.37906,-1.29887,-1.90929,-0.368677,8.1493,-1.54807,-0.199281,8.72885,-1.65873,0.18672,-0.350835,-1.59813,0.0582837,-0.60026,-2.11986
2903,8,-0.868182,1.00354,0.203697,-0.999975,-0.000445534,-0.00571049,0.00419855,-0.786722,0.0320355,0.86395,-0.124299,-1.90131,-0.01255,0.00596907,-1.31195,2.01658,0.00379662,-1.3206,2.01766,-0.00334918,-1.1958,2.0171,-0.00173125,-1.19259,2.02268,-0.316031,11.5058,-1.18515,-0.017829,12.0515,-1.31152,-0.0418683,-0.770431,-1.3318,-0.289277,-1.21055,-1.77312,-0.370431,7.42105,-1.42879,-0.221354,7.97149,-1.52627,0.196188,-0.299916,-1.47859,0.0838251,-0.519713,-1.96131
2904,8,-0.868968,1.00357,0.204556,-0.99998,-0.000386918,-0.00475732,0.00420514,-0.786699,0.0320505,0.85276,-0.126326,-1.91039,-0.0140913,0.00555632,-1.30071,2.01547,0.00366762,-1.3088,2.01644,-0.00335761,-1.19654,2.01582,-0.00197847,-1.19376,2.02097,-0.509468,10.9691,-1.02511,-0.240167,11.5346,-1.13048,0.0250207,-0.717888,-1.23387,-0.205164,-1.12163,-1.64547,-0.358144,6.717,-1.32631,-0.227797,7.23573,-1.4127,0.200951,-0.252126,-1.36783,0.103875,-0.44443,-1.81402
2905,8,-0.869755,1.0036,0.205403,-0.999984,-0.000327441,-0.00379989,0.00421248,-0.786378,0.0320615,0.841282,-0.127831,-1.91835,-0.0155596,0.00496621,-1.29004,2.01452,0.0033325,-1.29756,2.01538,-0.00330355,-1.19723,2.01463,-0.00214518,-1.19484,2.01938,-0.670767,10.3751,-0.89208,-0.430084,10.9487,-0.979622,0.0830947,-0.664945,-1.14287,-0.128246,-1.03281,-1.52588,-0.333379,6.04275,-1.2379,-0.220057,6.52815,-1.31502,0.201456,-0.207476,-1.2652,0.118708,-0.374465,-1.67727
2906,8,-0.870541,1.00363,0.206238,-0.999987,-0.000267343,-0.0028388,0.00422054,-0.78581,0.032069,0.829577,-0.128879,-1.92494,-0.0169386,0.00423133,-1.27998,2.01368,0.00282453,-1.28693,2.01447,-0.00319594,-1.19787,2.01353,-0.00223905,-1.19582,2.01791,-0.798992,9.74286,-0.781977,-0.585852,10.3149,-0.854457,0.132135,-0.611809,-1.05828,-0.0594903,-0.944838,-1.41395,-0.297972,5.40243,-1.16121,-0.19995,5.85365,-1.23061,0.198213,-0.165991,-1.17013,0.128711,-0.309832,-1.55042
2907,8,-0.871327,1.00367,0.207062,-0.999989,-0.000206831,-0.0018748,0.00422925,-0.785043,0.0320733,0.817698,-0.129542,-1.93003,-0.0182174,0.00338446,-1.27057,2.01294,0.00217782,-1.27695,2.01366,-0.00304374,-1.19846,2.01251,-0.0022685,-1.19673,2.01655,-0.894738,9.08797,-0.691276,-0.707576,9.65068,-0.751108,0.172262,-0.558812,-0.979617,0.000589569,-0.858451,-1.3093,-0.25388,4.79889,-1.09425,-0.169472,5.21574,-1.15725,0.191756,-0.127688,-1.08209,0.134343,-0.250502,-1.43283
2908,8,-0.872111,1.0037,0.207873,-0.999991,-0.000146076,-0.000908623,0.00423857,-0.784118,0.0320748,0.805695,-0.129889,-1.9336,-0.0193896,0.00245726,-1.26181,2.01229,0.00142571,-1.26764,2.01295,-0.00285569,-1.19899,2.01156,-0.00224228,-1.19754,2.01529,-0.959666,8.42346,-0.616948,-0.796631,8.97069,-0.666227,0.203837,-0.506348,-0.906482,0.0518413,-0.774324,-1.21157,-0.203068,4.23397,-1.03532,-0.130669,4.61677,-1.09303,0.182624,-0.0925699,-1.00057,0.13611,-0.196404,-1.3239
2909,8,-0.872895,1.00373,0.208673,-0.999991,-8.52E-05,5.90E-05,0.00424845,-0.783073,0.032074,0.793613,-0.129983,-1.93569,-0.0204525,0.00147935,-1.25372,2.0117,0.000599772,-1.25901,2.01232,-0.00264007,-1.19947,2.01069,-0.00216916,-1.19828,2.01412,-0.996158,7.76002,-0.556384,-0.85525,8.28697,-0.59693,0.227391,-0.454827,-0.838503,0.0943961,-0.693057,-1.12041,-0.147436,3.70862,-0.982988,-0.0855428,4.05813,-1.03633,0.171341,-0.0606151,-0.925126,0.134537,-0.14742,-1.22306
2910,8,-0.873677,1.00376,0.209461,-0.99999,-2.44E-05,0.00102725,0.00425882,-0.781942,0.0320712,0.78149,-0.129881,-1.93639,-0.0214069,0.00047775,-1.24629,2.01117,-0.000270959,-1.25106,2.01175,-0.00240459,-1.1999,2.00988,-0.00205766,-1.19893,2.01304,-1.00704,7.10637,-0.507329,-0.886212,7.60938,-0.540719,0.243568,-0.404648,-0.775348,0.128601,-0.615161,-1.03551,-0.0887609,3.22312,-0.936054,-0.0359863,3.5404,-0.985808,0.158404,-0.0317798,-0.855326,0.13015,-0.103399,-1.12978
2911,8,-0.874459,1.00379,0.210236,-0.999989,3.64E-05,0.00199557,0.00426965,-0.780755,0.0320668,0.769359,-0.129628,-1.93582,-0.0222558,-0.000523461,-1.2395,2.01068,-0.00116037,-1.24378,2.01124,-0.00215627,-1.20028,2.00914,-0.00191588,-1.19951,2.01205,-0.995382,6.46953,-0.467829,-0.892605,6.94593,-0.495426,0.253084,-0.356175,-0.71671,0.154964,-0.541053,-0.956528,-0.028665,2.77713,-0.893506,0.0162575,3.06351,-0.940302,0.144276,-0.00599554,-0.790772,0.12346,-0.0641523,-1.04355
2912,8,-0.875239,1.00383,0.210999,-0.999986,9.70E-05,0.00296333,0.00428086,-0.779537,0.0320611,0.757249,-0.129264,-1.93413,-0.0230043,-0.00150333,-1.23334,2.01023,-0.0020455,-1.23716,2.01076,-0.00190138,-1.20061,2.00845,-0.00175135,-1.20001,2.01113,-0.964347,5.85505,-0.436192,-0.877653,6.303,-0.459168,0.25669,-0.309732,-0.662305,0.174102,-0.471058,-0.883151,0.0314077,2.36985,-0.8545,0.0696221,2.62685,-0.898856,0.129376,0.0168291,-0.73109,0.114953,-0.0294659,-0.963864
2913,8,-0.876018,1.00386,0.211751,-0.999983,0.000157432,0.00392999,0.00429243,-0.778311,0.0320545,0.745183,-0.128821,-1.93146,-0.0236588,-0.00244403,-1.22777,2.00981,-0.00290662,-1.23116,2.01031,-0.00164546,-1.2009,2.00781,-0.00157094,-1.20045,2.01028,-0.917067,5.26721,-0.410955,-0.844584,5.6856,-0.430311,0.255147,-0.265593,-0.611865,0.186707,-0.405416,-0.815066,0.0901995,2.00011,-0.818339,0.12273,2.22938,-0.860673,0.114083,0.0368063,-0.675929,0.105081,0.000897444,-0.890277
2914,8,-0.876795,1.00389,0.21249,-0.999979,0.000217623,0.0048951,0.0043043,-0.777096,0.0320472,0.733182,-0.128324,-1.92797,-0.0242265,-0.00333085,-1.22279,2.0094,-0.00372718,-1.22577,2.00989,-0.00139328,-1.20115,2.00722,-0.00138084,-1.20083,2.0095,-0.856572,4.70919,-0.390859,-0.79654,5.0975,-0.40744,0.249211,-0.223981,-0.565139,0.19351,-0.344285,-0.751969,0.146642,1.66644,-0.784453,0.174397,1.86973,-0.825093,0.0987278,0.0540661,-0.624963,0.0942567,0.0271917,-0.822348
2915,8,-0.877572,1.00392,0.213217,-0.999973,0.000277566,0.00585829,0.00431643,-0.775907,0.0320395,0.721261,-0.127795,-1.92381,-0.0247152,-0.004152,-1.21834,2.00902,-0.0044937,-1.22095,2.0095,-0.00114887,-1.20135,2.00668,-0.00118645,-1.20114,2.00877,-0.785723,4.18325,-0.37482,-0.736505,4.54145,-0.389337,0.239609,-0.185068,-0.521889,0.195256,-0.287754,-0.693563,0.199851,1.36715,-0.75238,0.223631,1.54623,-0.791583,0.083597,0.0687533,-0.577882,0.0828501,0.0496827,-0.759667
2916,8,-0.878347,1.00395,0.213932,-0.999967,0.000337251,0.00681927,0.00432878,-0.774757,0.0320316,0.709433,-0.127248,-1.91912,-0.0251327,-0.00489845,-1.2144,2.00865,-0.00519558,-1.21667,2.00911,-0.000915553,-1.20152,2.00618,-0.000992483,-1.20141,2.00811,-0.707172,3.69082,-0.36192,-0.667265,4.0193,-0.37496,0.227034,-0.148974,-0.481889,0.192682,-0.235844,-0.639558,0.24912,1.10038,-0.721753,0.269622,1.25706,-0.759712,0.0689325,0.0810248,-0.534401,0.0711871,0.0686438,-0.701845
2917,8,-0.879121,1.00399,0.214636,-0.99996,0.000396674,0.0077778,0.00434132,-0.773656,0.0320236,0.697707,-0.126698,-1.91405,-0.0254872,-0.00556371,-1.21094,2.0083,-0.00582491,-1.21289,2.00875,-0.000695967,-1.20165,2.00571,-0.000802891,-1.20162,2.00749,-0.623344,3.23266,-0.35138,-0.591375,3.53215,-0.363421,0.212137,-0.115777,-0.444924,0.186502,-0.188523,-0.589675,0.293907,0.864157,-0.692284,0.311735,1.00024,-0.72914,0.0549332,0.091046,-0.49425,0.059549,0.0843518,-0.64852
2918,8,-0.879895,1.00402,0.215328,-0.999952,0.000455834,0.00873372,0.00435403,-0.772612,0.0320157,0.68609,-0.126153,-1.90872,-0.0257861,-0.00614358,-1.20792,2.00795,-0.00637616,-1.20959,2.00839,-0.000492143,-1.20175,2.00529,-0.000620945,-1.20179,2.00693,-0.536414,2.80898,-0.342554,-0.511143,3.08047,-0.353976,0.195512,-0.0855087,-0.41079,0.177391,-0.145708,-0.543643,0.333822,0.656452,-0.663752,0.349494,0.773698,-0.699605,0.041758,0.0989886,-0.457178,0.0481735,0.0970828,-0.599351
2919,8,-0.880667,1.00405,0.216008,-0.999943,0.000514739,0.00968693,0.00436687,-0.771631,0.032008,0.674587,-0.125621,-1.90326,-0.0260368,-0.00663595,-1.20531,2.00761,-0.00684605,-1.20672,2.00804,-0.000305534,-1.20182,2.00489,-0.000449258,-1.20191,2.0064,-0.44831,2.41947,-0.334906,-0.428623,2.66416,-0.346008,0.177704,-0.0581617,-0.379291,0.165982,-0.107275,-0.501203,0.368615,0.475203,-0.635994,0.38257,0.57532,-0.670909,0.0295286,0.105027,-0.422949,0.0372567,0.10711,-0.554018
2920,8,-0.881438,1.00408,0.216677,-0.999934,0.000573394,0.0106374,0.00437982,-0.770716,0.0320006,0.6632,-0.125108,-1.89777,-0.0262461,-0.00704046,-1.20306,2.00728,-0.00723317,-1.20424,2.00769,-0.000137083,-1.20187,2.00453,-0.000289841,-1.202,2.00592,-0.360711,2.06347,-0.328002,-0.345616,2.2827,-0.339009,0.159198,-0.0336949,-0.350246,0.152853,-0.073065,-0.462107,0.398157,0.318349,-0.608896,0.410763,0.402981,-0.64291,0.0183321,0.109337,-0.391346,0.0269555,0.114699,-0.512225
2921,8,-0.882208,1.00411,0.217335,-0.999923,0.000631811,0.0115851,0.00439286,-0.76987,0.0319935,0.651932,-0.124617,-1.89235,-0.0264202,-0.00735834,-1.20116,2.00695,-0.00753781,-1.20213,2.00736,1.27E-05,-1.20189,2.00419,-0.000144151,-1.20206,2.00548,-0.275051,1.73996,-0.321499,-0.263673,1.93521,-0.332573,0.140422,-0.0120363,-0.323477,0.138527,-0.042892,-0.426117,0.422427,0.183861,-0.58238,0.43399,0.254575,-0.615509,0.00822498,0.112093,-0.362164,0.0173905,0.120109,-0.473692
2922,8,-0.882978,1.00415,0.217981,-0.999912,0.000690001,0.0125302,0.00440598,-0.769094,0.0319867,0.640781,-0.124152,-1.88709,-0.026565,-0.00759213,-1.19957,2.00664,-0.0077617,-1.20036,2.00703,0.000143811,-1.20189,2.00388,-1.32E-05,-1.20209,2.00507,-0.192538,1.44771,-0.315128,-0.18411,1.62051,-0.326379,0.121746,0.00691229,-0.298821,0.123468,-0.0165461,-0.393008,0.4415,0.0697583,-0.5564,0.452269,0.128038,-0.588646,-0.000763634,0.113465,-0.335215,0.00864909,0.123588,-0.438163
2923,8,-0.883746,1.00418,0.218616,-0.999899,0.000747977,0.0134726,0.00441916,-0.768386,0.0319804,0.629747,-0.123714,-1.88204,-0.0266856,-0.00774548,-1.19825,2.00632,-0.00790777,-1.19888,2.00671,0.000256426,-1.20188,2.00359,0.000102623,-1.20209,2.00469,-0.114157,1.18527,-0.308687,-0.108015,1.3372,-0.320184,0.103485,0.023271,-0.276121,0.108085,0.00619913,-0.362565,0.455528,-0.0258717,-0.530934,0.465702,0.0213662,-0.562288,-0.00862867,0.113619,-0.310323,0.000789236,0.125371,-0.405398
2924,8,-0.884514,1.00421,0.21924,-0.999886,0.000805751,0.0144126,0.0044324,-0.767747,0.0319745,0.618825,-0.123305,-1.87727,-0.0267866,-0.00782291,-1.19718,2.00602,-0.00797991,-1.19767,2.00639,0.000351119,-1.20185,2.00333,0.000203027,-1.20208,2.00434,-0.0406953,0.951068,-0.302034,-0.0362665,1.08371,-0.313806,0.0859001,0.0371779,-0.255229,0.0927243,0.0255828,-0.334588,0.464729,-0.104861,-0.505982,0.474466,-0.067365,-0.536425,-0.0153856,0.112713,-0.287326,-0.00615735,0.125682,-0.375175
2925,8,-0.885282,1.00424,0.219854,-0.999872,0.000863339,0.0153503,0.00444568,-0.767175,0.031969,0.608014,-0.122925,-1.87284,-0.026872,-0.00782963,-1.19634,2.00572,-0.00798281,-1.1967,2.00608,0.000428671,-1.20181,2.00308,0.00028823,-1.20205,2.00402,0.0272496,0.743427,-0.295071,0.0304498,0.858347,-0.307121,0.0692036,0.0487849,-0.236008,0.0776818,0.0418515,-0.308885,0.469374,-0.168951,-0.481553,0.478794,-0.139992,-0.511066,-0.0210671,0.1109,-0.266072,-0.0121816,0.124728,-0.347289
2926,8,-0.886049,1.00427,0.220457,-0.999857,0.000920754,0.0162858,0.00445899,-0.766665,0.0319639,0.597309,-0.122575,-1.86876,-0.0269453,-0.00777138,-1.19568,2.00543,-0.00792178,-1.19594,2.00577,0.000490052,-1.20175,2.00285,0.00035867,-1.202,2.00372,0.0892479,0.560611,-0.287741,0.0916264,0.659351,-0.30005,0.0535598,0.0582543,-0.218327,0.063199,0.0552561,-0.285278,0.469778,-0.219786,-0.457669,0.478969,-0.198254,-0.486229,-0.0257202,0.108321,-0.246422,-0.0172938,0.122705,-0.32155
2927,8,-0.886815,1.00431,0.221049,-0.999841,0.000978009,0.0172194,0.00447234,-0.766217,0.0319592,0.586705,-0.122254,-1.86508,-0.0270097,-0.00765425,-1.1952,2.00515,-0.0078025,-1.19536,2.00548,0.000536378,-1.20169,2.00264,0.000415004,-1.20194,2.00345,0.145022,0.400858,-0.280021,0.146915,0.48491,-0.292551,0.0390909,0.0657551,-0.202065,0.0494694,0.0660474,-0.263599,0.466283,-0.258907,-0.434356,0.475307,-0.243785,-0.461942,-0.0294031,0.10511,-0.228249,-0.0215202,0.119792,-0.297784
2928,8,-0.887581,1.00434,0.22163,-0.999825,0.00103512,0.0181512,0.00448572,-0.765826,0.031955,0.576197,-0.121963,-1.8618,-0.0270677,-0.00748452,-1.19487,2.00487,-0.00763099,-1.19496,2.00519,0.000568863,-1.20162,2.00245,0.00045806,-1.20187,2.00319,0.194428,0.262409,-0.27191,0.196109,0.333203,-0.284615,0.0258801,0.0714604,-0.187107,0.0366416,0.0744739,-0.243692,0.459255,-0.287751,-0.411646,0.46815,-0.278113,-0.438238,-0.0321827,0.101389,-0.211433,-0.0249003,0.116153,-0.275829
2929,8,-0.888347,1.00437,0.222201,-0.999807,0.0010921,0.0190815,0.00449912,-0.765488,0.0319511,0.565781,-0.121699,-1.85894,-0.0271215,-0.00726859,-1.19467,2.0046,-0.00741337,-1.19469,2.00491,0.000588792,-1.20155,2.00227,0.000488793,-1.20179,2.00296,0.237443,0.143523,-0.263431,0.239128,0.202422,-0.276253,0.0139766,0.075544,-0.173349,0.0248242,0.0807782,-0.225411,0.449071,-0.307649,-0.389569,0.45786,-0.302656,-0.415151,-0.0341318,0.0972728,-0.195866,-0.0274836,0.111937,-0.255537
2930,8,-0.889112,1.0044,0.222762,-0.999789,0.00114896,0.0200104,0.00451254,-0.765201,0.0319477,0.555449,-0.121463,-1.85649,-0.027173,-0.00701279,-1.19458,2.00434,-0.00715581,-1.19454,2.00464,0.00059748,-1.20147,2.0021,0.00050825,-1.20171,2.00274,0.274143,0.0425031,-0.25462,0.276,0.0907936,-0.267499,0.00339907,0.0781781,-0.16069,0.0140894,0.0851955,-0.208621,0.436115,-0.319827,-0.368155,0.444802,-0.318725,-0.392716,-0.0353275,0.0928627,-0.181448,-0.0293276,0.10728,-0.236773
2931,8,-0.889877,1.00443,0.223312,-0.99977,0.00120571,0.0209382,0.00452598,-0.76496,0.0319446,0.545197,-0.121254,-1.85445,-0.0272237,-0.00672337,-1.19458,2.00409,-0.00686439,-1.1945,2.00437,0.000596249,-1.20139,2.00195,0.000517533,-1.20162,2.00254,0.304693,-0.0422934,-0.245523,0.306844,-0.00340496,-0.258397,-0.00585956,0.0795312,-0.14904,0.004478,0.0879511,-0.193196,0.420768,-0.325408,-0.347433,0.429349,-0.327521,-0.370966,-0.0358488,0.0882511,-0.168087,-0.030495,0.1023,-0.219412
2932,8,-0.890642,1.00447,0.223852,-0.99975,0.00126236,0.0218651,0.00453945,-0.764762,0.0319418,0.535018,-0.121069,-1.85281,-0.0272749,-0.00640636,-1.19465,2.00385,-0.00654504,-1.19454,2.00412,0.000586405,-1.20131,2.0018,0.000517774,-1.20153,2.00236,0.329328,-0.112443,-0.236195,0.33186,-0.0818323,-0.249001,-0.0138285,0.0797663,-0.138314,-0.00399678,0.0892593,-0.17902,0.403402,-0.325414,-0.327427,0.411863,-0.330143,-0.349931,-0.035775,0.0835198,-0.155697,-0.031052,0.097106,-0.203339
2933,8,-0.891407,1.0045,0.224382,-0.999729,0.00131894,0.0227912,0.00455294,-0.764603,0.0319394,0.524907,-0.120908,-1.85155,-0.0273274,-0.00606753,-1.19479,2.00362,-0.00620345,-1.19465,2.00388,0.000569214,-1.20123,2.00167,0.000510103,-1.20144,2.00218,0.348344,-0.169446,-0.226693,0.35131,-0.146073,-0.239372,-0.0205549,0.0790391,-0.128433,-0.0113449,0.0893217,-0.165985,0.384382,-0.320772,-0.308159,0.392702,-0.327586,-0.329635,-0.0351843,0.0787408,-0.144203,-0.0310664,0.0917897,-0.18845
2934,8,-0.892171,1.00453,0.224902,-0.999707,0.00137544,0.0237167,0.00456646,-0.764479,0.0319374,0.514858,-0.12077,-1.85065,-0.0273822,-0.00571231,-1.19499,2.0034,-0.00584504,-1.19483,2.00364,0.000545886,-1.20115,2.00155,0.000495633,-1.20135,2.00202,0.362083,-0.214721,-0.217077,0.365509,-0.197629,-0.229573,-0.0261009,0.0774967,-0.119326,-0.0175956,0.0883266,-0.153993,0.364052,-0.312315,-0.289643,0.372207,-0.320748,-0.3101,-0.0341528,0.0739767,-0.133533,-0.0306062,0.0864323,-0.17465
2935,8,-0.892936,1.00456,0.225412,-0.999685,0.00143187,0.0246419,0.00458,-0.764386,0.0319356,0.504865,-0.120652,-1.85008,-0.0274397,-0.00534581,-1.19522,2.00319,-0.00547488,-1.19504,2.00342,0.000517565,-1.20108,2.00143,0.000475438,-1.20126,2.00187,0.370919,-0.249604,-0.207406,0.374811,-0.237917,-0.219668,-0.0305396,0.075277,-0.110926,-0.022794,0.0864483,-0.142953,0.342739,-0.30079,-0.271892,0.350703,-0.310437,-0.291342,-0.0327531,0.0692806,-0.123623,-0.029738,0.0811028,-0.161851
2936,8,-0.8937,1.00459,0.225912,-0.999661,0.00148826,0.0255668,0.00459357,-0.764322,0.0319341,0.494923,-0.120553,-1.84983,-0.0275004,-0.00497273,-1.19548,2.00298,-0.00509768,-1.1953,2.0032,0.000485319,-1.201,2.00132,0.000450542,-1.20118,2.00174,0.375255,-0.275339,-0.197737,0.379598,-0.268261,-0.209718,-0.0339526,0.0725076,-0.103172,-0.0269976,0.0838468,-0.132783,0.320749,-0.286861,-0.254913,0.328493,-0.297371,-0.273372,-0.0310539,0.0646974,-0.114413,-0.0285263,0.0758596,-0.149973
2937,8,-0.894465,1.00463,0.226402,-0.999637,0.0015446,0.0264917,0.00460716,-0.764284,0.0319329,0.485026,-0.120472,-1.84985,-0.0275645,-0.00459735,-1.19577,2.00279,-0.00471774,-1.19558,2.003,0.000450129,-1.20093,2.00122,0.000421907,-1.2011,2.00161,0.375506,-0.293084,-0.188123,0.380271,-0.289895,-0.199783,-0.0364271,0.0693056,-0.096009,-0.0302732,0.0806677,-0.123405,0.298364,-0.271112,-0.238707,0.305861,-0.282186,-0.256197,-0.0291192,0.0602639,-0.105849,-0.0270325,0.0707507,-0.138944
2938,8,-0.895229,1.00466,0.226882,-0.999612,0.0016009,0.0274166,0.00462079,-0.764267,0.031932,0.475169,-0.120408,-1.85012,-0.0276323,-0.00422355,-1.19606,2.00261,-0.00433899,-1.19587,2.0028,0.000412889,-1.20087,2.00113,0.000390423,-1.20102,2.00149,0.372095,-0.303908,-0.178614,0.377242,-0.303962,-0.189918,-0.0380535,0.0657771,-0.0893852,-0.0326942,0.0770423,-0.114751,0.275841,-0.25406,-0.223273,0.283065,-0.265441,-0.239817,-0.0270078,0.0560095,-0.0978817,-0.0253144,0.0658153,-0.128696
2939,8,-0.895993,1.00469,0.227352,-0.999586,0.00165717,0.0283417,0.00463445,-0.76427,0.0319313,0.465346,-0.120358,-1.85062,-0.0277037,-0.00385477,-1.19637,2.00243,-0.0039649,-1.19618,2.00262,0.000374401,-1.2008,2.00104,0.000356907,-1.20094,2.00138,0.365447,-0.308792,-0.169255,0.370927,-0.311511,-0.180174,-0.0389233,0.0620175,-0.0832547,-0.0343383,0.0730876,-0.106757,0.253413,-0.23615,-0.208603,0.260339,-0.247625,-0.224229,-0.0247733,0.051957,-0.090466,-0.0234254,0.061084,-0.11917
2940,8,-0.896757,1.00472,0.227812,-0.999559,0.00171342,0.029267,0.00464814,-0.76429,0.0319309,0.455554,-0.120321,-1.85131,-0.0277789,-0.00349406,-1.19668,2.00227,-0.00359857,-1.19649,2.00244,0.000335375,-1.20074,2.00096,0.000322095,-1.20087,2.00128,0.355977,-0.308635,-0.160085,0.361738,-0.313505,-0.170596,-0.0391275,0.0581113,-0.077575,-0.0352853,0.0689072,-0.0993658,0.231286,-0.217769,-0.194689,0.237894,-0.229161,-0.209425,-0.022464,0.0481232,-0.0835604,-0.0214144,0.0565801,-0.11031
2941,8,-0.897522,1.00475,0.228263,-0.999532,0.00176965,0.0301927,0.00466187,-0.764324,0.0319307,0.445788,-0.120297,-1.85216,-0.0278576,-0.00314403,-1.19699,2.00211,-0.00324266,-1.19681,2.00228,0.000296434,-1.20069,2.00089,0.000286645,-1.20081,2.00118,0.344093,-0.304252,-0.151139,0.350076,-0.310821,-0.161225,-0.0387549,0.0541325,-0.0723077,-0.0356154,0.0645918,-0.0925251,0.209644,-0.199246,-0.181515,0.215914,-0.210411,-0.195394,-0.0201225,0.0445193,-0.0771272,-0.0193257,0.0523202,-0.102065
2942,8,-0.898286,1.00478,0.228704,-0.999503,0.00182587,0.0311188,0.00467563,-0.76437,0.0319306,0.436044,-0.120282,-1.85316,-0.0279399,-0.00280689,-1.19729,2.00197,-0.00289946,-1.19711,2.00212,0.000258111,-1.20063,2.00082,0.000251133,-1.20074,2.00109,0.330184,-0.296379,-0.142447,0.33633,-0.30425,-0.152095,-0.0378911,0.0501453,-0.0674181,-0.0354075,0.0602195,-0.0861874,0.188642,-0.18086,-0.169066,0.19456,-0.191681,-0.182121,-0.017786,0.041152,-0.0711319,-0.0171987,0.0483153,-0.0943891
2943,8,-0.89905,1.00482,0.229135,-0.999474,0.00188208,0.0320455,0.00468943,-0.764427,0.0319308,0.426317,-0.120278,-1.85426,-0.0280255,-0.00248449,-1.19758,2.00183,-0.00257086,-1.19741,2.00197,0.000220857,-1.20059,2.00075,0.000216061,-1.20068,2.00101,0.314621,-0.28568,-0.134034,0.320872,-0.294507,-0.143235,-0.0366171,0.046204,-0.0628744,-0.0347381,0.055857,-0.0803099,0.168413,-0.162841,-0.157322,0.173968,-0.173229,-0.169589,-0.0154867,0.0380236,-0.0655428,-0.015068,0.0445709,-0.0872406
2944,8,-0.899815,1.00485,0.229557,-0.999443,0.00193829,0.0329727,0.00470328,-0.764491,0.0319311,0.416605,-0.120281,-1.85545,-0.0281143,-0.0021783,-1.19786,2.0017,-0.0022584,-1.1977,2.00183,0.000185044,-1.20054,2.00069,0.000181851,-1.20063,2.00093,0.297754,-0.272745,-0.125919,0.304052,-0.282232,-0.13467,-0.0350091,0.0423542,-0.0586482,-0.0336805,0.0515602,-0.0748537,0.149069,-0.145379,-0.146263,0.154252,-0.155266,-0.157775,-0.0132514,0.0351332,-0.0603311,-0.0129636,0.0410886,-0.0805807
2945,8,-0.900579,1.00488,0.229968,-0.999412,0.00199449,0.0339004,0.00471716,-0.764563,0.0319316,0.406904,-0.120291,-1.8567,-0.0282061,-0.00188947,-1.19812,2.00158,-0.00196327,-1.19798,2.0017,0.00015097,-1.2005,2.00064,0.000148859,-1.20058,2.00086,0.279907,-0.258101,-0.118117,0.286197,-0.267992,-0.126418,-0.0331377,0.0386331,-0.0547137,-0.0323037,0.047375,-0.0697837,0.130698,-0.128626,-0.135865,0.135504,-0.137964,-0.146659,-0.0111026,0.0324764,-0.0554702,-0.0109111,0.0378661,-0.0743742
2946,8,-0.901344,1.00491,0.23037,-0.99938,0.00205071,0.0348288,0.00473109,-0.764639,0.0319322,0.397211,-0.120307,-1.85799,-0.0283007,-0.00161882,-1.19837,2.00146,-0.00168637,-1.19824,2.00158,0.000118868,-1.20046,2.00058,0.000117371,-1.20054,2.00079,0.26138,-0.24221,-0.11064,0.267611,-0.252289,-0.118495,-0.0310673,0.0350703,-0.0510474,-0.0306718,0.0433385,-0.0650682,0.113368,-0.112701,-0.126104,0.117796,-0.121457,-0.136216,-0.00905822,0.0300468,-0.0509358,-0.00893155,0.0348981,-0.0685887
2947,8,-0.902109,1.00494,0.230763,-0.999347,0.00210692,0.0357578,0.00474507,-0.764718,0.031933,0.387524,-0.120328,-1.8593,-0.0283979,-0.00136691,-1.19861,2.00135,-0.00142828,-1.19848,2.00147,8.89E-05,-1.20043,2.00053,8.76E-05,-1.20049,2.00073,0.242445,-0.225477,-0.103495,0.248571,-0.235564,-0.11091,-0.0288565,0.0316883,-0.0476283,-0.028844,0.0394795,-0.0606785,0.0971295,-0.0976914,-0.116953,0.101182,-0.105849,-0.126419,-0.00713207,0.0278357,-0.0467053,-0.00704229,0.0321767,-0.0631946
2948,8,-0.902873,1.00498,0.231145,-0.999313,0.00216315,0.0366874,0.00475909,-0.7648,0.0319339,0.377839,-0.120354,-1.86062,-0.0284974,-0.00113401,-1.19882,2.00125,-0.00118933,-1.19871,2.00136,6.12E-05,-1.2004,2.00049,5.98E-05,-1.20046,2.00067,0.223351,-0.208255,-0.0966856,0.229327,-0.218201,-0.103671,-0.0265572,0.0285037,-0.0444374,-0.026874,0.0358197,-0.0565889,0.0820147,-0.0836607,-0.108388,0.0856966,-0.0912131,-0.117243,-0.00533436,0.0258329,-0.0427583,-0.00525681,0.0296921,-0.0581648
2949,8,-0.903638,1.00501,0.231518,-0.999278,0.00221939,0.0376176,0.00477315,-0.764884,0.0319348,0.368156,-0.120382,-1.86193,-0.028599,-0.000920181,-1.19902,2.00116,-0.000969611,-1.19892,2.00126,3.58E-05,-1.20037,2.00045,3.39E-05,-1.20042,2.00061,0.204315,-0.190846,-0.0902132,0.210105,-0.200529,-0.0967791,-0.0242157,0.0255273,-0.0414574,-0.02481,0.0323741,-0.0527761,0.0680408,-0.0706488,-0.100381,0.0713596,-0.0776001,-0.10866,-0.00367195,0.0240272,-0.0390757,-0.00358527,0.0274331,-0.0534741
2950,8,-0.904403,1.00504,0.231882,-0.999243,0.00227563,0.0385485,0.00478727,-0.764967,0.0319359,0.358472,-0.120413,-1.86322,-0.0287026,-0.000725256,-1.1992,2.00107,-0.000769007,-1.19911,2.00116,1.28E-05,-1.20035,2.00041,1.02E-05,-1.20039,2.00056,0.185533,-0.173506,-0.0840759,0.191103,-0.182831,-0.0902358,-0.0218719,0.0227653,-0.0386729,-0.0226948,0.0291523,-0.0492188,0.0552108,-0.0586758,-0.0929048,0.0581767,-0.0650382,-0.100642,-0.00214876,0.0224062,-0.0356399,-0.00203475,0.0253873,-0.0490995
2951,8,-0.905168,1.00507,0.232235,-0.999206,0.0023319,0.0394799,0.00480143,-0.765051,0.031937,0.348786,-0.120446,-1.86447,-0.0288079,-0.000548904,-1.19937,2.00099,-0.000587209,-1.19928,2.00108,-7.95E-06,-1.20033,2.00037,-1.15E-05,-1.20036,2.00052,0.167171,-0.156453,-0.0782696,0.172493,-0.165344,-0.084038,-0.01956,0.0202196,-0.0360697,-0.0205658,0.026159,-0.0458982,0.0435154,-0.0477452,-0.0859332,0.0461404,-0.0535375,-0.0931612,-0.000766129,0.0209575,-0.0324347,-0.000609609,0.0235415,-0.0450197
2952,8,-0.905933,1.0051,0.232579,-0.999169,0.00238817,0.040412,0.00481565,-0.765133,0.0319382,0.339096,-0.120481,-1.86568,-0.0289147,-0.000390632,-1.19952,2.00092,-0.00042375,-1.19944,2.001,-2.64E-05,-1.20031,2.00033,-3.10E-05,-1.20034,2.00047,0.149374,-0.139865,-0.0727883,0.154425,-0.148266,-0.0781808,-0.0173089,0.0178887,-0.033635,-0.0184552,0.0233949,-0.0427968,0.0329343,-0.0378464,-0.0794394,0.0352326,-0.0430922,-0.0861903,0.000476829,0.0196679,-0.029445,0.000688208,0.0218822,-0.041215
2953,8,-0.906698,1.00514,0.232914,-0.99913,0.00244446,0.0413446,0.00482991,-0.765213,0.0319394,0.329402,-0.120516,-1.86683,-0.0290229,-0.000249814,-1.19965,2.00085,-0.000278026,-1.19958,2.00092,-4.26E-05,-1.20029,2.0003,-4.84E-05,-1.20032,2.00043,0.132261,-0.123886,-0.0676244,0.137024,-0.13176,-0.0726573,-0.0151422,0.015768,-0.0313574,-0.0163902,0.020857,-0.0398992,0.0234379,-0.0289569,-0.0733971,0.025425,-0.0336839,-0.0797015,0.0015829,0.0185247,-0.0266568,0.00185884,0.0203956,-0.0376672
2954,8,-0.907464,1.00517,0.233238,-0.999091,0.00250077,0.0422777,0.00484423,-0.765292,0.0319407,0.319701,-0.120552,-1.86793,-0.0291323,-0.000125718,-1.19977,2.00078,-0.000149318,-1.1997,2.00085,-5.67E-05,-1.20028,2.00027,-6.38E-05,-1.2003,2.00039,0.115932,-0.108633,-0.0627688,0.120391,-0.115954,-0.0674591,-0.0130789,0.0138506,-0.0292263,-0.0143937,0.0185398,-0.037191,0.0149888,-0.0210444,-0.0677806,0.0166815,-0.0252831,-0.073668,0.00255643,0.017515,-0.0240571,0.0029042,0.019068,-0.0343593
2955,8,-0.908229,1.0052,0.233553,-0.999051,0.00255709,0.0432113,0.00485859,-0.765368,0.0319419,0.309994,-0.120589,-1.86896,-0.0292427,-1.75E-05,-1.19987,2.00072,-3.68E-05,-1.19981,2.00079,-6.88E-05,-1.20026,2.00024,-7.72E-05,-1.20028,2.00036,0.100462,-0.0941926,-0.0582115,0.10461,-0.100948,-0.0625764,-0.0111335,0.0121278,-0.027232,-0.0124838,0.0164351,-0.0346594,0.00754305,-0.0140688,-0.0625649,0.0089591,-0.0178517,-0.0680633,0.00340306,0.0166264,-0.0216337,0.00382772,0.0178861,-0.0312757
2956,8,-0.908994,1.00523,0.233858,-0.99901,0.00261342,0.0441454,0.00487301,-0.76544,0.0319433,0.30028,-0.120625,-1.86992,-0.0293539,7.57E-05,-1.19995,2.00067,6.04E-05,-1.1999,2.00073,-7.90E-05,-1.20025,2.00022,-8.88E-05,-1.20027,2.00032,0.0859118,-0.0806297,-0.0539415,0.0897424,-0.0868161,-0.0579983,-0.00931674,0.0105891,-0.0253658,-0.010675,0.0145334,-0.0322925,0.00105124,-0.00798405,-0.0577257,0.00220908,-0.0113447,-0.0628619,0.00412944,0.0158471,-0.0193754,0.00463404,0.0168369,-0.0284017
2957,8,-0.90976,1.00526,0.234154,-0.998968,0.00266978,0.0450798,0.00488748,-0.76551,0.0319446,0.290559,-0.120661,-1.87081,-0.0294659,0.000154783,-1.20003,2.00061,0.000143146,-1.19999,2.00067,-8.75E-05,-1.20024,2.00019,-9.86E-05,-1.20025,2.00029,0.072322,-0.0679875,-0.0499472,0.0758341,-0.073611,-0.0537132,-0.0076358,0.00922323,-0.0236195,-0.00897807,0.0128236,-0.0300794,-0.00453997,-0.00273938,-0.0532395,-0.00362149,-0.00571175,-0.0580389,0.00474294,0.0151656,-0.0172715,0.0053288,0.0159078,-0.0257236
2958,8,-0.910525,1.0053,0.234439,-0.998925,0.00272614,0.0460147,0.004902,-0.765576,0.0319459,0.280829,-0.120696,-1.87163,-0.0295786,0.000220803,-1.20009,2.00057,0.00021252,-1.20005,2.00062,-9.44E-05,-1.20023,2.00017,-0.000106829,-1.20024,2.00026,0.0597185,-0.0562912,-0.0462166,0.0629139,-0.0613645,-0.0497087,-0.00609477,0.00801819,-0.0219858,-0.00740056,0.0112937,-0.0280104,-0.00928699,0.00171914,-0.049084,-0.00858878,-0.00089894,-0.0535705,0.00525152,0.0145712,-0.0153121,0.0059184,0.0150871,-0.0232288
2959,8,-0.911291,1.00533,0.234715,-0.998881,0.00278253,0.04695,0.00491657,-0.765639,0.0319472,0.271092,-0.12073,-1.87238,-0.0296917,0.000274719,-1.20014,2.00052,0.000269476,-1.20011,2.00057,-9.98E-05,-1.20023,2.00015,-0.000113503,-1.20023,2.00023,0.048113,-0.0455504,-0.0427374,0.0509965,-0.0500914,-0.0459724,-0.00469503,0.00696149,-0.0204577,-0.00594717,0.00993128,-0.0260761,-0.0132482,0.0054475,-0.0452374,-0.0127512,0.00315032,-0.0494336,0.00566344,0.0140539,-0.0134879,0.00640976,0.0143636,-0.0209052
2960,8,-0.912057,1.00536,0.234981,-0.998837,0.00283893,0.0478855,0.0049312,-0.765698,0.0319485,0.261347,-0.120764,-1.87307,-0.0298052,0.000317528,-1.20018,2.00048,0.000315016,-1.20015,2.00053,-0.000103851,-1.20022,2.00013,-0.000118787,-1.20022,2.00021,0.0375044,-0.0357608,-0.0394971,0.0400837,-0.0397921,-0.0424912,-0.00343565,0.00604056,-0.0190289,-0.00462009,0.0087235,-0.0242682,-0.0164831,0.00850275,-0.0416793,-0.0161685,0.006494,-0.0456064,0.00598713,0.0136046,-0.0117901,0.00681019,0.0137268,-0.0187417
2961,8,-0.912822,1.00539,0.235238,-0.998791,0.00289534,0.0488213,0.00494588,-0.765754,0.0319498,0.251594,-0.120797,-1.87368,-0.0299191,0.000350221,-1.20021,2.00044,0.00035014,-1.20019,2.00048,-0.000106726,-1.20021,2.00011,-0.000122806,-1.20021,2.00019,0.0278812,-0.0269072,-0.0364833,0.0301659,-0.0304547,-0.0392523,-0.00231377,0.00524291,-0.0176934,-0.00341932,0.00765753,-0.0225788,-0.0190517,0.0109421,-0.0383899,-0.0189009,0.00919051,-0.0420678,0.00623105,0.0132145,-0.0102106,0.0071272,0.0131672,-0.0167279
2962,8,-0.913588,1.00542,0.235485,-0.998745,0.00295177,0.0497574,0.00496061,-0.765806,0.0319511,0.241833,-0.120829,-1.87422,-0.0300331,0.000373772,-1.20024,2.00041,0.000375835,-1.20021,2.00045,-0.000108545,-1.20021,2.00009,-0.000125688,-1.2002,2.00016,0.0192221,-0.0189649,-0.0336837,0.0212238,-0.0220566,-0.0362426,-0.00132491,0.00455633,-0.0164457,-0.00234306,0.00672073,-0.0210007,-0.0210132,0.0128221,-0.0353507,-0.0210084,0.0112979,-0.0387981,0.00640353,0.012876,-0.00874175,0.00736839,0.0126758,-0.0148541
2963,8,-0.914354,1.00546,0.235722,-0.998697,0.00300822,0.0506937,0.00497539,-0.765855,0.0319524,0.232065,-0.12086,-1.8747,-0.0301474,0.000389132,-1.20025,2.00037,0.000393062,-1.20023,2.00041,-0.000109439,-1.20021,2.00008,-0.000127553,-1.2002,2.00014,0.0114978,-0.0119011,-0.0310861,0.0132299,-0.0145669,-0.0334494,-0.000463266,0.00396904,-0.0152806,-0.00138793,0.00590082,-0.019527,-0.0224263,0.0141983,-0.032544,-0.0225501,0.0128732,-0.0357783,0.00651269,0.012582,-0.00737618,0.00754126,0.0122444,-0.0131109
2964,8,-0.91512,1.00549,0.235949,-0.998649,0.00306468,0.0516302,0.00499023,-0.765901,0.0319536,0.22229,-0.12089,-1.87512,-0.0302617,0.000397217,-1.20026,2.00034,0.000402752,-1.20024,2.00038,-0.000109532,-1.2002,2.00006,-0.000128522,-1.20019,2.00012,0.0046725,-0.00567741,-0.0286786,0.00614954,-0.00794797,-0.0308601,0.00027795,0.00346981,-0.0141932,-0.000549334,0.00518599,-0.0181514,-0.0233479,0.0151243,-0.0299532,-0.0235837,0.013972,-0.0329906,0.00656634,0.0123263,-0.00610713,0.00765319,0.0118658,-0.0114898
2965,8,-0.915886,1.00552,0.236166,-0.9986,0.00312115,0.0525668,0.00500512,-0.765943,0.0319548,0.212508,-0.120919,-1.87548,-0.0303762,0.000398906,-1.20026,2.00032,0.000405798,-1.20025,2.00035,-0.00010894,-1.2002,2.00005,-0.000128707,-1.20019,2.00011,-0.00129514,-0.000250238,-0.0264496,-5.77E-05,-0.00215667,-0.0284625,0.000906299,0.00304803,-0.0131788,0.000178346,0.00456501,-0.0168679,-0.023833,0.0156516,-0.0275626,-0.0241651,0.0146474,-0.0304182,0.0065719,0.0121031,-0.00492818,0.00771131,0.0115332,-0.00998264
2966,8,-0.916652,1.00555,0.236374,-0.99855,0.00317763,0.0535035,0.00502006,-0.765982,0.031956,0.202719,-0.120947,-1.87579,-0.0304906,0.000395033,-1.20026,2.00029,0.000403051,-1.20025,2.00032,-0.000107771,-1.2002,2.00004,-0.000128217,-1.20018,2.00009,-0.0064507,0.00442732,-0.0243879,-0.00543674,0.00285407,-0.0262445,0.00142987,0.00269382,-0.0122333,0.000801477,0.00402734,-0.0156709,-0.0239344,0.0158295,-0.0253575,-0.0243479,0.0149505,-0.0280453,0.00653637,0.0119076,-0.0038333,0.00772244,0.0112406,-0.00858187
2967,8,-0.917418,1.00558,0.236572,-0.998499,0.00323413,0.0544404,0.00503506,-0.766018,0.0319572,0.192924,-0.120974,-1.87605,-0.030605,0.000386386,-1.20026,2.00027,0.000395314,-1.20024,2.0003,-0.000106128,-1.20019,2.00002,-0.000127153,-1.20018,2.00008,-0.010843,0.00840463,-0.0224827,-0.0100359,0.00713412,-0.0241947,0.00185706,0.00239803,-0.0113523,0.00132698,0.00356313,-0.0145552,-0.023702,0.0157041,-0.023324,-0.024183,0.0149296,-0.025857,0.00646629,0.0117353,-0.00281681,0.00769304,0.0109829,-0.00728032
2968,8,-0.918184,1.00562,0.23676,-0.998447,0.00329065,0.0553773,0.0050501,-0.766052,0.0319583,0.183123,-0.121001,-1.87626,-0.0307193,0.000373703,-1.20025,2.00025,0.000383343,-1.20023,2.00027,-0.000104101,-1.20019,2.00001,-0.000125609,-1.20018,2.00006,-0.0145231,0.0117325,-0.0207237,-0.013906,0.0107351,-0.022302,0.00219642,0.00215225,-0.0105321,0.00176213,0.00316329,-0.0135158,-0.0231832,0.0153192,-0.0214492,-0.0237189,0.01463,-0.0238395,0.00636768,0.0115825,-0.00187339,0.00762919,0.0107552,-0.00607128
2969,8,-0.91895,1.00565,0.236938,-0.998395,0.00334717,0.0563142,0.0050652,-0.766082,0.0319594,0.173317,-0.121026,-1.87642,-0.0308336,0.00035767,-1.20023,2.00023,0.00036784,-1.20022,2.00025,-0.000101775,-1.20019,2,-0.00012367,-1.20017,2.00005,-0.0175434,0.0144624,-0.0191008,-0.0170996,0.0137096,-0.0205557,0.00245651,0.00194888,-0.00976893,0.0021144,0.00281949,-0.0125479,-0.0224222,0.0147151,-0.0197209,-0.0230006,0.0140939,-0.0219796,0.00624607,0.011446,-0.000998013,0.00753651,0.0105534,-0.00494844
2970,8,-0.919716,1.00568,0.237106,-0.998341,0.00340371,0.0572512,0.00508035,-0.766111,0.0319605,0.163506,-0.121051,-1.87655,-0.0309478,0.00033892,-1.20022,2.00021,0.000349456,-1.20021,2.00023,-9.92E-05,-1.20019,1.99999,-0.000121417,-1.20017,2.00004,-0.019957,0.0166457,-0.0176047,-0.0196698,0.0161103,-0.0189459,0.00264574,0.00178105,-0.00905931,0.00239133,0.00252415,-0.0116472,-0.0214602,0.0139292,-0.0181279,-0.0220704,0.0133606,-0.0202653,0.00610649,0.011323,-0.000185972,0.00742022,0.0103739,-0.00390589
2971,8,-0.920482,1.00571,0.237265,-0.998287,0.00346026,0.0581881,0.00509555,-0.766137,0.0319615,0.153691,-0.121075,-1.87664,-0.0310618,0.000318033,-1.2002,2.00019,0.000328786,-1.20019,2.00022,-9.65E-05,-1.20019,1.99998,-0.000118922,-1.20017,2.00003,-0.0218169,0.0183329,-0.0162264,-0.02167,0.0179892,-0.0174627,0.00277225,0.00164267,-0.00839989,0.00260038,0.00227045,-0.0108095,-0.0203352,0.012996,-0.0166597,-0.0209673,0.012466,-0.0186852,0.00595342,0.0112111,0.000567158,0.00728505,0.0102136,-0.00293808
2972,8,-0.921248,1.00574,0.237414,-0.998231,0.00351682,0.0591251,0.00511081,-0.766161,0.0319625,0.143871,-0.121099,-1.8767,-0.0311758,0.000295537,-1.20018,2.00018,0.000306374,-1.20017,2.0002,-9.37E-05,-1.20018,1.99998,-0.000116247,-1.20017,2.00002,-0.0231752,0.0195735,-0.0149573,-0.023153,0.0193972,-0.0160971,0.0028439,0.00152832,-0.00778752,0.00274886,0.00205226,-0.0100306,-0.019082,0.0119466,-0.0153065,-0.0197271,0.011443,-0.0172289,0.00579088,0.0111084,0.00126553,0.0071353,0.0100697,-0.00203982
2973,8,-0.922014,1.00578,0.237553,-0.998175,0.0035734,0.060062,0.00512612,-0.766183,0.0319635,0.134048,-0.121121,-1.87673,-0.0312896,0.000271907,-1.20016,2.00016,0.000282713,-1.20015,2.00018,-9.09E-05,-1.20018,1.99997,-0.000113451,-1.20016,2.00001,-0.0240833,0.0204153,-0.0137894,-0.0241704,0.0203838,-0.0148404,0.00286812,0.00143328,-0.00721918,0.00284382,0.00186416,-0.00930701,-0.0177322,0.0108094,-0.0140591,-0.0183825,0.0103214,-0.0158865,0.00562239,0.0110133,0.00191302,0.00697482,0.00994005,-0.00120621
2974,8,-0.922781,1.00581,0.237682,-0.998118,0.00362998,0.0609989,0.00514147,-0.766203,0.0319645,0.124222,-0.121144,-1.87674,-0.0314033,0.00024757,-1.20014,2.00015,0.000258241,-1.20013,2.00017,-8.80E-05,-1.20018,1.99996,-0.000110583,-1.20016,2,-0.0245905,0.0209041,-0.0127152,-0.0247725,0.0209964,-0.0136846,0.0028519,0.00135349,-0.00669202,0.00289199,0.00170137,-0.00863498,-0.0163144,0.00960976,-0.0129093,-0.0169628,0.00912794,-0.014649,0.00545103,0.0109244,0.00251329,0.00680704,0.00982255,-0.000432706
2975,8,-0.923547,1.00584,0.237801,-0.99806,0.00368658,0.0619357,0.00515688,-0.766222,0.0319655,0.114392,-0.121166,-1.87673,-0.0315168,0.000222903,-1.20012,2.00014,0.000233351,-1.20011,2.00016,-8.52E-05,-1.20018,1.99996,-0.000107687,-1.20016,1.99999,-0.0247445,0.0210833,-0.0117275,-0.0250076,0.0212802,-0.0126218,0.00280174,0.00128544,-0.00620333,0.00289974,0.00155974,-0.00801119,-0.0148542,0.00837018,-0.0118491,-0.0154945,0.00788654,-0.013508,0.00527943,0.0108408,0.00306974,0.00663496,0.00971559,0.000284973
2976,8,-0.924313,1.00587,0.237911,-0.998001,0.00374319,0.0628725,0.00517234,-0.766239,0.0319664,0.104561,-0.121187,-1.8767,-0.0316303,0.000198236,-1.2001,2.00012,0.000208387,-1.20009,2.00014,-8.24E-05,-1.20018,1.99995,-0.0001048,-1.20016,1.99998,-0.0245905,0.0209941,-0.0108197,-0.0249218,0.0212778,-0.011645,0.00272363,0.00122619,-0.00575054,0.00287303,0.00143563,-0.00743244,-0.0133742,0.00711056,-0.0108714,-0.0140011,0.00661824,-0.0124557,0.00510982,0.0107616,0.00358555,0.00646121,0.00961775,0.00095082
2977,8,-0.925079,1.0059,0.23801,-0.997941,0.00379981,0.0638092,0.00518785,-0.766255,0.0319673,0.0947271,-0.121208,-1.87665,-0.0317436,0.000173855,-1.20008,2.00011,0.000183646,-1.20007,2.00013,-7.97E-05,-1.20018,1.99994,-0.000101955,-1.20016,1.99997,-0.0241714,0.0206749,-0.00998546,-0.0245588,0.0210294,-0.0107474,0.00262305,0.0011733,-0.00533123,0.00281741,0.00132597,-0.0068957,-0.0118941,0.00584824,-0.00996948,-0.0125032,0.0053415,-0.0114851,0.00494406,0.0106863,0.00406371,0.00628803,0.00952789,0.00156857
2978,8,-0.925846,1.00594,0.2381,-0.997881,0.00385644,0.0647458,0.00520342,-0.76627,0.0319682,0.0848916,-0.121229,-1.87659,-0.0318568,0.000150005,-1.20006,2.0001,0.000159387,-1.20005,2.00012,-7.72E-05,-1.20018,1.99994,-9.92E-05,-1.20016,1.99997,-0.0235274,0.0201615,-0.00921904,-0.0239598,0.0205724,-0.00992273,0.00250493,0.00112475,-0.00494307,0.00273796,0.00122813,-0.00639812,-0.0104313,0.00459817,-0.00913727,-0.0110188,0.00407228,-0.0105894,0.00478366,0.0106143,0.00450698,0.00611732,0.00944504,0.00214169
2979,8,-0.926612,1.00597,0.23818,-0.997819,0.00391308,0.0656823,0.00521903,-0.766284,0.0319691,0.0750545,-0.121249,-1.87652,-0.0319699,0.000126894,-1.20004,2.0001,0.000135825,-1.20003,2.00011,-7.47E-05,-1.20017,1.99993,-9.65E-05,-1.20015,1.99996,-0.0226959,0.019487,-0.00851499,-0.0231631,0.0199412,-0.00916516,0.00237371,0.00107896,-0.00458391,0.00263932,0.0011399,-0.005937,-0.00900032,0.00337308,-0.00836909,-0.00956321,0.00282423,-0.00976256,0.00462982,0.0105454,0.00491795,0.00595065,0.00936842,0.00267344
2980,8,-0.927378,1.006,0.23825,-0.997757,0.00396492,0.066616,0.00523318,-0.766698,0.0317865,0.0660589,-0.102417,-1.86584,-0.0248156,9.50E-05,-1.20001,2.00009,0.000128475,-1.20001,2.00011,-9.87E-05,-1.20005,2.00097,-9.23E-05,-1.20015,1.99995,-0.0410974,0.0318433,-0.00594375,0.00846135,0.021541,-0.00270997,-0.050376,0.245463,2.08618,0.00567652,0.012338,-0.00817081,-0.00761362,0.00218362,-0.00765973,-0.00814953,0.00160882,-0.00899905,0.00448346,0.0104793,0.00529903,0.00578934,0.00929738,0.00316685
2981,8,-0.928145,1.00603,0.238313,-0.997695,0.0040029,0.0675418,0.00524418,-0.76659,0.031268,0.058038,-0.0666126,-1.84482,-0.015828,3.87E-05,-1.19997,2.00008,0.000162817,-1.19998,2.00011,-0.000163986,-1.19979,2.00306,-8.40E-05,-1.20013,1.99994,-0.071436,0.0502264,-0.00665266,0.0602228,0.0228764,0.00768591,-0.0801454,0.27675,2.08394,0.0110496,0.0321981,-0.0122618,-0.00569982,0.00064371,-0.00708138,-0.00770847,0.000364348,-0.00852404,0.00592353,0.003083,-0.0779646,0.00553986,0.00889304,0.00373116
2982,8,-0.928912,1.00606,0.238367,-0.997632,0.00402355,0.0684568,0.00525182,-0.766452,0.0306711,0.0501203,-0.0339214,-1.8232,-0.00689549,-4.37E-05,-1.19991,2.00008,0.000242957,-1.19996,2.00012,-0.000257219,-1.1995,2.00514,-7.43E-05,-1.20009,1.99993,-0.0933723,0.0654675,-0.00631251,0.100059,0.0230253,0.0142616,-0.106319,0.3122,2.08119,0.00832452,0.0475563,-0.0119473,-0.00232382,-0.00181838,-0.00657753,-0.009769,-0.000968175,-0.00872308,0.00983917,-0.0125834,-0.244769,0.00503808,0.00755696,0.00454847
2983,8,-0.929678,1.00609,0.238413,-0.99757,0.00402819,0.0693607,0.00525604,-0.766284,0.0300056,0.0422998,-0.00344939,-1.80106,0.00202954,-0.000144794,-1.19984,2.00007,0.000358031,-1.19994,2.00014,-0.000375273,-1.19917,2.00722,-6.98E-05,-1.20003,1.99992,-0.108867,0.077875,-0.0055586,0.130089,0.0219528,0.0187115,-0.129789,0.348756,2.07775,0.000697638,0.0599357,-0.0106182,0.00262043,-0.0052892,-0.00605892,-0.0145774,-0.00234522,-0.00960098,0.0154331,-0.0302519,-0.411374,0.00445685,0.00516433,0.00551683
2984,8,-0.930444,1.00612,0.238451,-0.997507,0.00401776,0.0702534,0.00525677,-0.766086,0.0292786,0.0345728,0.0255106,-1.77845,0.0109989,-0.000258971,-1.19976,2.00006,0.000499168,-1.19992,2.00016,-0.000515832,-1.1988,2.0093,-7.43E-05,-1.19997,1.99991,-0.119487,0.0877141,-0.0046713,0.152185,0.0198663,0.0217737,-0.15133,0.386454,2.07348,-0.00976026,0.0700078,-0.00931784,0.00868761,-0.00958948,-0.00558407,-0.0214819,-0.00369457,-0.0109199,0.0225164,-0.0500806,-0.577732,0.00418619,0.00193957,0.00641945
2985,8,-0.93121,1.00615,0.238482,-0.997445,0.00399287,0.0711345,0.00525397,-0.765859,0.0284956,0.0269352,0.0534753,-1.75542,0.020052,-0.000381923,-1.19967,2.00006,0.000659186,-1.1999,2.00018,-0.000677251,-1.19839,2.01137,-9.00E-05,-1.19989,1.9999,-0.126417,0.0952259,-0.0037895,0.167852,0.0170181,0.0238186,-0.171509,0.425284,2.06829,-0.0216404,0.078121,-0.00830647,0.0155382,-0.0145572,-0.00517488,-0.0299501,-0.00494914,-0.0125393,0.0309499,-0.0721369,-0.743781,0.00445807,-0.00195874,0.0072169
2986,8,-0.931976,1.00618,0.238505,-0.997383,0.00395393,0.072004,0.00524755,-0.765602,0.0276606,0.0193835,0.0808168,-1.73202,0.0292166,-0.0005104,-1.19957,2.00006,0.000832255,-1.19988,2.0002,-0.000858374,-1.19795,2.01343,-0.000117803,-1.19981,1.99989,-0.130538,0.100643,-0.00298577,0.178286,0.013646,0.0250703,-0.190737,0.465215,2.06213,-0.033962,0.0845044,-0.007601,0.0229154,-0.0200454,-0.00483645,-0.0395512,-0.00605567,-0.014363,0.0406351,-0.096489,-0.909452,0.00540009,-0.0064026,0.00792187
2987,9,-0.932741,1.00621,0.23852,-0.99732,0.00390566,0.0728641,0.00523831,-0.765334,0.0269869,0.0111061,0.0900507,-1.71823,0.0338453,-0.000632548,-1.19947,2.00005,0.000999265,-1.19987,2.00023,-0.00105096,-1.19747,2.0155,-0.000159759,-1.19973,1.99988,-0.113758,0.10215,-0.00374295,0.155734,0.00840783,0.0282805,-0.194432,0.478606,2.07944,-0.0499506,0.0796777,-0.0085935,0.030624,0,0,-0.0499353,0,0,0.0515024,-0.123204,0,0.00706816,-0.0112814,0
2988,9,-0.933507,1.00623,0.238527,-0.997258,0.00385381,0.0737174,0.00522816,-0.765394,0.0263841,0.00283419,0.0949692,-1.70498,0.033763,-0.000735327,-1.19936,2.00005,0.00114081,-1.19986,2.00026,-0.00124701,-1.19699,2.01759,-8.70E-05,-1.19949,2.00096,-0.0918002,0.101558,-0.0038936,0.127347,0.00855988,0.02924,-0.197679,0.487826,2.10081,0.195563,0.403869,2.15517,0.0379529,0,0,-0.0599559,0,0,0.0630575,-0.151519,0,0.00958553,-0.0162068,0
2989,9,-0.934272,1.00626,0.238527,-0.997196,0.00380944,0.0745594,0.00521864,-0.764922,0.0260794,-0.00392243,0.0606323,-1.673,0.0289945,-0.000788721,-1.19926,2.00005,0.00123627,-1.19985,2.00029,-0.0014265,-1.19649,2.0197,9.03E-05,-1.19906,2.0031,-0.014987,0.101826,0.00990751,0.0635763,0.0255033,0.0245614,-0.161302,0.524163,2.10573,0.158951,0.452177,2.13675,0.0441196,0,0,-0.0684484,0,0,0.0748209,-0.180512,0,0.00521716,-0.0307132,0
2990,9,-0.935036,1.00628,0.23852,-0.997134,0.00378055,0.075386,0.00521002,-0.764397,0.0258343,-0.010711,0.0338566,-1.64306,0.025272,-0.000776134,-1.19916,2.00007,0.0012758,-1.19982,2.00031,-0.00157359,-1.19594,2.02181,0.000235047,-1.19858,2.00523,0.0401615,0.100601,0.0170918,0.0154866,0.0386309,0.021141,-0.132873,0.558633,2.11049,0.130534,0.498418,2.12331,0.0473233,0,0,-0.0741761,0,0,0.0855903,-0.210871,0,-0.00541825,-0.0563946,0
2991,9,-0.935801,1.00631,0.238505,-0.997072,0.00376374,0.0761982,0.0052021,-0.763819,0.025636,-0.0175344,0.0129487,-1.61504,0.0223944,-0.000717092,-1.19906,2.00009,0.00127333,-1.19977,2.00033,-0.0016953,-1.19537,2.02392,0.000354415,-1.19807,2.00735,0.0779216,0.097757,0.0211272,-0.0204263,0.0486896,0.0182994,-0.110549,0.591036,2.11552,0.108203,0.539692,2.11424,0.046568,0,0,-0.0765479,0,0,0.0944155,-0.243355,0,-0.0141028,-0.0849124,0
2992,9,-0.936564,1.00634,0.238484,-0.997011,0.00375638,0.0769968,0.00519468,-0.763189,0.0254737,-0.0243928,-0.00342309,-1.58882,0.0201873,-0.000627108,-1.19897,2.00011,0.00123964,-1.19972,2.00035,-0.00179709,-1.19476,2.02604,0.000453851,-1.19751,2.00946,0.102047,0.0936623,0.0233327,-0.0469526,0.0562389,0.0157769,-0.0930191,0.621235,2.12122,0.0906689,0.576564,2.1089,0.0430255,0,0,-0.0763998,0,0,0.101718,-0.277845,0,-0.0212649,-0.116056,0
2993,9,-0.937327,1.00636,0.238457,-0.99695,0.00375647,0.0777828,0.00518762,-0.762509,0.0253387,-0.0312853,-0.0163263,-1.5643,0.018504,-0.000518254,-1.19888,2.00013,0.00118301,-1.19966,2.00036,-0.00188314,-1.19413,2.02816,0.000537544,-1.19691,2.01157,0.115661,0.0887253,0.024311,-0.0663103,0.0617318,0.0134474,-0.0790862,0.649189,2.12778,0.0767174,0.609445,2.10686,0.0376265,0,0,-0.0743784,0,0,0.107825,-0.314213,0,-0.027231,-0.149543,0
2994,9,-0.938089,1.00639,0.238422,-0.996889,0.00376244,0.0785569,0.00518079,-0.761779,0.0252243,-0.038211,-0.0265765,-1.54137,0.0172293,-0.000399799,-1.19879,2.00016,0.00110975,-1.1996,2.00037,-0.00195667,-1.19347,2.03029,0.000608702,-1.19629,2.01368,0.12125,0.0832934,0.0243954,-0.0801967,0.0655389,0.0112458,-0.0679803,0.674847,2.13542,0.0655988,0.638737,2.10768,0.0310952,0,0,-0.0709805,0,0,0.112988,-0.352326,0,-0.0322526,-0.185124,0
2995,9,-0.93885,1.00641,0.23838,-0.996829,0.00377312,0.0793199,0.00517412,-0.761,0.0251251,-0.0451684,-0.0348328,-1.51994,0.016266,-0.000278758,-1.19871,2.00018,0.00102468,-1.19953,2.00038,-0.00202013,-1.19278,2.03243,0.000669765,-1.19564,2.01579,0.120833,0.0776297,0.0238127,-0.0899513,0.0679763,0.00912895,-0.0589339,0.698236,2.14421,0.0565269,0.664728,2.11109,0.0239879,0,0,-0.0665853,0,0,0.1174,-0.392047,0,-0.0365221,-0.222569,0
2996,9,-0.939611,1.00644,0.238332,-0.996768,0.00378762,0.0800726,0.00516752,-0.760172,0.025037,-0.0521556,-0.0415867,-1.49994,0.0155401,-0.000160349,-1.19863,2.0002,0.000931417,-1.19946,2.00039,-0.00207536,-1.19207,2.03458,0.000722573,-1.19496,2.0179,0.115984,0.0719304,0.0227236,-0.096576,0.0693041,0.00707402,-0.0515161,0.719357,2.15428,0.0490901,0.68772,2.11677,0.0167255,0,0,-0.0614809,0,0,0.121208,-0.43324,0,-0.0401859,-0.261673,0
2997,9,-0.940371,1.00646,0.238276,-0.996708,0.00380529,0.0808156,0.00516096,-0.759296,0.0249568,-0.0591708,-0.0472396,-1.48129,0.0149884,-4.84E-05,-1.19857,2.00023,0.000832698,-1.19939,2.0004,-0.00212373,-1.19134,2.03674,0.000768504,-1.19426,2.02002,0.10798,0.0663313,0.0212566,-0.100863,0.0697451,0.0050634,-0.0452294,0.738281,2.16562,0.0427726,0.707925,2.12454,0.00962097,0,0,-0.055885,0,0,0.124521,-0.475767,0,-0.0433544,-0.302247,0
2998,9,-0.94113,1.00649,0.238213,-0.996649,0.00382564,0.0815496,0.00515439,-0.758371,0.0248822,-0.0662118,-0.0520788,-1.46391,0.0145642,5.45E-05,-1.1985,2.00025,0.000730572,-1.19932,2.0004,-0.00216627,-1.1906,2.03891,0.000808578,-1.19355,2.02215,0.097794,0.0609284,0.0195069,-0.103387,0.0694798,0.00309102,-0.0398564,0.755044,2.17829,0.0373755,0.72558,2.13416,0.00290205,0,0,-0.0499619,0,0,0.127424,-0.519496,0,-0.0461103,-0.344116,0
2999,9,-0.941887,1.00651,0.238143,-0.996589,0.00384832,0.0822752,0.00514779,-0.757399,0.0248113,-0.0732764,-0.0563438,-1.44776,0.0142269,0.000146526,-1.19844,2.00026,0.000626574,-1.19925,2.0004,-0.00220373,-1.18983,2.0411,0.000843543,-1.19281,2.02429,0.08622,0.055781,0.0175548,-0.104608,0.0686626,0.00115074,-0.0350692,0.769739,2.19224,0.0325528,0.740844,2.14551,-0.00327117,0,0,-0.0438343,0,0,0.129976,-0.564296,0,-0.0485147,-0.387121,0
3000,9,-0.942644,1.00654,0.238067,-0.996529,0.00387307,0.0829931,0.00514114,-0.75638,0.0247428,-0.0803622,-0.0601943,-1.43275,0.013948,0.000226559,-1.19839,2.00028,0.000521848,-1.19918,2.0004,-0.00223666,-1.18906,2.0433,0.000873938,-1.19207,2.02644,0.0738449,0.0509276,0.0154581,-0.104844,0.0674159,-0.000755655,-0.0307838,0.782422,2.2075,0.0282387,0.753911,2.15839,-0.00879159,0,0,-0.0375945,0,0,0.132224,-0.61004,0,-0.0506126,-0.431114,0
3001,9,-0.9434,1.00656,0.237983,-0.99647,0.00389971,0.0837036,0.00513444,-0.755314,0.0246757,-0.0874667,-0.0637694,-1.41884,0.0137017,0.000294057,-1.19834,2.0003,0.000417249,-1.19912,2.0004,-0.00226544,-1.18827,2.04551,0.000900154,-1.19131,2.02861,0.0611506,0.046385,0.0132683,-0.104355,0.065845,-0.00262908,-0.026777,0.7932,2.22398,0.0241922,0.764906,2.17275,-0.0135935,0,0,-0.0313109,0,0,0.1342,-0.656605,0,-0.0524363,-0.475956,0
3002,9,-0.944155,1.00659,0.237892,-0.99641,0.00392813,0.0844075,0.00512768,-0.754202,0.0246093,-0.0945875,-0.0671499,-1.40597,0.0134714,0.00034887,-1.1983,2.00031,0.000313416,-1.19905,2.0004,-0.00229035,-1.18747,2.04775,0.000922465,-1.19054,2.03079,0.0484752,0.0421608,0.0110201,-0.10331,0.0640307,-0.00446441,-0.0230472,0.802136,2.24168,0.0204295,0.773996,2.1884,-0.0176434,0,0,-0.0250349,0,0,0.135926,-0.703873,0,-0.0540092,-0.521521,0
3003,9,-0.944909,1.00661,0.237794,-0.996351,0.00395824,0.0851052,0.00512087,-0.753044,0.0245433,-0.101722,-0.0704138,-1.39408,0.0132408,0.000391158,-1.19826,2.00032,0.000210832,-1.19899,2.00039,-0.00231159,-1.18667,2.05,0.000941066,-1.18976,2.03299,0.0361011,0.0382497,0.00874669,-0.101857,0.0620433,-0.00626065,-0.0194348,0.809344,2.26052,0.0167734,0.78128,2.20531,-0.0209322,0,0,-0.018805,0,0,0.137421,-0.751733,0,-0.0553479,-0.567688,0
3004,9,-0.945661,1.00663,0.237688,-0.996292,0.00399,0.0857972,0.00511402,-0.75184,0.0244772,-0.108868,-0.0735943,-1.38314,0.0130012,0.000421312,-1.19822,2.00032,0.000109865,-1.19893,2.00039,-0.00232931,-1.18585,2.05227,0.000956098,-1.18898,2.0352,0.024207,0.0346438,0.00646838,-0.100077,0.0599344,-0.00801176,-0.0159881,0.814891,2.28048,0.01329,0.786905,2.22333,-0.0234695,0,0,-0.0126499,0,0,0.138696,-0.800078,0,-0.056464,-0.614346,0
3005,9,-0.946412,1.00666,0.237576,-0.996232,0.00402336,0.0864839,0.00510713,-0.750592,0.024411,-0.116022,-0.0767329,-1.37308,0.0127422,0.00043989,-1.19819,2.00033,1.08E-05,-1.19887,2.00038,-0.00234359,-1.18504,2.05456,0.000967662,-1.18819,2.03744,0.0129486,0.0313273,0.00420675,-0.0980549,0.0577502,-0.00971662,-0.0125845,0.818892,2.30145,0.00983898,0.790954,2.24244,-0.0252787,0,0,-0.0065919,0,0,0.139758,-0.848805,0,-0.0573659,-0.661392,0
3006,9,-0.947162,1.00668,0.237456,-0.996173,0.00405832,0.0871657,0.00510022,-0.7493,0.0243445,-0.123183,-0.079835,-1.36386,0.0124603,0.000447566,-1.19816,2.00033,-8.61E-05,-1.19881,2.00037,-0.00235453,-1.18422,2.05687,0.00097584,-1.1874,2.03969,0.00240396,0.0282856,0.00197293,-0.0958257,0.0555222,-0.0113695,-0.00930213,0.821414,2.32343,0.00651634,0.79356,2.2625,-0.0263934,0,0,-0.000647947,0,0,0.140615,-0.897818,0,-0.0580597,-0.708728,0
3007,9,-0.947911,1.00671,0.237329,-0.996113,0.00409485,0.0878432,0.0050933,-0.747964,0.0242779,-0.130347,-0.0829215,-1.35544,0.012149,0.000445092,-1.19813,2.00033,-0.000180775,-1.19876,2.00035,-0.00236221,-1.18339,2.05921,0.000980699,-1.1866,2.04196,-0.00735071,0.025499,-0.000218841,-0.0934419,0.0532802,-0.0129699,-0.00603861,0.82257,2.34631,0.00320212,0.794794,2.2835,-0.026854,0,0,0.00516847,0,0,0.141272,-0.947027,0,-0.0585504,-0.756263,0
3008,9,-0.948658,1.00673,0.237195,-0.996053,0.00413294,0.0885166,0.0050864,-0.746585,0.0242112,-0.137513,-0.085982,-1.34778,0.0118077,0.000433267,-1.19811,2.00033,-0.000272953,-1.19871,2.00034,-0.00236667,-1.18257,2.06157,0.000982305,-1.18581,2.04425,-0.0163003,0.0229513,-0.00236334,-0.0909144,0.0510422,-0.014513,-0.00288945,0.822423,2.37007,9.33E-06,0.79478,2.30532,-0.0267055,0,0,0.0108465,0,0,0.141732,-0.996347,0,-0.058842,-0.803914,0
3009,9,-0.949404,1.00676,0.237054,-0.995993,0.00417258,0.0891863,0.00507951,-0.745164,0.0241445,-0.144677,-0.0890264,-1.34084,0.0114322,0.000412908,-1.19808,2.00033,-0.00036255,-1.19866,2.00033,-0.00236799,-1.18175,2.06395,0.000980724,-1.18501,2.04657,-0.0244171,0.0206223,-0.004451,-0.08828,0.048827,-0.0159994,0.000238111,0.821086,2.3946,-0.00317198,0.793577,2.32795,-0.025996,0,0,0.0163772,0,0,0.142,-1.0457,0,-0.0589383,-0.851601,0
3010,9,-0.950148,1.00678,0.236906,-0.995933,0.00421377,0.0898527,0.00507267,-0.743702,0.0240779,-0.151839,-0.0920363,-1.33457,0.0110241,0.000384838,-1.19807,2.00032,-0.00044946,-1.19861,2.00031,-0.00236626,-1.18093,2.06636,0.000976028,-1.18422,2.04891,-0.0317241,0.0184963,-0.00648041,-0.085539,0.0466439,-0.0174252,0.00323886,0.818616,2.41989,-0.00621942,0.791301,2.35128,-0.0247745,0,0,0.021753,0,0,0.14208,-1.095,0,-0.0588434,-0.899252,0
3011,9,-0.950891,1.0068,0.236751,-0.995873,0.00425648,0.0905161,0.0050659,-0.742199,0.0240115,-0.158994,-0.0950164,-1.32894,0.0105805,0.000349865,-1.19805,2.00032,-0.00053359,-1.19856,2.00029,-0.00236154,-1.18011,2.06879,0.000968298,-1.18343,2.05127,-0.0382223,0.0165546,-0.00844501,-0.0827216,0.0445047,-0.0187922,0.00620235,0.815122,2.44584,-0.00923941,0.788005,2.37531,-0.0230903,0,0,0.0269676,0,0,0.141975,-1.14419,0,-0.0585617,-0.946798,0
3012,9,-0.951633,1.00683,0.236588,-0.995813,0.00430069,0.0911768,0.0050592,-0.740656,0.0239456,-0.166142,-0.097945,-1.32391,0.0101042,0.000308775,-1.19803,2.00031,-0.000614863,-1.19852,2.00027,-0.00235393,-1.1793,2.07125,0.000957626,-1.18264,2.05366,-0.0439566,0.0147834,-0.0103459,-0.0798239,0.0424131,-0.0200972,0.00901812,0.810658,2.47244,-0.0121047,0.783797,2.39993,-0.0209919,0,0,0.0320154,0,0,0.141692,-1.19321,0,-0.0580979,-0.994177,0
3013,9,-0.952373,1.00685,0.236418,-0.995752,0.00434638,0.0918352,0.00505261,-0.739074,0.0238802,-0.173279,-0.100825,-1.31945,0.00959315,0.000262325,-1.19802,2.0003,-0.000693212,-1.19848,2.00025,-0.00234353,-1.17849,2.07373,0.000944113,-1.18186,2.05607,-0.0489439,0.0131658,-0.0121783,-0.0768746,0.0403766,-0.0213432,0.0117765,0.805325,2.49958,-0.0149221,0.778724,2.42514,-0.0185265,0,0,0.0368918,0,0,0.141236,-1.24198,0,-0.0574576,-1.04133,0
3014,9,-0.953111,1.00688,0.236242,-0.995691,0.00439352,0.0924914,0.00504614,-0.737454,0.0238155,-0.180405,-0.103634,-1.31552,0.00905073,0.000211233,-1.19801,2.00028,-0.000768583,-1.19844,2.00023,-0.00233046,-1.17769,2.07625,0.000927871,-1.18109,2.05851,-0.0532407,0.0116904,-0.0139451,-0.0738684,0.0383953,-0.0225279,0.0143644,0.799173,2.52725,-0.0175621,0.772888,2.45085,-0.0157395,0,0,0.0415927,0,0,0.140612,-1.29046,0,-0.0566468,-1.08821,0
3015,9,-0.953848,1.0069,0.236058,-0.99563,0.00444208,0.0931457,0.0050398,-0.735796,0.0237517,-0.187517,-0.106376,-1.31209,0.00847538,0.000156177,-1.19799,2.00027,-0.000840935,-1.1984,2.00021,-0.00231484,-1.17689,2.07879,0.000909023,-1.18032,2.06098,-0.0568712,0.0103423,-0.0156427,-0.0708345,0.0364742,-0.0236549,0.0168752,0.792299,2.55537,-0.0201343,0.766329,2.47705,-0.012674,0,0,0.046115,0,0,0.139827,-1.33859,0,-0.0556723,-1.13476,0
3016,9,-0.954583,1.00692,0.235867,-0.995568,0.00449201,0.0937984,0.00503363,-0.734102,0.0236888,-0.194613,-0.109028,-1.30913,0.00787089,9.78E-05,-1.19798,2.00025,-0.000910236,-1.19837,2.00018,-0.0022968,-1.17611,2.08136,0.000887702,-1.17956,2.06347,-0.0598973,0.0091126,-0.0172751,-0.0677675,0.0346113,-0.0247227,0.0191942,0.784747,2.58392,-0.0225079,0.759144,2.50365,-0.00937059,0,0,0.0504561,0,0,0.13889,-1.38634,0,-0.0545414,-1.18093,0
3017,9,-0.955316,1.00695,0.235668,-0.995507,0.00454327,0.0944497,0.00502763,-0.732372,0.0236271,-0.201691,-0.111596,-1.30662,0.00723585,3.67E-05,-1.19798,2.00023,-0.000976468,-1.19833,2.00016,-0.0022765,-1.17533,2.08396,0.000864049,-1.1788,2.06598,-0.062345,0.00798834,-0.0188394,-0.0646973,0.0328102,-0.0257356,0.0214196,0.77661,2.61281,-0.0247968,0.751368,2.53066,-0.00586753,0,0,0.0546142,0,0,0.137808,-1.43365,0,-0.0532621,-1.2267,0
3018,9,-0.956047,1.00697,0.235463,-0.995444,0.00459582,0.0950998,0.00502183,-0.730607,0.0235665,-0.20875,-0.114058,-1.30451,0.00657432,-2.66E-05,-1.19797,2.00021,-0.00103963,-1.1983,2.00013,-0.00225407,-1.17455,2.08658,0.000838216,-1.17805,2.06853,-0.0642774,0.00696248,-0.0203402,-0.0616185,0.0310678,-0.0266924,0.0234355,0.767923,2.64204,-0.0268698,0.743093,2.55798,-0.00220026,0,0,0.0585881,0,0,0.13659,-1.48049,0,-0.0518429,-1.27201,0
3019,9,-0.956777,1.00699,0.235251,-0.995382,0.00464961,0.095749,0.00501624,-0.728808,0.0235071,-0.215789,-0.116423,-1.30279,0.00588489,-9.16E-05,-1.19796,2.00019,-0.00109972,-1.19827,2.0001,-0.00222968,-1.17379,2.08924,0.000810358,-1.17731,2.0711,-0.0657192,0.00602402,-0.0217753,-0.0585615,0.0293868,-0.0275982,0.0253455,0.758777,2.67153,-0.0288453,0.734348,2.58564,0.00159841,0,0,0.0623776,0,0,0.135244,-1.52683,0,-0.050293,-1.31685,0
3020,9,-0.957505,1.00702,0.235032,-0.995319,0.00470458,0.0963973,0.00501089,-0.726975,0.0234491,-0.222805,-0.118672,-1.30142,0.00517177,-0.000157864,-1.19796,2.00017,-0.00115676,-1.19824,2.00007,-0.00220349,-1.17304,2.09193,0.00078064,-1.17658,2.0737,-0.0667321,0.00516766,-0.0231499,-0.0555203,0.0277637,-0.0284519,0.0270327,0.749201,2.70128,-0.0305918,0.72522,2.61352,0.00549831,0,0,0.065983,0,0,0.133781,-1.57263,0,-0.0486215,-1.36117,0
3021,9,-0.958231,1.00704,0.234805,-0.995256,0.00476068,0.097045,0.00500579,-0.72511,0.0233925,-0.229797,-0.120813,-1.30039,0.00443345,-0.000224899,-1.19795,2.00015,-0.00121078,-1.19822,2.00005,-0.00217567,-1.17229,2.09464,0.000749227,-1.17586,2.07633,-0.0673375,0.00438384,-0.0244617,-0.0525257,0.0262008,-0.0292589,0.0286064,0.73928,2.7312,-0.032233,0.715733,2.64167,0.00947185,0,0,0.0694054,0,0,0.132209,-1.61787,0,-0.0468384,-1.40496,0
3022,9,-0.958955,1.00706,0.234572,-0.995192,0.00481785,0.0976922,0.00500095,-0.723214,0.0233374,-0.236764,-0.122829,-1.29967,0.00367427,-0.000292365,-1.19795,2.00012,-0.00126183,-1.19819,2.00002,-0.00214639,-1.17156,2.09739,0.000716293,-1.17515,2.07898,-0.0675944,0.00366876,-0.0257164,-0.0495705,0.0246941,-0.0300185,0.0299483,0.729039,2.76131,-0.0336365,0.705969,2.66997,0.0134939,0,0,0.0726468,0,0,0.13054,-1.66252,0,-0.0449536,-1.44818,0
3023,9,-0.959677,1.00709,0.234332,-0.995128,0.00487603,0.0983391,0.0049964,-0.721286,0.0232837,-0.243706,-0.124732,-1.29923,0.00289258,-0.000359922,-1.19794,2.0001,-0.00130996,-1.19817,1.99999,-0.00211583,-1.17083,2.10017,0.000682009,-1.17445,2.08167,-0.0675201,0.00301402,-0.026912,-0.0466849,0.023246,-0.0307363,0.0311739,0.718557,2.79151,-0.0349316,0.695948,2.69847,0.0175419,0,0,0.0757097,0,0,0.128784,-1.70657,0,-0.0429776,-1.49084,0
3024,9,-0.960398,1.00711,0.234085,-0.995064,0.00493517,0.0989858,0.00499215,-0.719329,0.0232315,-0.25062,-0.126506,-1.29905,0.0020928,-0.000427267,-1.19794,2.00007,-0.00135523,-1.19814,1.99995,-0.00208416,-1.17012,2.10297,0.00064655,-1.17376,2.08438,-0.0671698,0.00241705,-0.0280541,-0.04386,0.0218523,-0.0314115,0.0321632,0.707853,2.82184,-0.0359848,0.685747,2.72706,0.0215953,0,0,0.0785974,0,0,0.12695,-1.75,0,-0.0409205,-1.53289,0
3025,9,-0.961116,1.00713,0.233831,-0.994999,0.0049952,0.0996325,0.00498822,-0.717342,0.0231808,-0.257505,-0.128166,-1.29912,0.00127309,-0.00049413,-1.19794,2.00004,-0.00139772,-1.19812,1.99992,-0.00205156,-1.16942,2.10581,0.000610093,-1.17308,2.08712,-0.0665561,0.00187035,-0.029141,-0.0411255,0.0205154,-0.0320498,0.0330376,0.697003,2.8522,-0.0369307,0.675379,2.75578,0.025636,0,0,0.0813137,0,0,0.12505,-1.79279,0,-0.038793,-1.57434,0
3026,9,-0.961832,1.00716,0.23357,-0.994934,0.00505605,0.100279,0.00498461,-0.715327,0.0231316,-0.264361,-0.129695,-1.29941,0.000437947,-0.000560273,-1.19794,2.00001,-0.00143752,-1.1981,1.99989,-0.00201821,-1.16873,2.10868,0.00057281,-1.17241,2.08989,-0.0657306,0.00137232,-0.0301784,-0.0384702,0.0192311,-0.0326507,0.0336749,0.68602,2.88262,-0.0376344,0.664919,2.78454,0.0296478,0,0,0.0838633,0,0,0.123094,-1.83494,0,-0.0366056,-1.61518,0
3027,9,-0.962547,1.00718,0.233302,-0.994868,0.00511768,0.100926,0.00498135,-0.713284,0.0230839,-0.271187,-0.131111,-1.2999,-0.000414643,-0.000625489,-1.19794,1.99998,-0.00147472,-1.19808,1.99986,-0.00198427,-1.16805,2.11157,0.000534875,-1.17175,2.09269,-0.0647008,0.000916151,-0.0311645,-0.0359227,0.0180017,-0.0332198,0.0342027,0.674976,2.91302,-0.0382357,0.654374,2.81337,0.0336164,0,0,0.0862511,0,0,0.121092,-1.87643,0,-0.0343686,-1.65539,0
3028,9,-0.963259,1.0072,0.233027,-0.994802,0.00518003,0.101573,0.00497845,-0.711214,0.0230376,-0.277981,-0.1324,-1.30058,-0.00128012,-0.000689597,-1.19794,1.99995,-0.00150941,-1.19807,1.99982,-0.00194992,-1.16738,2.1145,0.000496458,-1.1711,2.09552,-0.0635148,0.000501032,-0.0321052,-0.0334693,0.0168229,-0.0337562,0.0344961,0.663878,2.94343,-0.0385979,0.643816,2.84219,0.0375293,0,0,0.0884829,0,0,0.119056,-1.91726,0,-0.0320925,-1.69496,0
3029,9,-0.963969,1.00723,0.232746,-0.994736,0.00524302,0.102221,0.00497592,-0.709117,0.0229927,-0.284744,-0.133579,-1.30143,-0.0021607,-0.000752442,-1.19794,1.99991,-0.00154171,-1.19805,1.99979,-0.00191533,-1.16672,2.11746,0.000457726,-1.17046,2.09838,-0.0621753,0.000120619,-0.0329985,-0.0311375,0.0156971,-0.034266,0.0346885,0.652795,2.97378,-0.0388661,0.633246,2.87103,0.0413758,0,0,0.0905647,0,0,0.116995,-1.95742,0,-0.0297875,-1.73391,0
3030,9,-0.964677,1.00725,0.232458,-0.994668,0.00530662,0.102868,0.00497378,-0.706994,0.0229491,-0.291475,-0.134635,-1.30244,-0.00305175,-0.000813893,-1.19794,1.99988,-0.00157174,-1.19803,1.99976,-0.00188066,-1.16607,2.12045,0.000418843,-1.16983,2.10126,-0.0607269,-0.000225248,-0.0338506,-0.0289111,0.0146199,-0.0347479,0.0346522,0.641729,3.00409,-0.0389012,0.622732,2.8998,0.0451465,0,0,0.0925029,0,0,0.11492,-1.99692,0,-0.0274636,-1.77222,0
3031,9,-0.965383,1.00727,0.232163,-0.994601,0.00537075,0.103517,0.00497203,-0.704847,0.0229068,-0.298172,-0.135587,-1.30358,-0.00395571,-0.00087384,-1.19794,1.99985,-0.0015996,-1.19802,1.99972,-0.00184607,-1.16543,2.12347,0.000379965,-1.16922,2.10417,-0.0591678,-0.000542583,-0.0346592,-0.0268161,0.0135937,-0.0352079,0.0345263,0.630743,3.03428,-0.0388535,0.612271,2.92856,0.0488336,0,0,0.0943044,0,0,0.112839,-2.03576,0,-0.0251306,-1.8099,0
3032,9,-0.966087,1.0073,0.231861,-0.994533,0.00543537,0.104166,0.00497068,-0.702674,0.0228658,-0.304835,-0.136424,-1.30486,-0.00486783,-0.000932194,-1.19794,1.99981,-0.00162543,-1.19801,1.99969,-0.00181171,-1.16481,2.12652,0.000341248,-1.16861,2.10712,-0.0575396,-0.000831036,-0.0354306,-0.0248338,0.012614,-0.0356447,0.0341797,0.619837,3.06441,-0.0385808,0.601927,2.95722,0.0524304,0,0,0.0959762,0,0,0.110764,-2.07393,0,-0.0227979,-1.84695,0
3033,9,-0.966788,1.00732,0.231553,-0.994464,0.00550043,0.104815,0.00496975,-0.700478,0.0228258,-0.311464,-0.137166,-1.30625,-0.00579079,-0.000988882,-1.19794,1.99978,-0.00164934,-1.198,1.99965,-0.00177774,-1.16419,2.1296,0.000302838,-1.16801,2.11009,-0.0558363,-0.0010964,-0.0361624,-0.0229891,0.0116832,-0.036064,0.0337571,0.609071,3.09439,-0.0382389,0.591692,2.98581,0.0559316,0,0,0.0975257,0,0,0.108703,-2.11145,0,-0.0204749,-1.88338,0
3034,9,-0.967488,1.00734,0.231239,-0.994395,0.00556587,0.105465,0.00496925,-0.698258,0.0227869,-0.318059,-0.1378,-1.30774,-0.00671975,-0.00104385,-1.19794,1.99974,-0.00167146,-1.19798,1.99961,-0.0017443,-1.16359,2.13271,0.000264878,-1.16743,2.11309,-0.0540969,-0.0013379,-0.0368609,-0.0212609,0.0107965,-0.0364644,0.0331235,0.598437,3.12427,-0.0376822,0.581626,3.01427,0.0593329,0,0,0.0989604,0,0,0.106665,-2.14832,0,-0.0181703,-1.91919,0
3035,9,-0.968185,1.00736,0.230917,-0.994325,0.00563164,0.106116,0.00496919,-0.696016,0.022749,-0.324619,-0.138349,-1.30932,-0.00765762,-0.00109705,-1.19794,1.9997,-0.00169193,-1.19797,1.99958,-0.00171153,-1.163,2.13585,0.000227501,-1.16685,2.11612,-0.0523115,-0.00156119,-0.0375236,-0.0196729,0.00995647,-0.0368516,0.0324295,0.587994,3.15398,-0.0370716,0.571718,3.04264,0.0626309,0,0,0.100288,0,0,0.104658,-2.18454,0,-0.0158927,-1.95439,0
3036,9,-0.96888,1.00739,0.230589,-0.994255,0.00569771,0.106768,0.00496956,-0.693751,0.0227118,-0.331144,-0.1388,-1.31098,-0.00859945,-0.00114847,-1.19794,1.99966,-0.00171087,-1.19796,1.99954,-0.00167955,-1.16241,2.13902,0.000190836,-1.16628,2.11917,-0.050517,-0.00176516,-0.0381568,-0.0182015,0.00915809,-0.0372237,0.0315357,0.57773,3.18356,-0.0362576,0.562024,3.07084,0.0658232,0,0,0.101516,0,0,0.102692,-2.22013,0,-0.0136501,-1.98899,0
3037,9,-0.969572,1.00741,0.230255,-0.994185,0.00576403,0.10742,0.00497039,-0.691463,0.0226755,-0.337633,-0.139176,-1.31272,-0.0095484,-0.00119808,-1.19794,1.99963,-0.0017284,-1.19796,1.9995,-0.00164848,-1.16184,2.14221,0.000155004,-1.16573,2.12226,-0.0486999,-0.00195537,-0.0387578,-0.0168699,0.00840381,-0.0375866,0.0305981,0.5677,3.21293,-0.0354065,0.552528,3.09893,0.068908,0,0,0.102652,0,0,0.100773,-2.25511,0,-0.0114502,-2.023,0
3038,9,-0.970263,1.00743,0.229914,-0.994113,0.00583056,0.108074,0.00497168,-0.689154,0.0226398,-0.344086,-0.139466,-1.31452,-0.0104994,-0.00124587,-1.19795,1.99959,-0.00174467,-1.19795,1.99946,-0.00161844,-1.16128,2.14544,0.000120119,-1.16518,2.12537,-0.0468953,-0.0021304,-0.0393331,-0.0156523,0.00768849,-0.0379379,0.029473,0.557888,3.24217,-0.0343643,0.543286,3.12682,0.0718845,0,0,0.103704,0,0,0.0989087,-2.28947,0,-0.00930025,-2.05643,0
3039,9,-0.970951,1.00745,0.229567,-0.994042,0.00589726,0.108728,0.00497342,-0.686824,0.0226046,-0.350503,-0.139692,-1.31637,-0.0114558,-0.00129186,-1.19795,1.99955,-0.00175978,-1.19794,1.99943,-0.00158955,-1.16073,2.1487,8.63E-05,-1.16464,2.12851,-0.0450869,-0.00229578,-0.0398797,-0.0145714,0.00701454,-0.0382836,0.0283218,0.548347,3.27118,-0.0333027,0.534274,3.15457,0.0747524,0,0,0.10468,0,0,0.0971066,-2.32324,0,-0.00720713,-2.08931,0
3040,9,-0.971636,1.00748,0.229213,-0.993969,0.0059641,0.109383,0.00497564,-0.684473,0.0225698,-0.356884,-0.139842,-1.31828,-0.0124126,-0.00133606,-1.19795,1.99951,-0.00177386,-1.19793,1.99939,-0.00156189,-1.16018,2.15198,5.36E-05,-1.16411,2.13168,-0.0433083,-0.00244982,-0.040404,-0.0135991,0.00637659,-0.038621,0.0269959,0.539057,3.30004,-0.0320631,0.525547,3.18211,0.0775118,0,0,0.105587,0,0,0.0953727,-2.35642,0,-0.00517712,-2.12164,0
3041,9,-0.97232,1.0075,0.228853,-0.993897,0.00603104,0.110039,0.00497833,-0.682102,0.0225353,-0.363229,-0.139942,-1.32023,-0.0133732,-0.00137849,-1.19795,1.99947,-0.00178704,-1.19793,1.99935,-0.00153556,-1.15965,2.1553,2.22E-05,-1.16359,2.13488,-0.0415402,-0.00259804,-0.0409031,-0.0127581,0.00577709,-0.0389558,0.025662,0.530067,3.32866,-0.0308221,0.517079,3.20949,0.0801637,0,0,0.106432,0,0,0.0937132,-2.38905,0,-0.00321614,-2.15343,0
3042,9,-0.973,1.00752,0.228487,-0.993823,0.00609807,0.110696,0.0049815,-0.67971,0.0225009,-0.369538,-0.139977,-1.32223,-0.0143325,-0.00141916,-1.19796,1.99943,-0.00179943,-1.19792,1.99931,-0.00151064,-1.15912,2.15864,-7.96E-06,-1.16308,2.1381,-0.0398155,-0.00273849,-0.0413834,-0.0120186,0.00521041,-0.0392853,0.0241665,0.521355,3.35711,-0.0294164,0.50892,3.23664,0.0827092,0,0,0.107222,0,0,0.0921334,-2.42112,0,-0.00132959,-2.18471,0
3043,9,-0.973679,1.00755,0.228114,-0.993749,0.00616515,0.111353,0.00498514,-0.677297,0.0224666,-0.375811,-0.139973,-1.32425,-0.0152943,-0.00145813,-1.19796,1.99938,-0.00181114,-1.19792,1.99927,-0.00148722,-1.15861,2.16201,-3.67E-05,-1.16257,2.14135,-0.0381123,-0.00287668,-0.0418415,-0.0114031,0.00467902,-0.0396152,0.0226813,0.512969,3.38532,-0.0280279,0.50104,3.26363,0.0851498,0,0,0.107966,0,0,0.0906386,-2.45266,0,0.000477567,-2.21549,0
3044,9,-0.974355,1.00757,0.227735,-0.993675,0.00623226,0.112012,0.00498927,-0.674865,0.0224321,-0.382047,-0.139917,-1.32631,-0.0162532,-0.00149542,-1.19796,1.99934,-0.00182228,-1.19791,1.99923,-0.00146535,-1.1581,2.16541,-6.39E-05,-1.16207,2.14463,-0.0364628,-0.00301042,-0.0422841,-0.0108805,0.00417709,-0.0399421,0.0210476,0.504882,3.41335,-0.0264876,0.493489,3.29037,0.0874877,0,0,0.108668,0,0,0.0892332,-2.48369,0,0.0022009,-2.24579,0
3045,9,-0.975029,1.00759,0.22735,-0.9936,0.00629938,0.112672,0.00499389,-0.672414,0.0223975,-0.388246,-0.139834,-1.32839,-0.0172134,-0.00153107,-1.19796,1.9993,-0.00183296,-1.19791,1.99919,-0.00144511,-1.1576,2.16884,-8.97E-05,-1.16158,2.14793,-0.0348431,-0.00314526,-0.0427076,-0.0104733,0.00370714,-0.040272,0.0194425,0.497139,3.44114,-0.024983,0.486234,3.31693,0.0897249,0,0,0.109337,0,0,0.0879213,-2.51423,0,0.00383636,-2.27562,0
3046,9,-0.9757,1.00761,0.226959,-0.993524,0.00636649,0.113333,0.00499899,-0.669943,0.0223624,-0.39441,-0.139709,-1.33051,-0.0181693,-0.00156513,-1.19797,1.99926,-0.00184327,-1.1979,1.99915,-0.00142654,-1.1571,2.17229,-0.000113836,-1.1611,2.15126,-0.0332848,-0.00327873,-0.0431188,-0.0101491,0.0032631,-0.0406011,0.0177016,0.489712,3.46874,-0.0233394,0.47932,3.34324,0.0918641,0,0,0.109978,0,0,0.0867066,-2.54429,0,0.00538048,-2.30502,0
3047,9,-0.976369,1.00763,0.226561,-0.993448,0.00643358,0.113994,0.00500458,-0.667452,0.0223269,-0.400537,-0.139569,-1.33264,-0.0191255,-0.00159766,-1.19797,1.99921,-0.00185331,-1.1979,1.99911,-0.00140968,-1.15662,2.17578,-0.00013638,-1.16062,2.15462,-0.0317621,-0.00341641,-0.0435137,-0.00993097,0.00284758,-0.0409354,0.0160072,0.482644,3.49609,-0.0217496,0.472713,3.36937,0.0939079,0,0,0.110596,0,0,0.0855923,-2.57389,0,0.00683015,-2.33398,0
3048,9,-0.977035,1.00766,0.226158,-0.993371,0.00650065,0.114657,0.00501065,-0.664942,0.0222907,-0.406627,-0.139399,-1.3348,-0.0200761,-0.00162869,-1.19797,1.99917,-0.00186317,-1.1979,1.99907,-0.00139459,-1.15614,2.17929,-0.000157272,-1.16015,2.158,-0.0303066,-0.00355559,-0.0438993,-0.0097853,0.00245432,-0.0412708,0.0141892,0.475903,3.52327,-0.0200329,0.466457,3.39524,0.0958593,0,0,0.111199,0,0,0.084581,-2.60306,0,0.00818282,-2.36254,0
3049,9,-0.977698,1.00768,0.225748,-0.993294,0.00656767,0.115321,0.00501721,-0.662413,0.0222539,-0.412682,-0.139226,-1.33697,-0.021026,-0.00165829,-1.19798,1.99913,-0.00187293,-1.1979,1.99903,-0.00138127,-1.15566,2.18282,-0.000176482,-1.15969,2.16141,-0.0288905,-0.00370186,-0.0442713,-0.00973593,0.00208601,-0.0416133,0.0124351,0.469531,3.55019,-0.0183878,0.460513,3.42093,0.0977214,0,0,0.11179,0,0,0.0836751,-2.63182,0,0.00943629,-2.39072,0
3050,9,-0.97836,1.0077,0.225332,-0.993216,0.00663465,0.115986,0.00502426,-0.659865,0.0222161,-0.4187,-0.139035,-1.33917,-0.0219699,-0.00168651,-1.19798,1.99908,-0.00188267,-1.1979,1.99898,-0.00136975,-1.1552,2.18639,-0.00019399,-1.15923,2.16484,-0.0275439,-0.00385365,-0.0446369,-0.00975152,0.00173578,-0.0419595,0.0106116,0.463501,3.57692,-0.0166288,0.454923,3.44636,0.0994973,0,0,0.112376,0,0,0.0828764,-2.66018,0,0.0105889,-2.41853,0
3051,9,-0.979018,1.00772,0.224911,-0.993138,0.00670158,0.116652,0.00503179,-0.657297,0.0221773,-0.424683,-0.138845,-1.34139,-0.0229109,-0.0017134,-1.19799,1.99904,-0.00189247,-1.19789,1.99894,-0.00136005,-1.15474,2.18998,-0.000209781,-1.15878,2.1683,-0.0262446,-0.00401226,-0.0449917,-0.00984445,0.00140767,-0.042312,0.00878117,0.457833,3.60344,-0.0149531,0.449652,3.4716,0.10119,0,0,0.11296,0,0,0.082185,-2.68817,0,0.0116394,-2.44599,0
3052,9,-0.979674,1.00775,0.224483,-0.993058,0.00676847,0.117318,0.00503981,-0.65471,0.0221374,-0.43063,-0.138652,-1.34363,-0.0238457,-0.00173903,-1.19799,1.99899,-0.00190239,-1.19789,1.9989,-0.00135219,-1.15428,2.19359,-0.000223847,-1.15833,2.17178,-0.0250132,-0.00418041,-0.0453424,-0.00999753,0.00109355,-0.0426713,0.00693814,0.452518,3.62975,-0.0131776,0.444734,3.49658,0.102804,0,0,0.113548,0,0,0.0816032,-2.71581,0,0.0125869,-2.47313,0
3053,9,-0.980328,1.00777,0.224049,-0.992979,0.0068353,0.117986,0.0050483,-0.652104,0.0220962,-0.43654,-0.13847,-1.3459,-0.0247769,-0.00176345,-1.19799,1.99895,-0.0019125,-1.19789,1.99886,-0.00134617,-1.15383,2.19724,-0.000236186,-1.15789,2.17529,-0.0238304,-0.00435769,-0.0456847,-0.0102177,0.000797917,-0.0430382,0.00510103,0.447568,3.65585,-0.0115014,0.440133,3.52139,0.104342,0,0,0.114143,0,0,0.0811316,-2.74313,0,0.0134308,-2.49996,0
3054,9,-0.980978,1.00779,0.22361,-0.992899,0.00690209,0.118655,0.00505727,-0.649478,0.0220537,-0.442415,-0.138293,-1.34819,-0.0257012,-0.00178672,-1.198,1.9989,-0.00192285,-1.19789,1.99881,-0.00134199,-1.15339,2.2009,-0.000246804,-1.15745,2.17883,-0.0227169,-0.00454678,-0.0460255,-0.0104876,0.000512475,-0.0434129,0.0032635,0.442972,3.68176,-0.0097347,0.435883,3.54594,0.105807,0,0,0.11475,0,0,0.0807704,-2.77013,0,0.0141712,-2.52651,0
3055,9,-0.981626,1.00781,0.223164,-0.992818,0.00696885,0.119326,0.00506671,-0.646833,0.0220096,-0.448254,-0.138137,-1.3505,-0.0266213,-0.00180891,-1.198,1.99885,-0.0019335,-1.19789,1.99877,-0.00133964,-1.15295,2.2046,-0.000255713,-1.15702,2.18239,-0.0216524,-0.00474711,-0.0463603,-0.0108147,0.000241949,-0.0437962,0.00144387,0.438741,3.70746,-0.00808239,0.431946,3.57032,0.107203,0,0,0.115371,0,0,0.0805195,-2.79684,0,0.0148082,-2.55279,0
3056,9,-0.982272,1.00783,0.222713,-0.992736,0.00704348,0.120001,0.0050786,-0.643715,0.0222989,-0.455487,-0.168533,-1.37001,-0.0390158,-0.00181438,-1.19802,1.99881,-0.00196879,-1.19789,1.99872,-0.00120786,-1.15283,2.2073,-0.000275933,-1.1566,2.18597,0.0107107,-0.0241769,-0.0472369,-0.059761,-0.00382579,-0.0544447,0.262107,-0.208021,1.69264,-0.0323589,0.404698,3.60889,0.108535,0,0,0.11601,0,0,0.0803783,-2.8233,0,0.0153428,-2.57882,0
3057,9,-0.982914,1.00786,0.222254,-0.992653,0.00712414,0.120681,0.00509262,-0.641538,0.0225968,-0.461497,-0.161195,-1.37053,-0.0379015,-0.00180927,-1.19804,1.99876,-0.00201847,-1.19789,1.99867,-0.00104729,-1.15286,2.21006,-0.000302975,-1.1562,2.1896,-0.00048333,-0.0186918,-0.0452671,-0.0396037,-0.000923269,-0.0485627,0.0590337,0.147697,3.82689,-0.0217238,0.405761,3.63349,0.108863,0,0,0.118127,0,0,0.0724717,-2.83022,0,0.016556,-2.60392,0
3058,9,-0.983555,1.00788,0.22179,-0.992569,0.0072002,0.121361,0.00510632,-0.638983,0.0225774,-0.467014,-0.150434,-1.36795,-0.0355573,-0.00181591,-1.19805,1.99871,-0.00204698,-1.19789,1.99862,-0.00100125,-1.15264,2.21388,-0.000318595,-1.15579,2.19324,-0.0128129,-0.0117328,-0.0460434,-0.0174069,0.000923265,-0.0445833,0.0330425,0.295971,3.82326,-0.00951662,0.409826,3.65414,0.108556,0,0,0.121108,0,0,0.0628375,-2.82841,0,0.0181785,-2.62823,0
3059,9,-0.984192,1.0079,0.22132,-0.992485,0.00727164,0.12204,0.00511967,-0.636359,0.0225344,-0.472515,-0.143002,-1.36661,-0.0342788,-0.00183244,-1.19806,1.99867,-0.00205758,-1.19789,1.99858,-0.000987446,-1.15229,2.21771,-0.000323703,-1.15538,2.1969,-0.0202439,-0.00716091,-0.0468262,-0.00379834,0.00188186,-0.0430552,-0.00542614,0.390544,3.83731,-0.00069936,0.412785,3.6749,0.108955,0,0,0.122819,0,0,0.0600752,-2.84172,0,0.0191157,-2.6527,0
3060,9,-0.984827,1.00792,0.220845,-0.992401,0.00734068,0.122719,0.00513299,-0.633681,0.0224866,-0.478128,-0.14092,-1.36754,-0.0342865,-0.00185324,-1.19807,1.99862,-0.00205974,-1.19789,1.99854,-0.000994608,-1.1519,2.22156,-0.000322674,-1.15496,2.20059,-0.0213592,-0.00558831,-0.0472002,-0.000528405,0.0018278,-0.0436122,-0.0088989,0.391787,3.8592,0.00275754,0.412867,3.69697,0.109947,0,0,0.123455,0,0,0.0592467,-2.86231,0,0.0194222,-2.67738,0
3061,9,-0.98546,1.00795,0.220364,-0.992316,0.0074088,0.123398,0.00514645,-0.63098,0.0224325,-0.483709,-0.139324,-1.3686,-0.0343892,-0.00187481,-1.19808,1.99857,-0.00205936,-1.19789,1.99849,-0.001005,-1.15151,2.22543,-0.000318506,-1.15455,2.2043,-0.0217658,-0.00444032,-0.0474812,0.00129466,0.00150001,-0.0439066,-0.0118901,0.393322,3.88105,0.00557834,0.413138,3.71889,0.111195,0,0,0.123585,0,0,0.0596765,-2.88578,0,0.0193604,-2.70215,0
3062,9,-0.986089,1.00797,0.219877,-0.992231,0.00747623,0.124077,0.00516007,-0.628256,0.0223728,-0.489258,-0.138111,-1.3698,-0.0345607,-0.00189653,-1.19808,1.99853,-0.00205769,-1.19789,1.99845,-0.00101818,-1.15112,2.22932,-0.000311673,-1.15414,2.20803,-0.0216808,-0.00363644,-0.0477487,0.00204131,0.00103324,-0.0441974,-0.0144655,0.394952,3.90297,0.00808642,0.413612,3.74058,0.112488,0,0,0.123562,0,0,0.0603002,-2.90934,0,0.0191104,-2.72693,0
3063,9,-0.986716,1.00799,0.219385,-0.992145,0.00754314,0.124757,0.00517385,-0.625508,0.0223084,-0.494776,-0.137215,-1.37113,-0.0347851,-0.00191799,-1.19808,1.99848,-0.00205569,-1.19789,1.9984,-0.00103376,-1.15072,2.23324,-0.000302561,-1.15372,2.21178,-0.0212434,-0.00311286,-0.0480201,0.00196717,0.000498995,-0.0445478,-0.0166952,0.39671,3.92494,0.0101392,0.414239,3.76218,0.113792,0,0,0.123462,0,0,0.0610908,-2.93298,0,0.0187004,-2.75173,0
3064,9,-0.98734,1.00801,0.218888,-0.992059,0.00760967,0.125438,0.0051878,-0.622737,0.0222397,-0.500261,-0.13656,-1.3726,-0.0350434,-0.00193891,-1.19809,1.99843,-0.00205406,-1.19789,1.99836,-0.00105144,-1.15032,2.23717,-0.000291475,-1.15331,2.21555,-0.0206026,-0.00282302,-0.0483106,0.00129291,-7.65E-05,-0.0449651,-0.0186596,0.398602,3.94693,0.012033,0.415044,3.7836,0.11508,0,0,0.123341,0,0,0.0620257,-2.95673,0,0.0181536,-2.77657,0
3065,9,-0.987962,1.00804,0.218385,-0.991972,0.00767594,0.126119,0.00520193,-0.619941,0.0221672,-0.505715,-0.136113,-1.37419,-0.0353278,-0.00195913,-1.19809,1.99838,-0.00205333,-1.19789,1.99831,-0.00107097,-1.14992,2.24113,-0.000278666,-1.15289,2.21935,-0.0198282,-0.00272566,-0.0486166,0.000164703,-0.000665227,-0.0454426,-0.0203949,0.400653,3.96893,0.0135846,0.415981,3.80496,0.116335,0,0,0.123244,0,0,0.0630863,-2.98059,0,0.0174885,-2.80145,0
3066,9,-0.98858,1.00806,0.217876,-0.991884,0.00774204,0.126802,0.00521623,-0.61712,0.022091,-0.511137,-0.135823,-1.37593,-0.0356252,-0.00197855,-1.19809,1.99833,-0.00205389,-1.19789,1.99827,-0.00109214,-1.14952,2.24511,-0.000264338,-1.15248,2.22316,-0.0190142,-0.00279018,-0.0489461,-0.00127569,-0.00126252,-0.0459707,-0.0219555,0.402863,3.99093,0.0150713,0.417079,3.82618,0.117548,0,0,0.1232,0,0,0.0642579,-3.00457,0,0.0167199,-2.82638,0
3067,9,-0.989196,1.00808,0.217363,-0.991796,0.00780804,0.127485,0.00523069,-0.614275,0.0220115,-0.516527,-0.135676,-1.3778,-0.0359327,-0.00199715,-1.19809,1.99828,-0.002056,-1.19789,1.99822,-0.0011148,-1.14912,2.24911,-0.000248661,-1.15206,2.227,-0.018186,-0.00298779,-0.0492926,-0.00294386,-0.00185247,-0.0465408,-0.0233564,0.405248,4.01292,0.0162813,0.418295,3.84737,0.118713,0,0,0.123233,0,0,0.0655284,-3.02868,0,0.0158603,-2.85137,0
3068,9,-0.989809,1.0081,0.216843,-0.991707,0.007874,0.128169,0.00524532,-0.611404,0.0219287,-0.521885,-0.135635,-1.37982,-0.0362411,-0.00201495,-1.1981,1.99823,-0.00205984,-1.19789,1.99818,-0.00113879,-1.14871,2.25314,-0.000231779,-1.15164,2.23086,-0.0174043,-0.0032982,-0.0496631,-0.00474589,-0.00243863,-0.0471455,-0.024636,0.407804,4.03489,0.0174832,0.419661,3.86843,0.119829,0,0,0.12336,0,0,0.0668878,-3.05292,0,0.0149197,-2.87643,0
3069,9,-0.990419,1.00812,0.216319,-0.991618,0.00793998,0.128854,0.00526011,-0.608507,0.0218428,-0.52721,-0.135702,-1.38197,-0.0365511,-0.00203198,-1.1981,1.99818,-0.00206553,-1.1979,1.99813,-0.00116401,-1.1483,2.25718,-0.000213815,-1.15122,2.23474,-0.0166672,-0.00370113,-0.0500501,-0.00663645,-0.00301047,-0.0477791,-0.0257958,0.410546,4.05684,0.0184446,0.421133,3.88949,0.120897,0,0,0.12359,0,0,0.0683276,-3.07731,0,0.0139067,-2.90157,0
3070,9,-0.991026,1.00815,0.215789,-0.991528,0.00800602,0.129539,0.00527505,-0.605583,0.0217538,-0.532503,-0.135847,-1.38427,-0.0368555,-0.00204832,-1.19811,1.99813,-0.00207313,-1.1979,1.99808,-0.00119034,-1.14789,2.26125,-0.000194877,-1.1508,2.23864,-0.0160164,-0.00418356,-0.0504605,-0.00855193,-0.0035758,-0.0484369,-0.0268649,0.413463,4.07877,0.0194323,0.422745,3.91043,0.121919,0,0,0.123932,0,0,0.0698405,-3.10186,0,0.0128289,-2.92679,0
3071,9,-0.99163,1.00817,0.215254,-0.991437,0.00807217,0.130227,0.00529014,-0.602633,0.0216618,-0.537764,-0.136078,-1.38672,-0.0371572,-0.00206405,-1.19811,1.99808,-0.00208264,-1.1979,1.99803,-0.00121769,-1.14748,2.26534,-0.000175062,-1.15037,2.24256,-0.0154339,-0.00473115,-0.0508865,-0.0104722,-0.00412659,-0.0491152,-0.0278369,0.416568,4.10069,0.020198,0.424456,3.93138,0.122899,0,0,0.124388,0,0,0.0714204,-3.12658,0,0.0116926,-2.95211,0
3072,9,-0.992231,1.00819,0.214713,-0.991346,0.00813845,0.130915,0.00530536,-0.599655,0.0215668,-0.542992,-0.136373,-1.38932,-0.0374507,-0.00207924,-1.19811,1.99803,-0.00209405,-1.19791,1.99798,-0.00124598,-1.14706,2.26945,-0.000154457,-1.14995,2.2465,-0.0149509,-0.00533596,-0.0513352,-0.0123528,-0.00467292,-0.0498109,-0.0287354,0.419849,4.12259,0.021011,0.426299,3.95223,0.123843,0,0,0.124958,0,0,0.0730614,-3.15148,0,0.0105037,-2.97752,0
3073,9,-0.992829,1.00821,0.214168,-0.991254,0.00820491,0.131604,0.00532071,-0.596649,0.0214688,-0.548186,-0.136743,-1.39206,-0.03774,-0.00209399,-1.19812,1.99798,-0.00210732,-1.19791,1.99793,-0.00127512,-1.14664,2.27359,-0.000133146,-1.14952,2.25046,-0.0145405,-0.0059878,-0.0517984,-0.01419,-0.00520778,-0.050522,-0.0295492,0.423318,4.14447,0.0216104,0.428232,3.9731,0.124755,0,0,0.125643,0,0,0.0747586,-3.17658,0,0.00926742,-3.00305,0
3074,9,-0.993424,1.00823,0.213617,-0.991161,0.00827157,0.132295,0.00533619,-0.593614,0.0213677,-0.553348,-0.137169,-1.39497,-0.0380206,-0.00210837,-1.19813,1.99793,-0.00212239,-1.19792,1.99788,-0.00130504,-1.14621,2.27774,-0.000111206,-1.14909,2.25444,-0.0142288,-0.00668225,-0.0522835,-0.0159515,-0.00574237,-0.0512463,-0.0302994,0.426961,4.16634,0.0222708,0.43029,3.99387,0.125639,0,0,0.126439,0,0,0.0765071,-3.20187,0,0.00798878,-3.02868,0
3075,9,-0.994016,1.00825,0.213061,-0.991068,0.00833847,0.132987,0.00535179,-0.59055,0.0212637,-0.558476,-0.137665,-1.39803,-0.0382975,-0.00212248,-1.19813,1.99788,-0.00213919,-1.19792,1.99783,-0.00133568,-1.14578,2.28192,-8.87E-05,-1.14866,2.25845,-0.0139838,-0.00741194,-0.0527822,-0.0176439,-0.00626986,-0.0519827,-0.0309719,0.430789,4.1882,0.0227202,0.432432,4.01467,0.126502,0,0,0.127344,0,0,0.0783026,-3.22738,0,0.00667234,-3.05444,0
3076,9,-0.994605,1.00827,0.2125,-0.990974,0.00840563,0.133681,0.00536749,-0.587457,0.0211567,-0.563571,-0.138213,-1.40125,-0.0385664,-0.00213639,-1.19814,1.99782,-0.00215763,-1.19793,1.99778,-0.00136696,-1.14535,2.28612,-6.57E-05,-1.14823,2.26247,-0.0138298,-0.0081749,-0.0533023,-0.0192424,-0.00680197,-0.0527298,-0.0315867,0.434788,4.21006,0.0232406,0.434693,4.03539,0.127349,0,0,0.128351,0,0,0.0801407,-3.25311,0,0.00532262,-3.08032,0
3077,9,-0.995191,1.0083,0.211934,-0.99088,0.00847309,0.134376,0.00538331,-0.584332,0.0210466,-0.568632,-0.138828,-1.40464,-0.0388332,-0.00215017,-1.19815,1.99777,-0.00217763,-1.19794,1.99772,-0.00139882,-1.14491,2.29034,-4.23E-05,-1.14779,2.26652,-0.0137322,-0.00896563,-0.0538352,-0.0207606,-0.00733161,-0.0534869,-0.032128,0.438968,4.23191,0.0235499,0.437032,4.05614,0.128183,0,0,0.129458,0,0,0.0820175,-3.27908,0,0.00394379,-3.10633,0
3078,9,-0.995774,1.00832,0.211363,-0.990784,0.00854086,0.135073,0.00539922,-0.581177,0.0209334,-0.573658,-0.139493,-1.4082,-0.0390936,-0.00216389,-1.19816,1.99772,-0.0021991,-1.19794,1.99767,-0.00143119,-1.14447,2.29458,-1.86E-05,-1.14735,2.27059,-0.0137154,-0.00978381,-0.054389,-0.0221782,-0.00787073,-0.0542529,-0.032616,0.443314,4.25377,0.0239387,0.439484,4.07681,0.12901,0,0,0.130658,0,0,0.0839289,-3.30529,0,0.00254008,-3.13249,0
3079,9,-0.996354,1.00834,0.210787,-0.990688,0.00860899,0.135772,0.00541522,-0.577989,0.0208172,-0.57865,-0.140224,-1.41192,-0.0393542,-0.00217762,-1.19817,1.99766,-0.00222195,-1.19795,1.99761,-0.00146401,-1.14403,2.29885,5.44E-06,-1.14691,2.27467,-0.0137434,-0.0106252,-0.0549551,-0.0235133,-0.0084117,-0.0550277,-0.033034,0.447838,4.27563,0.0241151,0.442009,4.09753,0.129833,0,0,0.131946,0,0,0.0858712,-3.33176,0,0.00111542,-3.15878,0
3080,9,-0.99693,1.00836,0.210206,-0.990591,0.00867749,0.136473,0.00543132,-0.57477,0.0206978,-0.583607,-0.141003,-1.41583,-0.0396105,-0.00219141,-1.19818,1.99761,-0.00224608,-1.19796,1.99756,-0.00149723,-1.14357,2.30313,2.97E-05,-1.14647,2.27878,-0.0138418,-0.0114906,-0.0555419,-0.0247479,-0.00896659,-0.0558106,-0.0334025,0.452523,4.2975,0.0243793,0.444642,4.11817,0.130657,0,0,0.133317,0,0,0.0878407,-3.35849,0,-0.000326193,-3.18523,0
3081,9,-0.997503,1.00838,0.20962,-0.990493,0.0087464,0.137175,0.0054475,-0.571516,0.0205753,-0.588528,-0.141848,-1.4199,-0.0398696,-0.00220532,-1.19819,1.99755,-0.00227141,-1.19797,1.9975,-0.00153078,-1.14312,2.30744,5.41E-05,-1.14602,2.28291,-0.0139738,-0.0123765,-0.0561406,-0.0259033,-0.00952712,-0.0566014,-0.0337044,0.457381,4.31939,0.0244296,0.447342,4.13886,0.131485,0,0,0.134765,0,0,0.0898338,-3.38551,0,-0.00178102,-3.21183,0
3082,9,-0.998073,1.0084,0.209029,-0.990395,0.00881574,0.13788,0.00546377,-0.568229,0.0204496,-0.593413,-0.142738,-1.42417,-0.0401268,-0.00221939,-1.19821,1.99749,-0.00229784,-1.19798,1.99745,-0.00156462,-1.14266,2.31177,7.86E-05,-1.14557,2.28706,-0.0141665,-0.0132844,-0.05676,-0.0269627,-0.0101054,-0.0573996,-0.0339609,0.462396,4.34129,0.0245763,0.450146,4.15948,0.132319,0,0,0.136284,0,0,0.091847,-3.4128,0,-0.00324529,-3.23859,0
3083,9,-0.99864,1.00842,0.208433,-0.990295,0.00888553,0.138586,0.00548012,-0.564908,0.0203209,-0.598262,-0.143693,-1.42861,-0.0403896,-0.00223367,-1.19822,1.99744,-0.00232529,-1.19799,1.99739,-0.00159867,-1.1422,2.31612,0.000103133,-1.14512,2.29123,-0.0143829,-0.0142115,-0.0573909,-0.0279494,-0.0106925,-0.0582055,-0.0341547,0.46758,4.36322,0.024508,0.453013,4.18017,0.133163,0,0,0.13787,0,0,0.093877,-3.4404,0,-0.00471547,-3.26551,0
3084,9,-0.999203,1.00844,0.207832,-0.990195,0.00895581,0.139295,0.00549655,-0.561551,0.0201888,-0.603075,-0.144692,-1.43325,-0.0406531,-0.00224818,-1.19823,1.99738,-0.00235369,-1.198,1.99733,-0.00163291,-1.14172,2.3205,0.00012766,-1.14467,2.29542,-0.0146518,-0.0151596,-0.0580427,-0.0288469,-0.0113006,-0.0590184,-0.0343081,0.472917,4.38517,0.0245457,0.45598,4.20079,0.13402,0,0,0.139518,0,0,0.0959205,-3.4683,0,-0.006188,-3.2926,0
3085,9,-0.999763,1.00846,0.207227,-0.990094,0.00902661,0.140006,0.00551305,-0.558157,0.0200537,-0.607849,-0.145754,-1.43808,-0.040925,-0.00226298,-1.19825,1.99732,-0.00238296,-1.19801,1.99727,-0.00166726,-1.14125,2.32489,0.000152117,-1.14421,2.29963,-0.0149356,-0.0161262,-0.0587059,-0.0296801,-0.0119201,-0.0598388,-0.0344034,0.47842,4.40715,0.0243676,0.459007,4.22147,0.134891,0,0,0.141222,0,0,0.0979744,-3.49651,0,-0.00765961,-3.31987,0
3086,9,-1.00032,1.00848,0.206616,-0.989992,0.00909793,0.140719,0.00552964,-0.554727,0.0199152,-0.612587,-0.146857,-1.4431,-0.0412004,-0.00227808,-1.19827,1.99726,-0.00241301,-1.19803,1.99721,-0.0017017,-1.14077,2.32931,0.000176454,-1.14375,2.30386,-0.0152652,-0.0171135,-0.0593901,-0.0304322,-0.0125632,-0.0606662,-0.0344638,0.484071,4.42917,0.0243059,0.46213,4.2421,0.135779,0,0,0.142977,0,0,0.100036,-3.52505,0,-0.00912701,-3.34732,0
3087,9,-1.00087,1.0085,0.206001,-0.98989,0.00916983,0.141435,0.00554631,-0.551259,0.0197735,-0.617285,-0.14802,-1.44832,-0.0414872,-0.00229351,-1.19828,1.9972,-0.00244379,-1.19804,1.99715,-0.00173616,-1.14028,2.33375,0.000200621,-1.14329,2.30811,-0.0156026,-0.018119,-0.0600856,-0.0311291,-0.0132197,-0.061501,-0.0344714,0.489885,4.45122,0.0240284,0.46531,4.2628,0.136685,0,0,0.144781,0,0,0.102102,-3.55393,0,-0.0105872,-3.37496,0
3088,9,-1.00142,1.00852,0.205382,-0.989786,0.0092423,0.142153,0.00556305,-0.547752,0.0196286,-0.621945,-0.149222,-1.45374,-0.0417801,-0.0023093,-1.1983,1.99714,-0.00247523,-1.19805,1.99709,-0.00177062,-1.13979,2.33822,0.000224574,-1.14282,2.31239,-0.0159802,-0.0191454,-0.0608023,-0.0317536,-0.013902,-0.0623429,-0.0344505,0.495844,4.47332,0.0238784,0.468584,4.28343,0.137611,0,0,0.146628,0,0,0.10417,-3.58314,0,-0.0120372,-3.40278,0
3089,9,-1.00197,1.00854,0.204758,-0.989681,0.00931539,0.142874,0.00557988,-0.544206,0.0194804,-0.626564,-0.150481,-1.45936,-0.0420875,-0.00232547,-1.19832,1.99708,-0.00250728,-1.19807,1.99702,-0.00180504,-1.13929,2.3427,0.00024827,-1.14235,2.31668,-0.0163595,-0.02019,-0.0615303,-0.0323322,-0.0145991,-0.0631923,-0.0343829,0.501964,4.49545,0.0235131,0.471913,4.30415,0.138558,0,0,0.148514,0,0,0.106237,-3.61272,0,-0.0134744,-3.4308,0
3090,9,-1.00251,1.00856,0.204129,-0.989576,0.00938911,0.143598,0.0055968,-0.540619,0.0193288,-0.631144,-0.151776,-1.46519,-0.0424037,-0.00234204,-1.19834,1.99702,-0.00253987,-1.19808,1.99696,-0.00183938,-1.13878,2.34721,0.00027167,-1.14188,2.321,-0.0167748,-0.0212557,-0.0622799,-0.0328469,-0.0153237,-0.064049,-0.0342939,0.508226,4.51764,0.0232875,0.475333,4.32481,0.139528,0,0,0.150437,0,0,0.108302,-3.64265,0,-0.0148962,-3.45901,0
3091,9,-1.00305,1.00858,0.203495,-0.989469,0.00946349,0.144325,0.00561381,-0.536992,0.019174,-0.635683,-0.153125,-1.47123,-0.0427374,-0.00235902,-1.19836,1.99696,-0.00257295,-1.1981,1.9969,-0.00187361,-1.13827,2.35174,0.000294737,-1.1414,2.32533,-0.0171867,-0.02234,-0.0630408,-0.033325,-0.0160641,-0.0649135,-0.0341646,0.514647,4.53987,0.0228471,0.478806,4.34557,0.140522,0,0,0.152392,0,0,0.110363,-3.67296,0,-0.0163002,-3.48743,0
3092,9,-1.00358,1.0086,0.202857,-0.989362,0.00953854,0.145054,0.00563092,-0.533322,0.0190157,-0.64018,-0.154506,-1.47748,-0.0430826,-0.00237643,-1.19839,1.99689,-0.00260649,-1.19811,1.99683,-0.0019077,-1.13775,2.35629,0.000317441,-1.14092,2.32969,-0.0176312,-0.0234457,-0.0638236,-0.0337475,-0.0168334,-0.0657854,-0.0340216,0.521208,4.56216,0.0225593,0.48237,4.36626,0.141541,0,0,0.154377,0,0,0.112416,-3.70364,0,-0.0176842,-3.51605,0
3093,9,-1.00412,1.00862,0.202215,-0.989253,0.00961429,0.145787,0.00564812,-0.529609,0.0188542,-0.644635,-0.155938,-1.48394,-0.0434483,-0.00239428,-1.19841,1.99683,-0.00264043,-1.19813,1.99676,-0.00194163,-1.13723,2.36086,0.000339749,-1.14043,2.33406,-0.0180678,-0.0245703,-0.0646176,-0.0341421,-0.0176192,-0.0666655,-0.0338455,0.527927,4.5845,0.0220576,0.485986,4.38705,0.142586,0,0,0.156389,0,0,0.114462,-3.73472,0,-0.0190464,-3.54489,0
3094,9,-1.00464,1.00863,0.201568,-0.989144,0.00969076,0.146523,0.00566543,-0.525852,0.0186891,-0.649046,-0.157396,-1.49063,-0.0438284,-0.00241258,-1.19844,1.99676,-0.00267475,-1.19815,1.9967,-0.00197539,-1.1367,2.36546,0.000361639,-1.13995,2.33846,-0.0185345,-0.025717,-0.0654339,-0.0344889,-0.0184348,-0.0675534,-0.0336635,0.534786,4.60691,0.021722,0.489692,4.40778,0.143657,0,0,0.158426,0,0,0.116498,-3.76619,0,-0.0203849,-3.57394,0
3095,9,-1.00517,1.00865,0.200917,-0.989033,0.00976797,0.147262,0.00568286,-0.52205,0.0185207,-0.653414,-0.158903,-1.49752,-0.044232,-0.00243134,-1.19846,1.9967,-0.0027094,-1.19817,1.99663,-0.00200895,-1.13616,2.37007,0.000383087,-1.13945,2.34288,-0.0189895,-0.0268829,-0.0662614,-0.0348162,-0.0192674,-0.0684497,-0.0334558,0.541801,4.62938,0.0211734,0.49345,4.42862,0.144755,0,0,0.160485,0,0,0.118523,-3.79807,0,-0.0216983,-3.60321,0
3096,9,-1.00569,1.00867,0.200261,-0.988921,0.00984593,0.148004,0.00570041,-0.518202,0.0183487,-0.657737,-0.160432,-1.50465,-0.0446526,-0.00245057,-1.19849,1.99663,-0.00274436,-1.19819,1.99656,-0.0020423,-1.13562,2.37471,0.000404076,-1.13896,2.34732,-0.0194723,-0.0280715,-0.0671115,-0.0351027,-0.0201305,-0.0693543,-0.0332505,0.548955,4.65191,0.0208048,0.497298,4.4494,0.14588,0,0,0.162564,0,0,0.120537,-3.83037,0,-0.0229852,-3.63271,0
3097,9,-1.0062,1.00869,0.199601,-0.988808,0.00992466,0.14875,0.00571809,-0.514307,0.0181733,-0.662014,-0.162006,-1.51199,-0.0450999,-0.00247028,-1.19852,1.99656,-0.0027796,-1.19821,1.99649,-0.00207544,-1.13506,2.37938,0.00042459,-1.13846,2.35178,-0.0199401,-0.0292798,-0.0679729,-0.0353773,-0.0210108,-0.0702678,-0.033027,0.556267,4.67451,0.0202239,0.501199,4.47028,0.147034,0,0,0.164662,0,0,0.122538,-3.86309,0,-0.0242445,-3.66243,0
3098,9,-1.00672,1.00871,0.198937,-0.988694,0.0100042,0.1495,0.00573592,-0.510364,0.0179949,-0.666248,-0.163654,-1.5196,-0.0455781,-0.00249044,-1.19855,1.99649,-0.00281514,-1.19823,1.99642,-0.00210797,-1.1345,2.38406,0.000444591,-1.13796,2.35626,-0.0203808,-0.0305365,-0.0688492,-0.0356986,-0.0219282,-0.0712104,-0.0320299,0.561868,4.69742,0.0197783,0.505146,4.49115,0.148217,0,0,0.166776,0,0,0.124526,-3.89625,0,-0.0254754,-3.69238,0
3099,9,-1.00722,1.00873,0.198269,-0.988579,0.0100846,0.150253,0.0057539,-0.506375,0.0178146,-0.670439,-0.165398,-1.52746,-0.0460859,-0.00251101,-1.19858,1.99642,-0.00285102,-1.19825,1.99635,-0.00213883,-1.13394,2.38877,0.000464026,-1.13745,2.36076,-0.0207669,-0.0318308,-0.0697223,-0.0360639,-0.0228689,-0.0721737,-0.0296822,0.564428,4.72077,0.0190908,0.509098,4.51216,0.149426,0,0,0.168908,0,0,0.126478,-3.92979,0,-0.0266755,-3.72257,0
3100,9,-1.00761,1.00869,0.197773,-0.988605,0.00864638,0.150181,0.00557214,-0.256647,-0.0887238,-0.321773,5.74601,1.80475,1.62684,-0.00527056,-1.19755,1.99591,0.00154174,-1.19843,1.99717,-0.00488587,-1.13118,2.38978,0.00179983,-1.13603,2.3646,-5.49833,2.08282,-0.963181,8.82159,-0.325065,1.71214,-5.4644,4.9468,-2.70746,2.65251,2.32662,3.17515,0.150661,0,0,0.171061,0,0,0.12833,-3.96358,0,-0.0278415,-3.753,0
3101,9,-1.00786,1.0086,0.197443,-0.988755,0.00596726,0.149334,0.00523538,-0.247906,-0.0972761,-0.337034,4.67015,1.58453,1.28833,-0.00977202,-1.19578,1.9952,0.00894029,-1.19878,1.99844,-0.00933709,-1.12791,2.38805,0.00402565,-1.13438,2.36785,-3.50459,1.47591,-0.448232,5.97549,-0.393265,0.82155,-3.43804,1.59979,-0.750419,1.79913,0.968608,3.31271,0.316234,0,0,-0.0925046,0,0,0.293152,-4.12892,0,-0.10799,-3.83807,0
3102,9,-1.0081,1.0085,0.1971,-0.98888,0.00376824,0.148582,0.00497331,-0.241323,-0.103722,-0.350007,3.88924,1.42707,1.04638,-0.0125415,-1.1945,1.99486,0.0138443,-1.19923,1.99907,-0.0119655,-1.12745,2.38764,0.00559745,-1.13379,2.37115,-2.03438,1.08316,-0.241405,3.8326,-0.488406,0.449747,-1.8188,-0.680158,-0.0783546,1.34447,0.214361,3.28528,0.586321,0,0,-0.536417,0,0,0.560225,-4.32532,0,-0.241539,-3.93693,0
3103,9,-1.00834,1.00839,0.196744,-0.98899,0.00191779,0.147896,0.0047638,-0.236316,-0.108386,-0.361355,3.321,1.31435,0.873964,-0.014045,-1.19355,1.99467,0.0168864,-1.19974,1.99943,-0.0131879,-1.12892,2.38766,0.00681123,-1.1338,2.3744,-0.972696,0.807295,-0.143277,2.25155,-0.542847,0.26056,-0.626043,-2.25932,0.126548,1.08309,-0.236633,3.21817,0.75249,0,0,-0.83066,0,0,0.71793,-4.35291,0,-0.335847,-3.97242,0
3104,9,-1.00858,1.00828,0.196378,-0.989087,0.000320454,0.147259,0.00459077,-0.232483,-0.111668,-0.371541,2.90853,1.23448,0.752459,-0.0146415,-1.19284,1.99455,0.0185628,-1.20029,1.99963,-0.0133966,-1.13172,2.38781,0.00781627,-1.13418,2.37758,-0.220288,0.6056,-0.087751,1.10117,-0.553607,0.147006,0.208608,-3.33556,0.163957,0.927008,-0.524152,3.15309,0.842703,0,0,-1.01318,0,0,0.791275,-4.26472,0,-0.408674,-3.97175,0
3105,9,-1.00881,1.00817,0.196002,-0.989177,-0.0010938,0.146656,0.00444241,-0.229532,-0.113921,-0.380885,2.61054,1.17923,0.668448,-0.0146009,-1.19231,1.99448,0.0192511,-1.20083,1.99974,-0.0129095,-1.1354,2.38796,0.00869624,-1.1348,2.38071,0.301515,0.455496,-0.0516328,0.275507,-0.531812,0.0720849,0.765758,-4.03504,0.144595,0.832919,-0.71446,3.10185,0.878492,0,0,-1.11377,0,0,0.803799,-4.09688,0,-0.468976,-3.94893,0
3106,9,-1.00904,1.00805,0.195616,-0.989261,-0.00237637,0.146076,0.00430995,-0.227241,-0.115421,-0.389615,2.39645,1.14256,0.612055,-0.0141237,-1.19191,1.99444,0.0192352,-1.20134,1.99979,-0.0119686,-1.13965,2.38809,0.00950086,-1.13558,2.3838,0.65301,0.34295,-0.0259817,-0.307334,-0.489105,0.0207628,1.11605,-4.44823,0.109651,0.776322,-0.840653,3.06559,0.876055,0,0,-1.15507,0,0,0.774568,-3.87576,0,-0.521774,-3.91177,0
3107,9,-1.00926,1.00794,0.195223,-0.989341,-0.00356484,0.145511,0.00418693,-0.225441,-0.116379,-0.397894,2.24347,1.11995,0.57594,-0.0133573,-1.19161,1.99442,0.0187267,-1.2018,1.99979,-0.0107527,-1.14419,2.38818,0.01026,-1.13646,2.38685,0.879686,0.258273,-0.006867,-0.709576,-0.434653,-0.0145903,1.31576,-4.64429,0.0743031,0.741942,-0.920753,3.04221,0.84742,0,0,-1.15411,0,0,0.718113,-3.62126,0,-0.570051,-3.86511,0
3108,9,-1.00949,1.00782,0.194821,-0.989419,-0.00468649,0.144954,0.00406855,-0.224001,-0.116953,-0.405841,2.13463,1.10792,0.55463,-0.0124097,-1.19139,1.99443,0.0178829,-1.20221,1.99976,-0.00939081,-1.14885,2.38824,0.0109909,-1.13741,2.38988,1.01558,0.194398,0.00771881,-0.978154,-0.375002,-0.0386871,1.40793,-4.67762,0.0437872,0.719828,-0.965776,3.02897,0.801439,0,0,-1.1236,0,0,0.645159,-3.34848,0,-0.615599,-3.81227,0
3109,9,-1.00971,1.0077,0.194411,-0.989495,-0.00576094,0.144401,0.00395128,-0.222818,-0.117258,-0.413548,2.05731,1.10378,0.544039,-0.0113589,-1.19122,1.99444,0.0168196,-1.20255,1.99972,-0.00797444,-1.15349,2.38827,0.0117025,-1.13838,2.39291,1.08602,0.146049,0.0189522,-1.14834,-0.31459,-0.0547882,1.42481,-4.59138,0.0194551,0.703496,-0.983324,3.02342,0.744581,0,0,-1.07297,0,0,0.563449,-3.06883,0,-0.659452,-3.75568,0
3110,9,-1.00993,1.00759,0.193994,-0.989569,-0.00680214,0.143849,0.00383257,-0.221812,-0.117379,-0.421083,2.00216,1.10543,0.541118,-0.010261,-1.19109,1.99446,0.0156222,-1.20284,1.99966,-0.00656689,-1.15799,2.38828,0.0123987,-1.13936,2.39593,1.10981,0.109248,0.027601,-1.24659,-0.256282,-0.0652542,1.39029,-4.41985,0.00113608,0.688841,-0.97919,3.02358,0.681533,0,0,-1.00918,0,0,0.478466,-2.79076,0,-0.702152,-3.6972,0
3111,9,-1.01015,1.00747,0.193569,-0.989642,-0.00782163,0.143294,0.00371018,-0.220962,-0.117476,-0.428149,1.96935,1.11488,0.546191,-0.00915932,-1.19099,1.99449,0.0143579,-1.20307,1.99959,-0.00522831,-1.16217,2.38851,0.013081,-1.14033,2.39896,1.09347,0.084891,0.0337717,-1.28189,-0.201189,-0.0695436,1.28686,-3.94041,0.463066,0.675834,-0.954375,3.02677,0.615658,0,0,-0.93733,0,0,0.394013,-2.52042,0,-0.743922,-3.63833,0
3112,9,-1.01037,1.00735,0.193137,-0.989715,-0.00882701,0.142734,0.00358264,-0.220037,-0.117524,-0.435213,1.94346,1.12458,0.55353,-0.00808347,-1.19092,1.99453,0.0130729,-1.20324,1.99952,-0.00396832,-1.16593,2.38896,0.013749,-1.14127,2.40199,1.05823,0.063829,0.0375484,-1.28805,-0.152272,-0.0736205,1.23312,-3.57771,0.426476,0.659983,-0.921201,3.03426,0.549559,0,0,-0.861475,0,0,0.313699,-2.26961,0,-0.784863,-3.58032,0
3113,9,-1.01059,1.00723,0.192699,-0.989788,-0.00982176,0.142169,0.00344943,-0.2191,-0.117502,-0.442243,1.92412,1.13525,0.562768,-0.00705032,-1.19086,1.99457,0.0117942,-1.20338,1.99944,-0.00277605,-1.16934,2.38937,0.0144004,-1.14217,2.40503,1.00807,0.0464642,0.0398672,-1.26936,-0.108958,-0.075988,1.15141,-3.24054,0.407415,0.642994,-0.879078,3.04425,0.485008,0,0,-0.784377,0,0,0.238099,-2.04407,0,-0.824937,-3.52405,0
3114,9,-1.0108,1.00712,0.192263,-0.989867,-0.0107253,0.141553,0.0033118,-0.195849,-0.106136,-0.429117,1.58031,1.32841,0.521239,-0.0058495,-1.19085,1.99466,0.0104085,-1.20343,1.99932,-0.00163224,-1.17236,2.38975,0.0160754,-1.14279,2.40734,1.39358,-0.0151549,0.14756,-1.50219,0.00292857,-0.164282,1.1362,-2.80661,0.351989,2.70696,-0.360155,1.57046,0.423019,0,0,-0.707655,0,0,0.166563,-1.83952,0,-0.864026,-3.47005,0
3115,9,-1.011,1.00702,0.191831,-0.989954,-0.0115245,0.140883,0.00316918,-0.194676,-0.106433,-0.434521,1.50842,1.35814,0.52586,-0.00447952,-1.19087,1.9948,0.00891578,-1.20341,1.99917,-0.000536714,-1.17504,2.39012,0.0182836,-1.14351,2.40919,1.34638,-0.0224256,0.122951,-1.48319,0.0384595,-0.129995,1.05486,-2.53612,0.373837,1.70938,-1.09383,2.12756,0.35097,0,0,-0.624508,0,0,0.0979347,-1.65811,0,-0.964525,-3.43287,0
3116,9,-1.01119,1.00691,0.191394,-0.990043,-0.0122923,0.140195,0.00301919,-0.19216,-0.105583,-0.438948,1.45214,1.39835,0.533618,-0.00317134,-1.19089,1.99492,0.00746617,-1.20335,1.99905,0.000454767,-1.17744,2.3905,0.019775,-1.14472,2.41141,1.26998,-0.0341415,0.117489,-1.41604,0.0764698,-0.117381,0.928102,-2.26278,0.393557,1.27344,-1.32609,2.32059,0.268771,0,0,-0.534947,0,0,0.0322028,-1.49782,0,-1.09702,-3.38925,0
3117,9,-1.01138,1.00681,0.190953,-0.990134,-0.0130345,0.139487,0.00286155,-0.189187,-0.104369,-0.443155,1.40247,1.44074,0.542726,-0.00194601,-1.19093,1.99503,0.00609303,-1.20326,1.99894,0.0013165,-1.17957,2.3909,0.0209355,-1.14607,2.41376,1.18069,-0.0460727,0.116047,-1.33024,0.109854,-0.111036,0.795371,-1.99848,0.412845,1.0476,-1.37507,2.38065,0.190281,0,0,-0.44797,0,0,-0.027286,-1.35386,0,-1.1865,-3.31665,0
3118,9,-1.01157,1.0067,0.190508,-0.990227,-0.0137531,0.138758,0.00269622,-0.186041,-0.103051,-0.447368,1.35483,1.4828,0.552108,-0.000812122,-1.19099,1.99515,0.00480867,-1.20313,1.99883,0.00204975,-1.18144,2.39133,0.0219104,-1.14744,2.41615,1.08709,-0.0572155,0.115026,-1.23849,0.137511,-0.106741,0.671132,-1.74836,0.432618,0.902124,-1.35721,2.39163,0.116761,0,0,-0.365582,0,0,-0.0789902,-1.22602,0,-1.25613,-3.23562,0
3119,9,-1.01175,1.0066,0.190059,-0.990323,-0.0144487,0.138008,0.00252329,-0.182825,-0.101723,-0.451663,1.30733,1.52368,0.561249,0.000228053,-1.19105,1.99526,0.00361634,-1.20298,1.99872,0.00266541,-1.18307,2.39177,0.0227556,-1.14878,2.41853,0.993261,-0.0673337,0.113588,-1.14616,0.159789,-0.103259,0.560172,-1.51487,0.453409,0.788399,-1.31566,2.38466,0.0487273,0,0,-0.28852,0,0,-0.122985,-1.11361,0,-1.31462,-3.15365,0
3120,9,-1.01193,1.0065,0.189605,-0.99042,-0.0151212,0.137238,0.00234294,-0.17958,-0.100417,-0.45607,1.25926,1.56307,0.569909,0.00117529,-1.19112,1.99538,0.00251544,-1.20282,1.99862,0.00317727,-1.18448,2.39223,0.0234939,-1.15007,2.42091,0.901215,-0.0763818,0.1116,-1.05564,0.177356,-0.100189,0.463559,-1.29907,0.475506,0.688204,-1.26651,2.37136,-0.0136832,0,0,-0.21698,0,0,-0.159924,-1.01572,0,-1.36534,-3.07346,0
3121,9,-1.01211,1.0064,0.189146,-0.990519,-0.0157702,0.136449,0.00215541,-0.176323,-0.099145,-0.460598,1.21047,1.60088,0.57798,0.00203191,-1.1912,1.99549,0.0015036,-1.20263,1.99852,0.00359952,-1.18568,2.39272,0.0241355,-1.15131,2.42328,0.812012,-0.084363,0.109096,-0.968031,0.190887,-0.097375,0.38094,-1.10117,0.499024,0.594824,-1.21577,2.35612,-0.0705175,0,0,-0.150926,0,0,-0.190636,-0.931299,0,-1.40964,-2.996,0
3122,9,-1.01229,1.0063,0.188684,-0.99062,-0.0163954,0.135641,0.00196098,-0.173064,-0.0979094,-0.465249,1.161,1.63709,0.58542,0.00280104,-1.19129,1.99559,0.000577659,-1.20244,1.99843,0.00394571,-1.18669,2.39323,0.0246858,-1.1525,2.42562,0.726255,-0.0912939,0.106148,-0.883853,0.200993,-0.0947338,0.311425,-0.920836,0.52397,0.50583,-1.16567,2.34053,-0.121914,0,0,-0.0902161,0,0,-0.215971,-0.859292,0,-1.44813,-2.92153,0
3123,9,-1.01246,1.0062,0.188216,-0.990723,-0.0169964,0.134815,0.00175993,-0.169809,-0.0967099,-0.470022,1.11103,1.67172,0.592222,0.00348631,-1.19138,1.9957,-0.000265947,-1.20223,1.99833,0.00422838,-1.18753,2.39377,0.025149,-1.15364,2.42796,0.644294,-0.0971985,0.102827,-0.803358,0.2082,-0.0922115,0.25393,-0.757399,0.550286,0.420543,-1.11696,2.32522,-0.168062,0,0,-0.0346595,0,0,-0.236742,-0.798632,0,-1.48115,-2.85008,0
3124,9,-1.01263,1.00611,0.187743,-0.990828,-0.0175729,0.133973,0.00155258,-0.166563,-0.0955449,-0.474916,1.06075,1.70482,0.598393,0.00409163,-1.19148,1.9958,-0.00103095,-1.20202,1.99824,0.00445901,-1.18821,2.39433,0.0255286,-1.15473,2.43028,0.566339,-0.102105,0.0991993,-0.726657,0.212961,-0.0897667,0.207319,-0.609989,0.577879,0.338774,-1.06993,2.31038,-0.209179,0,0,0.0159568,0,0,-0.253703,-0.748285,0,-1.50894,-2.78161,0
3125,9,-1.01279,1.00601,0.187266,-0.990934,-0.0181249,0.133114,0.00133924,-0.163329,-0.0944121,-0.479926,1.01037,1.73645,0.603957,0.00462105,-1.19159,1.9959,-0.00172117,-1.20181,1.99815,0.0046479,-1.18876,2.39493,0.0258284,-1.15578,2.43258,0.492504,-0.10605,0.095322,-0.653775,0.215659,-0.0873685,0.170464,-0.477617,0.60664,0.260701,-1.02453,2.29611,-0.245498,0,0,0.0618573,0,0,-0.26754,-0.707263,0,-1.53172,-2.716,0
3126,9,-1.01295,1.00592,0.186784,-0.991042,-0.0186522,0.13224,0.00112021,-0.160111,-0.0933093,-0.48505,0.96011,1.76667,0.60894,0.00507872,-1.19169,1.99599,-0.00234041,-1.20159,1.99807,0.00480426,-1.18917,2.39555,0.0260519,-1.15678,2.43487,0.422843,-0.109073,0.0912475,-0.584696,0.216623,-0.0849921,0.142269,-0.35923,0.636456,0.18638,-0.980812,2.28238,-0.277263,0,0,0.10327,0,0,-0.278874,-0.674635,0,-1.5497,-2.65317,0
3127,9,-1.01311,1.00582,0.186296,-0.99115,-0.019155,0.131351,0.000895813,-0.156912,-0.0922338,-0.490283,0.910173,1.79554,0.613371,0.00546882,-1.1918,1.99608,-0.00289244,-1.20137,1.99798,0.00493625,-1.18948,2.3962,0.0262031,-1.15774,2.43714,0.357356,-0.111218,0.0870202,-0.519368,0.21613,-0.0826211,0.121694,-0.253759,0.667217,0.116058,-0.938631,2.26924,-0.304723,0,0,0.140424,0,0,-0.288256,-0.64953,0,-1.56311,-2.59301,0
3128,9,-1.01327,1.00573,0.185803,-0.99126,-0.0196334,0.130448,0.000666355,-0.153733,-0.0911832,-0.49562,0.860742,1.82313,0.617281,0.00579551,-1.19192,1.99616,-0.00338099,-1.20116,1.9979,0.005051,-1.18969,2.39688,0.026286,-1.15866,2.43941,0.296022,-0.112538,0.0826818,-0.457733,0.214418,-0.0802434,0.107811,-0.160131,0.698792,0.0497448,-0.897998,2.25665,-0.328129,0,0,0.173546,0,0,-0.296175,-0.63114,0,-1.57219,-2.53542,0
3129,9,-1.01342,1.00564,0.185305,-0.991372,-0.0200877,0.129532,0.000432142,-0.150576,-0.0901551,-0.501057,0.811994,1.8495,0.620701,0.00606291,-1.19203,1.99624,-0.00380971,-1.20095,1.99782,0.00515475,-1.18981,2.3976,0.0263047,-1.15954,2.44166,0.238777,-0.113083,0.0782668,-0.399708,0.211689,-0.0778522,0.0996924,-0.0773269,0.731093,-0.0123602,-0.858783,2.24465,-0.347731,0,0,0.202859,0,0,-0.30306,-0.618723,0,-1.57716,-2.48032,0
3130,9,-1.01355,1.00556,0.184823,-0.991504,-0.0203184,0.128483,0.000232641,-0.121658,-0.0662294,-0.462596,-0.00935068,2.36142,0.374443,0.00687209,-1.19216,1.99645,-0.00452584,-1.20056,1.99771,0.00527932,-1.18966,2.3983,0.02668,-1.15874,2.44278,1.37958,-0.148591,0.331548,-1.03256,0.569185,-0.144923,0.149442,0.363308,0.671424,0.762925,2.45956,0.00017438,-0.363775,0,0,0.228583,0,0,-0.309285,-0.6116,0,-1.57828,-2.42762,0
3131,9,-1.01367,1.0055,0.184363,-0.991659,-0.0202953,0.127281,7.33E-05,-0.113512,-0.0601552,-0.457846,-0.175594,2.47288,0.343551,0.00822623,-1.19232,1.99675,-0.00553968,-1.19998,1.99757,0.00539862,-1.1893,2.39899,0.0271563,-1.15625,2.44278,1.32869,-0.162745,0.272232,-0.995108,0.581226,-0.130378,0.0891672,0.368192,0.715924,0.189663,2.51816,5.82E-21,-0.412326,0,0,0.271551,0,0,-0.316759,-0.620179,0,-1.6008,-2.47564,0
3132,9,-1.01378,1.00544,0.183906,-0.99182,-0.0202049,0.126032,-8.33E-05,-0.106489,-0.0551059,-0.455872,-0.27552,2.54929,0.332839,0.00947053,-1.19249,1.997,-0.00648029,-1.19941,1.99745,0.00545929,-1.18894,2.39973,0.0271683,-1.15371,2.44278,1.15992,-0.184443,0.231847,-0.88612,0.565939,-0.122339,0.0321788,0.352724,0.751515,-0.165664,2.56198,0.000158728,-0.493574,0,0,0.332381,0,0,-0.323917,-0.642124,0,-1.62938,-2.62497,0
3133,9,-1.01389,1.00539,0.18345,-0.991985,-0.020073,0.124751,-0.000241574,-0.100213,-0.0507589,-0.455668,-0.34126,2.6038,0.332172,0.0105227,-1.19268,1.99722,-0.00729891,-1.19886,1.99733,0.00547224,-1.1886,2.40049,0.0268879,-1.15113,2.44278,0.944433,-0.204606,0.199094,-0.751112,0.536472,-0.117001,-0.00628853,0.328276,0.778835,-0.395145,2.59548,1.02E-21,-0.568232,0,0,0.388818,0,0,-0.327558,-0.663751,0,-1.6301,-2.77738,0
3134,9,-1.01398,1.00534,0.182994,-0.992151,-0.0199128,0.123446,-0.000403819,-0.0944584,-0.0469172,-0.45665,-0.389741,2.64399,0.336313,0.0113543,-1.1929,1.9974,-0.0079808,-1.19834,1.99721,0.00545714,-1.18828,2.40128,0.0264149,-1.14852,2.44278,0.718777,-0.2199,0.170421,-0.612676,0.500384,-0.11304,-0.0239198,0.299639,0.800422,-0.55092,2.622,0.000142958,-0.631362,0,0,0.437935,0,0,-0.328334,-0.684181,0,-1.61327,-2.9321,0
3135,9,-1.01407,1.0053,0.182536,-0.992319,-0.019731,0.122124,-0.000571015,-0.0890805,-0.043447,-0.458454,-0.430005,2.67451,0.342512,0.0119645,-1.19312,1.99756,-0.008528,-1.19786,1.9971,0.00543349,-1.188,2.40209,0.0258082,-1.14589,2.44278,0.501686,-0.229444,0.144716,-0.481723,0.462042,-0.109931,-0.0233683,0.269278,0.818764,-0.662484,2.64329,-8.02E-21,-0.681259,0,0,0.478848,0,0,-0.327428,-0.703019,0,-1.58489,-3.08863,0
3136,9,-1.01416,1.00525,0.182077,-0.992486,-0.0195303,0.120787,-0.000743521,-0.0839797,-0.0402516,-0.460837,-0.46692,2.69838,0.349307,0.0123666,-1.19335,1.99769,-0.00895043,-1.19741,1.99699,0.00541743,-1.18774,2.40292,0.0251032,-1.14324,2.44278,0.302473,-0.233411,0.121609,-0.363131,0.423995,-0.107403,-0.00875988,0.238876,0.835767,-0.747447,2.66103,0.000131997,-0.717873,0,0,0.51168,0,0,-0.326009,-0.720086,0,-1.54849,-3.24659,0
3137,9,-1.01424,1.00522,0.181614,-0.992653,-0.019312,0.119439,-0.000921357,-0.0790881,-0.0372606,-0.463638,-0.502907,2.71753,0.355971,0.0125804,-1.19358,1.9978,-0.00926123,-1.19701,1.99689,0.00542092,-1.18752,2.40376,0.0243215,-1.14057,2.44278,0.125035,-0.232429,0.100868,-0.258472,0.387625,-0.105277,0.0157514,0.209687,0.852741,-0.815931,2.67586,-4.09E-21,-0.741997,0,0,0.537026,0,0,-0.325046,-0.735331,0,-1.50619,-3.40571,0
3138,9,-1.01432,1.00518,0.181149,-0.99282,-0.0190761,0.118083,-0.00110436,-0.0743553,-0.0344176,-0.466737,-0.539187,2.73334,0.36213,0.0126282,-1.19381,1.9979,-0.00947435,-1.19664,1.99678,0.00545208,-1.18732,2.40462,0.0234764,-1.13789,2.44278,-0.0294672,-0.227287,0.0823349,-0.167764,0.353693,-0.103433,0.0465632,0.182767,0.870484,-0.874256,2.68892,0.000127233,-0.754823,0,0,0.555674,0,0,-0.325255,-0.748788,0,-1.45929,-3.56582,0
3139,9,-1.01439,1.00515,0.180681,-0.992986,-0.0188223,0.116719,-0.00129229,-0.0697472,-0.0316815,-0.470054,-0.576109,2.74667,0.367664,0.0125326,-1.19404,1.99797,-0.00960327,-1.1963,1.99668,0.00551573,-1.18715,2.4055,0.0225763,-1.13519,2.44278,-0.161708,-0.218795,0.0657864,-0.0900686,0.322477,-0.101775,0.0807436,0.158846,0.889449,-0.925911,2.70023,-1.13E-20,-0.75769,0,0,0.568461,0,0,-0.327125,-0.760562,0,-1.40858,-3.72676,0
3140,9,-1.01446,1.00512,0.180209,-0.993151,-0.0185502,0.115348,-0.00148485,-0.065235,-0.0290159,-0.473522,-0.613793,2.75821,0.372516,0.0123153,-1.19425,1.99803,-0.00966043,-1.19599,1.99658,0.00561413,-1.187,2.4064,0.0216268,-1.13249,2.44278,-0.272932,-0.207718,0.0510637,-0.0242522,0.294089,-0.100248,0.11605,0.138501,0.909815,-0.973215,2.71065,0.000128974,-0.751954,0,0,0.576196,0,0,-0.330944,-0.77081,0,-1.35458,-3.88844,0
3141,9,-1.01452,1.00509,0.179735,-0.993314,-0.0182437,0.113982,-0.00168035,-0.0622904,-0.0256534,-0.47423,-0.714595,2.72787,0.363073,0.0120054,-1.19446,1.99807,-0.00996913,-1.19624,1.9995,0.00580333,-1.1869,2.40733,0.0206029,-1.12979,2.44278,-0.346693,-0.210739,0.0227481,-0.59315,-0.791012,5.94479,0.262353,0.0719285,0.953229,-1.07448,2.68031,9.86E-21,-0.738915,0,0,0.579626,0,0,-0.336848,-0.77973,0,-1.29761,-4.05077,0
3142,9,-1.01458,1.00507,0.179262,-0.993474,-0.0178785,0.112637,-0.00188034,-0.0584814,-0.0212087,-0.47236,-0.848107,2.67312,0.362139,0.0116242,-1.19468,1.99808,-0.0106058,-1.19702,2.00536,0.00615913,-1.18686,2.40831,0.0194596,-1.12714,2.44278,-0.415748,-0.220882,-0.00231706,-0.680274,-0.778233,5.78417,0.449237,0.00190498,1.00851,-1.21212,2.62546,0.000176505,-0.720327,0,0,0.598148,0,0,-0.3482,-0.786043,0,-1.23617,-4.21249,0
3143,9,-1.01464,1.00505,0.17879,-0.993629,-0.0174521,0.111317,-0.00208816,-0.0547502,-0.0165398,-0.470428,-0.961097,2.623,0.364784,0.0111703,-1.1949,1.99806,-0.0113195,-1.1978,2.01108,0.00667066,-1.18688,2.40935,0.018191,-1.12454,2.44278,-0.492125,-0.221915,-0.0207265,-0.747034,-0.768818,5.64304,0.573822,-0.0350228,1.067,-1.32518,2.57568,1.13E-20,-0.697453,0,0,0.63635,0,0,-0.369548,-0.788258,0,-1.16758,-4.37167,0
3144,9,-1.01469,1.00503,0.178321,-0.993782,-0.0169736,0.110021,-0.00230413,-0.0510581,-0.0116584,-0.468441,-1.05847,2.57714,0.369751,0.0106405,-1.19512,1.99804,-0.0120919,-1.19856,2.01666,0.00728476,-1.18692,2.41045,0.0168177,-1.12199,2.44278,-0.567466,-0.215263,-0.036114,-0.797752,-0.761818,5.51287,0.654379,-0.044504,1.12544,-1.42132,2.53058,0.000184225,-0.670217,0,0,0.67917,0,0,-0.400239,-0.787265,0,-1.09146,-4.5277,0
3145,9,-1.01474,1.00502,0.177854,-0.99393,-0.0164496,0.108746,-0.00252806,-0.0473673,-0.00652633,-0.466341,-1.1446,2.53597,0.375017,0.0100393,-1.19532,1.99799,-0.0129095,-1.19932,2.02211,0.00796331,-1.18696,2.4116,0.0153524,-1.11948,2.44278,-0.634979,-0.202927,-0.0495473,-0.837531,-0.755544,5.39235,0.702723,-0.0328332,1.18232,-1.50937,2.48968,-4.41E-21,-0.638429,0,0,0.725513,0,0,-0.437085,-0.784879,0,-1.00906,-4.68089,0
3146,9,-1.01479,1.00502,0.177388,-0.994075,-0.0158862,0.107491,-0.00275972,-0.0437153,-0.00124827,-0.464309,-1.21858,2.49695,0.381998,0.00937276,-1.19552,1.99794,-0.0137607,-1.20007,2.02744,0.00867887,-1.18698,2.41281,0.0138074,-1.117,2.44278,-0.698027,-0.186286,-0.0622093,-0.864866,-0.751801,5.27972,0.728408,-0.00718543,1.23681,-1.58051,2.45178,0.000177265,-0.602356,0,0,0.774572,0,0,-0.477798,-0.782559,0,-0.921142,-4.8315,0
3147,9,-1.01483,1.00502,0.176925,-0.994217,-0.0152888,0.106254,-0.00299914,-0.0400819,0.00416617,-0.462265,-1.28237,2.46086,0.390218,0.00864684,-1.1957,1.99787,-0.0146341,-1.20082,2.03267,0.00940334,-1.18697,2.41408,0.0121969,-1.11457,2.44278,-0.753829,-0.166067,-0.0737596,-0.88179,-0.749695,5.17457,0.72053,0.0303676,1.2949,-1.64053,2.4168,1.49E-20,-0.562366,0,0,0.825644,0,0,-0.520732,-0.781358,0,-0.828445,-4.97974,0
3148,9,-1.01487,1.00503,0.176464,-0.994355,-0.0146617,0.105034,-0.00324619,-0.0364412,0.00973703,-0.46025,-1.33942,2.42696,0.398714,0.00787047,-1.19585,1.99779,-0.0155209,-1.20157,2.0378,0.0101173,-1.18691,2.4154,0.01053,-1.11217,2.44278,-0.798899,-0.1442,-0.0840763,-0.891883,-0.748674,5.075,0.707424,0.0756304,1.34757,-1.69337,2.38432,0.000181668,-0.51881,0,0,0.878043,0,0,-0.564201,-0.782054,0,-0.731814,-5.1258,0
3149,9,-1.0149,1.00504,0.176004,-0.99449,-0.0140082,0.10383,-0.00350055,-0.0327898,0.0154664,-0.458259,-1.3904,2.39506,0.407267,0.00705419,-1.19598,1.9977,-0.0164148,-1.20232,2.04282,0.010816,-1.18681,2.41677,0.00881343,-1.1098,2.44278,-0.833659,-0.121435,-0.0933735,-0.895843,-0.748568,4.98049,0.689953,0.123321,1.39593,-1.73969,2.35376,1.04E-20,-0.472228,0,0,0.931253,0,0,-0.607039,-0.785234,0,-0.631797,-5.26983,0
3150,9,-1.01493,1.00506,0.175547,-0.994622,-0.0133311,0.102641,-0.00376185,-0.0291273,0.021355,-0.456289,-1.43581,2.36502,0.415716,0.00620801,-1.19609,1.9976,-0.0173098,-1.20307,2.04776,0.0114955,-1.18667,2.41819,0.00705347,-1.10746,2.44278,-0.858709,-0.0983491,-0.10175,-0.894218,-0.749218,4.89059,0.669,0.169936,1.44062,-1.78022,2.32532,0.000185129,-0.423252,0,0,0.984885,0,0,-0.64896,-0.791202,0,-0.528806,-5.41197,0
3151,9,-1.01496,1.00508,0.175092,-0.994751,-0.012633,0.101466,-0.00402969,-0.025457,0.0274001,-0.454339,-1.47595,2.33664,0.423985,0.00534116,-1.19618,1.9975,-0.0182006,-1.20382,2.05261,0.0121526,-1.18648,2.41965,0.00525587,-1.10515,2.44278,-0.874985,-0.0753855,-0.109315,-0.887323,-0.750563,4.80493,0.645309,0.213117,1.48202,-1.81497,2.29847,-4.08E-21,-0.372481,0,0,1.03859,0,0,-0.689729,-0.8,0,-0.423208,-5.55235,0
3152,9,-1.01498,1.00511,0.174637,-0.994877,-0.0119113,0.100298,-0.00430836,-0.0227656,0.0334499,-0.456241,-1.53397,2.33595,0.448906,0.00534342,-1.19682,2.00075,-0.0190852,-1.20458,2.05739,0.0128013,-1.18622,2.42115,0.00342826,-1.1029,2.44278,0.879508,-1.19458,6.60854,-0.882053,-0.756915,4.76211,0.651962,0.295931,1.51616,-1.84026,2.19632,0.000219553,-0.32047,0,0,1.09203,0,0,-0.729158,-0.811492,0,-0.315352,-5.69106,0
3153,9,-1.01501,1.00515,0.174186,-0.994999,-0.011205,0.0991442,-0.00459423,-0.0186665,0.0403055,-0.445198,-1.41696,2.28055,0.458242,0.00614901,-1.198,2.00726,-0.0198939,-1.20533,2.0621,0.0133182,-1.18593,2.42267,0.00165178,-1.10068,2.44278,0.731673,-1.16679,6.4247,-0.735288,-0.762459,4.65171,0.381971,0.285227,1.5301,-1.71271,2.24904,-1.26E-20,-0.320605,0,0,1.14511,0,0,-0.768076,-0.826763,0,-0.205696,-5.8259,0
3154,9,-1.01502,1.00519,0.173746,-0.995117,-0.0105506,0.0980163,-0.00487822,-0.0138762,0.0474407,-0.434056,-1.32623,2.23067,0.460938,0.00682065,-1.19915,2.01361,-0.0205689,-1.2061,2.06669,0.0136062,-1.18565,2.4242,-4.22E-07,-1.09845,2.44278,0.611597,-1.14831,6.26417,-0.61467,-0.762774,4.53746,0.193855,0.282945,1.52005,-1.59169,2.20276,0.000202588,-0.368941,0,0,1.19363,0,0,-0.799094,-0.844198,0,-0.0991066,-5.95926,0
3155,9,-1.01503,1.00525,0.173317,-0.99523,-0.00993862,0.0969133,-0.00515914,-0.00910515,0.0544253,-0.423442,-1.2463,2.18,0.461643,0.00737784,-1.2003,2.0198,-0.0211289,-1.20686,2.07117,0.0137322,-1.18537,2.42571,-0.00153667,-1.09627,2.44278,0.502787,-1.13509,6.11092,-0.505429,-0.763064,4.4222,0.0583339,0.274845,1.49859,-1.4808,2.1558,-1.36E-20,-0.409239,0,0,1.23413,0,0,-0.816369,-0.861243,0,2.53E-05,-6.09282,0
3156,9,-1.01504,1.0053,0.172899,-0.995338,-0.00936404,0.0958357,-0.00543657,-0.00436395,0.0612758,-0.413298,-1.17516,2.12911,0.460658,0.00783089,-1.20143,2.02583,-0.0215844,-1.20762,2.07554,0.0137405,-1.1851,2.42719,-0.00296637,-1.09414,2.44278,0.403302,-1.12626,5.96435,-0.405584,-0.763334,4.30695,-0.0418073,0.258733,1.47179,-1.3786,2.10884,0.000215181,-0.442671,0,0,1.26774,0,0,-0.823935,-0.877977,0,0.0922002,-6.22358,0
3157,9,-1.01504,1.00537,0.17249,-0.995442,-0.0088241,0.0947843,-0.0057101,-0.00143342,0.0674233,-0.404207,-1.10615,2.0749,0.458474,0.00818741,-1.20255,2.03173,-0.0219432,-1.20839,2.07979,0.0136617,-1.18485,2.42865,-0.00428894,-1.09206,2.44278,0.309742,-1.11368,5.82038,-0.311883,-0.759657,4.19574,-0.115794,0.238643,1.44397,-1.26655,2.05489,-6.20E-20,-0.469853,0,0,1.29507,0,0,-0.824431,-0.893984,0,0.177982,-6.35151,0
3158,9,-1.01504,1.00544,0.172091,-0.995542,-0.00831547,0.0937592,-0.00597906,0.00141054,0.0735111,-0.395352,-1.048,2.02325,0.453532,0.00845622,-1.20366,2.03748,-0.0222141,-1.20914,2.08393,0.0135182,-1.18463,2.43008,-0.00549571,-1.09004,2.44278,0.22788,-1.10449,5.68516,-0.22998,-0.753177,4.0856,-0.171154,0.214509,1.4161,-1.14698,1.98113,0.000721942,-0.491245,0,0,1.31659,0,0,-0.819703,-0.908905,0,0.257337,-6.47643,0
3159,9,-1.01504,1.00551,0.171699,-0.995638,-0.00783435,0.0927602,-0.00624328,0.00437869,0.0794387,-0.386968,-0.994072,1.97064,0.449145,0.00864508,-1.20476,2.0431,-0.0224051,-1.20989,2.08796,0.0133266,-1.18443,2.43148,-0.00658597,-1.0881,2.44278,0.149842,-1.09871,5.55438,-0.151901,-0.749151,3.97589,-0.212051,0.18454,1.38937,-1.03355,1.90455,-2.14E-20,-0.507373,0,0,1.33285,0,0,-0.811094,-0.9225,0,0.329742,-6.59751,0
3160,9,-1.01503,1.0056,0.171316,-0.99573,-0.00737809,0.0917873,-0.00650303,0.00742,0.0852527,-0.37891,-0.946568,1.91886,0.444225,0.00875911,-1.20585,2.04859,-0.0225211,-1.21064,2.09188,0.0130998,-1.18426,2.43286,-0.00756719,-1.08623,2.44278,0.0782247,-1.09601,5.4297,-0.0802521,-0.745502,3.8671,-0.241518,0.152747,1.36404,-0.928878,1.82799,0.000673689,-0.518705,0,0,1.3443,0,0,-0.799598,-0.934471,0,0.395158,-6.71408,0
3161,9,-1.01502,1.00569,0.170941,-0.995818,-0.00694362,0.0908399,-0.00675836,0.0105282,0.0909531,-0.371166,-0.904895,1.86797,0.438879,0.00880445,-1.20695,2.05396,-0.0225685,-1.21138,2.09569,0.0128481,-1.18412,2.43421,-0.00844749,-1.08444,2.44278,0.0124419,-1.09614,5.3108,-0.0144698,-0.742262,3.75944,-0.261996,0.1206,1.34038,-0.83172,1.75186,8.85E-20,-0.525547,0,0,1.35127,0,0,-0.785991,-0.94459,0,0.454031,-6.82605,0
3162,9,-1.01501,1.00578,0.170574,-0.995903,-0.00652814,0.0899177,-0.00700934,0.0136975,0.0965393,-0.363722,-0.868562,1.818,0.433194,0.00878668,-1.20805,2.05922,-0.0225528,-1.21212,2.0994,0.0125795,-1.18402,2.43554,-0.00923437,-1.08273,2.44278,-0.0479674,-1.09884,5.19738,0.0459235,-0.739456,3.65304,-0.27528,0.0892659,1.31857,-0.742041,1.67598,0.000639257,-0.528267,0,0,1.35411,0,0,-0.770885,-0.95279,0,0.506849,-6.93345,0
3163,9,-1.015,1.00588,0.170214,-0.995985,-0.00612908,0.0890202,-0.00725605,0.0169232,0.102011,-0.356566,-0.837157,1.76897,0.427232,0.008711,-1.20915,2.06436,-0.0224792,-1.21286,2.103,0.0123005,-1.18394,2.43685,-0.0099348,-1.08109,2.44278,-0.103399,-1.10393,5.08917,0.101301,-0.737099,3.548,-0.282717,0.0595991,1.2987,-0.65883,1.60068,-6.92E-21,-0.527201,0,0,1.35317,0,0,-0.754767,-0.959086,0,0.554062,-7.03628,0
3164,9,-1.01498,1.00598,0.169861,-0.996063,-0.00574407,0.0881469,-0.00749858,0.0202006,0.107369,-0.349689,-0.810325,1.72088,0.421043,0.00858221,-1.21026,2.0694,-0.0223525,-1.2136,2.1065,0.0120164,-1.18389,2.43814,-0.0105553,-1.07953,2.44278,-0.154174,-1.11125,4.9859,0.151998,-0.735197,3.44439,-0.285359,0.0322177,1.28081,-0.582164,1.52575,0.00060614,-0.52266,0,0,1.34875,0,0,-0.738027,-0.963552,0,0.596088,-7.13458,0
3165,9,-1.01496,1.00609,0.169514,-0.996138,-0.0053709,0.0872974,-0.00773703,0.0235259,0.112612,-0.34308,-0.787748,1.67372,0.414662,0.00840483,-1.21137,2.07433,-0.0221774,-1.21433,2.10989,0.0117317,-1.18388,2.43941,-0.011102,-1.07804,2.44278,-0.200591,-1.12064,4.88735,0.198289,-0.733754,3.34227,-0.28406,0.00752532,1.26493,-0.511158,1.4515,2.24E-20,-0.514933,0,0,1.34115,0,0,-0.720985,-0.966307,0,0.633318,-7.22838,0
3166,9,-1.01493,1.00621,0.169174,-0.99621,-0.00500752,0.0864711,-0.00797147,0.026895,0.117741,-0.336731,-0.769142,1.62749,0.408116,0.00818309,-1.2125,2.07917,-0.021958,-1.21507,2.11318,0.0114499,-1.18388,2.44067,-0.0115805,-1.07662,2.44279,-0.242897,-1.13197,4.79327,0.240433,-0.732766,3.24168,-0.279525,-0.0142179,1.25108,-0.445938,1.37773,0.000571569,-0.50429,0,0,1.33064,0,0,-0.703902,-0.967499,0,0.666118,-7.31769,0
3167,9,-1.0149,1.00633,0.168841,-0.996279,-0.00465438,0.0856667,-0.00820275,0.0303381,0.122511,-0.330377,-0.745107,1.58603,0.405247,0.00791597,-1.21363,2.08392,-0.0216935,-1.2158,2.11638,0.0111479,-1.18405,2.44129,-0.0119935,-1.07528,2.44279,-0.291346,-1.13999,4.70304,0.288604,-0.733993,3.14811,-0.32442,-0.334967,-0.0192421,-0.380123,1.30592,3.01E-20,-0.490985,0,0,1.31748,0,0,-0.686995,-0.967298,0,0.694831,-7.40257,0
3168,9,-1.01487,1.00645,0.168523,-0.99635,-0.004454,0.0848265,-0.00847385,0.0307354,0.116361,-0.305451,-0.1752,1.77465,0.619777,0.00729575,-1.21461,2.08856,-0.0210777,-1.21656,2.11963,0.0109866,-1.18297,2.44128,-0.0121104,-1.07405,2.44277,-0.949089,-0.816697,4.57184,0.942974,-0.793382,3.35202,0.00170778,2.50489,0.00213722,0.146378,1.15095,-0.039894,-0.474958,0,0,1.30161,0,0,-0.668876,-0.956823,0,0.719612,-7.48308,0
3169,9,-1.01484,1.00656,0.168221,-0.996421,-0.00441949,0.0839537,-0.00878937,0.0355564,0.117913,-0.299049,-0.100272,1.72143,0.639149,0.00629829,-1.21543,2.09307,-0.0200866,-1.21737,2.12294,0.0109487,-1.18051,2.44128,-0.0118664,-1.07305,2.44275,-1.04582,-0.811011,4.4481,1.03918,-0.827824,3.26323,-0.0774857,2.41358,1.31E-20,0.341563,0.853227,-0.000547664,-0.437745,0,0,1.26466,0,0,-0.659195,-1.02192,0,0.726625,-7.55679,0
3170,9,-1.0148,1.00668,0.167925,-0.99649,-0.00440998,0.0831038,-0.00910911,0.0402542,0.119636,-0.291848,-0.0760856,1.68275,0.644632,0.0052316,-1.21624,2.09747,-0.0190267,-1.21821,2.12615,0.0108536,-1.17814,2.44128,-0.011507,-1.07222,2.44274,-1.08756,-0.812886,4.35235,1.0807,-0.840689,3.17005,-0.112766,2.33139,0.000231813,0.377352,0.807348,-1.63E-05,-0.377898,0,0,1.2052,0,0,-0.656922,-1.16947,0,0.711986,-7.61691,0
3171,9,-1.01476,1.0068,0.167637,-0.996556,-0.00440836,0.0822721,-0.00942998,0.0449842,0.121253,-0.284517,-0.0685029,1.64884,0.646077,0.00413244,-1.21705,2.10178,-0.0179345,-1.21905,2.12928,0.0107314,-1.17584,2.44128,-0.0111382,-1.07142,2.44274,-1.11077,-0.817878,4.26654,1.10372,-0.847926,3.07672,-0.1316,2.25294,-3.60E-09,0.360155,0.791914,7.07E-22,-0.313896,0,0,1.1416,0,0,-0.651214,-1.31182,0,0.690419,-7.66673,0
3172,9,-1.01471,1.00693,0.167356,-0.996619,-0.00440904,0.0814568,-0.0097512,0.0497823,0.122672,-0.277284,-0.0663883,1.61661,0.646556,0.00301343,-1.21788,2.106,-0.0168226,-1.2199,2.13231,0.0105938,-1.17363,2.44128,-0.010789,-1.07064,2.44275,-1.12726,-0.824439,4.18486,1.11999,-0.854592,2.98474,-0.143559,2.17601,0.000218968,0.338373,0.763454,7.09E-05,-0.247946,0,0,1.07607,0,0,-0.643883,-1.44935,0,0.668294,-7.71471,0
3173,9,-1.01466,1.00705,0.167082,-0.996681,-0.00441014,0.0806573,-0.0100727,0.0546491,0.123853,-0.270232,-0.0662455,1.58502,0.647071,0.00187944,-1.2187,2.11015,-0.015696,-1.22076,2.13525,0.0104464,-1.17149,2.44128,-0.0104561,-1.06991,2.44275,-1.14071,-0.832039,4.10549,1.13316,-0.862308,2.89461,-0.151262,2.10009,-1.29E-21,0.327272,0.709374,-9.99E-07,-0.180806,0,0,1.00936,0,0,-0.635628,-1.58222,0,0.647338,-7.76137,0
3174,9,-1.0146,1.00717,0.166816,-0.996741,-0.00441083,0.0798733,-0.0103946,0.0595716,0.124779,-0.263381,-0.0674775,1.55394,0.647816,0.000733231,-1.21954,2.11422,-0.0145576,-1.22163,2.1381,0.0102931,-1.16943,2.44128,-0.0101283,-1.06924,2.44275,-1.15171,-0.840498,4.02816,1.14381,-0.871313,2.80651,-0.155305,2.02516,0.000229658,0.328436,0.628626,-5.03E-05,-0.112767,0,0,0.941762,0,0,-0.626784,-1.7105,0,0.627369,-7.80555,0
3175,9,-1.01454,1.0073,0.166556,-0.996799,-0.00441028,0.0791047,-0.010717,0.0645332,0.125454,-0.256727,-0.0707172,1.52355,0.648584,-0.000422394,-1.22039,2.11821,-0.01341,-1.22251,2.14086,0.010138,-1.16744,2.44128,-0.00979499,-1.06866,2.44274,-1.15954,-0.849849,3.95322,1.15121,-0.881251,2.72042,-0.155,1.95148,5.16E-21,0.338167,0.526048,-0.000224259,-0.0439939,0,0,0.873453,0,0,-0.617587,-1.83426,0,0.607697,-7.84569,0
3176,9,-1.01447,1.00742,0.166302,-0.996855,-0.0044074,0.0783508,-0.01104,0.0695188,0.12588,-0.250266,-0.0762419,1.49397,0.649254,-0.00158408,-1.22124,2.12212,-0.0122569,-1.22339,2.14354,0.00998527,-1.16553,2.44128,-0.00944909,-1.0682,2.44274,-1.16384,-0.860065,3.88083,1.15501,-0.891888,2.6364,-0.150379,1.8791,0.000232727,0.35363,0.404793,-0.000351428,0.0253436,0,0,0.804603,0,0,-0.608278,-1.95356,0,0.587699,-7.88033,0
3177,9,-1.0144,1.00755,0.166055,-0.996909,-0.00440096,0.0776114,-0.0113635,0.0745143,0.126069,-0.243992,-0.0844712,1.46536,0.649623,-0.00274806,-1.22211,2.12597,-0.0111021,-1.22429,2.14613,0.00983955,-1.16368,2.44128,-0.00908644,-1.06786,2.44274,-1.16412,-0.871166,3.81124,1.15471,-0.902897,2.5545,-0.141064,1.80822,3.17E-20,0.37167,0.26974,-0.000646611,0.0950449,0,0,0.735416,0,0,-0.599116,-2.06848,0,0.566945,-7.90826,0
3178,9,-1.01432,1.00768,0.165814,-0.996962,-0.00438964,0.0768859,-0.0116876,0.0795074,0.126026,-0.237907,-0.0951799,1.43775,0.649674,-0.00391042,-1.22298,2.12975,-0.00994947,-1.2252,2.14865,0.00970522,-1.16191,2.44128,-0.00870502,-1.06766,2.44274,-1.16059,-0.883057,3.74439,1.15051,-0.91423,2.47484,-0.127599,1.73879,0.000271672,0.391165,0.122207,-0.00080509,0.164884,0,0,0.666124,0,0,-0.590373,-2.1791,0,0.545186,-7.9285,0
3179,9,-1.01424,1.0078,0.165579,-0.997013,-0.00437217,0.0761738,-0.0120122,0.0844864,0.125765,-0.232007,-0.108498,1.41123,0.649261,-0.00506723,-1.22387,2.13346,-0.00880311,-1.22612,2.15108,0.00958648,-1.1602,2.44128,-0.00830433,-1.06762,2.44274,-1.15304,-0.89573,3.68036,1.1422,-0.92567,2.39749,-0.10988,1.67096,3.15E-22,0.410225,-0.0336425,-0.00114316,0.234625,0,0,0.596968,0,0,-0.582313,-2.28551,0,0.522301,-7.94025,0
3180,9,-1.01416,1.00793,0.16535,-0.997062,-0.00434734,0.0754745,-0.012337,0.0894411,0.125292,-0.226297,-0.123972,1.38577,0.648413,-0.00621472,-1.22477,2.13711,-0.00766689,-1.22705,2.15344,0.00948719,-1.15857,2.44128,-0.00788492,-1.06773,2.44274,-1.14194,-0.909073,3.61897,1.13024,-0.93726,2.3226,-0.0887001,1.60459,0.000304451,0.428587,-0.197535,-0.00127309,0.304034,0,0,0.528187,0,0,-0.575189,-2.3878,0,0.49826,-7.94291,0
3181,9,-1.01406,1.00805,0.165126,-0.99711,-0.00431406,0.0747875,-0.0126619,0.0943615,0.124623,-0.220774,-0.141578,1.36141,0.647019,-0.00734932,-1.22569,2.1407,-0.00654447,-1.22799,2.15573,0.0094108,-1.15699,2.44128,-0.00744806,-1.06802,2.44274,-1.12726,-0.923066,3.56021,1.1146,-0.94885,2.25025,-0.0640735,1.53981,1.69E-20,0.445146,-0.365769,-0.00158893,0.372883,0,0,0.460014,0,0,-0.569231,-2.48607,0,0.473095,-7.93598,0
3182,9,-1.01397,1.00818,0.164908,-0.997156,-0.00427139,0.0741122,-0.0129868,0.0992389,0.123763,-0.215445,-0.160767,1.33811,0.64513,-0.00846773,-1.22662,2.14423,-0.00543925,-1.22895,2.15795,0.00936031,-1.15549,2.44128,-0.00699548,-1.06847,2.44274,-1.10956,-0.93759,3.50387,1.09585,-0.960528,2.18057,-0.0369005,1.47644,0.000326224,0.460012,-0.538712,-0.00163046,0.440959,0,0,0.392668,0,0,-0.564648,-2.5804,0,0.446883,-7.91908,0
3183,9,-1.01386,1.0083,0.164695,-0.997201,-0.00421856,0.0734481,-0.0133113,0.104065,0.122727,-0.210309,-0.181431,1.31588,0.642662,-0.00956697,-1.22757,2.14771,-0.0043543,-1.22991,2.16009,0.00933824,-1.15404,2.44128,-0.00652918,-1.06909,2.44274,-1.08892,-0.952618,3.44989,1.07405,-0.972189,2.11366,-0.00723952,1.41459,1.04E-21,0.472592,-0.713058,-0.00183239,0.508064,0,0,0.326355,0,0,-0.561619,-2.67089,0,0.419729,-7.89194,0
3184,9,-1.01376,1.00842,0.164487,-0.997245,-0.00415497,0.0727946,-0.0136353,0.108831,0.12152,-0.205373,-0.202961,1.29463,0.639691,-0.0106444,-1.22853,2.15113,-0.00329235,-1.23089,2.16218,0.00934661,-1.15266,2.44128,-0.00605128,-1.0699,2.44273,-1.06596,-0.968026,3.39801,1.04985,-0.983959,2.04965,0.0239623,1.35406,0.000334663,0.483205,-0.889941,-0.00159218,0.574018,0,0,0.261258,0,0,-0.560295,-2.75762,0,0.391751,-7.85439,0
3185,9,-1.01365,1.00854,0.164284,-0.997288,-0.0040826,0.0721521,-0.0139591,0.113549,0.119972,-0.200896,-0.215745,1.27142,0.63919,-0.0117028,-1.2295,2.1545,-0.00225072,-1.23188,2.1642,0.00938369,-1.15133,2.44128,-0.00553894,-1.0709,2.44273,-1.05081,-0.982389,3.34328,1.03341,-1.0008,1.98967,0.0502144,1.29349,-2.55E-20,0.541462,-1.11396,-0.00268265,0.638665,0,0,0.197541,0,0,-0.560796,-2.84068,0,0.363077,-7.8063,0
3186,9,-1.01353,1.00866,0.164086,-0.997329,-0.0040022,0.0715204,-0.0142828,0.118165,0.118277,-0.196534,-0.234348,1.25051,0.636981,-0.0127422,-1.23049,2.15782,-0.00122937,-1.23289,2.16616,0.00944994,-1.15007,2.44128,-0.00498199,-1.07211,2.44273,-1.02808,-0.997616,3.29325,1.00929,-1.01545,1.93209,0.0822856,1.23544,0.000373092,0.572438,-1.31722,-0.00250761,0.702168,0,0,0.135043,0,0,-0.563022,-2.9201,0,0.332337,-7.74618,0
3187,9,-1.01341,1.00878,0.163891,-0.997369,-0.00391147,0.0708986,-0.0146059,0.122683,0.11645,-0.192326,-0.2562,1.23134,0.633495,-0.0137565,-1.2315,2.16109,-0.000234625,-1.23391,2.16806,0.00955001,-1.14886,2.44128,-0.00440197,-1.07352,2.44273,-1.00046,-1.01342,3.24662,0.980194,-1.02881,1.87726,0.117846,1.17944,2.19E-20,0.587617,-1.50397,-0.00262296,0.764534,0,0,0.0737621,0,0,-0.566997,-2.99597,0,0.29892,-7.67325,0
3188,9,-1.01329,1.00889,0.163701,-0.997408,-0.00380921,0.0702858,-0.0149278,0.127103,0.114497,-0.188295,-0.279471,1.21351,0.629061,-0.0147417,-1.23252,2.16432,0.000729499,-1.23495,2.16991,0.00968631,-1.14771,2.44128,-0.00381178,-1.07512,2.44272,-0.969862,-1.02955,3.20247,0.948055,-1.04152,1.82545,0.154763,1.12498,0.000374131,0.592744,-1.6802,-0.00248042,0.825391,0,0,0.0140775,0,0,-0.573001,-3.06842,0,0.264118,-7.58861,0
3189,9,-1.01316,1.00901,0.163514,-0.997446,-0.00369491,0.0696814,-0.0152481,0.131424,0.112431,-0.184451,-0.303269,1.19685,0.623783,-0.0156952,-1.23356,2.1675,0.00166043,-1.236,2.17171,0.00985986,-1.14661,2.44128,-0.00321987,-1.07688,2.44272,-0.937235,-1.04589,3.16034,0.913815,-1.05384,1.77679,0.192329,1.072,2.17E-21,0.591083,-1.84605,-0.00257881,0.8845,0,0,-0.0437699,0,0,-0.581179,-3.13755,0,0.228707,-7.49309,0
3190,9,-1.01302,1.00912,0.163332,-0.997483,-0.0035685,0.0690848,-0.0155665,0.135645,0.11026,-0.180802,-0.326747,1.1812,0.617796,-0.0166156,-1.23461,2.17064,0.00255654,-1.23706,2.17347,0.0100707,-1.14556,2.44128,-0.00263204,-1.0788,2.44272,-0.903469,-1.06232,3.11981,0.878394,-1.066,1.73139,0.229346,1.0202,0.000373626,0.584585,-2.0039,-0.00246229,0.941713,0,0,-0.099626,0,0,-0.591592,-3.20346,0,0.193192,-7.3873,0
3191,9,-1.01289,1.00923,0.163153,-0.997519,-0.00343021,0.0684956,-0.0158825,0.139761,0.107995,-0.177349,-0.349541,1.16648,0.611109,-0.0175018,-1.23568,2.17374,0.00341683,-1.23813,2.17518,0.0103182,-1.14457,2.44128,-0.00205256,-1.08088,2.44272,-0.868955,-1.07878,3.08069,0.842185,-1.07807,1.68928,0.265633,0.969632,1.29E-20,0.574372,-2.15249,-0.00250466,0.996934,0,0,-0.153392,0,0,-0.604242,-3.26623,0,0.157922,-7.2718,0
3192,9,-1.01274,1.00934,0.162977,-0.997554,-0.00328049,0.0679134,-0.0161958,0.14377,0.105643,-0.174095,-0.371176,1.15263,0.603788,-0.0183534,-1.23677,2.1768,0.00424078,-1.23921,2.17685,0.0106012,-1.14362,2.44128,-0.00148479,-1.0831,2.44271,-0.834201,-1.09519,3.04274,0.805721,-1.09015,1.65052,0.300357,0.920069,0.00037078,0.561169,-2.29286,-0.00234705,1.05011,0,0,-0.20501,0,0,-0.619091,-3.32592,0,0.123154,-7.14711,0
3193,9,-1.0126,1.00944,0.162805,-0.997589,-0.00311995,0.0673376,-0.0165061,0.14767,0.103214,-0.171037,-0.391471,1.13961,0.595824,-0.0191702,-1.23787,2.17982,0.00502825,-1.24031,2.17848,0.0109181,-1.14273,2.44128,-0.000931392,-1.08546,2.44271,-0.79942,-1.11152,3.00586,0.769219,-1.10224,1.6151,0.333534,0.871604,6.86E-21,0.545624,-2.42346,-0.00236936,1.1012,0,0,-0.254447,0,0,-0.636071,-3.38261,0,0.0890873,-7.01375,0
3194,9,-1.01245,1.00954,0.162635,-0.997623,-0.0029493,0.066768,-0.0168129,0.151458,0.100715,-0.168176,-0.410109,1.12736,0.587264,-0.0199524,-1.23899,2.18281,0.00577939,-1.24142,2.18008,0.0112671,-1.14188,2.44128,-0.000394546,-1.08795,2.44271,-0.764958,-1.12771,2.96988,0.733051,-1.11442,1.58302,0.364508,0.824031,0.000366504,0.528068,-2.54499,-0.00223708,1.15021,0,0,-0.301695,0,0,-0.655088,-3.43636,0,0.0558835,-6.87226,0
3195,9,-1.0123,1.00964,0.162468,-0.997655,-0.0027694,0.0662041,-0.0171158,0.155133,0.0981546,-0.165507,-0.427015,1.11587,0.578091,-0.0207003,-1.24013,2.18576,0.00649458,-1.24254,2.18165,0.0116461,-1.14108,2.44128,0.000123911,-1.09055,2.44271,-0.730923,-1.14374,2.93474,0.697327,-1.12666,1.55426,0.393416,0.777465,4.46E-21,0.508845,-2.65596,-0.00226198,1.19714,0,0,-0.346763,0,0,-0.676029,-3.48723,0,0.0236728,-6.7232,0
3196,9,-1.01214,1.00974,0.162304,-0.997688,-0.00258114,0.0656457,-0.0174146,0.158693,0.0955378,-0.16303,-0.441968,1.10509,0.568346,-0.0214145,-1.24128,2.18868,0.0071744,-1.24367,2.18319,0.0120527,-1.14032,2.44128,0.000622372,-1.09325,2.44271,-0.697571,-1.15956,2.90031,0.662331,-1.139,1.52877,0.419715,0.731714,0.000360878,0.488077,-2.75711,-0.0020871,1.24202,0,0,-0.389675,0,0,-0.698767,-3.53528,0,-0.00743464,-6.56718,0
3197,9,-1.01198,1.00983,0.162142,-0.997719,-0.00238549,0.0650922,-0.0177088,0.162138,0.0928726,-0.160739,-0.454961,1.09502,0.558014,-0.0220958,-1.24245,2.19156,0.00781962,-1.24482,2.18471,0.0124843,-1.13961,2.44128,0.00109951,-1.09606,2.4427,-0.664946,-1.17516,2.86654,0.628106,-1.15142,1.50652,0.443619,0.686899,-3.43E-20,0.466196,-2.84679,-0.00212558,1.28487,0,0,-0.430464,0,0,-0.723161,-3.58055,0,-0.0373423,-6.40478,0
3198,9,-1.01181,1.00992,0.161982,-0.99775,-0.00218345,0.0645436,-0.0179982,0.165466,0.0901636,-0.158631,-0.465852,1.08561,0.547129,-0.0227449,-1.24363,2.19441,0.00843111,-1.24597,2.1862,0.0129385,-1.13895,2.44128,0.00155417,-1.09894,2.4427,-0.63323,-1.19051,2.83336,0.594859,-1.16394,1.48743,0.464684,0.64284,0.000354747,0.443134,-2.92581,-0.0019782,1.32575,0,0,-0.469177,0,0,-0.749061,-3.62311,0,-0.0659705,-6.23667,0
3199,9,-1.01165,1.01001,0.161825,-0.997781,-0.00197605,0.0639994,-0.0182822,0.168679,0.0874178,-0.156699,-0.474671,1.07685,0.535683,-0.0233627,-1.24483,2.19723,0.00900983,-1.24714,2.18768,0.0134124,-1.13833,2.44128,0.00198536,-1.1019,2.4427,-0.60243,-1.2056,2.80072,0.562599,-1.17653,1.47143,0.483178,0.599661,-1.80E-20,0.419241,-2.99289,-0.00196453,1.36469,0,0,-0.505866,0,0,-0.77631,-3.663,0,-0.0932504,-6.06349,0
3200,9,-1.01148,1.0101,0.161669,-0.99781,-0.00176433,0.0634592,-0.0185607,0.171776,0.0846393,-0.15494,-0.481342,1.06872,0.523708,-0.0239503,-1.24604,2.20002,0.00955687,-1.24833,2.18915,0.0139034,-1.13775,2.44128,0.00239228,-1.10492,2.4427,-0.57267,-1.22041,2.76857,0.531468,-1.18921,1.45845,0.498732,0.557191,0.000348167,0.394597,-3.04855,-0.00185301,1.40176,0,0,-0.54059,0,0,-0.804746,-3.70028,0,-0.119122,-5.88593,0
3201,9,-1.0113,1.01018,0.161515,-0.997839,-0.00154935,0.062923,-0.0188333,0.17476,0.0818341,-0.153347,-0.485936,1.0612,0.511199,-0.0245086,-1.24727,2.20277,0.0100733,-1.24952,2.1906,0.0144086,-1.13721,2.44128,0.00277429,-1.10799,2.4427,-0.543922,-1.23494,2.73687,0.501441,-1.20195,1.44839,0.511668,0.515551,1.24E-20,0.369422,-3.09188,-0.00185651,1.43702,0,0,-0.573412,0,0,-0.834203,-3.73498,0,-0.143537,-5.70468,0
3202,9,-1.01113,1.01026,0.161362,-0.997868,-0.00133212,0.0623903,-0.0190996,0.17763,0.0790057,-0.151915,-0.488413,1.05425,0.498193,-0.0250387,-1.24851,2.20549,0.0105604,-1.25073,2.19205,0.0149253,-1.13672,2.44128,0.00313089,-1.1111,2.44269,-0.516275,-1.24917,2.70559,0.472623,-1.21476,1.44115,0.521673,0.474577,0.000341674,0.343787,-3.12355,-0.00173636,1.47051,0,0,-0.604399,0,0,-0.864515,-3.76716,0,-0.166457,-5.52047,0
3203,9,-1.01095,1.01034,0.161211,-0.997896,-0.00111369,0.0618608,-0.0193593,0.18039,0.0761594,-0.150635,-0.488885,1.04787,0.484687,-0.0255416,-1.24977,2.20818,0.0110191,-1.25195,2.19349,0.0154506,-1.13626,2.44128,0.00346176,-1.11423,2.44269,-0.489667,-1.26311,2.6747,0.444951,-1.22761,1.43661,0.529115,0.434392,1.16E-20,0.31795,-3.14269,-0.00173748,1.50232,0,0,-0.633621,0,0,-0.895515,-3.79687,0,-0.187854,-5.33401,0
3204,9,-1.01077,1.01041,0.161061,-0.997924,-0.000895031,0.0613345,-0.0196122,0.183042,0.0732987,-0.149503,-0.487357,1.04204,0.470719,-0.0260185,-1.25104,2.21084,0.0114509,-1.25319,2.19492,0.0159821,-1.13585,2.44128,0.0037667,-1.11738,2.44269,-0.464144,-1.27675,2.64418,0.418487,-1.2405,1.43466,0.533741,0.394837,0.00033535,0.291932,-3.15006,-0.00162929,1.5325,0,0,-0.661148,0,0,-0.927039,-3.82414,0,-0.207706,-5.14602,0
3205,9,-1.01058,1.01049,0.160912,-0.997952,-0.000677116,0.0608109,-0.0198579,0.185588,0.0704277,-0.14851,-0.483946,1.03673,0.456295,-0.0264704,-1.25232,2.21347,0.0118567,-1.25443,2.19636,0.0165169,-1.13547,2.44128,0.00404571,-1.12053,2.44269,-0.439646,-1.29011,2.61402,0.393165,-1.25342,1.43518,0.535935,0.35603,-2.61E-20,0.266075,-3.14512,-0.00163441,1.56111,0,0,-0.687052,0,0,-0.958924,-3.84901,0,-0.226002,-4.95724,0
3206,9,-1.0104,1.01056,0.160764,-0.997978,-0.000460867,0.0602898,-0.0200962,0.188033,0.0675494,-0.147651,-0.478693,1.03191,0.441453,-0.0268984,-1.25362,2.21607,0.0122378,-1.25569,2.19779,0.0170526,-1.13514,2.44128,0.00429894,-1.12366,2.44269,-0.416185,-1.30316,2.58418,0.369012,-1.26637,1.43804,0.535495,0.317818,0.0003295,0.240383,-3.1287,-0.00153904,1.58823,0,0,-0.711401,0,0,-0.991015,-3.87154,0,-0.242742,-4.76838,0
3207,9,-1.01021,1.01062,0.160616,-0.998005,-0.000247071,0.0597711,-0.0203267,0.190379,0.0646731,-0.146936,-0.472119,1.02776,0.426223,-0.0272998,-1.25492,2.21864,0.0125951,-1.25697,2.19923,0.017587,-1.13484,2.44129,0.00452638,-1.12678,2.44269,-0.386671,-1.31465,2.55203,0.345652,-1.27928,1.44328,0.533238,0.280598,1.14E-20,0.214507,-3.10028,-0.00162047,1.6139,0,0,-0.734266,0,0,-1.02316,-3.89176,0,-0.257936,-4.58017,0
3208,9,-1.01001,1.01069,0.16047,-0.998031,-3.64E-05,0.0592543,-0.0205494,0.192633,0.0618075,-0.146368,-0.464104,1.02426,0.410694,-0.0276685,-1.25624,2.22117,0.0129296,-1.25825,2.20068,0.018118,-1.13458,2.44129,0.00472801,-1.12986,2.44268,-0.350774,-1.32433,2.5173,0.323338,-1.29223,1.45083,0.528793,0.244232,0.000322021,0.188749,-3.06139,-0.00153915,1.63799,0,0,-0.755706,0,0,-1.05522,-3.90971,0,-0.271583,-4.3933,0
3209,9,-1.00982,1.01075,0.160323,-0.998057,0.000170355,0.0587391,-0.020764,0.194798,0.0589623,-0.145938,-0.454558,1.02134,0.394917,-0.0279989,-1.25757,2.22367,0.0132424,-1.25955,2.20214,0.0186436,-1.13435,2.44129,0.00490437,-1.1329,2.44268,-0.310071,-1.3324,2.48056,0.302252,-1.30526,1.46056,0.522309,0.208784,-1.50E-20,0.163974,-3.01163,-0.001548,1.66011,0,0,-0.775776,0,0,-1.08708,-3.92545,0,-0.28368,-4.20845,0
3210,9,-1.00963,1.0108,0.160178,-0.998083,0.00037245,0.0582254,-0.0209704,0.19688,0.0561443,-0.145639,-0.443388,1.01894,0.378959,-0.028287,-1.25891,2.22613,0.0135348,-1.26086,2.2036,0.0191614,-1.13416,2.44129,0.0050566,-1.13588,2.44268,-0.266022,-1.33905,2.44232,0.282585,-1.31844,1.47231,0.513449,0.174064,0.000315702,0.140495,-2.95187,-0.00147309,1.67994,0,0,-0.794544,0,0,-1.11861,-3.93904,0,-0.294262,-4.02626,0
3211,9,-1.00943,1.01086,0.160032,-0.998109,0.000569067,0.0577129,-0.0211684,0.198884,0.0533601,-0.145464,-0.430644,1.017,0.362857,-0.0285299,-1.26025,2.22855,0.0138083,-1.26219,2.20508,0.0196694,-1.134,2.44129,0.00518622,-1.13879,2.44268,-0.219755,-1.34448,2.40306,0.264366,-1.33177,1.48592,0.502521,0.140156,-8.25E-21,0.118734,-2.88192,-0.00148537,1.69722,0,0,-0.812089,0,0,-1.14969,-3.95053,0,-0.303396,-3.84735,0
3212,9,-1.00923,1.01091,0.159887,-0.998134,0.000759421,0.0572013,-0.0213579,0.200814,0.0506141,-0.145402,-0.416347,1.01549,0.346668,-0.0287259,-1.2616,2.23094,0.0140643,-1.26353,2.20658,0.0201653,-1.13388,2.44129,0.00529496,-1.14164,2.44268,-0.172339,-1.34887,2.36318,0.247657,-1.34528,1.50122,0.489326,0.106891,0.000309424,0.0987424,-2.80265,-0.0014216,1.71179,0,0,-0.828497,0,0,-1.18017,-3.95996,0,-0.311173,-3.67234,0
3213,9,-1.00903,1.01096,0.159741,-0.998159,0.000942763,0.0566906,-0.0215389,0.202677,0.0479108,-0.145445,-0.400631,1.01436,0.330419,-0.0288744,-1.26295,2.23328,0.0143043,-1.26488,2.20808,0.0206471,-1.13379,2.44129,0.0053847,-1.14439,2.44268,-0.124578,-1.35242,2.32307,0.232392,-1.35895,1.51804,0.474269,0.0743629,1.83E-21,0.0807426,-2.71398,-0.0014414,1.72355,0,0,-0.843858,0,0,-1.20992,-3.96737,0,-0.317697,-3.5018,0
3214,9,-1.00882,1.01101,0.159596,-0.998184,0.0011184,0.0561804,-0.0217114,0.204477,0.045253,-0.145583,-0.383585,1.01358,0.314161,-0.0289753,-1.2643,2.23558,0.0145298,-1.26624,2.20961,0.0211129,-1.13373,2.44129,0.00545739,-1.14706,2.44268,-0.077255,-1.35529,2.28305,0.218555,-1.37279,1.53619,0.457237,0.0424148,0.000303565,0.0646396,-2.61686,-0.00138795,1.73246,0,0,-0.85826,0,0,-1.23883,-3.9728,0,-0.323082,-3.3363,0
3215,9,-1.00862,1.01105,0.15945,-0.998209,0.00128571,0.0556708,-0.0218752,0.206221,0.0426437,-0.145805,-0.365391,1.0131,0.297916,-0.0290294,-1.26566,2.23785,0.0147421,-1.26762,2.21116,0.0215609,-1.1337,2.44129,0.00551498,-1.14962,2.44267,-0.0309232,-1.35767,2.24344,0.206018,-1.38678,1.55548,0.438692,0.0111454,5.86E-21,0.0505419,-2.51135,-0.00141833,1.73852,0,0,-0.871788,0,0,-1.26677,-3.97631,0,-0.327443,-3.17638,0
3216,9,-1.00841,1.01109,0.159304,-0.998233,0.00144413,0.0551615,-0.0220304,0.207913,0.0400842,-0.146103,-0.346177,1.0129,0.281729,-0.0290379,-1.26702,2.24007,0.0149425,-1.26902,2.21272,0.0219895,-1.13371,2.44129,0.00555938,-1.15208,2.44267,0.0138578,-1.35972,2.20449,0.194718,-1.40091,1.57574,0.418571,-0.0195944,0.000298268,0.0382539,-2.39851,-0.00137596,1.74176,0,0,-0.884525,0,0,-1.29365,-3.97791,0,-0.330899,-3.02253,0
3217,9,-1.0082,1.01113,0.159158,-0.998258,0.00159321,0.0546524,-0.022177,0.209559,0.0375765,-0.146465,-0.326155,1.01295,0.265617,-0.0290026,-1.26838,2.24226,0.0151321,-1.27043,2.21431,0.0223975,-1.13374,2.44129,0.00559241,-1.15442,2.44267,0.0567354,-1.3616,2.16644,0.184487,-1.41515,1.59678,0.397365,-0.0497041,-1.46E-20,0.0278021,-2.27849,-0.0014208,1.74227,0,0,-0.896547,0,0,-1.31937,-3.97766,0,-0.333563,-2.87524,0
3218,9,-1.00799,1.01117,0.159011,-0.998282,0.00173257,0.0541434,-0.022315,0.211165,0.0351212,-0.146882,-0.305474,1.0132,0.249619,-0.0289256,-1.26974,2.2444,0.0153119,-1.27185,2.21592,0.0227837,-1.1338,2.44129,0.00561576,-1.15663,2.44267,0.0973284,-1.36346,2.12948,0.175232,-1.42949,1.61843,0.375039,-0.0793266,0.000293903,0.0189009,-2.15245,-0.00139135,1.74016,0,0,-0.907923,0,0,-1.34385,-3.97558,0,-0.335544,-2.73493,0
3219,9,-1.00778,1.0112,0.158864,-0.998307,0.00186193,0.0536345,-0.0224445,0.212737,0.0327199,-0.147344,-0.284366,1.01366,0.233746,-0.0288092,-1.2711,2.24652,0.0154829,-1.27329,2.21755,0.0231472,-1.1339,2.44129,0.00563096,-1.15872,2.44267,0.13545,-1.36545,2.09379,0.166758,-1.44389,1.6405,0.352095,-0.108361,-2.84E-20,0.0114937,-2.02053,-0.00145257,1.73553,0,0,-0.918715,0,0,-1.36702,-3.97171,0,-0.336945,-2.602,0
3220,9,-1.00757,1.01123,0.158716,-0.998331,0.0019811,0.0531255,-0.0225655,0.214279,0.030373,-0.147842,-0.26299,1.01428,0.218027,-0.028656,-1.27247,2.24859,0.0156458,-1.27474,2.2192,0.0234875,-1.13402,2.44129,0.0056393,-1.16067,2.44267,0.170866,-1.36769,2.05953,0.158949,-1.45832,1.66283,0.328508,-0.136945,0.000290336,0.00518877,-1.88393,-0.00143585,1.72855,0,0,-0.928975,0,0,-1.38883,-3.96608,0,-0.337857,-2.47681,0
3221,9,-1.00735,1.01126,0.158568,-0.998355,0.00209,0.0526164,-0.0226782,0.215797,0.0280825,-0.148364,-0.241595,1.01506,0.202462,-0.0284688,-1.27384,2.25064,0.015801,-1.2762,2.22087,0.0238042,-1.13417,2.44129,0.00564181,-1.16249,2.44267,0.203528,-1.37032,2.02684,0.151585,-1.47273,1.68526,0.304777,-0.164978,-1.89E-20,-0.000159915,-1.74265,-0.00152128,1.71936,0,0,-0.938746,0,0,-1.40925,-3.95872,0,-0.338358,-2.35968,0
3222,9,-1.00713,1.01129,0.15842,-0.998379,0.00218866,0.052107,-0.0227825,0.217297,0.0258498,-0.148901,-0.220366,1.01599,0.187064,-0.0282504,-1.27521,2.25265,0.0159491,-1.27768,2.22257,0.024097,-1.13435,2.44129,0.00563915,-1.16416,2.44266,0.233341,-1.37346,1.99584,0.14452,-1.48707,1.70763,0.280882,-0.192595,0.000287338,-0.00516686,-1.59775,-0.00151361,1.70813,0,0,-0.948062,0,0,-1.42825,-3.94966,0,-0.338509,-2.25088,0
3223,9,-1.00692,1.01131,0.158271,-0.998403,0.00227723,0.0515974,-0.0228787,0.218783,0.0236788,-0.149441,-0.199605,1.01709,0.171804,-0.0280035,-1.27659,2.25463,0.0160901,-1.27918,2.22429,0.0243661,-1.13456,2.44129,0.00563144,-1.16568,2.44266,0.260423,-1.37724,1.96665,0.137467,-1.50126,1.72979,0.257335,-0.21969,-2.19E-21,-0.0102573,-1.44873,-0.00161504,1.69502,0,0,-0.956945,0,0,-1.44582,-3.93894,0,-0.338349,-2.15067,0
3224,9,-1.0067,1.01134,0.158121,-0.998427,0.00235599,0.0510873,-0.0229667,0.220262,0.0215742,-0.149971,-0.179567,1.01838,0.15666,-0.0277309,-1.27797,2.25658,0.0162239,-1.28068,2.22603,0.0246118,-1.13479,2.44129,0.00561806,-1.16705,2.44266,0.284832,-1.38179,1.93941,0.1302,-1.51518,1.75159,0.234127,-0.246393,0.000284083,-0.0164948,-1.2961,-0.00159664,1.68021,0,0,-0.965405,0,0,-1.46197,-3.92657,0,-0.337886,-2.05927,0
3225,9,-1.00647,1.01136,0.157971,-0.998451,0.00242543,0.0505768,-0.0230467,0.221738,0.0195473,-0.150472,-0.160758,1.01995,0.141521,-0.027435,-1.27935,2.25851,0.0163501,-1.28221,2.22779,0.0248348,-1.13505,2.44129,0.00559719,-1.16827,2.44266,0.307,-1.38727,1.91432,0.122218,-1.52862,1.77286,0.211854,-0.272582,-9.35E-21,-0.0252368,-1.13788,-0.0016669,1.66385,0,0,-0.973435,0,0,-1.47671,-3.91259,0,-0.337084,-1.97693,0
3226,9,-1.00625,1.01137,0.15782,-0.998475,0.00248632,0.0500655,-0.0231186,0.223219,0.0176168,-0.150917,-0.143874,1.02199,0.126207,-0.0271177,-1.28074,2.26041,0.0164676,-1.28374,2.22957,0.0250361,-1.13534,2.44129,0.00556476,-1.16932,2.44266,0.327564,-1.39387,1.89166,0.112828,-1.54121,1.79345,0.190723,-0.298344,0.00027706,-0.0396324,-0.971863,-0.00149682,1.6461,0,0,-0.981007,0,0,-1.49009,-3.89702,0,-0.335832,-1.90391,0
3227,9,-1.00603,1.01139,0.157669,-0.998499,0.00254134,0.0495526,-0.023182,0.224716,0.0159295,-0.151116,-0.135773,1.02654,0.108798,-0.0267759,-1.28214,2.26229,0.0165715,-1.28529,2.23138,0.0252192,-1.13565,2.44129,0.00550142,-1.17019,2.44266,0.355991,-1.40229,1.87376,0.0948998,-1.54935,1.81265,0.175404,-0.322669,-3.06E-20,-0.0870368,-0.761491,-0.000657657,1.62706,0,0,-0.988058,0,0,-1.50217,-3.87989,0,-0.333886,-1.84062,0
3228,9,-1.0058,1.01141,0.157518,-0.998523,0.00259572,0.0490366,-0.0232358,0.226208,0.0146324,-0.150918,-0.13968,1.03498,0.0875424,-0.0264008,-1.28355,2.26416,0.0166513,-1.28684,2.2332,0.02539,-1.13598,2.44129,0.00537334,-1.17084,2.44266,0.394315,-1.41374,1.86285,0.064749,-1.55037,1.83047,0.166247,-0.345537,0.000205473,-0.169133,-0.535519,9.69E-05,1.60655,0,0,-0.99429,0,0,-1.51315,-3.86126,0,-0.330085,-1.78861,0
3229,9,-1.00558,1.01142,0.157367,-0.998547,0.00264653,0.0485179,-0.0232799,0.227643,0.0131241,-0.151162,-0.119881,1.03718,0.0711466,-0.0260102,-1.28497,2.26602,0.0167133,-1.28839,2.23504,0.025542,-1.13634,2.44129,0.00521867,-1.17137,2.44266,0.386885,-1.42712,1.84928,0.0592376,-1.56153,1.85035,0.137763,-0.372477,-9.25E-21,-0.140208,-0.526899,-0.000340608,1.58405,0,0,-0.99908,0,0,-1.5234,-3.84121,0,-0.3224,-1.7497,0
3230,9,-1.00535,1.01143,0.157216,-0.998572,0.00268795,0.0479983,-0.0233155,0.229036,0.0116073,-0.15144,-0.100598,1.03933,0.0551688,-0.0256272,-1.2864,2.26786,0.0167697,-1.28996,2.2369,0.025666,-1.13672,2.44129,0.0050924,-1.17189,2.44266,0.37899,-1.44066,1.83647,0.0535589,-1.57275,1.87002,0.110242,-0.398675,0.000245314,-0.112329,-0.5187,-0.000320274,1.56061,0,0,-1.0028,0,0,-1.53252,-3.81967,0,-0.31312,-1.71783,0
3231,9,-1.00512,1.01144,0.157064,-0.998596,0.00272036,0.0474778,-0.0233427,0.230386,0.0100887,-0.151742,-0.0823673,1.04155,0.039471,-0.025252,-1.28785,2.26969,0.0168201,-1.29154,2.23878,0.0257633,-1.13714,2.44129,0.00499328,-1.17241,2.44266,0.371497,-1.4544,1.82454,0.0471317,-1.5838,1.88943,0.0842781,-0.423993,9.97E-22,-0.0859208,-0.510424,-0.000396252,1.53763,0,0,-1.00618,0,0,-1.53996,-3.79654,0,-0.305544,-1.68646,0
3232,9,-1.00489,1.01145,0.156912,-0.99862,0.00274423,0.0469564,-0.0233618,0.231693,0.00856385,-0.152072,-0.0649855,1.04377,0.0241306,-0.0248842,-1.28931,2.27151,0.0168637,-1.29313,2.24068,0.0258352,-1.13757,2.44129,0.00491989,-1.17291,2.44266,0.363993,-1.46836,1.81347,0.0401864,-1.59478,1.90855,0.0595585,-0.448547,0.000249391,-0.0608538,-0.502302,-0.000365052,1.51512,0,0,-1.0092,0,0,-1.5458,-3.77186,0,-0.299597,-1.65559,0
3233,9,-1.00465,1.01146,0.15676,-0.998644,0.00276001,0.046434,-0.0233728,0.232955,0.00703638,-0.152425,-0.0487075,1.04606,0.00908157,-0.0245238,-1.29079,2.27332,0.0169,-1.29473,2.2426,0.0258832,-1.13803,2.44129,0.0048708,-1.17341,2.44265,0.356832,-1.48257,1.80333,0.0324444,-1.60556,1.92738,0.0364671,-0.47221,-3.65E-20,-0.0373285,-0.494105,-0.00044547,1.49305,0,0,-1.01182,0,0,-1.55011,-3.74568,0,-0.295193,-1.62521,0
3234,9,-1.00442,1.01147,0.156607,-0.998668,0.00276821,0.0459106,-0.0233761,0.234174,0.00550207,-0.152804,-0.0332893,1.04834,-0.00559584,-0.0241706,-1.29228,2.27512,0.0169284,-1.29634,2.24453,0.0259088,-1.13852,2.44129,0.00484455,-1.1739,2.44265,0.349543,-1.49704,1.7941,0.0241761,-1.61627,1.94589,0.014646,-0.49511,0.000253164,-0.0151726,-0.486084,-0.000410847,1.47143,0,0,-1.014,0,0,-1.55299,-3.71806,0,-0.292248,-1.59532,0
3235,9,-1.00419,1.01147,0.156454,-0.998692,0.00276929,0.0453863,-0.0233717,0.235347,0.00396529,-0.153204,-0.0189861,1.05067,-0.0199747,-0.0238246,-1.29378,2.27691,0.016948,-1.29796,2.24649,0.0259133,-1.13902,2.44129,0.00483967,-1.17438,2.44265,0.342496,-1.51179,1.78583,0.0151005,-1.62678,1.96408,-0.00553116,-0.51712,-8.61E-21,0.00542631,-0.477991,-0.000494789,1.45024,0,0,-1.0157,0,0,-1.55453,-3.68904,0,-0.290673,-1.56591,0
3236,9,-1.00395,1.01147,0.156301,-0.998716,0.00276373,0.0448608,-0.02336,0.236477,0.00242199,-0.153629,-0.00552739,1.05298,-0.0339739,-0.0234858,-1.2953,2.27869,0.0169583,-1.29959,2.24846,0.0258983,-1.13955,2.44129,0.00485472,-1.17486,2.44265,0.335194,-1.52683,1.77848,0.00551428,-1.63722,1.98195,-0.0244541,-0.538376,0.000256531,0.0246697,-0.470088,-0.000456253,1.42948,0,0,-1.01688,0,0,-1.5548,-3.65867,0,-0.29038,-1.53699,0
3237,9,-1.00371,1.01148,0.156147,-0.99874,0.002752,0.0443344,-0.0233411,0.23756,0.000877117,-0.154074,0.00683052,1.05534,-0.0476722,-0.0231542,-1.29683,2.28046,0.0169586,-1.30123,2.25045,0.0258652,-1.1401,2.44129,0.00488825,-1.17532,2.44265,0.328034,-1.54218,1.77213,-0.00486642,-1.64745,1.99947,-0.0417563,-0.558751,-7.39E-21,0.0423792,-0.462111,-0.000541349,1.40915,0,0,-1.0175,0,0,-1.5539,-3.62701,0,-0.291283,-1.50855,0
3238,9,-1.00348,1.01148,0.155993,-0.998764,0.00273458,0.0438069,-0.0233151,0.238599,-0.000673212,-0.154542,0.0183777,1.05767,-0.0609886,-0.0228299,-1.29838,2.28223,0.0169483,-1.30289,2.25246,0.0258154,-1.14067,2.44129,0.00493882,-1.17578,2.44265,0.320513,-1.55784,1.7667,-0.0157258,-1.65761,2.01666,-0.0578515,-0.578389,0.000259372,0.0587783,-0.454329,-0.00049904,1.38925,0,0,-1.01752,0,0,-1.55191,-3.59409,0,-0.293295,-1.48058,0
3239,9,-1.00324,1.01147,0.155838,-0.998788,0.00271192,0.0432783,-0.0232823,0.239592,-0.00222367,-0.155027,0.0288596,1.06004,-0.0740052,-0.0225131,-1.29995,2.284,0.0169268,-1.30455,2.25448,0.0257503,-1.14125,2.44129,0.00500506,-1.17623,2.44265,0.313052,-1.57383,1.76225,-0.0273468,-1.66756,2.03351,-0.0723801,-0.597161,8.50E-21,0.0736975,-0.446469,-0.000582351,1.36979,0,0,-1.0169,0,0,-1.54893,-3.55998,0,-0.296329,-1.45309,0
3240,9,-1.003,1.01147,0.155683,-0.998812,0.00268447,0.0427486,-0.0232429,0.24054,-0.00377795,-0.155534,0.0385784,1.06237,-0.0866423,-0.022204,-1.30153,2.28576,0.0168934,-1.30622,2.25653,0.0256712,-1.14186,2.44129,0.0050856,-1.17667,2.44265,0.305155,-1.59012,1.7587,-0.0394021,-1.67744,2.05002,-0.0857725,-0.615216,0.000261545,0.0873751,-0.438802,-0.000535241,1.35079,0,0,-1.01561,0,0,-1.54502,-3.52471,0,-0.300304,-1.42606,0
3241,9,-1.00276,1.01147,0.155527,-0.998836,0.00265265,0.0422178,-0.0231971,0.241441,-0.00533041,-0.156057,0.0472809,1.06474,-0.0989841,-0.0219028,-1.30313,2.28752,0.0168476,-1.3079,2.25858,0.0255795,-1.14248,2.44129,0.00517911,-1.17711,2.44265,0.297269,-1.60673,1.75611,-0.0521736,-1.68709,2.06618,-0.0976744,-0.632425,7.14E-21,0.0996485,-0.431047,-0.000616028,1.33224,0,0,-1.0136,0,0,-1.54027,-3.48834,0,-0.305136,-1.3995,0
3242,9,-1.00251,1.01146,0.15537,-0.998859,0.00261689,0.0416859,-0.023145,0.242297,-0.00688463,-0.1566,0.0552798,1.06707,-0.110952,-0.0216097,-1.30475,2.28927,0.0167889,-1.3096,2.26066,0.0254764,-1.14313,2.44129,0.00528432,-1.17754,2.44265,0.288905,-1.62364,1.75438,-0.0653234,-1.69668,2.08201,-0.10853,-0.64894,0.000262925,0.110768,-0.423481,-0.000563424,1.31417,0,0,-1.01086,0,0,-1.53477,-3.45091,0,-0.310747,-1.37341,0
3243,9,-1.00227,1.01145,0.155214,-0.998883,0.0025776,0.0411529,-0.0230868,0.243106,-0.00843465,-0.157158,0.0623199,1.06943,-0.122632,-0.021325,-1.30638,2.29103,0.0167166,-1.3113,2.26275,0.0253631,-1.14378,2.44129,0.00539999,-1.17796,2.44265,0.28054,-1.64083,1.75354,-0.079136,-1.70605,2.09751,-0.117986,-0.664631,5.16E-21,0.120574,-0.415812,-0.000642689,1.29658,0,0,-1.00733,0,0,-1.52858,-3.41247,0,-0.317059,-1.34777,0
3244,9,-1.00203,1.01144,0.155056,-0.998906,0.00253516,0.0406188,-0.0230228,0.243869,-0.00998403,-0.157735,0.0687267,1.07175,-0.133944,-0.0210489,-1.30803,2.29278,0.0166304,-1.31301,2.26485,0.0252409,-1.14445,2.44129,0.00552494,-1.17837,2.44265,0.271685,-1.65829,1.75351,-0.0932595,-1.71535,2.11268,-0.1265,-0.679653,0.000263613,0.129329,-0.408327,-0.000583383,1.2795,0,0,-1.003,0,0,-1.52179,-3.37306,0,-0.323999,-1.32259,0
3245,9,-1.00178,1.01143,0.154898,-0.99893,0.00248993,0.0400836,-0.022953,0.244585,-0.0115266,-0.158324,0.0742408,1.0741,-0.144978,-0.0207816,-1.30969,2.29453,0.0165298,-1.31473,2.26697,0.0251108,-1.14514,2.44129,0.00565804,-1.17877,2.44265,0.262847,-1.67598,1.7543,-0.107983,-1.72443,2.12753,-0.133718,-0.693876,2.41E-21,0.136874,-0.400724,-0.00065828,1.26293,0,0,-0.997827,0,0,-1.51445,-3.33273,0,-0.331496,-1.29787,0
3246,9,-1.00154,1.01142,0.154739,-0.998953,0.00244229,0.0395472,-0.0228777,0.245255,-0.0130657,-0.158932,0.0791944,1.07641,-0.155654,-0.0205234,-1.31138,2.29629,0.0164144,-1.31646,2.26911,0.0249739,-1.14584,2.44129,0.00579822,-1.17917,2.44265,0.253543,-1.69389,1.75581,-0.122947,-1.73344,2.14208,-0.140107,-0.707456,0.000263571,0.143479,-0.393293,-0.000592992,1.2469,0,0,-0.99179,0,0,-1.50665,-3.29153,0,-0.339483,-1.2736,0
3247,9,-1.00129,1.01141,0.15458,-0.998976,0.00239255,0.0390097,-0.0227971,0.245879,-0.0145951,-0.159551,0.0833276,1.07876,-0.166062,-0.0202745,-1.31308,2.29805,0.0162837,-1.31819,2.27126,0.0248312,-1.14656,2.44129,0.00594445,-1.17956,2.44265,0.244296,-1.71196,1.75806,-0.138442,-1.74222,2.15632,-0.145313,-0.72026,-1.46E-21,0.148986,-0.38573,-0.000662717,1.2314,0,0,-0.984862,0,0,-1.49843,-3.24949,0,-0.347893,-1.24978,0
3248,9,-1.00105,1.01139,0.15442,-0.998999,0.00234105,0.0384711,-0.0227113,0.246456,-0.016118,-0.160187,0.0869738,1.08106,-0.176122,-0.020035,-1.3148,2.2998,0.0161374,-1.31994,2.27342,0.0246836,-1.14728,2.44129,0.00609578,-1.17994,2.44265,0.234634,-1.73019,1.76095,-0.154105,-1.75095,2.17028,-0.149803,-0.732448,0.000262851,0.153666,-0.378324,-0.000593596,1.21647,0,0,-0.97702,0,0,-1.48987,-3.20666,0,-0.356667,-1.22641,0
3249,9,-1.0008,1.01138,0.15426,-0.999022,0.00228807,0.0379313,-0.0226204,0.246986,-0.0176282,-0.160834,0.0898785,1.08339,-0.185923,-0.0198052,-1.31654,2.30157,0.0159752,-1.3217,2.2756,0.0245321,-1.14802,2.44129,0.00625129,-1.18032,2.44265,0.225082,-1.7485,1.76448,-0.170219,-1.75945,2.18394,-0.153232,-0.743887,-3.89E-20,0.157368,-0.370775,-0.000656141,1.2021,0,0,-0.968244,0,0,-1.48102,-3.16308,0,-0.365747,-1.20349,0
3250,9,-1.00055,1.01136,0.154099,-0.999044,0.00223391,0.0373904,-0.0225247,0.247471,-0.0191286,-0.161497,0.09237,1.08569,-0.195389,-0.019585,-1.3183,2.30333,0.0157969,-1.32346,2.27779,0.0243774,-1.14877,2.44129,0.00641016,-1.18068,2.44265,0.215184,-1.76688,1.76856,-0.186429,-1.76789,2.19734,-0.156061,-0.754733,0.00026128,0.16036,-0.363367,-0.000582436,1.18831,0,0,-0.958514,0,0,-1.47193,-3.11879,0,-0.375078,-1.18101,0
3251,9,-1.0003,1.01134,0.153937,-0.999067,0.00217881,0.0368483,-0.0224243,0.247909,-0.020613,-0.162179,0.0941835,1.08805,-0.204557,-0.0193735,-1.32008,2.3051,0.0156022,-1.32523,2.27999,0.0242205,-1.14953,2.44129,0.00657155,-1.18104,2.44264,0.207809,-1.78439,1.77222,-0.202977,-1.77616,2.21053,-0.157883,-0.764778,-2.76E-20,0.162426,-0.355847,-0.000584697,1.1751,0,0,-0.947815,0,0,-1.46265,-3.07383,0,-0.38461,-1.15899,0
3252,9,-1.00006,1.01132,0.153774,-0.999089,0.00212321,0.0363049,-0.0223194,0.248306,-0.0220694,-0.162965,0.0949343,1.09089,-0.213086,-0.0191571,-1.32186,2.30687,0.0153908,-1.32701,2.28221,0.0240624,-1.1503,2.44129,0.00673421,-1.1814,2.44264,0.225001,-1.79283,1.76663,-0.219793,-1.78458,2.22408,-0.158216,-0.773348,0.000260365,0.162885,-0.348207,-0.000541389,1.16241,0,0,-0.936132,0,0,-1.45323,-3.02824,0,-0.394293,-1.13741,0
3253,9,-0.999808,1.01129,0.153611,-0.999111,0.0020674,0.03576,-0.0222103,0.24866,-0.0234755,-0.163773,0.0954691,1.09383,-0.22132,-0.0189237,-1.32366,2.30864,0.0151628,-1.3288,2.28444,0.0239042,-1.15108,2.44129,0.00689723,-1.18174,2.44264,0.241826,-1.80115,1.76162,-0.236314,-1.79289,2.23752,-0.158289,-0.781172,1.94E-20,0.163164,-0.340436,-0.000566366,1.14943,0,0,-0.923449,0,0,-1.44375,-2.9821,0,-0.404052,-1.11629,0
3254,9,-0.999559,1.01127,0.153447,-0.999133,0.00201143,0.0352137,-0.0220972,0.248971,-0.0248327,-0.164606,0.0960288,1.09682,-0.229201,-0.0186738,-1.32547,2.3104,0.0149185,-1.3306,2.28668,0.0237458,-1.15186,2.44129,0.00706055,-1.18208,2.44264,0.25804,-1.8093,1.75706,-0.252266,-1.8012,2.25085,-0.158494,-0.78839,0.00025321,0.163463,-0.332747,-0.00046721,1.13542,0,0,-0.909766,0,0,-1.43425,-2.93546,0,-0.413834,-1.09563,0
3255,9,-0.99931,1.01124,0.153282,-0.999155,0.00195534,0.0346658,-0.0219802,0.24924,-0.0261348,-0.165458,0.0963897,1.09993,-0.236803,-0.0184078,-1.32728,2.31215,0.0146584,-1.3324,2.28894,0.0235873,-1.15265,2.44129,0.0072241,-1.1824,2.44264,0.273878,-1.81734,1.75305,-0.267889,-1.80938,2.26407,-0.158508,-0.79488,-2.48E-20,0.163648,-0.324888,-0.000479579,1.12043,0,0,-0.895109,0,0,-1.42475,-2.88838,0,-0.423633,-1.07544,0
3256,9,-0.999061,1.01122,0.153116,-0.999177,0.00189914,0.0341163,-0.0218595,0.249467,-0.027384,-0.166333,0.0968144,1.10309,-0.24406,-0.0181264,-1.3291,2.3139,0.014383,-1.33422,2.29121,0.0234287,-1.15345,2.44129,0.00738789,-1.18273,2.44264,0.289048,-1.82521,1.74948,-0.282887,-1.81756,2.27717,-0.158725,-0.800779,0.00024481,0.163928,-0.317099,-0.000385594,1.10447,0,0,-0.879504,0,0,-1.41524,-2.84088,0,-0.433446,-1.05571,0
3257,9,-0.998811,1.01119,0.152949,-0.999198,0.00184285,0.0335652,-0.0217352,0.249652,-0.0285751,-0.167226,0.0970987,1.10636,-0.251037,-0.0178299,-1.33093,2.31565,0.0140928,-1.33604,2.2935,0.0232699,-1.15425,2.44129,0.00755194,-1.18304,2.44264,0.303765,-1.83297,1.74645,-0.297479,-1.82561,2.29014,-0.158835,-0.805975,-1.92E-20,0.164175,-0.309159,-0.000392786,1.08758,0,0,-0.862981,0,0,-1.40572,-2.79301,0,-0.443273,-1.03645,0
3258,9,-0.998561,1.01116,0.152781,-0.99922,0.00178647,0.0330125,-0.0216075,0.249796,-0.0297102,-0.16814,0.0974772,1.10968,-0.257674,-0.0175192,-1.33277,2.3174,0.0137884,-1.33787,2.29579,0.0231109,-1.15506,2.44129,0.00771631,-1.18334,2.44264,0.317769,-1.84056,1.74383,-0.311399,-1.83366,2.303,-0.159201,-0.810595,0.000235125,0.164572,-0.301286,-0.000305459,1.0698,0,0,-0.84557,0,0,-1.39619,-2.74481,0,-0.453116,-1.01766,0
3259,9,-0.998312,1.01113,0.152613,-0.999241,0.00173,0.032458,-0.0214766,0.249899,-0.0307849,-0.169071,0.0977581,1.1131,-0.264029,-0.0171947,-1.33461,2.31914,0.0134703,-1.33971,2.2981,0.0229515,-1.15587,2.44129,0.0078811,-1.18364,2.44264,0.331261,-1.84804,1.74173,-0.324854,-1.84159,2.31571,-0.159518,-0.814532,4.28E-21,0.164993,-0.293284,-0.000310093,1.05115,0,0,-0.827303,0,0,-1.38665,-2.69631,0,-0.462979,-0.999346,0
3260,9,-0.998062,1.0111,0.152443,-0.999262,0.00167342,0.0319018,-0.0213425,0.249962,-0.0318015,-0.170021,0.0981496,1.11657,-0.270048,-0.016857,-1.33646,2.32088,0.013139,-1.34155,2.30042,0.0227917,-1.15669,2.44129,0.00804639,-1.18393,2.44264,0.34401,-1.85537,1.74004,-0.337607,-1.84951,2.32829,-0.16012,-0.817905,0.000224881,0.165597,-0.285347,-0.000233194,1.03168,0,0,-0.808216,0,0,-1.37709,-2.64755,0,-0.472866,-0.981509,0
3261,9,-0.997812,1.01107,0.152273,-0.999282,0.00161672,0.0313439,-0.0212055,0.249985,-0.0327561,-0.170987,0.0984722,1.12013,-0.275783,-0.0165069,-1.33832,2.32262,0.0127953,-1.3434,2.30276,0.0226313,-1.15751,2.44129,0.00821232,-1.18421,2.44264,0.356205,-1.86258,1.73884,-0.349852,-1.85732,2.34071,-0.16071,-0.820624,-3.29E-22,0.16626,-0.277311,-0.000233295,1.01142,0,0,-0.788342,0,0,-1.3675,-2.59858,0,-0.482784,-0.96415,0
3262,9,-0.997562,1.01103,0.152101,-0.999303,0.00155988,0.0307842,-0.0210657,0.249969,-0.033651,-0.17197,0.0989103,1.12374,-0.281185,-0.016145,-1.34019,2.32436,0.0124397,-1.34527,2.30511,0.0224701,-1.15833,2.44129,0.00837901,-1.18449,2.44264,0.367643,-1.86965,1.73805,-0.361379,-1.86511,2.35298,-0.161599,-0.82279,0.000230782,0.167122,-0.269339,-0.000165706,0.990415,0,0,-0.767718,0,0,-1.35788,-2.54943,0,-0.492739,-0.94727,0
3263,9,-0.997312,1.011,0.151929,-0.999323,0.00150287,0.0302226,-0.0209233,0.249914,-0.0344834,-0.172966,0.0993157,1.12744,-0.286296,-0.0157719,-1.34206,2.3261,0.0120728,-1.34713,2.30746,0.0223081,-1.15915,2.44129,0.00854661,-1.18475,2.44264,0.378478,-1.8766,1.73773,-0.372348,-1.8728,2.36508,-0.162506,-0.824301,-1.57E-20,0.168071,-0.261291,-0.000166234,0.9687,0,0,-0.746381,0,0,-1.34821,-2.50012,0,-0.502741,-0.930871,0
3264,9,-0.997062,1.01096,0.151755,-0.999343,0.00144566,0.0296591,-0.0207784,0.249821,-0.0352553,-0.173978,0.0998268,1.13117,-0.291077,-0.0153884,-1.34394,2.32783,0.0116954,-1.34901,2.30984,0.022145,-1.15998,2.44129,0.00871525,-1.18501,2.44264,0.388558,-1.8834,1.73782,-0.382601,-1.88047,2.37701,-0.163705,-0.825279,0.000226363,0.169215,-0.253314,-0.000109434,0.946316,0,0,-0.724369,0,0,-1.33848,-2.45071,0,-0.512797,-0.914952,0
3265,9,-0.996812,1.01093,0.151581,-0.999363,0.00138824,0.0290938,-0.0206312,0.24969,-0.0359643,-0.175002,0.100312,1.13498,-0.295564,-0.0149951,-1.34583,2.32957,0.0113079,-1.3509,2.31222,0.0219806,-1.16081,2.44129,0.00888508,-1.18526,2.44264,0.398021,-1.89011,1.73837,-0.392279,-1.88805,2.38875,-0.164923,-0.825628,-1.03E-20,0.17045,-0.245292,-0.000107458,0.923305,0,0,-0.701721,0,0,-1.3287,-2.40122,0,-0.522915,-0.899514,0
3266,9,-0.996563,1.01089,0.151405,-0.999382,0.00133057,0.0285265,-0.0204818,0.249522,-0.0366127,-0.17604,0.100899,1.13884,-0.299722,-0.0145928,-1.34772,2.33131,0.0109112,-1.35279,2.31461,0.021815,-1.16163,2.44129,0.00905624,-1.1855,2.44264,0.406727,-1.89667,1.73932,-0.401236,-1.8956,2.4003,-0.166425,-0.825446,0.000228905,0.17187,-0.237341,-6.22E-05,0.899708,0,0,-0.678475,0,0,-1.31884,-2.3517,0,-0.533105,-0.884555,0
3267,9,-0.996313,1.01085,0.151229,-0.999402,0.00127263,0.0279573,-0.0203304,0.249317,-0.0371987,-0.177089,0.101467,1.14276,-0.303581,-0.014182,-1.34962,2.33305,0.0105057,-1.35469,2.31702,0.0216478,-1.16246,2.44129,0.00922887,-1.18573,2.44264,0.414803,-1.90313,1.74072,-0.409606,-1.90307,2.41165,-0.167939,-0.82465,-1.94E-21,0.173376,-0.229376,-5.96E-05,0.875565,0,0,-0.654669,0,0,-1.3089,-2.30216,0,-0.543375,-0.870076,0
3268,9,-0.996064,1.01082,0.151051,-0.999421,0.00121439,0.0273861,-0.0201771,0.249077,-0.0377244,-0.17815,0.102121,1.14672,-0.307112,-0.0137635,-1.35153,2.33479,0.0100923,-1.35659,2.31944,0.021479,-1.16328,2.44129,0.00940308,-1.18596,2.44264,0.422136,-1.90946,1.74252,-0.417265,-1.9105,2.42279,-0.169715,-0.823333,0.000229368,0.175045,-0.221486,-2.53E-05,0.850919,0,0,-0.630344,0,0,-1.29887,-2.25266,0,-0.553732,-0.856075,0
3269,9,-0.995815,1.01078,0.150872,-0.999439,0.00115584,0.0268129,-0.0200221,0.248802,-0.0381887,-0.179221,0.102756,1.15073,-0.31034,-0.013338,-1.35344,2.33654,0.0096715,-1.35851,2.32186,0.0213084,-1.1641,2.44129,0.00957899,-1.18618,2.44264,0.428837,-1.9157,1.74475,-0.424331,-1.91786,2.43371,-0.171486,-0.821419,-6.64E-21,0.176785,-0.213612,-2.18E-05,0.825811,0,0,-0.605538,0,0,-1.28874,-2.20322,0,-0.564185,-0.842549,0
3270,9,-0.995566,1.01074,0.150693,-0.999458,0.00109696,0.0262377,-0.0198656,0.248492,-0.0385934,-0.180301,0.103459,1.15479,-0.313241,-0.0129062,-1.35536,2.33828,0.00924398,-1.36043,2.3243,0.0211359,-1.16492,2.44129,0.00975672,-1.18638,2.44264,0.434812,-1.92181,1.74739,-0.430703,-1.92518,2.4444,-0.173489,-0.818992,0.000226797,0.17866,-0.205819,2.62E-06,0.800282,0,0,-0.58029,0,0,-1.2785,-2.15388,0,-0.57474,-0.829496,0
3271,9,-0.995318,1.0107,0.150512,-0.999476,0.00103772,0.0256604,-0.0197077,0.248148,-0.038938,-0.18139,0.104136,1.15888,-0.315837,-0.0124687,-1.35728,2.34003,0.00881039,-1.36236,2.32675,0.0209614,-1.16574,2.44129,0.00993634,-1.18659,2.44264,0.440162,-1.92783,1.75045,-0.436485,-1.93244,2.45484,-0.175464,-0.815988,-1.40E-09,0.180584,-0.198071,1.28E-22,0.774373,0,0,-0.554639,0,0,-1.26815,-2.10467,0,-0.585403,-0.816913,0
3272,9,-0.99507,1.01066,0.15033,-0.999494,0.000978124,0.0250811,-0.0195485,0.247772,-0.0392244,-0.182487,0.104866,1.16301,-0.318104,-0.0120262,-1.35921,2.34178,0.00837135,-1.36429,2.32921,0.0207849,-1.16655,2.44129,0.0101179,-1.18678,2.44264,0.444804,-1.93373,1.7539,-0.441588,-1.93965,2.46505,-0.177639,-0.812482,0.00022253,0.18261,-0.190419,2.87E-05,0.748123,0,0,-0.528623,0,0,-1.25768,-2.05562,0,-0.59618,-0.804797,0
3273,9,-0.994823,1.01062,0.150147,-0.999511,0.000918158,0.0244998,-0.0193883,0.247363,-0.0394521,-0.183591,0.105558,1.16717,-0.320066,-0.0115794,-1.36115,2.34354,0.0079275,-1.36624,2.33168,0.0206062,-1.16736,2.44129,0.0103016,-1.18697,2.44264,0.448837,-1.93956,1.75778,-0.446114,-1.9468,2.47498,-0.179754,-0.808415,-7.68E-09,0.184662,-0.182828,-3.25E-21,0.721574,0,0,-0.502281,0,0,-1.24709,-2.00676,0,-0.607076,-0.793142,0
3274,9,-0.994575,1.01058,0.149963,-0.999529,0.000857819,0.0239163,-0.0192272,0.246922,-0.0396233,-0.184702,0.106286,1.17136,-0.3217,-0.0111289,-1.36309,2.3453,0.00747945,-1.36819,2.33416,0.0204253,-1.16817,2.44129,0.0104873,-1.18715,2.44264,0.452185,-1.94527,1.76204,-0.449979,-1.95392,2.48466,-0.182034,-0.80386,0.000217472,0.186771,-0.175356,5.75E-05,0.694765,0,0,-0.47565,0,0,-1.23637,-1.95814,0,-0.618094,-0.781945,0
3275,9,-0.994329,1.01054,0.149777,-0.999546,0.000797106,0.0233307,-0.0190653,0.24645,-0.0397377,-0.185819,0.106957,1.17557,-0.323028,-0.0106753,-1.36504,2.34706,0.00702782,-1.37014,2.33665,0.0202421,-1.16897,2.44129,0.0106751,-1.18732,2.44264,0.454946,-1.95091,1.76671,-0.453289,-1.96097,2.49406,-0.184219,-0.798761,-1.48E-08,0.188884,-0.167956,4.81E-21,0.667734,0,0,-0.448767,0,0,-1.22552,-1.90977,0,-0.629237,-0.771199,0
3276,9,-0.994082,1.0105,0.149591,-0.999562,0.000736027,0.022743,-0.0189028,0.245948,-0.0397976,-0.186941,0.107648,1.17981,-0.324029,-0.0102193,-1.367,2.34883,0.0065732,-1.37211,2.33915,0.0200568,-1.16977,2.44129,0.0108651,-1.18748,2.44264,0.457047,-1.95645,1.77177,-0.455958,-1.96799,2.50318,-0.186533,-0.793187,0.000211695,0.191008,-0.160696,8.94E-05,0.640521,0,0,-0.421669,0,0,-1.21453,-1.86169,0,-0.640507,-0.7609,0
3277,9,-0.993837,1.01046,0.149403,-0.999579,0.000674589,0.0221532,-0.0187399,0.245416,-0.0398028,-0.188066,0.108268,1.18407,-0.324725,-0.00976153,-1.36895,2.35061,0.00611617,-1.37408,2.34166,0.0198691,-1.17056,2.44129,0.0110571,-1.18764,2.44264,0.458584,-1.96192,1.77723,-0.45809,-1.97495,2.51201,-0.188722,-0.787079,-2.17E-08,0.193115,-0.15351,1.64E-21,0.613161,0,0,-0.394392,0,0,-1.20341,-1.81393,0,-0.651904,-0.75104,0
3278,9,-0.993592,1.01043,0.149215,-0.999595,0.000612807,0.0215613,-0.0185767,0.244856,-0.0397555,-0.189196,0.108887,1.18834,-0.325097,-0.00930249,-1.37092,2.35239,0.00565732,-1.37606,2.34417,0.0196793,-1.17134,2.44129,0.0112513,-1.18779,2.44264,0.459493,-1.9673,1.78306,-0.459609,-1.98187,2.52054,-0.190994,-0.780519,0.000195948,0.195183,-0.146491,0.000118784,0.585692,0,0,-0.36697,0,0,-1.19215,-1.76652,0,-0.663427,-0.741614,0
3279,9,-0.993347,1.01039,0.149025,-0.99961,0.000550701,0.0209672,-0.0184134,0.244268,-0.0396557,-0.190328,0.109416,1.19263,-0.325168,-0.00884281,-1.37289,2.35417,0.00519721,-1.37804,2.3467,0.0194872,-1.17212,2.44129,0.0114475,-1.18793,2.44264,0.459869,-1.97262,1.78929,-0.460619,-1.98874,2.52876,-0.193111,-0.773448,-2.89E-08,0.197212,-0.139552,1.30E-21,0.558149,0,0,-0.339439,0,0,-1.18076,-1.71949,0,-0.675076,-0.732614,0
3280,9,-0.993103,1.01035,0.148834,-0.999626,0.000488294,0.0203709,-0.0182501,0.243653,-0.0395059,-0.191463,0.109929,1.19693,-0.324917,-0.00838306,-1.37486,2.35597,0.00473638,-1.38004,2.34923,0.019293,-1.17289,2.44129,0.0116457,-1.18807,2.44264,0.459642,-1.97786,1.79589,-0.461037,-1.99557,2.53668,-0.195273,-0.765928,0.000172086,0.199158,-0.132792,0.0001422,0.530569,0,0,-0.311833,0,0,-1.16923,-1.67288,0,-0.686848,-0.724033,0
3281,9,-0.99286,1.01031,0.148642,-0.999641,0.000425614,0.0197725,-0.018087,0.243011,-0.0393059,-0.192599,0.110333,1.20123,-0.324369,-0.00792378,-1.37685,2.35777,0.00427537,-1.38204,2.35177,0.0190968,-1.17365,2.44129,0.0118458,-1.1882,2.44264,0.458916,-1.98305,1.80286,-0.460975,-2.00235,2.54428,-0.197249,-0.75794,-3.67E-08,0.201043,-0.126134,1.57E-20,0.502983,0,0,-0.284183,0,0,-1.15758,-1.62669,0,-0.698739,-0.715862,0
3282,9,-0.992617,1.01027,0.148449,-0.999655,0.000362694,0.019172,-0.0179243,0.242344,-0.0390584,-0.193735,0.110706,1.20555,-0.323504,-0.00746551,-1.37883,2.35957,0.00381471,-1.38404,2.35432,0.0188985,-1.1744,2.44129,0.0120477,-1.18832,2.44264,0.457616,-1.98816,1.8102,-0.460345,-2.00909,2.55156,-0.199232,-0.749501,0.000149162,0.202802,-0.119654,0.000164783,0.475427,0,0,-0.256522,0,0,-1.14581,-1.58098,0,-0.710745,-0.708095,0
3283,9,-0.992375,1.01023,0.148255,-0.99967,0.000299568,0.0185693,-0.017762,0.241652,-0.0387632,-0.194872,0.110958,1.20986,-0.322347,-0.00700878,-1.38082,2.36139,0.00335491,-1.38605,2.35688,0.0186984,-1.17515,2.44129,0.0122513,-1.18844,2.44264,0.455846,-1.99324,1.8179,-0.459261,-2.01578,2.55851,-0.201007,-0.740626,-4.28E-08,0.204483,-0.113293,-1.63E-20,0.447931,0,0,-0.228883,0,0,-1.13391,-1.53575,0,-0.722861,-0.700721,0
3284,9,-0.992134,1.01019,0.148059,-0.999684,0.000236279,0.0179644,-0.0176004,0.240935,-0.0384231,-0.196008,0.111163,1.21417,-0.32088,-0.00655409,-1.38282,2.36321,0.00289646,-1.38807,2.35944,0.0184965,-1.17589,2.44129,0.0124566,-1.18855,2.44264,0.453536,-1.99825,1.82595,-0.457638,-2.02244,2.56514,-0.20275,-0.731318,0.000126662,0.205997,-0.107122,0.000186839,0.420527,0,0,-0.201295,0,0,-1.1219,-1.49105,0,-0.735079,-0.693733,0
3285,9,-0.991893,1.01015,0.147863,-0.999697,0.000172868,0.0173574,-0.0174396,0.240196,-0.0380379,-0.197143,0.111234,1.21848,-0.319127,-0.00610193,-1.38482,2.36504,0.00243985,-1.3901,2.36201,0.018293,-1.17661,2.44129,0.0126633,-1.18865,2.44264,0.450785,-2.00323,1.83435,-0.455585,-2.02905,2.57142,-0.204267,-0.721594,-4.69E-08,0.207416,-0.101067,6.64E-21,0.393245,0,0,-0.173788,0,0,-1.10979,-1.44689,0,-0.747394,-0.68712,0
3286,9,-0.991653,1.01011,0.147665,-0.99971,0.000109382,0.0167482,-0.0172797,0.239434,-0.0376104,-0.198276,0.111244,1.22278,-0.317072,-0.00565277,-1.38682,2.36688,0.00198555,-1.39213,2.36458,0.018088,-1.17733,2.44129,0.0128713,-1.18875,2.44264,0.447527,-2.00815,1.84308,-0.453022,-2.03562,2.57737,-0.205714,-0.711462,9.95E-05,0.208636,-0.0952218,0.000199619,0.366116,0,0,-0.146391,0,0,-1.09758,-1.40331,0,-0.759796,-0.680874,0
3287,9,-0.991414,1.01008,0.147466,-0.999723,4.59E-05,0.0161368,-0.017121,0.23865,-0.0371406,-0.199407,0.111116,1.22706,-0.314737,-0.00520708,-1.38883,2.36872,0.00153401,-1.39417,2.36716,0.0178817,-1.17803,2.44129,0.0130805,-1.18884,2.44264,0.443853,-2.01305,1.85215,-0.450048,-2.04216,2.58297,-0.206924,-0.700949,-5.28E-08,0.20975,-0.089506,2.26E-20,0.339166,0,0,-0.119133,0,0,-1.08528,-1.36031,0,-0.772278,-0.674986,0
3288,9,-0.991176,1.01004,0.147266,-0.999736,-1.76E-05,0.0155233,-0.0169634,0.237846,-0.036631,-0.200534,0.110909,1.23135,-0.312112,-0.0047653,-1.39085,2.37058,0.00108569,-1.39622,2.36975,0.0176742,-1.17873,2.44129,0.0132907,-1.18893,2.44264,0.439711,-2.0179,1.86154,-0.4466,-2.04866,2.58824,-0.208028,-0.690034,7.49E-05,0.21063,-0.0839913,0.000210564,0.312425,0,0,-0.0920408,0,0,-1.0729,-1.31794,0,-0.784829,-0.669444,0
3289,9,-0.990939,1.01,0.147065,-0.999748,-8.10E-05,0.0149077,-0.0168072,0.237021,-0.0360821,-0.201658,0.110563,1.2356,-0.309214,-0.00432786,-1.39287,2.37245,0.000641011,-1.39827,2.37234,0.0174658,-1.17941,2.44129,0.0135017,-1.18901,2.44264,0.435174,-2.02273,1.87125,-0.442758,-2.05512,2.59315,-0.20889,-0.678772,-5.63E-08,0.211397,-0.0786195,6.34E-21,0.285918,0,0,-0.0651414,0,0,-1.06045,-1.27621,0,-0.797441,-0.664239,0
3290,9,-0.990702,1.00997,0.146863,-0.999759,-0.000144284,0.0142899,-0.0166526,0.236178,-0.035496,-0.202777,0.110125,1.23986,-0.306037,-0.00389517,-1.3949,2.37432,0.000200395,-1.40033,2.37493,0.0172565,-1.18009,2.4413,0.0137133,-1.18909,2.44264,0.430205,-2.02753,1.88126,-0.438473,-2.06155,2.59773,-0.209614,-0.667132,5.27E-05,0.211902,-0.0734542,0.000219902,0.259671,0,0,-0.0384606,0,0,-1.04795,-1.23515,0,-0.810101,-0.659361,0
3291,9,-0.990466,1.00993,0.146659,-0.99977,-0.000207354,0.01367,-0.0164996,0.235315,-0.0348734,-0.203893,0.109543,1.24408,-0.302597,-0.00346763,-1.39692,2.37621,-0.000235751,-1.40239,2.37753,0.0170467,-1.18075,2.4413,0.0139254,-1.18916,2.44264,0.42487,-2.03232,1.89157,-0.433818,-2.06794,2.60195,-0.210092,-0.655167,-5.71E-08,0.212285,-0.0684264,-4.86E-21,0.23371,0,0,-0.0120237,0,0,-1.03539,-1.19477,0,-0.8228,-0.654798,0
3292,9,-0.990232,1.0099,0.146455,-0.999781,-0.00027017,0.013048,-0.0163484,0.234435,-0.0342166,-0.205002,0.108869,1.24828,-0.298889,-0.00304563,-1.39896,2.37811,-0.000667031,-1.40446,2.38014,0.0168364,-1.1814,2.4413,0.0141378,-1.18922,2.44264,0.419127,-2.03708,1.90216,-0.428741,-2.07431,2.60583,-0.210409,-0.642859,3.22E-05,0.212395,-0.0636274,0.000227963,0.208058,0,0,0.0141451,0,0,-1.0228,-1.1551,0,-0.835526,-0.650542,0
3293,9,-0.989998,1.00986,0.146249,-0.999792,-0.00033267,0.0124239,-0.0161991,0.233539,-0.0335259,-0.206106,0.108046,1.25246,-0.294931,-0.00262955,-1.401,2.38001,-0.00109306,-1.40654,2.38274,0.016626,-1.18203,2.4413,0.0143502,-1.18928,2.44264,0.413047,-2.04185,1.91303,-0.423319,-2.08064,2.60936,-0.210477,-0.63025,-5.97E-08,0.212373,-0.0589584,-7.42E-21,0.182738,0,0,0.0400218,0,0,-1.01019,-1.11616,0,-0.848266,-0.64658,0
3294,10,-0.98977,1.00983,0.146045,-0.999802,-0.000398065,0.0117821,-0.0160517,0.220867,-0.0333732,-0.203116,0.119205,1.31905,-0.291006,-0.00161026,-1.40167,2.38184,-0.000835263,-1.40737,2.38522,0.0163158,-1.18265,2.4413,0.0144849,-1.18932,2.44264,1.62553,0.698104,1.74682,0.938915,0.415283,2.35369,-0.409889,-0.598566,8.37E-05,0.057102,-0.0173904,0.000105799,0.157773,12.0599,0,0.0655837,12.3923,0,-0.997559,-1.07797,0,-0.86101,-0.642903,0
