t,x,y,r,bh,bt,fh,ft,dx,dy,dr,dbh,dbt,dfh,dft,ubh,ubt,ufh,uft
0,0,0.205,0,-1.228203673,2.34,-1.228203673,2.34,0,0,0,0,0,0,0,0,0,0,0
0.001,-0.000279566,0.205117978,-0.00725262,-1.215,2.332599064,-1.228,2.341,-0.027078525,0.012461254,-0.680193578,0,0,0.612065453,0.550132122,0,0,0,0
0.002,-0.000559133,0.205235956,-0.014505239,-1.21,2.325198128,-1.2276,2.342,-0.054157049,0.024922508,-1.360387155,0,0,1.224130907,1.100264243,0,0,0,0
0.003,-0.000838699,0.205353934,-0.021757859,-1.205,2.317797191,-1.2272,2.343,-0.081235574,0.037383762,-2.040580733,0,0,1.83619636,1.650396365,0,0,0,0
0.004,-0.001118265,0.205471912,-0.029010479,-1.2,2.310396255,-1.2268,2.344,-0.108314099,0.049845016,-2.72077431,0,0,2.448261814,2.200528486,0,0,0,0
0.005,-0.001397831,0.20558989,-0.036263098,-1.195,2.302995319,-1.2264,2.345,-0.135392623,0.062306269,-3.400967888,0,0,3.060327267,2.750660608,0,0,0,0
0.006,-0.001677398,0.205707868,-0.043515718,-1.19,2.295594383,-1.226,2.346,-0.162471148,0.074767523,-4.081161466,0,0,3.672392721,3.300792729,0,0,0,0
0.007,-0.001956964,0.205825845,-0.050768338,-1.185,2.288193446,-1.2256,2.347,-0.189549673,0.087228777,-4.761355043,0,0,4.284458174,3.850924851,0,0,0,0
0.008,-0.00223653,0.205943823,-0.058020958,-1.18,2.28079251,-1.2252,2.348,-0.216628197,0.099690031,-5.441548621,0,0,4.896523628,4.401056972,0,0,0,0
0.009,-0.002516096,0.206061801,-0.065273577,-1.175,2.273391574,-1.2248,2.349,-0.243706722,0.112151285,-6.121742198,0,0,5.508589081,4.951189094,0,0,0,0
0.01,-0.002795663,0.206179779,-0.072526197,-1.17,2.265990638,-1.2244,2.35,-0.270785247,0.124612539,-6.801935776,0,0,6.120654535,5.501321215,0,0,0,0
0.011,-0.003075229,0.206297757,-0.079778817,-1.165,2.258589702,-1.224,2.351,-0.297863771,0.137073793,-7.482129353,0,0,6.732719988,6.051453337,0,0,0,0
0.012,-0.003354795,0.206415735,-0.087031436,-1.16,2.251188765,-1.2236,2.352,-0.324942296,0.149535047,-8.162322931,0,0,7.344785442,6.601585458,0,0,0,0
0.013,-0.003634361,0.206533713,-0.094284056,-1.155,2.243787829,-1.2232,2.353,-0.352020821,0.161996301,-8.842516509,0,0,7.956850895,7.15171758,0,0,0,0
0.014,-0.003913928,0.206651691,-0.101536676,-1.15,2.236386893,-1.2228,2.354,-0.379099345,0.174457555,-9.522710086,0,0,8.568916349,7.701849701,0,0,0,0
0.015,-0.004193494,0.206769669,-0.108789295,-1.145,2.228985957,-1.2224,2.355,-0.40617787,0.186918808,-10.20290366,0,0,9.180981802,8.251981823,0,0,0,0
0.016,-0.004573938,0.206974363,-0.117748801,-1.14,2.219388349,-1.222,2.356,-0.402787221,0.189147002,-10.04435869,0,0,9.245101666,8.061878504,0,0,0,0
0.017,-0.004954382,0.207179058,-0.126708307,-1.135,2.20979074,-1.2216,2.357,-0.399396572,0.191375195,-9.885813712,0,0,9.309221531,7.871775185,0,0,0,0
0.018,-0.005334826,0.207383753,-0.135667812,-1.13,2.200193132,-1.2212,2.358,-0.396005923,0.193603388,-9.727268736,0,0,9.373341395,7.681671866,0,0,0,0
0.019,-0.00571527,0.207588447,-0.144627318,-1.125,2.190595524,-1.2208,2.359,-0.392615274,0.195831581,-9.56872376,0,0,9.437461259,7.491568547,0,0,0,0
0.02,-0.006095714,0.207793142,-0.153586824,-1.12,2.180997916,-1.2204,2.36,-0.389224625,0.198059774,-9.410178784,0,0,9.501581124,7.301465229,0,0,0,0
0.021,-0.006476158,0.207997836,-0.162546329,-1.115,2.171400308,-1.22,2.361,-0.385833976,0.200287967,-9.251633808,0,0,9.565700988,7.11136191,0,0,0,0
0.022,-0.006856602,0.208202531,-0.171505835,-1.11,2.1618027,-1.2196,2.362,-0.382443327,0.202516161,-9.093088832,0,0,9.629820853,6.921258591,0,0,0,0
0.023,-0.007237046,0.208407226,-0.180465341,-1.105,2.152205092,-1.2192,2.363,-0.379052678,0.204744354,-8.934543856,0,0,9.693940717,6.731155272,0,0,0,0
0.024,-0.00761749,0.20861192,-0.189424846,-1.1,2.142607484,-1.2188,2.364,-0.375662029,0.206972547,-8.77599888,0,0,9.758060581,6.541051953,0,0,0,0
0.025,-0.007997934,0.208816615,-0.198384352,-1.095,2.133009875,-1.2184,2.365,-0.37227138,0.20920074,-8.617453904,0,0,9.822180446,6.350948635,0,0,0,0
0.026,-0.008378378,0.209021309,-0.207343858,-1.09,2.123412267,-1.218,2.366,-0.368880731,0.211428933,-8.458908928,0,0,9.88630031,6.160845316,0,0,0,0
0.027,-0.008758822,0.209226004,-0.216303363,-1.085,2.113814659,-1.2176,2.367,-0.365490082,0.213657126,-8.300363952,0,0,9.950420174,5.970741997,0,0,0,0
0.028,-0.009139267,0.209430699,-0.225262869,-1.08,2.104217051,-1.2172,2.368,-0.362099433,0.215885319,-8.141818976,0,0,10.01454004,5.780638678,0,0,0,0
0.029,-0.009519711,0.209635393,-0.234222375,-1.075,2.094619443,-1.2168,2.369,-0.358708784,0.218113513,-7.983274,0,0,10.0786599,5.590535359,0,0,0,0
0.03,-0.009900155,0.209840088,-0.243181881,-1.07,2.085021835,-1.2164,2.37,-0.355318135,0.220341706,-7.824729024,0,0,10.14277977,5.40043204,0,0,0,0
0.031,-0.010231408,0.210071083,-0.250043159,-1.065,2.077176041,-1.216,2.371,-0.352139618,0.221571073,-7.700447112,0,0,10.14708539,5.254026327,0,0,0,0
0.032,-0.010562661,0.210302078,-0.256904437,-1.06,2.077176041,-1.2156,2.372,-0.3489611,0.22280044,-7.5761652,0,0,10.15139101,5.107620614,0,0,0,0
0.033,-0.010893915,0.210533073,-0.263765715,-1.055,2.077176041,-1.2152,2.373,-0.345782583,0.224029807,-7.451883289,0,0,10.15569663,4.961214901,0,0,0,0
0.034,-0.011225168,0.210764068,-0.270626993,-1.05,2.077176041,-1.2148,2.374,-0.342604066,0.225259174,-7.327601377,0,0,10.16000225,4.814809188,0,0,0,0
0.035,-0.011556421,0.210995063,-0.277488272,-1.045,2.077176041,-1.2144,2.375,-0.339425549,0.22648854,-7.203319465,0,0,10.16430787,4.668403474,0,0,0,0
0.036,-0.011887675,0.211226058,-0.28434955,-1.04,2.077176041,-1.214,2.376,-0.336247031,0.227717907,-7.079037553,0,0,10.16861349,4.521997761,0,0,0,0
0.037,-0.012218928,0.211457053,-0.291210828,-1.035,2.077176041,-1.2136,2.377,-0.333068514,0.228947274,-6.954755642,0,0,10.17291911,4.375592048,0,0,0,0
0.038,-0.012550181,0.211688048,-0.298072106,-1.03,2.077176041,-1.2132,2.378,-0.329889997,0.230176641,-6.83047373,0,0,10.17722473,4.229186335,0,0,0,0
0.039,-0.012881435,0.211919043,-0.304933385,-1.025,2.077176041,-1.2128,2.379,-0.32671148,0.231406008,-6.706191818,0,0,10.18153035,4.082780622,0,0,0,0
0.04,-0.013212688,0.212150038,-0.311794663,-1.02,2.077176041,-1.2124,2.38,-0.323532962,0.232635375,-6.581909906,0,0,10.18583597,3.936374909,0,0,0,0
0.041,-0.013543941,0.212381033,-0.318655941,-1.015,2.077176041,-1.212,2.381,-0.320354445,0.233864742,-6.457627994,0,0,10.19014159,3.789969195,0,0,0,0
0.042,-0.013875195,0.212612027,-0.325517219,-1.01,2.077176041,-1.2116,2.382,-0.317175928,0.235094109,-6.333346083,0,0,10.19444721,3.643563482,0,0,0,0
0.043,-0.014206448,0.212843022,-0.332378498,-1.005,2.077176041,-1.2112,2.383,-0.31399741,0.236323476,-6.209064171,0,0,10.19875283,3.497157769,0,0,0,0
0.044,-0.014537702,0.213074017,-0.339239776,-1,2.077176041,-1.2108,2.384,-0.310818893,0.237552843,-6.084782259,0,0,10.20305845,3.350752056,0,0,0,0
0.045,-0.014868955,0.213305012,-0.346101054,-0.995,2.077176041,-1.2104,2.385,-0.307640376,0.23878221,-5.960500347,0,0,10.20736407,3.204346343,0,0,0,0
0.046,-0.015153518,0.213545891,-0.351265556,-0.99,2.077176041,-1.21,2.386,-0.30456896,0.238873411,-5.857172754,0,0,10.13653504,3.098201216,0,0,0,0
0.047,-0.015438081,0.21378677,-0.356430058,-0.985,2.077176041,-1.2096,2.387,-0.301497545,0.238964612,-5.75384516,0,0,10.06570601,2.99205609,0,0,0,0
0.048,-0.015722645,0.214027649,-0.36159456,-0.98,2.077176041,-1.2092,2.388,-0.298426129,0.239055813,-5.650517566,0,0,9.994876984,2.885910964,0,0,0,0
0.049,-0.016007208,0.214268528,-0.366759062,-0.975,2.077176041,-1.2088,2.389,-0.295354714,0.239147014,-5.547189972,0,0,9.924047954,2.779765838,0,0,0,0
0.05,-0.016291771,0.214509407,-0.371923564,-0.97,2.077176041,-1.2084,2.39,-0.292283298,0.239238215,-5.443862378,0,0,9.853218924,2.673620712,0,0,0,0
0.051,-0.016576335,0.214750286,-0.377088066,-0.965,2.077176041,-1.208,2.391,-0.289211882,0.239329416,-5.340534784,0,0,9.782389894,2.567475586,0,0,0,0
0.052,-0.016860898,0.214991165,-0.382252569,-0.96,2.077176041,-1.2076,2.392,-0.286140467,0.239420617,-5.23720719,0,0,9.711560864,2.461330459,0,0,0,0
0.053,-0.017145461,0.215232044,-0.387417071,-0.955,2.077176041,-1.2072,2.393,-0.283069051,0.239511818,-5.133879597,0,0,9.640731835,2.355185333,0,0,0,0
0.054,-0.017430025,0.215472923,-0.392581573,-0.95,2.077176041,-1.2068,2.394,-0.279997636,0.239603019,-5.030552003,0,0,9.569902805,2.249040207,0,0,0,0
0.055,-0.017714588,0.215713802,-0.397746075,-0.945,2.077176041,-1.2064,2.395,-0.27692622,0.23969422,-4.927224409,0,0,9.499073775,2.142895081,0,0,0,0
0.056,-0.017999151,0.215954681,-0.402910577,-0.94,2.077176041,-1.206,2.396,-0.273854804,0.239785421,-4.823896815,0,0,9.428244745,2.036749955,0,0,0,0
0.057,-0.018283715,0.21619556,-0.408075079,-0.935,2.077176041,-1.2056,2.397,-0.270783389,0.239876622,-4.720569221,0,0,9.357415715,1.930604828,0,0,0,0
0.058,-0.018568278,0.216436439,-0.413239581,-0.93,2.077176041,-1.2052,2.398,-0.267711973,0.239967823,-4.617241627,0,0,9.286586685,1.824459702,0,0,0,0
0.059,-0.018852841,0.216677318,-0.418404083,-0.925,2.077176041,-1.2048,2.399,-0.264640558,0.240059024,-4.513914033,0,0,9.215757656,1.718314576,0,0,0,0
0.06,-0.019137405,0.216918196,-0.423568585,-0.92,2.077176041,-1.2044,2.4,-0.261569142,0.240150225,-4.41058644,0,0,9.144928626,1.61216945,0,0,0,0
0.061,-0.01937609,0.217152286,-0.427301041,-0.915,2.077176041,-1.204,2.401,-0.258519701,0.239175002,-4.322414651,0,0,9.014101722,1.543115387,0,0,0,0
0.062,-0.019614775,0.217386376,-0.431033497,-0.91,2.077176041,-1.2036,2.402,-0.25547026,0.238199779,-4.234242862,0,0,8.883274818,1.474061324,0,0,0,0
0.063,-0.01985346,0.217620466,-0.434765952,-0.905,2.077176041,-1.2032,2.403,-0.252420819,0.237224557,-4.146071073,0,0,8.752447914,1.405007261,0,0,0,0
0.064,-0.020092145,0.217854555,-0.438498408,-0.9,2.077176041,-1.2028,2.404,-0.249371378,0.236249334,-4.057899284,0,0,8.62162101,1.335953199,0,0,0,0
0.065,-0.020330831,0.218088645,-0.442230864,-0.895,2.077176041,-1.2024,2.405,-0.246321937,0.235274111,-3.969727495,0,0,8.490794107,1.266899136,0,0,0,0
0.066,-0.020569516,0.218322735,-0.44596332,-0.89,2.077176041,-1.202,2.406,-0.243272496,0.234298889,-3.881555706,0,0,8.359967203,1.197845073,0,0,0,0
0.067,-0.020808201,0.218556824,-0.449695775,-0.885,2.077176041,-1.2016,2.407,-0.240223055,0.233323666,-3.793383918,0,0,8.229140299,1.12879101,0,0,0,0
0.068,-0.021046886,0.218790914,-0.453428231,-0.88,2.077176041,-1.2012,2.408,-0.237173614,0.232348443,-3.705212129,0,0,8.098313395,1.059736947,0,0,0,0
0.069,-0.021285571,0.219025004,-0.457160687,-0.875,2.077176041,-1.2008,2.409,-0.234124173,0.231373221,-3.61704034,0,0,7.967486491,0.990682885,0,0,0,0
0.07,-0.021524257,0.219259094,-0.460893143,-0.87,2.077176041,-1.2004,2.41,-0.231074732,0.230397998,-3.528868551,0,0,7.836659587,0.921628822,0,0,0,0
0.071,-0.021762942,0.219493183,-0.464625599,-0.865,2.077176041,-1.2,2.411,-0.228025291,0.229422775,-3.440696762,0,0,7.705832683,0.852574759,0,0,0,0
0.072,-0.022001627,0.219727273,-0.468358054,-0.86,2.077176041,-1.1996,2.412,-0.22497585,0.228447553,-3.352524973,0,0,7.57500578,0.783520696,0,0,0,0
0.073,-0.022240312,0.219961363,-0.47209051,-0.855,2.077176041,-1.1992,2.413,-0.221926409,0.22747233,-3.264353184,0,0,7.444178876,0.714466633,0,0,0,0
0.074,-0.022478997,0.220195452,-0.475822966,-0.85,2.077176041,-1.1988,2.414,-0.218876968,0.226497107,-3.176181396,0,0,7.313351972,0.645412571,0,0,0,0
0.075,-0.022717682,0.220429542,-0.479555422,-0.845,2.077176041,-1.1984,2.415,-0.215827527,0.225521885,-3.088009607,0,0,7.182525068,0.576358508,0,0,0,0
0.076,-0.022911014,0.220641698,-0.482066714,-0.84,2.077176041,-1.198,2.416,-0.212850402,0.223586946,-3.013382764,0,0,7.026517102,0.537930152,0,0,0,0
0.077,-0.023104346,0.220853854,-0.484578006,-0.835,2.077176041,-1.1976,2.417,-0.209873277,0.221652007,-2.938755922,0,0,6.870509136,0.499501796,0,0,0,0
0.078,-0.023297678,0.221066009,-0.487089299,-0.83,2.077176041,-1.1972,2.418,-0.206896152,0.219717068,-2.864129079,0,0,6.71450117,0.46107344,0,0,0,0
0.079,-0.023491009,0.221278165,-0.489600591,-0.825,2.077176041,-1.1968,2.419,-0.203919027,0.217782129,-2.789502236,0,0,6.558493203,0.422645084,0,0,0,0
0.08,-0.023684341,0.221490321,-0.492111883,-0.82,2.077176041,-1.1964,2.42,-0.200941902,0.21584719,-2.714875394,0,0,6.402485237,0.384216728,0,0,0,0
0.081,-0.023877673,0.221702477,-0.494623176,-0.815,2.077176041,-1.196,2.421,-0.197964777,0.213912251,-2.640248551,0,0,6.246477271,0.345788372,0,0,0,0
0.082,-0.024071005,0.221914633,-0.497134468,-0.81,2.077176041,-1.1956,2.422,-0.194987653,0.211977312,-2.565621709,0,0,6.090469305,0.307360015,0,0,0,0
0.083,-0.024264336,0.222126788,-0.49964576,-0.805,2.077176041,-1.1952,2.423,-0.192010528,0.210042373,-2.490994866,0,0,5.934461339,0.268931659,0,0,0,0
0.084,-0.024457668,0.222338944,-0.502157053,-0.8,2.077176041,-1.1948,2.424,-0.189033403,0.208107434,-2.416368024,0,0,5.778453372,0.230503303,0,0,0,0
0.085,-0.024651,0.2225511,-0.504668345,-0.795,2.077176041,-1.1944,2.425,-0.186056278,0.206172495,-2.341741181,0,0,5.622445406,0.192074947,0,0,0,0
0.086,-0.024844332,0.222763256,-0.507179637,-0.79,2.077176041,-1.194,2.426,-0.183079153,0.204237556,-2.267114338,0,0,5.46643744,0.153646591,0,0,0,0
0.087,-0.025037663,0.222975411,-0.50969093,-0.785,2.077176041,-1.1936,2.427,-0.180102028,0.202302617,-2.192487496,0,0,5.310429474,0.115218235,0,0,0,0
0.088,-0.025230995,0.223187567,-0.512202222,-0.78,2.077176041,-1.1932,2.428,-0.177124903,0.200367678,-2.117860653,0,0,5.154421508,0.076789879,0,0,0,0
0.089,-0.025424327,0.223399723,-0.514713514,-0.775,2.077176041,-1.1928,2.429,-0.174147778,0.198432739,-2.043233811,0,0,4.998413541,0.038361523,0,0,0,0
0.09,-0.025617659,0.223611879,-0.517224807,-0.77,2.077176041,-1.1924,2.43,-0.171170653,0.1964978,-1.968606968,0,0,4.842405575,-6.68E-05,0,0,0,0
0.091,-0.025767734,0.223788138,-0.518723099,-0.765,2.077176041,-1.192,2.431,-0.168406595,0.193646778,-1.908453767,0,0,4.696055629,-0.015735582,0,0,0,0
0.092,-0.025917809,0.223964398,-0.520221392,-0.76,2.077176041,-1.1916,2.432,-0.165642537,0.190795757,-1.848300565,0,0,4.549705684,-0.031404331,0,0,0,0
0.093,-0.026067884,0.224140658,-0.521719684,-0.755,2.077176041,-1.1912,2.433,-0.16287848,0.187944735,-1.788147364,0,0,4.403355738,-0.04707308,0,0,0,0
0.094,-0.026217959,0.224316917,-0.523217977,-0.75,2.077176041,-1.1908,2.434,-0.160114422,0.185093714,-1.727994162,0,0,4.257005793,-0.062741828,0,0,0,0
0.095,-0.026368034,0.224493177,-0.524716269,-0.745,2.077176041,-1.1904,2.435,-0.157350364,0.182242692,-1.667840961,0,0,4.110655847,-0.078410577,0,0,0,0
0.096,-0.026518109,0.224669437,-0.526214562,-0.74,2.077176041,-1.19,2.436,-0.154586307,0.179391671,-1.607687759,0,0,3.964305901,-0.094079326,0,0,0,0
0.097,-0.026668184,0.224845696,-0.527712854,-0.735,2.077176041,-1.1896,2.437,-0.151822249,0.176540649,-1.547534558,0,0,3.817955956,-0.109748075,0,0,0,0
0.098,-0.02681826,0.225021956,-0.529211146,-0.73,2.077176041,-1.1892,2.438,-0.149058191,0.173689628,-1.487381356,0,0,3.67160601,-0.125416824,0,0,0,0
0.099,-0.026968335,0.225198216,-0.530709439,-0.725,2.077176041,-1.1888,2.439,-0.146294134,0.170838606,-1.427228155,3.106846297,-2.402906207,3.525256064,-0.141085573,-3.712101641,-7.128197524,-4.454230197,0
0.1,-0.02711841,0.225374475,-0.532207731,-0.72,2.077176041,-1.1884,2.44,-0.143530076,0.167987585,-1.367074953,3.016359968,-2.328565144,3.378906119,-0.156754321,-3.724286054,-7.127497347,-4.396024426,0
0.101,-0.027268485,0.225550735,-0.533706024,-0.715,2.077176041,-1.188,2.441,-0.140766018,0.165136563,-1.306921752,2.92587364,-2.254224081,3.232556173,-0.17242307,-3.736470466,-7.126797169,-4.337818655,0
0.102,-0.02741856,0.225726995,-0.535204316,-0.71,2.077176041,-1.1876,2.442,-0.138001961,0.162285542,-1.24676855,2.835387311,-2.179883019,3.086206228,-0.188091819,-3.748654879,-7.126096992,-4.279612884,0
0.103,-0.027568635,0.225903254,-0.536702609,-0.705,2.077176041,-1.1872,2.443,-0.135237903,0.15943452,-1.186615349,2.744900982,-2.105541956,2.939856282,-0.203760568,-3.760839292,-7.125396814,-4.221407113,0
0.104,-0.02771871,0.226079514,-0.538200901,-0.7,2.077176041,-1.1868,2.444,-0.132473845,0.156583499,-1.126462148,2.654414654,-2.031200893,2.793506336,-0.219429317,-3.773023705,-7.124696637,-4.163201342,0
0.105,-0.027868786,0.226255774,-0.539699194,-0.695,2.077176041,-1.1864,2.445,-0.129709788,0.153732477,-1.066308946,2.563928325,-1.95685983,2.647156391,-0.235098066,-3.785208118,-7.12399646,-4.104995571,0
0.106,-0.027979976,0.226382689,-0.540415724,-0.69,2.077176041,-1.186,2.446,-0.127314854,0.150023432,-1.02259637,2.492545022,-1.891859704,2.533976295,-0.234645202,-3.782697411,-7.125291196,-4.036710575,0
0.107,-0.028091166,0.226509605,-0.541132254,-0.685,2.077176041,-1.1856,2.447,-0.12491992,0.146314386,-0.978883794,2.421161718,-1.826859579,2.420796199,-0.234192339,-3.780186704,-7.126585932,-3.96842558,0
0.108,-0.028202356,0.22663652,-0.541848784,-0.68,2.077176041,-1.1852,2.448,-0.122524986,0.142605341,-0.935171217,2.349778415,-1.761859453,2.307616103,-0.233739475,-3.777675997,-7.127880669,-3.900140585,0
0.109,-0.028313546,0.226763435,-0.542565314,-0.675,2.077176041,-1.1848,2.449,-0.120130053,0.138896295,-0.891458641,2.278395112,-1.696859327,2.194436007,-0.233286612,-3.77516529,-7.129175405,-3.83185559,0
0.11,-0.028424737,0.226890351,-0.543281844,-0.67,2.077176041,-1.1844,2.45,-0.117735119,0.13518725,-0.847746065,2.207011808,-1.631859201,2.081255911,-0.232833748,-3.772654583,-7.130470141,-3.763570595,0
0.111,-0.028535927,0.227017266,-0.543998374,-0.665,2.077176041,-1.184,2.451,-0.115340185,0.131478205,-0.804033489,2.135628505,-1.566859076,1.968075815,-0.232380885,-3.770143876,-7.131764878,-3.6952856,0
0.112,-0.028647117,0.227144181,-0.544714904,-0.66,2.077176041,-1.1836,2.452,-0.112945252,0.127769159,-0.760320912,2.064245202,-1.50185895,1.854895719,-0.231928021,-3.767633169,-7.133059614,-3.627000605,0
0.113,-0.028758307,0.227271097,-0.545431434,-0.655,2.077176041,-1.1832,2.453,-0.110550318,0.124060114,-0.716608336,1.992861898,-1.436858824,1.741715623,-0.231475158,-3.765122462,-7.13435435,-3.55871561,0
0.114,-0.028869498,0.227398012,-0.546147964,-0.65,2.077176041,-1.1828,2.454,-0.108155384,0.120351068,-0.67289576,1.921478595,-1.371858698,1.628535527,-0.231022294,-3.762611755,-7.135649087,-3.490430615,0
0.115,-0.028980688,0.227524927,-0.546864494,-0.645,2.077176041,-1.1824,2.455,-0.10576045,0.116642023,-0.629183184,1.850095291,-1.306858573,1.515355432,-0.23056943,-3.760101048,-7.136943823,-3.42214562,0
0.116,-0.029091878,0.227651843,-0.547581024,-0.64,2.077176041,-1.182,2.456,-0.103365517,0.112932978,-0.585470607,1.778711988,-1.241858447,1.402175336,-0.230116567,-3.757590341,-7.138238559,-3.353860625,0
0.117,-0.029203068,0.227778758,-0.548297554,-0.635,2.077176041,-1.1816,2.457,-0.100970583,0.109223932,-0.541758031,1.707328685,-1.176858321,1.28899524,-0.229663703,-3.755079634,-7.139533296,-3.28557563,0
0.118,-0.029314259,0.227905674,-0.549014084,-0.63,2.077176041,-1.1812,2.458,-0.098575649,0.105514887,-0.498045455,1.635945381,-1.111858195,1.175815144,-0.22921084,-3.752568927,-7.140828032,-3.217290635,0
0.119,-0.029425449,0.228032589,-0.549730614,-0.625,2.077176041,-1.1808,2.459,-0.096180715,0.101805841,-0.454332879,1.564562078,-1.04685807,1.062635048,-0.228757976,-3.75005822,-7.142122768,-3.14900564,0
0.12,-0.029536639,0.228159504,-0.550447144,-0.62,2.077176041,-1.1804,2.46,-0.093785782,0.098096796,-0.410620302,1.493178774,-0.981857944,0.949454952,-0.228305113,-3.747547513,-7.143417505,-3.080720645,0
0.121,-0.029617143,0.228229296,-0.550671759,-0.615,2.077176041,-1.18,2.461,-0.092215315,0.094490321,-0.390888489,1.45320353,-0.939884558,0.895442006,-0.217675696,-3.618986003,-7.220166822,-3.02566175,0
0.122,-0.029697647,0.228299087,-0.550896374,-0.61,2.077176041,-1.1796,2.462,-0.090644849,0.090883847,-0.371156675,1.413228285,-0.897911172,0.84142906,-0.207046279,-3.490424492,-7.296916139,-2.970602855,0
0.123,-0.02977815,0.228368878,-0.551120989,-0.605,2.077176041,-1.1792,2.463,-0.089074383,0.087277373,-0.351424862,1.37325304,-0.855937786,0.787416114,-0.196416863,-3.361862981,-7.373665457,-2.915543961,0
0.124,-0.029858654,0.228438669,-0.551345604,-0.6,2.077176041,-1.1788,2.464,-0.087503916,0.083670898,-0.331693048,1.333277796,-0.8139644,0.733403168,-0.185787446,-3.233301471,-7.450414774,-2.860485066,0
0.125,-0.029939158,0.22850846,-0.551570219,-0.595,2.077176041,-1.1784,2.465,-0.08593345,0.080064424,-0.311961235,1.293302551,-0.771991015,0.679390222,-0.175158029,-3.10473996,-7.527164091,-2.805426171,0
0.126,-0.030019662,0.228578252,-0.551794834,-0.59,2.077176041,-1.178,2.466,-0.084362983,0.076457949,-0.292229421,1.253327306,-0.730017629,0.625377276,-0.164528613,-2.976178449,-7.603913409,-2.750367276,0
0.127,-0.030100166,0.228648043,-0.552019449,-0.585,2.077176041,-1.1776,2.467,-0.082792517,0.072851475,-0.272497608,1.213352062,-0.688044243,0.57136433,-0.153899196,-2.847616938,-7.680662726,-2.695308381,0
0.128,-0.030180669,0.228717834,-0.552244064,-0.58,2.077176041,-1.1772,2.468,-0.081222051,0.069245001,-0.252765794,1.173376817,-0.646070857,0.517351384,-0.143269779,-2.719055428,-7.757412043,-2.640249486,0
0.129,-0.030261173,0.228787625,-0.552468679,-0.575,2.077176041,-1.1768,2.469,-0.079651584,0.065638526,-0.23303398,1.133401572,-0.604097471,0.463338438,-0.132640363,-2.590493917,-7.834161361,-2.585190591,0
0.13,-0.030341677,0.228857416,-0.552693294,-0.57,2.077176041,-1.1764,2.47,-0.078081118,0.062032052,-0.213302167,1.093426328,-0.562124085,0.409325492,-0.122010946,-2.461932406,-7.910910678,-2.530131696,0
0.131,-0.030422181,0.228927208,-0.552917909,-0.565,2.077176041,-1.176,2.471,-0.076510652,0.058425578,-0.193570353,1.053451083,-0.5201507,0.355312546,-0.111381529,-2.333370896,-7.987659995,-2.475072801,0
0.132,-0.030502685,0.228996999,-0.553142524,-0.56,2.077176041,-1.1756,2.472,-0.074940185,0.054819103,-0.17383854,1.013475838,-0.478177314,0.3012996,-0.100752113,-2.204809385,-8.064409313,-2.420013906,0
0.133,-0.030583188,0.22906679,-0.553367139,-0.555,2.077176041,-1.1752,2.473,-0.073369719,0.051212629,-0.154106726,0.973500594,-0.436203928,0.247286654,-0.090122696,-2.076247874,-8.14115863,-2.364955011,0
0.134,-0.030663692,0.229136581,-0.553591754,-0.55,2.077176041,-1.1748,2.474,-0.071799253,0.047606154,-0.134374913,0.933525349,-0.394230542,0.193273708,-0.079493279,-1.947686363,-8.217907947,-2.309896117,0
0.135,-0.030744196,0.229206372,-0.55381637,-0.545,2.077176041,-1.1744,2.475,-0.070228786,0.04399968,-0.114643099,0.893550104,-0.352257156,0.139260761,-0.068863863,-1.819124853,-8.294657265,-2.254837222,0
0.136,-0.030807654,0.229227963,-0.553904171,-0.54,2.077176041,-1.174,2.476,-0.069359175,0.041069712,-0.111537284,0.877557809,-0.330358658,0.127440646,-0.055091836,-1.79492223,-8.31046303,-2.255832215,0
0.137,-0.030871112,0.229249554,-0.553991972,-0.535,2.077176041,-1.1736,2.477,-0.068489564,0.038139745,-0.108431468,0.861565514,-0.308460161,0.11562053,-0.041319809,-1.770719606,-8.326268796,-2.256827209,0
0.138,-0.03093457,0.229271145,-0.554079774,-0.53,2.077176041,-1.1732,2.478,-0.067619953,0.035209777,-0.105325652,0.845573219,-0.286561663,0.103800415,-0.027547782,-1.746516983,-8.342074561,-2.257822203,0
0.139,-0.030998029,0.229292735,-0.554167575,-0.525,2.077176041,-1.1728,2.479,-0.066750342,0.032279809,-0.102219837,0.829580923,-0.264663165,0.091980299,-0.013775755,-1.72231436,-8.357880327,-2.258817197,0
0.14,-0.031061487,0.229314326,-0.554255376,-0.52,2.077176041,-1.1724,2.48,-0.065880731,0.029349842,-0.099114021,0.813588628,-0.242764668,0.080160184,-3.73E-06,-1.698111737,-8.373686092,-2.25981219,0
0.141,-0.031124945,0.229335917,-0.554343178,-0.515,2.077176041,-1.172,2.481,-0.065011119,0.026419874,-0.096008205,0.797596333,-0.22086617,0.068340068,0.013768299,-1.673909114,-8.389491858,-2.260807184,0
0.142,-0.031188403,0.229357508,-0.554430979,-0.51,2.077176041,-1.1716,2.482,-0.064141508,0.023489906,-0.09290239,0.781604038,-0.198967672,0.056519953,0.027540326,-1.649706491,-8.405297624,-2.261802178,0
0.143,-0.031251861,0.229379098,-0.55451878,-0.505,2.077176041,-1.1712,2.483,-0.063271897,0.020559939,-0.089796574,0.765611742,-0.177069174,0.044699837,0.041312353,-1.625503868,-8.421103389,-2.262797172,0
0.144,-0.031315319,0.229400689,-0.554606582,-0.5,2.077176041,-1.1708,2.484,-0.062402286,0.017629971,-0.086690759,0.749619447,-0.155170677,0.032879721,0.05508438,-1.601301245,-8.436909155,-2.263792165,0
0.145,-0.031378777,0.22942228,-0.554694383,-0.495,2.077176041,-1.1704,2.485,-0.061532675,0.014700003,-0.083584943,0.733627152,-0.133272179,0.021059606,0.068856407,-1.577098622,-8.45271492,-2.264787159,0
0.146,-0.031442236,0.229443871,-0.554782185,-0.49,2.077176041,-1.17,2.486,-0.060663064,0.011770036,-0.080479127,0.717634857,-0.111373681,0.00923949,0.082628434,-1.552895998,-8.468520686,-2.265782153,0
0.147,-0.031505694,0.229465461,-0.554869986,-0.485,2.077176041,-1.1696,2.487,-0.059793453,0.008840068,-0.077373312,0.701642562,-0.089475183,-0.002580625,0.096400461,-1.528693375,-8.484326451,-2.266777147,0
0.148,-0.031569152,0.229487052,-0.554957787,-0.48,2.077176041,-1.1692,2.488,-0.058923842,0.0059101,-0.074267496,0.685650266,-0.067576686,-0.014400741,0.110172488,-1.504490752,-8.500132217,-2.26777214,0
0.149,-0.03163261,0.229508643,-0.555045589,-0.475,2.077176041,-1.1688,2.489,-0.05805423,0.002980133,-0.071161681,0.669657971,-0.045678188,-0.026220856,0.123944514,-1.480288129,-8.515937982,-2.268767134,0
0.15,-0.031696068,0.229530234,-0.55513339,-0.47,2.077176041,-1.1684,2.49,-0.057184619,5.02E-05,-0.068055865,0.653665676,-0.02377969,-0.038040972,0.137716541,-1.456085506,-8.531743748,-2.269762128,0
0.151,-0.031747485,0.229510253,-0.555183035,-0.465,2.077176041,-1.168,2.491,-0.056416038,-0.002577813,-0.065217027,0.639608647,-0.004105904,-0.048715748,0.150017869,-1.452269166,-8.539609263,-2.281439446,0
0.152,-0.031798901,0.229490273,-0.555232681,-0.46,2.077176041,-1.1676,2.492,-0.055647456,-0.005205791,-0.062378189,0.625551618,0.015567883,-0.059390523,0.162319196,-1.448452825,-8.547474778,-2.293116763,0
0.153,-0.031850317,0.229470292,-0.555282326,-0.455,2.077176041,-1.1672,2.493,-0.054878875,-0.007833769,-0.05953935,0.61149459,0.035241669,-0.070065299,0.174620523,-1.444636485,-8.555340294,-2.304794081,0
0.154,-0.031901734,0.229450312,-0.555331971,-0.45,2.077176041,-1.1668,2.494,-0.054110294,-0.010461747,-0.056700512,0.597437561,0.054915456,-0.080740075,0.18692185,-1.440820145,-8.563205809,-2.316471399,0
0.155,-0.03195315,0.229430331,-0.555381617,-0.445,2.077176041,-1.1664,2.495,-0.053341712,-0.013089726,-0.053861674,0.583380532,0.074589242,-0.091414851,0.199223178,-1.437003804,-8.571071324,-2.328148717,0
0.156,-0.032004566,0.229410351,-0.555431262,-0.44,2.077176041,-1.166,2.496,-0.052573131,-0.015717704,-0.051022836,0.569323504,0.094263029,-0.102089626,0.211524505,-1.433187464,-8.578936839,-2.339826035,0
0.157,-0.032055982,0.22939037,-0.555480907,-0.435,2.077176041,-1.1656,2.497,-0.051804549,-0.018345682,-0.048183998,0.555266475,0.113936815,-0.112764402,0.223825832,-1.429371124,-8.586802354,-2.351503352,0
0.158,-0.032107399,0.22937039,-0.555530553,-0.43,2.077176041,-1.1652,2.498,-0.051035968,-0.02097366,-0.04534516,0.541209446,0.133610602,-0.123439178,0.23612716,-1.425554783,-8.594667869,-2.36318067,0
0.159,-0.032158815,0.229350409,-0.555580198,-0.425,2.077176041,-1.1648,2.499,-0.050267386,-0.023601638,-0.042506321,0.527152418,0.153284388,-0.134113954,0.248428487,-1.421738443,-8.602533385,-2.374857988,0
0.16,-0.032210231,0.229330429,-0.555629843,-0.42,2.077176041,-1.1644,2.5,-0.049498805,-0.026229616,-0.039667483,0.513095389,0.172958175,-0.14478873,0.260729814,-1.417922103,-8.6103989,-2.386535306,0
0.161,-0.032261648,0.229310448,-0.555679489,-0.415,2.077176041,-1.164,2.501,-0.048730224,-0.028857594,-0.036828645,0.49903836,0.192631961,-0.155463505,0.273031141,-1.414105763,-8.618264415,-2.398212623,0
0.162,-0.032313064,0.229290468,-0.555729134,-0.41,2.077176041,-1.1636,2.502,-0.047961642,-0.031485572,-0.033989807,0.484981331,0.212305747,-0.166138281,0.285332469,-1.410289422,-8.62612993,-2.409889941,0
0.163,-0.03236448,0.229270488,-0.555778779,-0.405,2.077176041,-1.1632,2.503,-0.047193061,-0.03411355,-0.031150969,0.470924303,0.231979534,-0.176813057,0.297633796,-1.406473082,-8.633995445,-2.421567259,0
0.164,-0.032415897,0.229250507,-0.555828425,-0.4,2.077176041,-1.1628,2.504,-0.046424479,-0.036741529,-0.028312131,0.456867274,0.25165332,-0.187487833,0.309935123,-1.402656742,-8.64186096,-2.433244577,0
0.165,-0.032467313,0.229230527,-0.55587807,-0.395,2.077176041,-1.1624,2.505,-0.045655898,-0.039369507,-0.025473292,0.442810245,0.271327107,-0.198162608,0.32223645,-1.398840401,-8.649726476,-2.444921894,0
0.166,-0.032507344,0.229173181,-0.555871517,-0.39,2.077176041,-1.162,2.506,-0.044914514,-0.041714794,-0.021063537,0.42832285,0.290499406,-0.212492674,0.332467228,-1.390980025,-8.664373755,-2.453272325,0
0.167,-0.032547376,0.229115836,-0.555864964,-0.385,2.077176041,-1.1616,2.507,-0.044173129,-0.044060081,-0.016653782,0.413835454,0.309671705,-0.22682274,0.342698006,-1.383119648,-8.679021034,-2.461622755,0
0.168,-0.032587407,0.229058491,-0.55585841,-0.38,2.077176041,-1.1612,2.508,-0.043431745,-0.046405368,-0.012244027,0.399348059,0.328844003,-0.241152806,0.352928783,-1.375259272,-8.693668313,-2.469973185,0
0.169,-0.032627439,0.229001146,-0.555851857,-0.375,2.077176041,-1.1608,2.509,-0.042690361,-0.048750655,-0.007834272,0.384860664,0.348016302,-0.255482872,0.363159561,-1.367398895,-8.708315592,-2.478323615,0
0.17,-0.032667471,0.228943801,-0.555845304,-0.37,2.077176041,-1.1604,2.51,-0.041948977,-0.051095942,-0.003424517,0.370373268,0.367188601,-0.269812938,0.373390339,-1.359538518,-8.722962871,-2.486674045,0
0.171,-0.032707502,0.228886456,-0.55583875,-0.365,2.077176041,-1.16,2.511,-0.041207593,-0.053441229,0.000985239,0.355885873,0.3863609,-0.284143004,0.383621116,-1.351678142,-8.73761015,-2.495024476,0
0.172,-0.032747534,0.228829111,-0.555832197,-0.36,2.077176041,-1.1596,2.512,-0.040466209,-0.055786516,0.005394994,0.341398477,0.405533198,-0.29847307,0.393851894,-1.343817765,-8.752257429,-2.503374906,0
0.173,-0.032787565,0.228771765,-0.555825644,-0.355,2.077176041,-1.1592,2.513,-0.039724824,-0.058131803,0.009804749,0.326911082,0.424705497,-0.312803136,0.404082672,-1.335957389,-8.766904708,-2.511725336,0
0.174,-0.032827597,0.22871442,-0.55581909,-0.35,2.077176041,-1.1588,2.514,-0.03898344,-0.06047709,0.014214504,0.312423686,0.443877796,-0.327133201,0.414313449,-1.328097012,-8.781551988,-2.520075766,0
0.175,-0.032867628,0.228657075,-0.555812537,-0.345,2.077176041,-1.1584,2.515,-0.038242056,-0.062822377,0.018624259,0.297936291,0.463050095,-0.341463267,0.424544227,-1.320236635,-8.796199267,-2.528426196,0
0.176,-0.03290766,0.22859973,-0.555805984,-0.34,2.077176041,-1.158,2.516,-0.037500672,-0.065167664,0.023034015,0.283448895,0.482222394,-0.355793333,0.434775005,-1.312376259,-8.810846546,-2.536776627,0
0.177,-0.032947691,0.228542385,-0.55579943,-0.335,2.077176041,-1.1576,2.517,-0.036759288,-0.067512951,0.02744377,0.2689615,0.501394692,-0.370123399,0.445005782,-1.304515882,-8.825493825,-2.545127057,0
0.178,-0.032987723,0.22848504,-0.555792877,-0.33,2.077176041,-1.1572,2.518,-0.036017903,-0.069858238,0.031853525,0.254474104,0.520566991,-0.384453465,0.45523656,-1.296655506,-8.840141104,-2.553477487,0
0.179,-0.033027754,0.228427695,-0.555786324,-0.325,2.077176041,-1.1568,2.519,-0.035276519,-0.072203525,0.03626328,0.239986709,0.53973929,-0.398783531,0.465467338,-1.288795129,-8.854788383,-2.561827917,0
0.18,-0.033067786,0.22837035,-0.55577977,-0.32,2.077176041,-1.1564,2.52,-0.034535135,-0.074548811,0.040673035,0.225499313,0.558911589,-0.413113597,0.475698116,-1.280934752,-8.869435662,-2.570178347,0
0.181,-0.03309721,0.228280251,-0.555704515,-0.315,2.077176041,-1.156,2.521,-0.033870871,-0.076563233,0.045175349,0.212584339,0.575770145,-0.427586185,0.484190702,-1.269086698,-8.89058698,-2.574872893,0
0.182,-0.033126635,0.228190153,-0.555629259,-0.31,2.077176041,-1.1556,2.522,-0.033206607,-0.078577655,0.049677662,0.199669364,0.5926287,-0.442058772,0.492683289,-1.257238643,-8.911738299,-2.579567439,0
0.183,-0.033156059,0.228100055,-0.555554004,-0.305,2.077176041,-1.1552,2.523,-0.032542344,-0.080592077,0.054179975,0.186754389,0.609487256,-0.45653136,0.501175876,-1.245390589,-8.932889617,-2.584261985,0
0.184,-0.033185483,0.228009956,-0.555478748,-0.3,2.077176041,-1.1548,2.524,-0.03187808,-0.082606498,0.058682289,0.173839415,0.626345812,-0.471003947,0.509668463,-1.233542534,-8.954040935,-2.588956532,0
0.185,-0.033214908,0.227919858,-0.555403492,-0.295,2.077176041,-1.1544,2.525,-0.031213816,-0.08462092,0.063184602,0.16092444,0.643204368,-0.485476535,0.51816105,-1.221694479,-8.975192254,-2.593651078,0
0.186,-0.033244332,0.22782976,-0.555328237,-0.29,2.077176041,-1.154,2.526,-0.030549552,-0.086635342,0.067686915,0.148009465,0.660062923,-0.499949123,0.526653637,-1.209846425,-8.996343572,-2.598345624,0
0.187,-0.033273757,0.227739662,-0.555252981,-0.285,2.077176041,-1.1536,2.527,-0.029885288,-0.088649763,0.072189229,0.135094491,0.676921479,-0.51442171,0.535146224,-1.19799837,-9.01749489,-2.60304017,0
0.188,-0.033303181,0.227649563,-0.555177726,-0.28,2.077176041,-1.1532,2.528,-0.029221024,-0.090664185,0.076691542,0.122179516,0.693780035,-0.528894298,0.543638811,-1.186150316,-9.038646209,-2.607734716,0
0.189,-0.033332605,0.227559465,-0.55510247,-0.275,2.077176041,-1.1528,2.529,-0.028556761,-0.092678607,0.081193855,0.109264541,0.710638591,-0.543366886,0.552131398,-1.174302261,-9.059797527,-2.612429262,0
0.19,-0.03336203,0.227469367,-0.555027214,-0.27,2.077176041,-1.1524,2.53,-0.027892497,-0.094693028,0.085696168,0.096349567,0.727497146,-0.557839473,0.560623985,-1.162454206,-9.080948845,-2.617123808,0
0.191,-0.033391454,0.227379269,-0.554951959,-0.265,2.077176041,-1.152,2.531,-0.027228233,-0.09670745,0.090198482,0.083434592,0.744355702,-0.572312061,0.569116572,-1.150606152,-9.102100164,-2.621818354,0
0.192,-0.033420879,0.22728917,-0.554876703,-0.26,2.077176041,-1.1516,2.532,-0.026563969,-0.098721872,0.094700795,0.070519617,0.761214258,-0.586784648,0.577609158,-1.138758097,-9.123251482,-2.6265129,0
0.193,-0.033450303,0.227199072,-0.554801448,-0.255,2.077176041,-1.1512,2.533,-0.025899705,-0.100736294,0.099203108,0.057604643,0.778072814,-0.601257236,0.586101745,-1.126910043,-9.1444028,-2.631207446,0
0.194,-0.033479727,0.227108974,-0.554726192,-0.25,2.077176041,-1.1508,2.534,-0.025235442,-0.102750715,0.103705422,0.044689668,0.794931369,-0.615729824,0.594594332,-1.115061988,-9.165554119,-2.635901992,0
0.195,-0.033509152,0.227018876,-0.554650936,-0.245,2.077176041,-1.1504,2.535,-0.024571178,-0.104765137,0.108207735,0.031774693,0.811789925,-0.630202411,0.603086919,-1.103213933,-9.186705437,-2.640596538,0
0.196,-0.033529481,0.226901293,-0.554515683,-0.24,2.077176041,-1.15,2.536,-0.024029142,-0.10640968,0.111528649,0.022082845,0.824868335,-0.641667323,0.610138776,-1.089036778,-9.213405932,-2.642436388,0
0.197,-0.03354981,0.22678371,-0.55438043,-0.235,2.077176041,-1.1496,2.537,-0.023487106,-0.108054223,0.114849563,0.012390996,0.837946744,-0.653132236,0.617190632,-1.074859623,-9.240106427,-2.644276238,0
0.198,-0.033570139,0.226666127,-0.554245177,-0.23,2.077176041,-1.1492,2.538,-0.02294507,-0.109698765,0.118170477,0.002699148,0.851025153,-0.664597148,0.624242489,-1.060682468,-9.266806923,-2.646116088,0
0.199,-0.033590468,0.226548545,-0.554109924,-0.225,2.077176041,-1.1488,2.539,-0.022403034,-0.111343308,0.121491392,-0.0069927,0.864103563,-0.67606206,0.631294345,-1.046505313,-9.293507418,-2.647955938,0
0.2,-0.033610797,0.226430962,-0.553974671,-0.22,2.077176041,-1.1484,2.54,-0.021860998,-0.112987851,0.124812306,-0.016684549,0.877181972,-0.687526972,0.638346202,-1.032328158,-9.320207913,-2.649795788,0
0.201,-0.033631127,0.226313379,-0.553839418,-0.214575763,2.077176041,-1.148,2.541,-0.021318962,-0.114632394,0.12813322,-0.026376397,0.890260382,-0.698991884,0.645398058,-1.018151003,-9.346908409,-2.651635638,0
0.202,-0.033651456,0.226195796,-0.553704165,-0.214621538,2.077176041,-1.1476,2.542,-0.020776926,-0.116276937,0.131454134,-0.036068246,0.903338791,-0.710456797,0.652449915,-1.003973848,-9.373608904,-2.653475488,0
0.203,-0.033671785,0.226078214,-0.553568912,-0.214667313,2.077176041,-1.1472,2.543,-0.02023489,-0.11792148,0.134775048,-0.045760094,0.916417201,-0.721921709,0.659501771,-0.989796692,-9.400309399,-2.655315338,0
0.204,-0.033692114,0.225960631,-0.553433659,-0.214713088,2.077176041,-1.1468,2.544,-0.019692855,-0.119566022,0.138095962,-0.055451943,0.92949561,-0.733386621,0.666553628,-0.975619537,-9.427009895,-2.657155189,0
0.205,-0.033712443,0.225843048,-0.553298406,-0.214758863,2.077176041,-1.1464,2.545,-0.019150819,-0.121210565,0.141416877,-0.065143791,0.94257402,-0.744851533,0.673605484,-0.961442382,-9.45371039,-2.658995039,0
0.206,-0.033732772,0.225725465,-0.553163153,-0.214804638,2.077176041,-1.146,2.546,-0.018608783,-0.122855108,0.144737791,-0.07483564,0.955652429,-0.756316446,0.680657341,-0.947265227,-9.480410885,-2.660834889,0
0.207,-0.033753101,0.225607883,-0.5530279,-0.214850413,2.077176041,-1.1456,2.547,-0.018066747,-0.124499651,0.148058705,-0.084527488,0.968730838,-0.767781358,0.687709197,-0.933088072,-9.50711138,-2.662674739,0
0.208,-0.033773431,0.2254903,-0.552892647,-0.214896187,2.077176041,-1.1452,2.548,-0.017524711,-0.126144194,0.151379619,-0.094219337,0.981809248,-0.77924627,0.694761054,-0.918910917,-9.533811876,-2.664514589,0
0.209,-0.03379376,0.225372717,-0.552757394,-0.214941962,2.077176041,-1.1448,2.549,-0.016982675,-0.127788737,0.154700533,-0.103911185,0.994887657,-0.790711182,0.70181291,-0.904733762,-9.560512371,-2.666354439,0
0.21,-0.033814089,0.225255134,-0.552622141,-0.214987737,2.077176041,-1.1444,2.55,-0.016440639,-0.129433279,0.158021447,-0.113603034,1.007966067,-0.802176094,0.708864767,-0.890556607,-9.587212866,-2.668194289,0
0.211,-0.033827313,0.225115817,-0.552449114,-0.2151509,2.077176041,-1.144,2.551,-0.016033042,-0.130684427,0.159789801,-0.119641141,1.016819881,-0.809664751,0.714520982,-0.879236552,-9.616839461,-2.670279831,0
0.212,-0.033840538,0.2249765,-0.552276087,-0.215314062,2.077176041,-1.1436,2.552,-0.015625444,-0.131935575,0.161558156,-0.125679248,1.025673696,-0.817153409,0.720177196,-0.867916498,-9.646466057,-2.672365374,0
0.213,-0.033853762,0.224837183,-0.552103059,-0.215477225,2.077176041,-1.1432,2.553,-0.015217847,-0.133186723,0.16332651,-0.131717355,1.03452751,-0.824642066,0.725833411,-0.856596444,-9.676092652,-2.674450916,0
0.214,-0.033866986,0.224697866,-0.551930032,-0.215640388,2.077176041,-1.1428,2.553294993,-0.014810249,-0.134437871,0.165094864,-0.137755462,1.043381325,-0.832130723,0.731489625,-0.845276389,-9.705719247,-2.676536459,0
0.215,-0.033880211,0.224558549,-0.551757005,-0.21580355,2.077176041,-1.1424,2.553294993,-0.014402652,-0.135689019,0.166863218,-0.14379357,1.052235139,-0.83961938,0.73714584,-0.833956335,-9.735345842,-2.678622001,0
0.216,-0.033893435,0.224419232,-0.551583977,-0.215966713,2.077176041,-1.142,2.553294993,-0.013995054,-0.136940167,0.168631572,-0.149831677,1.061088954,-0.847108037,0.742802055,-0.822636281,-9.764972437,-2.680707544,0
0.217,-0.033906659,0.224279915,-0.55141095,-0.216129876,2.077176041,-1.1416,2.553294993,-0.013587457,-0.138191315,0.170399926,-0.155869784,1.069942768,-0.854596694,0.748458269,-0.811316226,-9.794599032,-2.682793086,0
0.218,-0.033919884,0.224140598,-0.551237923,-0.216293038,2.077176041,-1.1412,2.553294993,-0.01317986,-0.139442463,0.17216828,-0.161907891,1.078796582,-0.862085351,0.754114484,-0.799996172,-9.824225627,-2.684878629,0
0.219,-0.033933108,0.224001281,-0.551064896,-0.216456201,2.077176041,-1.1408,2.553294993,-0.012772262,-0.140693611,0.173936634,-0.167945998,1.087650397,-0.869574008,0.759770699,-0.788676118,-9.853852222,-2.686964171,0
0.22,-0.033946332,0.223861964,-0.550891868,-0.216619363,2.077176041,-1.1404,2.553294993,-0.012364665,-0.141944759,0.175704988,-0.173984106,1.096504211,-0.877062665,0.765426913,-0.777356063,-9.883478817,-2.689049713,0
0.221,-0.033959557,0.223722647,-0.550718841,-0.216782526,2.077176041,-1.14,2.553294993,-0.011957067,-0.143195907,0.177473342,-0.180022213,1.105358026,-0.884551322,0.771083128,-0.766036009,-9.913105412,-2.691135256,0
0.222,-0.033972781,0.22358333,-0.550545814,-0.216945689,2.077176041,-1.1396,2.553294993,-0.01154947,-0.144447056,0.179241696,-0.18606032,1.11421184,-0.892039979,0.776739343,-0.754715955,-9.942732007,-2.693220798,0
0.223,-0.033986005,0.223444013,-0.550372786,-0.217108851,2.077176041,-1.1392,2.553294993,-0.011141872,-0.145698204,0.18101005,-0.192098427,1.123065655,-0.899528637,0.782395557,-0.7433959,-9.972358603,-2.695306341,0
0.224,-0.03399923,0.223304696,-0.550199759,-0.217272014,2.077176041,-1.1388,2.553294993,-0.010734275,-0.146949352,0.182778404,-0.198136534,1.131919469,-0.907017294,0.788051772,-0.732075846,-10.0019852,-2.697391883,0
0.225,-0.034012454,0.223165379,-0.550026732,-0.217435176,2.077176041,-1.1384,2.553294993,-0.010326677,-0.1482005,0.184546758,-0.204174642,1.140773284,-0.914505951,0.793707986,-0.720755792,-10.03161179,-2.699477426,0
0.226,-0.034020529,0.223010366,-0.549837934,-0.217663043,2.077176041,-1.138,2.553294993,-0.010048224,-0.149037484,0.18486146,-0.206748714,1.145461417,-0.918189431,0.797862772,-0.710726204,-10.06552486,-2.700991788,0
0.227,-0.034028604,0.222855353,-0.549649135,-0.21789091,2.077176041,-1.1376,2.553294993,-0.009769772,-0.149874469,0.185176162,-0.209322786,1.15014955,-0.92187291,0.802017558,-0.700696617,-10.09943793,-2.70250615,0
0.228,-0.034036678,0.222700339,-0.549460337,-0.218118777,2.077176041,-1.1372,2.553294993,-0.009491319,-0.150711454,0.185490864,-0.211896859,1.154837683,-0.92555639,0.806172344,-0.69066703,-10.133351,-2.704020513,0
0.229,-0.034044753,0.222545326,-0.549271539,-0.218346643,2.077176041,-1.1368,2.553294993,-0.009212866,-0.151548439,0.185805566,-0.214470931,1.159525816,-0.92923987,0.81032713,-0.680637443,-10.16726407,-2.705534875,0
0.23,-0.034052828,0.222390312,-0.549082741,-0.21857451,2.077176041,-1.1364,2.553294993,-0.008934413,-0.152385424,0.186120267,-0.217045004,1.164213949,-0.93292335,0.814481916,-0.670607856,-10.20117714,-2.707049237,0
0.231,-0.034060903,0.222235299,-0.548893943,-0.218802377,2.077176041,-1.136,2.553294993,-0.00865596,-0.153222409,0.186434969,-0.219619076,1.168902082,-0.93660683,0.818636702,-0.660578268,-10.2350902,-2.7085636,0
0.232,-0.034068977,0.222080286,-0.548705144,-0.219030244,2.077176041,-1.1356,2.553294993,-0.008377507,-0.154059394,0.186749671,-0.222193148,1.173590215,-0.94029031,0.822791488,-0.650548681,-10.26900327,-2.710077962,0
0.233,-0.034077052,0.221925272,-0.548516346,-0.21925811,2.077176041,-1.1352,2.553294993,-0.008099054,-0.154896379,0.187064373,-0.224767221,1.178278348,-0.943973789,0.826946274,-0.640519094,-10.30291634,-2.711592325,0
0.234,-0.034085127,0.221770259,-0.548327548,-0.219485977,2.077176041,-1.1348,2.553294993,-0.007820601,-0.155733364,0.187379074,-0.227341293,1.182966481,-0.947657269,0.831101059,-0.630489507,-10.33682941,-2.713106687,0
0.235,-0.034093201,0.221615245,-0.54813875,-0.219713844,2.077176041,-1.1344,2.553294993,-0.007542149,-0.156570348,0.187693776,-0.229915366,1.187654614,-0.951340749,0.835255845,-0.62045992,-10.37074248,-2.714621049,0
0.236,-0.034101276,0.221460232,-0.547949952,-0.219941711,2.077176041,-1.134,2.553294993,-0.007263696,-0.157407333,0.188008478,-0.232489438,1.192342748,-0.955024229,0.839410631,-0.610430333,-10.40465555,-2.716135412,0
0.237,-0.034109351,0.221305219,-0.547761153,-0.220169578,2.077176041,-1.1336,2.553294993,-0.006985243,-0.158244318,0.18832318,-0.235063511,1.197030881,-0.958707709,0.843565417,-0.600400745,-10.43856862,-2.717649774,0
0.238,-0.034117426,0.221150205,-0.547572355,-0.220397444,2.077176041,-1.1332,2.553294993,-0.00670679,-0.159081303,0.188637882,-0.237637583,1.201719014,-0.962391188,0.847720203,-0.590371158,-10.47248168,-2.719164136,0
0.239,-0.0341255,0.220995192,-0.547383557,-0.220625311,2.077176041,-1.1328,2.553294993,-0.006428337,-0.159918288,0.188952583,-0.240211655,1.206407147,-0.966074668,0.851874989,-0.580341571,-10.50639475,-2.720678499,0
0.24,-0.034133575,0.220840179,-0.547194759,-0.220853178,2.077176041,-1.1324,2.553294993,-0.006149884,-0.160755273,0.189267285,-0.242785728,1.21109528,-0.969758148,0.856029775,-0.570311984,-10.54030782,-2.722192861,0
0.241,-0.034138021,0.220675738,-0.547002386,-0.221106237,2.077176041,-1.132,2.553294993,-0.005915561,-0.161180984,0.19010916,-0.244430731,1.213519563,-0.975110806,0.857971512,-0.577956804,-10.57030287,-2.732910889,0
0.242,-0.034142467,0.220511297,-0.546810014,-0.221359297,2.077176041,-1.1316,2.553294993,-0.005681238,-0.161606695,0.190951034,-0.246075734,1.215943846,-0.980463464,0.859913249,-0.585601625,-10.60029791,-2.743628917,0
0.243,-0.034146912,0.220346856,-0.546617641,-0.221612357,2.077176041,-1.1312,2.553294993,-0.005446914,-0.162032406,0.191792908,-0.247720738,1.218368129,-0.985816122,0.861854986,-0.593246445,-10.63029296,-2.754346945,0
0.244,-0.034151358,0.220182415,-0.546425269,-0.221865416,2.077176041,-1.1308,2.553294993,-0.005212591,-0.162458117,0.192634783,-0.249365741,1.220792412,-0.99116878,0.863796723,-0.600891265,-10.660288,-2.765064973,0
0.245,-0.034155804,0.220017974,-0.546232896,-0.222118476,2.077176041,-1.1304,2.553294993,-0.004978268,-0.162883828,0.193476657,-0.251010744,1.223216695,-0.996521438,0.86573846,-0.608536086,-10.69028304,-2.775783002,0
0.246,-0.034160249,0.219853533,-0.546040524,-0.222371536,2.077176041,-1.13,2.553294993,-0.004743945,-0.163309539,0.194318532,-0.252655747,1.225640978,-1.001874096,0.867680197,-0.616180906,-10.72027809,-2.78650103,0
0.247,-0.034164695,0.219689092,-0.545848151,-0.222624595,2.077176041,-1.1296,2.553294993,-0.004509621,-0.16373525,0.195160406,-0.254300751,1.228065261,-1.007226753,0.869621934,-0.623825726,-10.75027313,-2.797219058,0
0.248,-0.034169141,0.219524651,-0.545655779,-0.222877655,2.077176041,-1.1292,2.553294993,-0.004275298,-0.164160961,0.196002281,-0.255945754,1.230489544,-1.012579411,0.871563671,-0.631470547,-10.78026818,-2.807937086,0
0.249,-0.034173586,0.21936021,-0.545463406,-0.223130715,2.077176041,-1.1288,2.553294993,-0.004040975,-0.164586672,0.196844155,-0.257590757,1.232913827,-1.017932069,0.873505408,-0.639115367,-10.81026322,-2.818655114,0
0.25,-0.034178032,0.219195769,-0.545271034,-0.223383775,2.077176041,-1.1284,2.553294993,-0.003806651,-0.165012383,0.19768603,-0.25923576,1.23533811,-1.023284727,0.875447145,-0.646760187,-10.84025827,-2.829373142,0
0.251,-0.034182478,0.219031328,-0.545078662,-0.223636834,2.077176041,-1.128,2.553294993,-0.003572328,-0.165438094,0.198527904,-0.260880764,1.237762394,-1.028637385,0.877388882,-0.654405008,-10.87025331,-2.84009117,0
0.252,-0.034186923,0.218866887,-0.544886289,-0.223889894,2.077176041,-1.1276,2.553294993,-0.003338005,-0.165863805,0.199369779,-0.262525767,1.240186677,-1.033990043,0.879330619,-0.662049828,-10.90024836,-2.850809198,0
0.253,-0.034191369,0.218702446,-0.544693917,-0.224142954,2.077176041,-1.1272,2.553294993,-0.003103682,-0.166289516,0.200211653,-0.26417077,1.24261096,-1.039342701,0.881272356,-0.669694649,-10.9302434,-2.861527227,0
0.254,-0.034195815,0.218538005,-0.544501544,-0.224396013,2.077176041,-1.1268,2.553294993,-0.002869358,-0.166715227,0.201053528,-0.265815773,1.245035243,-1.044695359,0.883214093,-0.677339469,-10.96023844,-2.872245255,0
0.255,-0.03420026,0.218373564,-0.544309172,-0.224649073,2.077176041,-1.1264,2.553294993,-0.002635035,-0.167140938,0.201895402,-0.267460777,1.247459526,-1.050048017,0.88515583,-0.684984289,-10.99023349,-2.882963283,0
0.256,-0.034200492,0.218205634,-0.54407678,-0.224949174,2.077176041,-1.126,2.553294993,-0.002282228,-0.16718438,0.206931866,-0.272753547,1.25111878,-1.067796924,0.883606769,-0.70823207,-11.01800519,-2.901166703,0
0.257,-0.034200724,0.218037704,-0.543844388,-0.225249275,2.077176041,-1.1256,2.553294993,-0.00192942,-0.167227822,0.21196833,-0.278046318,1.254778034,-1.085545831,0.882057709,-0.731479851,-11.04577689,-2.919370124,0
0.258,-0.034200956,0.217869774,-0.543611997,-0.225549376,2.077176041,-1.1252,2.553294993,-0.001576613,-0.167271264,0.217004794,-0.283339088,1.258437288,-1.103294738,0.880508648,-0.754727631,-11.07354859,-2.937573544,0
0.259,-0.034201188,0.217701845,-0.543379605,-0.225849477,2.077176041,-1.1248,2.553294993,-0.001223806,-0.167314706,0.222041258,-0.288631859,1.262096542,-1.121043645,0.878959587,-0.777975412,-11.10132029,-2.955776964,0
0.26,-0.03420142,0.217533915,-0.543147214,-0.226149578,2.077176041,-1.1244,2.553294993,-0.000870998,-0.167358148,0.227077722,-0.293924629,1.265755796,-1.138792552,0.877410526,-0.801223193,-11.12909199,-2.973980385,0
0.261,-0.034201652,0.217365985,-0.542914822,-0.226449679,2.077176041,-1.124,2.553294993,-0.000518191,-0.16740159,0.232114186,-0.2992174,1.26941505,-1.156541459,0.875861466,-0.824470973,-11.15686369,-2.992183805,0
0.262,-0.034201884,0.217198055,-0.542682431,-0.22674978,2.077176041,-1.1236,2.553294993,-0.000165384,-0.167445032,0.23715065,-0.30451017,1.273074304,-1.174290366,0.874312405,-0.847718754,-11.18463539,-3.010387225,0
0.263,-0.034202116,0.217030126,-0.542450039,-0.227049882,2.077176041,-1.1232,2.553294993,0.000187424,-0.167488474,0.242187114,-0.309802941,1.276733558,-1.192039273,0.872763344,-0.870966535,-11.2124071,-3.028590646,0
0.264,-0.034202348,0.216862196,-0.542217648,-0.227349983,2.077176041,-1.1228,2.553294993,0.000540231,-0.167531916,0.247223578,-0.315095712,1.280392812,-1.20978818,0.871214284,-0.894214316,-11.2401788,-3.046794066,0
0.265,-0.03420258,0.216694266,-0.541985256,-0.227650084,2.077176041,-1.1224,2.553294993,0.000893038,-0.167575358,0.252260042,-0.320388482,1.284052066,-1.227537087,0.869665223,-0.917462096,-11.2679505,-3.064997487,0
0.266,-0.034202812,0.216526336,-0.541752864,-0.227950185,2.077176041,-1.122,2.553294993,0.001245846,-0.1676188,0.257296505,-0.325681253,1.28771132,-1.245285994,0.868116162,-0.940709877,-11.2957222,-3.083200907,0
0.267,-0.034203044,0.216358407,-0.541520473,-0.228250286,2.077176041,-1.1216,2.553294993,0.001598653,-0.167662242,0.262332969,-0.330974023,1.291370574,-1.263034901,0.866567101,-0.963957658,-11.3234939,-3.101404327,0
0.268,-0.034203276,0.216190477,-0.541288081,-0.228550387,2.077176041,-1.1212,2.553294993,0.001951461,-0.167705684,0.267369433,-0.336266794,1.295029828,-1.280783807,0.865018041,-0.987205438,-11.3512656,-3.119607748,0
0.269,-0.034203508,0.216022547,-0.54105569,-0.228850488,2.077176041,-1.1208,2.553294993,0.002304268,-0.167749126,0.272405897,-0.341559564,1.298689082,-1.298532714,0.86346898,-1.010453219,-11.3790373,-3.137811168,0
0.27,-0.03420374,0.215854617,-0.540823298,-0.229150589,2.077176041,-1.1204,2.553294993,0.002657075,-0.167792568,0.277442361,-0.346852335,1.302348336,-1.316281621,0.861919919,-1.033701,-11.406809,-3.156014588,0
0.271,-0.034197336,0.215688879,-0.540475507,-0.229567628,2.077176041,-1.12,2.553294993,0.003181435,-0.167452499,0.287538295,-0.356832049,1.307969208,-1.349691724,0.856376575,-1.055619718,-11.44115767,-3.169968244,0
0.272,-0.034190932,0.215523141,-0.540127716,-0.229984667,2.077176041,-1.1196,2.553294993,0.003705794,-0.16711243,0.297634229,-0.366811762,1.313590081,-1.383101827,0.85083323,-1.077538437,-11.47550634,-3.1839219,0
0.273,-0.034184528,0.215357403,-0.539779926,-0.230401705,2.077176041,-1.1192,2.553294993,0.004230154,-0.16677236,0.307730163,-0.376791476,1.319210953,-1.41651193,0.845289885,-1.099457155,-11.50985501,-3.197875556,0
0.274,-0.034178124,0.215191665,-0.539432135,-0.230818744,2.077176041,-1.1188,2.553294993,0.004754513,-0.166432291,0.317826097,-0.38677119,1.324831826,-1.449922033,0.839746541,-1.121375873,-11.54420368,-3.211829211,0
0.275,-0.034171721,0.215025927,-0.539084344,-0.231235783,2.077176041,-1.1184,2.553294993,0.005278873,-0.166092221,0.327922032,-0.396750903,1.330452699,-1.483332136,0.834203196,-1.143294591,-11.57855235,-3.225782867,0
0.276,-0.034165317,0.214860189,-0.538736553,-0.231652822,2.077176041,-1.118,2.553294993,0.005803232,-0.165752152,0.338017966,-0.406730617,1.336073571,-1.516742239,0.828659851,-1.16521331,-11.61290102,-3.239736523,0
0.277,-0.034158913,0.214694451,-0.538388762,-0.232069861,2.077176041,-1.1176,2.553294993,0.006327592,-0.165412083,0.3481139,-0.416710331,1.341694444,-1.550152342,0.823116507,-1.187132028,-11.64724969,-3.253690179,0
0.278,-0.034152509,0.214528713,-0.538040971,-0.232486899,2.077176041,-1.1172,2.553294993,0.006851951,-0.165072013,0.358209834,-0.426690045,1.347315316,-1.583562444,0.817573162,-1.209050746,-11.68159836,-3.267643834,0
0.279,-0.034146105,0.214362975,-0.53769318,-0.232903938,2.077176041,-1.1168,2.553294993,0.007376311,-0.164731944,0.368305768,-0.436669758,1.352936189,-1.616972547,0.812029817,-1.230969465,-11.71594703,-3.28159749,0
0.28,-0.034139701,0.214197237,-0.537345389,-0.233320977,2.077176041,-1.1164,2.553294993,0.007900671,-0.164391874,0.378401702,-0.446649472,1.358557061,-1.65038265,0.806486473,-1.252888183,-11.7502957,-3.295551146,0
0.281,-0.034133297,0.214031499,-0.536997598,-0.233738016,2.077176041,-1.116,2.553294993,0.00842503,-0.164051805,0.388497636,-0.456629186,1.364177934,-1.683792753,0.800943128,-1.274806901,-11.78464437,-3.309504802,0
0.282,-0.034126893,0.213865761,-0.536649807,-0.234155055,2.077176041,-1.1156,2.553294993,0.00894939,-0.163711736,0.39859357,-0.466608899,1.369798806,-1.717202856,0.795399784,-1.296725619,-11.81899304,-3.323458457,0
0.283,-0.034120489,0.213700023,-0.536302016,-0.234572093,2.077176041,-1.1152,2.553294993,0.009473749,-0.163371666,0.408689504,-0.476588613,1.375419679,-1.750612959,0.789856439,-1.318644338,-11.85334171,-3.337412113,0
0.284,-0.034114086,0.213534285,-0.535954226,-0.234989132,2.077176041,-1.1148,2.553294993,0.009998109,-0.163031597,0.418785438,-0.486568327,1.381040551,-1.784023062,0.784313094,-1.340563056,-11.88769038,-3.351365769,0
0.285,-0.034107682,0.213368546,-0.535606435,-0.235406171,2.077176041,-1.1144,2.553294993,0.010522468,-0.162691528,0.428881372,-0.496548041,1.386661424,-1.817433165,0.77876975,-1.362481774,-11.92203905,-3.365319425,0
0.286,-0.03409255,0.213210937,-0.535081788,-0.235992901,2.077176041,-1.114,2.553294993,0.011145034,-0.161944373,0.441912226,-0.508662154,1.392231028,-1.860442318,0.769551661,-1.379812335,-11.96440177,-3.371004482,0
0.287,-0.034077417,0.213053327,-0.534557141,-0.236579631,2.077176041,-1.1136,2.553294993,0.0117676,-0.161197218,0.454943079,-0.520776267,1.397800633,-1.903451472,0.760333572,-1.397142896,-12.00676449,-3.376689539,0
0.288,-0.034062285,0.212895717,-0.534032494,-0.237166361,2.077176041,-1.1132,2.553294993,0.012390166,-0.160450064,0.467973933,-0.53289038,1.403370238,-1.946460626,0.751115484,-1.414473456,-12.04912721,-3.382374596,0
0.289,-0.034047153,0.212738107,-0.533507847,-0.237753091,2.077176041,-1.1128,2.553294993,0.013012733,-0.159702909,0.481004786,-0.545004493,1.408939843,-1.989469779,0.741897395,-1.431804017,-12.09148993,-3.388059654,0
0.29,-0.034032021,0.212580498,-0.5329832,-0.238339821,2.077176041,-1.1124,2.553294993,0.013635299,-0.158955755,0.49403564,-0.557118606,1.414509448,-2.032478933,0.732679306,-1.449134577,-12.13385265,-3.393744711,0
0.291,-0.034016889,0.212422888,-0.532458553,-0.238926551,2.077176041,-1.112,2.553294993,0.014257865,-0.1582086,0.507066493,-0.569232719,1.420079053,-2.075488087,0.723461218,-1.466465138,-12.17621537,-3.399429768,0
0.292,-0.034001757,0.212265278,-0.531933906,-0.239513281,2.077176041,-1.1116,2.553294993,0.014880431,-0.157461446,0.520097346,-0.581346832,1.425648657,-2.11849724,0.714243129,-1.483795699,-12.21857809,-3.405114826,0
0.293,-0.033986625,0.212107668,-0.531409259,-0.240100011,2.077176041,-1.1112,2.553294993,0.015502997,-0.156714291,0.5331282,-0.593460945,1.431218262,-2.161506394,0.705025041,-1.501126259,-12.26094081,-3.410799883,0
0.294,-0.033971493,0.211950058,-0.530884612,-0.240686741,2.077176041,-1.1108,2.553294993,0.016125563,-0.155967137,0.546159053,-0.605575058,1.436787867,-2.204515548,0.695806952,-1.51845682,-12.30330353,-3.41648494,0
0.295,-0.033956361,0.211792449,-0.530359965,-0.241273471,2.077176041,-1.1104,2.553294993,0.016748129,-0.155219982,0.559189907,-0.617689172,1.442357472,-2.247524701,0.686588863,-1.53578738,-12.34566625,-3.422169998,0
0.296,-0.033941229,0.211634839,-0.529835317,-0.2418602,2.077176041,-1.11,2.553294993,0.017370695,-0.154472827,0.57222076,-0.629803285,1.447927077,-2.290533855,0.677370775,-1.553117941,-12.38802897,-3.427855055,0
0.297,-0.033926097,0.211477229,-0.52931067,-0.24244693,2.077176041,-1.1096,2.553294993,0.017993261,-0.153725673,0.585251614,-0.641917398,1.453496682,-2.333543009,0.668152686,-1.570448502,-12.43039169,-3.433540112,0
0.298,-0.033910964,0.211319619,-0.528786023,-0.24303366,2.077176041,-1.1092,2.553294993,0.018615828,-0.152978518,0.598282467,-0.654031511,1.459066286,-2.376552162,0.658934597,-1.587779062,-12.47275441,-3.439225169,0
0.299,-0.033895832,0.211162009,-0.528261376,-0.24362039,2.077176041,-1.1088,2.553294993,0.019238394,-0.152231364,0.611313321,-0.666145624,1.464635891,-2.419561316,0.649716509,-1.605109623,-12.51511713,-3.444910227,0
0.3,-0.0338807,0.2110044,-0.527736729,-0.24420712,2.077176041,-1.1084,2.553294993,0.01986096,-0.151484209,0.624344174,-0.678259737,1.470205496,-2.46257047,0.64049842,-1.622440183,-12.55747985,-3.450595284,0
0.301,-0.033856142,0.210861167,-0.52701175,-0.244971893,2.077176041,-1.108,2.553294993,0.02047729,-0.150311808,0.637562504,-0.689370335,1.473321789,-2.505802765,0.628119196,-1.63562452,-12.60778998,-3.447160947,0
0.302,-0.033831583,0.210717934,-0.52628677,-0.245736666,2.077176041,-1.1076,2.553294993,0.021093621,-0.149139408,0.650780833,-0.700480933,1.476438083,-2.54903506,0.615739972,-1.648808856,-12.65810011,-3.44372661,0
0.303,-0.033807024,0.210574702,-0.525561791,-0.246501439,2.077176041,-1.1072,2.553294993,0.021709952,-0.147967007,0.663999162,-0.711591531,1.479554376,-2.592267355,0.603360748,-1.661993193,-12.70841024,-3.440292273,0
0.304,-0.033782466,0.210431469,-0.524836811,-0.247266212,2.077176041,-1.1068,2.553294993,0.022326282,-0.146794606,0.677217491,-0.722702129,1.482670669,-2.63549965,0.590981524,-1.675177529,-12.75872038,-3.436857936,0
0.305,-0.033757907,0.210288237,-0.524111832,-0.248030985,2.077176041,-1.1064,2.553294993,0.022942613,-0.145622205,0.690435821,-0.733812726,1.485786963,-2.678731945,0.5786023,-1.688361866,-12.80903051,-3.433423599,-8.939745653
0.306,-0.033733348,0.210145004,-0.523386852,-0.248795757,2.077176041,-1.106,2.553294993,0.023558944,-0.144449805,0.70365415,-0.744923324,1.488903256,-2.72196424,0.566223075,-1.701546202,-12.85934064,-3.429989261,-8.960178984
0.307,-0.03370879,0.210001771,-0.522661873,-0.24956053,2.077176041,-1.1056,2.553294993,0.024175274,-0.143277404,0.716872479,-0.756033922,1.492019549,-2.765196535,0.553843851,-1.714730539,-12.90965077,-3.426554924,-8.980612316
0.308,-0.033684231,0.209858539,-0.521936893,-0.250325303,2.077176041,-1.1052,2.553294993,0.024791605,-0.142105003,0.730090808,-0.76714452,1.495135843,-2.80842883,0.541464627,-1.727914875,-12.9599609,-3.423120587,-9.001045647
0.309,-0.033659672,0.209715306,-0.521211914,-0.251090076,2.077176041,-1.1048,2.553294993,0.025407936,-0.140932603,0.743309138,-0.778255118,1.498252136,-2.851661125,0.529085403,-1.741099212,-13.01027104,-3.41968625,-9.021478978
0.31,-0.033635114,0.209572074,-0.520486934,-0.251854849,2.077176041,-1.1044,2.553294993,0.026024267,-0.139760202,0.756527467,-0.789365716,1.501368429,-2.89489342,0.516706179,-1.754283548,-13.06058117,-3.416251913,-9.04191231
0.311,-0.033610555,0.209428841,-0.519761954,-0.252619622,2.077176041,-1.104,2.553294993,0.026640597,-0.138587801,0.769745796,-0.800476314,1.504484723,-2.938125715,0.504326955,-1.767467884,-13.1108913,-3.412817576,-9.062345641
0.312,-0.033585996,0.209285608,-0.519036975,-0.253384394,2.077176041,-1.1036,2.553294993,0.027256928,-0.1374154,0.782964126,-0.811586911,1.507601016,-2.98135801,0.491947731,-1.780652221,-13.16120143,-3.409383239,-9.082778973
0.313,-0.033561437,0.209142376,-0.518311995,-0.254149167,2.077176041,-1.1032,2.553294993,0.027873259,-0.136243,0.796182455,-0.822697509,1.510717309,-3.024590306,0.479568507,-1.793836557,-13.21151157,-3.405948902,-9.103212304
0.314,-0.033536879,0.208999143,-0.517587016,-0.25491394,2.077176041,-1.1028,2.553294993,0.028489589,-0.135070599,0.809400784,-0.833808107,1.513833603,-3.067822601,0.467189283,-1.807020894,-13.2618217,-3.402514565,-9.123645636
0.315,-0.03351232,0.208855911,-0.516862036,-0.255678713,2.077176041,-1.1024,2.553294993,0.02910592,-0.133898198,0.822619113,-0.844918705,1.516949896,-3.111054896,0.454810059,-1.82020523,-13.31213183,-3.399080228,-9.144078967
0.316,-0.033478939,0.208734354,-0.515943419,-0.2565941,2.077176041,-1.102,2.553294993,0.029667873,-0.132124272,0.835508886,-0.85409367,1.51625515,-3.149940304,0.438093974,-1.83252747,-13.37846306,-3.403830754,-9.195840471
0.317,-0.033445558,0.208612798,-0.515024802,-0.257509488,2.077176041,-1.1016,2.553294993,0.030229825,-0.130350346,0.848398658,-0.863268635,1.515560405,-3.188825711,0.42137789,-1.84484971,-13.44479429,-3.40858128,-9.247601975
0.318,-0.033412176,0.208491242,-0.514106185,-0.258424875,2.077176041,-1.1012,2.553294993,0.030791778,-0.128576421,0.86128843,-0.8724436,1.514865659,-3.227711119,0.404661805,-1.85717195,-13.51112552,-3.413331806,-9.299363479
0.319,-0.033378795,0.208369685,-0.513187568,-0.259340263,2.077176041,-1.1008,2.553294993,0.031353731,-0.126802495,0.874178203,-0.881618566,1.514170913,-3.266596527,0.387945721,-1.869494191,-13.57745675,-3.418082333,-9.351124983
0.32,-0.033345414,0.208248129,-0.512268951,-0.260255651,2.077176041,-1.1004,2.553294993,0.031915683,-0.125028569,0.887067975,-0.890793531,1.513476168,-3.305481935,0.371229637,-1.881816431,-13.64378798,-3.422832859,-9.402886487
0.321,-0.033312032,0.208126573,-0.511350334,-0.261171038,2.077176041,-1.1,2.553294993,0.032477636,-0.123254643,0.899957747,-0.899968496,1.512781422,-3.344367342,0.354513552,-1.894138671,-13.71011922,-3.427583385,-9.454647991
0.322,-0.033278651,0.208005016,-0.510431717,-0.262086426,2.077176041,-1.0996,2.553294993,0.033039589,-0.121480718,0.91284752,-0.909143461,1.512086676,-3.38325275,0.337797468,-1.906460911,-13.77645045,-3.432333911,-9.506409495
0.323,-0.03324527,0.20788346,-0.5095131,-0.263001813,2.077176041,-1.0992,2.553294993,0.033601542,-0.119706792,0.925737292,-0.918318426,1.51139193,-3.422138158,0.321081383,-1.918783151,-13.84278168,-3.437084437,-9.558170999
0.324,-0.033211888,0.207761903,-0.508594483,-0.263917201,2.077176041,-1.0988,2.553294993,0.034163494,-0.117932866,0.938627064,-0.927493391,1.510697185,-3.461023566,0.304365299,-1.931105391,-13.90911291,-3.441834964,-9.609932503
0.325,-0.033178507,0.207640347,-0.507675866,-0.264832588,2.077176041,-1.0984,2.553294993,0.034725447,-0.11615894,0.951516837,-0.936668356,1.510002439,-3.499908973,0.287649214,-1.943427631,-13.97544414,-3.44658549,-9.661694007
0.326,-0.033145126,0.207518791,-0.506757249,-0.265747976,2.077176041,-1.098,2.553294993,0.0352874,-0.114385014,0.964406609,-0.945843322,1.509307693,-3.538794381,0.27093313,-1.955749871,-14.04177537,-3.451336016,-9.713455511
0.327,-0.033111744,0.207397234,-0.505838632,-0.266663363,2.077176041,-1.0976,2.553294993,0.035849353,-0.112611089,0.977296381,-0.955018287,1.508612948,-3.577679789,0.254217046,-1.968072111,-14.1081066,-3.456086542,-9.765217015
0.328,-0.033078363,0.207275678,-0.504920015,-0.267578751,2.077176041,-1.0972,2.553294993,0.036411305,-0.110837163,0.990186154,-0.964193252,1.507918202,-3.616565197,0.237500961,-1.980394351,-14.17443783,-3.460837069,-9.816978519
0.329,-0.033044982,0.207154122,-0.504001398,-0.268494138,2.077176041,-1.0968,2.553294993,0.036973258,-0.109063237,1.003075926,-0.973368217,1.507223456,-3.655450605,0.220784877,-1.992716591,-14.24076906,-3.465587595,-9.868740023
0.33,-0.0330116,0.207032565,-0.503082781,-0.269409526,2.077176041,-1.0964,2.553294993,0.037535211,-0.107289311,1.015965698,-0.982543182,1.50652871,-3.694336012,0.204068792,-2.005038831,-14.30710029,-3.470338121,-9.920501527
0.331,-0.032968997,0.206946543,-0.501923683,-0.270493857,2.077176041,-1.096,2.553294993,0.038280081,-0.104115472,1.038011965,-0.998644402,1.505574637,-3.746615588,0.173062374,-2.038415079,-14.40661221,-3.533479063,-10.14644562
0.332,-0.032926393,0.20686052,-0.500764585,-0.271578189,2.077176041,-1.0956,2.553294993,0.039024952,-0.100941633,1.060058232,-1.014745622,1.504620564,-3.798895163,0.142055956,-2.071791327,-14.50612412,-3.596620004,-10.37238971
0.333,-0.032883789,0.206774497,-0.499605487,-0.27266252,2.077176041,-1.0952,2.553294993,0.039769823,-0.097767794,1.082104499,-1.030846843,1.50366649,-3.851174739,0.111049537,-2.105167576,-14.60563603,-3.659760946,-10.5983338
0.334,-0.032841185,0.206688474,-0.498446388,-0.273746852,2.077176041,-1.0948,2.553294993,0.040514693,-0.094593955,1.104150766,-1.046948063,1.502712417,-3.903454314,0.080043119,-2.138543824,-14.70514795,-3.722901887,-10.82427789
0.335,-0.032798582,0.206602451,-0.49728729,-0.274831183,2.077176041,-1.0944,2.553294993,0.041259564,-0.091420115,1.126197033,-1.063049283,1.501758343,-3.955733889,0.049036701,-2.171920072,-14.80465986,-3.786042829,-11.05022198
0.336,-0.032755978,0.206516428,-0.496128192,-0.275915514,2.077176041,-1.094,2.553294993,0.042004434,-0.088246276,1.1482433,-1.079150503,1.50080427,-4.008013465,0.018030282,-2.20529632,-14.90417178,-3.84918377,-11.27616607
0.337,-0.032713374,0.206430405,-0.494969094,-0.276999846,2.077176041,-1.0936,2.553294993,0.042749305,-0.085072437,1.170289567,-1.095251723,1.499850196,-4.06029304,-0.012976136,-2.238672568,-15.00368369,-3.912324712,-11.50211016
0.338,-0.03267077,0.206344383,-0.493809995,-0.278084177,2.077176041,-1.0932,2.553294993,0.043494176,-0.081898598,1.192335834,-1.111352944,1.498896123,-4.112572616,-0.043982554,-2.272048816,-15.1031956,-3.975465653,-11.72805425
0.339,-0.032628167,0.20625836,-0.492650897,-0.279168509,2.077176041,-1.0928,2.553294993,0.044239046,-0.078724759,1.214382101,-1.127454164,1.49794205,-4.164852191,-0.074988973,-2.305425064,-15.20270752,-4.038606595,-11.95399834
0.34,-0.032585563,0.206172337,-0.491491799,-0.28025284,2.077176041,-1.0924,2.553294993,0.044983917,-0.075550919,1.236428367,-1.143555384,1.496987976,-4.217131766,-0.105995391,-2.338801313,-15.30221943,-4.101747536,-12.17994242
0.341,-0.032542959,0.206086314,-0.4903327,-0.281337172,2.077176041,-1.092,2.553294993,0.045728788,-0.07237708,1.258474634,-1.159656604,1.496033903,-4.269411342,-0.13700181,-2.372177561,-15.40173134,-4.164888478,-12.40588651
0.342,-0.032500355,0.206000291,-0.489173602,-0.282421503,2.077176041,-1.0916,2.553294993,0.046473658,-0.069203241,1.280520901,-1.175757824,1.495079829,-4.321690917,-0.168008228,-2.405553809,-15.50124326,-4.228029419,-12.6318306
0.343,-0.032457752,0.205914268,-0.488014504,-0.283505835,2.077176041,-1.0912,2.553294993,0.047218529,-0.066029402,1.302567168,-1.191859044,1.494125756,-4.373970493,-0.199014646,-2.438930057,-15.60075517,-4.291170361,-12.85777469
0.344,-0.032415148,0.205828246,-0.486855406,-0.284590166,2.077176041,-1.0908,2.553294993,0.0479634,-0.062855563,1.324613435,-1.207960265,1.493171683,-4.426250068,-0.230021065,-2.472306305,-15.70026708,-4.354311302,-13.08371878
0.345,-0.032372544,0.205742223,-0.485696307,-0.285674497,2.077176041,-1.0904,2.553294993,0.04870827,-0.059681724,1.346659702,-1.224061485,1.492217609,-4.478529643,-0.261027483,-2.505682553,-15.799779,-4.417452244,-13.30966287
0.346,-0.032315523,0.205720152,-0.484063947,-0.287124815,2.077176041,-1.09,2.553294993,0.049894899,-0.054253949,1.388333421,-1.25746752,1.495443146,-4.550882997,-0.319725336,-2.551598686,-15.91240112,-4.476710218,-13.58566966
0.347,-0.032258501,0.205698081,-0.482431587,-0.288575132,2.077176041,-1.0896,2.553294993,0.051081527,-0.048826175,1.43000714,-1.290873555,1.498668684,-4.62323635,-0.378423188,-2.597514819,-16.02502325,-4.535968192,-13.86167645
0.348,-0.032201479,0.20567601,-0.480799227,-0.290025449,2.077176041,-1.0892,2.553294993,0.052268156,-0.043398401,1.471680859,-1.32427959,1.501894221,-4.695589704,-0.437121041,-2.643430952,-16.13764537,-4.595226167,-14.13768324
0.349,-0.032144458,0.205653939,-0.479166866,-0.291475767,2.077176041,-1.0888,2.553294993,0.053454784,-0.037970627,1.513354578,-1.357685625,1.505119758,-4.767943057,-0.495818894,-2.689347085,-16.25026749,-4.654484141,-14.41369003
0.35,-0.032087436,0.205631868,-0.477534506,-0.292926084,2.077176041,-1.0884,2.553294993,0.054641413,-0.032542852,1.555028298,-1.39109166,1.508345295,-4.840296411,-0.554516747,-2.735263218,-16.36288962,-4.713742115,-14.68969682
0.351,-0.032030414,0.205609797,-0.475902146,-0.294376401,2.077176041,-1.088,2.553294993,0.055828041,-0.027115078,1.596702017,-1.424497696,1.511570833,-4.912649764,-0.613214599,-2.78117935,-16.47551174,-4.773000089,-14.96570362
0.352,-0.031973393,0.205587726,-0.474269786,-0.295826718,2.077176041,-1.0876,2.553294993,0.057014669,-0.021687304,1.638375736,-1.457903731,1.51479637,-4.985003118,-0.671912452,-2.827095483,-16.58813387,-4.832258063,-15.24171041
0.353,-0.031916371,0.205565655,-0.472637425,-0.297277036,2.077176041,-1.0872,2.553294993,0.058201298,-0.016259529,1.680049455,-1.491309766,1.518021907,-5.057356471,-0.730610305,-2.873011616,-16.70075599,-4.891516038,-15.5177172
0.354,-0.031859349,0.205543584,-0.471005065,-0.298727353,2.077176041,-1.0868,2.553294993,0.059387926,-0.010831755,1.721723174,-1.524715801,1.521247444,-5.129709825,-0.789308158,-2.918927749,-16.81337812,-4.950774012,-15.79372399
0.355,-0.031802328,0.205521513,-0.469372705,-0.30017767,2.077176041,-1.0864,2.553294993,0.060574555,-0.005403981,1.763396893,-1.558121836,1.524472982,-5.202063178,-0.84800601,-2.964843882,-16.92600024,-5.010031986,-16.06973078
0.356,-0.031745306,0.205499442,-0.467740345,-0.301627988,2.077176041,-1.086,2.553294993,0.061761183,2.38E-05,1.805070612,-1.591527871,1.527698519,-5.274416532,-0.906703863,-3.010760015,-17.03862237,-5.06928996,-16.34573757
0.357,-0.031688284,0.205477371,-0.466107984,-0.303078305,2.077176041,-1.071609169,2.553294993,0.062947812,0.005451568,1.846744331,-1.624933906,1.530924056,-5.346769885,-0.965401716,-3.056676148,-17.15124449,-5.128547934,-16.62174436
0.358,-0.031631263,0.2054553,-0.464475624,-0.304528622,2.077176041,-1.071609169,2.553294993,0.06413444,0.010879342,1.88841805,-1.658339941,1.534149593,-5.419123239,-1.024099569,-3.10259228,-17.26386662,-5.187805909,-16.89775115
0.359,-0.031574241,0.205433229,-0.462843264,-0.30597894,2.077176041,-1.061609169,2.553294993,0.065321069,0.016307116,1.930091769,-1.691745977,1.537375131,-5.491476592,-1.082797421,-3.148508413,-17.37648874,-5.247063883,-17.17375794
0.36,-0.031517219,0.205411158,-0.461210903,-0.307429257,2.077176041,-1.051609169,2.553294993,0.066507697,0.02173489,1.971765488,-1.725152012,1.540600668,-5.563829945,-1.141495274,-3.194424546,-17.48911087,-5.306321857,-17.44976473
0.361,-0.0314391,0.205489309,-0.458797491,-0.309527853,2.077176041,-1.041609169,2.553294993,0.068119487,0.029684801,2.033887012,-1.778279392,1.548575261,-5.622570489,-1.235477886,-3.246935872,-17.60605516,-5.335276815,-17.71196579
0.362,-0.03136098,0.205567461,-0.456384079,-0.311626449,2.077176041,-1.031609169,2.553294993,0.069731277,0.037634712,2.096008535,-1.831406772,1.556549854,-5.681311033,-1.329460497,-3.299447197,-17.72299946,-5.364231773,-17.97416686
0.363,-0.031282861,0.205645612,-0.453970666,-0.313725044,2.077176041,-1.021609169,2.553294993,0.071343067,0.045584623,2.158130059,-1.884534153,1.564524447,-5.740051577,-1.423443109,-3.351958523,-17.83994376,-5.393186731,-18.23636792
0.364,-0.031204741,0.205723764,-0.451557254,-0.31582364,2.077176041,-1.011609169,2.553294993,0.072954857,0.053534534,2.220251582,-1.937661533,1.57249904,-5.79879212,-1.517425721,-3.404469848,-17.95688806,-5.422141689,-18.49856899
0.365,-0.031126621,0.205801915,-0.449143841,-0.317922236,2.077176041,-1.001609169,2.553294993,0.074566647,0.061484445,2.282373106,-1.990788914,1.580473633,-5.857532664,-1.611408332,-3.456981174,-18.07383236,-5.451096646,-18.76077005
0.366,-0.031048502,0.205880067,-0.446730429,-0.320020832,2.077176041,-0.991609169,2.553294993,0.076178437,0.069434356,2.34449463,-2.043916294,1.588448226,-5.916273208,-1.705390944,-3.509492499,-18.19077666,-5.480051604,-19.02297112
0.367,-0.030970382,0.205958218,-0.444317016,-0.322119428,2.077176041,-0.981609169,2.553294993,0.077790228,0.077384266,2.406616153,-2.097043674,1.596422819,-5.975013752,-1.799373556,-3.562003825,-18.30772096,-5.509006562,-19.28517218
0.368,-0.030892262,0.20603637,-0.441903604,-0.324218023,2.077176041,-0.971609169,2.553294993,0.079402018,0.085334177,2.468737677,-2.150171055,1.604397412,-6.033754295,-1.893356167,-3.61451515,-18.42466526,-5.53796152,-19.54737325
0.369,-0.030814143,0.206114521,-0.439490192,-0.326316619,2.077176041,-0.961609169,2.553294993,0.081013808,0.093284088,2.5308592,-2.203298435,1.612372004,-6.092494839,-1.987338779,-3.667026476,-18.54160955,-5.566916478,-19.80957431
0.37,-0.030736023,0.206192673,-0.437076779,-0.328415215,2.077176041,-0.951609169,2.553294993,0.082625598,0.101233999,2.592980724,-2.256425816,1.620346597,-6.151235383,-2.08132139,-3.719537801,-18.65855385,-5.595871436,-20.07177538
0.371,-0.030657903,0.206270824,-0.434663367,-0.330513811,2.077176041,-0.941609169,2.553294993,0.084237388,0.10918391,2.655102247,-2.309553196,1.62832119,-6.209975927,-2.175304002,-3.772049127,-18.77549815,-5.624826394,-20.33397644
0.372,-0.030579784,0.206348976,-0.432249954,-0.332612407,2.077176041,-0.931609169,2.553294993,0.085849178,0.117133821,2.717223771,-2.362680576,1.636295783,-6.26871647,-2.269286614,-3.824560452,-18.89244245,-5.653781352,-20.59617751
0.373,-0.030501664,0.206427127,-0.429836542,-0.334711003,2.077176041,-0.921609169,2.553294993,0.087460968,0.125083732,2.779345294,-2.415807957,1.644270376,-6.327457014,-2.363269225,-3.877071778,-19.00938675,-5.682736309,-20.85837857
0.374,-0.030423544,0.206505279,-0.427423129,-0.336809598,2.077176041,-0.911609169,2.553294993,0.089072758,0.133033643,2.841466818,-2.468935337,1.652244969,-6.386197558,-2.457251837,-3.929583103,-19.12633105,-5.711691267,-21.12057964
0.375,-0.030345425,0.20658343,-0.425009717,-0.338908194,2.077176041,-0.901609169,2.553294993,0.090684548,0.140983553,2.903588341,-2.522062718,1.660219562,-6.444938102,-2.551234449,-3.982094429,-19.24327535,-5.740646225,-21.3827807
0.376,-0.030239996,0.206800039,-0.421517339,-0.341971399,2.077176041,-0.891609169,2.553294993,0.092732176,0.151492143,2.985431888,-2.598724548,1.674891958,-6.454921909,-2.685077609,-4.048663818,-19.35990512,-5.753968279,-21.63165247
0.377,-0.030134567,0.207016649,-0.41802496,-0.345034605,2.077176041,-0.881609169,2.553294993,0.094779803,0.162000732,3.067275434,-2.675386378,1.689564354,-6.464905717,-2.818920769,-4.115233207,-19.4765349,-5.767290333,-21.88052424
0.378,-0.030029139,0.207233258,-0.414532582,-0.34809781,2.077176041,-0.880909846,2.553294993,0.096827431,0.172509322,3.14911898,-2.752048208,1.70423675,-6.474889525,-2.95276393,-4.181802596,-19.59316468,-5.780612387,-22.129396
0.379,-0.02992371,0.207449867,-0.411040204,-0.351161015,2.077176041,-0.880909846,2.553294993,0.098875059,0.183017911,3.230962527,-2.828710038,1.718909146,-6.484873332,-3.08660709,-4.248371985,-19.70979446,-5.793934441,-22.37826777
0.38,-0.029818281,0.207666476,-0.407547825,-0.354224221,2.077176041,-0.880909846,2.553294993,0.100922686,0.193526501,3.312806073,-2.905371868,1.733581542,-6.49485714,-3.22045025,-4.314941374,-19.82642424,-5.807256495,-22.62713953
0.381,-0.029712852,0.207883085,-0.404055447,-0.357287426,2.077176041,-0.889372196,2.553294993,0.102970314,0.20403509,3.39464962,-2.982033698,1.748253938,-6.504840948,-3.354293411,-4.381510763,-19.94305402,-5.820578548,-22.8760113
0.382,-0.029607423,0.208099695,-0.400563069,-0.360350631,2.077176041,-0.895967961,2.553294993,0.105017942,0.21454368,3.476493166,-3.058695528,1.762926334,-6.514824755,-3.488136571,-4.448080152,-20.05968379,-5.833900602,-23.12488306
0.383,-0.029501995,0.208316304,-0.397070691,-0.363413837,2.077176041,-0.902563725,2.553294993,0.10706557,0.225052269,3.558336712,-3.135357358,1.777598729,-6.524808563,-3.621979731,-4.514649541,-20.17631357,-5.847222656,-23.37375483
0.384,-0.029396566,0.208532913,-0.393578312,-0.366477042,2.077176041,-0.909159489,2.553294993,0.109113197,0.235560859,3.640180259,-3.212019188,1.792271125,-6.534792371,-3.755822892,-4.581218931,-20.29294335,-5.86054471,-23.6226266
0.385,-0.029291137,0.208749522,-0.390085934,-0.369540247,2.077176041,-0.915755254,2.553294993,0.111160825,0.246069448,3.722023805,-3.288681018,1.806943521,-6.544776179,-3.889666052,-4.64778832,-20.40957313,-5.873866764,-23.87149836
0.386,-0.029185708,0.208966131,-0.386593556,-0.372603453,2.077176041,-0.922351018,2.553294993,0.113208453,0.256578037,3.803867351,-3.365342848,1.821615917,-6.554759986,-4.023509212,-4.714357709,-20.52620291,-5.887188818,-24.12037013
0.387,-0.02908028,0.209182741,-0.383101177,-0.375666658,2.077176041,-0.928946783,2.553294993,0.11525608,0.267086627,3.885710898,-3.442004678,1.836288313,-6.564743794,-4.157352373,-4.780927098,-20.64283269,-5.900510872,-24.36924189
0.388,-0.028974851,0.20939935,-0.379608799,-0.378729863,2.077176041,-0.935542547,2.553294993,0.117303708,0.277595216,3.967554444,-3.518666508,1.850960709,-6.574727602,-4.291195533,-4.847496487,-20.75946246,-5.913832925,-24.61811366
0.389,-0.028869422,0.209615959,-0.376116421,-0.381793068,2.077176041,-0.942138312,2.553294993,0.119351336,0.288103806,4.049397991,-3.595328338,1.865633105,-6.584711409,-4.425038693,-4.914065876,-20.87609224,-5.927154979,-24.86698542
0.39,-0.028763993,0.209832568,-0.372624042,-0.384856274,2.077176041,-0.948734076,2.553294993,0.121398964,0.298612395,4.131241537,-3.671990168,1.880305501,-6.594695217,-4.558881854,-4.980635265,-20.99272202,-5.940477033,-25.11585719
0.391,-0.028623213,0.210225508,-0.367739537,-0.38931796,2.077176041,-0.955057664,2.553294993,0.124128884,0.311585691,4.23596408,-3.784833213,1.909455381,-6.5506697,-4.737042503,-5.079838473,-21.09942951,-5.965103272,-25.36586425
0.392,-0.028482432,0.210618447,-0.362855032,-0.393779646,2.077176041,-0.961381252,2.553294993,0.126858804,0.324558986,4.340686624,-3.897676258,1.938605262,-6.506644184,-4.915203152,-5.17904168,-21.206137,-5.989729512,-25.61587131
0.393,-0.028341651,0.211011387,-0.357970526,-0.398241332,2.077176041,-0.96770484,2.553294993,0.129588724,0.337532281,4.445409167,-4.010519303,1.967755142,-6.462618667,-5.093363802,-5.278244887,-21.31284449,-6.014355751,-25.86587837
0.394,-0.02820087,0.211404326,-0.353086021,-0.402703018,2.077176041,-0.974028428,2.553294993,0.132318645,0.350505577,4.550131711,-4.123362347,1.996905022,-6.418593151,-5.271524451,-5.377448095,-21.41955198,-6.03898199,-26.11588543
0.395,-0.028060089,0.211797266,-0.348201516,-0.407164704,2.077176041,-0.980352016,2.553294993,0.135048565,0.363478872,4.654854254,-4.236205392,2.026054903,-6.374567634,-5.4496851,-5.476651302,-21.52625946,-6.06360823,-26.36589249
0.396,-0.027919309,0.212190205,-0.34331701,-0.41162639,2.077176041,-0.986675604,2.553294993,0.137778485,0.376452168,4.759576798,-4.349048437,2.055204783,-6.330542117,-5.627845749,-5.57585451,-21.63296695,-6.088234469,-26.61589955
0.397,-0.027778528,0.212583145,-0.338432505,-0.416088077,2.077176041,-0.992999192,2.553294993,0.140508406,0.389425463,4.864299341,-4.461891482,2.084354664,-6.286516601,-5.806006399,-5.675057717,-21.73967444,-6.112860708,-26.86590662
0.398,-0.027637747,0.212976084,-0.333548,-0.420549763,2.077176041,-0.99932278,2.553294993,0.143238326,0.402398758,4.969021885,-4.574734526,2.113504544,-6.242491084,-5.984167048,-5.774260924,-21.84638193,-6.137486947,-27.11591368
0.399,-0.027496966,0.213369024,-0.328663494,-0.425011449,2.077176041,-1.005646368,2.553294993,0.145968246,0.415372054,5.073744428,-4.687577571,2.142654424,-6.198465568,-6.162327697,-5.873464132,-21.95308942,-6.162113187,-27.36592074
0.4,-0.027356185,0.213761964,-0.323778989,-0.429473135,2.077176041,-1.011969956,2.553294993,0.148698166,0.428345349,5.178466972,-4.800420616,2.171804305,-6.154440051,-6.340488347,-5.972667339,-22.05979691,-6.186739426,-27.6159278
0.401,-0.027215405,0.214154903,-0.318894484,-0.433934821,2.077176041,-1.018293544,2.553294993,0.151428087,0.441318644,5.283189515,-4.913263661,2.200954185,-6.110414534,-6.518648996,-6.071870547,-22.1665044,-6.211365665,-27.86593486
0.402,-0.027074624,0.214547843,-0.314009978,-0.438396507,2.077176041,-1.024617132,2.553294993,0.154158007,0.45429194,5.387912059,-5.026106706,2.230104066,-6.066389018,-6.696809645,-6.171073754,-22.27321189,-6.235991905,-28.11594192
0.403,-0.026933843,0.214940782,-0.309125473,-0.442858193,2.077176041,-1.03094072,2.553294993,0.156887927,0.467265235,5.492634602,-5.13894975,2.259253946,-6.022363501,-6.874970295,-6.270276962,-22.37991937,-6.260618144,-28.36594898
0.404,-0.026793062,0.215333722,-0.304240968,-0.447319879,2.077176041,-1.037264308,2.553294993,0.159617848,0.480238531,5.597357146,-5.251792795,2.288403826,-5.978337985,-7.053130944,-6.369480169,-22.48662686,-6.285244383,-28.61595604
0.405,-0.026652282,0.215726661,-0.299356462,-0.451781566,2.077176041,-1.043587896,2.553294993,0.162347768,0.493211826,5.702079689,-5.36463584,2.317553707,-5.934312468,-7.231291593,-6.468683376,-22.59333435,-6.309870622,-28.8659631
0.406,-0.026471429,0.216338055,-0.292700386,-0.458279246,2.077176041,-1.04888448,2.553294993,0.164465207,0.509766843,5.834085175,-5.523496342,2.362097689,-5.840594985,-7.465793062,-6.653285484,-22.66499694,-5.993112914,-29.24148924
0.407,-0.026290576,0.216949448,-0.286044309,-0.464776926,2.077176041,-1.054181065,2.553294993,0.166582646,0.526321861,5.966090661,-5.682356844,2.406641672,-5.746877502,-7.70029453,-6.837887591,-22.73665954,-5.676355205,-29.61701538
0.408,-0.026109724,0.217560841,-0.279388233,-0.471274606,2.077176041,-1.05947765,2.553294993,0.168700085,0.542876878,6.098096147,-5.841217346,2.451185655,-5.653160019,-7.934795998,-7.022489698,-22.80832213,-5.359597497,-29.99254151
0.409,-0.025928871,0.218172235,-0.272732157,-0.477772286,2.077176041,-1.064774235,2.544387181,0.170817525,0.559431896,6.230101633,-6.000077847,2.495729638,-5.559442536,-8.169297467,-7.207091805,-22.87998472,-5.042839788,-30.36806765
0.41,-0.025748019,0.218783628,-0.26607608,-0.484269966,2.077176041,-1.07007082,2.53547937,0.172934964,0.575986913,6.362107118,-6.158938349,2.54027362,-5.465725053,-8.403798935,-7.391693912,-22.95164731,-4.726082079,-30.74359379
0.411,-0.025567166,0.219395022,-0.259420004,-0.490767646,2.077176041,-1.075367405,2.526571558,0.175052403,0.59254193,6.494112604,-6.317798851,2.584817603,-5.37200757,-8.638300404,-7.57629602,-23.02330991,-4.409324371,-31.11911992
0.412,-0.025386314,0.220006415,-0.252763927,-0.497265327,2.077176041,-1.08066399,2.517663747,0.177169842,0.609096948,6.62611809,-6.476659353,2.629361586,-5.278290087,-8.872801872,-7.760898127,-23.0949725,-4.092566662,-31.49464606
0.413,-0.025205461,0.220617808,-0.246107851,-0.503763007,2.077176041,-1.085960575,2.508755935,0.179287281,0.625651965,6.758123576,-6.635519855,2.673905568,-5.184572605,-9.10730334,-7.945500234,-23.16663509,-3.775808953,-31.8701722
0.414,-0.025024609,0.221229202,-0.239451774,-0.510260687,2.077176041,-1.09125716,2.499848124,0.181404721,0.642206982,6.890129062,-6.794380357,2.718449551,-5.090855122,-9.341804809,-8.130102341,-23.23829768,-3.459051245,-32.24569834
0.415,-0.024843756,0.221840595,-0.232795698,-0.516758367,2.077176041,-1.096553745,2.490940312,0.18352216,0.658762,7.022134548,-6.953240859,2.762993534,-4.997137639,-9.576306277,-8.314704448,-23.30996028,-3.142293536,-32.62122447
0.416,-0.024662903,0.222451989,-0.226139621,-0.523256047,2.077176041,-1.101850329,2.482032501,0.185639599,0.675317017,7.154140033,-7.112101361,2.807537516,-4.903420156,-9.810807746,-8.499306556,-23.38162287,-2.825535827,-32.99675061
0.417,-0.024482051,0.223063382,-0.219483545,-0.529753727,2.077176041,-1.107146914,2.473124689,0.187757038,0.691872035,7.286145519,-7.270961863,2.852081499,-4.809702673,-10.04530921,-8.683908663,-23.45328546,-2.508778119,-33.37227675
0.418,-0.024301198,0.223674775,-0.212827469,-0.536251408,2.077176041,-1.112443499,2.464216878,0.189874477,0.708427052,7.418151005,-7.429822365,2.896625482,-4.71598519,-10.27981068,-8.86851077,-23.52494805,-2.19202041,-33.74780288
0.419,-0.024120346,0.224286169,-0.206171392,-0.542749088,2.077176041,-1.117740084,2.455309066,0.191991917,0.724982069,7.550156491,-7.588682866,2.941169464,-4.622267707,-10.51431215,-9.053112877,-23.59661065,-1.875262701,-34.12332902
0.42,-0.023939493,0.224897562,-0.199515316,-0.549246768,2.077176041,-1.123036669,2.446401255,0.194109356,0.741537087,7.682161977,-7.747543368,2.985713447,-4.528550224,-10.74881362,-9.237714984,-23.66827324,-1.558504993,-34.49885516
0.421,-0.023736473,0.225795323,-0.190534906,-0.558753086,2.077176041,-1.12666691,2.433294769,0.195357557,0.763307968,7.868597787,-8.008183995,3.067096091,-4.408776578,-11.08664613,-9.531472599,-23.69164753,-1.252847771,-35.00521649
0.422,-0.023533453,0.226693084,-0.181554497,-0.568259404,2.077176041,-1.13029715,2.420188283,0.196605758,0.78507885,8.055033597,-8.268824623,3.148478734,-4.289002933,-11.42447863,-9.825230214,-23.71502183,-0.94719055,-35.51157781
0.423,-0.023330433,0.227590845,-0.172574087,-0.577765721,2.077176041,-1.133927391,2.407081798,0.197853959,0.806849732,8.241469407,-8.52946525,3.229861378,-4.169229287,-11.76231114,-10.11898783,-23.73839613,-0.641533328,-36.01793914
0.424,-0.023127412,0.228488607,-0.163593677,-0.587272039,2.077176041,-1.137557632,2.393975312,0.19910216,0.828620614,8.427905217,-8.790105877,3.311244021,-4.049455641,-12.10014365,-10.41274544,-23.76177043,-0.335876107,-36.52430047
0.425,-0.022924392,0.229386368,-0.154613268,-0.596778357,2.077176041,-1.141187873,2.380868827,0.200350361,0.850391495,8.614341028,-9.050746504,3.392626665,-3.929681995,-12.43797615,-10.70650306,-23.78514472,-0.030218885,-37.03066179
0.426,-0.022721372,0.230284129,-0.145632858,-0.606284675,2.077176041,-1.144818113,2.367762341,0.201598562,0.872162377,8.800776838,-9.311387131,3.474009308,-3.80990835,-12.77580866,-11.00026067,-23.80851902,0.275438336,-37.53702312
0.427,-0.022518352,0.23118189,-0.136652449,-0.615790993,2.077176041,-1.148448354,2.354655855,0.202846763,0.893933259,8.987212648,-9.572027758,3.555391952,-3.690134704,-13.11364117,-11.29401829,-23.83189332,0.581095558,-38.04338445
0.428,-0.022315331,0.232079651,-0.127672039,-0.625297311,2.077176041,-1.152078595,2.34154937,0.204094964,0.915704141,9.173648458,-9.832668385,3.636774595,-3.570361058,-13.45147367,-11.5877759,-23.85526761,0.886752779,-38.54974578
0.429,-0.022112311,0.232977412,-0.11869163,-0.634803629,2.077176041,-1.155708835,2.328442884,0.205343165,0.937475022,9.360084268,-10.09330901,3.718157239,-3.450587412,-13.78930618,-11.88153352,-23.87864191,1.192410001,-39.0561071
0.43,-0.021909291,0.233875173,-0.10971122,-0.644309947,2.077176041,-1.159339076,2.315336399,0.206591366,0.959245904,9.546520078,-10.35394964,3.799539883,-3.330813767,-14.12713869,-12.17529113,-23.90201621,1.498067222,-39.56246843
0.431,-0.021706271,0.234772934,-0.100730811,-0.653816265,2.077176041,-1.162969317,2.302229913,0.207839567,0.981016786,9.732955889,-10.61459027,3.880922526,-3.211040121,-14.46497119,-12.46904875,-23.9253905,1.803724444,-40.06882976
0.432,-0.021503251,0.235670695,-0.091750401,-0.663322582,2.077176041,-1.166599557,2.289123427,0.209087769,1.002787668,9.919391699,-10.87523089,3.96230517,-3.091266475,-14.8028037,-12.76280636,-23.9487648,2.109381665,-40.57519108
0.433,-0.02130023,0.236568456,-0.082769991,-0.6728289,2.07382968,-1.170229798,2.276016942,0.21033597,1.024558549,10.10582751,-11.13587152,4.043687813,-2.97149283,-15.14063621,-13.05656398,-23.9721391,2.415038887,-41.08155241
0.434,-0.02109721,0.237466218,-0.073789582,-0.682335218,2.077346935,-1.173860039,2.262910456,0.211584171,1.046329431,10.29226332,-11.39651215,4.125070457,-2.851719184,-15.47846871,-13.35032159,-23.99551339,2.720696108,-41.58791374
0.435,-0.02089419,0.238363979,-0.064809172,-0.691841536,2.08086419,-1.177490279,2.249803971,0.212832372,1.068100313,10.47869913,-11.65715277,4.2064531,-2.731945538,-15.81630122,-13.64407921,-24.01888769,3.02635333,-42.09427507
0.436,-0.020664854,0.239546192,-0.053342811,-0.70541656,2.085619699,-1.180206544,2.234280257,0.215418708,1.078625757,10.56300682,-11.87119755,4.25980629,-2.788693906,-15.5536492,-13.76502139,-24.20270356,2.650706218,-38.9814734
0.437,-0.020435519,0.240728406,-0.041876449,-0.718991584,2.090375209,-1.182922809,2.218756544,0.218005045,1.089151201,10.64731452,-12.08524232,4.313159479,-2.845442273,-15.29099717,-13.88596357,-24.38651944,2.275059106,-35.86867174
0.438,-0.020206183,0.24191062,-0.030410087,-0.732566607,2.095130719,-1.185639073,2.203232831,0.220591382,1.099676645,10.73162221,-12.2992871,4.366512669,-2.902190641,-15.02834515,-14.00690575,-24.57033531,1.899411993,-32.75587008
0.439,-0.019976848,0.243092834,-0.018943725,-0.746141631,2.099886228,-1.188355338,2.187709117,0.223177719,1.110202089,10.81592991,-12.51333187,4.419865858,-2.958939008,-14.76569313,-14.12784793,-24.75415119,1.523764881,-29.64306841
0.44,-0.019747512,0.244275047,-0.007477364,-0.759716655,2.104641738,-1.191071603,2.172185404,0.225764056,1.120727533,10.9002376,-12.72737665,4.473219048,-3.015687376,-14.5030411,-14.24879011,-24.93796706,1.148117769,-26.53026675
0.441,-0.019518177,0.245457261,0.003988998,-0.773291679,2.109397248,-1.193787867,2.156661691,0.228350393,1.131252977,10.9845453,-12.94142142,4.526572238,-3.072435743,-14.24038908,-14.3697323,-25.12178294,0.772470657,-23.41746509
0.442,-0.019288841,0.246639475,0.01545536,-0.786866703,2.114152758,-1.196504132,2.141137978,0.230936729,1.141778421,11.06885299,-13.15546619,4.579925427,-3.129184111,-13.97773705,-14.49067448,-25.30559881,0.396823545,-20.30466343
0.443,-0.019059506,0.247821688,0.026921722,-0.800441726,2.118908267,-1.199220397,2.125614264,0.233523066,1.152303865,11.15316069,-13.36951097,4.633278617,-3.185932478,-13.71508503,-14.61161666,-25.48941469,0.021176432,-17.19186176
0.444,-0.01883017,0.249003902,0.038388083,-0.81401675,2.123663777,-1.201936662,2.110090551,0.236109403,1.162829309,11.23746838,-13.58355574,4.686631806,-3.242680846,-13.452433,-14.73255884,-25.67323056,-0.35447068,-14.0790601
0.445,-0.018600835,0.250186116,0.049854445,-0.827591774,2.128419287,-1.204652926,2.094566838,0.23869574,1.173354754,11.32177608,-13.79760052,4.739984996,-3.299429214,-13.18978098,-14.85350102,-25.85704644,-0.730117792,-10.96625844
0.446,-0.0183715,0.25136833,0.061320807,-0.841166798,2.133174796,-1.207369191,2.079043125,0.241282077,1.183880198,11.40608377,-14.01164529,4.793338185,-3.356177581,-12.92712896,-14.9744432,-26.04086231,-1.105764904,-7.853456773
0.447,-0.018142164,0.252550543,0.072787169,-0.854741822,2.137930306,-1.210085456,2.063519411,0.243868413,1.194405642,11.49039147,-14.22569006,4.846691375,-3.412925949,-12.66447693,-15.09538538,-26.22467818,-1.481412016,-4.74065511
0.448,-0.017912829,0.253732757,0.08425353,-0.868316845,2.142685816,-1.21280172,2.047995698,0.24645475,1.204931086,11.57469916,-14.43973484,4.900044565,-3.469674316,-12.40182491,-15.21632756,-26.40849406,-1.857059129,-1.627853447
0.449,-0.017683493,0.254914971,0.095719892,-0.881891869,2.147441325,-1.215517985,2.032471985,0.249041087,1.21545653,11.65900686,-14.65377961,4.953397754,-3.526422684,-12.13917288,-15.33726975,-26.59230993,-2.232706241,1.484948216
0.45,-0.017454158,0.256097184,0.107186254,-0.895466893,2.152196835,-1.21823425,2.016948271,0.251627424,1.225981974,11.74331455,-14.86782439,5.006750944,-3.583171051,-11.87652086,-15.45821193,-26.77612581,-2.608353353,4.597749879
0.451,-0.017172257,0.257304349,0.118538241,-0.911049197,2.157078124,-1.2233607,2.011289057,0.255809873,1.223990017,11.69396307,-14.96620115,4.984762156,-3.775192868,-11.09984318,-15.50992383,-27.01564763,-2.571586449,4.477273169
0.452,-0.016890357,0.258511514,0.129890227,-0.926631502,2.161959413,-1.228487149,2.005629843,0.259992322,1.221998061,11.64461158,-15.06457792,4.962773369,-3.967214684,-10.32316549,-15.56163574,-27.25516946,-2.534819545,4.356796459
0.453,-0.016608457,0.259718679,0.141242214,-0.942213806,2.166840701,-1.233613599,1.999970629,0.26417477,1.220006104,11.5952601,-15.16295468,4.940784582,-4.159236501,-9.546487808,-15.61334765,-27.49469128,-2.498052641,4.236319749
0.454,-0.016326557,0.260925844,0.152594201,-0.95779611,2.17172199,-1.238740049,1.994311414,0.268357219,1.218014148,11.54590861,-15.26133145,4.918795795,-4.351258318,-8.769810124,-15.66505956,-27.73421311,-2.461285737,4.115843039
0.455,-0.016044656,0.262133009,0.163946187,-0.973378415,2.176603279,-1.243866499,1.9886522,0.272539668,1.216022191,11.49655713,-15.35970822,4.896807007,-4.543280134,-7.99313244,-15.71677147,-27.97373493,-2.424518832,3.995366329
0.456,-0.015762756,0.263340173,0.175298174,-0.988960719,2.181484567,-1.248992949,1.982992986,0.276722117,1.214030235,11.44720565,-15.45808498,4.87481822,-4.735301951,-7.216454756,-15.76848337,-28.21325676,-2.387751928,3.874889619
0.457,-0.015480856,0.264547338,0.186650161,-1.004543024,2.186365856,-1.254119399,1.977333772,0.280904566,1.212038278,11.39785416,-15.55646175,4.852829433,-4.927323767,-6.439777073,-15.82019528,-28.45277858,-2.350985024,3.754412908
0.458,-0.015198955,0.265754503,0.198002147,-1.020125328,2.191247145,-1.259245849,1.971674557,0.285087014,1.210046321,11.34850268,-15.65483851,4.830840646,-5.119345584,-5.663099389,-15.87190719,-28.69230041,-2.31421812,3.633936198
0.459,-0.014917055,0.266961668,0.209354134,-1.035707632,2.196128434,-1.264372299,1.966015343,0.289269463,1.208054365,11.29915119,-15.75321528,4.808851858,-5.3113674,-4.886421705,-15.9236191,-28.93182224,-2.277451216,3.513459488
0.46,-0.014635155,0.268168833,0.220706121,-1.051289937,2.201009722,-1.269498749,1.960356129,0.293451912,1.206062408,11.24979971,-15.85159204,4.786863071,-5.503389217,-4.109744021,-15.975331,-29.17134406,-2.240684312,3.392982778
0.461,-0.014353255,0.269375997,0.232058107,-1.066872241,2.205891011,-1.274625198,1.954696915,0.297634361,1.204070452,11.20044823,-15.94996881,4.764874284,-5.695411034,-3.333066337,-16.02704291,-29.41086589,-2.203917408,3.272506068
0.462,-0.014071354,0.270583162,0.243410094,-1.082454545,2.2107723,-1.279751648,1.9490377,0.30181681,1.202078495,11.15109674,-16.04834558,4.742885496,-5.88743285,-2.556388653,-16.07875482,-29.65038771,-2.167150504,3.152029358
0.463,-0.013789454,0.271790327,0.254762081,-1.09803685,2.215653589,-1.284878098,1.943378486,0.305999258,1.200086539,11.10174526,-16.14672234,4.720896709,-6.079454667,-1.77971097,-16.13046673,-29.88990954,-2.130383599,3.031552648
0.464,-0.013507554,0.272997492,0.266114067,-1.113619154,2.220534877,-1.290004548,1.937719272,0.310181707,1.198094582,11.05239377,-16.24509911,4.698907922,-6.271476483,-1.003033286,-16.18217863,-30.12943136,-2.093616695,2.911075938
0.465,-0.013225654,0.274204657,0.277466054,-1.129201459,2.225416166,-1.295130998,1.932060057,0.314364156,1.196102625,11.00304229,-16.34347587,4.676919135,-6.4634983,-0.226355602,-16.23389054,-30.36895319,-2.056849791,2.790599228
0.466,-0.012875555,0.27540477,0.288182022,-1.146336764,2.229692319,-1.302471025,1.935853088,0.319200671,1.197124843,10.96606195,-16.4479798,4.615649724,-6.563414581,0.267627901,-16.22674586,-30.65774258,-2.025427033,2.722606207
0.467,-0.012525456,0.276604883,0.298897991,-1.163472069,2.233968471,-1.309811053,1.939646119,0.324037187,1.19814706,10.9290816,-16.55248372,4.554380313,-6.663330862,0.761611405,-16.21960117,-30.94653198,-1.994004276,2.654613186
0.468,-0.012175357,0.277804995,0.309613959,-1.180607373,2.238244624,-1.31715108,1.94343915,0.328873702,1.199169278,10.89210126,-16.65698764,4.493110903,-6.763247144,1.255594908,-16.21245649,-31.23532137,-1.962581518,2.586620165
0.469,-0.011825258,0.279005108,0.320329927,-1.197742678,2.242520776,-1.324491107,1.947232181,0.333710217,1.200191495,10.85512091,-16.76149156,4.431841492,-6.863163425,1.749578412,-16.20531181,-31.52411077,-1.93115876,2.518627143
0.47,-0.01147516,0.280205221,0.331045896,-1.214877983,2.246796929,-1.331831135,1.951025212,0.338546733,1.201213712,10.81814057,-16.86599549,4.370572081,-6.963079706,2.243561915,-16.19816713,-31.81290016,-1.899736002,2.450634122
0.471,-0.011125061,0.281405334,0.341761864,-1.232013288,2.251073081,-1.339171162,1.954818243,0.343383248,1.20223593,10.78116022,-16.97049941,4.309302671,-7.062995988,2.737545419,-16.19102244,-32.10168956,-1.868313244,2.382641101
0.472,-0.010774962,0.282605447,0.352477832,-1.249148593,2.255349234,-1.346511189,1.958611274,0.348219763,1.203258147,10.74417988,-17.07500333,4.24803326,-7.162912269,3.231528922,-16.18387776,-32.39047895,-1.836890486,2.31464808
0.473,-0.010424863,0.28380556,0.363193801,-1.266283898,2.259625386,-1.353851217,1.962404305,0.353056278,1.204280365,10.70719954,-17.17950726,4.186763849,-7.26282855,3.725512426,-16.17673308,-32.67926835,-1.805467729,2.246655059
0.474,-0.010074764,0.285005673,0.373909769,-1.283419203,2.263901539,-1.361191244,1.966197336,0.357892794,1.205302582,10.67021919,-17.28401118,4.125494438,-7.362744831,4.219495929,-16.16958839,-32.96805774,-1.774044971,2.178662038
0.475,-0.009724666,0.286205786,0.384625737,-1.300554508,2.268177691,-1.368531271,1.969990367,0.362729309,1.206324799,10.63323885,-17.3885151,4.064225028,-7.462661113,4.713479433,-16.16244371,-33.25684714,-1.742622213,2.110669016
0.476,-0.009374567,0.287405899,0.395341706,-1.317689813,2.272453844,-1.375871299,1.973783398,0.367565824,1.207347017,10.5962585,-17.49301902,4.002955617,-7.562577394,5.207462936,-16.15529903,-33.54563653,-1.711199455,2.042675995
0.477,-0.009024468,0.288606012,0.406057674,-1.334825118,2.276729996,-1.383211326,1.977576428,0.372402339,1.208369234,10.55927816,-17.59752295,3.941686206,-7.662493675,5.701446439,-16.14815434,-33.83442593,-1.679776697,1.974682974
0.478,-0.008674369,0.289806125,0.416773642,-1.351960423,2.281006149,-1.390551354,1.981369459,0.377238855,1.209391452,10.52229782,-17.70202687,3.880416796,-7.762409957,6.195429943,-16.14100966,-34.12321533,-1.64835394,1.906689953
0.479,-0.00832427,0.291006237,0.427489611,-1.369095728,2.285282301,-1.397891381,1.98516249,0.38207537,1.210413669,10.48531747,-17.80653079,3.819147385,-7.862326238,6.689413446,-16.13386498,-34.41200472,-1.616931182,1.838696932
0.48,-0.007974172,0.29220635,0.438205579,-1.386231033,2.289558454,-1.405231408,1.988955521,0.386911885,1.211435886,10.44833713,-17.91103471,3.757877974,-7.962242519,7.18339695,-16.12672029,-34.70079412,-1.585508424,1.770703911
0.481,-0.007549375,0.293444914,0.448393799,-1.404716719,2.292515512,-1.413246237,1.998477376,0.391962551,1.215618652,10.41285687,-17.97531824,3.640098487,-7.948231034,7.466996985,-16.03943203,-35.04444551,-1.525902895,1.734847451
0.482,-0.007124579,0.294683477,0.458582019,-1.423202405,2.29547257,-1.421261066,2.00799923,0.397013218,1.219801418,10.37737661,-18.03960176,3.522318999,-7.934219548,7.750597019,-15.95214377,-35.38809691,-1.466297365,1.698990992
0.483,-0.006699783,0.29592204,0.46877024,-1.441688092,2.298429628,-1.429275895,2.017521085,0.402063884,1.223984184,10.34189636,-18.10388528,3.404539511,-7.920208063,8.034197054,-15.86485551,-35.7317483,-1.406691836,1.663134533
0.484,-0.006274987,0.297160603,0.47895846,-1.460173778,2.301386685,-1.437290725,2.027042939,0.40711455,1.22816695,10.3064161,-18.1681688,3.286760023,-7.906196577,8.317797089,-15.77756725,-36.0753997,-1.347086307,1.627278073
0.485,-0.00585019,0.298399167,0.48914668,-1.478659464,2.304343743,-1.445305554,2.036564794,0.412165216,1.232349716,10.27093584,-18.23245233,3.168980535,-7.892185092,8.601397123,-15.69027899,-36.41905109,-1.287480778,1.591421614
0.486,-0.005425394,0.29963773,0.499334901,-1.49714515,2.307300801,-1.453320383,2.046086648,0.417215882,1.236532482,10.23545559,-18.29673585,3.051201048,-7.878173606,8.884997158,-15.60299073,-36.76270249,-1.227875249,1.555565154
0.487,-0.005000598,0.300876293,0.509523121,-1.515630837,2.310257859,-1.461335212,2.055608503,0.422266548,1.240715248,10.19997533,-18.36101937,2.93342156,-7.864162121,9.168597193,-15.51570247,-37.10635388,-1.168269719,1.519708695
0.488,-0.004575802,0.302114856,0.519711341,-1.534116523,2.313214917,-1.469350041,2.065130357,0.427317214,1.244898014,10.16449507,-18.42530289,2.815642072,-7.850150635,9.452197228,-15.4284142,-37.45000528,-1.10866419,1.483852236
0.489,-0.004151005,0.303353419,0.529899562,-1.552602209,2.316171975,-1.47736487,2.074652212,0.43236788,1.24908078,10.12901481,-18.48958642,2.697862584,-7.83613915,9.735797262,-15.34112594,-37.79365667,-1.049058661,1.447995776
0.49,-0.003726209,0.304591983,0.540087782,-1.571087895,2.319129033,-1.485379699,2.084174066,0.437418547,1.253263546,10.09353456,-18.55386994,2.580083096,-7.822127664,10.0193973,-15.25383768,-38.13730807,-0.989453132,1.412139317
0.491,-0.003301413,0.305830546,0.550276002,-1.589573581,2.32208609,-1.493394528,2.093695921,0.442469213,1.257446312,10.0580543,-18.61815346,2.462303609,-7.808116179,10.30299733,-15.16654942,-38.48095946,-0.929847603,1.376282858
0.492,-0.002876617,0.307069109,0.560464222,-1.608059268,2.325043148,-1.501409357,2.103217775,0.447519879,1.261629078,10.02257404,-18.68243698,2.344524121,-7.794104693,10.58659737,-15.07926116,-38.82461086,-0.870242073,1.340426398
0.493,-0.00245182,0.308307672,0.570652443,-1.626544954,2.328000206,-1.509424186,2.11273963,0.452570545,1.265811843,9.987093786,-18.74672051,2.226744633,-7.780093208,10.8701974,-14.9919729,-39.16826225,-0.810636544,1.304569939
0.494,-0.002027024,0.309546236,0.580840663,-1.64503064,2.330957264,-1.517439015,2.122261484,0.457621211,1.269994609,9.951613529,-18.81100403,2.108965145,-7.766081722,11.15379744,-14.90468464,-39.51191365,-0.751031015,1.26871348
0.495,-0.001602228,0.310784799,0.591028883,-1.663516326,2.333914322,-1.525453845,2.131783339,0.462671877,1.274177375,9.916133272,-18.87528755,1.991185657,-7.752070237,11.43739747,-14.81739638,-39.85556504,-0.691425486,1.23285702
0.496,-0.001101943,0.312114428,0.600623715,-1.682202165,2.334608938,-1.53220179,2.144395803,0.467669994,1.282327337,9.870807459,-18.82375607,1.807266263,-7.589783608,11.57289925,-14.63665213,-40.25433387,-0.606128211,1.20315299
0.497,-0.000601657,0.313444057,0.610218547,-1.700888004,2.335303555,-1.538949736,2.157008267,0.47266811,1.290477299,9.825481646,-18.77222459,1.623346869,-7.42749698,11.70840103,-14.45590789,-40.65310269,-0.520830936,1.173448961
0.498,-0.000101372,0.314773687,0.619813378,-1.719573842,2.335998171,-1.545697681,2.169620731,0.477666226,1.29862726,9.780155832,-18.72069311,1.439427475,-7.265210351,11.8439028,-14.27516365,-41.05187151,-0.435533661,1.143744931
0.499,0.000398914,0.316103316,0.62940821,-1.738259681,2.336692787,-1.552445627,2.182233195,0.482664343,1.306777222,9.734830019,-18.66916163,1.255508081,-7.102923723,11.97940458,-14.09441941,-41.45064033,-0.350236386,1.114040901
0.5,0.000899199,0.317432945,0.639003042,-1.756945519,2.337387404,-1.559193572,2.194845658,0.487662459,1.314927184,9.689504206,-18.61763015,1.071588687,-6.940637094,12.11490636,-13.91367516,-41.84940915,-0.26493911,1.084336871
0.501,0.001399484,0.318762574,0.648597873,-1.775631358,2.33808202,-1.565941518,2.207458122,0.492660575,1.323077145,9.644178393,-18.56609867,0.887669293,-6.778350465,12.25040814,-13.73293092,-42.24817797,-0.179641835,1.054632842
0.502,0.00189977,0.320092203,0.658192705,-1.794317197,2.338776636,-1.572689463,2.220070586,0.497658692,1.331227107,9.598852579,-18.51456719,0.703749899,-6.616063837,12.38590991,-13.55218668,-42.6469468,-0.09434456,1.024928812
0.503,0.002400055,0.321421833,0.667787537,-1.813003035,2.339471253,-1.579437409,2.23268305,0.502656808,1.339377069,9.553526766,-18.46303571,0.519830505,-6.453777208,12.52141169,-13.37144244,-43.04571562,-0.009047285,0.995224782
0.504,0.00290034,0.322751462,0.677382368,-1.831688874,2.340165869,-1.586185354,2.245295514,0.507654925,1.34752703,9.508200953,-18.41150423,0.335911111,-6.29149058,12.65691347,-13.19069819,-43.44448444,0.07624999,0.965520752
0.505,0.003400626,0.324081091,0.6869772,-1.850374713,2.340860485,-1.5929333,2.257907978,0.512653041,1.355676992,9.462875139,-18.35997275,0.151991717,-6.129203951,12.79241525,-13.00995395,-43.84325326,0.161547265,0.935816723
0.506,0.003900911,0.32541072,0.696572032,-1.869060551,2.341555102,-1.599681245,2.270520442,0.517651157,1.363826953,9.417549326,-18.30844127,-0.031927677,-5.966917323,12.92791702,-12.82920971,-44.24202208,0.24684454,0.906112693
0.507,0.004401197,0.326740349,0.706166863,-1.88774639,2.342249718,-1.606429191,2.283132906,0.522649274,1.371976915,9.372223513,-18.25690979,-0.215847071,-5.804630694,13.0634188,-12.64846546,-44.6407909,0.332141815,0.876408663
0.508,0.004901482,0.328069979,0.715761695,-1.906432229,2.342944334,-1.613177136,2.29574537,0.52764739,1.380126877,9.326897699,-18.20537831,-0.399766465,-5.642344066,13.19892058,-12.46772122,-45.03955972,0.41743909,0.846704633
0.509,0.005401767,0.329399608,0.725356526,-1.925118067,2.343638951,-1.619925082,2.308357833,0.532645507,1.388276838,9.281571886,-18.15384683,-0.583685859,-5.480057437,13.33442236,-12.28697698,-45.43832855,0.502736365,0.817000604
0.51,0.005902053,0.330729237,0.734951358,-1.943803906,2.344333567,-1.626673027,2.320970297,0.537643623,1.3964268,9.236246073,-18.10231534,-0.767605253,-5.317770809,13.46992413,-12.10623274,-45.83709737,0.58803364,0.787296574
0.511,0.006476688,0.332218187,0.743763076,-1.960524394,2.341847131,-1.62958921,2.33452212,0.542568355,1.409721556,9.177729275,-17.89111837,-1.00284618,-4.961200183,13.45031008,-11.84749269,-46.27879968,0.694526461,0.725618209
0.512,0.007051324,0.333707137,0.752574794,-1.977244882,2.339360696,-1.632505392,2.348073943,0.547493088,1.423016313,9.119212477,-17.6799214,-1.238087107,-4.604629558,13.43069602,-11.58875265,-46.720502,0.801019281,0.663939844
0.513,0.00762596,0.335196088,0.761386512,-1.993965371,2.33687426,-1.635421575,2.361625765,0.552417821,1.436311069,9.060695679,-17.46872443,-1.473328034,-4.248058933,13.41108196,-11.3300126,-47.16220431,0.907512101,0.602261479
0.514,0.008200595,0.336685038,0.77019823,-2.010685859,2.334387824,-1.638337757,2.375177588,0.557342553,1.449605825,9.002178881,-17.25752746,-1.708568962,-3.891488307,13.39146791,-11.07127256,-47.60390663,1.014004922,0.540583114
0.515,0.008775231,0.338173988,0.779009947,-2.027406347,2.331901389,-1.64125394,2.388729411,0.562267286,1.462900582,8.943662084,-17.04633049,-1.943809889,-3.534917682,13.37185385,-10.81253251,-48.04560895,1.120497742,0.478904749
0.516,0.009349867,0.339662938,0.787821665,-2.044126835,2.329414953,-1.644170123,2.402281233,0.567192018,1.476195338,8.885145286,-16.83513352,-2.179050816,-3.178347057,13.35223979,-10.55379247,-48.48731126,1.226990563,0.417226384
0.517,0.009924502,0.341151889,0.796633383,-2.060847323,2.326928517,-1.647086305,2.415833056,0.572116751,1.489490094,8.826628488,-16.62393655,-2.414291743,-2.821776432,13.33262574,-10.29505243,-48.92901358,1.333483383,0.355548019
0.518,0.010499138,0.342640839,0.805445101,-2.077567812,2.324442081,-1.650002488,2.429384879,0.577041483,1.502784851,8.76811169,-16.41273958,-2.649532671,-2.465205806,13.31301168,-10.03631238,-49.37071589,1.439976204,0.293869654
0.519,0.011073774,0.344129789,0.814256819,-2.0942883,2.321955646,-1.65291867,2.442936701,0.581966216,1.516079607,8.709594892,-16.20154261,-2.884773598,-2.108635181,13.29339762,-9.777572336,-49.81241821,1.546469024,0.232191289
0.52,0.011648409,0.345618739,0.823068537,-2.111008788,2.31946921,-1.655834853,2.456488524,0.586890948,1.529374363,8.651078094,-15.99034564,-3.120014525,-1.752064556,13.27378356,-9.518832292,-50.25412053,1.652961844,0.170512925
0.521,0.012223045,0.34710769,0.831880254,-2.127729276,2.316982774,-1.658751035,2.470040346,0.591815681,1.54266912,8.592561296,-15.77914867,-3.355255452,-1.395493931,13.25416951,-9.260092247,-50.69582284,1.759454665,0.10883456
0.522,0.012797681,0.34859664,0.840691972,-2.144449764,2.314496339,-1.661667218,2.483592169,0.596740413,1.555963876,8.534044499,-15.5679517,-3.590496379,-1.038923305,0,-9.001352203,-51.13752516,1.865947485,0
0.523,0.013372316,0.35008559,0.84950369,-2.161170253,2.312009903,-1.664583401,2.483592169,0.601665146,1.569258632,8.475527701,-15.35675473,-3.825737307,-0.68235268,0,-8.742612159,-51.57922747,1.972440306,0
0.524,0.013946952,0.35157454,0.858315408,-2.177890741,2.312009903,-1.667499583,2.483592169,0.606589879,1.582553389,8.417010903,-15.14555776,-4.060978234,-0.325782055,0,-8.483872114,-52.02092979,2.078933126,0
0.525,0.014521588,0.353063491,0.867127126,-2.194611229,2.312009903,-1.670415766,2.483592169,0.611514611,1.595848145,8.358494105,-14.93436079,-4.296219161,0.03078857,0,-8.22513207,-52.4626321,2.185425946,0
0.526,0.0151662,0.354795619,0.87500406,-2.20716391,2.312009903,-1.666150792,2.483592169,0.615683029,1.615018954,8.294307773,-14.60404952,-4.552803802,0.644801789,0,-7.908772448,-52.96159071,2.372686302,0
0.527,0.015810813,0.356527748,0.882880993,-2.219716592,2.312009903,-1.661885819,2.483592169,0.619851447,1.634189763,8.230121441,-14.27373826,-4.809388442,1.258815007,0,-7.592412827,-53.46054931,2.559946658,0
0.528,0.016455426,0.358259876,0.890757927,-2.232269273,2.312009903,-1.657620845,2.483592169,0.624019865,1.653360572,8.165935109,-13.94342699,-5.065973083,1.872828225,0,-7.276053205,-53.95950791,2.747207013,0
0.529,0.017100039,0.359992004,0.898634861,-2.244821955,2.312009903,-1.653355871,2.483592169,0.628188284,1.672531382,8.101748777,-13.61311573,-5.322557724,2.486841444,0,-6.959693584,-54.45846651,2.934467369,0
0.53,0.017744652,0.361724133,0.906511795,-2.257374636,2.312009903,-1.649090898,2.483592169,0.632356702,1.691702191,8.037562445,-13.28280446,-5.579142364,3.100854662,0,-6.643333962,-54.95742511,3.121727725,0
0.531,0.018389264,0.363456261,0.914388729,-2.269927317,2.312009903,-1.644825924,2.483592169,0.63652512,1.710873,7.973376112,-12.9524932,-5.835727005,3.71486788,0,-6.32697434,-55.45638371,3.30898808,0
0.532,0.019033877,0.36518839,0.922265663,-2.282479999,2.312009903,-1.640560951,2.483592169,0.640693538,1.730043809,7.90918978,-12.62218193,-6.092311645,4.328881099,0,-6.010614719,-55.95534231,3.496248436,0
0.533,0.01967849,0.366920518,0.930142596,-2.29503268,2.312009903,-1.636295977,2.483592169,0.644861956,1.749214618,7.845003448,-12.29187067,-6.348896286,4.942894317,0,-5.694255097,-56.45430092,3.683508792,0
0.534,0.020323103,0.368652647,0.93801953,-2.307585362,2.312009903,-1.632031004,2.483592169,0.649030374,1.768385427,7.780817116,-11.9615594,-6.605480927,5.556907535,0,-5.377895476,-56.95325952,3.870769147,0
0.535,0.020967716,0.370384775,0.945896464,-2.320138043,2.312009903,-1.62776603,2.483592169,0.653198792,1.787556236,7.716630784,-11.63124814,-6.862065567,6.170920754,0,-5.061535854,-57.45221812,4.058029503,0
0.536,0.021612328,0.372116904,0.953773398,-2.332690725,2.312009903,-1.623501056,2.483592169,0.657367211,1.806727045,7.652444452,-11.30093687,-7.118650208,6.784933972,0,-4.745176233,-57.95117672,4.245289859,0
0.537,0.022256941,0.373849032,0.961650332,-2.345243406,2.312009903,-1.619236083,2.483592169,0.661535629,1.825897855,7.58825812,-10.97062561,-7.375234848,7.39894719,0,-4.428816611,-58.45013532,4.432550215,0
0.538,0.022901554,0.375581161,0.969527265,-2.357796088,2.312009903,-1.614971109,2.483592169,0.665704047,1.845068664,7.524071788,-10.64031434,-7.631819489,8.012960408,0,-4.112456989,-58.94909392,4.61981057,0
0.539,0.023546167,0.377313289,0.977404199,-2.370348769,2.312009903,-1.610706136,2.483592169,0.669872465,1.864239473,7.459885456,-10.31000308,-7.88840413,8.626973627,0,-3.796097368,-59.44805252,4.807070926,0
0.54,0.02419078,0.379045418,0.985281133,-2.38290145,2.312009903,-1.606441162,2.483592169,0.674040883,1.883410282,7.395699124,-9.97969181,-8.14498877,9.240986845,0,-3.479737746,-59.94701113,4.994331282,0
0.541,0.024875389,0.381098969,0.992153103,-2.390041354,2.312009903,-1.589674543,2.483592169,0.674437117,1.906352417,7.323011888,-9.596018685,-8.394741732,10.36492106,0,-3.077217597,-60.62343791,5.54644408,0
0.542,0.025559998,0.38315252,0.999025073,-2.397181257,2.312009903,-1.572907924,2.483592169,0.674833351,1.929294552,7.250324652,-9.21234556,-8.644494694,11.48885527,0,-2.674697448,-61.2998647,6.098556879,0
0.543,0.026244606,0.385206071,1.005897042,-2.40432116,2.312009903,-1.556141305,2.483592169,0.675229584,1.952236687,7.177637417,-8.828672434,-8.894247656,12.61278948,0,-2.2721773,-61.97629149,6.650669678,0
0.544,0.026929215,0.387259623,1.012769012,-2.411461064,2.312009903,-1.539374685,2.483592169,0.675625818,1.975178823,7.104950181,-8.444999309,-9.144000618,13.73672369,0,-1.869657151,-62.65271828,7.202782477,0
0.545,0.027613824,0.389313174,1.019640982,-2.418600967,2.312009903,-1.522608066,2.483592169,0.676022052,1.998120958,7.032262945,-8.061326184,-9.39375358,14.8606579,0,-1.467137002,-63.32914507,7.754895276,0
0.546,0.028298433,0.391366725,1.026512952,-2.42574087,2.312009903,-1.505841447,2.483592169,0.676418286,2.021063093,6.95957571,-7.677653058,-9.643506542,15.98459211,0,-1.064616853,-64.00557186,8.307008075,0
0.547,0.028983042,0.393420276,1.033384921,-2.432880774,2.312009903,-1.489074828,2.483592169,0.676814519,2.044005228,6.886888474,-7.293979933,-9.893259504,17.10852632,0,-0.662096704,-64.68199865,8.859120874,0
0.548,0.029667651,0.395473828,1.040256891,-2.440020677,2.312009903,-1.472308209,2.483592169,0.677210753,2.066947363,6.814201238,-6.910306808,-10.14301247,18.23246053,0,-0.259576555,-65.35842544,9.411233673,0
0.549,0.03035226,0.397527379,1.047128861,-2.44716058,2.312009903,-1.455541589,2.483592169,0.677606987,2.089889498,6.741514003,-6.526633682,-10.39276543,19.35639474,0,0.142943594,-66.03485222,9.963346472,0
0.55,0.031036869,0.39958093,1.05400083,-2.454300483,2.312009903,-1.43877497,2.483592169,0.678003221,2.112831633,6.668826767,-6.142960557,-10.64251839,20.48032895,0,0.545463743,-66.71127901,10.51545927,0
0.551,0.031721478,0.401634481,1.0608728,-2.461440387,2.312009903,-1.422008351,2.483592169,0.678399454,2.135773768,6.596139531,-5.759287432,-10.89227135,21.60426316,0,0.947983892,-67.3877058,11.06757207,0
0.552,0.032406087,0.403688033,1.06774477,-2.46858029,2.312009903,-1.405241732,2.483592169,0.678795688,2.158715904,6.523452296,-5.375614306,-11.14202431,22.72819737,0,1.35050404,-68.06413259,11.61968487,0
0.553,0.033090696,0.405741584,1.07461674,-2.475720193,2.312009903,-1.388475113,2.483592169,0.679191922,2.181658039,6.45076506,-4.991941181,-11.39177728,23.85213158,0,1.753024189,-68.74055938,12.17179767,0
0.554,0.033775305,0.407795135,1.081488709,-2.482860097,2.312009903,-1.371708494,2.483592169,0.679588156,2.204600174,6.378077825,-4.608268056,-11.64153024,24.97606579,0,2.155544338,-69.41698617,12.72391047,0
0.555,0.034459914,0.409848686,1.088360679,-2.49,2.312009903,-1.354941874,2.483592169,0.679984389,2.227542309,6.305390589,-4.22459493,-11.8912832,26.1,0,2.558064487,-70.09341296,13.27602327,0
0.556,0.035161524,0.412330594,1.092631708,-2.488796348,2.312009903,-1.325128133,2.483592169,0.685630544,2.266558723,5.939145365,-3.338333283,-12.25853099,26.1,0,5.587526855,-70.22051876,11.78703881,0
0.557,0.035863134,0.414812502,1.096902737,-2.487592696,2.312009903,-1.295314392,2.483592169,0.691276698,2.305575137,5.572900141,-2.452071636,-12.62577877,26.1,0,8.616989222,-70.34762456,10.29805435,0
0.558,0.036564745,0.41729441,1.101173766,-2.486389044,2.312009903,-1.265500651,2.483592169,0.696922852,2.34459155,5.206654917,-1.565809989,-12.99302656,26.1,0,11.64645159,-70.47473037,8.809069898,0
0.559,0.037266355,0.419776318,1.105444795,-2.485185392,2.312009903,-1.235686909,2.483592169,0.702569006,2.383607964,4.840409693,-0.679548342,-13.36027435,26.1,0,14.67591396,-70.60183617,7.320085442,0
0.56,0.037967965,0.422258225,1.109715824,-2.48398174,2.312009903,-1.205873168,2.483592169,0.708215161,2.422624378,4.474164469,0.206713305,-13.72752213,26.1,0,17.70537632,-70.72894197,5.831100986,0
0.561,0.038669576,0.424740133,1.113986853,-2.482778087,2.312009903,-1.176059427,2.483592169,0.713861315,2.461640792,4.107919245,1.092974952,-14.09476992,26.1,0,20.73483869,-70.85604777,4.34211653,0
0.562,0.039371186,0.427222041,1.118257882,-2.481574435,2.312009903,-1.146245686,2.483592169,0.719507469,2.500657205,3.741674022,1.979236599,-14.46201771,26.1,0,23.76430106,-70.98315358,2.853132074,0
0.563,0.040072797,0.429703949,1.122528911,-2.480370783,2.312009903,-1.116431944,2.483592169,0.725153623,2.539673619,3.375428798,2.865498246,-14.82926549,26.1,0,26.79376343,-71.11025938,1.364147618,0
0.564,0.040774407,0.432185856,1.12679994,-2.479167131,2.312009903,-1.086618203,2.483592169,0.730799778,2.578690033,3.009183574,3.751759893,-15.19651328,26.1,0,29.82322579,-71.23736518,-0.124836838,0
0.565,0.041476017,0.434667764,1.131070968,-2.477963479,2.312009903,-1.056804462,2.483592169,0.736445932,2.617706447,2.64293835,4.63802154,-15.56376107,26.1,0,32.85268816,-71.36447099,-1.613821293,0
0.566,0.042177628,0.437149672,1.135341997,-2.476759827,2.312009903,-1.026990721,2.483592169,0.742092086,2.656722861,2.276693126,5.524283187,-15.93100885,26.1,0,35.88215053,-71.49157679,-3.102805749,0
0.567,0.042879238,0.43963158,1.139613026,-2.475556175,2.312009903,-0.997176979,2.483592169,0.74773824,2.695739274,1.910447902,6.410544834,-16.29825664,26.1,0,38.9116129,-71.61868259,-4.591790205,0
0.568,0.043580849,0.442113487,1.143884055,-2.474352523,2.312009903,-0.967363238,2.483592169,0.753384395,2.734755688,1.544202678,7.296806481,-16.66550443,26.1,0,41.94107526,-71.74578839,-6.080774661,0
0.569,0.044282459,0.444595395,1.148155084,-2.473148871,2.312009903,-0.937549497,2.483592169,0.759030549,2.773772102,1.177957454,8.183068128,-17.03275221,26.1,0,44.97053763,-71.8728942,-7.569759117,0
0.57,0.044984069,0.447077303,1.152426113,-2.471945219,2.312009903,-0.907735756,2.483592169,0.764676703,2.812788516,0.81171223,9.069329775,-17.4,26.1,0,48,-72,-9.058743573,0
0.571,0.045901205,0.45015154,1.149428241,-2.455349035,2.312009903,-0.902749473,2.483592169,0.788201208,2.837917693,0.375413257,9.887824794,-16.49060412,22.62,0,45.61600195,-66.10512349,-11.62709047,0
0.572,0.046818341,0.453225777,1.146430368,-2.438752852,2.312009903,-0.897763191,2.483592169,0.811725713,2.863046871,-0.060885716,10.70631981,-15.58120824,19.14,0,43.23200389,-60.21024698,-14.19543737,0
0.573,0.047735477,0.456300013,1.143432496,-2.422156668,2.312009903,-0.892776909,2.483592169,0.835250219,2.888176048,-0.497184689,11.52481483,-14.67181235,15.66,0,40.84800584,-54.31537047,-16.76378427,0
0.574,0.048652613,0.45937425,1.140434624,-2.405560485,2.312009903,-0.887790626,2.483592169,0.858774724,2.913305226,-0.933483662,12.34330985,-13.76241647,12.18,0,38.46400779,-48.42049396,-19.33213117,0
0.575,0.049569749,0.462448487,1.137436751,-2.388964301,2.312009903,-0.882804344,2.483592169,0.882299229,2.938434404,-1.369782635,13.16180487,-12.85302059,8.7,0,36.08000974,-42.52561745,-21.90047807,0
0.576,0.050486884,0.465522724,1.134438879,-2.372368118,2.312009903,-0.877818062,2.483592169,0.905823734,2.963563581,-1.806081609,13.98029989,-11.94362471,5.22,0,33.69601168,-36.63074094,-24.46882497,0
0.577,0.05140402,0.468596961,1.131441007,-2.355771934,2.312009903,-0.87283178,2.483592169,0.929348239,2.988692759,-2.242380582,14.79879491,-11.03422883,1.74,0,31.31201363,-30.73586443,-27.03717187,0
0.578,0.052321156,0.471671197,1.128443134,-2.339175751,2.312009903,-0.867845497,2.483592169,0.952872745,3.013821936,-2.678679555,15.61728993,-10.12483295,-1.74,0,28.92801558,-24.84098792,-29.60551877,0
0.579,0.053238292,0.474745434,1.125445262,-2.322579567,2.312009903,-0.862859215,2.483592169,0.97639725,3.038951114,-3.114978528,16.43578495,-9.215437064,-5.22,0,26.54401752,-18.94611141,-32.17386567,0
0.58,0.054155428,0.477819671,1.122447389,-2.305983384,2.312009903,-0.857872933,2.483592169,0.999921755,3.064080292,-3.551277501,17.25427996,-8.306041182,-8.7,0,24.16001947,-13.0512349,-34.74221257,0
0.581,0.055072564,0.480893908,1.119449517,-2.2893872,2.312009903,-0.85288665,2.483592169,1.02344626,3.089209469,-3.987576474,18.07277498,-7.3966453,-12.18,0,21.77602142,-7.156358388,-37.31055947,0
0.582,0.0559897,0.483968144,1.116451645,-2.272791017,2.312009903,-0.847900368,2.483592169,1.046970765,3.114338647,-4.423875448,18.89127,-6.487249418,-15.66,0,19.39202336,-1.261481877,-39.87890637,0
0.583,0.056906835,0.487042381,1.113453772,-2.256194833,2.312009903,-0.842914086,2.483592169,1.07049527,3.139467824,-4.860174421,19.70976502,-5.577853536,-19.14,0,17.00802531,4.633394633,-42.44725327,0
0.584,0.057823971,0.490116618,1.1104559,-2.23959865,2.312009903,-0.837927803,2.483592169,1.094019776,3.164597002,-5.296473394,20.52826004,-4.668457654,-22.62,0,14.62402726,10.52827114,-45.01560016,0
0.585,0.058741107,0.493190855,1.107458028,-2.223002466,2.312009903,-0.832941521,2.483592169,1.117544281,3.18972618,-5.732772367,21.34675506,-3.759061773,-26.1,0,12.24002921,16.42314765,-47.58394706,0
0.586,0.059924801,0.49633673,1.101763493,-2.204204304,2.312009903,-0.870915802,2.483592169,1.114216804,3.182986548,-5.614442538,20.70541256,-2.348457654,-25.73759534,0,10.22566262,15.21462915,-41.21168393,0
0.587,0.061108496,0.499482606,1.096068959,-2.185406141,2.312009903,-0.908890084,2.483592169,1.110889327,3.176246916,-5.496112708,20.06407007,-0.937853536,-25.37519069,0,8.211296027,14.00611066,-34.83942079,0
0.588,0.06229219,0.502628482,1.090374425,-2.166607978,2.312009903,-0.946864365,2.483592169,1.10756185,3.169507284,-5.377782879,19.42272757,0.472750582,-25.01278603,0,6.196929438,12.79759216,-28.46715765,0
0.589,0.063475884,0.505774357,1.084679891,-2.147809816,2.312009903,-0.984838646,2.483592169,1.104234372,3.162767652,-5.259453049,18.78138508,1.8833547,-24.65038137,0,4.182562848,11.58907366,-22.09489451,0
0.59,0.064659578,0.508920233,1.078985357,-2.129011653,2.312009903,-1.022812927,2.483592169,1.100906895,3.15602802,-5.14112322,18.14004259,3.293958818,-24.28797672,0,2.168196259,10.38055516,-15.72263138,0
0.591,0.065843272,0.512066109,1.073290823,-2.11021349,2.312009903,-1.060787209,2.483592169,1.097579418,3.149288388,-5.02279339,17.49870009,4.704562936,-23.92557206,0,0.153829669,9.172036659,-9.350368238,0
0.592,0.067026967,0.515211984,1.067596289,-2.091415328,2.312009903,-1.09876149,2.483592169,1.094251941,3.142548757,-4.904463561,16.8573576,6.115167055,-23.5631674,0,-1.86053692,7.96351816,-2.978105101,0
0.593,0.068210661,0.51835786,1.061901754,-2.072617165,2.312009903,-1.136735771,2.483592169,1.090924464,3.135809125,-4.786133731,16.2160151,7.525771173,-23.20076275,0,-3.87490351,6.754999661,3.394158037,0
0.594,0.069394355,0.521503736,1.05620722,-2.053819002,2.312009903,-1.174710053,2.483592169,1.087596987,3.129069493,-4.667803902,15.57467261,8.936375291,-22.83835809,0,-5.889270099,5.546481161,9.766421174,0
0.595,0.070578049,0.524649612,1.050512686,-2.03502084,2.312009903,-1.212684334,2.483592169,1.08426951,3.122329861,-4.549474072,14.93333011,10.34697941,-22.47595343,0,-7.903636689,4.337962662,16.13868431,0
0.596,0.071761743,0.527795487,1.044818152,-2.016222677,2.312009903,-1.250658615,2.483592169,1.080942033,3.115590229,-4.431144243,14.29198762,11.75758353,-22.11354877,0,-9.918003278,3.129444163,22.51094745,0
0.597,0.072945437,0.530941363,1.039123618,-1.997424514,2.312009903,-1.288632896,2.483592169,1.077614556,3.108850597,-4.312814413,13.65064512,13.16818765,-21.75114412,0,-11.93236987,1.920925664,28.88321059,0
0.598,0.074129132,0.534087239,1.033429084,-1.978626352,2.312009903,-1.326607178,2.483592169,1.074287078,3.102110966,-4.194484584,13.00930263,14.57879176,-21.38873946,0,-13.94673646,0.712407165,35.25547372,0
0.599,0.075312826,0.537233114,1.02773455,-1.959828189,2.312009903,-1.364581459,2.483592169,1.070959601,3.095371334,-4.076154754,12.36796013,15.98939588,-21.0263348,0,-15.96110305,-0.496111334,41.62773686,0
0.6,0.07649652,0.54037899,1.022040015,-1.941030026,2.312009903,-1.40255574,2.483592169,1.067632124,3.088631702,-3.957824925,11.72661764,17.4,-20.66393015,0,-17.97546964,-1.704629833,48,0
0.601,0.077427562,0.543375887,1.019199786,-1.930694308,2.312009903,-1.404867691,2.483592169,1.060198787,3.074993054,-3.963316607,12.22140032,17.4,-20.09319447,0,-15.50133885,-1.294477547,42.11369386,0
0.602,0.078358604,0.546372783,1.016359557,-1.920358591,2.312009903,-1.407179642,2.483592169,1.05276545,3.061354407,-3.968808289,12.71618301,17.4,-19.52245879,0,-13.02720807,-0.884325262,36.22738773,0
0.603,0.079289647,0.54936968,1.013519329,-1.910022873,2.312009903,-1.409491593,2.483592169,1.045332113,3.047715759,-3.974299972,13.21096569,17.4,-18.95172311,0,-10.55307728,-0.474172976,30.34108159,0
0.604,0.080220689,0.552366577,1.0106791,-1.899687155,2.312009903,-1.411803544,2.483592169,1.037898776,3.034077112,-3.979791654,13.70574837,17.4,-18.38098743,0,-8.078946496,-0.06402069,24.45477545,0
0.605,0.081151731,0.555363474,1.007838871,-1.889351437,2.312009903,-1.414115494,2.483592169,1.030465439,3.020438464,-3.985283337,14.20053106,17.4,-17.81025175,0,-5.604815711,0.346131595,18.56846931,0
0.606,0.082082773,0.55836037,1.004998642,-1.879015719,2.312009903,-1.416427445,2.483592169,1.023032102,3.006799816,-3.990775019,14.69531374,17.4,-17.23951607,0,-3.130684927,0.756283881,12.68216318,0
0.607,0.083013815,0.561357267,1.002158413,-1.868680001,2.312009903,-1.418739396,2.483592169,1.015598765,2.993161169,-3.996266702,15.19009643,17.4,-16.66878039,0,-0.656554142,1.166436167,6.795857038,0
0.608,0.083944857,0.564354164,0.999318184,-1.858344283,2.312009903,-1.421051347,2.483592169,1.008165428,2.979522521,-4.001758384,15.68487911,17.4,-16.09804471,0,1.817576643,1.576588452,0.909550901,0
0.609,0.0848759,0.567351061,0.996477955,-1.848008565,2.312009903,-1.423363298,2.483592169,1.000732091,2.965883874,-4.007250067,16.17966179,17.4,-15.52730902,0,4.291707428,1.986740738,-4.976755236,0
0.61,0.085806942,0.570347957,0.993637726,-1.837672847,2.312009903,-1.425675249,2.483592169,0.993298754,2.952245226,-4.012741749,16.67444448,17.4,-14.95657334,0,6.765838213,2.396893024,-10.86306137,0
0.611,0.086737984,0.573344854,0.990797497,-1.827337129,2.312009903,-1.4279872,2.483592169,0.985865417,2.938606578,-4.018233431,17.16922716,17.4,-14.38583766,0,9.239968998,2.80704531,-16.74936751,0
0.612,0.087669026,0.576341751,0.987957268,-1.817001411,2.312009903,-1.43029915,2.483592169,0.97843208,2.924967931,-4.023725114,17.66400984,17.4,-13.81510198,0,11.71409978,3.217197595,-22.63567365,0
0.613,0.088600068,0.579338648,0.985117039,-1.806665693,2.312009903,-1.432611101,2.483592169,0.970998743,2.911329283,-4.029216796,18.15879253,17.4,-13.2443663,0,14.18823057,3.627349881,-28.52197979,0
0.614,0.08953111,0.582335544,0.98227681,-1.796329975,2.312009903,-1.434923052,2.483592169,0.963565406,2.897690636,-4.034708479,18.65357521,17.4,-12.67363062,0,16.66236135,4.037502167,-34.40828592,0
0.615,0.090462153,0.585332441,0.979436581,-1.785994258,2.312009903,-1.437235003,2.483592169,0.956132069,2.884051988,-4.040200161,19.1483579,17.4,-12.10289494,0,19.13649214,4.447654452,-40.29459206,0
0.616,0.091520252,0.588164445,0.975053353,-1.765742249,2.312009903,-1.458538546,2.483592169,0.964074,2.88257184,-3.874302195,18.10133866,17.4,-11.41409692,0,15.32384395,3.933191426,-34.40828592,0
0.617,0.092578352,0.590996448,0.970670125,-1.74549024,2.312009903,-1.479842089,2.483592169,0.97201593,2.881091693,-3.708404229,17.05431942,17.4,-10.7252989,0,11.51119575,3.418728399,-28.52197979,0
0.618,0.093636451,0.593828452,0.966286897,-1.725238232,2.312009903,-1.479842089,2.483592169,0.97995786,2.879611545,-3.542506262,16.00730018,17.4,-10.03650089,0,7.698547561,2.904265373,-22.63567365,0
0.619,0.094694551,0.596660456,0.961903669,-1.704986223,2.312009903,-1.479842089,2.483592169,0.987899791,2.878131397,-3.376608296,14.96028094,17.4,-9.347702866,0,3.885899368,2.389802347,-16.74936751,0
0.62,0.095752651,0.599492459,0.957520441,-1.684734214,2.312009903,-1.479842089,2.483592169,0.995841721,2.87665125,-3.210710329,13.9132617,17.4,-8.658904847,0,0.073251176,1.87533932,-10.86306137,0
0.621,0.09681075,0.602324463,0.953137213,-1.664482206,2.312009903,-1.479842089,2.483592169,1.003783651,2.875171102,-3.044812363,12.86624246,17.4,-7.970106828,0,-3.739397017,1.360876294,-4.976755236,0
0.622,0.09786885,0.605156466,0.948753986,-1.644230197,2.312009903,-1.479842089,2.483592169,1.011725581,2.873690954,-2.878914397,11.81922322,17.4,-7.281308809,0,-7.552045209,0.846413267,0.909550901,0
0.623,0.09892695,0.60798847,0.944370758,-1.623978188,2.312009903,-1.479842089,2.483592169,1.019667512,2.872210807,-2.71301643,10.77220398,17.4,-6.59251079,0,-11.3646934,0.331950241,6.795857038,0
0.624,0.099985049,0.610820474,0.93998753,-1.60372618,2.312009903,-1.479842089,2.483592169,1.027609442,2.870730659,-2.547118464,9.725184739,17.4,-5.903712771,0,-15.17734159,-0.182512786,12.68216318,0
0.625,0.101043149,0.613652477,0.935604302,-1.583474171,2.312009903,-1.479842089,2.483592169,1.035551372,2.869250511,-2.381220498,8.678165499,17.4,-5.214914752,0,-18.98998979,-0.696975812,18.56846931,0
0.626,0.102101249,0.616484481,0.931221074,-1.563222162,2.312009903,-1.479842089,2.483592169,1.043493303,2.867770363,-2.215322531,7.63114626,17.4,-4.526116732,0,-22.80263798,-1.211438839,24.45477545,0
0.627,0.103159348,0.619316484,0.926837846,-1.542970154,2.312009903,-1.479842089,2.483592169,1.051435233,2.866290216,-2.049424565,6.58412702,17.4,-3.837318713,0,-26.61528617,-1.725901865,30.34108159,0
0.628,0.104217448,0.622148488,0.922454618,-1.522718145,2.312009903,-1.479842089,2.483592169,1.059377163,2.864810068,-1.883526599,5.53710778,17.4,-3.148520694,0,-30.42793436,-2.240364891,36.22738773,0
0.629,0.105275547,0.624980492,0.91807139,-1.502466136,2.312009903,-1.479842089,2.483592169,1.067319093,2.86332992,-1.717628632,4.490088541,17.4,-2.459722675,0,-34.24058256,-2.754827918,42.11369386,0
0.63,0.106333647,0.627812495,0.913688162,-1.482214128,2.312009903,-1.479842089,2.483592169,1.075261024,2.861849773,-1.551730666,3.443069301,17.4,-1.770924656,0,-38.05323075,-3.269290944,48,0
0.631,0.107386122,0.630711347,0.913917423,-1.486293836,2.312009903,-1.479842089,2.483592169,1.075213197,2.861800043,-1.595933238,4.25328036,16.90891624,-1.575109422,0,-32.87981479,-3.396802015,41.6,0
0.632,0.108438597,0.633610199,0.914146684,-1.490373543,2.312009903,-1.479842089,2.483592169,1.07516537,2.861750313,-1.640135811,5.063491418,16.41783248,-1.379294189,0,-27.70639884,-3.524313085,35.2,0
0.633,0.109491072,0.636509051,0.914375945,-1.494453251,2.312009903,-1.479842089,2.483592169,1.075117543,2.861700583,-1.684338383,5.873702477,15.92674872,-1.183478956,0,-22.53298288,-3.651824156,28.8,0
0.634,0.110543547,0.639407903,0.914605207,-1.498532959,2.312009903,-1.479842089,2.483592169,1.075069717,2.861650853,-1.728540956,6.683913536,15.43566495,-0.987663722,0,-17.35956693,-3.779335226,22.4,0
0.635,0.111596022,0.642306755,0.914834468,-1.502612667,2.312009903,-1.479842089,2.483592169,1.07502189,2.861601123,-1.772743528,7.494124594,14.94458119,-0.791848489,0,-12.18615097,-3.906846297,16,0
0.636,0.112648497,0.645205606,0.915063729,-1.506692374,2.312009903,-1.479842089,2.483592169,1.074974063,2.861551393,-1.816946101,8.304335653,14.45349743,-0.596033255,0,-7.012735013,-4.034357367,9.6,0
0.637,0.113700972,0.648104458,0.91529299,-1.510772082,2.312009903,-1.479842089,2.483592169,1.074926237,2.861501664,-1.861148673,9.114546711,13.96241367,-0.400218022,0,-1.839319057,-4.161868438,3.2,0
0.638,0.114753447,0.65100331,0.915522251,-1.51485179,2.424824873,-1.479842089,2.483592169,1.07487841,2.861451934,-1.905351246,9.92475777,13.47132991,-0.204402788,0,3.334096899,-4.289379509,-3.2,0
0.639,0.115805922,0.653902162,0.915751512,-1.518931498,2.441038689,-1.479842089,2.483592169,1.074830583,2.861402204,-1.949553818,10.73496883,0,0,0,0,0,0,0
0.64,0.116858397,0.656801014,0.915980773,-1.523011206,2.441038689,-1.288350761,2.483592169,1.074782756,2.861352474,-1.993756391,11.54517989,0,0,0,0,0,0,0
0.641,0.117910872,0.659699866,0.916210035,-1.527090913,2.441038689,-1.288350761,2.483592169,1.07473493,2.861302744,-2.037958963,12.35539095,0,0,0,0,0,0,0
0.642,0.118963347,0.662598717,0.916439296,-1.531170621,2.441038689,-1.288350761,2.483592169,1.074687103,2.861253014,-2.082161536,13.165602,0,0,0,0,0,0,0
0.643,0.120015823,0.665497569,0.916668557,-1.535250329,2.441038689,-1.288350761,2.483592169,1.074639276,2.861203284,-2.126364108,13.97581306,0,0,0,0,0,0,0
0.644,0.121068298,0.668396421,0.916897818,-1.539330037,2.441038689,-1.288350761,2.483592169,1.07459145,2.861153554,-2.170566681,14.78602412,0,0,0,0,0,0,0
0.645,0.122120773,0.671295273,0.917127079,-1.543409744,2.441038689,-1.288350761,2.483592169,1.074543623,2.861103824,-2.214769253,15.59623518,0,0,0,0,0,0,0
0.646,0.123277451,0.674123276,0.912729652,-1.514796286,2.441038689,-1.288350761,2.483592169,1.086508813,2.861982712,-2.206696788,15.07469896,0,0,0,0,0,0,0
0.647,0.12443413,0.676951278,0.908332225,-1.486182828,2.441038689,-1.288350761,2.483592169,1.098474003,2.8628616,-2.198624322,14.55316275,0,0,0,0,0,0,0
0.648,0.125590809,0.679779281,0.903934797,-1.45756937,2.441038689,-1.288350761,2.483592169,1.110439193,2.863740487,-2.190551857,14.03162653,0,0,0,0,0,0,0
0.649,0.126747488,0.682607284,0.89953737,-1.428955912,2.441038689,-1.288350761,2.483592169,1.122404383,2.864619375,-2.182479391,13.51009031,0,0,0,0,0,0,0
0.65,0.127904166,0.685435286,0.895139943,-1.400342454,2.441038689,-1.288350761,2.483592169,1.134369573,2.865498263,-2.174406926,12.98855409,0,0,0,0,0,0,0
0.651,0.129060845,0.688263289,0.890742516,-1.371728996,2.441038689,-1.288350761,2.483592169,1.146334763,2.86637715,-2.16633446,12.46701787,0,0,0,0,0,0,0
0.652,0.130217524,0.691091292,0.886345088,-1.343115538,2.441038689,-1.288350761,2.483592169,1.158299953,2.867256038,-2.158261995,11.94548166,0,0,0,0,0,0,0
0.653,0.131374203,0.693919295,0.881947661,-1.31450208,2.441038689,-1.288350761,2.483592169,1.170265143,2.868134925,-2.150189529,11.42394544,0,0,0,0,0,0,0
0.654,0.132530882,0.696747297,0.877550234,-1.285888621,2.441038689,-1.288350761,2.483592169,1.182230333,2.869013813,-2.142117064,10.90240922,0,0,0,0,0,0,0
0.655,0.13368756,0.6995753,0.873152807,-1.257275163,2.441038689,-1.288350761,2.483592169,1.194195524,2.869892701,-2.134044598,10.380873,0,0,0,0,0,0,0
0.656,0.134844239,0.702403303,0.868755379,-1.228661705,2.441038689,-1.288350761,2.483592169,1.206160714,2.870771588,-2.125972133,9.859336787,0,0,0,0,0,0,0
0.657,0.136000918,0.705231306,0.864357952,-1.200048247,2.441038689,-1.288350761,2.483592169,1.218125904,2.871650476,-2.117899667,9.337800569,0,0,0,0,0,0,0
0.658,0.137157597,0.708059308,0.859960525,-1.171434789,2.441038689,-1.288350761,2.483592169,1.230091094,2.872529364,-2.109827202,8.816264352,0,0,0,0,0,0,0
0.659,0.138314275,0.710887311,0.855563098,-1.142821331,2.441038689,-1.288350761,2.483592169,1.242056284,2.873408251,-2.101754736,8.294728134,0,0,0,0,0,0,0
0.66,0.139470954,0.713715314,0.851165671,-1.114207873,2.441038689,-1.288350761,2.483592169,1.254021474,2.874287139,-2.093682271,7.773191916,0,0,0,0,0,0,0
0.661,0.140774285,0.716620185,0.851329597,-1.124899961,2.441038689,-1.288350761,2.483592169,1.25637977,2.872025261,-2.094836581,7.726650458,0,0,0,0,0,0,0
0.662,0.142077617,0.719525057,0.851493523,-1.13559205,2.441038689,-1.288350761,2.483592169,1.258738066,2.869763383,-2.095990891,7.680108999,0,0,0,0,0,0,0
0.663,0.143380948,0.722429928,0.851657449,-1.146284138,2.441038689,-1.288350761,2.483592169,1.261096363,2.867501506,-2.097145201,7.633567541,0,0,0,0,0,0,0
0.664,0.14468428,0.7253348,0.851821375,-1.156976227,2.441038689,-1.288350761,2.483592169,1.263454659,2.865239628,-2.098299512,7.587026082,0,0,0,0,0,0,0
0.665,0.145987611,0.728239671,0.851985301,-1.167668315,2.441038689,-1.288350761,2.483592169,1.265812955,2.862977751,-2.099453822,7.540484624,0,0,0,0,0,0,0
0.666,0.147290942,0.731144543,0.852149227,-1.178360404,2.441038689,-1.288350761,2.483592169,1.268171252,2.860715873,-2.100608132,7.493943165,0,0,0,0,0,0,0
0.667,0.148594274,0.734049415,0.852313153,-1.189052493,2.441038689,-1.288350761,2.483592169,1.270529548,2.858453995,-2.101762442,7.447401707,0,0,0,0,0,0,0
0.668,0.149897605,0.736954286,0.852477079,-1.199744581,2.441038689,-1.288350761,2.483592169,1.272887844,2.856192118,-2.102916753,7.400860249,0,0,0,0,0,0,0
0.669,0.151200936,0.739859158,0.852641005,-1.21043667,2.441038689,-1.288350761,2.483592169,1.275246141,2.85393024,-2.104071063,7.35431879,0,0,0,0,0,0,0
0.67,0.152504268,0.742764029,0.852804931,-1.221128758,2.441038689,-1.288350761,2.483592169,1.277604437,2.851668362,-2.105225373,7.307777332,0,0,0,0,0,0,0
0.671,0.153807599,0.745668901,0.852968857,-1.231820847,2.441038689,-1.288350761,2.483592169,1.279962733,2.849406485,-2.106379683,7.261235873,0,0,0,0,0,0,0
0.672,0.15511093,0.748573772,0.853132783,-1.242512935,2.441038689,-1.288350761,2.483592169,1.282321029,2.847144607,-2.107533994,7.214694415,0,0,0,0,0,0,0
0.673,0.156414262,0.751478644,0.853296709,-1.253205024,2.441038689,-1.288350761,2.483592169,1.284679326,2.844882729,-2.108688304,7.168152956,0,0,0,0,0,0,0
0.674,0.157717593,0.754383515,0.853460635,-1.263897112,2.441038689,-1.288350761,2.483592169,1.287037622,2.842620852,-2.109842614,7.121611498,0,0,0,0,0,0,0
0.675,0.159020924,0.757288387,0.853624561,-1.274589201,2.441038689,-1.288350761,2.483592169,1.289395918,2.840358974,-2.110996924,7.075070039,0,0,0,0,0,0,0
0.676,0.160298702,0.760035986,0.848266047,-1.243172608,2.441038689,-1.288350761,2.483592169,1.292217358,2.832446812,-2.306669186,8.343398703,0,0,0,0,0,0,0
0.677,0.16157648,0.762783584,0.842907534,-1.211756015,2.441038689,-1.288350761,2.483592169,1.295038797,2.824534651,-2.502341448,9.611727367,0,0,0,0,0,0,0
0.678,0.162854258,0.765531183,0.837549021,-1.180339421,2.441038689,-1.288350761,2.483592169,1.297860236,2.816622489,-2.69801371,10.88005603,0,0,0,0,0,0,0
0.679,0.164132036,0.768278782,0.832190508,-1.148922828,2.441038689,-1.288350761,2.483592169,1.300681676,2.808710327,-2.893685972,12.1483847,0,0,0,0,0,0,0
0.68,0.165409814,0.771026381,0.826831995,-1.117506235,2.441038689,-1.288350761,2.483592169,1.303503115,2.800798165,-3.089358234,13.41671336,0,0,0,0,0,0,0
0.681,0.166687592,0.773773979,0.821473482,-1.086089642,2.441038689,-1.288350761,2.483592169,1.306324555,2.792886004,-3.285030496,14.68504202,0,0,0,0,0,0,0
0.682,0.16796537,0.776521578,0.816114969,-1.054673049,2.441038689,-1.288350761,2.483592169,1.309145994,2.784973842,-3.480702758,15.95337069,0,0,0,0,0,0,0
0.683,0.169243148,0.779269177,0.810756456,-1.023256456,2.441038689,-1.288350761,2.483592169,1.311967433,2.77706168,-3.676375019,17.22169935,0,0,0,0,0,0,0
0.684,0.170520926,0.782016776,0.805397943,-1.248926377,2.441038689,-1.288350761,2.483592169,1.314788873,2.769149518,-3.872047281,18.49002802,0,0,0,0,0,0,0
0.685,0.171798704,0.784764374,0.80003943,-1.248926377,2.441038689,-1.288350761,2.483592169,1.317610312,2.761237357,-4.067719543,19.75835668,0,0,0,0,0,0,0
0.686,0.173076482,0.787511973,0.794680917,-1.248926377,2.441038689,-1.288350761,2.483592169,1.320431752,2.753325195,-4.263391805,21.02668534,0,0,0,0,0,0,0
0.687,0.174354259,0.790259572,0.789322404,-1.248926377,2.441038689,-1.288350761,2.483592169,1.323253191,2.745413033,-4.459064067,22.29501401,0,0,0,0,0,0,0
0.688,0.175632037,0.793007171,0.783963891,-1.248926377,2.441038689,-1.288350761,2.483592169,1.326074631,2.737500871,-4.654736329,23.56334267,0,0,0,0,0,0,0
0.689,0.176909815,0.795754769,0.778605378,-1.248926377,2.441038689,-1.288350761,2.483592169,1.32889607,2.72958871,-4.850408591,24.83167134,0,0,0,0,0,0,0
0.69,0.178187593,0.798502368,0.773246864,-1.248926377,2.441038689,-1.288350761,2.483592169,1.331717509,2.721676548,-5.046080853,26.1,0,0,0,0,0,0,0
0.691,0.179579915,0.801224275,0.770538653,-1.248926377,2.441038689,-1.288350761,2.483592169,1.335871634,2.718994121,-4.83666453,24.33836823,0,0,0,0,0,0,0
0.692,0.180972238,0.803946181,0.767830442,-1.248926377,2.441038689,-1.288350761,2.483592169,1.340025759,2.716311694,-4.627248208,22.57673645,0,0,0,0,0,0,0
0.693,0.18236456,0.806668088,0.765122231,-1.248926377,2.441038689,-1.288350761,2.483592169,1.344179884,2.713629268,-4.417831886,20.81510468,0,0,0,0,0,0,0
0.694,0.183756882,0.809389995,0.76241402,-1.248926377,2.441038689,-1.288350761,2.483592169,1.348334009,2.710946841,-4.208415564,19.05347291,0,0,0,0,0,0,0
0.695,0.185149205,0.812111901,0.759705809,-1.248926377,2.441038689,-1.288350761,2.483592169,1.352488134,2.708264414,-3.998999242,17.29184113,0,0,0,0,0,0,0
0.696,0.186541527,0.814833808,0.756997598,-1.248926377,2.441038689,-1.288350761,2.483592169,1.356642259,2.705581987,-3.78958292,15.53020936,0,0,0,0,0,0,0
0.697,0.187933849,0.817555715,0.754289387,-1.248926377,2.441038689,-1.288350761,2.483592169,1.360796384,2.702899561,-3.580166598,13.76857759,0,0,0,0,0,0,0
0.698,0.189326172,0.820277622,0.751581176,-1.248926377,2.441038689,-1.288350761,2.483592169,1.364950509,2.700217134,-3.370750276,12.00694581,0,0,0,0,0,0,0
0.699,0.190718494,0.822999528,0.748872965,-1.248926377,2.441038689,-1.288350761,2.483592169,1.369104633,2.697534707,-3.161333954,10.24531404,0,0,0,0,0,0,0
0.7,0.192110816,0.825721435,0.746164754,-1.248926377,2.441038689,-1.288350761,2.483592169,1.373258758,2.69485228,-2.951917632,8.483682265,0,0,0,0,0,0,0
0.701,0.193503139,0.828443342,0.743456542,-1.248926377,2.441038689,-1.288350761,2.483592169,1.377412883,2.692169854,-2.74250131,6.722050491,0,0,0,0,0,0,0
0.702,0.194895461,0.831165248,0.740748331,-1.248926377,2.441038689,-1.288350761,2.483592169,1.381567008,2.689487427,-2.533084987,4.960418718,0,0,0,0,0,0,0
0.703,0.196287783,0.833887155,0.73804012,-1.248926377,2.441038689,-1.288350761,2.483592169,1.385721133,2.686805,-2.323668665,3.198786944,0,0,0,0,0,0,0
0.704,0.197680105,0.836609062,0.735331909,-1.248926377,2.441038689,-1.288350761,2.483592169,1.389875258,2.684122573,-2.114252343,1.437155171,0,0,0,0,0,0,0
0.705,0.199072428,0.839330968,0.732623698,-1.248926377,2.441038689,-1.288350761,2.483592169,1.394029383,2.681440147,-1.904836021,-0.324476603,0,0,0,0,0,0,0
0.706,0.200425348,0.841934154,0.730194254,-1.248926377,2.441038689,-1.288350761,2.483592169,1.38961995,2.671199392,-1.961015564,0.350192483,0,0,0,0,0,0,0
0.707,0.201778269,0.844537339,0.727764811,-1.248926377,2.441038689,-1.288350761,2.483592169,1.385210517,2.660958638,-2.017195108,1.024861568,0,0,0,0,0,0,0
0.708,0.203131189,0.847140525,0.725335367,-1.248926377,2.441038689,-1.288350761,2.483592169,1.380801084,2.650717883,-2.073374651,1.699530653,0,0,0,0,0,0,0
0.709,0.20448411,0.84974371,0.722905923,-1.248926377,2.441038689,-1.288350761,2.483592169,1.376391651,2.640477128,-2.129554195,2.374199739,0,0,0,0,0,0,0
0.71,0.20583703,0.852346896,0.72047648,-1.248926377,2.441038689,-1.288350761,2.483592169,1.371982218,2.630236374,-2.185733738,3.048868824,0,0,0,0,0,0,0
0.711,0.207189951,0.854950081,0.718047036,-1.248926377,2.441038689,-1.288350761,2.483592169,1.367572785,2.619995619,-2.241913281,3.723537909,0,0,0,0,0,0,0
0.712,0.208542871,0.857553267,0.715617592,-1.248926377,2.441038689,-1.288350761,2.483592169,1.363163352,2.609754865,-2.298092825,4.398206995,0,0,0,0,0,0,0
0.713,0.209895792,0.860156452,0.713188148,-1.248926377,2.441038689,-1.288350761,2.483592169,1.358753919,2.59951411,-2.354272368,5.07287608,0,0,0,0,0,0,0
0.714,0.211248712,0.862759638,0.710758705,-1.248926377,2.441038689,-1.288350761,2.483592169,1.354344486,2.589273355,-2.410451911,5.747545165,0,0,0,0,0,0,0
0.715,0.212601633,0.865362824,0.708329261,-1.248926377,2.441038689,-1.288350761,2.483592169,1.349935053,2.579032601,-2.466631455,6.422214251,0,0,0,0,0,0,0
0.716,0.213954553,0.867966009,0.705899817,-1.248926377,2.441038689,-1.288350761,2.483592169,1.34552562,2.568791846,-2.522810998,7.096883336,0,0,0,0,0,0,0
0.717,0.215307474,0.870569195,0.703470374,-1.248926377,2.441038689,-1.288350761,2.483592169,1.341116188,2.558551092,-2.578990542,7.771552421,0,0,0,0,0,0,0
0.718,0.216660394,0.87317238,0.70104093,-1.248926377,2.441038689,-1.288350761,2.483592169,1.336706755,2.548310337,-2.635170085,8.446221507,0,0,0,0,0,0,0
0.719,0.218013315,0.875775566,0.698611486,-1.248926377,2.441038689,-1.288350761,2.483592169,1.332297322,2.538069582,-2.691349628,9.120890592,0,0,0,0,0,0,0
0.72,0.219366235,0.878378751,0.696182043,-1.248926377,2.441038689,-1.288350761,2.483592169,1.327887889,2.527828828,-2.747529172,9.795559677,0,0,0,0,0,0,0
0.721,0.220689334,0.880834226,0.693371171,-1.248926377,2.441038689,-1.288350761,2.483592169,1.327526873,2.518187958,-2.752759323,9.89492832,0,0,0,0,0,0,0
0.722,0.222012434,0.883289701,0.6905603,-1.248926377,2.441038689,-1.288350761,2.483592169,1.327165857,2.508547089,-2.757989475,9.994296962,0,0,0,0,0,0,0
0.723,0.223335533,0.885745176,0.687749429,-1.248926377,2.441038689,-1.288350761,2.483592169,1.32680484,2.498906219,-2.763219626,10.0936656,0,0,0,0,0,0,0
0.724,0.224658632,0.888200651,0.684938558,-1.248926377,2.441038689,-1.288350761,2.483592169,1.326443824,2.48926535,-2.768449778,10.19303425,0,0,0,0,0,0,0
0.725,0.225981731,0.890656126,0.682127687,-1.248926377,2.441038689,-1.288350761,2.483592169,1.326082808,2.47962448,-2.77367993,10.29240289,0,0,0,0,0,0,0
0.726,0.22730483,0.893111601,0.679316816,-1.248926377,2.441038689,-1.288350761,2.483592169,1.325721792,2.469983611,-2.778910081,10.39177153,0,0,0,0,0,0,0
0.727,0.228627929,0.895567076,0.676505944,-1.248926377,2.441038689,-1.288350761,2.483592169,1.325360776,2.460342742,-2.784140233,10.49114017,0,0,0,0,0,0,0
0.728,0.229951028,0.898022551,0.673695073,-1.248926377,2.441038689,-1.288350761,2.483592169,1.32499976,2.450701872,-2.789370384,10.59050882,0,0,0,0,0,0,0
0.729,0.231274128,0.900478025,0.670884202,-1.248926377,2.441038689,-1.288350761,2.483592169,1.324638744,2.441061003,-2.794600536,10.68987746,0,0,0,0,0,0,0
0.73,0.232597227,0.9029335,0.668073331,-1.248926377,2.441038689,-1.288350761,2.483592169,1.324277728,2.431420133,-2.799830688,10.7892461,0,0,0,0,0,0,0
0.731,0.233920326,0.905388975,0.66526246,-1.248926377,2.441038689,-1.288350761,2.483592169,1.323916712,2.421779264,-2.805060839,10.88861474,0,0,0,0,0,0,0
0.732,0.235243425,0.90784445,0.662451588,-1.248926377,2.441038689,-1.288350761,2.483592169,1.323555695,2.412138394,-2.810290991,10.98798339,0,0,0,0,0,0,0
0.733,0.236566524,0.910299925,0.659640717,-1.248926377,2.441038689,-1.288350761,2.483592169,1.323194679,2.402497525,-2.815521142,11.08735203,0,0,0,0,0,0,0
0.734,0.237889623,0.9127554,0.656829846,-1.248926377,2.441038689,-1.288350761,2.483592169,1.322833663,2.392856655,-2.820751294,11.18672067,0,0,0,0,0,0,0
0.735,0.239212722,0.915210875,0.654018975,-1.248926377,2.441038689,-1.288350761,2.483592169,1.322472647,2.383215786,-2.825981445,11.28608931,0,0,0,0,0,0,0
0.736,0.240539304,0.917522427,0.651235965,-1.248926377,2.441038689,-1.288350761,2.483592169,1.323058303,2.373693324,-2.819594415,11.24947993,0,0,0,0,0,0,0
0.737,0.241865885,0.919833979,0.648452956,-1.248926377,2.441038689,-1.288350761,2.483592169,1.323643959,2.364170863,-2.813207385,11.21287054,0,0,0,0,0,0,0
0.738,0.243192466,0.922145531,0.645669946,-1.248926377,2.441038689,-1.288350761,2.483592169,1.324229615,2.354648402,-2.806820355,11.17626115,0,0,0,0,0,0,0
0.739,0.244519048,0.924457083,0.642886937,-1.248926377,2.441038689,-1.288350761,2.483592169,1.32481527,2.34512594,-2.800433325,11.13965177,0,0,0,0,0,0,0
0.74,0.245845629,0.926768634,0.640103927,-1.248926377,2.441038689,-1.288350761,2.483592169,1.325400926,2.335603479,-2.794046295,11.10304238,0,0,0,0,0,0,0
0.741,0.24717221,0.929080186,0.637320918,-1.248926377,2.441038689,-1.288350761,2.483592169,1.325986582,2.326081017,-2.787659265,11.06643299,0,0,0,0,0,0,0
0.742,0.248498791,0.931391738,0.634537908,-1.248926377,2.441038689,-1.288350761,2.483592169,1.326572238,2.316558556,-2.781272235,11.0298236,0,0,0,0,0,0,0
0.743,0.249825373,0.93370329,0.631754899,-1.248926377,2.441038689,-1.288350761,2.483592169,1.327157894,2.307036095,-2.774885205,10.99321422,0,0,0,0,0,0,0
0.744,0.251151954,0.936014842,0.628971889,-1.248926377,2.441038689,-1.288350761,2.483592169,1.32774355,2.297513633,-2.768498175,10.95660483,0,0,0,0,0,0,0
0.745,0.252478535,0.938326394,0.62618888,-1.248926377,2.441038689,-1.288350761,2.483592169,1.328329205,2.287991172,-2.762111145,10.91999544,0,0,0,0,0,0,0
0.746,0.253805116,0.940637946,0.62340587,-1.248926377,2.441038689,-1.288350761,2.483592169,1.328914861,2.27846871,-2.755724115,10.88338606,0,0,0,0,0,0,0
0.747,0.255131698,0.942949497,0.62062286,-1.248926377,2.441038689,-1.288350761,2.483592169,1.329500517,2.268946249,-2.749337085,10.84677667,0,0,0,0,0,0,0
0.748,0.256458279,0.945261049,0.617839851,-1.248926377,2.441038689,-1.288350761,2.483592169,1.330086173,2.259423788,-2.742950055,10.81016728,0,0,0,0,0,0,0
0.749,0.25778486,0.947572601,0.615056841,-1.248926377,2.441038689,-1.288350761,2.483592169,1.330671829,2.249901326,-2.736563025,10.77355789,0,0,0,0,0,0,0
0.75,0.259111442,0.949884153,0.612273832,-1.248926377,2.441038689,-1.288350761,2.483592169,1.331257485,2.240378865,-2.730175995,10.73694851,0,0,0,0,0,0,0
0.751,0.260447745,0.952054851,0.609606187,-1.248926377,2.441038689,-1.288350761,2.483592169,1.331916655,2.231154272,-2.721848642,10.66542737,0,0,0,0,0,0,0
0.752,0.261784048,0.954225549,0.606938543,-1.248926377,2.441038689,-1.288350761,2.483592169,1.332575826,2.221929679,-2.713521289,10.59390624,0,0,0,0,0,0,0
0.753,0.263120351,0.956396248,0.604270898,-1.248926377,2.441038689,-1.288350761,2.483592169,1.333234997,2.212705086,-2.705193936,10.5223851,0,0,0,0,0,0,0
0.754,0.264456654,0.958566946,0.601603254,-1.248926377,2.441038689,-1.288350761,2.483592169,1.333894168,2.203480493,-2.696866584,10.45086397,0,0,0,0,0,0,0
0.755,0.265792957,0.960737644,0.59893561,-1.248926377,2.441038689,-1.288350761,2.483592169,1.334553338,2.1942559,-2.688539231,10.37934283,0,0,0,0,0,0,0
0.756,0.26712926,0.962908342,0.596267965,-1.248926377,2.441038689,-1.288350761,2.483592169,1.335212509,2.185031306,-2.680211878,10.3078217,0,0,0,0,0,0,0
0.757,0.268465563,0.96507904,0.593600321,-1.248926377,2.441038689,-1.288350761,2.483592169,1.33587168,2.175806713,-2.671884525,10.23630056,0,0,0,0,0,0,0
0.758,0.269801866,0.967249739,0.590932676,-1.248926377,2.441038689,-1.288350761,2.483592169,1.336530851,2.16658212,-2.663557172,10.16477943,0,0,0,0,0,0,0
0.759,0.271138169,0.969420437,0.588265032,-1.248926377,2.441038689,-1.288350761,2.483592169,1.337190021,2.157357527,-2.65522982,10.09325829,0,0,0,0,0,0,0
0.76,0.272474472,0.971591135,0.585597387,-1.248926377,2.441038689,-1.288350761,2.483592169,1.337849192,2.148132934,-2.646902467,10.02173716,0,0,0,0,0,0,0
0.761,0.273810775,0.973761833,0.582929743,-1.248926377,2.441038689,-1.288350761,2.483592169,1.338508363,2.138908341,-2.638575114,9.950216021,0,0,0,0,0,0,0
0.762,0.275147078,0.975932531,0.580262098,-1.248926377,2.441038689,-1.288350761,2.483592169,1.339167533,2.129683748,-2.630247761,9.878694886,0,0,0,0,0,0,0
0.763,0.276483381,0.97810323,0.577594454,-1.248926377,2.441038689,-1.288350761,2.483592169,1.339826704,2.120459155,-2.621920408,9.807173751,0,0,0,0,0,0,0
0.764,0.277819684,0.980273928,0.574926809,-1.248926377,2.441038689,-1.288350761,2.483592169,1.340485875,2.111234562,-2.613593056,9.735652616,0,0,0,0,0,0,0
0.765,0.279155987,0.982444626,0.572259165,-1.248926377,2.441038689,-1.288350761,2.483592169,1.341145046,2.102009969,-2.605265703,9.66413148,0,0,0,0,0,0,0
0.766,0.280501417,0.984479644,0.569711952,-1.248926377,2.441038689,-1.288350761,2.483592169,1.341692417,2.093124078,-2.597802826,9.5796771,0,0,0,0,0,0,0
0.767,0.281846847,0.986514662,0.567164739,-1.248926377,2.441038689,-1.288350761,2.483592169,1.342239789,2.084238187,-2.590339949,9.495222719,0,0,0,0,0,0,0
0.768,0.283192277,0.98854968,0.564617526,-1.248926377,2.441038689,-1.288350761,2.483592169,1.342787161,2.075352295,-2.582877072,9.410768339,0,0,0,0,0,0,0
0.769,0.284537707,0.990584698,0.562070314,-1.248926377,2.441038689,-1.288350761,2.483592169,1.343334533,2.066466404,-2.575414196,9.326313958,0,0,0,0,0,0,0
0.77,0.285883136,0.992619716,0.559523101,-1.248926377,2.441038689,-1.288350761,2.483592169,1.343881904,2.057580513,-2.567951319,9.241859578,0,0,0,0,0,0,0
0.771,0.287228566,0.994654734,0.556975888,-1.248926377,2.441038689,-1.288350761,2.483592169,1.344429276,2.048694622,-2.560488442,9.157405197,0,0,0,0,0,0,0
0.772,0.288573996,0.996689752,0.554428675,-1.248926377,2.441038689,-1.288350761,2.483592169,1.344976648,2.039808731,-2.553025565,9.072950816,0,0,0,0,0,0,0
0.773,0.289919426,0.99872477,0.551881462,-1.248926377,2.441038689,-1.288350761,2.483592169,1.345524019,2.03092284,-2.545562688,8.988496436,0,0,0,0,0,0,0
0.774,0.291264856,1.000759788,0.54933425,-1.248926377,2.441038689,-1.288350761,2.483592169,1.346071391,2.022036948,-2.538099811,8.904042055,0,0,0,0,0,0,0
0.775,0.292610286,1.002794806,0.546787037,-1.248926377,2.441038689,-1.288350761,2.483592169,1.346618763,2.013151057,-2.530636935,8.819587675,0,0,0,0,0,0,0
0.776,0.293955715,1.004829825,0.544239824,-1.248926377,2.441038689,-1.288350761,2.483592169,1.347166135,2.004265166,-2.523174058,8.735133294,0,0,0,0,0,0,0
0.777,0.295301145,1.006864843,0.541692611,-1.248926377,2.441038689,-1.288350761,2.483592169,1.347713506,1.995379275,-2.515711181,8.650678914,0,0,0,0,0,0,0
0.778,0.296646575,1.008899861,0.539145399,-1.248926377,2.441038689,-1.288350761,2.483592169,1.348260878,1.986493384,-2.508248304,8.566224533,0,0,0,0,0,0,0
0.779,0.297992005,1.010934879,0.536598186,-1.248926377,2.441038689,-1.288350761,2.483592169,1.34880825,1.977607493,-2.500785427,8.481770152,0,0,0,0,0,0,0
0.78,0.299337435,1.012969897,0.534050973,-1.248926377,2.441038689,-1.288350761,2.483592169,1.349355621,1.968721601,-2.493322551,8.397315772,0,0,0,0,0,0,0
0.781,0.300689908,1.014873354,0.531602151,-1.248926377,2.441038689,-1.288350761,2.483592169,1.349741007,1.960041569,-2.487736937,8.306067615,0,0,0,0,0,0,0
0.782,0.302042381,1.016776811,0.529153329,-1.248926377,2.441038689,-1.288350761,2.483592169,1.350126392,1.951361537,-2.482151323,8.214819459,0,0,0,0,0,0,0
0.783,0.303394855,1.018680268,0.526704507,-1.248926377,2.441038689,-1.288350761,2.483592169,1.350511777,1.942681505,-2.476565709,8.123571303,0,0,0,0,0,0,0
0.784,0.304747328,1.020583725,0.524255685,-1.248926377,2.441038689,-1.288350761,2.483592169,1.350897162,1.934001473,-2.470980095,8.032323146,0,0,0,0,0,0,0
0.785,0.306099801,1.022487182,0.521806863,-1.248926377,2.441038689,-1.288350761,2.483592169,1.351282547,1.925321441,-2.465394481,7.94107499,0,0,0,0,0,0,0
0.786,0.307452274,1.024390639,0.519358041,-1.248926377,2.441038689,-1.288350761,2.483592169,1.351667932,1.916641409,-2.459808868,7.849826833,0,0,0,0,0,0,0
0.787,0.308804748,1.026294096,0.516909219,-1.248926377,2.441038689,-1.288350761,2.483592169,1.352053317,1.907961377,-2.454223254,7.758578677,0,0,0,0,0,0,0
0.788,0.310157221,1.028197553,0.514460397,-1.248926377,2.441038689,-1.288350761,2.483592169,1.352438702,1.899281345,-2.44863764,7.667330521,0,0,0,0,0,0,0
0.789,0.311509694,1.03010101,0.512011575,-1.248926377,2.441038689,-1.288350761,2.483592169,1.352824087,1.890601313,-2.443052026,7.576082364,0,0,0,0,0,0,0
0.79,0.312862168,1.032004467,0.509562753,-1.248926377,2.441038689,-1.288350761,2.483592169,1.353209472,1.881921281,-2.437466412,7.484834208,0,0,0,0,0,0,0
0.791,0.314214641,1.033907925,0.507113931,-1.248926377,2.441038689,-1.288350761,2.483592169,1.353594858,1.873241249,-2.431880798,7.393586051,0,0,0,0,0,0,0
0.792,0.315567114,1.035811382,0.504665109,-1.248926377,2.441038689,-1.288350761,2.483592169,1.353980243,1.864561217,-2.426295184,7.302337895,0,0,0,0,0,0,0
0.793,0.316919587,1.037714839,0.502216288,-1.248926377,2.441038689,-1.288350761,2.483592169,1.354365628,1.855881185,-2.420709571,7.211089738,0,0,0,0,0,0,0
0.794,0.318272061,1.039618296,0.499767466,-1.248926377,2.441038689,-1.288350761,2.483592169,1.354751013,1.847201153,-2.415123957,7.119841582,0,0,0,0,0,0,0
0.795,0.319624534,1.041521753,0.497318644,-1.248926377,2.441038689,-1.288350761,2.483592169,1.355136398,1.838521121,-2.409538343,7.028593426,0,0,0,0,0,0,0
0.796,0.320981433,1.043295713,0.494937871,-1.248926377,2.441038689,-1.288350761,2.483592169,1.355341319,1.829915662,-2.406055583,6.932231909,0,0,0,0,0,0,0
0.797,0.322338332,1.045069674,0.492557099,-1.248926377,2.441038689,-1.288350761,2.483592169,1.35554624,1.821310203,-2.402572822,6.835870393,0,0,0,0,0,0,0
0.798,0.323695231,1.046843634,0.490176327,-1.248926377,2.441038689,-1.288350761,2.483592169,1.355751161,1.812704744,-2.399090062,6.739508876,0,0,0,0,0,0,0
0.799,0.32505213,1.048617595,0.487795555,-1.248926377,2.441038689,-1.288350761,2.483592169,1.355956082,1.804099284,-2.395607302,6.64314736,0,0,0,0,0,0,0
0.8,0.326409029,1.050391555,0.485414783,-1.248926377,2.441038689,-1.288350761,2.483592169,1.356161003,1.795493825,-2.392124542,6.546785843,0,0,0,0,0,0,0
0.801,0.327765928,1.052165516,0.48303401,-1.248926377,2.441038689,-1.288350761,2.483592169,1.356365924,1.786888366,-2.388641781,6.450424327,0,0,0,0,0,0,0
0.802,0.329122827,1.053939476,0.480653238,-1.248926377,2.441038689,-1.288350761,2.483592169,1.356570845,1.778282907,-2.385159021,6.35406281,0,0,0,0,0,0,0
0.803,0.330479726,1.055713437,0.478272466,-1.248926377,2.441038689,-1.288350761,2.483592169,1.356775766,1.769677448,-2.381676261,6.257701294,0,0,0,0,0,0,0
0.804,0.331836625,1.057487397,0.475891694,-1.248926377,2.441038689,-1.288350761,2.483592169,1.356980687,1.761071989,-2.3781935,6.161339777,0,0,0,0,0,0,0
0.805,0.333193524,1.059261358,0.473510921,-1.248926377,2.441038689,-1.288350761,2.483592169,1.357185608,1.752466529,-2.37471074,6.064978261,0,0,0,0,0,0,0
0.806,0.334550423,1.061035318,0.471130149,-1.248926377,2.441038689,-1.288350761,2.483592169,1.357390529,1.74386107,-2.37122798,5.968616744,0,0,0,0,0,0,0
0.807,0.335907322,1.062809279,0.468749377,-1.248926377,2.441038689,-1.288350761,2.483592169,1.35759545,1.735255611,-2.36774522,5.872255228,0,0,0,0,0,0,0
0.808,0.337264221,1.064583239,0.466368605,-1.248926377,2.441038689,-1.288350761,2.483592169,1.357800371,1.726650152,-2.364262459,5.775893712,0,0,0,0,0,0,0
0.809,0.33862112,1.0663572,0.463987833,-1.248926377,2.441038689,-1.288350761,2.483592169,1.358005293,1.718044693,-2.360779699,5.679532195,0,0,0,0,0,0,0
0.81,0.339978019,1.06813116,0.46160706,-1.248926377,2.441038689,-1.288350761,2.483592169,1.358210214,1.709439234,-2.357296939,5.583170679,0,0,0,0,0,0,0
0.811,0.341336741,1.069775921,0.459263087,-1.248926377,2.441038689,-1.288350761,2.483592169,1.358254857,1.7008018,-2.35584389,5.482468951,0,0,0,0,0,0,0
0.812,0.342695463,1.071420681,0.456919114,-1.248926377,2.441038689,-1.288350761,2.483592169,1.3582995,1.692164367,-2.354390842,5.381767223,0,0,0,0,0,0,0
0.813,0.344054185,1.073065441,0.45457514,-1.248926377,2.441038689,-1.288350761,2.483592169,1.358344143,1.683526933,-2.352937793,5.281065495,0,0,0,0,0,0,0
0.814,0.345412906,1.074710202,0.452231167,-1.248926377,2.441038689,-1.288350761,2.483592169,1.358388787,1.6748895,-2.351484745,5.180363767,0,0,0,0,0,0,0
0.815,0.346771628,1.076354962,0.449887193,-1.248926377,2.441038689,-1.288350761,2.483592169,1.35843343,1.666252067,-2.350031696,5.079662039,0,0,0,0,0,0,0
0.816,0.34813035,1.077999722,0.44754322,-1.248926377,2.441038689,-1.288350761,2.483592169,1.358478073,1.657614633,-2.348578648,4.978960311,0,0,0,0,0,0,0
0.817,0.349489072,1.079644483,0.445199247,-1.248926377,2.441038689,-1.288350761,2.483592169,1.358522717,1.6489772,-2.347125599,4.878258583,0,0,0,0,0,0,0
0.818,0.350847794,1.081289243,0.442855273,-1.248926377,2.441038689,-1.288350761,2.483592169,1.35856736,1.640339767,-2.345672551,4.777556855,0,0,0,0,0,0,0
0.819,0.352206516,1.082934004,0.4405113,-1.248926377,2.441038689,-1.288350761,2.483592169,1.358612003,1.631702333,-2.344219502,4.676855128,0,0,0,0,0,0,0
0.82,0.353565237,1.084578764,0.438167327,-1.248926377,2.441038689,-1.288350761,2.483592169,1.358656647,1.6230649,-2.342766454,4.5761534,0,0,0,0,0,0,0
0.821,0.354923959,1.086223524,0.435823353,-1.248926377,2.441038689,-1.288350761,2.483592169,1.35870129,1.614427467,-2.341313405,4.475451672,0,0,0,0,0,0,0
0.822,0.356282681,1.087868285,0.43347938,-1.248926377,2.441038689,-1.288350761,2.483592169,1.358745933,1.605790033,-2.339860357,4.374749944,0,0,0,0,0,0,0
0.823,0.357641403,1.089513045,0.431135407,-1.248926377,2.441038689,-1.288350761,2.483592169,1.358790576,1.5971526,-2.338407308,4.274048216,0,0,0,0,0,0,0
0.824,0.359000125,1.091157806,0.428791433,-1.248926377,2.441038689,-1.288350761,2.483592169,1.35883522,1.588515167,-2.33695426,4.173346488,0,0,0,0,0,0,0
0.825,0.360358847,1.092802566,0.42644746,-1.248926377,2.441038689,-1.288350761,2.483592169,1.358879863,1.579877733,-2.335501211,4.07264476,0,0,0,0,0,0,0
0.826,0.361717326,1.094316932,0.424111681,-1.248926377,2.441038689,-1.288350761,2.483592169,1.358812468,1.571114132,-2.335797463,3.969075802,0,0,0,0,0,0,0
0.827,0.363075806,1.095831299,0.421775902,-1.248926377,2.441038689,-1.288350761,2.483592169,1.358745073,1.56235053,-2.336093715,3.865506845,0,0,0,0,0,0,0
0.828,0.364434285,1.097345665,0.419440124,-1.248926377,2.441038689,-1.288350761,2.483592169,1.358677678,1.553586928,-2.336389967,3.761937887,0,0,0,0,0,0,0
0.829,0.365792765,1.098860031,0.417104345,-1.248926377,2.441038689,-1.288350761,2.483592169,1.358610283,1.544823327,-2.336686219,3.658368929,0,0,0,0,0,0,0
0.83,0.367151244,1.100374398,0.414768566,-1.248926377,2.441038689,-1.288350761,2.483592169,1.358542889,1.536059725,-2.336982472,3.554799972,0,0,0,0,0,0,0
0.831,0.368509724,1.101888764,0.412432788,-1.248926377,2.441038689,-1.288350761,2.483592169,1.358475494,1.527296123,-2.337278724,3.451231014,0,0,0,0,0,0,0
0.832,0.369868203,1.10340313,0.410097009,-1.248926377,2.441038689,-1.288350761,2.483592169,1.358408099,1.518532522,-2.337574976,3.347662056,0,0,0,0,0,0,0
0.833,0.371226683,1.104917497,0.40776123,-1.248926377,2.441038689,-1.288350761,2.483592169,1.358340704,1.50976892,-2.337871228,3.244093098,0,0,0,0,0,0,0
0.834,0.372585162,1.106431863,0.405425452,-1.248926377,2.441038689,-1.288350761,2.483592169,1.358273309,1.501005318,-2.33816748,3.140524141,0,0,0,0,0,0,0
0.835,0.373943642,1.107946229,0.403089673,-1.248926377,2.441038689,-1.288350761,2.483592169,1.358205914,1.492241717,-2.338463732,3.036955183,0,0,0,0,0,0,0
0.836,0.375302121,1.109460596,0.400753894,-1.248926377,2.441038689,-1.288350761,2.483592169,1.358138519,1.483478115,-2.338759984,2.933386225,0,0,0,0,0,0,0
0.837,0.376660601,1.110974962,0.398418116,-1.248926377,2.441038689,-1.288350761,2.483592169,1.358071124,1.474714514,-2.339056236,2.829817267,0,0,0,0,0,0,0
0.838,0.37801908,1.112489328,0.396082337,-1.248926377,2.441038689,-1.288350761,2.483592169,1.358003729,1.465950912,-2.339352488,2.72624831,0,0,0,0,0,0,0
0.839,0.37937756,1.114003695,0.393746558,-1.248926377,2.441038689,-1.288350761,2.483592169,1.357936335,1.45718731,-2.33964874,2.622679352,0,0,0,0,0,0,0
0.84,0.380736039,1.115518061,0.39141078,-1.248926377,2.441038689,-1.288350761,2.483592169,1.35786894,1.448423709,-2.339944992,2.519110394,0,0,0,0,0,0,0
0.841,0.382093009,1.116899444,0.38906027,-1.248926377,2.441038689,-1.288350761,2.483592169,1.357743439,1.439440058,-2.341520332,2.416316548,0,0,0,0,0,0,0
0.842,0.383449979,1.118280827,0.38670976,-1.248926377,2.441038689,-1.288350761,2.483592169,1.357617938,1.430456407,-2.343095671,2.313522701,0,0,0,0,0,0,0
0.843,0.384806948,1.119662209,0.38435925,-1.248926377,2.441038689,-1.288350761,2.483592169,1.357492438,1.421472757,-2.344671011,2.210728854,0,0,0,0,0,0,0
0.844,0.386163918,1.121043592,0.38200874,-1.248926377,2.441038689,-1.288350761,2.483592169,1.357366937,1.412489106,-2.34624635,2.107935008,0,0,0,0,0,0,0
0.845,0.387520888,1.122424975,0.37965823,-1.248926377,2.441038689,-1.288350761,2.483592169,1.357241436,1.403505456,-2.34782169,2.005141161,0,0,0,0,0,0,0
0.846,0.388877857,1.123806358,0.37730772,-1.248926377,2.441038689,-1.288350761,2.483592169,1.357115935,1.394521805,-2.349397029,1.902347315,0,0,0,0,0,0,0
0.847,0.390234827,1.12518774,0.374957211,-1.248926377,2.441038689,-1.288350761,2.483592169,1.356990435,1.385538154,-2.350972369,1.799553468,0,0,0,0,0,0,0
0.848,0.391591796,1.126569123,0.372606701,-1.248926377,2.441038689,-1.288350761,2.483592169,1.356864934,1.376554504,-2.352547708,1.696759621,0,0,0,0,0,0,0
0.849,0.392948766,1.127950506,0.370256191,-1.248926377,2.441038689,-1.288350761,2.483592169,1.356739433,1.367570853,-2.354123048,1.593965775,0,0,0,0,0,0,0
0.85,0.394305736,1.129331889,0.367905681,-1.248926377,2.441038689,-1.288350761,2.483592169,1.356613933,1.358587203,-2.355698387,1.491171928,0,0,0,0,0,0,0
0.851,0.395662705,1.130713271,0.365555171,-1.248926377,2.441038689,-1.288350761,2.483592169,1.356488432,1.349603552,-2.357273727,1.388378081,0,0,0,0,0,0,0
0.852,0.397019675,1.132094654,0.363204661,-1.248926377,2.441038689,-1.288350761,2.483592169,1.356362931,1.340619901,-2.358849066,1.285584235,0,0,0,0,0,0,0
0.853,0.398376645,1.133476037,0.360854151,-1.248926377,2.441038689,-1.288350761,2.483592169,1.356237431,1.331636251,-2.360424406,1.182790388,0,0,0,0,0,0,0
0.854,0.399733614,1.13485742,0.358503641,-1.248926377,2.441038689,-1.288350761,2.483592169,1.35611193,1.3226526,-2.361999745,1.079996541,0,0,0,0,0,0,0
0.855,0.401090584,1.136238802,0.356153132,-1.248926377,2.441038689,-1.288350761,2.483592169,1.355986429,1.313668949,-2.363575085,0.977202695,0,0,0,0,0,0,0
0.856,0.402445583,1.137483298,0.35377333,-1.248926377,2.441038689,-1.288350761,2.483592169,1.355859778,1.304393017,-2.365781976,0.877853113,0,0,0,0,0,0,0
0.857,0.403800583,1.138727793,0.351393529,-1.248926377,2.441038689,-1.288350761,2.483592169,1.355733127,1.295117084,-2.367988866,0.778503531,0,0,0,0,0,0,0
0.858,0.405155582,1.139972289,0.349013728,-1.248926377,2.441038689,-1.288350761,2.483592169,1.355606476,1.285841151,-2.370195757,0.679153949,0,0,0,0,0,0,0
0.859,0.406510581,1.141216784,0.346633927,-1.248926377,2.441038689,-1.288350761,2.483592169,1.355479824,1.276565218,-2.372402648,0.579804367,0,0,0,0,0,0,0
0.86,0.40786558,1.14246128,0.344254126,-1.248926377,2.441038689,-1.288350761,2.483592169,1.355353173,1.267289285,-2.374609539,0.480454785,0,0,0,0,0,0,0
0.861,0.40922058,1.143705775,0.341874324,-1.248926377,2.441038689,-1.288350761,2.483592169,1.355226522,1.258013352,-2.37681643,0.381105203,0,0,0,0,0,0,0
0.862,0.410575579,1.144950271,0.339494523,-1.248926377,2.441038689,-1.288350761,2.483592169,1.355099871,1.24873742,-2.37902332,0.281755621,0,0,0,0,0,0,0
0.863,0.411930578,1.146194766,0.337114722,-1.248926377,2.441038689,-1.288350761,2.483592169,1.354973219,1.239461487,-2.381230211,0.182406039,0,0,0,0,0,0,0
0.864,0.413285577,1.147439262,0.334734921,-1.248926377,2.441038689,-1.288350761,2.483592169,1.354846568,1.230185554,-2.383437102,0.083056457,0,0,0,0,0,0,0
0.865,0.414640577,1.148683757,0.33235512,-1.248926377,2.441038689,-1.288350761,2.483592169,1.354719917,1.220909621,-2.385643993,-0.016293125,0,0,0,0,0,0,0
0.866,0.415995576,1.149928253,0.329975318,-1.248926377,2.441038689,-1.288350761,2.483592169,1.354593266,1.211633688,-2.387850884,-0.115642707,0,0,0,0,0,0,0
0.867,0.417350575,1.151172748,0.327595517,-1.248926377,2.441038689,-1.288350761,2.483592169,1.354466614,1.202357756,-2.390057774,-0.214992289,0,0,0,0,0,0,0
0.868,0.418705574,1.152417244,0.325215716,-1.248926377,2.441038689,-1.288350761,2.483592169,1.354339963,1.193081823,-2.392264665,-0.314341871,0,0,0,0,0,0,0
0.869,0.420060574,1.153661739,0.322835915,-1.248926377,2.441038689,-1.288350761,2.483592169,1.354213312,1.18380589,-2.394471556,-0.413691453,0,0,0,0,0,0,0
0.87,0.421415573,1.154906235,0.320456113,-1.248926377,2.441038689,-1.288350761,2.483592169,1.354086661,1.174529957,-2.396678447,-0.513041035,0,0,0,0,0,0,0
0.871,0.422769367,1.156009502,0.318044303,-1.248926377,2.441038689,-1.288350761,2.483592169,1.3540837,1.164994331,-2.398535635,-0.622911237,0,0,0,0,0,0,0
0.872,0.424123162,1.15711277,0.315632493,-1.248926377,2.441038689,-1.288350761,2.483592169,1.354080738,1.155458705,-2.400392823,-0.73278144,0,0,0,0,0,0,0
0.873,0.425476956,1.158216037,0.313220682,-1.248926377,2.441038689,-1.288350761,2.483592169,1.354077777,1.145923079,-2.402250011,-0.842651643,0,0,0,0,0,0,0
0.874,0.42683075,1.159319305,0.310808872,-1.248926377,2.441038689,-1.288350761,2.483592169,1.354074816,1.136387453,-2.404107199,-0.952521846,0,0,0,0,0,0,0
0.875,0.428184545,1.160422572,0.308397062,-1.248926377,2.441038689,-1.288350761,2.483592169,1.354071855,1.126851827,-2.405964386,-1.062392049,0,0,0,0,0,0,0
0.876,0.429538339,1.16152584,0.305985251,-1.248926377,2.441038689,-1.288350761,2.483592169,1.354068894,1.117316201,-2.407821574,-1.172262252,0,0,0,0,0,0,0
0.877,0.430892133,1.162629107,0.303573441,-1.248926377,2.441038689,-1.288350761,2.483592169,1.354065933,1.107780575,-2.409678762,-1.282132454,0,0,0,0,0,0,0
0.878,0.432245927,1.163732375,0.301161631,-1.248926377,2.441038689,-1.288350761,2.483592169,1.354062972,1.098244949,-2.41153595,-1.392002657,0,0,0,0,0,0,0
0.879,0.433599722,1.164835642,0.29874982,-1.248926377,2.441038689,-1.288350761,2.483592169,1.35406001,1.088709323,-2.413393138,-1.50187286,0,0,0,0,0,0,0
0.88,0.434953516,1.16593891,0.29633801,-1.248926377,2.441038689,-1.288350761,2.483592169,1.354057049,1.079173697,-2.415250326,-1.611743063,0,0,0,0,0,0,0
0.881,0.43630731,1.167042178,0.293926199,-1.248926377,2.441038689,-1.288350761,2.483592169,1.354054088,1.069638071,-2.417107514,-1.721613266,0,0,0,0,0,0,0
0.882,0.437661105,1.168145445,0.291514389,-1.248926377,2.441038689,-1.288350761,2.483592169,1.354051127,1.060102445,-2.418964702,-1.831483469,0,0,0,0,0,0,0
0.883,0.439014899,1.169248713,0.289102579,-1.248926377,2.441038689,-1.288350761,2.483592169,1.354048166,1.050566819,-2.42082189,-1.941353672,0,0,0,0,0,0,0
0.884,0.440368693,1.17035198,0.286690768,-1.248926377,2.441038689,-1.288350761,2.483592169,1.354045205,1.041031193,-2.422679078,-2.051223874,0,0,0,0,0,0,0
0.885,0.441722488,1.171455248,0.284278958,-1.248926377,2.441038689,-1.288350761,2.483592169,1.354042244,1.031495567,-2.424536265,-2.161094077,0,0,0,0,0,0,0
0.886,0.443078015,1.172413704,0.281849522,-1.248926377,2.441038689,-1.288350761,2.483592169,1.354286389,1.02170613,-2.424827585,-2.295094473,0,0,0,0,0,0,0
0.887,0.444433543,1.17337216,0.279420086,-1.248926377,2.441038689,-1.288350761,2.483592169,1.354530533,1.011916693,-2.425118904,-2.42909487,0,0,0,0,0,0,0
0.888,0.44578907,1.174330615,0.27699065,-1.248926377,2.441038689,-1.288350761,2.483592169,1.354774678,1.002127257,-2.425410224,-2.563095266,0,0,0,0,0,0,0
0.889,0.447144598,1.175289071,0.274561214,-1.248926377,2.441038689,-1.288350761,2.483592169,1.355018823,0.99233782,-2.425701543,-2.697095662,0,0,0,0,0,0,0
0.89,0.448500125,1.176247527,0.272131778,-1.248926377,2.441038689,-1.288350761,2.483592169,1.355262968,0.982548383,-2.425992863,-2.831096059,0,0,0,0,0,0,0
0.891,0.449855653,1.177205983,0.269702342,-1.248926377,2.441038689,-1.288350761,2.483592169,1.355507113,0.972758946,-2.426284182,-2.965096455,0,0,0,0,0,0,0
0.892,0.45121118,1.178164439,0.267272906,-1.248926377,2.441038689,-1.288350761,2.483592169,1.355751258,0.96296951,-2.426575502,-3.099096851,0,0,0,0,0,0,0
0.893,0.452566708,1.179122895,0.26484347,-1.248926377,2.441038689,-1.288350761,2.483592169,1.355995403,0.953180073,-2.426866821,-3.233097247,0,0,0,0,0,0,0
0.894,0.453922235,1.180081351,0.262414034,-1.248926377,2.441038689,-1.288350761,2.483592169,1.356239548,0.943390636,-2.42715814,-3.367097644,0,0,0,0,0,0,0
0.895,0.455277763,1.181039807,0.259984597,-1.248926377,2.441038689,-1.288350761,2.483592169,1.356483692,0.933601199,-2.42744946,-3.50109804,0,0,0,0,0,0,0
0.896,0.45663329,1.181998263,0.257555161,-1.248926377,2.441038689,-1.288350761,2.483592169,1.356727837,0.923811763,-2.427740779,-3.635098436,0,0,0,0,0,0,0
0.897,0.457988818,1.182956719,0.255125725,-1.248926377,2.441038689,-1.288350761,2.483592169,1.356971982,0.914022326,-2.428032099,-3.769098833,0,0,0,0,0,0,0
0.898,0.459344345,1.183915175,0.252696289,-1.248926377,2.441038689,-1.288350761,2.483592169,1.357216127,0.904232889,-2.428323418,-3.903099229,0,0,0,0,0,0,0
0.899,0.460699873,1.184873631,0.250266853,-1.248926377,2.441038689,-1.288350761,2.483592169,1.357460272,0.894443453,-2.428614738,-4.037099625,0,0,0,0,0,0,0
0.9,0.4620554,1.185832087,0.247837417,-1.248926377,2.441038689,-1.288350761,2.483592169,1.357704417,0.884654016,-2.428906057,-4.171100021,0,0,0,0,0,0,0
0.901,0.463416602,1.186641027,0.245422946,-1.248926377,2.441038689,-1.288350761,2.483592169,1.3582123,0.87448202,-2.426415693,-4.322317169,0,0,0,0,0,0,0
0.902,0.464777804,1.187449967,0.243008475,-1.248926377,2.441038689,-1.288350761,2.483592169,1.358720183,0.864310025,-2.423925328,-4.473534317,0,0,0,0,0,0,0
0.903,0.466139006,1.188258908,0.240594005,-1.248926377,2.441038689,-1.288350761,2.483592169,1.359228066,0.854138029,-2.421434963,-4.624751465,0,0,0,0,0,0,0
0.904,0.467500208,1.189067848,0.238179534,-1.248926377,2.441038689,-1.288350761,2.483592169,1.359735949,0.843966033,-2.418944599,-4.775968613,0,0,0,0,0,0,0
0.905,0.468861409,1.189876789,0.235765063,-1.248926377,2.441038689,-1.288350761,2.483592169,1.360243832,0.833794038,-2.416454234,-4.927185761,0,0,0,0,0,0,0
0.906,0.470222611,1.190685729,0.233350592,-1.248926377,2.441038689,-1.288350761,2.483592169,1.360751715,0.823622042,-2.41396387,-5.078402909,0,0,0,0,0,0,0
0.907,0.471583813,1.19149467,0.230936121,-1.248926377,2.441038689,-1.288350761,2.483592169,1.361259597,0.813450047,-2.411473505,-5.229620057,0,0,0,0,0,0,0
0.908,0.472945015,1.19230361,0.22852165,-1.248926377,2.441038689,-1.288350761,2.483592169,1.36176748,0.803278051,-2.408983141,-5.380837205,0,0,0,0,0,0,0
0.909,0.474306217,1.193112551,0.226107179,-1.248926377,2.441038689,-1.288350761,2.483592169,1.362275363,0.793106056,-2.406492776,-5.532054352,0,0,0,0,0,0,0
0.91,0.475667419,1.193921491,0.223692709,-1.248926377,2.441038689,-1.288350761,2.483592169,1.362783246,0.78293406,-2.404002411,-5.6832715,0,0,0,0,0,0,0
0.911,0.47702862,1.194730432,0.221278238,-1.248926377,2.441038689,-1.288350761,2.483592169,1.363291129,0.772762064,-2.401512047,-5.834488648,0,0,0,0,0,0,0
0.912,0.478389822,1.195539372,0.218863767,-1.248926377,2.441038689,-1.288350761,2.483592169,1.363799012,0.762590069,-2.399021682,-5.985705796,0,0,0,0,0,0,0
0.913,0.479751024,1.196348313,0.216449296,-1.248926377,2.441038689,-1.288350761,2.483592169,1.364306895,0.752418073,-2.396531318,-6.136922944,0,0,0,0,0,0,0
0.914,0.481112226,1.197157253,0.214034825,-1.248926377,2.441038689,-1.288350761,2.483592169,1.364814778,0.742246078,-2.394040953,-6.288140092,0,0,0,0,0,0,0
0.915,0.482473428,1.197966194,0.211620354,-1.248926377,2.441038689,-1.288350761,2.483592169,1.365322661,0.732074082,-2.391550589,-6.43935724,0,0,0,0,0,0,0
0.916,0.483843853,1.198618868,0.209270545,-1.248926377,2.441038689,-1.288350761,2.483592169,1.366026566,0.721395241,-2.385295337,-6.593859701,0,0,0,0,0,0,0
0.917,0.485214279,1.199271543,0.206920736,-1.248926377,2.441038689,-1.288350761,2.483592169,1.366730471,0.710716399,-2.379040085,-6.748362162,0,0,0,0,0,0,0
0.918,0.486584704,1.199924217,0.204570927,-1.248926377,2.441038689,-1.288350761,2.483592169,1.367434376,0.700037558,-2.372784834,-6.902864623,0,0,0,0,0,0,0
0.919,0.487955129,1.200576892,0.202221118,-1.248926377,2.441038689,-1.288350761,2.483592169,1.368138281,0.689358716,-2.366529582,-7.057367084,0,0,0,0,0,0,0
0.92,0.489325555,1.201229566,0.199871309,-1.248926377,2.441038689,-1.288350761,2.483592169,1.368842185,0.678679875,-2.36027433,-7.211869544,0,0,0,0,0,0,0
0.921,0.49069598,1.20188224,0.1975215,-1.248926377,2.441038689,-1.288350761,2.483592169,1.36954609,0.668001033,-2.354019079,-7.366372005,0,0,0,0,0,0,0
0.922,0.492066406,1.202534915,0.195171691,-1.248926377,2.441038689,-1.288350761,2.483592169,1.370249995,0.657322192,-2.347763827,-7.520874466,0,0,0,0,0,0,0
0.923,0.493436831,1.203187589,0.192821882,-1.248926377,2.441038689,-1.288350761,2.483592169,1.3709539,0.646643351,-2.341508575,-7.675376927,0,0,0,0,0,0,0
0.924,0.494807257,1.203840264,0.190472073,-1.248926377,2.441038689,-1.288350761,2.483592169,1.371657805,0.635964509,-2.335253324,-7.829879388,0,0,0,0,0,0,0
0.925,0.496177682,1.204492938,0.188122264,-1.248926377,2.441038689,-1.288350761,2.483592169,1.37236171,0.625285668,-2.328998072,-7.984381849,0,0,0,0,0,0,0
0.926,0.497548107,1.205145612,0.185772455,-1.248926377,2.441038689,-1.288350761,2.483592169,1.373065615,0.614606826,-2.322742821,-8.13888431,0,0,0,0,0,0,0
0.927,0.498918533,1.205798287,0.183422646,-1.248926377,2.441038689,-1.288350761,2.483592169,1.37376952,0.603927985,-2.316487569,-8.293386771,0,0,0,0,0,0,0
0.928,0.500288958,1.206450961,0.181072837,-1.248926377,2.441038689,-1.288350761,2.483592169,1.374473425,0.593249143,-2.310232317,-8.447889232,0,0,0,0,0,0,0
0.929,0.501659384,1.207103636,0.178723027,-1.248926377,2.441038689,-1.288350761,2.483592169,1.37517733,0.582570302,-2.303977066,-8.602391693,0,0,0,0,0,0,0
0.93,0.503029809,1.20775631,0.176373218,-1.248926377,2.441038689,-1.288350761,2.483592169,1.375881234,0.571891461,-2.297721814,-8.756894154,0,0,0,0,0,0,0
0.931,0.50441142,1.208244761,0.174147353,-1.248926377,2.441038689,-1.288350761,2.483592169,1.376639523,0.560681031,-2.287512186,-8.899534525,0,0,0,0,0,0,0
0.932,0.505793031,1.208733213,0.171921487,-1.248926377,2.441038689,-1.288350761,2.483592169,1.377397811,0.549470602,-2.277302559,-9.042174896,0,0,0,0,0,0,0
0.933,0.507174642,1.209221664,0.169695621,-1.248926377,2.441038689,-1.288350761,2.483592169,1.378156099,0.538260173,-2.267092932,-9.184815267,0,0,0,0,0,0,0
0.934,0.508556252,1.209710115,0.167469755,-1.248926377,2.441038689,-1.288350761,2.483592169,1.378914388,0.527049744,-2.256883304,-9.327455638,0,0,0,0,0,0,0
0.935,0.509937863,1.210198567,0.16524389,-1.248926377,2.441038689,-1.288350761,2.483592169,1.379672676,0.515839314,-2.246673677,-9.47009601,0,0,0,0,0,0,0
0.936,0.511319474,1.210687018,0.163018024,-1.248926377,2.441038689,-1.288350761,2.483592169,1.380430964,0.504628885,-2.236464049,-9.612736381,0,0,0,0,0,0,0
0.937,0.512701085,1.211175469,0.160792158,-1.248926377,2.441038689,-1.288350761,2.483592169,1.381189253,0.493418456,-2.226254422,-9.755376752,0,0,0,0,0,0,0
0.938,0.514082695,1.211663921,0.158566292,-1.248926377,2.441038689,-1.288350761,2.483592169,1.381947541,0.482208027,-2.216044794,-9.898017123,0,0,0,0,0,0,0
0.939,0.515464306,1.212152372,0.156340427,-1.248926377,2.441038689,-1.288350761,2.483592169,1.382705829,0.470997597,-2.205835167,-10.04065749,0,0,0,0,0,0,0
0.94,0.516845917,1.212640823,0.154114561,-1.248926377,2.441038689,-1.288350761,2.483592169,1.383464118,0.459787168,-2.195625539,-10.18329787,0,0,0,0,0,0,0
0.941,0.518227528,1.213129275,0.151888695,-1.248926377,2.441038689,-1.288350761,2.483592169,1.384222406,0.448576739,-2.185415912,-10.32593824,0,0,0,0,0,0,0
0.942,0.519609139,1.213617726,0.149662829,-1.248926377,2.441038689,-1.288350761,2.483592169,1.384980694,0.43736631,-2.175206284,-10.46857861,0,0,0,0,0,0,0
0.943,0.520990749,1.214106177,0.147436964,-1.248926377,2.441038689,-1.288350761,2.483592169,1.385738982,0.42615588,-2.164996657,-10.61121898,0,0,0,0,0,0,0
0.944,0.52237236,1.214594629,0.145211098,-1.248926377,2.441038689,-1.288350761,2.483592169,1.386497271,0.414945451,-2.154787029,-10.75385935,0,0,0,0,0,0,0
0.945,0.523753971,1.21508308,0.142985232,-1.248926377,2.441038689,-1.288350761,2.483592169,1.387255559,0.403735022,-2.144577402,-10.89649972,0,0,0,0,0,0,0
0.946,0.525146303,1.215400078,0.140936644,-1.248926377,2.441038689,-1.288350761,2.483592169,1.387899828,0.392120233,-2.131427018,-11.0127163,0,0,0,0,0,0,0
0.947,0.526538635,1.215717075,0.138888056,-1.248926377,2.441038689,-1.288350761,2.483592169,1.388544097,0.380505444,-2.118276633,-11.12893287,0,0,0,0,0,0,0
0.948,0.527930967,1.216034072,0.136839468,-1.248926377,2.441038689,-1.288350761,2.483592169,1.389188366,0.368890655,-2.105126249,-11.24514945,0,0,0,0,0,0,0
0.949,0.529323299,1.21635107,0.13479088,-1.248926377,2.441038689,-1.288350761,2.483592169,1.389832634,0.357275865,-2.091975865,-11.36136602,0,0,0,0,0,0,0
0.95,0.530715631,1.216668067,0.132742292,-1.248926377,2.441038689,-1.288350761,2.483592169,1.390476903,0.345661076,-2.07882548,-11.4775826,0,0,0,0,0,0,0
0.951,0.532107963,1.216985065,0.130693703,-1.248926377,2.441038689,-1.288350761,2.483592169,1.391121172,0.334046287,-2.065675096,-11.59379917,0,0,0,0,0,0,0
0.952,0.533500296,1.217302062,0.128645115,-1.248926377,2.441038689,-1.288350761,2.483592169,1.391765441,0.322431498,-2.052524712,-11.71001575,0,0,0,0,0,0,0
0.953,0.534892628,1.21761906,0.126596527,-1.248926377,2.441038689,-1.288350761,2.483592169,1.39240971,0.310816709,-2.039374327,-11.82623232,0,0,0,0,0,0,0
0.954,0.53628496,1.217936057,0.124547939,-1.248926377,2.441038689,-1.288350761,2.483592169,1.393053979,0.29920192,-2.026223943,-11.9424489,0,0,0,0,0,0,0
0.955,0.537677292,1.218253055,0.122499351,-1.248926377,2.441038689,-1.288350761,2.483592169,1.393698247,0.287587131,-2.013073559,-12.05866548,0,0,0,0,0,0,0
0.956,0.539069624,1.218570052,0.120450763,-1.248926377,2.441038689,-1.288350761,2.483592169,1.394342516,0.275972341,-1.999923175,-12.17488205,0,0,0,0,0,0,0
0.957,0.540461956,1.21888705,0.118402175,-1.248926377,2.441038689,-1.288350761,2.483592169,1.394986785,0.264357552,-1.98677279,-12.29109863,0,0,0,0,0,0,0
0.958,0.541854288,1.219204047,0.116353587,-1.248926377,2.441038689,-1.288350761,2.483592169,1.395631054,0.252742763,-1.973622406,-12.4073152,0,0,0,0,0,0,0
0.959,0.54324662,1.219521044,0.114304999,-1.248926377,2.441038689,-1.288350761,2.483592169,1.396275323,0.241127974,-1.960472022,-12.52353178,0,0,0,0,0,0,0
0.96,0.544638952,1.219838042,0.11225641,-1.248926377,2.441038689,-1.288350761,2.483592169,1.396919592,0.229513185,-1.947321637,-12.63974835,0,0,0,0,0,0,0
0.961,0.54603935,1.219979391,0.110414999,-1.248926377,2.441038689,-1.288350761,2.483592169,1.397341554,0.21776247,-1.93324195,-12.71679858,0,0,0,0,0,0,0
0.962,0.547439747,1.220120741,0.108573588,-1.248926377,2.441038689,-1.288350761,2.483592169,1.397763516,0.206011755,-1.919162263,-12.79384881,0,0,0,0,0,0,0
0.963,0.548840144,1.220262091,0.106732177,-1.248926377,2.441038689,-1.285904913,2.483592169,1.398185478,0.19426104,-1.905082576,-12.87089904,0,0,0,0,0,0,0
0.964,0.550240542,1.22040344,0.104890765,-1.248926377,2.441038689,-1.283459065,2.483592169,1.398607441,0.182510325,-1.891002889,-12.94794927,0,0,0,0,0,0,0
0.965,0.551640939,1.22054479,0.103049354,-1.248926377,2.441038689,-1.281013217,2.483592169,1.399029403,0.17075961,-1.876923202,-13.02499949,0,0,0,0,0,0,0
0.966,0.553041337,1.220686139,0.101207943,-1.248926377,2.441038689,-1.278567368,2.483592169,1.399451365,0.159008895,-1.862843514,-13.10204972,0,0,0,0,0,0,0
0.967,0.554441734,1.220827489,0.099366532,-1.248926377,2.441038689,-1.27612152,2.483592169,1.399873327,0.14725818,-1.848763827,-13.17909995,0,0,0,0,0,0,0
0.968,0.555842132,1.220968839,0.097525121,-1.248926377,2.441038689,-1.273675672,2.483592169,1.400295289,0.135507465,-1.83468414,-13.25615018,0,0,0,0,0,0,0
0.969,0.557242529,1.221110188,0.095683709,-1.248926377,2.441038689,-1.271229824,2.483592169,1.400717252,0.12375675,-1.820604453,-13.33320041,0,0,0,0,0,0,0
0.97,0.558642927,1.221251538,0.093842298,-1.248926377,2.441038689,-1.268783976,2.483592169,1.401139214,0.112006035,-1.806524766,-13.41025064,0,0,0,0,0,0,0
0.971,0.560043324,1.221392887,0.092000887,-1.248926377,2.441038689,-1.266338127,2.483592169,1.401561176,0.10025532,-1.792445079,-13.48730086,0,0,0,0,0,0,0
0.972,0.561443721,1.221534237,0.090159476,-1.248926377,2.441038689,-1.263892279,2.483592169,1.401983138,0.088504605,-1.778365391,-13.56435109,0,0,0,0,0,0,0
0.973,0.562844119,1.221675587,0.088318064,-1.248926377,2.441038689,-1.261446431,2.483592169,1.402405101,0.07675389,-1.764285704,-13.64140132,0,0,0,0,0,0,0
0.974,0.564244516,1.221816936,0.086476653,-1.248926377,2.441038689,-1.259000583,2.483592169,1.402827063,0.065003175,-1.750206017,-13.71845155,0,0,0,0,0,0,0
0.975,0.565644914,1.221958286,0.084635242,-1.248926377,2.441038689,-1.256554735,2.483592169,1.403249025,0.05325246,-1.73612633,-13.79550178,0,0,0,0,0,0,0
0.976,0.567049936,1.221924341,0.082998323,-1.248926377,2.441038689,-1.255055549,2.483592169,1.403454965,0.041681786,-1.723261755,-13.82250855,0,0,0,0,0,0,0
0.977,0.568454958,1.221890397,0.081361403,-1.248926377,2.441038689,-1.253556363,2.483592169,1.403660904,0.030111112,-1.71039718,-13.84951533,0,0,0,0,0,0,0
0.978,0.569859981,1.221856453,0.079724484,-1.248926377,2.441038689,-1.252057178,2.483592169,1.403866844,0.018540438,-1.697532604,-13.87652211,0,0,0,0,0,0,0
0.979,0.571265003,1.221822508,0.078087565,-1.248926377,2.441038689,-1.250557992,2.483592169,1.404072783,0.006969764,-1.684668029,-13.90352889,0,0,0,0,0,0,0
0.98,0.572670026,1.221788564,0.076450645,-1.248926377,2.441038689,-1.249058806,2.483592169,1.404278723,-0.004600909,-1.671803454,-13.93053566,0,0,0,0,0,0,0
0.981,0.574075048,1.221754619,0.074813726,-1.248926377,2.441038689,-1.247559621,2.483592169,1.404484662,-0.016171583,-1.658938879,-13.95754244,0,0,0,0,0,0,0
0.982,0.57548007,1.221720675,0.073176807,-1.248926377,2.441038689,-1.246060435,2.483592169,1.404690601,-0.027742257,-1.646074304,-13.98454922,0,0,0,0,0,0,0
0.983,0.576885093,1.221686731,0.071539887,-1.248926377,2.441038689,-1.244561249,2.483592169,1.404896541,-0.039312931,-1.633209729,-14.01155599,0,0,0,0,0,0,0
0.984,0.578290115,1.221652786,0.069902968,-1.248926377,2.441038689,-1.243062064,2.483592169,1.40510248,-0.050883605,-1.620345153,-14.03856277,0,0,0,0,0,0,0
0.985,0.579695137,1.221618842,0.068266049,-1.248926377,2.441038689,-1.241562878,2.483592169,1.40530842,-0.062454279,-1.607480578,-14.06556955,0,0,0,0,0,0,0
0.986,0.58110016,1.221584897,0.06662913,-1.248926377,2.441038689,-1.240063692,2.483592169,1.405514359,-0.074024953,-1.594616003,-14.09257633,0,0,0,0,0,0,0
0.987,0.582505182,1.221550953,0.06499221,-1.248926377,2.441038689,-1.238564507,2.483592169,1.405720299,-0.085595626,-1.581751428,-14.1195831,0,0,0,0,0,0,0
0.988,0.583910205,1.221517009,0.063355291,-1.248926377,2.441038689,-1.237065321,2.483592169,1.405926238,-0.0971663,-1.568886853,-14.14658988,0,0,0,0,0,0,0
0.989,0.585315227,1.221483064,0.061718372,-1.248926377,2.441038689,-1.235566135,2.483592169,1.406132178,-0.108736974,-1.556022278,-14.17359666,0,0,0,0,0,0,0
0.99,0.586720249,1.22144912,0.060081452,-1.248926377,2.441038689,-1.23406695,2.483592169,1.406338117,-0.120307648,-1.543157702,-14.20060344,0,0,0,0,0,0,0
0.991,0.588127192,1.22124454,0.058619554,-1.248926377,2.441038689,-1.233419811,2.483592169,1.406401371,-0.131460157,-1.532793129,-14.16983947,0,0,0,0,0,0,0
0.992,0.589534134,1.221039959,0.057157656,-1.248926377,2.441038689,-1.232772672,2.483592169,1.406464624,-0.142612666,-1.522428555,-14.13907551,0,0,0,0,0,0,0
0.993,0.590941076,1.220835379,0.055695758,-1.248926377,2.441038689,-1.232125534,2.483592169,1.406527878,-0.153765176,-1.512063981,-14.10831155,0,0,0,0,0,0,0
0.994,0.592348019,1.220630799,0.05423386,-1.248926377,2.441038689,-1.231478395,2.483592169,1.406591131,-0.164917685,-1.501699407,-14.07754759,0,0,0,0,0,0,0
0.995,0.593754961,1.220426219,0.052771961,-1.248926377,2.441038689,-1.230831257,2.483592169,1.406654385,-0.176070194,-1.491334834,-14.04678363,0,0,0,0,0,0,0
0.996,0.595161903,1.220221638,0.051310063,-1.248926377,2.441038689,-1.230184118,2.483592169,1.406717639,-0.187222703,-1.48097026,-14.01601966,0,0,0,0,0,0,0
0.997,0.596568845,1.220017058,0.049848165,-1.248926377,2.441038689,-1.229536979,2.483592169,1.406780892,-0.198375212,-1.470605686,-13.9852557,0,0,0,0,0,0,0
0.998,0.597975788,1.219812478,0.048386267,-1.248926377,2.441038689,-1.228889841,2.483592169,1.406844146,-0.209527721,-1.460241112,-13.95449174,0,0,0,0,0,0,0
0.999,0.59938273,1.219607898,0.046924369,-1.248926377,2.441038689,-1.228242702,2.483592169,1.406907399,-0.220680231,-1.449876538,-13.92372778,0,0,0,0,0,0,0
1,0.600789672,1.219403317,0.045462471,-1.248926377,2.441038689,-1.227595563,2.483592169,1.406970653,-0.23183274,-1.439511965,-13.89296382,0,0,0,0,0,0,0
1.001,0.602196615,1.219198737,0.044000572,-1.248926377,2.441038689,-1.226948425,2.483592169,1.407033906,-0.242985249,-1.429147391,-13.86219985,0,0,0,0,0,0,0
1.002,0.603603557,1.218994157,0.042538674,-1.248926377,2.441038689,-1.226301286,2.483592169,1.40709716,-0.254137758,-1.418782817,-13.83143589,0,0,0,0,0,0,0
1.003,0.605010499,1.218789577,0.041076776,-1.248926377,2.441038689,-1.225654147,2.483592169,1.407160413,-0.265290267,-1.408418243,-13.80067193,0,0,0,0,0,0,0
1.004,0.606417442,1.218584997,0.039614878,-1.248926377,2.441038689,-1.225007009,2.483592169,1.407223667,-0.276442776,-1.39805367,-13.76990797,0,0,0,0,0,0,0
1.005,0.607824384,1.218380416,0.03815298,-1.248926377,2.441038689,-1.22435987,2.483592169,1.40728692,-0.287595286,-1.387689096,-13.73914401,0,0,0,0,0,0,0
1.006,0.609231343,1.218012421,0.036826596,-1.248926377,2.441038689,-1.224360947,2.483592169,1.407215226,-0.298224675,-1.379904871,-13.65181589,0,0,0,0,0,0,0
1.007,0.610638301,1.217644426,0.035500212,-1.248926377,2.441038689,-1.224362024,2.483592169,1.407143533,-0.308854064,-1.372120647,-13.56448777,0,0,0,0,0,0,0
1.008,0.61204526,1.217276431,0.034173829,-1.248926377,2.441038689,-1.224363101,2.483592169,1.407071839,-0.319483454,-1.364336422,-13.47715965,0,0,0,0,0,0,0
1.009,0.613452219,1.216908436,0.032847445,-1.248926377,2.441038689,-1.224364178,2.483592169,1.407000145,-0.330112843,-1.356552197,-13.38983153,0,0,0,0,0,0,0
1.01,0.614859177,1.216540441,0.031521062,-1.248926377,2.441038689,-1.224365255,2.483592169,1.406928451,-0.340742233,-1.348767973,-13.30250341,0,0,0,0,0,0,0
1.011,0.616266136,1.216172446,0.030194678,-1.248926377,2.441038689,-1.224366331,2.483592169,1.406856758,-0.351371622,-1.340983748,-13.2151753,0,0,0,0,0,0,0
1.012,0.617673095,1.21580445,0.028868294,-1.248926377,2.441038689,-1.224367408,2.483592169,1.406785064,-0.362001011,-1.333199523,-13.12784718,0,0,0,0,0,0,0
1.013,0.619080053,1.215436455,0.027541911,-1.248926377,2.441038689,-1.224368485,2.483592169,1.40671337,-0.372630401,-1.325415299,-13.04051906,0,0,0,0,0,0,0
1.014,0.620487012,1.21506846,0.026215527,-1.248926377,2.441038689,-1.224369562,2.483592169,1.406641676,-0.38325979,-1.317631074,-12.95319094,0,0,0,0,0,0,0
1.015,0.621893971,1.214700465,0.024889143,-1.248926377,2.441038689,-1.224370639,2.483592169,1.406569983,-0.39388918,-1.309846849,-12.86586282,0,0,0,0,0,0,0
1.016,0.623300929,1.21433247,0.02356276,-1.248926377,2.441038689,-1.224371716,2.483592169,1.406498289,-0.404518569,-1.302062625,-12.7785347,0,0,0,0,0,0,0
1.017,0.624707888,1.213964475,0.022236376,-1.248926377,2.441038689,-1.224372793,2.483592169,1.406426595,-0.415147959,-1.2942784,-12.69120658,0,0,0,0,0,0,0
1.018,0.626114847,1.21359648,0.020909993,-1.248926377,2.441038689,-1.22437387,2.483592169,1.406354902,-0.425777348,-1.286494175,-12.60387847,0,0,0,0,0,0,0
1.019,0.627521805,1.213228485,0.019583609,-1.248926377,2.441038689,-1.224374946,2.483592169,1.406283208,-0.436406737,-1.278709951,-12.51655035,0,0,0,0,0,0,0
1.02,0.628928764,1.21286049,0.018257225,-1.248926377,2.441038689,-1.224376023,2.483592169,1.406211514,-0.447036127,-1.270925726,-12.42922223,0,0,0,0,0,0,0
1.021,0.630333513,1.212336457,0.017040077,-1.248926377,2.441038689,-1.2246312,2.483592169,1.405996388,-0.457256497,-1.263477268,-12.32254951,0,0,0,0,0,0,0
1.022,0.631738262,1.211812424,0.015822929,-1.248926377,2.441038689,-1.224886377,2.483592169,1.405781262,-0.467476867,-1.25602881,-12.21587679,0,0,0,0,0,0,0
1.023,0.633143011,1.211288392,0.01460578,-1.248926377,2.441038689,-1.225141553,2.483592169,1.405566135,-0.477697237,-1.248580352,-12.10920408,0,0,0,0,0,0,0
1.024,0.63454776,1.210764359,0.013388632,-1.248926377,2.441038689,-1.22539673,2.483592169,1.405351009,-0.487917607,-1.241131894,-12.00253136,0,0,0,0,0,0,0
1.025,0.635952509,1.210240326,0.012171484,-1.248926377,2.441038689,-1.225651907,2.483592169,1.405135883,-0.498137977,-1.233683435,-11.89585864,0,0,0,0,0,0,0
1.026,0.637357258,1.209716294,0.010954335,-1.248926377,2.441038689,-1.225907083,2.483592169,1.404920757,-0.508358347,-1.226234977,-11.78918592,0,0,0,0,0,0,0
1.027,0.638762007,1.209192261,0.009737187,-1.248926377,2.441038689,-1.22616226,2.483592169,1.404705631,-0.518578717,-1.218786519,-11.68251321,0,0,0,0,0,0,0
1.028,0.640166757,1.208668228,0.008520039,-1.248926377,2.441038689,-1.226417437,2.483592169,1.404490504,-0.528799087,-1.211338061,-11.57584049,0,0,0,0,0,0,0
1.029,0.641571506,1.208144196,0.00730289,-1.248926377,2.441038689,-1.226672613,2.483592169,1.404275378,-0.539019457,-1.203889603,-11.46916777,0,0,0,0,0,0,0
1.03,0.642976255,1.207620163,0.006085742,-1.248926377,2.441038689,-1.22692779,2.483592169,1.404060252,-0.549239826,-1.196441145,-11.36249505,0,0,0,0,0,0,0
1.031,0.644381004,1.207096131,0.004868593,-1.248926377,2.441038689,-1.227182967,2.483592169,1.403845126,-0.559460196,-1.188992687,-11.25582234,0,0,0,0,0,0,0
1.032,0.645785753,1.206572098,0.003651445,-1.248926377,2.441038689,-1.227438143,2.483592169,1.40363,-0.569680566,-1.181544229,-11.14914962,0,0,0,0,0,0,0
1.033,0.647190502,1.206048065,0.002434297,-1.248926377,2.441038689,-1.22769332,2.483592169,1.403414874,-0.579900936,-1.174095771,-11.0424769,0,0,0,0,0,0,0
1.034,0.648595251,1.205524033,0.001217148,-1.248926377,2.441038689,-1.227948497,2.483592169,1.403199747,-0.590121306,-1.166647312,-10.93580418,0,0,0,0,0,0,0
1.035,0.65,1.205,4.59E-15,-1.248926377,2.441038689,-1.228203673,2.483592169,1.402984621,-0.600341676,-1.159198854,-10.82913147,0,0,0,0,0,0,0
1.036,0.650934665,1.226791485,-0.003044797,-1.248926377,2.441038689,-1.228274572,2.483592169,1.309458074,3.883062329,-1.540459293,-10.09466445,0,0,0,0,0,0,0
1.037,0.651869329,1.248582971,-0.006089593,-1.248926377,2.441038689,-1.228345471,2.483592169,1.215931528,8.366466335,-1.921719731,-9.36019743,0,0,0,0,0,0,0
1.038,0.652803994,1.270374456,-0.00913439,-1.248926377,2.441038689,-1.228416369,2.483592169,1.122404981,12.84987034,-2.302980169,-8.625730412,0,0,0,0,0,0,0
1.039,0.653738659,1.292165941,-0.012179187,-1.255833945,2.441038689,-1.228487268,2.483592169,1.028878435,17.33327435,-2.684240608,-7.891263393,0,0,0,0,0,0,0
1.04,0.654673323,1.313957427,-0.015223983,-1.262741513,2.441038689,-1.228558167,2.483592169,0.935351888,21.81667835,-3.065501046,-7.156796375,0,0,0,0,0,0,0
1.041,0.655607988,1.335748912,-0.01826878,-1.269649081,2.441038689,-1.228629066,2.483592169,0.841825341,26.30008236,-3.446761484,-6.422329356,0,0,0,0,0,0,0
1.042,0.656542652,1.357540397,-0.021313577,-1.276556649,2.441038689,-1.228699964,2.483592169,0.748298795,30.78348636,-3.828021922,-5.687862338,0,0,0,0,0,0,0
1.043,0.657477317,1.379331883,-0.024358373,-1.283464217,2.441038689,-1.228770863,2.483592169,0.654772248,35.26689037,-4.209282361,-4.95339532,0,0,0,0,0,0,0
1.044,0.658411982,1.401123368,-0.02740317,-1.290371785,2.441038689,-1.228841762,2.483592169,0.561245701,39.75029438,-4.590542799,-4.218928301,0,0,0,0,0,0,0
1.045,0.659346646,1.422914853,-0.030447967,-1.297279353,2.441038689,-1.228912661,2.483592169,0.467719155,44.23369838,-4.971803237,-3.484461283,0,0,0,0,0,0,0
1.046,0.660281311,1.444706339,-0.033492763,-1.30418692,2.441038689,-1.228983559,2.483592169,0.374192608,48.71710239,-5.353063676,-2.749994264,0,0,0,0,0,0,0
1.047,0.661215976,1.466497824,-0.03653756,-1.311094488,2.441038689,-1.229054458,2.483592169,0.280666061,53.20050639,-5.734324114,-2.015527246,0,0,0,0,0,0,0
1.048,0.66215064,1.488289309,-0.039582357,-1.318002056,2.441038689,-1.229125357,2.483592169,0.187139515,57.6839104,-6.115584552,-1.281060228,0,0,0,0,0,0,0
1.049,0.663085305,1.510080795,-0.042627153,-1.324909624,2.441038689,-1.229196256,2.483592169,0.093612968,62.16731441,-6.496844991,-0.546593209,0,0,0,0,0,0,0
1.05,0.664019969,1.53187228,-0.04567195,-1.331817192,2.441038689,-1.229267154,2.483592169,8.64E-05,66.65071841,-6.878105429,0.187873809,0,0,0,0,0,0,0
