t,x,y,r,bh,bt,fh,ft,dx,dy,dr,dbh,dbt,dfh,dft,ubh,ubt,ufh,uft
0,0,0.205,0,-1.047197551,2.094395102,-1.047197551,2.094395102,0,0,0,0,0,0,0,0,0,0,0
0.001,0.000210697,0.204858454,0.006688215,-1.162266035,2.009922302,-1.051902936,2.088631599,0.018532093,-0.008618616,0.552439542,0,0,0,0,0,0,0,0
0.002,0.000421395,0.204716908,0.013376429,-1.162266035,2.009922302,-1.05660832,2.088631599,0.037064187,-0.017237231,1.104879085,0,0,0,0,0,0,0,0
0.003,0.000632092,0.204575362,0.020064644,-1.162266035,2.009922302,-1.061313705,2.088631599,0.05559628,-0.025855847,1.657318627,0,0,0,0,0,0,0,0
0.004,0.00084279,0.204433816,0.026752859,-1.162266035,2.009922302,-1.066019089,2.088631599,0.074128373,-0.034474463,2.209758169,0,0,0,0,0,0,0,0
0.005,0.001053487,0.20429227,0.033441074,-1.162266035,2.009922302,-1.070724474,2.088631599,0.092660466,-0.043093079,2.762197711,0,0,0,0,0,0,0,0
0.006,0.001264184,0.204150724,0.040129288,-1.162266035,2.009922302,-1.075429859,2.088631599,0.11119256,-0.051711694,3.314637254,0,0,0,0,0,0,0,0
0.007,0.001474882,0.204009178,0.046817503,-1.162266035,2.009922302,-1.080135243,2.088631599,0.129724653,-0.06033031,3.867076796,0,0,0,0,0,0,0,0
0.008,0.001685579,0.203867632,0.053505718,-1.162266035,2.009922302,-1.084840628,2.088631599,0.148256746,-0.068948926,4.419516338,0,0,0,0,0,0,0,0
0.009,0.001896277,0.203726086,0.060193933,-1.162266035,2.009922302,-1.089546012,2.088631599,0.166788839,-0.077567541,4.971955881,0,0,0,0,0,0,0,0
0.01,0.002106974,0.20358454,0.066882147,-1.162266035,2.009922302,-1.094251397,2.088631599,0.185320933,-0.086186157,5.524395423,0,0,0,0,0,0,0,0
0.011,0.002317671,0.203442994,0.073570362,-1.162266035,2.009922302,-1.098956781,2.088631599,0.203853026,-0.094804773,6.076834965,0,0,0,0,0,0,0,0
0.012,0.002528369,0.203301448,0.080258577,-1.162266035,2.009922302,-1.103662166,2.088631599,0.222385119,-0.103423389,6.629274507,0,0,0,0,0,0,0,0
0.013,0.002739066,0.203159902,0.086946792,-1.162266035,2.009922302,-1.10836755,2.088631599,0.240917212,-0.112042004,7.18171405,0,0,0,0,0,0,0,0
0.014,0.002949763,0.203018356,0.093635006,-1.162266035,2.009922302,-1.113072935,2.088631599,0.259449306,-0.12066062,7.734153592,0,0,0,0,0,0,0,0
0.015,0.003160461,0.202876811,0.100323221,-1.162266035,2.009922302,-1.117778319,2.088631599,0.277981399,-0.129279236,8.286593134,0,0,0,0,0,0,0,0
0.016,0.003392323,0.202847951,0.106568446,-1.162266035,2.009922302,-1.121655998,2.088631599,0.273832826,-0.12026724,8.111081575,0,0,0,0,0,0,0,0
0.017,0.003624186,0.202819091,0.11281367,-1.162266035,2.009922302,-1.125533676,2.088631599,0.269684253,-0.111255244,7.935570015,0,0,0,0,0,0,0,0
0.018,0.003856048,0.202790232,0.119058895,-1.162266035,2.009922302,-1.129411354,2.088631599,0.26553568,-0.102243249,7.760058456,0,0,0,0,0,0,0,0
0.019,0.00408791,0.202761372,0.12530412,-1.162266035,2.009922302,-1.133289032,2.088631599,0.261387107,-0.093231253,7.584546897,0,0,0,0,0,0,0,0
0.02,0.004319773,0.202732513,0.131549344,-1.162266035,2.009922302,-1.13716671,2.088631599,0.257238534,-0.084219257,7.409035337,0,0,0,0,0,0,0,0
0.021,0.004551635,0.202703653,0.137794569,-1.162266035,2.009922302,-1.141044388,2.088631599,0.253089961,-0.075207262,7.233523778,0,0,0,0,0,0,0,0
0.022,0.004783497,0.202674794,0.144039794,-1.162266035,2.009922302,-1.144922066,2.088631599,0.248941388,-0.066195266,7.058012219,0,0,0,0,0,0,0,0
0.023,0.00501536,0.202645934,0.150285018,-1.162266035,2.009922302,-1.148799744,2.088631599,0.244792815,-0.05718327,6.882500659,0,0,0,0,0,0,0,0
0.024,0.005247222,0.202617074,0.156530243,-1.162266035,2.009922302,-1.152677422,2.088631599,0.240644243,-0.048171275,6.7069891,0,0,0,0,0,0,0,0
0.025,0.005479085,0.202588215,0.162775468,-1.162266035,2.009922302,-1.1565551,2.088631599,0.23649567,-0.039159279,6.53147754,0,0,0,0,0,0,0,0
0.026,0.005710947,0.202559355,0.169020692,-1.162266035,2.009922302,-1.160432779,2.088631599,0.232347097,-0.030147283,6.355965981,0,0,0,0,0,0,0,0
0.027,0.005942809,0.202530496,0.175265917,-1.162266035,2.009922302,-1.164310457,2.088631599,0.228198524,-0.021135288,6.180454422,0,0,0,0,0,0,0,0
0.028,0.006174672,0.202501636,0.181511141,-1.162266035,2.009922302,-1.168188135,2.088631599,0.224049951,-0.012123292,6.004942862,0,0,0,0,0,0,0,0
0.029,0.006406534,0.202472777,0.187756366,-1.162266035,2.009922302,-1.172065813,2.088631599,0.219901378,-0.003111296,5.829431303,0,0,0,0,0,0,0,0
0.03,0.006638396,0.202443917,0.194001591,-1.162266035,2.009922302,-1.175943491,2.088631599,0.215752805,0.005900699,5.653919743,0,0,0,0,0,0,0,0
0.031,0.006866428,0.202414216,0.200502897,-1.162266035,2.009922302,-1.179217979,2.088631599,0.217281743,0.000840315,5.766144842,0,0,0,0,0,0,0,0
0.032,0.007094459,0.202384515,0.207004204,-1.162266035,2.009922302,-1.182492468,2.088631599,0.218810682,-0.004220069,5.87836994,0,0,0,0,0,0,0,0
0.033,0.00732249,0.202354814,0.213505511,-1.162266035,2.009922302,-1.185766956,2.088631599,0.22033962,-0.009280454,5.990595039,0,0,0,0,0,0,0,0
0.034,0.007550521,0.202325113,0.220006817,-1.162266035,2.009922302,-1.189041445,2.088631599,0.221868559,-0.014340838,6.102820138,0,0,0,0,0,0,0,0
0.035,0.007778552,0.202295412,0.226508124,-1.162266035,2.009922302,-1.192315933,2.088631599,0.223397497,-0.019401222,6.215045236,0,0,0,0,0,0,0,0
0.036,0.008006583,0.202265711,0.233009431,-1.162266035,2.009922302,-1.195590422,2.088631599,0.224926436,-0.024461607,6.327270335,0,0,0,0,0,0,0,0
0.037,0.008234614,0.20223601,0.239510737,-1.162266035,2.009922302,-1.19886491,2.088631599,0.226455374,-0.029521991,6.439495433,0,0,0,0,0,0,0,0
0.038,0.008462645,0.202206309,0.246012044,-1.162266035,2.009922302,-1.202139399,2.088631599,0.227984313,-0.034582375,6.551720532,0,0,0,0,0,0,0,0
0.039,0.008690676,0.202176608,0.25251335,-1.162266035,2.009922302,-1.205413887,2.088631599,0.229513251,-0.03964276,6.663945631,0,0,0,0,0,0,0,0
0.04,0.008918707,0.202146907,0.259014657,-1.162266035,2.009922302,-1.208688376,2.088631599,0.231042189,-0.044703144,6.776170729,0,0,0,0,0,0,0,0
0.041,0.009146739,0.202117206,0.265515964,-1.162266035,2.009922302,-1.211962864,2.088631599,0.232571128,-0.049763528,6.888395828,0,0,0,0,0,0,0,0
0.042,0.00937477,0.202087505,0.27201727,-1.162266035,2.009922302,-1.215237353,2.088631599,0.234100066,-0.054823913,7.000620926,0,0,0,0,0,0,0,0
0.043,0.009602801,0.202057804,0.278518577,-1.162266035,2.009922302,-1.218511841,2.088631599,0.235629005,-0.059884297,7.112846025,0,0,0,0,0,0,0,0
0.044,0.009830832,0.202028103,0.285019884,-1.162266035,2.009922302,-1.22178633,2.088631599,0.237157943,-0.064944681,7.225071123,0,0,0,0,0,0,0,0
0.045,0.010058863,0.201998402,0.29152119,-1.162266035,2.009922302,-1.225060818,2.088631599,0.238686882,-0.070005066,7.337296222,0,0,0,0,0,0,0,0
0.046,0.010309773,0.201905382,0.300216124,-1.162266035,2.009922302,-1.228624828,2.088631599,0.240529151,-0.0716077,7.553848893,0,0,0,0,0,0,0,0
0.047,0.010560682,0.201812361,0.308911058,-1.162266035,2.009922302,-1.232188839,2.088631599,0.242371419,-0.073210334,7.770401564,0,0,0,0,0,0,0,0
0.048,0.010811592,0.201719341,0.317605992,-1.162266035,2.009922302,-1.235752849,2.088631599,0.244213688,-0.074812968,7.986954235,0,0,0,0,0,0,0,0
0.049,0.011062501,0.20162632,0.326300926,-1.162266035,2.009922302,-1.239316859,2.088631599,0.246055957,-0.076415602,8.203506906,0,0,0,0,0,0,0,0
0.05,0.011313411,0.2015333,0.334995859,-1.162266035,2.009922302,-1.242880869,2.088631599,0.247898226,-0.078018236,8.420059577,0,0,0,0,0,0,0,0
0.051,0.011564321,0.20144028,0.343690793,-1.162266035,2.009922302,-1.24644488,2.088631599,0.249740495,-0.07962087,8.636612248,0,0,0,0,0,0,0,0
0.052,0.01181523,0.201347259,0.352385727,-1.162266035,2.009922302,-1.25000889,2.088631599,0.251582764,-0.081223504,8.853164919,0,0,0,0,0,0,0,0
0.053,0.01206614,0.201254239,0.361080661,-1.162266035,2.009922302,-1.2535729,2.088631599,0.253425032,-0.082826138,9.069717591,0,0,0,0,0,0,0,0
0.054,0.01231705,0.201161218,0.369775594,-1.162266035,2.009922302,-1.25713691,2.088631599,0.255267301,-0.084428772,9.286270262,0,0,0,0,0,0,0,0
0.055,0.012567959,0.201068198,0.378470528,-1.162266035,2.009922302,-1.260700921,2.088631599,0.25710957,-0.086031406,9.502822933,0,0,0,0,0,0,0,0
0.056,0.012818869,0.200975177,0.387165462,-1.162266035,2.009922302,-1.264264931,2.088631599,0.258951839,-0.08763404,9.719375604,0,0,0,0,0,0,0,0
0.057,0.013069779,0.200882157,0.395860396,-1.162266035,2.009922302,-1.267828941,2.088631599,0.260794108,-0.089236674,9.935928275,0,0,0,0,0,0,0,0
0.058,0.013320688,0.200789136,0.40455533,-1.162266035,2.009922302,-1.271392952,2.088631599,0.262636377,-0.090839308,10.15248095,0,0,0,0,0,0,0,0
0.059,0.013571598,0.200696116,0.413250263,-1.162266035,2.009922302,-1.274956962,2.088631599,0.264478645,-0.092441943,10.36903362,0,0,0,0,0,0,0,0
0.06,0.013822507,0.200603095,0.421945197,-1.162266035,2.009922302,-1.278520972,2.088631599,0.266320914,-0.094044577,10.58558629,0,0,0,0,0,0,0,0
0.061,0.014082971,0.200562888,0.43311338,-1.162266035,2.009922302,-1.281861842,2.088631599,0.263909383,-0.084674861,10.54052519,0,0,0,0,0,0,0,0
0.062,0.014343435,0.200522681,0.444281564,-1.162266035,2.009922302,-1.285202713,2.088631599,0.261497853,-0.075305146,10.49546408,0,0,0,0,0,0,0,0
0.063,0.014603898,0.200482474,0.455449747,-1.162266035,2.009922302,-1.288543583,2.088631599,0.259086322,-0.06593543,10.45040298,0,0,0,0,0,0,0,0
0.064,0.014864362,0.200442267,0.46661793,-1.162266035,2.009922302,-1.291884453,2.088631599,0.256674791,-0.056565715,10.40534188,0,0,0,0,0,0,0,0
0.065,0.015124825,0.20040206,0.477786113,-1.162266035,2.009922302,-1.295225323,2.088631599,0.25426326,-0.047195999,10.36028077,0,0,0,0,0,0,0,0
0.066,0.015385289,0.200361853,0.488954296,-1.162266035,2.009922302,-1.298566194,2.088631599,0.251851729,-0.037826284,10.31521967,0,0,0,0,0,0,0,0
0.067,0.015645752,0.200321646,0.500122479,-1.162266035,2.009922302,-1.301907064,2.088631599,0.249440198,-0.028456568,10.27015857,0,0,0,0,0,0,0,0
0.068,0.015906216,0.200281439,0.511290662,-1.162266035,2.009922302,-1.305247934,2.088631599,0.247028667,-0.019086853,10.22509747,0,0,0,0,0,0,0,0
0.069,0.016166679,0.200241232,0.522458846,-1.162266035,2.009922302,-1.308588804,2.088631599,0.244617136,-0.009717137,10.18003636,0,0,0,0,0,0,0,0
0.07,0.016427143,0.200201025,0.533627029,-1.162266035,2.009922302,-1.311929675,2.088631599,0.242205606,-0.000347422,10.13497526,0,0,0,0,0,0,0,0
0.071,0.016687606,0.200160818,0.544795212,-1.162266035,2.009922302,-1.315270545,2.088631599,0.239794075,0.009022293,10.08991416,0,0,0,0,0,0,0,0
0.072,0.01694807,0.200120611,0.555963395,-1.162266035,2.009922302,-1.318611415,2.088631599,0.237382544,0.018392009,10.04485306,0,0,0,0,0,0,0,0
0.073,0.017208533,0.200080404,0.567131578,-1.162266035,2.009922302,-1.321952285,2.088631599,0.234971013,0.027761724,9.999791953,0,0,0,0,0,0,0,0
0.074,0.017468997,0.200040197,0.578299761,-1.162266035,2.009922302,-1.325293156,2.088631599,0.232559482,0.03713144,9.95473085,0,0,0,0,0,0,0,0
0.075,0.017729461,0.19999999,0.589467945,-1.162266035,2.009922302,-1.328634026,2.088631599,0.230147951,0.046501155,9.909669748,0,0,0,0,0,0,0,0
0.076,0.01789727,0.200275573,0.594609245,-1.162266035,2.009922302,-1.32932717,2.088631599,0.221331723,0.084345611,9.162635253,0,0,0,0,0,0,0,0
0.077,0.018065079,0.200551156,0.599750545,-1.162266035,2.009922302,-1.330020314,2.088631599,0.212515495,0.122190067,8.415600758,0,0,0,0,0,0,0,0
0.078,0.018232888,0.20082674,0.604891845,-1.162266035,2.009922302,-1.330713458,2.088631599,0.203699267,0.160034523,7.668566263,0,0,0,0,0,0,0,0
0.079,0.018400697,0.201102323,0.610033146,-1.162266035,2.009922302,-1.331406602,2.088631599,0.19488304,0.197878979,6.921531769,0,0,0,0,0,0,0,0
0.08,0.018568506,0.201377906,0.615174446,-1.162266035,2.009922302,-1.332099746,2.088631599,0.186066812,0.235723435,6.174497274,0,0,0,0,0,0,0,0
0.081,0.018736316,0.201653489,0.620315746,-1.162266035,2.009922302,-1.33279289,2.088631599,0.177250584,0.27356789,5.427462779,0,0,0,0,0,0,0,0
0.082,0.018904125,0.201929072,0.625457046,-1.162266035,2.009922302,-1.333486034,2.088631599,0.168434356,0.311412346,4.680428284,0,0,0,0,0,0,0,0
0.083,0.019071934,0.202204655,0.630598347,-1.162266035,2.009922302,-1.334179178,2.088631599,0.159618128,0.349256802,3.93339379,0,0,0,0,0,0,0,0
0.084,0.019239743,0.202480239,0.635739647,-1.162266035,2.009922302,-1.334872323,2.088631599,0.1508019,0.387101258,3.186359295,0,0,0,0,0,0,0,0
0.085,0.019407552,0.202755822,0.640880947,-1.162266035,2.009922302,-1.335565467,2.088631599,0.141985672,0.424945714,2.4393248,0,0,0,0,0,0,0,0
0.086,0.019575361,0.203031405,0.646022247,-1.162266035,2.009922302,-1.336258611,2.088631599,0.133169444,0.46279017,1.692290305,0,0,0,0,0,0,0,0
0.087,0.01974317,0.203306988,0.651163548,-1.162266035,2.009922302,-1.336951755,2.088631599,0.124353216,0.500634626,0.945255811,0,0,0,0,0,0,0,0
0.088,0.01991098,0.203582571,0.656304848,-1.162266035,2.009922302,-1.337644899,2.088631599,0.115536988,0.538479081,0.198221316,0,0,0,0,0,0,0,0
0.089,0.020078789,0.203858155,0.661446148,-1.162266035,2.009922302,-1.338338043,2.088631599,0.10672076,0.576323537,-0.548813179,0,0,0,0,0,0,0,0
0.09,0.020246598,0.204133738,0.666587448,-1.162266035,2.009922302,-1.339031187,2.088631599,0.097904532,0.614167993,-1.295847674,0,0,0,0,0,0,0,0
0.091,0.020294555,0.205046714,0.660557079,-1.162266035,2.009922302,-1.335431488,2.088631599,0.093079795,0.644057034,-1.70235688,0,0,0,0,0,0,0,0
0.092,0.020342513,0.205959691,0.654526709,-1.162266035,2.009922302,-1.331831789,2.088631599,0.088255058,0.673946075,-2.108866087,0,0,0,0,0,0,0,0
0.093,0.02039047,0.206872667,0.648496339,-1.162266035,2.009922302,-1.32823209,2.088631599,0.083430321,0.703835115,-2.515375293,0,0,0,0,0,0,0,0
0.094,0.020438428,0.207785644,0.642465969,-1.162266035,2.009922302,-1.324632391,2.088631599,0.078605584,0.733724156,-2.9218845,0,0,0,0,0,0,0,0
0.095,0.020486385,0.20869862,0.6364356,-1.162266035,2.009922302,-1.321032692,2.088631599,0.073780847,0.763613197,-3.328393707,0,0,0,0,0,0,0,0
0.096,0.020534343,0.209611597,0.63040523,-1.162266035,2.009922302,-1.317432993,2.088631599,0.06895611,0.793502237,-3.734902913,0,0,0,0,0,0,0,0
0.097,0.0205823,0.210524573,0.62437486,-1.162266035,2.009922302,-1.313833294,2.088631599,0.064131373,0.823391278,-4.14141212,0,0,0,0,0,0,0,0
0.098,0.020630258,0.21143755,0.61834449,-1.162266035,2.009922302,-1.310233595,2.088631599,0.059306636,0.853280319,-4.547921326,0,0,0,0,0,0,0,0
0.099,0.020678215,0.212350526,0.612314121,-1.162266035,2.009922302,-1.306633896,2.088631599,0.054481899,0.883169359,-4.954430533,0,0,0,0,0,0,0,0
0.1,0.020726173,0.213263503,0.606283751,-1.162266035,2.009922302,-1.303034197,2.088631599,0.049657162,0.9130584,-5.360939739,0,0,0,0,0,0,0,0
0.101,0.02077413,0.214176479,0.600253381,-1.162266035,2.009922302,-1.299434499,2.088631599,0.044832425,0.942947441,-5.767448946,0,0,0,0,0,0,0,0
0.102,0.020822088,0.215089456,0.594223011,-1.162266035,2.009922302,-1.2958348,2.088631599,0.040007688,0.972836482,-6.173958153,0,0,0,0,0,0,0,0
0.103,0.020870045,0.216002432,0.588192642,-1.162266035,2.009922302,-1.292235101,2.088631599,0.035182951,1.002725522,-6.580467359,0,0,0,0,0,0,0,0
0.104,0.020918003,0.216915409,0.582162272,-1.162266035,2.009922302,-1.288635402,2.088631599,0.030358214,1.032614563,-6.986976566,0,0,0,0,0,0,0,0
0.105,0.02096596,0.217828386,0.576131902,-1.162266035,2.009922302,-1.285035703,2.088631599,0.025533477,1.062503604,-7.393485772,0,0,0,0,0,0,0,0
0.106,0.020990611,0.218872685,0.569962782,-1.162266035,2.009922302,-1.280669042,2.088631599,0.025016898,1.058846139,-7.28249691,0,0,0,0,0,0,0,0
0.107,0.021015261,0.219916984,0.563793663,-1.162266035,2.009922302,-1.276302382,2.088631599,0.024500318,1.055188673,-7.171508048,0,0,0,0,0,0,0,0
0.108,0.021039911,0.220961284,0.557624543,-1.162266035,2.009922302,-1.271935721,2.088631599,0.023983738,1.051531208,-7.060519186,0,0,0,0,0,0,0,0
0.109,0.021064562,0.222005583,0.551455424,-1.162266035,2.009922302,-1.267569061,2.088631599,0.023467159,1.047873743,-6.949530324,0,0,0,0,0,0,0,0
0.11,0.021089212,0.223049883,0.545286304,-1.162266035,2.009922302,-1.2632024,2.088631599,0.022950579,1.044216278,-6.838541462,0,0,0,0,0,0,0,0
0.111,0.021113862,0.224094182,0.539117185,-1.162266035,2.009922302,-1.25883574,2.088631599,0.022434,1.040558813,-6.7275526,0,0,0,0,0,0,0,0
0.112,0.021138513,0.225138482,0.532948065,-1.162266035,2.009922302,-1.254469079,2.088631599,0.02191742,1.036901348,-6.616563738,0,0,0,0,0,0,0,0
0.113,0.021163163,0.226182781,0.526778945,-1.162266035,2.009922302,-1.250102419,2.088631599,0.021400841,1.033243882,-6.505574876,0,0,0,0,0,0,0,0
0.114,0.021187813,0.227227081,0.520609826,-1.162266035,2.009922302,-1.245735758,2.088631599,0.020884261,1.029586417,-6.394586014,0,0,0,0,0,0,0,0
0.115,0.021212463,0.22827138,0.514440706,-1.162266035,2.009922302,-1.241369098,2.088631599,0.020367682,1.025928952,-6.283597152,0,0,0,0,0,0,0,0
0.116,0.021237114,0.22931568,0.508271587,-1.162266035,2.009922302,-1.237002437,2.088631599,0.019851102,1.022271487,-6.17260829,0,0,0,0,0,0,0,0
0.117,0.021261764,0.230359979,0.502102467,-1.162266035,2.009922302,-1.232635776,2.088631599,0.019334523,1.018614022,-6.061619428,0,0,0,0,0,0,0,0
0.118,0.021286414,0.231404279,0.495933348,-1.162266035,2.009922302,-1.228269116,2.088631599,0.018817943,1.014956556,-5.950630566,0,0,0,0,0,0,0,0
0.119,0.021311065,0.232448578,0.489764228,-1.162266035,2.009922302,-1.223902455,2.088631599,0.018301364,1.011299091,-5.839641704,0,0,0,0,0,0,0,0
0.12,0.021335715,0.233492877,0.483595108,-1.162266035,2.009922302,-1.219535795,2.088631599,0.017784784,1.007641626,-5.728652842,0,0,0,0,0,0,0,0
0.121,0.021344608,0.234435245,0.47768333,-1.162266035,2.009922302,-1.215377363,2.088631599,0.016862995,0.998260647,-5.742380826,0,0,0,0,0,0,0,0
0.122,0.021353501,0.235377613,0.471771552,-1.162266035,2.009922302,-1.211218931,2.088631599,0.015941206,0.988879667,-5.756108811,0,0,0,0,0,0,0,0
0.123,0.021362395,0.23631998,0.465859773,-1.162266035,2.009922302,-1.207060498,2.088631599,0.015019417,0.979498688,-5.769836795,0,0,0,0,0,0,0,0
0.124,0.021371288,0.237262348,0.459947995,-1.162266035,2.009922302,-1.202902066,2.088631599,0.014097628,0.970117709,-5.78356478,0,0,0,0,0,0,0,0
0.125,0.021380181,0.238204715,0.454036216,-1.162266035,2.009922302,-1.198743634,2.088631599,0.013175838,0.960736729,-5.797292764,0,0,0,0,0,0,0,0
0.126,0.021389074,0.239147083,0.448124438,-1.162266035,2.009922302,-1.194585202,2.088631599,0.012254049,0.95135575,-5.811020749,0,0,0,0,0,0,0,0
0.127,0.021397968,0.24008945,0.44221266,-1.162266035,2.009922302,-1.19042677,2.088631599,0.01133226,0.94197477,-5.824748734,0,0,0,0,0,0,0,0
0.128,0.021406861,0.241031818,0.436300881,-1.162266035,2.009922302,-1.186268337,2.088631599,0.010410471,0.932593791,-5.838476718,0,0,0,0,0,0,0,0
0.129,0.021415754,0.241974185,0.430389103,-1.162266035,2.009922302,-1.182109905,2.088631599,0.009488682,0.923212812,-5.852204703,0,0,0,0,0,0,0,0
0.13,0.021424647,0.242916553,0.424477324,-1.162266035,2.009922302,-1.177951473,2.088631599,0.008566893,0.913831832,-5.865932687,0,0,0,0,0,0,0,0
0.131,0.021433541,0.24385892,0.418565546,-1.162266035,2.009922302,-1.173793041,2.088631599,0.007645104,0.904450853,-5.879660672,0,0,0,0,0,0,0,0
0.132,0.021442434,0.244801288,0.412653768,-1.162266035,2.009922302,-1.169634609,2.088631599,0.006723315,0.895069873,-5.893388656,0,0,0,0,0,0,0,0
0.133,0.021451327,0.245743656,0.406741989,-1.162266035,2.009922302,-1.165476177,2.088631599,0.005801526,0.885688894,-5.907116641,0,0,0,0,0,0,0,0
0.134,0.02146022,0.246686023,0.400830211,-1.162266035,2.009922302,-1.161317744,2.088631599,0.004879736,0.876307915,-5.920844625,0,0,0,0,0,0,0,0
0.135,0.021469114,0.247628391,0.394918433,-1.162266035,2.009922302,-1.157159312,2.088631599,0.003957947,0.866926935,-5.93457261,0,0,0,0,0,0,0,0
0.136,0.021472692,0.248411061,0.389105096,-1.162266035,2.009922302,-1.153490748,2.088631599,0.003947214,0.855782495,-5.919492902,0,0,0,0,0,0,0,0
0.137,0.021476269,0.249193731,0.38329176,-1.162266035,2.009922302,-1.149822183,2.088631599,0.003936481,0.844638054,-5.904413193,0,0,0,0,0,0,0,0
0.138,0.021479847,0.249976401,0.377478424,-1.162266035,2.009922302,-1.146153619,2.088631599,0.003925747,0.833493614,-5.889333485,0,0,0,0,0,0,0,0
0.139,0.021483425,0.250759071,0.371665088,-1.162266035,2.009922302,-1.142485054,2.088631599,0.003915014,0.822349173,-5.874253777,0,0,0,0,0,0,0,0
0.14,0.021487003,0.251541741,0.365851752,-1.162266035,2.009922302,-1.138816489,2.088631599,0.003904281,0.811204733,-5.859174068,0,0,0,0,0,0,0,0
0.141,0.021490581,0.252324412,0.360038415,-1.162266035,2.009922302,-1.135147925,2.088631599,0.003893547,0.800060292,-5.84409436,0,0,0,0,0,0,0,0
0.142,0.021494159,0.253107082,0.354225079,-1.162266035,2.009922302,-1.13147936,2.088631599,0.003882814,0.788915852,-5.829014651,0,0,0,0,0,0,0,0
0.143,0.021497737,0.253889752,0.348411743,-1.162266035,2.009922302,-1.127810796,2.088631599,0.003872081,0.777771411,-5.813934943,0,0,0,0,0,0,0,0
0.144,0.021501315,0.254672422,0.342598407,-1.162266035,2.009922302,-1.124142231,2.088631599,0.003861348,0.766626971,-5.798855235,0,0,0,0,0,0,0,0
0.145,0.021504893,0.255455092,0.336785071,-1.162266035,2.009922302,-1.120473667,2.088631599,0.003850614,0.75548253,-5.783775526,0,0,0,0,0,0,0,0
0.146,0.021508471,0.256237762,0.330971735,-1.162266035,2.009922302,-1.116805102,2.088631599,0.003839881,0.744338089,-5.768695818,0,0,0,0,0,0,0,0
0.147,0.021512049,0.257020433,0.325158398,-1.162266035,2.009922302,-1.113136538,2.088631599,0.003829148,0.733193649,-5.75361611,0,0,0,0,0,0,0,0
0.148,0.021515627,0.257803103,0.319345062,-1.162266035,2.009922302,-1.109467973,2.088631599,0.003818414,0.722049208,-5.738536401,0,0,0,0,0,0,0,0
0.149,0.021519205,0.258585773,0.313531726,-1.162266035,2.009922302,-1.105799408,2.088631599,0.003807681,0.710904768,-5.723456693,0,0,0,0,0,0,0,0
0.15,0.021522783,0.259368443,0.30771839,-1.162266035,2.009922302,-1.102130844,2.088631599,0.003796948,0.699760327,-5.708376984,0,0,0,0,0,0,0,0
0.151,0.021527885,0.259988252,0.302085378,-1.162266035,2.009922302,-1.099006288,2.088631599,0.004003439,0.689207318,-5.699214565,0,0,0,0,0,0,0,0
0.152,0.021532987,0.26060806,0.296452366,-1.162266035,2.009922302,-1.095881732,2.088631599,0.004209931,0.678654308,-5.690052145,0,0,0,0,0,0,0,0
0.153,0.021538089,0.261227869,0.290819354,-1.162266035,2.009922302,-1.092757176,2.088631599,0.004416423,0.668101298,-5.680889725,0,0,0,0,0,0,0,0
0.154,0.021543191,0.261847677,0.285186342,-1.162266035,2.009922302,-1.08963262,2.088631599,0.004622915,0.657548288,-5.671727305,0,0,0,0,0,0,0,0
0.155,0.021548293,0.262467486,0.27955333,-1.162266035,2.009922302,-1.086508064,2.088631599,0.004829406,0.646995279,-5.662564886,0,0,0,0,0,0,0,0
0.156,0.021553395,0.263087295,0.273920319,-1.162266035,2.009922302,-1.083383508,2.088631599,0.005035898,0.636442269,-5.653402466,0,0,0,0,0,0,0,0
0.157,0.021558497,0.263707103,0.268287307,-1.162266035,2.009922302,-1.080258952,2.088631599,0.00524239,0.625889259,-5.644240046,0,0,0,0,0,0,0,0
0.158,0.021563599,0.264326912,0.262654295,-1.162266035,2.009922302,-1.077134396,2.088631599,0.005448881,0.615336249,-5.635077626,0,0,0,0,0,0,0,0
0.159,0.021568701,0.26494672,0.257021283,-1.162266035,2.009922302,-1.07400984,2.088631599,0.005655373,0.60478324,-5.625915207,0,0,0,0,0,0,0,0
0.16,0.021573804,0.265566529,0.251388271,-1.162266035,2.009922302,-1.070885284,2.088631599,0.005861865,0.59423023,-5.616752787,0,0,0,0,0,0,0,0
0.161,0.021578906,0.266186337,0.245755259,-1.162266035,2.009922302,-1.067760728,2.088631599,0.006068357,0.58367722,-5.607590367,0,0,0,0,0,0,0,0
0.162,0.021584008,0.266806146,0.240122247,-1.162266035,2.009922302,-1.064636172,2.088631599,0.006274848,0.57312421,-5.598427947,0,0,0,0,0,0,0,0
0.163,0.02158911,0.267425955,0.234489236,-1.162266035,2.009922302,-1.061511616,2.088631599,0.00648134,0.5625712,-5.589265528,0,0,0,0,0,0,0,0
0.164,0.021594212,0.268045763,0.228856224,-1.162266035,2.009922302,-1.05838706,2.088631599,0.006687832,0.552018191,-5.580103108,0,0,0,0,0,0,0,0
0.165,0.021599314,0.268665572,0.223223212,-1.162266035,2.009922302,-1.055262504,2.088631599,0.006894324,0.541465181,-5.570940688,0,0,0,0,0,0,0,0
0.166,0.02160875,0.269131315,0.21769356,-1.162266035,2.009922302,-1.052626954,2.088631599,0.007250758,0.531436291,-5.565933178,0,0,0,0,0,0,0,0
0.167,0.021618187,0.269597058,0.212163909,-1.150638849,2.002001031,-1.049991405,2.088631599,0.007607193,0.521407401,-5.560925668,12.04026333,-8.11647681,2.808644502,2.927201983,-0.885704204,-1.075147921,-0.58333647,0.126295362
0.168,0.021627623,0.270062801,0.206634257,-1.139011662,1.994079761,-1.047355855,2.088631599,0.007963628,0.511378511,-5.555918158,11.96932639,-8.080240484,2.778145247,2.994830646,-0.904681421,-1.120353455,-0.581815394,0.127191595
0.169,0.021637059,0.270528544,0.201104606,-1.127384476,1.986158491,-1.044720305,2.088631599,0.008320063,0.501349621,-5.550910648,11.89838944,-8.044004158,2.747645992,3.062459308,-0.923658638,-1.16555899,-0.580294317,0.128087827
0.17,0.021646495,0.270994287,0.195574954,-1.115757289,1.978237221,-1.042084755,2.088631599,0.008676497,0.491320731,-5.545903138,11.82745249,-8.007767832,2.717146737,3.13008797,-0.942635854,-1.210764524,-0.578773241,0.128984059
0.171,0.021655932,0.27146003,0.190045303,-1.104130103,1.97031595,-1.039449205,2.088631599,0.009032932,0.481291841,-5.540895629,11.75651554,-7.971531506,2.686647482,3.197716633,-0.961613071,-1.255970058,-0.577252165,0.129880292
0.172,0.021665368,0.271925774,0.184515651,-1.092502916,1.96239468,-1.036813655,2.088631599,0.009389367,0.471262951,-5.535888119,11.6855786,-7.935295179,2.656148227,3.265345295,-0.980590287,-1.301175593,-0.575731089,0.130776524
0.173,0.021674804,0.272391517,0.178986,-1.08087573,1.95447341,-1.034178105,2.088631599,0.009745802,0.461234062,-5.530880609,11.61464165,-7.899058853,2.625648972,3.332973957,-0.999567504,-1.346381127,-0.574210013,0.131672757
0.174,0.02168424,0.27285726,0.173456348,-1.069248543,1.94655214,-1.031542555,2.088631599,0.010102236,0.451205172,-5.525873099,11.5437047,-7.862822527,2.595149717,3.40060262,-1.018544721,-1.391586661,-0.572688937,0.132568989
0.175,0.021693677,0.273323003,0.167926697,-1.057621357,1.938630869,-1.028907005,2.088631599,0.010458671,0.441176282,-5.520865589,11.47276776,-7.826586201,2.564650462,3.468231282,-1.037521937,-1.436792195,-0.57116786,0.133465221
0.176,0.021703113,0.273788746,0.162397045,-1.04599417,1.930709599,-1.026271455,2.088631599,0.010815106,0.431147392,-5.515858079,11.40183081,-7.790349875,2.534151207,3.535859944,-1.056499154,-1.48199773,-0.569646784,0.134361454
0.177,0.021712549,0.274254489,0.156867394,-1.034366984,1.922788329,-1.023635905,2.088631599,0.011171541,0.421118502,-5.510850569,11.33089386,-7.754113549,2.503651952,3.603488607,-1.07547637,-1.527203264,-0.568125708,0.135257686
0.178,0.021721986,0.274720232,0.151337742,-1.022739797,1.914867059,-1.021000356,2.088631599,0.011527975,0.411089612,-5.505843059,11.25995692,-7.717877222,2.473152697,3.671117269,-1.094453587,-1.572408798,-0.566604632,0.136153919
0.179,0.021731422,0.275185975,0.145808091,-1.011112611,1.906945788,-1.018364806,2.088631599,0.01188441,0.401060722,-5.500835549,11.18901997,-7.681640896,2.442653442,3.738745931,-1.113430804,-1.617614333,-0.565083556,0.137050151
0.18,0.021740858,0.275651718,0.140278439,-0.999485424,1.899024518,-1.015729256,2.088631599,0.012240845,0.391031832,-5.495828039,11.11808302,-7.64540457,2.412154187,3.806374594,-1.13240802,-1.662819867,-0.56356248,0.137946383
0.181,0.021756363,0.275969877,0.134804039,-0.988805831,1.891673615,-1.013518518,2.088631599,0.0126892,0.381370371,-5.493298112,11.06126594,-7.605439075,2.386050232,3.866644896,-1.155666386,-1.701229892,-0.561936198,0.138975365
0.182,0.021771868,0.276288035,0.12932964,-0.978126237,1.884322712,-1.011307779,2.088631599,0.013137555,0.371708909,-5.490768185,11.00444885,-7.565473579,2.359946277,3.926915199,-1.178924752,-1.739639918,-0.560309917,0.140004348
0.183,0.021787373,0.276606193,0.12385524,-0.967446643,1.876971808,-1.009097041,2.088631599,0.01358591,0.362047448,-5.488238258,10.94763177,-7.525508083,2.333842323,3.987185502,-1.202183118,-1.778049943,-0.558683636,0.14103333
0.184,0.021802878,0.276924351,0.11838084,-0.956767049,1.869620905,-1.006886303,2.088631599,0.014034265,0.352385986,-5.48570833,10.89081469,-7.485542588,2.307738368,4.047455805,-1.225441484,-1.816459969,-0.557057354,0.142062312
0.185,0.021818383,0.27724251,0.11290644,-0.946087456,1.862270002,-1.004675565,2.088631599,0.01448262,0.342724525,-5.483178403,10.8339976,-7.445577092,2.281634413,4.107726108,-1.24869985,-1.854869994,-0.555431073,0.143091294
0.186,0.021833888,0.277560668,0.10743204,-0.935407862,1.854919099,-1.002464827,2.088631599,0.014930975,0.333063063,-5.480648476,10.77718052,-7.405611597,2.255530458,4.16799641,-1.271958216,-1.893280019,-0.553804792,0.144120276
0.187,0.021849393,0.277878826,0.101957641,-0.924728268,1.847568196,-1.000254088,2.088631599,0.01537933,0.323401602,-5.478118549,10.72036344,-7.365646101,2.229426503,4.228266713,-1.295216582,-1.931690045,-0.55217851,0.145149258
0.188,0.021864898,0.278196984,0.096483241,-0.914048674,1.840217292,-0.99804335,2.088631599,0.015827685,0.31374014,-5.475588622,10.66354636,-7.325680606,2.203322548,4.288537016,-1.318474948,-1.97010007,-0.550552229,0.14617824
0.189,0.021880403,0.278515142,0.091008841,-0.903369081,1.832866389,-0.995832612,2.088631599,0.01627604,0.304078679,-5.473058694,10.60672927,-7.28571511,2.177218593,4.348807319,-1.341733314,-2.008510096,-0.548925948,0.147207222
0.19,0.021895908,0.278833301,0.085534441,-0.892689487,1.825515486,-0.993621874,2.088631599,0.016724395,0.294417217,-5.470528767,10.54991219,-7.245749615,2.151114638,4.409077622,-1.36499168,-2.046920121,-0.547299666,0.148236204
0.191,0.021911413,0.279151459,0.080060041,-0.882009893,1.818164583,-0.991411136,2.088631599,0.01717275,0.284755756,-5.46799884,10.49309511,-7.205784119,2.125010684,4.469347924,-1.388250046,-2.085330147,-0.545673385,0.149265187
0.192,0.021926919,0.279469617,0.074585641,-0.871330299,1.810813679,-0.989200397,2.088631599,0.017621105,0.275094294,-5.465468913,10.43627802,-7.165818624,2.098906729,4.529618227,-1.411508412,-2.123740172,-0.544047104,0.150294169
0.193,0.021942424,0.279787775,0.069111242,-0.860650706,1.803462776,-0.986989659,2.088631599,0.01806946,0.265432833,-5.462938986,10.37946094,-7.125853128,2.072802774,4.58988853,-1.434766778,-2.162150198,-0.542420822,0.151323151
0.194,0.021957929,0.280105933,0.063636842,-0.849971112,1.796111873,-0.984778921,2.088631599,0.018517816,0.255771372,-5.460409059,10.32264386,-7.085887632,2.046698819,4.650158833,-1.458025144,-2.200560223,-0.540794541,0.152352133
0.195,0.021973434,0.280424092,0.058162442,-0.839291518,1.78876097,-0.982568183,2.088631599,0.018966171,0.24610991,-5.457879131,10.26582677,-7.045922137,2.020594864,4.710429136,-1.48128351,-2.238970248,-0.53916826,0.153381115
0.196,0.021996253,0.280599785,0.052712503,-0.829401979,1.782042835,-0.980715094,2.088631599,0.019492893,0.236774755,-5.45706382,10.21650274,-7.001393447,1.999017751,4.762815729,-1.510119771,-2.277963205,-0.537639046,0.15450134
0.197,0.022019072,0.280775479,0.047262564,-0.81951244,1.775324701,-0.978862006,2.088631599,0.020019615,0.227439601,-5.456248509,10.16717872,-6.956864756,1.977440638,4.815202322,-1.538956032,-2.316956161,-0.536109832,0.155621565
0.198,0.022041891,0.280951172,0.041812626,-0.809622902,1.768606566,-0.977008917,2.088631599,0.020546337,0.218104446,-5.455433198,10.11785469,-6.912336066,1.955863525,4.867588915,-1.567792292,-2.355949117,-0.534580617,0.15674179
0.199,0.02206471,0.281126866,0.036362687,-0.799733363,1.761888432,-0.975155829,2.088631599,0.02107306,0.208769291,-5.454617887,10.06853066,-6.867807376,1.934286412,4.919975508,-1.596628553,-2.394942073,-0.533051403,0.157862015
0.2,0.022087529,0.281302559,0.030912748,-0.789843824,1.755170297,-0.973302741,2.088631599,0.021599782,0.199434136,-5.453802576,10.01920663,-6.823278685,1.912709299,4.972362102,-1.625464814,-2.433935029,-0.531522189,0.15898224
0.201,0.022110349,0.281478253,0.025462809,-0.779954285,1.748452163,-0.971449652,2.088631599,0.022126504,0.190098982,-5.452987265,9.969882602,-6.778749995,1.891132186,5.024748695,-1.654301075,-2.472927985,-0.529992975,0.160102465
0.202,0.022133168,0.281653946,0.02001287,-0.770064747,1.741734029,-0.969596564,2.088631599,0.022653226,0.180763827,-5.452171954,9.920558573,-6.734221305,1.869555073,5.077135288,-1.683137336,-2.511920941,-0.528463761,0.16122269
0.203,0.022155987,0.281829639,0.014562932,-0.760175208,1.735015894,-0.967743475,2.088631599,0.023179949,0.171428672,-5.451356643,9.871234545,-6.689692614,1.84797796,5.129521881,-1.711973597,-2.550913897,-0.526934547,0.162342915
0.204,0.022178806,0.282005333,0.009112993,-0.750285669,1.72829776,-0.965890387,2.088631599,0.023706671,0.162093518,-5.450541332,9.821910516,-6.645163924,1.826400847,5.181908474,-1.740809858,-2.589906853,-0.525405333,0.16346314
0.205,0.022201625,0.282181026,0.003663054,-0.74039613,1.721579625,-0.964037298,2.088631599,0.024233393,0.152758363,-5.449726021,9.772586488,-6.600635234,1.804823735,5.234295068,-1.769646119,-2.628899809,-0.523876119,0.164583365
0.206,0.022224445,0.28235672,-0.001786885,-0.730506591,1.714861491,-0.96218421,2.088631599,0.024760116,0.143423208,-5.44891071,9.723262459,-6.556106543,1.783246622,5.286681661,-1.79848238,-2.667892766,-0.522346905,0.16570359
0.207,0.022247264,0.282532413,-0.007236824,-0.720617053,1.708143356,-0.960331121,2.088631599,0.025286838,0.134088053,-5.448095399,9.673938431,-6.511577853,1.761669509,5.339068254,-1.82731864,-2.706885722,-0.520817691,0.166823815
0.208,0.022270083,0.282708107,-0.012686762,-0.710727514,1.701425222,-0.958478033,2.088631599,0.02581356,0.124752899,-5.447280088,9.624614402,-6.467049163,1.740092396,5.391454847,-1.856154901,-2.745878678,-0.519288477,0.16794404
0.209,0.022292902,0.2828838,-0.018136701,-0.700837975,1.694707087,-0.956624944,2.088631599,0.026340282,0.115417744,-5.446464777,9.575290374,-6.422520472,1.718515283,5.44384144,-1.884991162,-2.784871634,-0.517759263,0.169064266
0.21,0.022315721,0.283059494,-0.02358664,-0.690948436,1.687988953,-0.954771856,2.088631599,0.026867005,0.106082589,-5.445649466,9.525966346,-6.377991782,1.69693817,5.496228033,-1.913827423,-2.82386459,-0.516230048,0.170184491
0.211,0.022347051,0.283097631,-0.029034645,-0.681767971,1.681977224,-0.953208664,2.088631599,0.027476765,0.09708045,-5.446161731,9.480253993,-6.328237403,1.679841385,5.540867849,-1.948772878,-2.866436264,-0.514976826,0.171349255
0.212,0.022378381,0.283135768,-0.034482651,-0.672587506,1.675965495,-0.951645472,2.088631599,0.028086526,0.088078311,-5.446673996,9.43454164,-6.278483023,1.6627446,5.585507665,-1.983718332,-2.909007938,-0.513723603,0.17251402
0.213,0.022409711,0.283173904,-0.039930656,-0.663407041,1.669953765,-0.950082281,2.088631599,0.028696286,0.079076172,-5.44718626,9.388829287,-6.228728644,1.645647815,5.630147481,-2.018663786,-2.951579612,-0.512470381,0.173678785
0.214,0.022441041,0.283212041,-0.045378661,-0.654226576,1.663942036,-0.948519089,2.088631599,0.029306047,0.070074033,-5.447698525,9.343116934,-6.178974265,1.62855103,5.674787297,-2.053609241,-2.994151287,-0.511217158,0.17484355
0.215,0.022472372,0.283250178,-0.050826666,-0.645046111,1.657930307,-0.946955897,2.088631599,0.029915807,0.061071894,-5.44821079,9.297404581,-6.129219885,1.611454245,5.719427113,-2.088554695,-3.036722961,-0.509963936,0.176008315
0.216,0.022503702,0.283288315,-0.056274672,-0.635865646,1.651918578,-0.945392705,2.088631599,0.030525567,0.052069755,-5.448723054,9.251692228,-6.079465506,1.59435746,5.764066929,-2.12350015,-3.079294635,-0.508710713,0.17717308
0.217,0.022535032,0.283326452,-0.061722677,-0.626685181,1.645906849,-0.943829513,2.088631599,0.031135328,0.043067616,-5.449235319,9.205979875,-6.029711127,1.577260675,5.808706745,-2.158445604,-3.121866309,-0.50745749,0.178337845
0.218,0.022566362,0.283364589,-0.067170682,-0.617504716,1.63989512,-0.942266322,2.088631599,0.031745088,0.034065477,-5.449747584,9.160267522,-5.979956748,1.56016389,5.853346561,-2.193391059,-3.164437983,-0.506204268,0.17950261
0.219,0.022597692,0.283402726,-0.072618688,-0.608324251,1.633883391,-0.94070313,2.088631599,0.032354849,0.025063339,-5.450259849,9.114555169,-5.930202368,1.543067105,5.897986377,-2.228336513,-3.207009657,-0.504951045,0.180667375
0.22,0.022629022,0.283440863,-0.078066693,-0.599143786,1.627871661,-0.939139938,2.088631599,0.032964609,0.0160612,-5.450772113,9.068842816,-5.880447989,1.52597032,5.942626193,-2.263281967,-3.249581332,-0.503697823,0.18183214
0.221,0.022660352,0.283479,-0.083514698,-0.589963321,1.621859932,-0.937576746,2.088631599,0.03357437,0.007059061,-5.451284378,9.023130463,-5.83069361,1.508873535,5.987266009,-2.298227422,-3.292153006,-0.5024446,0.182996905
0.222,0.022691682,0.283517137,-0.088962703,-0.580782856,1.615848203,-0.936013554,2.088631599,0.03418413,-0.001943078,-5.451796643,8.97741811,-5.780939231,1.49177675,6.031905825,-2.333172876,-3.33472468,-0.501191378,0.18416167
0.223,0.022723012,0.283555274,-0.094410709,-0.571602391,1.609836474,-0.934450363,2.088631599,0.034793891,-0.010945217,-5.452308907,8.931705757,-5.731184851,1.474679965,6.076545641,-2.368118331,-3.377296354,-0.499938155,0.185326435
0.224,0.022754342,0.283593411,-0.099858714,-0.562421926,1.603824745,-0.932887171,2.088631599,0.035403651,-0.019947356,-5.452821172,8.885993405,-5.681430472,1.45758318,6.121185457,-2.403063785,-3.419868028,-0.498684932,0.1864912
0.225,0.022785672,0.283631548,-0.105306719,-0.553241461,1.597813016,-0.931323979,2.088631599,0.036013412,-0.028949495,-5.453333437,8.840281052,-5.631676093,1.440486395,6.165825273,-2.43800924,-3.462439702,-0.49743171,0.187655965
0.226,0.022826847,0.28353732,-0.110770961,-0.544735348,1.592589599,-0.929984553,2.088631599,0.036718736,-0.037589951,-5.454960339,8.79576953,-5.576278997,1.427718295,6.203245369,-2.478994674,-3.509944432,-0.496559433,0.188824691
0.227,0.022868021,0.283443093,-0.116235203,-0.536229235,1.587366182,-0.928645126,2.088631599,0.03742406,-0.046230406,-5.456587242,8.751258008,-5.5208819,1.414950196,6.240665465,-2.519980109,-3.557449161,-0.495687157,0.189993418
0.228,0.022909196,0.283348865,-0.121699445,-0.527723122,1.582142765,-0.9273057,2.088631599,0.038129384,-0.054870862,-5.458214144,8.706746486,-5.465484804,1.402182096,6.27808556,-2.560965544,-3.60495389,-0.49481488,0.191162145
0.229,0.022950371,0.283254638,-0.127163687,-0.519217009,1.576919348,-0.925966274,2.088631599,0.038834708,-0.063511317,-5.459841047,8.662234965,-5.410087708,1.389413997,6.315505656,-2.601950979,-3.652458619,-0.493942603,0.192330872
0.23,0.022991545,0.28316041,-0.13262793,-0.510710896,1.571695931,-0.924626847,2.088631599,0.039540032,-0.072151773,-5.461467949,8.617723443,-5.354690612,1.376645897,6.352925752,-2.642936414,-3.699963348,-0.493070327,0.193499599
0.231,0.02303272,0.283066182,-0.138092172,-0.502204783,1.566472514,-0.923287421,2.088631599,0.040245356,-0.080792228,-5.463094852,8.573211921,-5.299293516,1.363877798,6.390345848,-2.683921849,-3.747468077,-0.49219805,0.194668326
0.232,0.023073895,0.282971955,-0.143556414,-0.49369867,1.561249097,-0.921947995,2.088631599,0.04095068,-0.089432683,-5.464721754,8.528700399,-5.243896419,1.351109698,6.427765944,-2.724907283,-3.794972807,-0.491325773,0.195837052
0.233,0.023115069,0.282877727,-0.149020656,-0.485192557,1.55602568,-0.920608568,2.088631599,0.041656004,-0.098073139,-5.466348657,8.484188878,-5.188499323,1.338341599,6.46518604,-2.765892718,-3.842477536,-0.490453497,0.197005779
0.234,0.023156244,0.2827835,-0.154484898,-0.476686444,1.550802263,-0.919269142,2.088631599,0.042361328,-0.106713594,-5.467975559,8.439677356,-5.133102227,1.325573499,6.502606135,-2.806878153,-3.889982265,-0.48958122,0.198174506
0.235,0.023197418,0.282689272,-0.15994914,-0.468180331,1.545578846,-0.917929715,2.088631599,0.043066652,-0.11535405,-5.469602461,8.395165834,-5.077705131,1.3128054,6.540026231,-2.847863588,-3.937486994,-0.488708944,0.199343233
0.236,0.023238593,0.282595045,-0.165413382,-0.459674218,1.540355429,-0.916590289,2.088631599,0.043771977,-0.123994505,-5.471229364,8.350654312,-5.022308035,1.3000373,6.577446327,-2.888849023,-3.984991723,-0.487836667,0.20051196
0.237,0.023279768,0.282500817,-0.170877624,-0.451168105,1.535132012,-0.915250863,2.088631599,0.044477301,-0.132634961,-5.472856266,8.30614279,-4.966910938,1.287269201,6.614866423,-2.929834458,-4.032496453,-0.48696439,0.201680687
0.238,0.023320942,0.28240659,-0.176341866,-0.442661992,1.529908595,-0.913911436,2.088631599,0.045182625,-0.141275416,-5.474483169,8.261631269,-4.911513842,1.274501101,6.652286519,-2.970819893,-4.080001182,-0.486092114,0.202849414
0.239,0.023362117,0.282312362,-0.181806108,-0.434155879,1.524685179,-0.91257201,2.088631599,0.045887949,-0.149915872,-5.476110071,8.217119747,-4.856116746,1.261733002,6.689706615,-3.011805327,-4.127505911,-0.485219837,0.20401814
0.24,0.023403292,0.282218135,-0.18727035,-0.425649766,1.519461762,-0.911232584,2.088631599,0.046593273,-0.158556327,-5.477736974,8.172608225,-4.80071965,1.248964902,6.72712671,-3.052790762,-4.17501064,-0.48434756,0.205186867
0.241,0.02345586,0.28199726,-0.192766568,-0.417811965,1.515111934,-0.910053136,2.088631599,0.047409809,-0.166794716,-5.48035954,8.127833949,-4.739682246,1.240385388,6.758019526,-3.099274908,-4.228279363,-0.48388217,0.206324388
0.242,0.023508428,0.281776385,-0.198262785,-0.409974165,1.510762107,-0.908873688,2.088631599,0.048226344,-0.175033104,-5.482982107,8.083059673,-4.678644841,1.231805874,6.788912341,-3.145759053,-4.281548086,-0.483416779,0.207461908
0.243,0.023560996,0.28155551,-0.203759003,-0.402136364,1.50641228,-0.90769424,2.088631599,0.04904288,-0.183271492,-5.485604673,8.038285397,-4.617607437,1.22322636,6.819805156,-3.192243198,-4.334816808,-0.482951389,0.208599429
0.244,0.023613564,0.281334635,-0.20925522,-0.394298563,1.502062453,-0.906514791,2.088631599,0.049859416,-0.191509881,-5.488227239,7.993511121,-4.556570033,1.214646846,6.850697971,-3.238727343,-4.388085531,-0.482485999,0.209736949
0.245,0.023666132,0.28111376,-0.214751438,-0.386460763,1.497712626,-0.905335343,2.088631599,0.050675952,-0.199748269,-5.490849806,7.948736845,-4.495532628,1.206067332,6.881590786,-3.285211489,-4.441354254,-0.482020608,0.21087447
0.246,0.0237187,0.280892885,-0.220247655,-0.378622962,1.493362798,-0.904155895,2.088631599,0.051492487,-0.207986658,-5.493472372,7.903962569,-4.434495224,1.197487818,6.912483602,-3.331695634,-4.494622976,-0.481555218,0.21201199
0.247,0.023771268,0.28067201,-0.225743873,-0.370785162,1.489012971,-0.902976447,2.088631599,0.052309023,-0.216225046,-5.496094938,7.859188293,-4.37345782,1.188908304,6.943376417,-3.378179779,-4.547891699,-0.481089827,0.213149511
0.248,0.023823836,0.280451135,-0.23124009,-0.362947361,1.484663144,-0.901796999,2.088631599,0.053125559,-0.224463435,-5.498717505,7.814414017,-4.312420416,1.18032879,6.974269232,-3.424663925,-4.601160422,-0.480624437,0.214287031
0.249,0.023876404,0.28023026,-0.236736308,-0.355109561,1.480313317,-0.900617551,2.088631599,0.053942094,-0.232701823,-5.501340071,7.769639741,-4.251383011,1.171749276,7.005162047,-3.47114807,-4.654429145,-0.480159047,0.215424552
0.25,0.023928972,0.280009385,-0.242232525,-0.34727176,1.47596349,-0.899438103,2.088631599,0.05475863,-0.240940211,-5.503962637,7.724865465,-4.190345607,1.163169762,7.036054862,-3.517632215,-4.707697867,-0.479693656,0.216562072
0.251,0.02398154,0.27978851,-0.247728743,-0.33943396,1.471613662,-0.898258655,2.088631599,0.055575166,-0.2491786,-5.506585204,7.680091189,-4.129308203,1.154590248,7.066947678,-3.56411636,-4.76096659,-0.479228266,0.217699593
0.252,0.024034108,0.279567635,-0.25322496,-0.331596159,1.467263835,-0.897079207,2.088631599,0.056391702,-0.257416988,-5.50920777,7.635316913,-4.068270798,1.146010734,7.097840493,-3.610600506,-4.814235313,-0.478762875,0.218837113
0.253,0.024086676,0.27934676,-0.258721178,-0.323758359,1.462914008,-0.895899759,2.088631599,0.057208237,-0.265655377,-5.511830337,7.590542637,-4.007233394,1.13743122,7.128733308,-3.657084651,-4.867504035,-0.478297485,0.219974634
0.254,0.024139244,0.279125885,-0.264217395,-0.315920558,1.458564181,-0.894720311,2.088631599,0.058024773,-0.273893765,-5.514452903,7.545768361,-3.94619599,1.128851706,7.159626123,-3.703568796,-4.920772758,-0.477832094,0.221112154
0.255,0.024191812,0.27890501,-0.269713613,-0.308082758,1.454214353,-0.893540863,2.088631599,0.058841309,-0.282132153,-5.517075469,7.500994085,-3.885158586,1.120272192,7.190518939,-3.750052941,-4.974041481,-0.477366704,0.222249675
0.256,0.024257565,0.278563873,-0.275256244,-0.300923497,1.450818909,-0.892458801,2.088631599,0.05978555,-0.289919885,-5.520636178,7.455232463,-3.81911111,1.115885479,7.215580197,-3.801108267,-5.03388856,-0.477256297,0.223319872
0.257,0.024323319,0.278222737,-0.280798876,-0.293764236,1.447423464,-0.891376739,2.088631599,0.060729792,-0.297707616,-5.524196887,7.409470842,-3.753063635,1.111498766,7.240641456,-3.852163592,-5.093735638,-0.47714589,0.22439007
0.258,0.024389072,0.277881601,-0.286341507,-0.286604975,1.444028019,-0.890294677,2.088631599,0.061674033,-0.305495347,-5.527757595,7.36370922,-3.68701616,1.107112054,7.265702714,-3.903218917,-5.153582717,-0.477035483,0.225460268
0.259,0.024454825,0.277540464,-0.291884139,-0.279445714,1.440632574,-0.889212615,2.088631599,0.062618275,-0.313283078,-5.531318304,7.317947599,-3.620968685,1.102725341,7.290763973,-3.954274243,-5.213429796,-0.476925076,0.226530465
0.26,0.024520578,0.277199328,-0.29742677,-0.272286453,1.43723713,-0.888130554,2.088631599,0.063562517,-0.321070809,-5.534879013,7.272185977,-3.55492121,1.098338628,7.315825232,-4.005329568,-5.273276875,-0.476814669,0.227600663
0.261,0.024586331,0.276858191,-0.302969402,-0.265127192,1.433841685,-0.887048492,2.088631599,0.064506758,-0.32885854,-5.538439722,7.226424355,-3.488873735,1.093951915,7.34088649,-4.056384893,-5.333123953,-0.476704262,0.22867086
0.262,0.024652084,0.276517055,-0.308512033,-0.257967931,1.43044624,-0.88596643,2.088631599,0.065451,-0.336646271,-5.54200043,7.180662734,-3.422826259,1.089565202,7.365947749,-4.107440218,-5.392971032,-0.476593854,0.229741058
0.263,0.024717838,0.276175918,-0.314054665,-0.25080867,1.427050795,-0.884884368,2.088631599,0.066395241,-0.344434002,-5.545561139,7.134901112,-3.356778784,1.085178489,7.391009007,-4.158495544,-5.452818111,-0.476483447,0.230811256
0.264,0.024783591,0.275834782,-0.319597296,-0.243649409,1.423655351,-0.883802306,2.088631599,0.067339483,-0.352221733,-5.549121848,7.089139491,-3.290731309,1.080791776,7.416070266,-4.209550869,-5.512665189,-0.47637304,0.231881453
0.265,0.024849344,0.275493646,-0.325139928,-0.236490149,1.420259906,-0.882720244,2.088631599,0.068283724,-0.360009464,-5.552682556,7.043377869,-3.224683834,1.076405063,7.441131525,-4.260606194,-5.572512268,-0.476262633,0.232951651
0.266,0.024915097,0.275152509,-0.330682559,-0.229330888,1.416864461,-0.881638183,2.088631599,0.069227966,-0.367797195,-5.556243265,6.997616247,-3.158636359,1.072018351,7.466192783,-4.31166152,-5.632359347,-0.476152226,0.234021848
0.267,0.02498085,0.274811373,-0.336225191,-0.222171627,1.413469016,-0.880556121,2.088631599,0.070172207,-0.375584926,-5.559803974,6.951854626,-3.092588884,1.067631638,7.491254042,-4.362716845,-5.692206426,-0.476041819,0.235092046
0.268,0.025046604,0.274470236,-0.341767822,-0.215012366,1.410073571,-0.879474059,2.088631599,0.071116449,-0.383372657,-5.563364683,6.906093004,-3.026541408,1.063244925,7.5163153,-4.41377217,-5.752053504,-0.475931412,0.236162244
0.269,0.025112357,0.2741291,-0.347310454,-0.207853105,1.406678127,-0.878391997,2.088631599,0.07206069,-0.391160388,-5.566925391,6.860331383,-2.960493933,1.058858212,7.541376559,-4.464827495,-5.811900583,-0.475821005,0.237232441
0.27,0.02517811,0.273787964,-0.352853085,-0.200693844,1.403282682,-0.877309935,2.088631599,0.073004932,-0.398948119,-5.5704861,6.814569761,-2.894446458,1.054471499,7.566437818,-4.515882821,-5.871747662,-0.475710598,0.238302639
0.271,0.025259088,0.273333741,-0.358456076,-0.1942293,1.400907188,-0.876260494,2.088631599,0.074093426,-0.40622836,-5.574975372,6.767739375,-2.824807436,1.054596426,7.586255394,-4.570259551,-5.939219872,-0.475808509,0.239256679
0.272,0.025340066,0.272879518,-0.364059067,-0.187764756,1.398531693,-0.875211054,2.088631599,0.075181921,-0.413508601,-5.579464645,6.720908988,-2.755168415,1.054721354,7.60607297,-4.624636282,-6.006692082,-0.475906419,0.24021072
0.273,0.025421044,0.272425295,-0.369662058,-0.181300212,1.396156199,-0.874161613,2.088631599,0.076270415,-0.420788843,-5.583953917,6.674078602,-2.685529393,1.054846281,7.625890547,-4.679013013,-6.074164292,-0.47600433,0.24116476
0.274,0.025502022,0.271971072,-0.375265049,-0.174835669,1.393780705,-0.873112172,2.071903684,0.07735891,-0.428069084,-5.58844319,6.627248216,-2.615890371,1.054971209,7.645708123,-4.733389744,-6.141636502,-0.47610224,0.242118801
0.275,0.025583,0.271516849,-0.38086804,-0.168371125,1.391405211,-0.872062731,2.079624994,0.078447404,-0.435349325,-5.592932462,6.580417829,-2.54625135,1.055096136,7.6655257,-4.787766475,-6.209108712,-0.476200151,0.243072841
0.276,0.025663978,0.271062626,-0.386471031,-0.161906581,1.389029716,-0.871013291,2.087346303,0.079535898,-0.442629566,-5.597421735,6.533587443,-2.476612328,1.055221064,7.685343276,-4.842143206,-6.276580922,-0.476298062,0.244026881
0.277,0.025744956,0.270608403,-0.392074022,-0.155442037,1.386654222,-0.86996385,2.095067613,0.080624393,-0.449909807,-5.601911007,6.486757057,-2.406973306,1.055345991,7.705160852,-4.896519936,-6.344053132,-0.476395972,0.244980922
0.278,0.025825934,0.27015418,-0.397677013,-0.148977493,1.384278728,-0.868914409,2.102788923,0.081712887,-0.457190048,-5.60640028,6.43992667,-2.337334285,1.055470919,7.724978429,-4.950896667,-6.411525342,-0.476493883,0.245934962
0.279,0.025906912,0.269699957,-0.403280004,-0.142512949,1.381903234,-0.867864968,2.110510233,0.082801382,-0.46447029,-5.610889552,6.393096284,-2.267695263,1.055595846,7.744796005,-5.005273398,-6.478997553,-0.476591794,0.246889002
0.28,0.02598789,0.269245735,-0.408882995,-0.136048405,1.379527739,-0.866815527,2.118231543,0.083889876,-0.471750531,-5.615378825,6.346265898,-2.198056241,1.055720773,7.764613582,-5.059650129,-6.546469763,-0.476689704,0.247843043
0.281,0.026068868,0.268791512,-0.414485986,-0.129583861,1.377152245,-0.865766087,2.125952853,0.084978371,-0.479030772,-5.619868097,6.299435511,-2.128417219,1.055845701,7.784431158,-5.11402686,-6.613941973,-0.476787615,0.248797083
0.282,0.026149846,0.268337289,-0.420088977,-0.123119318,1.374776751,-0.864716646,2.133674163,0.086066865,-0.486311013,-5.62435737,6.252605125,-2.058778198,1.055970628,7.804248735,-5.16840359,-6.681414183,-0.476885526,0.249751124
0.283,0.026230824,0.267883066,-0.425691968,-0.116654774,1.372401257,-0.863667205,2.141395473,0.087155359,-0.493591254,-5.628846642,6.205774739,-1.989139176,1.056095556,7.824066311,-5.222780321,-6.748886393,-0.476983436,0.250705164
0.284,0.026311803,0.267428843,-0.431294959,-0.11019023,1.370025762,-0.862617764,2.149116783,0.088243854,-0.500871495,-5.633335915,6.158944352,-1.919500154,1.056220483,7.843883887,-5.277157052,-6.816358603,-0.477081347,0.251659204
0.285,0.026392781,0.26697462,-0.43689795,-0.103725686,1.367650268,-0.861568323,2.156838092,0.089332348,-0.508151736,-5.637825187,6.112113966,-1.849861133,1.056345411,7.863701464,-5.331533783,-6.883830813,-0.477179258,0.252613245
0.286,0.026491543,0.266416342,-0.442562785,-0.09798124,1.366338689,-0.86048825,2.164804363,0.090636069,-0.514671266,-5.640748118,6.062234307,-1.777691786,1.059834695,7.875552411,-5.388499126,-6.96042955,-0.485667927,0.200307718
0.287,0.026590306,0.265858065,-0.44822762,-0.092236794,1.36502711,-0.859408177,2.172770633,0.09193979,-0.521190795,-5.64367105,6.012354647,-1.705522439,1.063323979,7.887403359,-5.44546447,-7.037028288,-0.494156597,0.148002191
0.288,0.026689069,0.265299787,-0.453892455,-0.086492348,1.363715532,-0.858328104,2.180736904,0.093243511,-0.527710324,-5.646593981,5.962474988,-1.633353092,1.066813264,7.899254306,-5.502429814,-7.113627025,-0.502645267,0.095696664
0.289,0.026787832,0.264741509,-0.45955729,-0.080747903,1.362403953,-0.857248031,2.188703174,0.094547232,-0.534229853,-5.649516912,5.912595329,-1.561183746,1.070302548,7.911105253,-5.559395157,-7.190225763,-0.511133937,0.043391137
0.29,0.026886595,0.264183232,-0.465222126,-0.075003457,1.361092374,-0.856167957,2.196669444,0.095850953,-0.540749382,-5.652439843,5.862715669,-1.489014399,1.073791832,7.922956201,-5.616360501,-7.2668245,-0.519622607,-0.008914391
0.291,0.026985358,0.263624954,-0.470886961,-0.069259011,1.359780795,-0.855087884,2.204635715,0.097154674,-0.547268911,-5.655362775,5.81283601,-1.416845052,1.077281116,7.934807148,-5.673325844,-7.343423238,-0.528111276,-0.061219918
0.292,0.027084121,0.263066676,-0.476551796,-0.063514565,1.358469216,-0.854007811,2.212601985,0.098458395,-0.55378844,-5.658285706,5.76295635,-1.344675706,1.080770401,7.946658095,-5.730291188,-7.420021975,-0.536599946,-0.113525445
0.293,0.027182884,0.262508399,-0.482216631,-0.057770119,1.357157637,-0.852927738,2.220568255,0.099762116,-0.56030797,-5.661208637,5.713076691,-1.272506359,1.084259685,7.958509043,-5.787256532,-7.496620712,-0.545088616,-0.165830972
0.294,0.027281647,0.261950121,-0.487881467,-0.052025673,1.355846058,-0.851847664,2.228534526,0.101065837,-0.566827499,-5.664131569,5.663197032,-1.200337012,1.087748969,7.97035999,-5.844221875,-7.57321945,-0.553577286,-0.218136499
0.295,0.02738041,0.261391843,-0.493546302,-0.046281228,1.35453448,-0.850767591,2.236500796,0.102369558,-0.573347028,-5.6670545,5.613317372,-1.128167665,1.091238254,7.982210937,-5.901187219,-7.649818187,-0.562065956,-0.270442026
0.296,0.027479173,0.260833566,-0.499211137,-0.040536782,1.353222901,-0.849687518,2.244467066,0.103673279,-0.579866557,-5.669977431,5.563437713,-1.055998319,1.094727538,7.994061885,-5.958152562,-7.726416925,-0.570554626,-0.322747553
0.297,0.027577935,0.260275288,-0.504875972,-0.034792336,1.351911322,-0.848607445,2.252433337,0.104977001,-0.586386086,-5.672900362,5.513558054,-0.983828972,1.098216822,8.005912832,-6.015117906,-7.803015662,-0.579043295,-0.37505308
0.298,0.027676698,0.25971701,-0.510540808,-0.02904789,1.350599743,-0.847527371,2.260399607,0.106280722,-0.592905615,-5.675823294,5.463678394,-0.911659625,1.101706107,8.017763779,-6.07208325,-7.879614399,-0.587531965,-0.427358607
0.299,0.027775461,0.259158732,-0.516205643,-0.023303444,1.349288164,-0.846447298,2.268365877,0.107584443,-0.599425144,-5.678746225,5.413798735,-0.839490278,1.105195391,8.029614727,-6.129048593,-7.956213137,-0.596020635,-0.479664134
0.3,0.027874224,0.258600455,-0.521870478,-0.017558998,1.347976585,-0.845367225,2.276332148,0.108888164,-0.605944674,-5.681669156,5.363919076,-0.767320932,1.108684675,8.041465674,-6.186013937,-8.032811874,-0.604509305,-0.531969661
0.301,0.027996222,0.257957255,-0.527478847,-0.012657892,1.347780254,-0.844295005,2.284314412,0.11078873,-0.610381584,-5.666563806,5.297580802,-0.689805054,1.099158466,8.026435059,-6.248769856,-8.121089796,-0.660322373,-0.899945081
0.302,0.02811822,0.257314056,-0.533087216,-0.007756786,1.347583923,-0.843222785,2.292296675,0.112689296,-0.614818494,-5.651458456,5.231242529,-0.612289177,1.089632258,8.011404443,-6.311525776,-8.209367717,-0.716135442,-1.267920502
0.303,0.028240218,0.256670857,-0.538695586,-0.002855679,1.347387591,-0.842150565,2.300278939,0.114589863,-0.619255405,-5.636353106,5.164904255,-0.534773299,1.080106049,7.996373828,-6.374281695,-8.297645638,-0.771948511,-1.635895922
0.304,0.028362215,0.256027657,-0.544303955,0.002045427,1.34719126,-0.841078345,2.308261203,0.116490429,-0.623692315,-5.621247757,5.098565981,-0.457257422,1.07057984,7.981343213,-6.437037614,-8.38592356,-0.827761579,-2.003871342
0.305,0.028484213,0.255384458,-0.549912324,0.006946533,1.346994929,-0.840006124,2.316243467,0.118390995,-0.628129226,-5.606142407,5.032227708,-0.379741545,1.061053631,7.966312597,-6.499793534,-8.474201481,-0.883574648,-2.371846763
0.306,0.028606211,0.254741259,-0.555520693,0.01184764,1.346798597,-0.838933904,2.324225731,0.120291562,-0.632566136,-5.591037057,4.965889434,-0.302225667,1.051527422,7.951281982,-6.562549453,-8.562479403,-0.939387716,-2.739822183
0.307,0.028728209,0.254098059,-0.561129062,0.016748746,1.346602266,-0.837861684,2.332207994,0.122192128,-0.637003046,-5.575931707,4.899551161,-0.22470979,1.042001214,7.936251367,-6.625305372,-8.650757324,-0.995200785,-3.107797603
0.308,0.028850207,0.25345486,-0.566737432,0.021649852,1.346405934,-0.836789464,2.340190258,0.124092694,-0.641439957,-5.560826357,4.833212887,-0.147193912,1.032475005,7.921220752,-6.688061292,-8.739035245,-1.051013854,-3.475773023
0.309,0.028972204,0.25281166,-0.572345801,0.026550959,1.346209603,-0.835717244,2.348172522,0.125993261,-0.645876867,-5.545721007,4.766874614,-0.069678035,1.022948796,7.906190136,-6.750817211,-8.827313167,-1.106826922,-3.843748444
0.31,0.029094202,0.252168461,-0.57795417,0.031452065,1.346013272,-0.834645024,2.356154786,0.127893827,-0.650313778,-5.530615657,4.70053634,0.007837842,1.013422587,7.891159521,-6.813573131,-8.915591088,-1.162639991,-4.211723864
0.311,0.0292162,0.251525262,-0.583562539,0.036353171,1.34581694,-0.833572804,2.36413705,0.129794394,-0.654750688,-5.515510307,4.634198066,0.08535372,1.003896378,7.876128906,-6.87632905,-9.003869009,-1.218453059,-4.579699284
0.312,0.029338198,0.250882062,-0.589170908,0.041254278,1.345620609,-0.832500584,2.372119314,0.13169496,-0.659187598,-5.500404957,4.567859793,0.162869597,0.994370169,7.86109829,-6.939084969,-9.092146931,-1.274266128,-4.947674704
0.313,0.029460195,0.250238863,-0.594779277,0.046155384,1.345424278,-0.831428364,2.380101577,0.133595526,-0.663624509,-5.485299608,4.501521519,0.240385475,0.984843961,7.846067675,-7.001840889,-9.180424852,-1.330079196,-5.315650125
0.314,0.029582193,0.249595664,-0.600387647,0.05105649,1.345227946,-0.830356144,2.388083841,0.135496093,-0.668061419,-5.470194258,4.435183246,0.317901352,0.975317752,7.83103706,-7.064596808,-9.268702774,-1.385892265,-5.683625545
0.315,0.029704191,0.248952464,-0.605996016,0.055957597,1.345031615,-0.829283924,2.396066105,0.137396659,-0.672498329,-5.455088908,4.368844972,0.395417229,0.965791543,7.816006445,-7.127352727,-9.356980695,-1.441705334,-6.051600965
0.316,0.029861295,0.248265645,-0.61115527,0.059693896,1.346023031,-0.8286154,2.403538263,0.140158794,-0.673939522,-5.411471148,4.282448638,0.473783147,0.9180972,7.765455613,-7.189440877,-9.456912257,-1.491727993,-6.381958003
0.317,0.030018398,0.247578825,-0.616314523,0.063430195,1.347014448,-0.827946877,2.411010422,0.142920929,-0.675380714,-5.367853389,4.196052305,0.552149065,0.870402858,7.714904781,-7.251529028,-9.556843819,-1.541750652,-6.712315041
0.318,0.030175502,0.246892005,-0.621473777,0.067166494,1.348005864,-0.827278353,2.41848258,0.145683063,-0.676821907,-5.324235629,4.109655971,0.630514983,0.822708515,7.664353949,-7.313617178,-9.656775381,-1.591773311,-7.042672079
0.319,0.030332605,0.246205186,-0.626633031,0.070902793,1.348997281,-0.82660983,2.425954738,0.148445198,-0.678263099,-5.28061787,4.023259637,0.708880901,0.775014172,7.613803117,-7.375705328,-9.756706943,-1.64179597,-7.373029116
0.32,0.030489709,0.245518366,-0.631792285,0.074639092,1.349988698,-0.825941306,2.433426896,0.151207333,-0.679704292,-5.23700011,3.936863304,0.787246819,0.72731983,7.563252285,-7.437793478,-9.856638506,-1.69181863,-7.703386154
0.321,0.030646812,0.244831547,-0.636951538,0.078375391,1.350980114,-0.825272783,2.440899055,0.153969468,-0.681145484,-5.193382351,3.85046697,0.865612737,0.679625487,7.512701453,-7.499881628,-9.956570068,-1.741841289,-8.033743192
0.322,0.030803916,0.244144727,-0.642110792,0.08211169,1.351971531,-0.824604259,2.448371213,0.156731602,-0.682586677,-5.149764591,3.764070636,0.943978655,0.631931144,7.462150621,-7.561969778,-10.05650163,-1.791863948,-8.36410023
0.323,0.030961019,0.243457908,-0.647270046,0.085847989,1.352962947,-0.823935736,2.455843371,0.159493737,-0.684027869,-5.106146832,3.677674302,1.022344573,0.584236802,7.411599789,-7.624057928,-10.15643319,-1.841886607,-8.694457267
0.324,0.031118123,0.242771088,-0.6524293,0.089584288,1.353954364,-0.823267212,2.46331553,0.162255872,-0.685469061,-5.062529072,3.591277969,1.100710491,0.536542459,7.361048957,-7.686146078,-10.25636475,-1.891909266,-9.024814305
0.325,0.031275227,0.242084268,-0.657588553,0.093320587,1.35494578,-0.822598689,2.470787688,0.165018007,-0.686910254,-5.018911313,3.504881635,1.179076409,0.488848117,7.310498125,-7.748234228,-10.35629632,-1.941931925,-9.355171343
0.326,0.03143233,0.241397449,-0.662747807,0.097056886,1.355937197,-0.821930165,2.478259846,0.167780142,-0.688351446,-4.975293553,3.418485301,1.257442327,0.441153774,7.259947293,-7.810322378,-10.45622788,-1.991954585,-9.685528381
0.327,0.031589434,0.240710629,-0.667907061,0.100793185,1.356928614,-0.821261642,2.485732004,0.170542276,-0.689792639,-4.931675794,3.332088968,1.335808245,0.393459431,7.209396461,-7.872410528,-10.55615944,-2.041977244,-10.01588542
0.328,0.031746537,0.24002381,-0.673066315,0.104529485,1.35792003,-0.820593118,2.493204163,0.173304411,-0.691233831,-4.888058034,3.245692634,1.414174163,0.345765089,7.158845629,-7.934498678,-10.656091,-2.091999903,-10.34624246
0.329,0.031903641,0.23933699,-0.678225568,0.108265784,1.358911447,-0.819924595,2.500676321,0.176066546,-0.692675024,-4.844440275,3.1592963,1.492540081,0.298070746,7.108294797,-7.996586828,-10.75602256,-2.142022562,-10.67659949
0.33,0.032060744,0.23865017,-0.683384822,0.112002083,1.359902863,-0.819256071,2.508148479,0.178828681,-0.694116216,-4.800822515,3.072899966,1.570905999,0.250376403,7.057743965,-8.058674978,-10.85595413,-2.192045221,-11.00695653
0.331,0.032265071,0.237962206,-0.687714909,0.114374767,1.361997218,-0.819720573,2.514669712,0.182345312,-0.692867548,-4.734742651,2.979139435,1.638063407,0.143335914,6.982771789,-8.116341621,-10.96532087,-2.238019677,-11.31537489
0.332,0.032469397,0.237274242,-0.692044996,0.116747451,1.364091573,-0.820185074,2.521190944,0.185861944,-0.69161888,-4.668662787,2.885378905,1.705220815,0.036295424,6.907799614,-8.174008264,-11.07468762,-2.283994133,-11.62379325
0.333,0.032673724,0.236586277,-0.696375083,0.119120135,1.366185928,-0.820649575,2.527712176,0.189378575,-0.690370212,-4.602582922,2.791618374,1.772378223,-0.070745066,6.832827438,-8.231674907,-11.18405436,-2.329968589,-11.93221161
0.334,0.03287805,0.235898313,-0.70070517,0.121492818,1.368280283,-0.821114076,2.534233408,0.192895206,-0.689121544,-4.536503058,2.697857843,1.839535631,-0.177785556,6.757855263,-8.28934155,-11.29342111,-2.375943045,-12.24062997
0.335,0.033082377,0.235210348,-0.705035258,0.123865502,1.370374638,-0.821578578,2.540754641,0.196411838,-0.687872875,-4.470423193,2.604097312,1.906693039,-0.284826046,6.682883087,-8.347008193,-11.40278785,-2.421917501,-12.54904834
0.336,0.033286704,0.234522384,-0.709365345,0.126238186,1.372468993,-0.822043079,2.547275873,0.199928469,-0.686624207,-4.404343329,2.510336781,1.973850447,-0.391866535,6.607910911,-8.404674836,-11.5121546,-2.467891957,-12.8574667
0.337,0.03349103,0.233834419,-0.713695432,0.12861087,1.374563348,-0.82250758,2.553797105,0.203445101,-0.685375539,-4.338263465,2.41657625,2.041007855,-0.498907025,6.532938736,-8.462341478,-11.62152134,-2.513866413,-13.16588506
0.338,0.033695357,0.233146455,-0.718025519,0.130983554,1.376657703,-0.822972082,2.560318337,0.206961732,-0.684126871,-4.2721836,2.322815719,2.108165263,-0.605947515,6.45796656,-8.520008121,-11.73088809,-2.559840869,-13.47430342
0.339,0.033899683,0.23245849,-0.722355606,0.133356238,1.378752058,-0.823436583,2.56683957,0.210478364,-0.682878203,-4.206103736,2.229055189,2.175322671,-0.712988005,6.382994385,-8.577674764,-11.84025484,-2.605815325,-13.78272178
0.34,0.03410401,0.231770526,-0.726685693,0.135728922,1.380846413,-0.823901084,2.573360802,0.213994995,-0.681629535,-4.140023871,2.135294658,2.242480079,-0.820028495,6.308022209,-8.635341407,-11.94962158,-2.651789781,-14.09114014
0.341,0.034308336,0.231082561,-0.73101578,0.138101606,1.382940768,-0.824365585,2.579882034,0.217511626,-0.680380867,-4.073944007,2.041534127,2.309637487,-0.927068984,6.233050034,-8.69300805,-12.05898833,-2.697764237,-14.3995585
0.342,0.034512663,0.230394597,-0.735345867,0.14047429,1.385035123,-0.824830087,2.586403266,0.221028258,-0.679132198,-4.007864143,1.947773596,2.376794895,-1.034109474,6.158077858,-8.750674693,-12.16835507,-2.743738693,-14.70797686
0.343,0.034716989,0.229706632,-0.739675954,0.142846974,1.387129477,-0.825294588,2.592924499,0.224544889,-0.67788353,-3.941784278,1.854013065,2.443952303,-1.141149964,6.083105682,-8.808341336,-12.27772182,-2.789713149,-15.01639522
0.344,0.034921316,0.229018668,-0.744006041,0.145219658,1.389223832,-0.825759089,2.599445731,0.228061521,-0.676634862,-3.875704414,1.760252534,2.511109711,-1.248190454,6.008133507,-8.866007979,-12.38708856,-2.835687605,-15.32481358
0.345,0.035125642,0.228330703,-0.748336128,0.147592342,1.391318187,-0.826223591,2.605966963,0.231578152,-0.675386194,-3.80962455,1.666492003,2.578267119,-1.355230944,5.933161331,-8.923674621,-12.49645531,-2.881662061,-15.63323194
0.346,0.035387687,0.22768083,-0.751534133,0.148553162,1.394292134,-0.828828973,2.611202755,0.235737773,-0.671550438,-3.725312167,1.572834977,2.62777725,-1.534155382,5.836327854,-8.974609392,-12.61039732,-2.911228614,-15.93813766
0.347,0.035649732,0.227030957,-0.754732137,0.149513982,1.39726608,-0.831434355,2.616438547,0.239897394,-0.667714683,-3.640999784,1.479177951,2.677287382,-1.71307982,5.739494377,-9.025544164,-12.72433933,-2.940795167,-16.24304339
0.348,0.035911777,0.226381083,-0.757930142,0.150474801,1.400240026,-0.834039738,2.621674338,0.244057014,-0.663878927,-3.556687402,1.385520925,2.726797514,-1.892004259,5.642660901,-9.076478935,-12.83828134,-2.97036172,-16.54794911
0.349,0.036173822,0.22573121,-0.761128146,0.151435621,1.403213973,-0.83664512,2.62691013,0.248216635,-0.660043171,-3.472375019,1.291863899,2.776307646,-2.070928697,5.545827424,-9.127413706,-12.95222334,-2.999928274,-16.85285483
0.35,0.036435867,0.225081337,-0.764326151,0.152396441,1.406187919,-0.839250503,2.632145922,0.252376256,-0.656207416,-3.388062637,1.198206873,2.825817778,-2.249853135,5.448993947,-9.178348477,-13.06616535,-3.029494827,-17.15776055
0.351,0.036697913,0.224431463,-0.767524155,0.153357261,1.409161865,-0.841855885,2.637381714,0.256535877,-0.65237166,-3.303750254,1.104549846,2.875327909,-2.428777573,5.35216047,-9.229283248,-13.18010736,-3.05906138,-17.46266627
0.352,0.036959958,0.22378159,-0.77072216,0.154318081,1.412135811,-0.844461267,2.642617505,0.260695497,-0.648535904,-3.219437872,1.01089282,2.924838041,-2.607702012,5.255326993,-9.280218019,-13.29404937,-3.088627933,-17.767572
0.353,0.037222003,0.223131716,-0.773920164,0.1552789,1.415109758,-0.84706665,2.647853297,0.264855118,-0.644700149,-3.135125489,0.917235794,2.974348173,-2.78662645,5.158493516,-9.33115279,-13.40799138,-3.118194487,-18.07247772
0.354,0.037484048,0.222481843,-0.777118168,0.15623972,1.418083704,-0.849672032,2.653089089,0.269014739,-0.640864393,-3.050813106,0.823578768,3.023858305,-2.965550888,5.061660039,-9.382087561,-13.52193339,-3.14776104,-18.37738344
0.355,0.037746093,0.22183197,-0.780316173,0.15720054,1.42105765,-0.852277414,2.658324881,0.27317436,-0.637028637,-2.966500724,0.729921742,3.073368437,-3.144475326,4.964826562,-9.433022332,-13.6358754,-3.177327593,-18.68228916
0.356,0.038008138,0.221182096,-0.783514177,0.15816136,1.424031597,-0.854882797,2.663560672,0.27733398,-0.633192882,-2.882188341,0.636264716,3.122878568,-3.323399765,4.867993085,-9.483957103,-13.74981741,-3.206894146,-18.98719488
0.357,0.038270183,0.220532223,-0.786712182,0.15912218,1.427005543,-0.857488179,2.668796464,0.281493601,-0.629357126,-2.797875959,0.54260769,3.1723887,-3.502324203,4.771159608,-9.534891874,-13.86375942,-3.2364607,-19.29210061
0.358,0.038532228,0.21988235,-0.789910186,0.160082999,1.429979489,-0.860093562,2.674032256,0.285653222,-0.62552137,-2.713563576,0.448950663,3.221898832,-3.681248641,4.674326131,-9.585826645,-13.97770143,-3.266027253,-19.59700633
0.359,0.038794273,0.219232476,-0.793108191,0.161043819,1.432953436,-0.862698944,2.679268048,0.289812843,-0.621685615,-2.629251194,0.355293637,3.271408964,-3.860173079,4.577492654,-9.636761416,-14.09164344,-3.295593806,-19.90191205
0.36,0.039056318,0.218582603,-0.796306195,0.162004639,1.435927382,-0.865304326,2.684503839,0.293972463,-0.617849859,-2.544938811,0.261636611,3.320919096,-4.039097518,4.480659177,-9.687696187,-14.20558545,-3.32516036,-20.20681777
0.361,0.039385188,0.218011609,-0.798113111,0.161578937,1.439496966,-0.870985346,2.688071448,0.298726052,-0.611047513,-2.443634397,0.170348466,3.350766831,-4.259662212,4.352240851,-9.731455428,-14.3169623,-3.299906648,-20.5387522
0.362,0.039714058,0.217440614,-0.799920028,0.161153235,1.44306655,-0.876666365,2.691639056,0.303479641,-0.604245166,-2.342329983,0.07906032,3.380614567,-4.480226907,4.223822524,-9.775214669,-14.42833916,-3.274652937,-20.87068663
0.363,0.040042928,0.21686962,-0.801726944,0.160727533,1.446636135,-0.882347385,2.695206664,0.308233229,-0.597442819,-2.24102557,-0.012227825,3.410462303,-4.700791601,4.095404197,-9.818973909,-14.53971602,-3.249399226,-21.20262105
0.364,0.040371798,0.216298626,-0.803533861,0.160301832,1.450205719,-0.888028404,2.698774272,0.312986818,-0.590640473,-2.139721156,-0.103515971,3.440310038,-4.921356295,3.96698587,-9.86273315,-14.65109287,-3.224145514,-21.53455548
0.365,0.040700668,0.215727632,-0.805340777,0.15987613,1.453775303,-0.893709424,2.70234188,0.317740407,-0.583838126,-2.038416742,-0.194804117,3.470157774,-5.14192099,3.838567543,-9.90649239,-14.76246973,-3.198891803,-21.86648991
0.366,0.041029539,0.215156638,-0.807147693,0.159450428,1.457344887,-0.899390443,2.705909489,0.322493995,-0.57703578,-1.937112328,-0.286092262,3.50000551,-5.362485684,3.710149216,-9.950251631,-14.87384659,-3.173638092,-22.19842433
0.367,0.041358409,0.214585643,-0.80895461,0.159024726,1.460914472,-0.905071463,2.709477097,0.327247584,-0.570233433,-1.835807914,-0.377380408,3.529853246,-5.583050378,3.58173089,-9.994010871,-14.98522345,-3.14838438,-22.53035876
0.368,0.041687279,0.214014649,-0.810761526,0.158599024,1.464484056,-0.910752482,2.713044705,0.332001172,-0.563431087,-1.7345035,-0.468668553,3.559700981,-5.803615073,3.453312563,-10.03777011,-15.0966003,-3.123130669,-22.86229319
0.369,0.042016149,0.213443655,-0.812568442,0.158173323,1.46805364,-0.916433501,2.716612313,0.336754761,-0.55662874,-1.633199087,-0.559956699,3.589548717,-6.024179767,3.324894236,-10.08152935,-15.20797716,-3.097876958,-23.19422762
0.37,0.042345019,0.212872661,-0.814375359,0.157747621,1.471623225,-0.922114521,2.720179922,0.34150835,-0.549826394,-1.531894673,-0.651244844,3.619396453,-6.244744462,3.196475909,-10.12528859,-15.31935402,-3.072623246,-23.52616204
0.371,0.042673889,0.212301667,-0.816182275,0.157321919,1.475192809,-0.92779554,2.72374753,0.346261938,-0.543024047,-1.430590259,-0.74253299,3.649244189,-6.465309156,3.068057582,-10.16904783,-15.43073088,-3.047369535,-23.85809647
0.372,0.043002759,0.211730672,-0.817989191,0.156896217,1.478762393,-0.93347656,2.727315138,0.351015527,-0.536221701,-1.329285845,-0.833821135,3.679091924,-6.68587385,2.939639255,-10.21280707,-15.54210773,-3.022115824,-24.1900309
0.373,0.043331629,0.211159678,-0.819796108,0.156470515,1.482331977,-0.939157579,2.730882746,0.355769116,-0.529419354,-1.227981431,-0.925109281,3.70893966,-6.906438545,2.811220929,-10.25656631,-15.65348459,-2.996862112,-24.52196532
0.374,0.0436605,0.210588684,-0.821603024,0.156044814,1.485901562,-0.944838599,2.734450354,0.360522704,-0.522617007,-1.126677018,-1.016397426,3.738787396,-7.127003239,2.682802602,-10.30032556,-15.76486145,-2.971608401,-24.85389975
0.375,0.04398937,0.21001769,-0.82340994,0.155619112,1.489471146,-0.950519618,2.738017963,0.365276293,-0.515814661,-1.025372604,-1.107685572,3.768635132,-7.347567934,2.554384275,-10.3440848,-15.87623831,-2.94635469,-25.18583418
0.376,0.044395917,0.209578303,-0.823537869,0.153809159,1.493350001,-0.959195775,2.739283432,0.371002793,-0.504762557,-0.900887933,-1.203030059,3.780715677,-7.500538707,2.370827438,-10.38248082,-15.97811883,-2.806687966,-25.60487471
0.377,0.044802465,0.209138916,-0.823665798,0.151999207,1.497228856,-0.967871931,2.740548901,0.376729292,-0.493710454,-0.776403262,-1.298374547,3.792796222,-7.65350948,2.1872706,-10.42087684,-16.07999936,-2.667021243,-26.02391524
0.378,0.045209012,0.208699529,-0.823793727,0.150189254,1.501107711,-0.976548087,2.74181437,0.382455792,-0.48265835,-0.65191859,-1.393719034,3.804876768,-7.806480253,2.003713763,-10.45927286,-16.18187988,-2.527354519,-26.44295576
0.379,0.04561556,0.208260142,-0.823921656,0.148379302,1.504986566,-0.985224244,2.743079839,0.388182292,-0.471606247,-0.527433919,-1.489063522,3.816957313,-7.959451027,1.820156926,-10.49766888,-16.28376041,-2.387687796,-26.86199629
0.38,0.046022107,0.207820755,-0.824049585,0.146569349,1.508865421,-0.9939004,2.744345308,0.393908791,-0.460554143,-0.402949248,-1.584408009,3.829037859,-8.1124218,1.636600089,-10.5360649,-16.38564093,-2.248021072,-27.28103682
0.381,0.046428655,0.207381368,-0.824177514,0.144759397,1.512744276,-1.002576556,2.745610778,0.399635291,-0.44950204,-0.278464577,-1.679752497,3.841118404,-8.265392573,1.453043251,-10.57446092,-16.48752146,-2.108354349,-27.70007735
0.382,0.046835202,0.206941981,-0.824305442,0.142949444,1.516623131,-1.011252713,2.746876247,0.40536179,-0.438449936,-0.153979906,-1.775096984,3.853198949,-8.418363347,1.269486414,-10.61285694,-16.58940199,-1.968687625,-28.11911788
0.383,0.04724175,0.206502594,-0.824433371,0.141139491,1.520501986,-1.019928869,2.748141716,0.41108829,-0.427397833,-0.029495235,-1.870441471,3.865279495,-8.57133412,1.085929577,-10.65125296,-16.69128251,-1.829020902,-28.53815841
0.384,0.047648297,0.206063207,-0.8245613,0.139329539,1.524380841,-1.028605026,2.749407185,0.41681479,-0.416345729,0.094989436,-1.965785959,3.87736004,-8.724304893,0.902372739,-10.68964899,-16.79316304,-1.689354178,-28.95719894
0.385,0.048054845,0.20562382,-0.824689229,0.137519586,1.528259696,-1.037281182,2.750672654,0.422541289,-0.405293626,0.219474107,-2.061130446,3.889440586,-8.877275666,0.718815902,-10.72804501,-16.89504356,-1.549687455,-29.37623947
0.386,0.048461392,0.205184433,-0.824817158,0.135709634,1.532138551,-1.045957338,2.751938123,0.428267789,-0.394241522,0.343958779,-2.156474934,3.901521131,-9.03024644,0.535259065,-10.76644103,-16.99692409,-1.410020731,-29.79527999
0.387,0.04886794,0.204745046,-0.824945087,0.133899681,1.536017406,-1.054633495,2.753203593,0.433994289,-0.383189419,0.46844345,-2.251819421,3.913601676,-9.183217213,0.351702228,-10.80483705,-17.09880461,-1.270354008,-30.21432052
0.388,0.049274487,0.204305659,-0.825073016,0.132089729,1.539896261,-1.063309651,2.754469062,0.439720788,-0.372137315,0.592928121,-2.347163908,3.925682222,-9.336187986,0.16814539,-10.84323307,-17.20068514,-1.130687285,-30.63336105
0.389,0.049681035,0.203866272,-0.825200944,0.130279776,1.543775116,-1.071985807,2.755734531,0.445447288,-0.361085212,0.717412792,-2.442508396,3.937762767,-9.489158759,-0.015411447,-10.88162909,-17.30256567,-0.991020561,-31.05240158
0.39,0.050087582,0.203426885,-0.825328873,0.128469824,1.547653971,-1.080661964,2.757,0.451173787,-0.350033108,0.841897463,-2.537852883,3.949843313,-9.642129533,-0.198968284,-10.92002511,-17.40444619,-0.851353838,-31.47144211
0.391,0.050594022,0.203198425,-0.823315551,0.125077376,1.551632293,-1.090283349,2.754917176,0.4590281,-0.332537003,1.006701643,-2.658535631,3.953420815,-9.597754302,-0.466408728,-10.95893007,-17.50023232,-0.560292385,-32.06718725
0.392,0.051100462,0.202969965,-0.821302228,0.121684928,1.555610614,-1.099904734,2.752834351,0.466882412,-0.315040898,1.171505822,-2.779218378,3.956998318,-9.553379072,-0.733849172,-10.99783503,-17.59601846,-0.269230933,-32.66293239
0.393,0.051606901,0.202741506,-0.819288906,0.11829248,1.559588936,-1.109526118,2.750751527,0.474736724,-0.297544793,1.336310002,-2.899901126,3.960575821,-9.509003842,-1.001289616,-11.03673999,-17.69180459,0.02183052,-33.25867753
0.394,0.052113341,0.202513046,-0.817275583,0.114900032,1.563567258,-1.119147503,2.748668703,0.482591036,-0.280048688,1.501114182,-3.020583873,3.964153323,-9.464628612,-1.26873006,-11.07564495,-17.78759072,0.312891972,-33.85442267
0.395,0.052619781,0.202284586,-0.81526226,0.111507584,1.567545579,-1.128768888,2.746585879,0.490445349,-0.262552583,1.665918361,-3.141266621,3.967730826,-9.420253382,-1.536170504,-11.11454991,-17.88337685,0.603953425,-34.45016781
0.396,0.053126221,0.202056127,-0.813248938,0.108115136,1.571523901,-1.138390273,2.744503054,0.498299661,-0.245056478,1.830722541,-3.261949369,3.971308329,-9.375878151,-1.803610948,-11.15345487,-17.97916299,0.895014877,-35.04591295
0.397,0.05363266,0.201827667,-0.811235615,0.104722688,1.575502223,-1.148011658,2.74242023,0.506153973,-0.227560373,1.995526721,-3.382632116,3.974885832,-9.331502921,-2.071051392,-11.19235983,-18.07494912,1.18607633,-35.64165809
0.398,0.0541391,0.201599208,-0.809222293,0.10133024,1.579480544,-1.157633043,2.740337406,0.514008286,-0.210064268,2.1603309,-3.503314864,3.978463334,-9.287127691,-2.338491835,-11.23126479,-18.17073525,1.477137782,-36.23740323
0.399,0.05464554,0.201370748,-0.80720897,0.097937792,1.583458866,-1.167254428,2.738254581,0.521862598,-0.192568163,2.32513508,-3.623997611,3.982040837,-9.242752461,-2.605932279,-11.27016975,-18.26652138,1.768199235,-36.83314836
0.4,0.05515198,0.201142288,-0.805195647,0.094545344,1.587437187,-1.176875813,2.736171757,0.52971691,-0.175072058,2.48993926,-3.744680359,3.98561834,-9.198377231,-2.873372723,-11.30907471,-18.36230752,2.059260687,-37.4288935
0.401,0.055658419,0.200913829,-0.803182325,0.091152896,1.591415509,-1.186497197,2.734088933,0.537571222,-0.157575953,2.654743439,-3.865363106,3.989195842,-9.154002,-3.140813167,-11.34797967,-18.45809365,2.35032214,-38.02463864
0.402,0.056164859,0.200685369,-0.801169002,0.087760448,1.595393831,-1.196118582,2.732006108,0.545425535,-0.140079848,2.819547619,-3.986045854,3.992773345,-9.10962677,-3.408253611,-11.38688463,-18.55387978,2.641383592,-38.62038378
0.403,0.056671299,0.200456909,-0.79915568,0.084368,1.599372152,-1.205739967,2.729923284,0.553279847,-0.122583743,2.984351799,-4.106728601,3.996350848,-9.06525154,-3.675694055,-11.42578959,-18.64966591,2.932445045,-39.21612892
0.404,0.057177739,0.20022845,-0.797142357,0.080975552,1.603350474,-1.215361352,2.72784046,0.561134159,-0.105087638,3.149155978,-4.227411349,3.999928351,-9.02087631,-3.943134499,-11.46469455,-18.74545205,3.223506497,-39.81187406
0.405,0.057684178,0.19999999,-0.795129035,0.077583104,1.607328796,-1.224982737,2.725757636,0.568988471,-0.087591533,3.313960158,-4.348094096,4.003505853,-8.976501079,-4.210574943,-11.50359951,-18.84123818,3.51456795,-40.4076192
0.406,0.058331868,0.200097026,-0.790225249,0.071986802,1.611409304,-1.232375013,2.718915387,0.580073002,-0.061343431,3.536600875,-4.527288042,4.017445834,-8.744255252,-4.578799061,-11.54372317,-18.93645448,3.994040321,-41.15440765
0.407,0.058979557,0.200194063,-0.785321464,0.066390499,1.615489811,-1.239767288,2.712073139,0.591157533,-0.035095329,3.759241591,-4.706481988,4.031385814,-8.512009425,-4.947023179,-11.58384682,-19.03167078,4.473512692,-41.9011961
0.408,0.059627246,0.200291099,-0.780417679,0.060794197,1.619570319,-1.247159564,2.705230891,0.602242064,-0.008847227,3.981882308,-4.885675934,4.045325794,-8.279763597,-5.315247298,-11.62397048,-19.12688709,4.952985063,-42.64798455
0.409,0.060274935,0.200388136,-0.775513894,0.055197895,1.623650827,-1.254551839,2.698388643,0.613326595,0.017400875,4.204523025,-5.06486988,4.059265775,-8.04751777,-5.683471416,-11.66409413,-19.22210339,5.432457435,-43.394773
0.41,0.060922624,0.200485172,-0.770610109,0.049601593,1.627731335,-1.261944115,2.691546395,0.624411127,0.043648977,4.427163741,-5.244063826,4.073205755,-7.815271942,-6.051695534,-11.70421779,-19.31731969,5.911929806,-44.14156145
0.411,0.061570313,0.200582209,-0.765706324,0.044005291,1.631811843,-1.269336391,2.684704147,0.635495658,0.069897079,4.649804458,-5.423257771,4.087145735,-7.583026115,-6.419919652,-11.74434145,-19.41253599,6.391402177,-44.8883499
0.412,0.062218002,0.200679245,-0.760802539,0.038408988,1.63589235,-1.276728666,2.677861899,0.646580189,0.096145181,4.872445174,-5.602451717,4.101085716,-7.350780287,-6.788143771,-11.7844651,-19.5077523,6.870874549,-45.63513835
0.413,0.062865691,0.200776282,-0.755898754,0.032812686,1.639972858,-1.284120942,2.671019651,0.65766472,0.122393283,5.095085891,-5.781645663,4.115025696,-7.11853446,-7.156367889,-11.82458876,-19.6029686,7.35034692,-46.3819268
0.414,0.06351338,0.200873318,-0.750994969,0.027216384,1.644053366,-1.291513218,2.664177403,0.668749251,0.148641385,5.317726608,-5.960839609,4.128965677,-6.886288633,-7.524592007,-11.86471241,-19.6981849,7.829819291,-47.12871525
0.415,0.064161069,0.200970355,-0.746091184,0.021620082,1.648133874,-1.298905493,2.657335155,0.679833782,0.174889487,5.540367324,-6.140033555,4.142905657,-6.654042805,-7.892816125,-11.90483607,-19.7934012,8.309291662,-47.8755037
0.416,0.064808758,0.201067391,-0.741187399,0.01602378,1.652214382,-1.306297769,2.650492907,0.690918313,0.20113759,5.763008041,-6.319227501,4.156845637,-6.421796978,-8.261040244,-11.94495973,-19.88861751,8.788764034,-48.62229216
0.417,0.065456447,0.201164428,-0.736283614,0.010427478,1.65629489,-1.313690045,2.643650659,0.702002844,0.227385692,5.985648757,-6.498421446,4.170785618,-6.18955115,-8.629264362,-11.98508338,-19.98383381,9.268236405,-49.36908061
0.418,0.066104136,0.201261464,-0.731379829,0.004831175,1.660375397,-1.32108232,2.636808411,0.713087375,0.253633794,6.208289474,-6.677615392,4.184725598,-5.957305323,-8.99748848,-12.02520704,-20.07905011,9.747708776,-50.11586906
0.419,0.066751825,0.201358501,-0.726476044,-0.000765127,1.664455905,-1.328474596,2.629966163,0.724171906,0.279881896,6.43093019,-6.856809338,4.198665578,-5.725059495,-9.365712598,-12.06533069,-20.17426641,10.22718115,-50.86265751
0.42,0.067399514,0.201455537,-0.721572259,-0.006361429,1.668536413,-1.335866872,2.623123914,0.735256437,0.306129998,6.653570907,-7.036003284,4.212605559,-5.492813668,-9.733936716,-12.10545435,-20.26948272,10.70665352,-51.60944596
0.421,0.068241701,0.20203443,-0.712779951,-0.015413677,1.673074763,-1.33920395,2.609784042,0.750213367,0.345111957,6.954000057,-7.330504024,4.265273755,-5.209311787,-10.2450076,-12.13945223,-20.36850234,11.66119936,-52.78048158
0.422,0.069083888,0.202613324,-0.703987643,-0.024465925,1.677613113,-1.342541029,2.596444169,0.765170297,0.384093917,7.254429207,-7.625004764,4.317941952,-4.925809906,-10.75607849,-12.17345011,-20.46752197,12.61574521,-53.95151721
0.423,0.069926075,0.203192217,-0.695195335,-0.033518173,1.682151463,-1.345878107,2.583104296,0.780127226,0.423075877,7.554858357,-7.919505504,4.370610148,-4.642308026,-11.26714937,-12.20744799,-20.56654159,13.57029105,-55.12255284
0.424,0.070768262,0.20377111,-0.686403027,-0.042570421,1.686689814,-1.349215186,2.569764424,0.795084156,0.462057836,7.855287507,-8.214006244,4.423278344,-4.358806145,-11.77822026,-12.24144586,-20.66556122,14.5248369,-56.29358847
0.425,0.071610448,0.204350003,-0.677610719,-0.05162267,1.691228164,-1.352552264,2.556424551,0.810041086,0.501039796,8.155716657,-8.508506984,4.475946541,-4.075304264,-12.28929114,-12.27544374,-20.76458085,15.47938274,-57.46462409
0.426,0.072452635,0.204928897,-0.668818411,-0.060674918,1.695766514,-1.355889343,2.543084678,0.824998016,0.540021756,8.456145807,-8.803007725,4.528614737,-3.791802384,-12.80036203,-12.30944162,-20.86360047,16.43392859,-58.63565972
0.427,0.073294822,0.20550779,-0.660026102,-0.069727166,1.700304864,-1.359226422,2.529744805,0.839954946,0.579003715,8.756574957,-9.097508465,4.581282934,-3.508300503,-13.31143292,-12.3434395,-20.9626201,17.38847443,-59.80669535
0.428,0.074137009,0.206086683,-0.651233794,-0.078779414,1.704843214,-1.3625635,2.516404933,0.854911876,0.617985675,9.057004107,-9.392009205,4.63395113,-3.224798622,-13.8225038,-12.37743738,-21.06163973,18.34302028,-60.97773097
0.429,0.074979196,0.206665576,-0.642441486,-0.087831662,1.709381564,-1.365900579,2.50306506,0.869868805,0.656967635,9.357433257,-9.686509945,4.686619326,-2.941296741,-14.33357469,-12.41143526,-21.16065935,19.29756612,-62.1487666
0.43,0.075821382,0.20724447,-0.633649178,-0.09688391,1.713919914,-1.369237657,2.489725187,0.884825735,0.695949594,9.657862407,-9.981010685,4.739287523,-2.657794861,-14.84464557,-12.44543314,-21.25967898,20.25211197,-63.31980223
0.431,0.076663569,0.207823363,-0.62485687,-0.105936158,1.718458264,-1.372574736,2.476385315,0.899782665,0.734931554,9.958291557,-10.27551143,4.791955719,-2.37429298,-15.35571646,-12.47943101,-21.35869861,21.20665781,-64.49083786
0.432,0.077505756,0.208402256,-0.616064562,-0.114988406,1.722996614,-1.375911814,2.463045442,0.914739595,0.773913514,10.25872071,-10.57001217,4.844623915,-2.090791099,-15.86678734,-12.51342889,-21.45771823,22.16120366,-65.66187348
0.433,0.078347943,0.208981149,-0.607272254,-0.124040655,1.727534965,-1.379248893,2.449705569,0.929696525,0.812895473,10.55914986,-10.86451291,4.897292112,-1.807289218,-16.37785823,-12.54742677,-21.55673786,23.1157495,-66.83290911
0.434,0.07919013,0.209560043,-0.598479946,-0.133092903,1.732073315,-1.382585972,2.436365696,0.944653454,0.851877433,10.85957901,-11.15901365,4.949960308,-1.523787338,-16.88892911,-12.58142465,-21.65575748,24.07029535,-68.00394474
0.435,0.080032316,0.210138936,-0.589687638,-0.142145151,1.736611665,-1.38592305,2.423025824,0.959610384,0.890859392,11.16000816,-11.45351439,5.002628505,-1.240285457,-17.4,-12.61542253,-21.75477711,25.02484119,-69.17498037
0.436,0.081075531,0.211242849,-0.577021162,-0.155588297,1.742155564,-1.387467938,2.406351512,0.967803135,0.910058529,11.28818788,-11.66568524,5.070693782,-1.437061963,-16.95390372,-12.63373322,-21.8179841,22.85594287,-64.10241412
0.437,0.082118745,0.212346761,-0.564354687,-0.169031443,1.747699463,-1.389012825,2.3896772,0.975995886,0.929257665,11.41636761,-11.87785609,5.138759059,-1.633838469,-16.50780744,-12.6520439,-21.88119109,20.68704455,-59.02984788
0.438,0.083161959,0.213450674,-0.551688212,-0.182474589,1.753243362,-1.390557713,2.373002889,0.984188637,0.948456801,11.54454734,-12.09002694,5.206824336,-1.830614975,-16.06171116,-12.67035459,-21.94439808,18.51814622,-53.95728164
0.439,0.084205174,0.214554586,-0.539021736,-0.195917736,1.758787261,-1.3921026,2.356328577,0.992381388,0.967655937,11.67272706,-12.3021978,5.274889613,-2.027391481,-15.61561488,-12.68866528,-22.00760507,16.3492479,-48.8847154
0.44,0.085248388,0.215658499,-0.526355261,-0.209360882,1.76433116,-1.393647488,2.339654265,1.000574139,0.986855073,11.80090679,-12.51436865,5.342954889,-2.224167987,-15.1695186,-12.70697597,-22.07081206,14.18034958,-43.81214916
0.441,0.086291602,0.216762411,-0.513688785,-0.222804028,1.769875059,-1.395192375,2.322979954,1.00876689,1.006054209,11.92908652,-12.7265395,5.411020166,-2.420944493,-14.72342232,-12.72528665,-22.13401905,12.01145125,-38.73958292
0.442,0.087334817,0.217866324,-0.50102231,-0.236247174,1.775418958,-1.396737263,2.306305642,1.016959641,1.025253345,12.05726625,-12.93871035,5.479085443,-2.617720999,-14.27732603,-12.74359734,-22.19722604,9.842552929,-33.66701668
0.443,0.088378031,0.218970236,-0.488355834,-0.24969032,1.780962857,-1.39828215,2.28963133,1.025152392,1.044452481,12.18544597,-13.1508812,5.54715072,-2.814497505,-13.83122975,-12.76190803,-22.26043303,7.673654606,-28.59445044
0.444,0.089421245,0.220074149,-0.475689359,-0.263133467,1.786506756,-1.399827038,2.272957018,1.033345142,1.063651617,12.3136257,-13.36305206,5.615215997,-3.011274011,-13.38513347,-12.78021872,-22.32364002,5.504756283,-23.5218842
0.445,0.09046446,0.221178061,-0.463022884,-0.276576613,1.792050655,-1.401371925,2.256282707,1.041537893,1.082850753,12.44180543,-13.57522291,5.683281274,-3.208050517,-12.93903719,-12.7985294,-22.38684701,3.335857959,-18.44931796
0.446,0.091507674,0.222281974,-0.450356408,-0.290019759,1.797594554,-1.402916813,2.239608395,1.049730644,1.102049889,12.56998515,-13.78739376,5.751346551,-3.404827023,-12.49294091,-12.81684009,-22.450054,1.166959636,-13.37675172
0.447,0.092550888,0.223385886,-0.437689933,-0.303462905,1.803138453,-1.404461701,2.222934083,1.057923395,1.121249025,12.69816488,-13.99956461,5.819411828,-3.601603529,-12.04684463,-12.83515078,-22.51326099,-1.001938687,-8.30418548
0.448,0.093594103,0.224489799,-0.425023457,-0.316906051,1.808682352,-1.406006588,2.206259772,1.066116146,1.140448161,12.82634461,-14.21173547,5.887477105,-3.798380035,-11.60074835,-12.85346147,-22.57646798,-3.170837011,-3.231619239
0.449,0.094637317,0.225593711,-0.412356982,-0.330349198,1.814226251,-1.407551476,2.18958546,1.074308897,1.159647297,12.95452434,-14.42390632,5.955542382,-3.995156541,-11.15465207,-12.87177215,-22.63967497,-5.339735334,1.840947001
0.45,0.095680531,0.226697624,-0.399690506,-0.343792344,1.81977015,-1.409096363,2.172911148,1.082501648,1.178846433,13.08270406,-14.63607717,6.023607659,-4.191933047,-10.70855579,-12.89008284,-22.70288196,-7.508633657,6.913513242
0.451,0.096764694,0.227820077,-0.387207082,-0.358878471,1.826133777,-1.417627798,2.171771308,1.083168834,1.171779719,13.00777881,-14.6996681,6.063733471,-4.727199554,-9.541865207,-12.87793694,-22.71183957,-7.375174869,6.673206634
0.452,0.097848856,0.228942529,-0.374723657,-0.373964599,1.832497404,-1.426159234,2.170631468,1.083836021,1.164713004,12.93285356,-14.76325903,6.103859283,-5.262466062,-8.375174625,-12.86579104,-22.72079718,-7.24171608,6.432900026
0.453,0.098933019,0.230064982,-0.362240233,-0.389050726,1.838861031,-1.434690669,2.169491627,1.084503207,1.157646289,12.8579283,-14.82684995,6.143985095,-5.797732569,-7.208484044,-12.85364513,-22.72975479,-7.108257292,6.192593418
0.454,0.100017182,0.231187434,-0.349756808,-0.404136854,1.845224658,-1.443222104,2.168351787,1.085170394,1.150579574,12.78300305,-14.89044088,6.184110907,-6.332999076,-6.041793462,-12.84149923,-22.7387124,-6.974798504,5.95228681
0.455,0.101101344,0.232309887,-0.337273384,-0.419222982,1.851588285,-1.45175354,2.167211947,1.08583758,1.143512859,12.70807779,-14.95403181,6.224236719,-6.868265584,-4.87510288,-12.82935333,-22.74767001,-6.841339715,5.711980201
0.456,0.102185507,0.233432339,-0.324789959,-0.434309109,1.857951912,-1.460284975,2.166072106,1.086504766,1.136446145,12.63315254,-15.01762273,6.264362531,-7.403532091,-3.708412299,-12.81720743,-22.75662762,-6.707880927,5.471673593
0.457,0.103269669,0.234554792,-0.312306535,-0.449395237,1.864315538,-1.46881641,2.164932266,1.087171953,1.12937943,12.55822729,-15.08121366,6.304488343,-7.938798599,-2.541721717,-12.80506152,-22.76558523,-6.574422138,5.231366985
0.458,0.104353832,0.235677244,-0.29982311,-0.464481364,1.870679165,-1.477347845,2.163792426,1.087839139,1.122312715,12.48330203,-15.14480459,6.344614155,-8.474065106,-1.375031136,-12.79291562,-22.77454284,-6.44096335,4.991060377
0.459,0.105437994,0.236799697,-0.287339685,-0.479567492,1.877042792,-1.485879281,2.162652586,1.088506326,1.115246,12.40837678,-15.20839551,6.384739967,-9.009331614,-0.208340554,-12.78076972,-22.78350045,-6.307504561,4.750753769
0.46,0.106522157,0.23792215,-0.274856261,-0.494653619,1.883406419,-1.494410716,2.161512745,1.089173512,1.108179285,12.33345153,-15.27198644,6.424865779,-9.544598121,0.958350027,-12.76862382,-22.79245805,-6.174045773,4.510447161
0.461,0.107606319,0.239044602,-0.262372836,-0.509739747,1.889770046,-1.502942151,2.160372905,1.089840699,1.101112571,12.25852627,-15.33557737,6.464991591,-10.07986463,2.125040609,-12.75647791,-22.80141566,-6.040586985,4.270140553
0.462,0.108690482,0.240167055,-0.249889412,-0.524825874,1.896133673,-1.511473587,2.159233065,1.090507885,1.094045856,12.18360102,-15.39916829,6.505117403,-10.61513114,3.29173119,-12.74433201,-22.81037327,-5.907128196,4.029833945
0.463,0.109774645,0.241289507,-0.237405987,-0.539912002,1.9024973,-1.520005022,2.158093224,1.091175071,1.086979141,12.10867576,-15.46275922,6.545243215,-11.15039764,4.458421772,-12.73218611,-22.81933088,-5.773669408,3.789527337
0.464,0.110858807,0.24241196,-0.224922563,-0.554998129,1.908860927,-1.528536457,2.156953384,1.091842258,1.079912426,12.03375051,-15.52635015,6.585369027,-11.68566415,5.625112354,-12.72004021,-22.82828849,-5.640210619,3.549220728
0.465,0.11194297,0.243534412,-0.212439138,-0.570084257,1.915224554,-1.537067892,2.155813544,1.092509444,1.072845711,11.95882526,-15.58994107,6.625494839,-12.22093066,6.791802935,-12.7078943,-22.8372461,-5.506751831,3.30891412
0.466,0.113052727,0.244571472,-0.200889379,-0.586268661,1.921939642,-1.551682441,2.167619811,1.094956553,1.068542768,11.9070035,-15.67165764,6.631164047,-12.49701862,7.375056232,-12.66557141,-22.86170648,-5.314316049,3.177425585
0.467,0.114162485,0.245608531,-0.189339619,-0.602453064,1.928654731,-1.56629699,2.179426077,1.097403661,1.064239824,11.85518175,-15.7533742,6.636833255,-12.77310658,7.958309528,-12.62324852,-22.88616685,-5.121880268,3.04593705
0.468,0.115272242,0.24664559,-0.17778986,-0.618637468,1.935369819,-1.3,2.191232344,1.09985077,1.059936881,11.80335999,-15.83509076,6.642502463,-13.04919454,8.541562825,-12.58092562,-22.91062722,-4.929444486,2.914448515
0.469,0.116381999,0.247682649,-0.1662401,-0.634821871,1.942084908,-1.3,2.203038611,1.102297879,1.055633937,11.75153824,-15.91680732,6.648171671,-13.3252825,9.124816121,-12.53860273,-22.9350876,-4.737008705,2.78295998
0.47,0.117491757,0.248719708,-0.154690341,-0.651006275,1.948799996,-1.3,2.214844878,1.104744987,1.051330994,11.69971648,-15.99852389,6.653840879,-13.60137046,9.708069418,-12.49627983,-22.95954797,-4.544572923,2.651471444
0.471,0.118601514,0.249756767,-0.143140581,-0.667190679,1.955515085,-1.3,2.226651145,1.107192096,1.04702805,11.64789473,-16.08024045,6.659510088,-13.87745842,10.29132271,-12.45395694,-22.98400835,-4.352137142,2.519982909
0.472,0.119711272,0.250793827,-0.131590822,-0.683375082,1.962230173,-1.3,2.238457412,1.109639205,1.042725107,11.59607298,-16.16195701,6.665179296,-14.15354638,10.87457601,-12.41163404,-23.00846872,-4.15970136,2.388494374
0.473,0.120821029,0.251830886,-0.120041062,-0.699559486,1.968945261,-1.3,2.250263679,1.112086313,1.038422163,11.54425122,-16.24367358,6.670848504,-14.42963433,11.45782931,-12.36931115,-23.03292909,-3.967265579,2.257005839
0.474,0.121930786,0.252867945,-0.108491303,-0.71574389,1.97566035,-1.3,2.262069945,1.114533422,1.03411922,11.49242947,-16.32539014,6.676517712,-14.70572229,12.0410826,-12.32698826,-23.05738947,-3.774829797,2.125517304
0.475,0.123040544,0.253905004,-0.096941543,-0.731928293,1.982375438,-1.3,2.273876212,1.11698053,1.029816276,11.44060771,-16.4071067,6.68218692,-14.98181025,12.6243359,-12.28466536,-23.08184984,-3.582394016,1.994028769
0.476,0.124150301,0.254942063,-0.085391784,-0.748112697,1.989090527,-1.3,2.285682479,1.119427639,1.025513333,11.38878596,-16.48882326,6.687856129,-15.25789821,13.2075892,-12.24234247,-23.10631022,-3.389958234,1.862540233
0.477,0.125260059,0.255979122,-0.073842024,-0.764297101,1.995805615,-1.3,2.297488746,1.121874748,1.021210389,11.3369642,-16.57053983,6.693525337,-15.53398617,13.79084249,-12.20001957,-23.13077059,-3.197522453,1.731051698
0.478,0.126369816,0.257016181,-0.062292265,-0.780481504,2.002520704,-1.3,2.309295013,1.124321856,1.016907446,11.28514245,-16.65225639,6.699194545,-15.81007413,14.37409579,-12.15769668,-23.15523096,-3.005086671,1.599563163
0.479,0.127479573,0.258053241,-0.050742505,-0.796665908,2.009235792,-1.3,2.32110128,1.126768965,1.012604502,11.23332069,-16.73397295,6.704863753,-16.08616209,14.95734909,-12.11537378,-23.17969134,-2.81265089,1.468074628
0.48,0.128589331,0.2590903,-0.039192746,-0.812850311,2.015950881,-1.3,2.332907547,1.129216074,1.008301559,11.18149894,-16.81568952,6.710532961,-16.36225005,15.54060238,-12.07305089,-23.20415171,-2.620215108,1.336586093
0.481,0.129744499,0.260093776,-0.028266426,-0.830430281,2.022442785,-1.3,2.349715337,1.132961501,1.008784783,11.15229057,-16.92400048,6.673385798,-16.07598296,15.63042244,-11.99110084,-23.22116075,-2.116746289,1.1502204
0.482,0.130899666,0.261097252,-0.017340105,-0.848010251,2.02893469,-1.3,2.366523128,1.136706929,1.009268007,11.12308221,-17.03231144,6.636238635,0,0,-11.9091508,-23.23816979,-1.61327747,0.963854708
0.483,0.132054834,0.262100728,-0.006413785,-0.865590221,2.035426594,-1.3,2.383330919,1.140452356,1.00975123,11.09387384,-17.1406224,6.599091472,0,0,-11.82720075,-23.25517882,-1.109808651,0.777489015
0.484,0.133210002,0.263104204,0.004512535,-0.883170191,2.041918498,-1.3,2.40013871,1.144197784,1.010234454,11.06466547,-17.24893336,6.561944309,0,0,-11.74525071,-23.27218786,-0.606339832,0
0.485,0.13436517,0.264107681,0.015438856,-0.900750161,2.048410403,-1.3,2.40013871,1.147943212,1.010717678,11.03545711,-17.35724432,6.524797145,0,0,-11.66330066,-23.2891969,-0.102871013,0
0.486,0.135520338,0.265111157,0.026365176,-0.918330131,2.054902307,-1.3,2.40013871,1.151688639,1.011200902,11.00624874,-17.46555528,6.487649982,0,0,-11.58135062,-23.30620594,0.400597807,0
0.487,0.136675506,0.266114633,0.037291496,-0.935910101,2.061394212,-1.3,2.40013871,1.155434067,1.011684126,10.97704038,-17.57386624,6.450502819,0,0,-11.49940057,-23.32321497,0.904066626,0
0.488,0.137830674,0.267118109,0.048217817,-0.953490071,2.067886116,-1.3,2.40013871,1.159179495,1.01216735,10.94783201,-17.6821772,6.413355656,0,0,-11.41745053,-23.34022401,1.407535445,0
0.489,0.138985841,0.268121585,0.059144137,-0.97107004,2.07437802,-1.3,2.40013871,1.162924922,1.012650574,10.91862365,-17.79048816,6.376208492,0,0,-11.33550048,-23.35723305,1.911004264,0
0.49,0.140141009,0.269125061,0.070070457,-0.98865001,2.080869925,-1.3,2.40013871,1.16667035,1.013133798,10.88941528,-17.89879912,6.339061329,0,0,-11.25355044,-23.37424209,2.414473083,0
0.491,0.141296177,0.270128538,0.080996778,-1.00622998,2.087361829,-1.3,2.40013871,1.170415778,1.013617022,10.86020691,-18.00711008,6.301914166,0,0,-11.17160039,-23.39125112,2.917941902,0
0.492,0.142451345,0.271132014,0.091923098,-1.02380995,2.093853734,-1.3,2.40013871,1.174161205,1.014100246,10.83099855,-18.11542105,6.264767003,0,0,-11.08965035,-23.40826016,3.421410721,0
0.493,0.143606513,0.27213549,0.102849418,-1.04138992,2.100345638,-1.3,2.40013871,1.177906633,1.01458347,10.80179018,-18.22373201,6.227619839,0,0,-11.0077003,-23.4252692,3.92487954,0
0.494,0.144761681,0.273138966,0.113775739,-1.05896989,2.106837542,-1.3,2.40013871,1.181652061,1.015066694,10.77258182,-18.33204297,6.190472676,0,0,-10.92575026,-23.44227824,4.42834836,0
0.495,0.145916849,0.274142442,0.124702059,-1.07654986,2.113329447,-1.3,2.40013871,1.185397488,1.015549918,10.74337345,-18.44035393,6.153325513,0,0,-10.84380021,-23.45928727,4.931817179,0
0.496,0.147111674,0.27525699,0.135739625,-1.096336933,2.118860904,-1.3,2.40013871,1.184982213,1.033417745,10.80958998,-18.64592697,6.059518825,0,0,-10.7034296,-23.42374478,6.785227892,0
0.497,0.148306499,0.276371538,0.14677719,-1.116124006,2.124392361,-1.3,2.40013871,1.184566938,1.051285573,10.87580651,-18.85150001,5.965712137,0,0,-10.56305899,-23.38820229,8.638638605,0
0.498,0.149501324,0.277486086,0.157814756,-1.13591108,2.129923818,-1.3,2.40013871,1.184151663,1.0691534,10.94202304,-19.05707305,5.87190545,0,0,-10.42268838,-23.3526598,10.49204932,0
0.499,0.150696149,0.278600635,0.168852322,-1.155698153,2.135455275,-1.3,2.40013871,1.183736388,1.087021228,11.00823957,-19.2626461,5.778098762,0,0,-10.28231777,-23.31711731,12.34546003,0
0.5,0.151890974,0.279715183,0.179889887,-1.175485226,2.140986732,-1.3,2.40013871,1.183321113,1.104889055,11.0744561,-19.46821914,5.684292074,0,0,-10.14194716,-23.28157482,14.19887074,0
0.501,0.1530858,0.280829731,0.190927453,-1.1952723,2.146518189,-1.3,2.40013871,1.182905838,1.122756882,11.14067262,-19.67379218,5.590485386,0,0,-10.00157655,-23.24603233,16.05228146,0
0.502,0.154280625,0.281944279,0.201965019,-1.215059373,2.152049646,-1.3,2.40013871,1.182490563,1.14062471,11.20688915,-19.87936522,5.496678699,0,0,-9.861205939,-23.21048984,17.90569217,0
0.503,0.15547545,0.283058827,0.213002584,-1.234846446,2.157581103,-1.3,2.40013871,1.182075288,1.158492537,11.27310568,-20.08493826,5.402872011,0,0,-9.720835329,-23.17494735,19.75910288,0
0.504,0.156670275,0.284173375,0.22404015,-1.254633519,2.16311256,-1.3,2.40013871,1.181660013,1.176360365,11.33932221,-20.29051131,5.309065323,0,0,-9.580464718,-23.13940486,21.61251359,0
0.505,0.1578651,0.285287923,0.235077716,-1.274420593,2.168644017,-1.3,2.40013871,1.181244738,1.194228192,11.40553874,-20.49608435,5.215258635,0,0,-9.440094108,-23.10386237,23.46592431,0
0.506,0.159059925,0.286402471,0.246115282,-1.294207666,2.174175474,-1.3,2.40013871,1.180829463,1.21209602,11.47175527,-20.70165739,5.121451947,0,0,-9.299723497,-23.06831988,25.31933502,0
0.507,0.160254751,0.287517019,0.257152847,-1.313994739,2.179706931,-1.3,2.40013871,1.180414188,1.229963847,11.5379718,-20.90723043,5.02764526,0,0,-9.159352887,-23.03277739,27.17274573,0
0.508,0.161449576,0.288631568,0.268190413,-1.333781812,2.185238388,-1.3,2.40013871,1.179998913,1.247831675,11.60418833,-21.11280347,4.933838572,0,0,-9.018982276,-22.99723491,29.02615645,0
0.509,0.162644401,0.289746116,0.279227979,-1.353568886,2.190769845,-1.3,2.40013871,1.179583638,1.265699502,11.67040486,-21.31837652,4.840031884,0,0,-8.878611666,-22.96169242,30.87956716,0
0.51,0.163839226,0.290860664,0.290265544,-1.373355959,2.196301302,-1.3,2.40013871,1.179168363,1.283567329,11.73662139,-21.52394956,4.746225196,0,0,-8.738241056,-22.92614993,32.73297787,0
0.511,0.165040204,0.29223571,0.302140561,-1.395784177,2.199897176,-1.3,2.40013871,1.186246019,1.285926772,11.69070283,-21.56299532,4.579393469,0,0,-8.618948315,-23.26434003,28.30343537,0
0.512,0.166241182,0.293610756,0.314015578,-1.418212394,2.203493051,-1.3,2.40013871,1.193323676,1.288286215,11.64478427,-21.60204109,4.412561742,0,0,-8.499655575,-23.60253013,23.87389287,0
0.513,0.16744216,0.294985803,0.325890595,-1.440640612,2.207088925,-1.3,2.40013871,1.200401332,1.290645657,11.59886571,-21.64108685,4.245730015,0,0,-8.380362834,-23.94072023,19.44435038,0
0.514,0.168643137,0.296360849,0.337765612,-1.463068829,2.210684799,-1.3,2.40013871,1.207478988,1.2930051,11.55294716,-21.68013262,4.078898288,0,0,-8.261070094,-24.27891033,15.01480788,0
0.515,0.169844115,0.297735895,0.349640629,-1.485497047,2.214280673,-1.3,2.40013871,1.214556644,1.295364542,11.5070286,-21.71917838,3.912066561,0,0,-8.141777353,-24.61710043,10.58526538,0
0.516,0.171045093,0.299110941,0.361515646,-1.507925265,2.217876548,-1.3,2.40013871,1.2216343,1.297723985,11.46111004,-21.75822414,3.745234834,0,0,-8.022484612,-24.95529054,6.155722879,0
0.517,0.172246071,0.300485988,0.373390663,-1.530353482,2.221472422,-1.3,2.40013871,1.228711956,1.300083427,11.41519148,-21.79726991,3.578403106,0,0,-7.903191872,-25.29348064,1.72618038,0
0.518,0.173447049,0.301861034,0.38526568,-1.5527817,2.225068296,-1.3,2.40013871,1.235789612,1.30244287,11.36927292,-21.83631567,3.411571379,0,0,-7.783899131,-25.63167074,-2.703362119,0
0.519,0.174648026,0.30323608,0.397140697,-1.575209917,2.22866417,-1.3,2.40013871,1.242867269,1.304802313,11.32335437,-21.87536144,3.244739652,0,0,-7.664606391,-25.96986084,-7.132904618,0
0.52,0.175849004,0.304611127,0.409015714,-1.597638135,2.232260045,-1.3,2.40013871,1.249944925,1.307161755,11.27743581,-21.9144072,3.077907925,0,0,-7.54531365,-26.30805094,-11.56244712,0
0.521,0.177049982,0.305986173,0.420890731,-1.620066353,2.235855919,-1.3,2.40013871,1.257022581,1.309521198,11.23151725,-21.95345296,2.911076198,0,0,-7.42602091,-26.64624105,-15.99198962,0
0.522,0.17825096,0.307361219,0.432765747,-1.64249457,2.239451793,-1.3,2.40013871,1.264100237,1.31188064,11.18559869,-21.99249873,2.744244471,0,0,-7.306728169,-26.98443115,-20.42153211,0
0.523,0.179451938,0.308736266,0.444640764,-1.664922788,2.243047668,-1.3,2.40013871,1.271177893,1.314240083,11.13968014,-22.03154449,2.577412744,0,0,-7.187435429,-27.32262125,-24.85107461,0
0.524,0.180652915,0.310111312,0.456515781,-1.687351005,2.246643542,-1.3,2.40013871,1.278255549,1.316599525,11.09376158,-22.07059026,2.410581016,0,0,-7.068142688,-27.66081135,-29.28061711,0
0.525,0.181853893,0.311486358,0.468390798,-1.709779223,2.250239416,-1.3,2.40013871,1.285333205,1.318958968,11.04784302,-22.10963602,2.243749289,0,0,-6.948849948,-27.99900145,-33.71015961,0
0.526,0.18324598,0.312681167,0.478016112,-1.730208667,2.250830512,-1.3,2.40013871,1.296890113,1.307705524,10.88285061,-21.87635392,2.016811328,0,0,-6.652792359,-28.01931592,-31.48577794,0
0.527,0.184638066,0.313875976,0.487641427,-1.75063811,2.251421608,-1.3,2.40013871,1.30844702,1.29645208,10.7178582,-21.64307181,1.789873367,0,0,-6.356734771,-28.03963038,-29.26139627,0
0.528,0.186030153,0.315070785,0.497266741,-1.771067554,2.252012704,-1.3,2.40013871,1.320003927,1.285198636,10.55286579,-21.40978971,1.562935406,0,0,-6.060677183,-28.05994484,-27.0370146,0
0.529,0.18742224,0.316265594,0.506892055,-1.791496998,2.2526038,-1.3,2.40013871,1.331560835,1.273945192,10.38787338,-21.1765076,1.335997445,0,0,-5.764619594,-28.0802593,-24.81263293,0
0.53,0.188814326,0.317460403,0.516517369,-1.811926441,2.253194896,-1.3,2.40013871,1.343117742,1.262691748,10.22288097,-20.9432255,1.109059484,0,0,-5.468562006,-28.10057377,-22.58825127,0
0.531,0.190206413,0.318655212,0.526142683,-1.832355885,2.253785992,-1.3,2.40013871,1.354674649,1.251438305,10.05788856,-20.70994339,0.882121523,0,0,-5.172504417,-28.12088823,-20.3638696,0
0.532,0.191598499,0.319850021,0.535767997,-1.852785329,2.254377088,-1.3,2.40013871,1.366231557,1.240184861,9.892896148,-20.47666129,0.655183562,0,0,-4.876446829,-28.14120269,-18.13948793,0
0.533,0.192990586,0.321044829,0.545393312,-1.873214772,2.254968184,-1.3,2.40013871,1.377788464,1.228931417,9.727903737,-20.24337919,0.428245601,0,0,-4.580389241,-28.16151716,-15.91510626,0
0.534,0.194382673,0.322239638,0.555018626,-1.893644216,2.255559279,-1.3,2.40013871,1.389345371,1.217677973,9.562911327,-20.01009708,0.20130764,0,0,-4.284331652,-28.18183162,-13.69072459,0
0.535,0.195774759,0.323434447,0.56464394,-1.91407366,2.256150375,-1.3,2.40013871,1.400902279,1.206424529,9.397918916,-19.77681498,-0.025630321,0,0,-3.988274064,-28.20214608,-11.46634292,0
0.536,0.197166846,0.324629256,0.574269254,-1.934503103,2.256741471,-1.3,2.40013871,1.412459186,1.195171085,9.232926506,-19.54353287,-0.252568282,0,0,-3.692216475,-28.22246054,-9.241961251,0
0.537,0.198558932,0.325824065,0.583894568,-1.954932547,2.257332567,-1.3,2.40013871,1.424016093,1.183917641,9.067934095,-19.31025077,-0.479506243,0,0,-3.396158887,-28.24277501,-7.017579582,0
0.538,0.199951019,0.327018874,0.593519883,-1.975361991,2.257923663,-1.3,2.40013871,1.435573,1.172664197,8.902941684,-19.07696866,-0.706444204,0,0,-3.100101298,-28.26308947,-4.793197913,0
0.539,0.201343106,0.328213683,0.603145197,-1.995791434,2.258514759,-1.3,2.40013871,1.447129908,1.161410753,8.737949274,-18.84368656,-0.933382165,0,0,-2.80404371,-28.28340393,-2.568816244,0
0.54,0.202735192,0.329408492,0.612770511,-2.016220878,2.259105855,-1.3,2.40013871,1.458686815,1.150157309,8.572956863,-18.61040446,-1.160320126,0,0,-2.507986122,-28.30371839,-0.344434575,0
0.541,0.204224414,0.33059655,0.620576622,-2.032506498,2.256144651,-1.3,2.40013871,1.463030244,1.155414004,8.465064354,-18.27596836,-1.397151417,0,0,-2.194108378,-28.30484098,-0.381143535,0
0.542,0.205713635,0.331784608,0.628382732,-2.048792118,2.253183446,-1.3,2.40013871,1.467373673,1.160670698,8.357171844,-17.94153226,-1.633982709,0,0,-1.880230634,-28.30596357,-0.417852495,0
0.543,0.207202857,0.332972666,0.636188843,-2.065077737,2.250222242,-1.3,2.40013871,1.471717102,1.165927393,8.249279335,-17.60709616,-1.870814001,0,0,-1.566352891,-28.30708616,-0.454561456,0
0.544,0.208692078,0.334160724,0.643994954,-2.081363357,2.247261037,-1.3,2.40013871,1.476060531,1.171184087,8.141386826,-17.27266006,-2.107645293,0,0,-1.252475147,-28.30820875,-0.491270416,0
0.545,0.2101813,0.335348782,0.651801064,-2.097648977,2.244299833,-1.3,2.40013871,1.48040396,1.176440782,8.033494316,-16.93822396,-2.344476585,0,0,-0.938597404,-28.30933134,-0.527979376,0
0.546,0.211670522,0.33653684,0.659607175,-2.113934596,2.241338629,-1.3,2.40013871,1.484747388,1.181697476,7.925601807,-16.60378786,-2.581307877,0,0,-0.62471966,-28.31045392,-0.564688337,0
0.547,0.213159743,0.337724898,0.667413286,-2.130220216,2.238377424,-1.3,2.40013871,1.489090817,1.186954171,7.817709297,-16.26935176,-2.818139168,0,0,-0.310841917,-28.31157651,-0.601397297,0
0.548,0.214648965,0.338912956,0.675219396,-2.146505836,2.23541622,-1.3,2.40013871,1.493434246,1.192210865,7.709816788,-15.93491566,-3.05497046,0,0,0.003035827,-28.3126991,-0.638106258,0
0.549,0.216138186,0.340101014,0.683025507,-2.162791456,2.232455015,-1.3,2.40013871,1.497777675,1.19746756,7.601924279,-15.60047956,-3.291801752,0,0,0.316913571,-28.31382169,-0.674815218,0
0.55,0.217627408,0.341289072,0.690831618,-2.179077075,2.229493811,-1.3,2.40013871,1.502121104,1.202724254,7.494031769,-15.26604346,-3.528633044,0,0,0.630791314,-28.31494428,0,0
0.551,0.219116629,0.34247713,0.698637728,-2.195362695,2.226532606,-1.3,2.40013871,1.506464533,1.207980949,7.38613926,-14.93160736,-3.765464336,0,0,0.944669058,-28.31606687,0,0
0.552,0.220605851,0.343665188,0.706443839,-2.211648315,2.223571402,-1.3,2.40013871,1.510807962,1.213237643,7.27824675,-14.59717126,-4.002295627,0,0,1.258546801,-28.31718946,0,0
0.553,0.222095072,0.344853246,0.71424995,-2.227933935,2.220610198,-1.3,2.40013871,1.515151391,1.218494338,7.170354241,-14.26273516,-4.239126919,0,0,1.572424545,-28.31831204,0,0
0.554,0.223584294,0.346041304,0.72205606,-2.244219554,2.217648993,-1.3,2.40013871,1.51949482,1.223751032,7.062461731,-13.92829906,-4.475958211,0,0,1.886302288,-28.31943463,0,0
0.555,0.225073516,0.347229362,0.729862171,-2.260505174,2.214687789,-1.3,2.40013871,1.523838249,1.229007727,6.954569222,-13.59386296,-4.712789503,0,0,2.200180032,-28.32055722,0,0
0.556,0.226636568,0.34850147,0.735856649,-2.271039021,2.208427919,-1.3,2.40013871,1.52910086,1.234694273,6.824964933,-13.18577149,-4.908718659,0,0,2.47323376,-28.09246217,0,0
0.557,0.228199621,0.349773578,0.741851127,-2.281572869,2.202168049,-1.3,2.40013871,1.534363471,1.240380819,6.695360644,-12.77768002,-5.104647814,0,0,2.746287488,-27.86436712,0,0
0.558,0.229762674,0.351045687,0.747845605,-2.292106716,2.195908179,-1.3,2.40013871,1.539626083,1.246067366,6.565756355,-12.36958855,-5.30057697,0,0,3.019341216,-27.63627207,0,0
0.559,0.231325727,0.352317795,0.753840083,-2.302640563,2.189648309,-1.3,2.40013871,1.544888694,1.251753912,6.436152066,-11.96149708,-5.496506126,0,0,3.292394944,-27.40817702,0,0
0.56,0.23288878,0.353589903,0.759834561,-2.31317441,2.183388439,-1.3,2.40013871,1.550151306,1.257440458,6.306547777,-11.55340561,-5.692435281,0,0,3.565448672,-27.18008196,0,0
0.561,0.234451833,0.354862012,0.765829039,-2.323708257,2.177128568,-1.3,2.40013871,1.555413917,1.263127004,6.176943488,-11.14531415,-5.888364437,0,0,3.8385024,-26.95198691,0,0
0.562,0.236014886,0.35613412,0.771823518,-2.334242105,2.170868698,-1.3,2.40013871,1.560676528,1.268813551,6.047339199,-10.73722268,-6.084293593,0,0,4.111556128,-26.72389186,0,0
0.563,0.237577939,0.357406229,0.777817996,-2.344775952,2.164608828,-1.3,2.40013871,1.56593914,1.274500097,5.91773491,-10.32913121,-6.280222749,0,0,4.384609856,-26.49579681,0,0
0.564,0.239140992,0.358678337,0.783812474,-2.355309799,2.158348958,-1.3,2.40013871,1.571201751,1.280186643,5.788130621,-9.921039739,-6.476151904,0,0,4.657663584,-26.26770176,0,0
0.565,0.240704044,0.359950445,0.789806952,-2.365843646,2.152089088,-1.3,2.40013871,1.576464362,1.285873189,5.658526332,-9.51294827,-6.67208106,0,0,4.930717311,-26.03960671,0,0
0.566,0.242267097,0.361222554,0.79580143,-2.376377493,2.145829218,-1.3,2.40013871,1.581726974,1.291559736,5.528922043,-9.104856801,-6.868010216,0,0,5.203771039,-25.81151166,0,0
0.567,0.24383015,0.362494662,0.801795908,-2.386911341,2.139569348,-1.3,2.40013871,1.586989585,1.297246282,5.399317754,-8.696765332,-7.063939371,0,0,5.476824767,-25.58341661,0,0
0.568,0.245393203,0.363766771,0.807790386,-2.397445188,2.133309478,-1.3,2.40013871,1.592252197,1.302932828,5.269713465,-8.288673864,-7.259868527,0,0,5.749878495,-25.35532155,0,0
0.569,0.246956256,0.365038879,0.813784864,-2.407979035,2.127049608,-1.3,2.40013871,1.597514808,1.308619374,5.140109176,-7.880582395,-7.455797683,0,0,6.022932223,-25.1272265,0,0
0.57,0.248519309,0.366310987,0.819779342,-2.418512882,2.120789738,-1.3,2.40013871,1.602777419,1.314305921,5.010504887,-7.472490926,-7.651726839,0,0,6.295985951,-24.89913145,0,0
0.571,0.250158058,0.36766036,0.823830474,-2.423171506,2.112057087,-1.3,2.40013871,1.607289119,1.318566012,4.885819391,-7.113895326,-7.785467355,0,0,6.412595942,-24.43336036,0,0
0.572,0.251796808,0.369009733,0.827881607,-2.427830131,2.103324437,-1.3,2.40013871,1.61180082,1.322826104,4.761133895,-6.755299726,-7.919207871,0,0,6.529205933,-23.96758927,0,0
0.573,0.253435557,0.370359106,0.831932739,-2.432488755,2.094591787,-1.3,2.40013871,1.61631252,1.327086195,4.6364484,-6.396704126,-8.052948388,0,0,6.645815923,-23.50181818,0,0
0.574,0.255074307,0.371708479,0.835983872,-2.437147379,2.085859136,-1.3,2.40013871,1.62082422,1.331346287,4.511762904,-6.038108526,-8.186688904,0,0,6.762425914,-23.03604709,0,0
0.575,0.256713056,0.373057852,0.840035004,-2.441806003,2.077126486,-1.3,2.40013871,1.62533592,1.335606378,4.387077408,-5.679512926,-8.320429421,0,0,6.879035905,-22.570276,0,0
0.576,0.258351806,0.374407225,0.844086136,-2.446464627,2.068393835,-1.3,2.40013871,1.62984762,1.33986647,4.262391912,-5.320917327,-8.454169937,0,0,6.995645895,-22.10450491,0,0
0.577,0.259990556,0.375756598,0.848137269,-2.451123251,2.059661185,-1.3,2.40013871,1.63435932,1.344126561,4.137706417,-4.962321727,-8.587910453,0,0,7.112255886,-21.63873382,0,0
0.578,0.261629305,0.377105971,0.852188401,-2.455781875,2.050928535,-1.3,2.40013871,1.638871021,1.348386653,4.013020921,-4.603726127,-8.72165097,0,0,7.228865877,-21.17296273,0,0
0.579,0.263268055,0.378455344,0.856239533,-2.460440499,2.042195884,-1.3,2.40013871,1.643382721,1.352646744,3.888335425,-4.245130527,-8.855391486,0,0,7.345475867,-20.70719164,0,0
0.58,0.264906804,0.379804717,0.860290666,-2.465099123,2.033463234,-1.3,2.40013871,1.647894421,1.356906836,3.763649929,-3.886534927,-8.989132003,0,0,7.462085858,-20.24142055,0,0
0.581,0.266545554,0.38115409,0.864341798,-2.469757748,2.024730583,-1.3,2.40013871,1.652406121,1.361166927,3.638964433,-3.527939327,-9.122872519,0,0,7.578695849,-19.77564946,0,0
0.582,0.268184303,0.382503463,0.86839293,-2.474416372,2.015997933,-1.3,2.40013871,1.656917821,1.365427018,3.514278938,-3.169343727,-9.256613035,0,0,7.695305839,-19.30987837,0,0
0.583,0.269823053,0.383852835,0.872444063,-2.479074996,2.007265283,-1.3,2.40013871,1.661429522,1.36968711,3.389593442,-2.810748127,-9.390353552,0,0,7.81191583,-18.84410728,0,0
0.584,0.271461802,0.385202208,0.876495195,-2.48373362,1.998532632,-1.3,2.40013871,1.665941222,1.373947201,3.264907946,-2.452152527,-9.524094068,0,0,7.928525821,-18.37833619,0,0
0.585,0.273100552,0.386551581,0.880546328,-2.488392244,1.989799982,-1.3,2.40013871,1.670452922,1.378207293,3.14022245,-2.093556927,-9.657834585,0,0,8.045135811,-17.9125651,0,0
0.586,0.274790482,0.387945204,0.882943377,-2.488499428,1.979472261,-1.3,2.40013871,1.672519003,1.379783132,3.049083393,-1.850700031,-9.740512857,0,0,7.95566829,-17.37555785,0,0
0.587,0.276480413,0.389338826,0.885340426,-2.488606611,1.969144541,-1.3,2.40013871,1.674585085,1.381358971,2.957944336,-1.607843135,-9.82319113,0,0,7.866200769,-16.83855059,0,0
0.588,0.278170343,0.390732448,0.887737475,-2.488713795,1.958816821,-1.3,2.40013871,1.676651166,1.38293481,2.866805278,-1.364986239,-9.905869403,0,0,7.776733248,-16.30154334,0,0
0.589,0.279860274,0.39212607,0.890134524,-2.488820979,1.948489101,-1.3,2.40013871,1.678717247,1.384510649,2.775666221,-1.122129343,-9.988547675,0,0,7.687265727,-15.76453609,0,0
0.59,0.281550204,0.393519692,0.892531573,-2.488928163,1.93816138,-1.3,2.40013871,1.680783329,1.386086488,2.684527163,-0.879272447,-10.07122595,0,0,7.597798206,-15.22752883,0,0
0.591,0.283240134,0.394913315,0.894928622,-2.489035346,1.92783366,-1.3,2.40013871,1.68284941,1.387662327,2.593388106,-0.63641555,-10.15390422,0,0,7.508330685,-14.69052158,0,0
0.592,0.284930065,0.396306937,0.897325671,-2.48914253,1.91750594,-1.3,2.40013871,1.684915491,1.389238167,2.502249048,-0.393558654,-10.23658249,0,0,7.418863164,-14.15351432,0,0
0.593,0.286619995,0.397700559,0.89972272,-2.489249714,1.90717822,-1.3,2.40013871,1.686981573,1.390814006,2.411109991,-0.150701758,-10.31926077,0,0,7.329395643,-13.61650707,0,0
0.594,0.288309926,0.399094181,0.902119769,-2.489356898,1.896850499,-1.3,2.40013871,1.689047654,1.392389845,2.319970934,0.092155138,-10.40193904,0,0,7.239928122,-13.07949982,0,0
0.595,0.289999856,0.400487803,0.904516818,-2.489464081,1.886522779,-1.3,2.40013871,1.691113735,1.393965684,2.228831876,0.335012034,-10.48461731,0,0,7.150460601,-12.54249256,0,0
0.596,0.291689787,0.401881426,0.906913867,-2.489571265,1.876195059,-1.3,2.40013871,1.693179817,1.395541523,2.137692819,0.57786893,-10.56729558,0,0,7.06099308,-12.00548531,0,0
0.597,0.293379717,0.403275048,0.909310916,-2.489678449,1.865867339,-1.3,2.40013871,1.695245898,1.397117362,2.046553761,0.820725826,-10.64997386,0,0,6.971525559,-11.46847806,0,0
0.598,0.295069647,0.40466867,0.911707965,-2.489785633,1.855539619,-1.3,2.40013871,1.69731198,1.398693201,1.955414704,1.063582723,-10.73265213,0,0,6.882058038,-10.9314708,0,0
0.599,0.296759578,0.406062292,0.914105014,-2.489892816,1.845211898,-1.3,2.40013871,1.699378061,1.40026904,1.864275646,1.306439619,-10.8153304,0,0,6.792590516,-10.39446355,0,0
0.6,0.298449508,0.407455915,0.916502063,-2.49,1.834884178,-1.3,2.40013871,1.701444142,1.401844879,1.773136589,1.549296515,-10.89800867,0,0,6.703122995,-9.857456294,0,0
0.601,0.300154407,0.408855109,0.917778855,-2.487197236,1.823518281,-1.3,2.40013871,1.701897878,1.40124582,1.707510663,1.711550489,-10.96020412,0,0,6.710757113,-9.659726343,0,0
0.602,0.301859305,0.410254304,0.919055648,-2.484394472,1.812152383,-1.3,2.40013871,1.702351613,1.400646761,1.641884736,1.873804463,-11.02239956,0,0,6.71839123,-9.461996392,0,0
0.603,0.303564203,0.411653499,0.92033244,-2.481591708,1.800786486,-1.3,2.40013871,1.702805348,1.400047701,1.57625881,2.036058437,-11.084595,0,0,6.726025347,-9.264266441,0,0
0.604,0.305269102,0.413052694,0.921609232,-2.478788944,1.789420588,-1.3,2.40013871,1.703259083,1.399448642,1.510632883,2.198312411,-11.14679044,0,0,6.733659465,-9.06653649,0,0
0.605,0.306974,0.414451889,0.922886024,-2.47598618,1.778054691,-1.3,2.40013871,1.703712819,1.398849583,1.445006957,2.360566385,-11.20898588,0,0,6.741293582,-8.868806539,0,0
0.606,0.308678899,0.415851084,0.924162817,-2.473183416,1.766688794,-1.3,2.40013871,1.704166554,1.398250523,1.37938103,2.522820359,-11.27118132,0,0,6.748927699,-8.671076588,0,0
0.607,0.310383797,0.417250279,0.925439609,-2.470380652,1.755322896,-1.3,2.40013871,1.704620289,1.397651464,1.313755104,2.685074333,-11.33337676,0,0,6.756561817,-8.473346636,0,0
0.608,0.312088695,0.418649474,0.926716401,-2.467577888,1.743956999,-1.3,2.40013871,1.705074025,1.397052405,1.248129177,2.847328307,-11.3955722,0,0,6.764195934,-8.275616685,0,0
0.609,0.313793594,0.420048669,0.927993193,-2.464775124,1.732591101,-1.3,2.40013871,1.70552776,1.396453346,1.182503251,3.009582281,-11.45776764,0,0,6.771830051,-8.077886734,0,0
0.61,0.315498492,0.421447864,0.929269986,-2.46197236,1.721225204,-1.3,2.40013871,1.705981495,1.395854286,1.116877324,3.171836255,-11.51996308,0,0,6.779464169,-7.880156783,0,0
0.611,0.317203391,0.422847059,0.930546778,-2.459169597,1.709859307,-1.3,2.40013871,1.70643523,1.395255227,1.051251397,3.334090229,-11.58215853,0,0,6.787098286,-7.682426832,0,0
0.612,0.318908289,0.424246254,0.93182357,-2.456366833,1.698493409,-1.3,2.40013871,1.706888966,1.394656168,0.985625471,3.496344203,-11.64435397,0,0,6.794732403,-7.484696881,0,0
0.613,0.320613187,0.425645448,0.933100362,-2.453564069,1.687127512,-1.3,2.40013871,1.707342701,1.394057108,0.919999544,3.658598177,-11.70654941,0,0,6.80236652,-7.28696693,0,0
0.614,0.322318086,0.427044643,0.934377155,-2.450761305,1.675761614,-1.3,2.40013871,1.707796436,1.393458049,0.854373618,3.820852152,-11.76874485,0,0,6.810000638,-7.089236979,0,0
0.615,0.324022984,0.428443838,0.935653947,-2.447958541,1.664395717,-1.3,2.40013871,1.708250171,1.39285899,0.788747691,3.983106126,-11.83094029,0,0,6.817634755,-6.891507027,0,0
0.616,0.325733083,0.429824967,0.935966201,-2.442886258,1.652064805,-1.3,2.40013871,1.708402879,1.391180784,0.725431722,4.127126525,-11.90011834,0,0,6.834748055,-6.754760744,0,0
0.617,0.327443182,0.431206097,0.936278455,-2.437813975,1.639733893,-1.3,2.40013871,1.708555587,1.389502578,0.662115753,4.271146924,-11.9692964,0,0,6.851861355,-6.61801446,0,0
0.618,0.329153281,0.432587226,0.936590709,-2.432741692,1.627402981,-1.3,2.40013871,1.708708295,1.387824372,0.598799784,4.415167323,-12.03847445,0,0,6.868974654,-6.481268177,0,0
0.619,0.33086338,0.433968355,0.936902963,-2.427669409,1.615072069,-1.3,2.40013871,1.708861003,1.386146167,0.535483814,4.559187722,-12.10765251,0,0,6.886087954,-6.344521893,0,0
0.62,0.33257348,0.435349484,0.937215217,-2.422597126,1.602741157,-1.3,2.40013871,1.709013711,1.384467961,0.472167845,4.703208122,-12.17683056,0,0,6.903201254,-6.20777561,0,0
0.621,0.334283579,0.436730613,0.937527471,-2.417524843,1.590410245,-1.3,2.40013871,1.709166419,1.382789755,0.408851876,4.847228521,-12.24600861,0,0,6.920314554,-6.071029326,0,0
0.622,0.335993678,0.438111743,0.937839725,-2.41245256,1.578079333,-1.3,2.40013871,1.709319127,1.38111155,0.345535906,4.99124892,-12.31518667,0,0,6.937427854,-5.934283043,0,0
0.623,0.337703777,0.439492872,0.938151979,-2.407380277,1.565748421,-1.3,2.40013871,1.709471835,1.379433344,0.282219937,5.135269319,-12.38436472,0,0,6.954541153,-5.797536759,0,0
0.624,0.339413876,0.440874001,0.938464233,-2.402307994,1.553417509,-1.3,2.40013871,1.709624543,1.377755138,0.218903968,5.279289718,-12.45354278,0,0,6.971654453,-5.660790476,0,0
0.625,0.341123975,0.44225513,0.938776487,-2.397235711,1.541086597,-1.3,2.40013871,1.709777251,1.376076932,0.155587998,5.423310118,-12.52272083,0,0,6.988767753,-5.524044192,0,0
0.626,0.342834074,0.443636259,0.939088741,-2.392163428,1.528755685,-1.3,2.40013871,1.709929959,1.374398727,0.092272029,5.567330517,-12.59189888,0,0,7.005881053,-5.387297909,0,0
0.627,0.344544173,0.445017388,0.939400995,-2.387091145,1.516424772,-1.3,2.40013871,1.710082667,1.372720521,0.02895606,5.711350916,-12.66107694,0,0,7.022994352,-5.250551625,0,0
0.628,0.346254272,0.446398518,0.939713248,-2.382018862,1.50409386,-1.3,2.40013871,1.710235375,1.371042315,-0.034359909,5.855371315,-12.73025499,0,0,7.040107652,-5.113805342,0,0
0.629,0.347964371,0.447779647,0.940025502,-2.376946579,1.491762948,-1.3,2.40013871,1.710388083,1.369364109,-0.097675879,5.999391714,-12.79943305,0,0,7.057220952,-4.977059058,0,0
0.63,0.349674471,0.449160776,0.940337756,-2.371874296,1.479432036,-1.3,2.40013871,1.710540791,1.367685904,-0.160991848,6.143412114,-12.8686111,0,0,7.074334252,-4.840312775,0,0
0.631,0.351377735,0.450511405,0.939749262,-2.364717837,1.465919982,-1.3,2.40013871,1.709149443,1.365284579,-0.21515904,6.275814499,-12.95893461,0,0,7.019450924,-4.694945631,0,0
0.632,0.353081,0.451862034,0.939160768,-2.357561378,1.452407927,-1.3,2.40013871,1.707758095,1.362883255,-0.269326231,6.408216884,-13.04925813,0,0,6.964567596,-4.549578488,0,0
0.633,0.354784264,0.453212663,0.938572275,-2.350404918,1.438895872,-1.3,2.40013871,1.706366747,1.360481931,-0.323493422,6.540619269,-13.13958164,0,0,6.909684268,-4.404211344,0,0
0.634,0.356487528,0.454563291,0.937983781,-2.343248459,1.425383818,-1.3,2.40013871,1.7049754,1.358080607,-0.377660614,6.673021653,-13.22990515,0,0,6.85480094,-4.2588442,0,0
0.635,0.358190793,0.45591392,0.937395287,-2.336092,1.411871763,-1.3,2.40013871,1.703584052,1.355679282,-0.431827805,6.805424038,-13.32022866,0,0,6.799917612,-4.113477057,0,0
0.636,0.359894057,0.457264549,0.936806793,-2.32893554,1.398359708,-1.3,2.40013871,1.702192704,1.353277958,-0.485994997,6.937826423,-13.41055217,0,0,6.745034284,-3.968109913,0,0
0.637,0.361597322,0.458615178,0.936218299,-2.321779081,1.384847654,-1.3,2.40013871,1.700801356,1.350876634,-0.540162188,7.070228808,-13.50087569,0,0,6.690150956,-3.82274277,0,0
0.638,0.363300586,0.459965807,0.935629805,-2.314622621,1.371335599,-1.3,2.40013871,1.699410009,1.34847531,-0.594329379,7.202631193,-13.5911992,0,0,6.635267628,-3.677375626,0,0
0.639,0.365003851,0.461316436,0.935041311,-2.307466162,1.357823544,-1.3,2.40013871,1.698018661,1.346073985,-0.648496571,7.335033578,-13.68152271,0,0,6.5803843,-3.532008482,0,0
0.64,0.366707115,0.462667065,0.934452817,-2.300309703,1.34431149,-1.3,2.40013871,1.696627313,1.343672661,-0.702663762,7.467435963,-13.77184622,0,0,6.525500972,-3.386641339,0,0
0.641,0.36841038,0.464017693,0.933864323,-2.293153243,1.330799435,-1.3,2.40013871,1.695235965,1.341271337,-0.756830954,7.599838348,-13.86216973,0,0,6.470617644,-3.241274195,0,0
0.642,0.370113644,0.465368322,0.933275829,-2.285996784,1.31728738,-1.3,2.40013871,1.693844618,1.338870013,-0.810998145,7.732240733,-13.95249325,0,0,6.415734316,-3.095907052,0,0
0.643,0.371816909,0.466718951,0.932687335,-2.278840325,1.303775325,-1.3,2.40013871,1.69245327,1.336468688,-0.865165337,7.864643118,-14.04281676,0,0,6.360850988,-2.950539908,0,0
0.644,0.373520173,0.46806958,0.932098841,-2.271683865,1.290263271,-1.3,2.40013871,1.691061922,1.334067364,-0.919332528,7.997045503,-14.13314027,0,0,6.30596766,-2.805172764,0,0
0.645,0.375223438,0.469420209,0.931510347,-2.264527406,1.276751216,-1.3,2.40013871,1.689670574,1.33166604,-0.973499719,8.129447888,-14.22346378,0,0,6.251084332,-2.659805621,0,0
0.646,0.376982146,0.470676927,0.929150016,-2.253949074,1.261209096,-1.3,2.40013871,1.704805169,1.318067344,-1.228031566,8.557027052,-14.43523286,0,0,7.500492366,-2.823407167,0,0
0.647,0.378740855,0.471933645,0.926789686,-2.243370742,1.245666976,-1.3,2.40013871,1.719939763,1.304468649,-1.482563413,8.984606215,-14.64700195,0,0,8.7499004,-2.987008712,0,0
0.648,0.380499564,0.473190363,0.924429355,-2.23279241,1.230124856,-1.3,2.40013871,1.735074357,1.290869953,-1.73709526,9.412185379,-14.85877103,0,0,9.999308434,-3.150610258,0,0
0.649,0.382258273,0.474447081,0.922069024,-2.222214077,1.214582735,-1.3,2.40013871,1.750208952,1.277271257,-1.991627107,9.839764542,-15.07054011,0,0,11.24871647,-3.314211804,0,0
0.65,0.384016981,0.475703799,0.919708693,-2.211635745,1.199040615,-1.3,2.40013871,1.765343546,1.263672562,-2.246158954,10.26734371,-15.28230919,0,0,12.4981245,-3.47781335,0,0
0.651,0.38577569,0.476960517,0.917348363,-2.201057413,1.183498495,-1.3,2.40013871,1.78047814,1.250073866,-2.500690801,10.69492287,-15.49407827,0,0,13.74753254,-3.641414896,0,0
0.652,0.387534399,0.478217236,0.914988032,-2.190479081,1.167956375,-1.3,2.40013871,1.795612734,1.236475171,-2.755222647,11.12250203,-15.70584735,0,0,14.99694057,-3.805016442,0,0
0.653,0.389293107,0.479473954,0.912627701,-2.179900749,1.152414255,-1.3,2.40013871,1.810747329,1.222876475,-3.009754494,11.5500812,-15.91761643,0,0,16.2463486,-3.968617988,0,0
0.654,0.391051816,0.480730672,0.91026737,-2.169322417,1.136872135,-1.3,2.40013871,1.825881923,1.20927778,-3.264286341,11.97766036,-16.12938551,0,0,17.49575664,-4.132219534,0,0
0.655,0.392810525,0.48198739,0.90790704,-2.158744085,1.121330015,-1.3,2.40013871,1.841016517,1.195679084,-3.518818188,12.40523952,-16.34115459,0,0,18.74516467,-4.295821079,0,0
0.656,0.394569233,0.483244108,0.905546709,-2.148165752,1.105787894,-1.3,2.40013871,1.856151111,1.182080388,-3.773350035,12.83281869,-16.55292368,0,0,19.99457271,-4.459422625,0,0
0.657,0.396327942,0.484500826,0.903186378,-2.13758742,1.090245774,-1.3,2.40013871,1.871285706,1.168481693,-4.027881882,13.26039785,-16.76469276,0,0,21.24398074,-4.623024171,0,0
0.658,0.398086651,0.485757544,0.900826048,-2.127009088,1.074703654,-1.3,2.40013871,1.8864203,1.154882997,-4.282413729,13.68797701,-16.97646184,0,0,22.49338877,-4.786625717,0,0
0.659,0.399845359,0.487014262,0.898465717,-2.116430756,1.059161534,-1.3,2.40013871,1.901554894,1.141284302,-4.536945575,14.11555618,-17.18823092,0,0,23.74279681,-4.950227263,0,0
0.66,0.401604068,0.48827098,0.896105386,-2.105852424,1.043619414,-1.3,2.40013871,1.916689488,1.127685606,-4.791477422,14.54313534,-17.4,0,0,24.99220484,-5.113828809,0,0
0.661,0.403650793,0.489329567,0.889698537,-2.090973781,1.029932479,-1.3,2.40013871,1.926234516,1.126073304,-4.882853167,14.24485189,-16.49757621,0,0,22.78135,-4.632364205,0,0
0.662,0.405697518,0.490388154,0.883291687,-2.076095139,1.016245543,-1.3,2.40013871,1.935779544,1.124461002,-4.974228912,13.94656844,-15.59515243,0,0,20.57049516,-4.150899602,0,0
0.663,0.407744243,0.49144674,0.876884838,-2.061216497,1.002558608,-1.3,2.40013871,1.945324571,1.1228487,-5.065604656,13.64828498,-14.69272864,0,0,18.35964032,-3.669434998,0,0
0.664,0.409790968,0.492505327,0.870477988,-2.046337854,0.988871673,-1.3,2.40013871,1.954869599,1.121236398,-5.156980401,13.35000153,-13.79030485,0,0,16.14878548,-3.187970395,0,0
0.665,0.411837693,0.493563914,0.864071139,-2.031459212,0.975184738,-1.3,2.40013871,1.964414626,1.119624096,-5.248356145,13.05171808,-12.88788107,0,0,13.93793064,-2.706505791,0,0
0.666,0.413884418,0.4946225,0.857664289,-2.016580569,0.961497802,-1.3,2.40013871,1.973959654,1.118011794,-5.33973189,12.75343463,-11.98545728,0,0,11.7270758,-2.225041188,0,0
0.667,0.415931143,0.495681087,0.85125744,-2.001701927,0.947810867,-1.3,2.40013871,1.983504681,1.116399492,-5.431107635,12.45515117,-11.08303349,0,0,9.516220958,-1.743576584,0,0
0.668,0.417977868,0.496739673,0.844850591,-1.986823284,0.934123932,-1.3,2.40013871,1.993049709,1.11478719,-5.522483379,12.15686772,-10.18060971,0,0,7.305366117,-1.262111981,0,0
0.669,0.420024593,0.49779826,0.838443741,-1.971944642,0.920436997,-1.3,2.40013871,2.002594736,1.113174888,-5.613859124,11.85858427,-9.27818592,0,0,5.094511276,-0.780647377,0,0
0.67,0.422071318,0.498856847,0.832036892,-1.957066,0.906750062,-1.3,2.40013871,2.012139764,1.111562586,-5.705234868,11.56030082,-8.375762133,0,0,2.883656436,-0.299182774,0,0
0.671,0.424118043,0.499915433,0.825630042,-1.942187357,0.893063126,-1.3,2.40013871,2.021684791,1.109950284,-5.796610613,11.26201736,-7.473338347,0,0,0.672801595,0.18228183,0,0
0.672,0.426164768,0.50097402,0.819223193,-1.927308715,0.879376191,-1.3,2.40013871,2.031229819,1.108337982,-5.887986358,10.96373391,-6.57091456,0,0,-1.538053246,0.663746433,0,0
0.673,0.428211493,0.502032606,0.812816343,-1.912430072,0.865689256,-1.3,2.40013871,2.040774846,1.10672568,-5.979362102,10.66545046,-5.668490773,0,0,-3.748908086,1.145211037,0,0
0.674,0.430258218,0.503091193,0.806409494,-1.89755143,0.852002321,-1.3,2.40013871,2.050319874,1.105113378,-6.070737847,10.36716701,-4.766066987,0,0,-5.959762927,1.62667564,0,0
0.675,0.432304943,0.50414978,0.800002644,-1.882672788,0.838315385,-1.3,2.40013871,2.059864901,1.103501075,-6.162113591,10.06888356,-3.8636432,0,0,-8.170617768,2.108140244,0,0
0.676,0.434279511,0.505354512,0.795502016,-1.880364876,0.846850793,-1.3,2.40013871,2.049721972,1.113151881,-5.970137927,9.180355234,-2.446066987,0,0,-7.813270075,2.049186788,0,0
0.677,0.436254078,0.506559245,0.791001388,-1.878056964,0.8553862,-1.3,2.40013871,2.039579043,1.122802686,-5.778162262,8.291826912,-1.028490773,0,0,-7.455922382,1.990233332,0,0
0.678,0.438228646,0.507763977,0.78650076,-1.875749052,0.863921608,-1.3,2.40013871,2.029436113,1.132453492,-5.586186597,7.40329859,0.38908544,0,0,-7.098574689,1.931279876,0,0
0.679,0.440203214,0.50896871,0.782000132,-1.87344114,0.872457015,-1.3,2.40013871,2.019293184,1.142104297,-5.394210933,6.514770269,1.806661653,0,0,-6.741226997,1.872326421,0,0
0.68,0.442177782,0.510173443,0.777499505,-1.871133229,0.880992423,-1.3,2.40013871,2.009150255,1.151755102,-5.202235268,5.626241947,3.224237867,0,0,-6.383879304,1.813372965,0,0
0.681,0.444152349,0.511378175,0.772998877,-1.868825317,0.889527831,-1.3,2.40013871,1.999007326,1.161405908,-5.010259603,4.737713625,4.64181408,0,0,-6.026531611,1.754419509,0,0
0.682,0.446126917,0.512582908,0.768498249,-1.866517405,0.898063238,-1.3,2.40013871,1.988864396,1.171056713,-4.818283939,3.849185304,6.059390293,0,0,-5.669183918,1.695466053,0,0
0.683,0.448101485,0.51378764,0.763997621,-1.864209493,0.906598646,-1.3,2.40013871,1.978721467,1.180707519,-4.626308274,2.960656982,7.476966507,0,0,-5.311836225,1.636512597,0,0
0.684,0.450076052,0.514992373,0.759496993,-1.861901581,0.915134053,-1.3,2.40013871,1.968578538,1.190358324,-4.434332609,2.07212866,8.89454272,0,0,-4.954488532,1.577559141,0,0
0.685,0.45205062,0.516197105,0.754996365,-1.859593669,0.923669461,-1.3,2.40013871,1.958435608,1.200009129,-4.242356945,1.183600338,10.31211893,0,0,-4.59714084,1.518605686,0,0
0.686,0.454025188,0.517401838,0.750495737,-1.857285758,0.932204868,-1.3,2.40013871,1.948292679,1.209659935,-4.05038128,0.295072017,11.72969515,0,0,-4.239793147,1.45965223,0,0
0.687,0.455999755,0.518606571,0.745995109,-1.854977846,0.940740276,-1.3,2.40013871,1.93814975,1.21931074,-3.858405615,-0.593456305,13.14727136,0,0,-3.882445454,1.400698774,0,0
0.688,0.457974323,0.519811303,0.741494481,-1.852669934,0.949275683,-1.3,2.40013871,1.928006821,1.228961546,-3.666429951,-1.481984627,14.56484757,0,0,-3.525097761,1.341745318,0,0
0.689,0.459948891,0.521016036,0.736993853,-1.850362022,0.957811091,-1.3,2.40013871,1.917863891,1.238612351,-3.474454286,-2.370512948,15.98242379,0,0,-3.167750068,1.282791862,0,0
0.69,0.461923459,0.522220768,0.732493225,-1.84805411,0.966346498,-1.3,2.40013871,1.907720962,1.248263156,-3.282478621,-3.25904127,17.4,0,0,-2.810402375,1.223838406,0,0
0.691,0.463828541,0.523381918,0.729032953,-1.851001202,0.985523228,-1.3,2.40013871,1.910419242,1.231784806,-3.369690498,-2.971788879,17.4,0,0,-1.967610044,1.242537274,0,0
0.692,0.465733624,0.524543067,0.72557268,-1.853948293,1.004699959,-1.3,2.40013871,1.913117522,1.215306456,-3.456902375,-2.684536488,17.4,0,0,-1.124817712,1.261236141,0,0
0.693,0.467638707,0.525704217,0.722112408,-1.856895384,1.023876689,-1.3,2.40013871,1.915815803,1.198828106,-3.544114251,-2.397284097,17.4,0,0,-0.28202538,1.279935009,0,0
0.694,0.46954379,0.526865367,0.718652136,-1.859842475,1.043053419,-1.3,2.40013871,1.918514083,1.182349756,-3.631326128,-2.110031706,17.4,0,0,0.560766952,1.298633876,0,0
0.695,0.471448873,0.528026516,0.715191864,-1.862789567,1.062230149,-1.3,2.40013871,1.921212363,1.165871406,-3.718538005,-1.822779315,17.4,0,0,1.403559284,1.317332743,0,0
0.696,0.473353956,0.529187666,0.711731591,-1.865736658,1.081406879,-1.3,2.40013871,1.923910644,1.149393057,-3.805749881,-1.535526924,17.4,0,0,2.246351616,1.336031611,0,0
0.697,0.475259039,0.530348815,0.708271319,-1.868683749,1.100583609,-1.3,2.40013871,1.926608924,1.132914707,-3.892961758,-1.248274533,17.4,0,0,3.089143948,1.354730478,0,0
0.698,0.477164121,0.531509965,0.704811047,-1.87163084,1.11976034,-1.3,2.40013871,1.929307204,1.116436357,-3.980173635,-0.961022142,17.4,0,0,3.93193628,1.373429346,0,0
0.699,0.479069204,0.532671114,0.701350774,-1.874577931,1.13893707,-1.3,2.40013871,1.932005484,1.099958007,-4.067385511,-0.673769751,17.4,0,0,4.774728611,1.392128213,0,0
0.7,0.480974287,0.533832264,0.697890502,-1.877525023,1.1581138,-1.3,2.40013871,1.934703765,1.083479657,-4.154597388,-0.38651736,17.4,0,0,5.617520943,1.41082708,0,0
0.701,0.48287937,0.534993413,0.69443023,-1.880472114,1.17729053,-1.3,2.40013871,1.937402045,1.067001307,-4.241809265,-0.099264969,17.4,0,0,6.460313275,1.429525948,0,0
0.702,0.484784453,0.536154563,0.690969957,-1.883419205,1.19646726,-1.3,2.40013871,1.940100325,1.050522957,-4.329021141,0.187987422,17.4,0,0,7.303105607,1.448224815,0,0
0.703,0.486689536,0.537315712,0.687509685,-1.886366296,1.215643991,-1.3,2.40013871,1.942798605,1.034044607,-4.416233018,0.475239813,17.4,0,0,8.145897939,1.466923682,0,0
0.704,0.488594619,0.538476862,0.684049413,-1.889313387,1.234820721,-1.3,2.40013871,1.945496886,1.017566257,-4.503444894,0.762492204,17.4,0,0,8.988690271,1.48562255,0,0
0.705,0.490499701,0.539638011,0.68058914,-1.892260479,1.253997451,-1.3,2.40013871,1.948195166,1.001087907,-4.590656771,1.049744595,17.4,0,0,9.831482603,1.504321417,0,0
0.706,0.492478508,0.540518001,0.67558999,-1.889678827,1.269620744,-1.3,2.40013871,1.948392698,0.992401983,-4.533489311,0.844011248,17.4,0,0,8.138228886,1.299155562,0,0
0.707,0.494457314,0.541397991,0.67059084,-1.887097176,1.285244038,-1.3,2.40013871,1.94859023,0.983716059,-4.476321851,0.638277901,17.4,0,0,6.444975169,1.093989706,0,0
0.708,0.49643612,0.542277981,0.66559169,-1.884515524,1.300867331,-1.3,2.40013871,1.948787762,0.975030135,-4.41915439,0.432544555,17.4,0,0,4.751721451,0.88882385,0,0
0.709,0.498414927,0.54315797,0.66059254,-1.881933873,1.316490624,-1.3,2.40013871,1.948985293,0.966344211,-4.36198693,0.226811208,17.4,0,0,3.058467734,0.683657995,0,0
0.71,0.500393733,0.54403796,0.655593389,-1.879352221,1.332113918,-1.3,2.40013871,1.949182825,0.957658288,-4.30481947,0.021077861,17.4,0,0,1.365214017,0.478492139,0,0
0.711,0.502372539,0.54491795,0.650594239,-1.87677057,1.347737211,-1.3,2.40013871,1.949380357,0.948972364,-4.24765201,-0.184655485,17.4,0,0,-0.3280397,0.273326284,0,0
0.712,0.504351346,0.54579794,0.645595089,-1.874188918,1.363360504,-1.3,2.40013871,1.949577889,0.94028644,-4.190484549,-0.390388832,17.4,0,0,-2.021293417,0.068160428,0,0
0.713,0.506330152,0.54667793,0.640595939,-1.871607267,1.378983798,-1.3,2.40013871,1.949775421,0.931600516,-4.133317089,-0.596122178,17.4,0,0,-3.714547134,-0.137005428,0,0
0.714,0.508308958,0.547557919,0.635596789,-1.869025615,1.394607091,-1.3,2.40013871,1.949972953,0.922914592,-4.076149629,-0.801855525,17.4,0,0,-5.407800851,-0.342171283,0,0
0.715,0.510287765,0.548437909,0.630597639,-1.866443964,1.410230385,-1.3,2.40013871,1.950170485,0.914228668,-4.018982169,-1.007588872,17.4,0,0,-7.101054568,-0.547337139,0,0
0.716,0.512266571,0.549317899,0.625598488,-1.863862312,1.425853678,-1.3,2.40013871,1.950368016,0.905542745,-3.961814709,-1.213322218,17.4,0,0,-8.794308285,-0.752502994,0,0
0.717,0.514245377,0.550197889,0.620599338,-1.861280661,1.441476971,-1.3,2.40013871,1.950565548,0.896856821,-3.904647248,-1.419055565,17.4,0,0,-10.487562,-0.95766885,0,0
0.718,0.516224184,0.551077878,0.615600188,-1.85869901,1.457100265,-1.3,2.40013871,1.95076308,0.888170897,-3.847479788,-1.624788912,17.4,0,0,-12.18081572,-1.162834706,0,0
0.719,0.51820299,0.551957868,0.610601038,-1.856117358,1.472723558,-1.3,2.40013871,1.950960612,0.879484973,-3.790312328,-1.830522258,17.4,0,0,-13.87406944,-1.368000561,0,0
0.72,0.520181796,0.552837858,0.605601888,-1.853535707,1.488346851,-1.3,2.40013871,1.951158144,0.870799049,-3.733144868,-2.036255605,17.4,0,0,-15.56732315,-1.573166417,0,0
0.721,0.522147191,0.553696997,0.602675061,-1.858002956,1.506029845,-1.3,2.40013871,1.959732018,0.861619094,-3.767913697,-1.80460597,17.10125291,0,0,-13.4456781,-1.526801374,0,0
0.722,0.524112585,0.554556137,0.599748235,-1.862470205,1.523712839,-1.3,2.40013871,1.968305893,0.852439139,-3.802682526,-1.572956335,16.80250582,0,0,-11.32403305,-1.480436331,0,0
0.723,0.526077979,0.555415276,0.596821409,-1.866937454,1.541395832,-1.3,2.40013871,1.976879767,0.843259183,-3.837451356,-1.3413067,16.50375873,0,0,-9.202387997,-1.434071289,0,0
0.724,0.528043373,0.556274415,0.593894582,-1.871404703,1.559078826,-1.3,2.40013871,1.985453642,0.834079228,-3.872220185,-1.109657066,16.20501164,0,0,-7.080742944,-1.387706246,0,0
0.725,0.530008768,0.557133555,0.590967756,-1.875871952,1.57676182,-1.3,2.40013871,1.994027516,0.824899272,-3.906989015,-0.878007431,15.90626454,0,0,-4.959097892,-1.341341203,0,0
0.726,0.531974162,0.557992694,0.58804093,-1.880339201,1.594444813,-1.3,2.40013871,2.002601391,0.815719317,-3.941757844,-0.646357796,15.60751745,0,0,-2.83745284,-1.294976161,0,0
0.727,0.533939556,0.558851833,0.585114104,-1.88480645,1.612127807,-1.3,2.40013871,2.011175265,0.806539362,-3.976526674,-0.414708161,15.30877036,0,0,-0.715807787,-1.248611118,0,0
0.728,0.535904951,0.559710973,0.582187277,-1.889273699,1.629810801,-1.3,2.40013871,2.019749139,0.797359406,-4.011295503,-0.183058526,15.01002327,0,0,1.405837265,-1.202246075,0,0
0.729,0.537870345,0.560570112,0.579260451,-1.893740948,1.647493794,-1.3,2.40013871,2.028323014,0.788179451,-4.046064332,0.048591109,14.71127618,0,0,3.527482318,-1.155881032,0,0
0.73,0.539835739,0.561429251,0.576333625,-1.898208197,1.665176788,-1.3,2.40013871,2.036896888,0.778999495,-4.080833162,0.280240743,14.41252909,0,0,5.64912737,-1.10951599,0,0
0.731,0.541801134,0.562288391,0.573406799,-1.902675446,1.682859782,-1.3,2.40013871,2.045470763,0.76981954,-4.115601991,0.511890378,14.113782,0,0,7.770772422,-1.063150947,0,0
0.732,0.543766528,0.56314753,0.570479972,-1.907142695,1.700542775,-1.3,2.40013871,2.054044637,0.760639585,-4.150370821,0.743540013,13.81503491,0,0,9.892417475,-1.016785904,0,0
0.733,0.545731922,0.564006669,0.567553146,-1.911609944,1.718225769,-1.3,2.40013871,2.062618512,0.751459629,-4.18513965,0.975189648,13.51628781,0,0,12.01406253,-0.970420862,0,0
0.734,0.547697317,0.564865809,0.56462632,-1.916077193,1.735908763,-1.3,2.40013871,2.071192386,0.742279674,-4.219908479,1.206839283,13.21754072,0,0,14.13570758,-0.924055819,0,0
0.735,0.549662711,0.565724948,0.561699493,-1.920544442,1.753591756,-1.3,2.40013871,2.07976626,0.733099719,-4.254677309,1.438488918,12.91879363,0,0,16.25735263,-0.877690776,0,0
0.736,0.551845497,0.566314269,0.557036602,-1.919333599,1.76473384,-1.3,2.40013871,2.086069254,0.720371826,-4.105517818,0.443462184,13.21754072,0,0,12.91444312,-0.663389256,0,0
0.737,0.554028284,0.566903591,0.55237371,-1.918122756,1.775875924,-1.3,2.40013871,2.092372249,0.707643933,-3.956358327,-0.551564549,13.51628781,0,0,9.571533604,-0.449087736,0,0
0.738,0.556211071,0.567492912,0.547710818,-1.916911913,1.787018008,-1.3,2.40013871,2.098675243,0.694916041,-3.807198836,-1.546591282,13.5,0,0,6.228624089,-0.234786216,0,0
0.739,0.558393857,0.568082233,0.543047926,-1.915701071,1.798160092,-1.3,2.40013871,2.104978237,0.682188148,-3.658039345,-2.541618016,13.3,0,0,2.885714575,-0.020484696,0,0
0.74,0.560576644,0.568671555,0.538385034,-1.914490228,1.809302176,-1.3,2.40013871,2.111281231,0.669460256,-3.508879854,-3.536644749,13.1,0,0,-0.457194939,0.193816824,0,0
0.741,0.56275943,0.569260876,0.533722143,-1.913279385,1.82044426,-1.3,2.40013871,2.117584225,0.656732363,-3.359720362,-4.531671482,12.9,0,0,-3.800104453,0.408118344,0,0
0.742,0.564942217,0.569850198,0.529059251,-1.912068542,1.831586343,-1.3,2.40013871,2.123887219,0.644004471,-3.210560871,-5.526698216,12.7,0,0,-7.143013967,0.622419864,0,0
0.743,0.567125003,0.570439519,0.524396359,-1.910857699,1.842728427,-1.3,2.40013871,2.130190213,0.631276578,-3.06140138,-6.521724949,12.5,0,0,-10.48592348,0.836721384,0,0
0.744,0.56930779,0.57102884,0.519733467,-1.909646856,1.853870511,-1.3,2.40013871,2.136493207,0.618548686,-2.912241889,-7.516751682,12.3,0,0,-13.828833,1.051022904,0,0
0.745,0.571490577,0.571618162,0.515070575,-1.908436014,1.865012595,-1.3,2.40013871,2.142796201,0.605820793,-2.763082398,-8.511778415,12.1,0,0,-17.17174251,1.265324423,0,0
0.746,0.573673363,0.572207483,0.510407684,-1.907225171,1.876154679,-1.3,2.40013871,2.149099195,0.5930929,-2.613922907,-9.506805149,11.9,0,0,-20.51465202,1.479625943,0,0
0.747,0.57585615,0.572796805,0.505744792,-1.906014328,1.887296763,-1.3,2.40013871,2.15540219,0.580365008,-2.464763416,-10.50183188,11.7,0,0,-23.85756154,1.693927463,0,0
0.748,0.578038936,0.573386126,0.5010819,-1.904803485,1.898438846,-1.3,2.40013871,2.161705184,0.567637115,-2.315603925,-11.49685862,11.5,0,0,-27.20047105,1.908228983,0,0
0.749,0.580221723,0.573975447,0.496419008,-1.903592642,1.90958093,-1.3,2.40013871,2.168008178,0.554909223,-2.166444434,-12.49188535,11.3,0,0,-30.54338057,2.122530503,0,0
0.75,0.582404509,0.574564769,0.491756116,-1.902381799,1.920723014,-1.3,2.40013871,2.174311172,0.54218133,-2.017284943,-13.48691208,11.1,0,0,-33.88629008,2.336832023,0,0
0.751,0.584579237,0.575123874,0.491237415,-1.920512263,1.942686058,-1.3,2.40013871,2.182391879,0.542266116,-2.097529478,-12.47109586,10.9,0,0,-28.571366,1.888786174,0,0
0.752,0.586753964,0.57568298,0.490718713,-1.938642726,1.964649103,-1.3,2.40013871,2.190472586,0.542350901,-2.177774012,-11.45527964,10.7,0,0,-23.25644191,1.440740324,0,0
0.753,0.588928691,0.576242085,0.490200011,-1.95677319,1.986612147,-1.3,2.40013871,2.198553294,0.542435687,-2.258018547,-10.43946343,10.5,0,0,-17.94151783,0.992694474,0,0
0.754,0.591103418,0.57680119,0.48968131,-1.974903653,2.008575191,-1.3,2.40013871,2.206634001,0.542520472,-2.338263082,-9.423647207,10.3,0,0,-12.62659374,0.544648625,0,0
0.755,0.593278146,0.577360296,0.489162608,-1.993034117,2.030538235,-1.3,2.40013871,2.214714708,0.542605258,-2.418507617,-8.407830989,10.1,0,0,-7.31166966,0.096602775,0,0
0.756,0.595452873,0.577919401,0.488643906,-2.01116458,2.05250128,-1.3,2.40013871,2.222795416,0.542690043,-2.498752151,-7.39201477,9.9,0,0,-1.996745577,-0.351443074,0,0
0.757,0.5976276,0.578478507,0.488125205,-2.029295044,2.074464324,-1.3,2.40013871,2.230876123,0.542774829,-2.578996686,-6.376198552,9.7,0,0,3.318178507,-0.799488924,0,0
0.758,0.599802327,0.579037612,0.487606503,-2.047425508,2.096427368,-1.3,2.40013871,2.23895683,0.542859615,-2.659241221,-5.360382333,9.5,0,0,8.633102591,-1.247534774,0,0
0.759,0.601977055,0.579596718,0.487087801,-2.065555971,2.118390413,-1.3,2.40013871,2.247037537,0.5429444,-2.739485756,-4.344566114,9.3,0,0,13.94802668,-1.695580623,0,0
0.76,0.604151782,0.580155823,0.4865691,-2.083686435,2.140353457,-1.3,2.40013871,2.255118245,0.543029186,-2.81973029,-3.328749896,9.1,0,0,19.26295076,-2.143626473,0,0
0.761,0.606326509,0.580714928,0.486050398,-2.101816898,2.162316501,-1.3,2.40013871,2.263198952,0.543113971,-2.899974825,-2.312933677,8.9,0,0,24.57787484,-2.591672323,0,0
0.762,0.608501236,0.581274034,0.485531696,-2.119947362,2.184279545,-1.3,2.40013871,2.271279659,0.543198757,-2.98021936,-1.297117459,8.7,0,0,29.89279893,-3.039718172,0,0
0.763,0.610675964,0.581833139,0.485012995,-2.138077825,2.20624259,-1.3,2.40013871,2.279360367,0.543283542,-3.060463894,-0.28130124,8.5,0,0,35.20772301,-3.487764022,0,0
0.764,0.612850691,0.582392245,0.484494293,-2.156208289,2.228205634,-1.3,2.40013871,2.287441074,0.543368328,-3.140708429,0.734514979,8.3,0,0,40.52264709,-3.935809872,0,0
0.765,0.615025418,0.58295135,0.483975591,-2.174338752,2.250168678,-1.3,2.40013871,2.295521781,0.543453113,-3.220952964,1.750331197,8.1,0,0,45.83757118,-4.383855721,0,0
0.766,0.617437218,0.583439178,0.478815386,-2.160494813,2.262188446,-1.3,2.40013871,2.302698677,0.535543173,-3.148596991,1.208710708,7.9,0,0,39.5817331,-3.555220909,0,0
0.767,0.619849019,0.583927006,0.47365518,-2.146650873,2.274208214,-1.3,2.40013871,2.309875572,0.527633232,-3.076241019,0.667090218,7.7,0,0,33.32589502,-2.726586097,0,0
0.768,0.622260819,0.584414834,0.468494975,-2.132806934,2.286227982,-1.3,2.40013871,2.317052468,0.519723292,-3.003885046,0.125469729,7.5,0,0,27.07005694,-1.897951285,0,0
0.769,0.624672619,0.584902662,0.463334769,-2.118962994,2.298247749,-1.3,2.40013871,2.324229363,0.511813351,-2.931529073,-0.41615076,7.3,0,0,20.81421886,-1.069316473,0,0
0.77,0.62708442,0.585390489,0.458174564,-2.105119055,2.310267517,-1.3,2.40013871,2.331406259,0.503903411,-2.859173101,-0.95777125,7.1,0,0,14.55838079,-0.240681661,0,0
0.771,0.62949622,0.585878317,0.453014358,-2.091275115,2.322287285,-1.3,2.40013871,2.338583154,0.49599347,-2.786817128,-1.499391739,6.9,0,0,8.302542707,0.587953151,0,0
0.772,0.63190802,0.586366145,0.447854153,-2.077431176,2.334307053,-1.3,2.40013871,2.34576005,0.48808353,-2.714461156,-2.041012229,6.7,0,0,2.046704629,1.416587963,0,0
0.773,0.634319821,0.586853973,0.442693947,-2.063587236,2.346326821,-1.3,2.40013871,2.352936945,0.480173589,-2.642105183,-2.582632718,6.5,0,0,-4.20913345,2.245222775,0,0
0.774,0.636731621,0.587341801,0.437533742,-2.049743296,2.358346589,-1.3,2.40013871,2.360113841,0.472263649,-2.56974921,-3.124253207,6.3,0,0,-10.46497153,3.073857587,0,0
0.775,0.639143421,0.587829629,0.432373536,-2.035899357,2.370366356,-1.3,2.40013871,2.367290737,0.464353708,-2.497393238,-3.665873697,6.1,0,0,-16.72080961,3.902492399,0,0
0.776,0.641555222,0.588317457,0.427213331,-2.022055417,2.382386124,-1.3,2.40013871,2.374467632,0.456443768,-2.425037265,-4.207494186,5.9,0,0,-22.97664769,4.731127211,0,0
0.777,0.643967022,0.588805285,0.422053125,-2.008211478,2.394405892,-1.3,2.40013871,2.381644528,0.448533828,-2.352681292,-4.749114676,5.7,0,0,-29.23248576,5.559762023,0,0
0.778,0.646378822,0.589293112,0.41689292,-1.994367538,2.40642566,-1.3,2.40013871,2.388821423,0.440623887,-2.28032532,-5.290735165,5.5,0,0,-35.48832384,6.388396835,0,0
0.779,0.648790623,0.58978094,0.411732714,-1.980523599,2.418445428,-1.3,2.40013871,2.395998319,0.432713947,-2.207969347,-5.832355655,5.3,0,0,-41.74416192,7.217031647,0,0
0.78,0.651202423,0.590268768,0.406572509,-1.966679659,2.430465195,-1.3,2.40013871,2.403175214,0.424804006,-2.135613375,-6.373976144,5.1,0,0,-48,8.045666459,0,0
0.781,0.653610441,0.590686129,0.407598612,-1.989256508,2.451418389,-1.3,2.40013871,2.413045102,0.428010166,-2.035831987,-6.112586785,4.9,0,0,-41.81328483,6.237916883,0,0
0.782,0.656018459,0.591103491,0.408624715,-2.011833356,2.472371583,-1.3,2.40013871,2.42291499,0.431216327,-1.9360506,-5.851197427,4.7,0,0,-35.62656967,4.430167307,0,0
0.783,0.658426478,0.591520852,0.409650818,-2.034410205,2.493324776,-1.3,2.40013871,2.432784877,0.434422487,-1.836269213,-5.589808068,4.5,0,0,-29.4398545,2.622417732,0,0
0.784,0.660834496,0.591938213,0.410676921,-2.056987053,2.51427797,-1.3,2.40013871,2.442654765,0.437628647,-1.736487826,-5.32841871,4.3,0,0,-23.25313934,0.814668156,0,0
0.785,0.663242514,0.592355574,0.411703024,-2.079563901,2.535231164,-1.3,2.40013871,2.452524653,0.440834808,-1.636706439,-5.067029351,4.1,0,0,-17.06642417,-0.99308142,0,0
0.786,0.665650533,0.592772936,0.412729127,-2.10214075,2.535231164,-1.3,2.40013871,2.462394541,0.444040968,-1.536925052,-4.805639992,3.9,0,0,-10.879709,-2.800830996,0,0
0.787,0.668058551,0.593190297,0.41375523,-2.124717598,2.535231164,-1.3,2.40013871,2.472264428,0.447247128,-1.437143665,-4.544250634,3.7,0,0,-4.692993838,-4.608580571,0,0
0.788,0.670466569,0.593607658,0.414781333,-2.147294446,2.535231164,-1.3,2.40013871,2.482134316,0.450453289,-1.337362278,-4.282861275,3.5,0,0,1.493721328,-6.416330147,0,0
0.789,0.672874587,0.594025019,0.415807436,-2.169871295,2.535231164,-1.3,2.40013871,2.492004204,0.453659449,-1.237580891,-4.021471917,3.3,0,0,7.680436494,-8.224079723,0,0
0.79,0.675282606,0.594442381,0.41683354,-2.192448143,2.535231164,-1.3,2.40013871,2.501874091,0.456865609,-1.137799504,-3.760082558,3.1,0,0,13.86715166,-10.0318293,0,0
0.791,0.677690624,0.594859742,0.417859643,-2.215024992,2.535231164,-1.3,2.40013871,2.511743979,0.46007177,-1.038018117,-3.498693199,2.9,0,0,20.05386683,-11.83957887,0,0
0.792,0.680098642,0.595277103,0.418885746,-2.23760184,2.535231164,-1.3,2.40013871,2.521613867,0.46327793,-0.93823673,-3.237303841,2.7,0,0,26.24058199,-13.64732845,0,0
0.793,0.682506661,0.595694464,0.419911849,-2.260178688,2.535231164,-1.3,2.40013871,2.531483755,0.46648409,-0.838455343,-2.975914482,2.5,0,0,32.42729716,-15.45507803,0,0
0.794,0.684914679,0.596111826,0.420937952,-2.282755537,2.535231164,-1.3,2.40013871,2.541353642,0.469690251,-0.738673956,-2.714525124,2.3,0,0,38.61401232,-17.2628276,0,0
0.795,0.687322697,0.596529187,0.421964055,-2.305332385,2.535231164,-1.3,2.40013871,2.55122353,0.472896411,-0.638892569,-2.453135765,2.1,0,0,44.80072749,-19.07057718,0,0
0.796,0.690028712,0.597018263,0.418015964,-2.279451041,2.535231164,-1.3,2.40013871,2.563409997,0.468231375,-0.867951284,-0.549593381,1.9,0,0,40.41808442,-17.3869286,0,0
0.797,0.692734727,0.597507339,0.414067874,-2.253569697,2.535231164,-1.3,2.40013871,2.575596465,0.463566339,-1.097009999,1.353949004,1.7,0,0,36.03544134,-15.70328002,0,0
0.798,0.695440742,0.597996415,0.410119783,-2.227688352,2.535231164,-1.3,2.40013871,2.587782932,0.458901303,-1.326068714,3.257491388,1.5,0,0,31.65279826,-14.01963145,0,0
0.799,0.698146757,0.598485492,0.406171692,-2.201807008,2.535231164,-1.3,2.40013871,2.5999694,0.454236267,-1.55512743,5.161033772,1.3,0,0,27.27015519,-12.33598287,0,0
0.8,0.700852773,0.598974568,0.402223602,-2.175925664,2.535231164,-1.3,2.40013871,2.612155867,0.449571231,-1.784186145,7.064576157,1.1,0,0,22.88751211,-10.65233429,0,0
0.801,0.703558788,0.599463644,0.398275511,-2.15004432,2.535231164,-1.3,2.40013871,2.624342334,0.444906196,-2.01324486,8.968118541,0.9,0,0,18.50486904,-8.968685717,0,0
0.802,0.706264803,0.59995272,0.39432742,-2.124162975,2.535231164,-1.3,2.40013871,2.636528802,0.44024116,-2.242303575,10.87166093,0.7,0,0,14.12222596,-7.285037141,0,0
0.803,0.708970818,0.600441796,0.39037933,-2.098281631,2.535231164,-1.3,2.40013871,2.648715269,0.435576124,-2.47136229,12.77520331,0.5,0,0,9.739582887,-5.601388564,0,0
0.804,0.711676833,0.600930873,0.386431239,-2.072400287,2.535231164,-1.3,2.40013871,2.660901737,0.430911088,-2.700421006,14.67874569,0.3,0,0,5.356939811,-3.917739987,0,0
0.805,0.714382848,0.601419949,0.382483148,-2.046518942,2.535231164,-1.3,2.40013871,2.673088204,0.426246052,-2.929479721,16.58228808,0.1,0,0,0.974296736,-2.234091411,0,0
0.806,0.717088863,0.601909025,0.378535058,-2.020637598,2.535231164,-1.3,2.40013871,2.685274672,0.421581016,-3.158538436,18.48583046,0,0,0,-3.40834634,-0.550442834,0,0
0.807,0.719794878,0.602398101,0.374586967,-1.994756254,2.535231164,-1.3,2.40013871,2.697461139,0.41691598,-3.387597151,20.38937285,0,0,0,-7.790989415,1.133205743,0,0
0.808,0.722500893,0.602887177,0.370638876,-1.96887491,2.535231164,-1.3,2.40013871,2.709647606,0.412250944,-3.616655866,22.29291523,0,0,0,-12.17363249,2.816854319,0,0
0.809,0.725206908,0.603376254,0.366690786,-1.942993565,2.535231164,-1.3,2.40013871,2.721834074,0.407585909,-3.845714581,24.19645762,0,0,0,-16.55627557,4.500502896,0,0
0.81,0.727912923,0.60386533,0.362742695,-1.917112221,2.535231164,-1.3,2.40013871,2.734020541,0.402920873,-4.074773297,26.1,0,0,0,-20.93891864,6.184151472,0,0
0.811,0.730581109,0.604115516,0.360592878,-1.909068285,2.535231164,-1.3,2.40013871,2.727438133,0.384939923,-3.893503339,24.34859387,0,0,0,-19.47175492,5.709561954,0,0
0.812,0.733249294,0.604365703,0.358443062,-1.901024349,2.535231164,-1.3,2.40013871,2.720855725,0.366958973,-3.71223338,22.59718774,0,0,0,-18.00459121,5.234972436,0,0
0.813,0.735917479,0.604615889,0.356293245,-1.892980413,2.535231164,-1.3,2.40013871,2.714273317,0.348978023,-3.530963422,20.8457816,0,0,0,-16.53742749,4.760382918,0,0
0.814,0.738585664,0.604866076,0.354143428,-1.884936477,2.535231164,-1.3,2.40013871,2.707690909,0.330997073,-3.349693464,19.09437547,0,0,0,-15.07026377,4.2857934,0,0
0.815,0.741253849,0.605116262,0.351993612,-1.876892541,2.535231164,-1.3,2.40013871,2.701108501,0.313016124,-3.168423506,17.34296934,0,0,0,-13.60310006,3.811203882,0,0
0.816,0.743922035,0.605366449,0.349843795,-1.868848604,2.535231164,-1.3,2.40013871,2.694526092,0.295035174,-2.987153548,15.59156321,0,0,0,-12.13593634,3.336614364,0,0
0.817,0.74659022,0.605616635,0.347693979,-1.860804668,2.535231164,-1.3,2.40013871,2.687943684,0.277054224,-2.80588359,13.84015707,0,0,0,-10.66877262,2.862024846,0,0
0.818,0.749258405,0.605866822,0.345544162,-1.852760732,2.535231164,-1.3,2.40013871,2.681361276,0.259073274,-2.624613632,12.08875094,0,0,0,-9.201608908,2.387435328,0,0
0.819,0.75192659,0.606117008,0.343394345,-1.844716796,2.535231164,-1.3,2.40013871,2.674778868,0.241092324,-2.443343674,10.33734481,0,0,0,-7.734445192,1.91284581,0,0
0.82,0.754594775,0.606367195,0.341244529,-1.83667286,2.535231164,-1.3,2.40013871,2.66819646,0.223111374,-2.262073716,8.585938677,0,0,0,-6.267281475,1.438256292,0,0
0.821,0.757262961,0.606617381,0.339094712,-1.828628924,2.535231164,-1.3,2.40013871,2.661614052,0.205130425,-2.080803757,6.834532544,0,0,0,-4.800117758,0.963666774,0,0
0.822,0.759931146,0.606867567,0.336944895,-1.820584988,2.535231164,-1.3,2.40013871,2.655031644,0.187149475,-1.899533799,5.083126412,0,0,0,-3.332954042,0.489077256,0,0
0.823,0.762599331,0.607117754,0.334795079,-1.812541052,2.535231164,-1.3,2.40013871,2.648449236,0.169168525,-1.718263841,3.33172028,0,0,0,-1.865790325,0.014487738,0,0
0.824,0.765267516,0.60736794,0.332645262,-1.804497116,2.535231164,-1.3,2.40013871,2.641866827,0.151187575,-1.536993883,1.580314147,0,0,0,-0.398626608,-0.46010178,0,0
0.825,0.767935701,0.607618127,0.330495446,-1.79645318,2.535231164,-1.3,2.40013871,2.635284419,0.133206625,-1.355723925,-0.171091985,0,0,0,1.068537108,-0.934691298,0,0
0.826,0.770573231,0.607668526,0.32887739,-1.795454602,2.535231164,-1.3,2.40013871,2.635730491,0.122060009,-1.385738277,-0.045559847,0,0,0,1.002331121,-0.86401135,0,0
0.827,0.773210761,0.607718924,0.327259335,-1.794456025,2.535231164,-1.3,2.40013871,2.636176563,0.110913393,-1.415752629,0.079972291,0,0,0,0.936125133,-0.793331401,0,0
0.828,0.77584829,0.607769323,0.32564128,-1.793457447,2.535231164,-1.3,2.40013871,2.636622634,0.099766778,-1.445766981,0.205504429,0,0,0,0.869919145,-0.722651453,0,0
0.829,0.77848582,0.607819722,0.324023224,-1.79245887,2.535231164,-1.3,2.40013871,2.637068706,0.088620162,-1.475781332,0.331036567,0,0,0,0.803713158,-0.651971505,0,0
0.83,0.781123349,0.60787012,0.322405169,-1.791460293,2.535231164,-1.3,2.40013871,2.637514778,0.077473546,-1.505795684,0.456568705,0,0,0,0.73750717,-0.581291556,0,0
0.831,0.783760879,0.607920519,0.320787114,-1.790461715,2.535231164,-1.3,2.40013871,2.637960849,0.06632693,-1.535810036,0.582100843,0,0,0,0.671301182,-0.510611608,0,0
0.832,0.786398408,0.607970917,0.319169058,-1.789463138,2.535231164,-1.3,2.40013871,2.638406921,0.055180314,-1.565824388,0.707632981,0,0,0,0.605095195,-0.439931659,0,0
0.833,0.789035938,0.608021316,0.317551003,-1.78846456,2.535231164,-1.3,2.40013871,2.638852993,0.044033698,-1.59583874,0.833165119,0,0,0,0.538889207,-0.369251711,0,0
0.834,0.791673468,0.608071715,0.315932948,-1.787465983,2.535231164,-1.3,2.40013871,2.639299064,0.032887082,-1.625853092,0.958697257,0,0,0,0.47268322,-0.298571763,0,0
0.835,0.794310997,0.608122113,0.314314893,-1.786467406,2.535231164,-1.3,2.40013871,2.639745136,0.021740466,-1.655867444,1.084229395,0,0,0,0.406477232,-0.227891814,0,0
0.836,0.796948527,0.608172512,0.312696837,-1.785468828,2.535231164,-1.3,2.40013871,2.640191208,0.01059385,-1.685881795,1.209761533,0,0,0,0.340271244,-0.157211866,0,0
0.837,0.799586056,0.608222911,0.311078782,-1.784470251,2.535231164,-1.3,2.40013871,2.640637279,-0.000552765,-1.715896147,1.335293671,0,0,0,0.274065257,-0.086531917,0,0
0.838,0.802223586,0.608273309,0.309460727,-1.783471673,2.535231164,-1.3,2.40013871,2.641083351,-0.011699381,-1.745910499,1.460825809,0,0,0,0.207859269,-0.015851969,0,0
0.839,0.804861115,0.608323708,0.307842671,-1.782473096,2.535231164,-1.3,2.40013871,2.641529423,-0.022845997,-1.775924851,1.586357947,0,0,0,0.141653281,0.054827979,0,0
0.84,0.807498645,0.608374107,0.306224616,-1.781474519,2.535231164,-1.3,2.40013871,2.641975494,-0.033992613,-1.805939203,1.711890085,0,0,0,0.075447294,0.125507928,0,0
0.841,0.810147837,0.60825741,0.304322625,-1.77941631,2.535231164,-1.3,2.40013871,2.642974887,-0.044801831,-1.817586781,1.764022889,0,0,0,0.098590275,0.122902403,0,0
0.842,0.812797028,0.608140713,0.302420633,-1.777358102,2.535231164,-1.3,2.40013871,2.643974279,-0.055611049,-1.82923436,1.816155693,0,0,0,0.121733257,0.120296877,-1.270241571,0.000458727
0.843,0.81544622,0.608024016,0.300518641,-1.775299894,2.535231164,-1.3,2.40013871,2.644973671,-0.066420267,-1.840881939,1.868288497,0,0,0,0.144876239,0.117691352,-1.291225507,-0.011200089
0.844,0.818095411,0.607907319,0.29861665,-1.773241686,2.535231164,-1.3,2.40013871,2.645973063,-0.077229485,-1.852529518,1.920421302,0,0,0,0.16801922,0.115085827,-1.312209443,-0.022858904
0.845,0.820744603,0.607790622,0.296714658,-1.771183478,2.535231164,-1.3,2.40013871,2.646972456,-0.088038703,-1.864177096,1.972554106,0,0,0,0.191162202,0.112480302,-1.333193379,-0.034517719
0.846,0.823393794,0.607673925,0.294812667,-1.76912527,2.535231164,-1.3,2.40013871,2.647971848,-0.098847921,-1.875824675,2.02468691,0,0,0,0.214305184,0.109874777,-1.354177315,-0.046176535
0.847,0.826042986,0.607557228,0.292910675,-1.767067062,2.535231164,-1.3,2.40013871,2.64897124,-0.109657139,-1.887472254,2.076819715,0,0,0,0.237448166,0.107269252,-1.375161251,-0.05783535
0.848,0.828692177,0.607440531,0.291008683,-1.765008853,2.535231164,-1.3,2.40013871,2.649970632,-0.120466357,-1.899119832,2.128952519,0,0,0,0.260591147,0.104663726,-1.396145186,-0.069494165
0.849,0.831341369,0.607323834,0.289106692,-1.762950645,2.535231164,-1.3,2.40013871,2.650970024,-0.131275575,-1.910767411,2.181085323,0,0,0,0.283734129,0.102058201,-1.417129122,-0.081152981
0.85,0.83399056,0.607207137,0.2872047,-1.760892437,2.535231164,-1.3,2.40013871,2.651969417,-0.142084793,-1.92241499,2.233218127,0,0,0,0.306877111,0.099452676,-1.438113058,-0.092811796
0.851,0.836639752,0.60709044,0.285302709,-1.758834229,2.535231164,-1.3,2.40013871,2.652968809,-0.152894011,-1.934062568,2.285350932,0,0,0,0.330020092,0.096847151,-1.459096994,-0.104470611
0.852,0.839288944,0.606973743,0.283400717,-1.756776021,2.535231164,-1.3,2.40013871,2.653968201,-0.163703229,-1.945710147,2.337483736,0,0,0,0.353163074,0.094241626,-1.48008093,-0.116129427
0.853,0.841938135,0.606857047,0.281498725,-1.754717813,2.535231164,-1.3,2.40013871,2.654967593,-0.174512447,-1.957357726,2.38961654,0,0,0,0.376306056,0.091636101,-1.501064866,-0.127788242
0.854,0.844587327,0.60674035,0.279596734,-1.752659605,2.535231164,-1.3,2.40013871,2.655966986,-0.185321665,-1.969005305,2.441749344,0,0,0,0.399449037,0.089030575,-1.522048802,-0.139447057
0.855,0.847236518,0.606623653,0.277694742,-1.750601396,2.535231164,-1.3,2.40013871,2.656966378,-0.196130883,-1.980652883,2.493882149,0,0,0,0.422592019,0.08642505,-1.543032737,-0.151105873
0.856,0.849901613,0.60635411,0.275675899,-1.747551951,2.535231164,-1.3,2.40013871,2.658035867,-0.205735632,-1.984205822,2.569992212,0,0,0,0.437641818,0.079417092,-1.567562598,-0.160943474
0.857,0.852566709,0.606084567,0.273657055,-1.744502505,2.535231164,-1.3,2.40013871,2.659105357,-0.215340382,-1.98775876,2.646102275,0,0,0,0.452691618,0.072409133,-1.592092459,-0.170781075
0.858,0.855231804,0.605815024,0.271638211,-1.741453059,2.535231164,-1.3,2.40013871,2.660174847,-0.224945132,-1.991311698,2.722212338,0,0,0,0.467741417,0.065401175,-1.61662232,-0.180618677
0.859,0.857896899,0.605545482,0.269619368,-1.738403613,2.535231164,-1.3,2.40013871,2.661244337,-0.234549882,-1.994864637,2.798322401,0,0,0,0.482791216,0.058393216,-1.641152181,-0.190456278
0.86,0.860561994,0.605275939,0.267600524,-1.735354167,2.535231164,-1.3,2.40013871,2.662313826,-0.244154632,-1.998417575,2.874432464,0,0,0,0.497841015,0.051385258,-1.665682042,-0.20029388
0.861,0.86322709,0.605006396,0.265581681,-1.732304721,2.535231164,-1.3,2.40013871,2.663383316,-0.253759381,-2.001970513,2.950542528,0,0,0,0.512890814,0.044377299,-1.690211903,-0.210131481
0.862,0.865892185,0.604736853,0.263562837,-1.729255275,2.535231164,-1.3,2.40013871,2.664452806,-0.263364131,-2.005523452,3.026652591,0,0,0,0.527940613,0.037369341,-1.714741764,-0.219969083
0.863,0.86855728,0.604467311,0.261543994,-1.72620583,2.535231164,-1.3,2.40013871,2.665522295,-0.272968881,-2.00907639,3.102762654,0,0,0,0.542990413,0.030361382,-1.739271625,-0.229806684
0.864,0.871222375,0.604197768,0.25952515,-1.723156384,2.535231164,-1.3,2.40013871,2.666591785,-0.282573631,-2.012629328,3.178872717,0,0,0,0.558040212,0.023353424,-1.763801486,-0.239644286
0.865,0.873887471,0.603928225,0.257506306,-1.720106938,2.535231164,-1.3,2.40013871,2.667661275,-0.292178381,-2.016182267,3.25498278,0,0,0,0.573090011,0.016345465,-1.788331347,-0.249481887
0.866,0.876552566,0.603658682,0.255487463,-1.717057492,2.535231164,-1.3,2.40013871,2.668730764,-0.30178313,-2.019735205,3.331092844,0,0,0,0.58813981,0.009337507,-1.812861208,-0.259319488
0.867,0.879217661,0.60338914,0.253468619,-1.714008046,2.535231164,-1.3,2.40013871,2.669800254,-0.31138788,-2.023288143,3.407202907,0,0,0,0.603189609,0.002329548,-1.837391069,-0.26915709
0.868,0.881882756,0.603119597,0.251449776,-1.7109586,2.535231164,-1.3,2.40013871,2.670869744,-0.32099263,-2.026841082,3.48331297,0,0,0,0.618239409,-0.004678411,-1.86192093,-0.278994691
0.869,0.884547852,0.602850054,0.249430932,-1.707909154,2.535231164,-1.3,2.40013871,2.671939233,-0.33059738,-2.03039402,3.559423033,0,0,0,0.633289208,-0.011686369,-1.886450791,-0.288832293
0.87,0.887212947,0.602580511,0.247412089,-1.704859709,2.535231164,-1.3,2.40013871,2.673008723,-0.34020213,-2.033946959,3.635533096,0,0,0,0.648339007,-0.018694328,-1.910980652,-0.298669894
0.871,0.889893288,0.602173982,0.245410619,-1.700639698,2.535231164,-1.3,2.40013871,2.673961305,-0.34894028,-2.027983212,3.711320303,0,0,0,0.652238053,-0.021765028,-1.939153424,-0.303659324
0.872,0.892573629,0.601767454,0.243409149,-1.696419687,2.535231164,-1.3,2.40013871,2.674913887,-0.35767843,-2.022019466,3.78710751,0,0,0,0.656137099,-0.024835728,-1.967326197,-0.308648754
0.873,0.895253971,0.601360925,0.24140768,-1.692199676,2.535231164,-1.3,2.40013871,2.67586647,-0.36641658,-2.016055719,3.862894717,0,0,0,0.660036144,-0.027906428,-1.99549897,-0.313638184
0.874,0.897934312,0.600954396,0.23940621,-1.687979665,2.535231164,-1.3,2.40013871,2.676819052,-0.37515473,-2.010091973,3.938681924,0,0,0,0.66393519,-0.030977128,-2.023671743,-0.318627613
0.875,0.900614653,0.600547867,0.237404741,-1.683759654,2.535231164,-1.3,2.40013871,2.677771634,-0.38389288,-2.004128226,4.014469132,0,0,0,0.667834236,-0.034047828,-2.051844516,-0.323617043
0.876,0.903294994,0.600141338,0.235403271,-1.679539643,2.535231164,-1.3,2.40013871,2.678724216,-0.39263103,-1.99816448,4.090256339,0,0,0,0.671733282,-0.037118528,-2.080017288,-0.328606473
0.877,0.905975335,0.599734809,0.233401801,-1.675319632,2.535231164,-1.3,2.377183342,2.679676798,-0.40136918,-1.992200733,4.166043546,0,0,0,0.675632328,-0.040189229,-2.108190061,-0.333595903
0.878,0.908655677,0.59932828,0.231400332,-1.671099621,2.535231164,-1.3,2.36646268,2.68062938,-0.41010733,-1.986236987,4.241830753,0,0,0,0.679531374,-0.043259929,-2.136362834,-0.338585332
0.879,0.911336018,0.598921751,0.229398862,-1.66687961,2.535231164,-1.3,2.355742018,2.681581962,-0.41884548,-1.98027324,4.31761796,0,0,0,0.68343042,-0.046330629,-2.164535607,-0.343574762
0.88,0.914016359,0.598515222,0.227397393,-1.6626596,2.535231164,-1.3,2.345021356,2.682534544,-0.42758363,-1.974309494,4.393405167,0,0,0,0.687329466,-0.049401329,-2.192708379,-0.348564192
0.881,0.9166967,0.598108693,0.225395923,-1.658439589,2.535231164,-1.3,2.334300694,2.683487127,-0.43632178,-1.968345747,4.469192374,0,0,0,0.691228511,-0.052472029,-2.220881152,-0.353553622
0.882,0.919377042,0.597702164,0.223394453,-1.654219578,2.535231164,-1.3,2.323580031,2.684439709,-0.44505993,-1.962382001,4.544979581,0,0,0,0.695127557,-0.055542729,-2.249053925,-0.358543052
0.883,0.922057383,0.597295635,0.221392984,-1.649999567,2.535231164,-1.3,2.312859369,2.685392291,-0.45379808,-1.956418254,4.620766788,0,0,0,0.699026603,-0.058613429,-2.277226698,-0.363532481
0.884,0.924737724,0.596889106,0.219391514,-1.645779556,2.535231164,-1.3,2.302138707,2.686344873,-0.462536229,-1.950454508,4.696553995,0,0,0,0.702925649,-0.06168413,-2.30539947,-0.368521911
0.885,0.927418065,0.596482577,0.217390045,-1.641559545,2.535231164,-1.3,2.291418045,2.687297455,-0.471274379,-1.944490761,4.772341202,0,0,0,0.706824695,-0.06475483,-2.333572243,-0.373511341
0.886,0.930111744,0.595948651,0.215543889,-1.636317218,2.535231164,-1.3,2.279544088,2.688134264,-0.479593727,-1.93025533,4.831658337,0,0,0,0.704658017,-0.066491636,-2.355957679,-0.372690031
0.887,0.932805422,0.595414724,0.213697732,-1.63107489,2.535231164,-1.3,2.26767013,2.688971073,-0.487913074,-1.916019899,4.890975472,0,0,0,0.70249134,-0.068228443,-2.378343114,-0.371868721
0.888,0.9354991,0.594880798,0.211851576,-1.625832563,2.535231164,-1.3,2.255796173,2.689807882,-0.496232421,-1.901784468,4.950292607,0,0,0,0.700324662,-0.06996525,-2.40072855,-0.371047411
0.889,0.938192779,0.594346871,0.21000542,-1.620590235,2.535231164,-1.3,2.243922215,2.690644692,-0.504551769,-1.887549037,5.009609742,0,0,0,0.698157984,-0.071702057,-2.423113985,-0.370226101
0.89,0.940886457,0.593812945,0.208159264,-1.615347908,2.535231164,-1.3,2.232048258,2.691481501,-0.512871116,-1.873313606,5.068926877,0,0,0,0.695991307,-0.073438863,-2.445499421,-0.369404791
0.891,0.943580136,0.593279019,0.206313108,-1.61010558,2.535231164,-1.3,2.2201743,2.69231831,-0.521190463,-1.859078175,5.128244012,0,0,0,0.693824629,-0.07517567,-2.467884856,-0.368583481
0.892,0.946273814,0.592745092,0.204466952,-1.604863253,2.535231164,-1.3,2.208300343,2.693155119,-0.529509811,-1.844842744,5.187561147,0,0,0,0.691657952,-0.076912477,-2.490270292,-0.367762171
0.893,0.948967492,0.592211166,0.202620796,-1.599620925,2.535231164,-1.3,2.196426385,2.693991928,-0.537829158,-1.830607313,5.246878282,0,0,0,0.689491274,-0.078649283,-2.512655727,-0.366940861
0.894,0.951661171,0.591677239,0.20077464,-1.594378598,2.535231164,-1.3,2.184552428,2.694828737,-0.546148505,-1.816371882,5.306195417,0,0,0,0.687324596,-0.08038609,-2.535041163,-0.366119551
0.895,0.954354849,0.591143313,0.198928484,-1.589136271,2.535231164,-1.3,2.17267847,2.695665546,-0.554467852,-1.802136451,5.365512552,0,0,0,0.685157919,-0.082122897,-2.557426598,-0.365298241
0.896,0.957048528,0.590609386,0.197082328,-1.583893943,2.535231164,-1.3,2.160804513,2.696502355,-0.5627872,-1.78790102,5.424829687,0,0,0,0.682991241,-0.083859704,-2.579812034,-0.364476931
0.897,0.959742206,0.59007546,0.195236172,-1.578651616,2.535231164,-1.3,2.148930555,2.697339164,-0.571106547,-1.773665589,5.484146821,0,0,0,0.680824564,-0.08559651,-2.602197469,-0.363655621
0.898,0.962435884,0.589541534,0.193390016,-1.573409288,2.535231164,-1.3,2.137056598,2.698175974,-0.579425894,-1.759430158,5.543463956,0,0,0,0.678657886,-0.087333317,-2.624582905,-0.362834311
0.899,0.965129563,0.589007607,0.19154386,-1.568166961,2.535231164,-1.3,2.12518264,2.699012783,-0.587745242,-1.745194727,5.602781091,0,0,0,0.676491208,-0.089070124,-2.64696834,-0.362013001
0.9,0.967823241,0.588473681,0.189697704,-1.562924633,2.535231164,-1.3,2.113308683,2.699849592,-0.596064589,-1.730959296,5.662098226,0,0,0,0.674324531,-0.09080693,-2.669353776,-0.361191691
0.901,0.970528977,0.587815792,0.188101048,-1.556923256,2.535231164,-1.3,2.100932645,2.700628628,-0.60432098,-1.712902084,5.70531543,0,0,0,0.671296265,-0.09742375,-2.674463751,-0.355268134
0.902,0.973234712,0.587157903,0.186504392,-1.55092188,2.535231164,-1.3,2.088556606,2.701407664,-0.612577372,-1.694844873,5.748532634,0,0,0,0.668267999,-0.104040569,-2.679573726,-0.349344577
0.903,0.975940448,0.586500015,0.184907736,-1.544920503,2.535231164,-1.3,2.076180568,2.7021867,-0.620833763,-1.676787661,5.791749838,0,0,0,0.665239733,-0.110657388,-2.684683701,-0.343421021
0.904,0.978646183,0.585842126,0.18331108,-1.538919126,2.535231164,-1.3,2.06380453,2.702965737,-0.629090154,-1.65873045,5.834967042,0,0,0,0.662211467,-0.117274207,-2.689793676,-0.337497464
0.905,0.981351919,0.585184237,0.181714424,-1.532917749,2.535231164,-1.3,2.051428492,2.703744773,-0.637346545,-1.640673238,5.878184246,0,0,0,0.659183201,-0.123891026,-2.694903651,-0.331573908
0.906,0.984057654,0.584526348,0.180117768,-1.526916372,2.535231164,-1.3,2.039052454,2.704523809,-0.645602937,-1.622616027,5.92140145,0,0,0,0.656154935,-0.130507845,-2.700013626,-0.325650351
0.907,0.98676339,0.583868459,0.178521112,-1.520914995,2.535231164,-1.3,2.026676415,2.705302845,-0.653859328,-1.604558815,5.964618654,0,0,0,0.65312667,-0.137124664,-2.705123601,-0.319726794
0.908,0.989469125,0.583210571,0.176924456,-1.514913619,2.535231164,-1.3,2.014300377,2.706081882,-0.662115719,-1.586501603,6.007835858,0,0,0,0.650098404,-0.143741483,-2.710233576,-0.313803238
0.909,0.992174861,0.582552682,0.1753278,-1.508912242,2.535231164,-1.3,2.001924339,2.706860918,-0.670372111,-1.568444392,6.051053062,0,0,0,0.647070138,-0.150358302,-2.715343551,-0.307879681
0.91,0.994880596,0.581894793,0.173731144,-1.502910865,2.535231164,-1.3,1.989548301,2.707639954,-0.678628502,-1.55038718,6.094270265,0,0,0,0.644041872,-0.156975121,-2.720453526,-0.301956125
0.911,0.997586332,0.581236904,0.172134488,-1.496909488,2.535231164,-1.3,1.977172262,2.70841899,-0.686884893,-1.532329969,6.137487469,0,0,0,0.641013606,-0.16359194,-2.725563501,-0.296032568
0.912,1.000292067,0.580579015,0.170537833,-1.490908111,2.535231164,-1.3,1.964796224,2.709198026,-0.695141285,-1.514272757,6.180704673,0,0,0,0.63798534,-0.170208759,-2.730673476,-0.290109011
0.913,1.002997803,0.579921127,0.168941177,-1.484906734,2.535231164,-1.3,1.952420186,2.709977063,-0.703397676,-1.496215546,6.223921877,0,0,0,0.634957074,-0.176825578,-2.735783451,-0.284185455
0.914,1.005703538,0.579263238,0.167344521,-1.478905358,2.535231164,-1.3,1.940044148,2.710756099,-0.711654067,-1.478158334,6.267139081,0,0,0,0.631928809,-0.183442397,-2.740893426,-0.278261898
0.915,1.008409274,0.578605349,0.165747865,-1.472903981,2.535231164,-1.3,1.92766811,2.711535135,-0.719910459,-1.460101122,6.310356285,0,0,0,0.628900543,-0.190059216,-2.746003401,-0.272338341
0.916,1.011126333,0.577822335,0.164417574,-1.466339057,2.535231164,-1.3,1.915315769,2.71225838,-0.728383006,-1.443392491,6.342689387,0,0,0,0.623062758,-0.195742644,-2.726492456,-0.263023376
0.917,1.013843393,0.577039321,0.163087282,-1.459774133,2.535231164,-1.3,1.902963428,2.712981624,-0.736855554,-1.42668386,6.37502249,0,0,0,0.617224973,-0.201426073,-2.706981512,-0.25370841
0.918,1.016560452,0.576256308,0.161756991,-1.45320921,2.535231164,-1.3,1.890611087,2.713704869,-0.745328102,-1.409975229,6.407355592,0,0,0,0.611387188,-0.207109501,-2.687470567,-0.244393444
0.919,1.019277512,0.575473294,0.1604267,-1.446644286,2.535231164,-1.3,1.878258747,2.714428113,-0.75380065,-1.393266598,6.439688694,0,0,0,0.605549403,-0.21279293,-2.667959622,-0.235078479
0.92,1.021994571,0.57469028,0.159096409,-1.440079363,2.535231164,-1.3,1.865906406,2.715151358,-0.762273197,-1.376557967,6.472021796,0,0,0,0.599711618,-0.218476358,-2.648448678,-0.225763513
0.921,1.02471163,0.573907266,0.157766118,-1.433514439,2.535231164,-1.3,1.853554065,2.715874602,-0.770745745,-1.359849336,6.504354899,0,0,0,0.593873834,-0.224159786,-2.628937733,-0.216448547
0.922,1.02742869,0.573124252,0.156435827,-1.426949516,2.535231164,-1.3,1.841201724,2.716597847,-0.779218293,-1.343140705,6.536688001,0,0,0,0.588036049,-0.229843215,-2.609426788,-0.207133582
0.923,1.030145749,0.572341238,0.155105535,-1.420384592,2.535231164,-1.3,1.828849384,2.717321091,-0.787690841,-1.326432074,6.569021103,0,0,0,0.582198264,-0.235526643,-2.589915844,-0.197818616
0.924,1.032862809,0.571558224,0.153775244,-1.413819668,2.535231164,-1.3,1.816497043,2.718044336,-0.796163388,-1.309723443,6.601354205,0,0,0,0.576360479,-0.241210072,-2.570404899,-0.18850365
0.925,1.035579868,0.57077521,0.152444953,-1.407254745,2.535231164,-1.3,1.804144702,2.71876758,-0.804635936,-1.293014812,6.633687307,0,0,0,0.570522694,-0.2468935,-2.550893954,-0.179188684
0.926,1.038296928,0.569992196,0.151114662,-1.400689821,2.535231164,-1.3,1.791792361,2.719490824,-0.813108484,-1.276306181,6.66602041,0,0,0,0.564684909,-0.252576929,-2.53138301,-0.169873719
0.927,1.041013987,0.569209183,0.149784371,-1.394124898,2.535231164,-1.3,1.77944002,2.720214069,-0.821581032,-1.25959755,6.698353512,0,0,0,0.558847124,-0.258260357,-2.511872065,-0.160558753
0.928,1.043731046,0.568426169,0.148454079,-1.387559974,2.535231164,-1.3,1.76708768,2.720937313,-0.830053579,-1.242888919,6.730686614,0,0,0,0.55300934,-0.263943786,-2.49236112,-0.151243787
0.929,1.046448106,0.567643155,0.147123788,-1.38099505,2.535231164,-1.3,1.754735339,2.721660558,-0.838526127,-1.226180287,6.763019716,0,0,0,0.547171555,-0.269627214,-2.472850176,-0.141928822
0.93,1.049165165,0.566860141,0.145793497,-1.374430127,2.535231164,-1.3,1.742382998,2.722383802,-0.846998675,-1.209471656,6.795352819,0,0,0,0.54133377,-0.275310642,-2.453339231,-0.132613856
0.931,1.051892545,0.565947112,0.144685191,-1.367466006,2.535231164,-1.3,1.730387768,2.723040688,-0.855880002,-1.196693542,6.815351864,0,0,0,0.53242162,-0.278293785,-2.424254262,-0.121745613
0.932,1.054619925,0.565034084,0.143576884,-1.360501885,2.535231164,-1.3,1.718392538,2.723697573,-0.864761329,-1.183915428,6.83535091,0,0,0,0.52350947,-0.281276927,-2.395169294,-0.110877369
0.933,1.057347305,0.564121055,0.142468578,-1.353537764,2.535231164,-1.3,1.706397308,2.724354458,-0.873642657,-1.171137314,6.855349955,0,0,0,0.51459732,-0.28426007,-2.366084326,-0.100009126
0.934,1.060074685,0.563208027,0.141360272,-1.346573644,2.535231164,-1.3,1.694402078,2.725011343,-0.882523984,-1.1583592,6.875349001,0,0,0,0.50568517,-0.287243212,-2.336999357,-0.089140882
0.935,1.062802065,0.562294998,0.140251965,-1.339609523,2.535231164,-1.3,1.682406848,2.725668228,-0.891405311,-1.145581086,6.895348046,0,0,0,0.49677302,-0.290226355,-2.307914389,-0.078272639
0.936,1.065529445,0.56138197,0.139143659,-1.332645402,2.535231164,-1.3,1.670411618,2.726325113,-0.900286638,-1.132802972,6.915347092,0,0,0,0.48786087,-0.293209497,-2.27882942,-0.067404396
0.937,1.068256825,0.560468941,0.138035353,-1.325681281,2.535231164,-1.3,1.658416388,2.726981998,-0.909167966,-1.120024858,6.935346138,0,0,0,0.47894872,-0.29619264,-2.249744452,-0.056536152
0.938,1.070984205,0.559555913,0.136927046,-1.318717161,2.535231164,-1.3,1.646421158,2.727638883,-0.918049293,-1.107246743,6.955345183,0,0,0,0.470036571,-0.299175782,-2.220659483,-0.045667909
0.939,1.073711585,0.558642884,0.13581874,-1.31175304,2.535231164,-1.3,1.634425928,2.728295768,-0.92693062,-1.094468629,6.975344229,0,0,0,0.461124421,-0.302158925,-2.191574515,-0.034799665
0.94,1.076438965,0.557729856,0.134710434,-1.304788919,2.535231164,-1.3,1.622430698,2.728952654,-0.935811947,-1.081690515,6.995343274,0,0,0,0.452212271,-0.305142067,-2.162489547,-0.023931422
0.941,1.079166345,0.556816827,0.133602127,-1.297824798,2.535231164,-1.3,1.610435468,2.729609539,-0.944693275,-1.068912401,7.01534232,0,0,0,0.443300121,-0.30812521,-2.133404578,-0.013063178
0.942,1.081893725,0.555903799,0.132493821,-1.290860677,2.535231164,-1.3,1.598440238,2.730266424,-0.953574602,-1.056134287,7.035341365,0,0,0,0.434387971,-0.311108352,-2.10431961,-0.002194935
0.943,1.084621106,0.55499077,0.131385515,-1.283896557,2.535231164,-1.3,1.586445008,2.730923309,-0.962455929,-1.043356173,7.055340411,0,0,0,0.425475821,-0.314091495,-2.075234641,0.008673308
0.944,1.087348486,0.554077742,0.130277208,-1.276932436,2.535231164,-1.3,1.574449778,2.731580194,-0.971337256,-1.030578059,7.075339456,0,0,0,0.416563671,-0.317074637,-2.046149673,0.019541552
0.945,1.090075866,0.553164713,0.129168902,-1.269968315,2.535231164,-1.3,1.562454548,2.732237079,-0.980218584,-1.017799945,7.095338502,0,0,0,0.407651521,-0.32005778,-2.017064704,0.030409795
0.946,1.092813773,0.552115111,0.128235552,-1.262881,2.535231164,-1.3,1.551157821,2.733055968,-0.989538407,-1.006232944,7.087487488,0,0,0,0.39201299,-0.319660386,-2.020512913,0.0399676
0.947,1.095551681,0.551065509,0.127302201,-1.255793684,2.535231164,-1.3,1.539861094,2.733874857,-0.998858231,-0.994665943,7.079636474,0,0,0,0.376374459,-0.319262992,-2.023961122,0.049525404
0.948,1.098289589,0.550015906,0.126368851,-1.248706369,2.535231164,-1.3,1.528564367,2.734693746,-1.008178054,-0.983098942,7.07178546,0,0,0,0.360735928,-0.318865598,-2.027409331,0.059083208
0.949,1.101027497,0.548966304,0.1254355,-1.241619054,2.535231164,-1.3,1.51726764,2.735512635,-1.017497878,-0.971531941,7.063934446,0,0,0,0.345097397,-0.318468204,-2.03085754,0.068641013
0.95,1.103765405,0.547916701,0.12450215,-1.234531739,2.535231164,-1.3,1.505970913,2.736331524,-1.026817701,-0.95996494,7.056083432,0,0,0,0.329458866,-0.31807081,-2.034305749,0.078198817
0.951,1.106503312,0.546867099,0.123568799,-1.227444423,2.535231164,-1.3,1.494674187,2.737150413,-1.036137525,-0.948397939,7.048232418,0,0,0,0.313820335,-0.317673416,-2.037753958,0.087756622
0.952,1.10924122,0.545817496,0.122635449,-1.220357108,2.535231164,-1.3,1.48337746,2.737969302,-1.045457348,-0.936830938,7.040381404,0,0,0,0.298181804,-0.317276022,-2.041202168,0.097314426
0.953,1.111979128,0.544767894,0.121702098,-1.213269793,2.535231164,-1.3,1.472080733,2.738788191,-1.054777172,-0.925263938,7.03253039,0,0,0,0.282543273,-0.316878628,-2.044650377,0.106872231
0.954,1.114717036,0.543718291,0.120768748,-1.206182477,2.535231164,-1.3,1.460784006,2.73960708,-1.064096996,-0.913696937,7.024679376,0,0,0,0.266904742,-0.316481234,-2.048098586,0.116430035
0.955,1.117454944,0.542668689,0.119835397,-1.199095162,2.535231164,-1.3,1.449487279,2.740425969,-1.073416819,-0.902129936,7.016828362,0,0,0,0.251266212,-0.31608384,-2.051546795,0.12598784
0.956,1.120192851,0.541619086,0.118902047,-1.192007847,2.535231164,-1.3,1.438190552,2.741244858,-1.082736643,-0.890562935,7.008977348,0,0,0,0.235627681,-0.315686446,-2.054995004,0.135545644
0.957,1.122930759,0.540569484,0.117968696,-1.184920532,2.535231164,-1.3,1.426893826,2.742063747,-1.092056466,-0.878995934,7.001126334,0,0,0,0.21998915,-0.315289052,-2.058443213,0.145103448
0.958,1.125668667,0.539519882,0.117035346,-1.177833216,2.535231164,-1.3,1.415597099,2.742882636,-1.10137629,-0.867428933,6.99327532,0,0,0,0.204350619,-0.314891659,-2.061891422,0.154661253
0.959,1.128406575,0.538470279,0.116101995,-1.170745901,2.535231164,-1.3,1.404300372,2.743701524,-1.110696113,-0.855861932,6.985424306,0,0,0,0.188712088,-0.314494265,-2.065339631,0.164219057
0.96,1.131144482,0.537420677,0.115168645,-1.163658586,2.535231164,-1.3,1.393003645,2.744520413,-1.120015937,-0.844294931,6.977573292,0,0,0,0.173073557,-0.314096871,-2.06878784,0.173776862
0.961,1.133897464,0.536228201,0.114418369,-1.156979942,2.535231164,-1.3,1.38309625,2.745708285,-1.12974473,-0.83173496,6.931882888,0,0,0,0.155605704,-0.312754911,-2.062888293,0.180828489
0.962,1.136650446,0.535035725,0.113668094,-1.150301299,2.535231164,-1.3,1.373188854,2.746896158,-1.139473523,-0.819174989,6.886192484,0,0,0,0.138137851,-0.311412951,-2.056988746,0.187880115
0.963,1.139403427,0.533843249,0.112917818,-1.143622655,2.535231164,-1.3,1.363281459,2.74808403,-1.149202316,-0.806615017,6.840502079,0,0,0,0.120669998,-0.310070991,-2.051089199,0.194931742
0.964,1.142156409,0.532650774,0.112167542,-1.136944012,2.535231164,-1.3,1.353374064,2.749271902,-1.158931109,-0.794055046,6.794811675,0,0,0,0.103202145,-0.308729031,-2.045189652,0.201983369
0.965,1.144909391,0.531458298,0.111417267,-1.130265368,2.535231164,-1.3,1.343466668,2.750459774,-1.168659902,-0.781495074,6.749121271,0,0,0,0.085734292,-0.307387071,-2.039290105,0.209034996
0.966,1.147662372,0.530265822,0.110666991,-1.123586725,2.535231164,-1.3,1.333559273,2.751647646,-1.178388695,-0.768935103,6.703430866,0,0,0,0.068266439,-0.306045111,-2.033390558,0.216086622
0.967,1.150415354,0.529073346,0.109916715,-1.116908081,2.535231164,-1.3,1.323651878,2.752835518,-1.188117488,-0.756375132,6.657740462,0,0,0,0.050798586,-0.304703151,-2.027491011,0.223138249
0.968,1.153168335,0.527880871,0.10916644,-1.110229438,2.535231164,-1.3,1.313744482,2.75402339,-1.197846281,-0.74381516,6.612050058,0,0,0,0.033330733,-0.303361192,-2.021591464,0.230189876
0.969,1.155921317,0.526688395,0.108416164,-1.103550794,2.535231164,-1.3,1.303837087,2.755211262,-1.207575074,-0.731255189,6.566359653,0,0,0,0.01586288,-0.302019232,-2.015691917,0.237241503
0.97,1.158674299,0.525495919,0.107665888,-1.09687215,2.535231164,-1.3,1.293929691,2.756399134,-1.217303867,-0.718695218,6.520669249,0,0,0,-0.001604973,-0.300677272,-2.00979237,0.244293129
0.971,1.16142728,0.524303443,0.106915613,-1.090193507,2.535231164,-1.3,1.284022296,2.757587006,-1.22703266,-0.706135246,6.474978845,0,0,0,-0.019072826,-0.299335312,-2.003892823,0.251344756
0.972,1.164180262,0.523110968,0.106165337,-1.083514863,2.535231164,-1.3,1.274114901,2.758774878,-1.236761453,-0.693575275,6.429288441,0,0,0,-0.036540679,-0.297993352,-1.997993276,0.258396383
0.973,1.166933243,0.521918492,0.105415061,-1.07683622,2.535231164,-1.3,1.264207505,2.75996275,-1.246490246,-0.681015304,6.383598036,0,0,0,-0.054008532,-0.296651392,-1.992093729,0.26544801
0.974,1.169686225,0.520726016,0.104664786,-1.070157576,2.535231164,-1.3,1.25430011,2.761150623,-1.256219039,-0.668455332,6.337907632,0,0,0,-0.071476385,-0.295309432,-1.986194182,0.272499636
0.975,1.172439207,0.51953354,0.10391451,-1.063478933,2.535231164,-1.3,1.244392715,2.762338495,-1.265947832,-0.655895361,6.292217228,0,0,0,-0.088944238,-0.293967472,-1.980294635,0.279551263
0.976,1.175212372,0.518192128,0.103346807,-1.05771914,2.535231164,-1.3,1.236584704,2.763819604,-1.276074704,-0.644572714,6.217325472,0,0,0,-0.107393665,-0.291728828,-1.95775476,0.28743347
0.977,1.177985537,0.516850716,0.102779105,-1.051959348,2.535231164,-1.3,1.228776694,2.765300714,-1.286201577,-0.633250068,6.142433716,0,0,0,-0.125843092,-0.289490185,-1.935214885,0.295315677
0.978,1.180758702,0.515509304,0.102211402,-1.046199556,2.535231164,-1.3,1.220968684,2.766781824,-1.296328449,-0.621927421,6.06754196,0,0,0,-0.144292518,-0.287251541,-1.91267501,0.303197885
0.979,1.183531868,0.514167892,0.1016437,-1.040439763,2.535231164,-1.3,1.213160673,2.768262934,-1.306455321,-0.610604774,5.992650204,0,0,0,-0.162741945,-0.285012897,-1.890135136,0.311080092
0.98,1.186305033,0.51282648,0.101075997,-1.034679971,2.535231164,-1.3,1.205352663,2.769744044,-1.316582193,-0.599282128,5.917758449,0,0,0,-0.181191372,-0.282774253,-1.867595261,0.318962299
0.981,1.189078198,0.511485068,0.100508295,-1.028920178,2.535231164,-1.3,1.197544652,2.771225154,-1.326709066,-0.587959481,5.842866693,0,0,0,-0.199640798,-0.280535609,-1.845055386,0.326844506
0.982,1.191851363,0.510143656,0.099940592,-1.023160386,2.535231164,-1.3,1.189736642,2.772706263,-1.336835938,-0.576636834,5.767974937,0,0,0,-0.218090225,-0.278296966,-1.822515511,0.334726713
0.983,1.194624529,0.508802244,0.099372889,-1.017400593,2.535231164,-1.3,1.181928632,2.774187373,-1.34696281,-0.565314188,5.693083181,0,0,0,-0.236539651,-0.276058322,-1.799975636,0.342608921
0.984,1.197397694,0.507460832,0.098805187,-1.011640801,2.535231164,-1.3,1.174120621,2.775668483,-1.357089682,-0.553991541,5.618191425,0,0,0,-0.254989078,-0.273819678,-1.777435762,0.350491128
0.985,1.200170859,0.50611942,0.098237484,-1.005881008,2.535231164,-1.3,1.166312611,2.777149593,-1.367216554,-0.542668894,5.543299669,0,0,0,-0.273438505,-0.271581034,-1.754895887,0.358373335
0.986,1.202944024,0.504778008,0.097669782,-1.000121216,2.535231164,-1.3,1.158504601,2.778630703,-1.377343427,-0.531346248,5.468407914,0,0,0,-0.291887931,-0.26934239,-1.732356012,0.366255542
0.987,1.20571719,0.503436596,0.097102079,-0.994361423,2.535231164,-1.3,1.15069659,2.780111813,-1.387470299,-0.520023601,5.393516158,0,0,0,-0.310337358,-0.267103746,-1.709816137,0.374137749
0.988,1.208490355,0.502095184,0.096534377,-0.988601631,2.535231164,-1.3,1.14288858,2.781592923,-1.397597171,-0.508700954,5.318624402,0,0,0,-0.328786785,-0.264865103,-1.687276262,0.382019956
0.989,1.21126352,0.500753772,0.095966674,-0.982841838,2.535231164,-1.3,1.135080569,2.783074032,-1.407724043,-0.497378308,5.243732646,0,0,0,-0.347236211,-0.262626459,-1.664736387,0.389902164
0.99,1.214036685,0.49941236,0.095398971,-0.977082046,2.535231164,-1.3,1.127272559,2.784555142,-1.417850916,-0.486055661,5.16884089,0,0,0,-0.365685638,-0.260387815,-1.642196513,0.397784371
0.991,1.216833464,0.497916152,0.094977386,-0.972596061,2.535231164,-1.3,1.122105281,2.786202213,-1.428361013,-0.47816823,5.075566771,0,0,0,-0.384626324,-0.256746219,-1.609057239,0.408640777
0.992,1.219630243,0.496419945,0.0945558,-0.968110077,2.535231164,-1.3,1.116938004,2.787849283,-1.438871111,-0.470280799,4.982292653,0,0,0,-0.40356701,-0.253104623,-1.575917965,0.419497184
0.993,1.222427021,0.494923737,0.094134215,-0.963624093,2.535231164,-1.3,1.111770726,2.789496354,-1.449381209,-0.462393367,4.889018534,0,0,0,-0.422507696,-0.249463026,-1.542778692,0.43035359
0.994,1.2252238,0.493427529,0.09371263,-0.959138108,2.535231164,-1.3,1.106603449,2.791143424,-1.459891307,-0.454505936,4.795744415,0,0,0,-0.441448382,-0.24582143,-1.509639418,0.441209997
0.995,1.228020578,0.491931321,0.093291044,-0.954652124,2.535231164,-1.3,1.101436171,2.792790495,-1.470401405,-0.446618505,4.702470296,0,0,0,-0.460389067,-0.242179834,-1.476500145,0.452066403
0.996,1.230817357,0.490435113,0.092869459,-0.95016614,2.535231164,-1.3,1.096268894,2.794437565,-1.480911502,-0.438731074,4.609196178,0,0,0,-0.479329753,-0.238538238,-1.443360871,0.46292281
0.997,1.233614135,0.488938905,0.092447873,-0.945680156,2.535231164,-1.3,1.091101616,2.796084636,-1.4914216,-0.430843642,4.515922059,0,0,0,-0.498270439,-0.234896641,-1.410221598,0.473779216
0.998,1.236410914,0.487442697,0.092026288,-0.941194171,2.535231164,-1.3,1.085934338,2.797731707,-1.501931698,-0.422956211,4.42264794,0,0,0,-0.517211125,-0.231255045,-1.377082324,0.484635623
0.999,1.239207692,0.48594649,0.091604702,-0.936708187,2.535231164,-1.3,1.080767061,2.799378777,-1.512441796,-0.41506878,4.329373821,0,0,0,-0.536151811,-0.227613449,-1.343943051,0.495492029
1,1.242004471,0.484450282,0.091183117,-0.932222203,2.535231164,-1.3,1.075599783,2.801025848,-1.522951894,-0.407181349,4.236099702,0,0,0,-0.555092497,-0.223971853,-1.310803777,0.506348436
1.001,1.244801249,0.482954074,0.090761531,-0.927736218,2.535231164,-1.3,1.070432506,2.802672918,-1.533461992,-0.399293918,4.142825584,0,0,0,-0.574033183,-0.220330256,-1.277664504,0.517204843
1.002,1.247598028,0.481457866,0.090339946,-0.923250234,2.535231164,-1.3,1.065265228,2.804319989,-1.543972089,-0.391406486,4.049551465,0,0,0,-0.592973868,-0.21668866,-1.24452523,0.528061249
1.003,1.250394807,0.479961658,0.08991836,-0.91876425,2.535231164,-1.3,1.06009795,2.805967059,-1.554482187,-0.383519055,3.956277346,0,0,0,-0.611914554,-0.213047064,-1.211385957,0.538917656
1.004,1.253191585,0.47846545,0.089496775,-0.914278265,2.535231164,-1.3,1.054930673,2.80761413,-1.564992285,-0.375631624,3.863003227,0,0,0,-0.63085524,-0.209405468,-1.178246683,0.549774062
1.005,1.255988364,0.476969242,0.089075189,-0.909792281,2.535231164,-1.3,1.049763395,2.8092612,-1.575502383,-0.367744193,3.769729108,0,0,0,-0.649795926,-0.205763871,-1.14510741,0.560630469
1.006,1.2588103,0.475312555,0.088738049,-0.906781895,2.535231164,-1.3,1.04763738,2.810946017,-1.586390185,-0.364504035,3.667836482,0,0,0,-0.667357584,-0.200345507,-1.106021082,0.575120015
1.007,1.261632236,0.473655867,0.08840091,-0.903771508,2.535231164,-1.3,1.045511365,2.812630834,-1.597277987,-0.361263877,3.565943856,0,0,0,-0.684919242,-0.194927143,-1.066934755,0.589609561
1.008,1.264454173,0.47199918,0.08806377,-0.900761122,2.535231164,-1.3,1.04338535,2.814315651,-1.60816579,-0.35802372,3.46405123,0,0,0,-0.7024809,-0.189508778,-1.027848428,0.604099108
1.009,1.267276109,0.470342492,0.08772663,-0.897750736,2.535231164,-1.3,1.041259335,2.816000468,-1.619053592,-0.354783562,3.362158604,0,0,0,-0.720042558,-0.184090414,-0.988762101,0.618588654
1.01,1.270098045,0.468685805,0.08738949,-0.894740349,2.535231164,-1.3,1.03913332,2.817685284,-1.629941394,-0.351543404,3.260265978,0,0,0,-0.737604216,-0.178672049,-0.949675774,0.633078201
1.011,1.272919982,0.467029117,0.087052351,-0.891729963,2.535231164,-1.3,1.037007305,2.819370101,-1.640829197,-0.348303247,3.158373352,0,0,0,-0.755165874,-0.173253685,-0.910589446,0.647567747
1.012,1.275741918,0.46537243,0.086715211,-0.888719576,2.535231164,-1.3,1.03488129,2.821054918,-1.651716999,-0.345063089,3.056480726,0,0,0,-0.772727532,-0.16783532,-0.871503119,0.662057293
1.013,1.278563854,0.463715742,0.086378071,-0.88570919,2.535231164,-1.3,1.032755275,2.822739735,-1.662604801,-0.341822931,2.9545881,0,0,0,-0.79028919,-0.162416956,-0.832416792,0.67654684
1.014,1.281385791,0.462059055,0.086040931,-0.882698804,2.535231164,-1.3,1.03062926,2.824424552,-1.673492604,-0.338582773,2.852695474,0,0,0,-0.807850848,-0.156998592,-0.793330465,0.691036386
1.015,1.284207727,0.460402367,0.085703791,-0.879688417,2.535231164,-1.3,1.028503245,2.826109369,-1.684380406,-0.335342616,2.750802848,0,0,0,-0.825412506,-0.151580227,-0.754244138,0.705525932
1.016,1.287029663,0.45874568,0.085366652,-0.876678031,2.535231164,-1.3,1.02637723,2.827794185,-1.695268208,-0.332102458,2.648910222,0,0,0,-0.842974164,-0.146161863,-0.71515781,0.720015479
1.017,1.2898516,0.457088992,0.085029512,-0.873667645,2.535231164,-1.3,1.024251215,2.829479002,-1.706156011,-0.3288623,2.547017596,0,0,0,-0.860535822,-0.140743498,-0.676071483,0.734505025
1.018,1.292673536,0.455432305,0.084692372,-0.870657258,2.535231164,-1.3,1.0221252,2.831163819,-1.717043813,-0.325622143,2.44512497,0,0,0,-0.87809748,-0.135325134,-0.636985156,0.748994572
1.019,1.295495472,0.453775617,0.084355232,-0.867646872,2.535231164,-1.3,1.019999185,2.832848636,-1.727931615,-0.322381985,2.343232344,0,0,0,-0.895659138,-0.129906769,-0.597898829,0.763484118
1.02,1.298317409,0.452118929,0.084018093,-0.864636486,2.535231164,-1.3,1.01787317,2.834533453,-1.738819417,-0.319141827,2.241339718,0,0,0,-0.913220796,-0.124488405,-0.558812502,0.777973664
1.021,1.301163991,0.450296035,0.083691204,-0.863161958,2.535231164,-1.3,1.019079654,2.836107927,-1.750095429,-0.321050444,2.139893409,0,0,0,-0.926642417,-0.117127968,-0.517414124,0.795828179
1.022,1.304010574,0.44847314,0.083364316,-0.86168743,2.535231164,-1.3,1.020286139,2.837682401,-1.761371441,-0.32295906,2.038447101,0,0,0,-0.940064037,-0.109767532,-0.476015746,0.813682693
1.023,1.306857156,0.446650245,0.083037428,-0.860212903,2.535231164,-1.3,1.021492623,2.839256875,-1.772647452,-0.324867677,1.937000792,0,0,0,-0.953485658,-0.102407095,-0.434617368,0.831537208
1.024,1.309703739,0.444827351,0.08271054,-0.858738375,2.535231164,-1.3,1.022699108,2.840831349,-1.783923464,-0.326776293,1.835554483,0,0,0,-0.966907279,-0.095046659,-0.39321899,0.849391722
1.025,1.312550322,0.443004456,0.082383652,-0.857263847,2.535231164,-1.3,1.023905592,2.842405822,-1.795199476,-0.32868491,1.734108175,0,0,0,-0.9803289,-0.087686222,-0.351820612,0.867246237
1.026,1.315396904,0.441181561,0.082056763,-0.85578932,2.535231164,-1.3,1.025112076,2.843980296,-1.806475487,-0.330593526,1.632661866,0,0,0,-0.993750521,-0.080325786,-0.310422234,0.885100751
1.027,1.318243487,0.439358667,0.081729875,-0.854314792,2.535231164,-1.3,1.026318561,2.84555477,-1.817751499,-0.332502142,1.531215558,0,0,0,-1.007172142,-0.072965349,-0.269023856,0.902955266
1.028,1.32109007,0.437535772,0.081402987,-0.852840264,2.535231164,-1.3,1.027525045,2.847129244,-1.829027511,-0.334410759,1.429769249,0,0,0,-1.020593763,-0.065604912,-0.227625478,0.92080978
1.029,1.323936652,0.435712877,0.081076099,-0.851365737,2.535231164,-1.3,1.02873153,2.848703718,-1.840303522,-0.336319375,1.328322941,0,0,0,-1.034015384,-0.058244476,-0.1862271,0.938664294
1.03,1.326783235,0.433889983,0.080749211,-0.849891209,2.535231164,-1.3,1.029938014,2.850278192,-1.851579534,-0.338227992,1.226876632,0,0,0,-1.047437005,-0.050884039,-0.144828722,0.956518809
1.031,1.329629818,0.432067088,0.080422322,-0.848416681,2.535231164,-1.3,1.031144499,2.851852666,-1.862855546,-0.340136608,1.125430324,0,0,0,-1.060858626,-0.043523603,-0.103430344,0.974373323
1.032,1.3324764,0.430244193,0.080095434,-0.846942154,2.535231164,-1.3,1.032350983,2.85342714,-1.874131557,-0.342045225,1.023984015,0,0,0,-1.074280247,-0.036163166,-0.062031966,0.992227838
1.033,1.335322983,0.428421299,0.079768546,-0.845467626,2.535231164,-1.3,1.033557467,2.855001614,-1.885407569,-0.343953841,0.922537706,0,0,0,-1.087701868,-0.02880273,-0.020633588,1.010082352
1.034,1.338169566,0.426598404,0.079441658,-0.843993098,2.535231164,-1.3,1.034763952,2.856576088,-1.896683581,-0.345862458,0.821091398,0,0,0,-1.101123489,-0.021442293,0.02076479,1.027936867
1.035,1.341016148,0.424775509,0.07911477,-0.842518571,2.535231164,-1.3,1.035970436,2.858150562,-1.907959592,-0.347771074,0.719645089,0,0,0,-1.11454511,-0.014081857,0.062163168,1.045791381
1.036,1.343884447,0.422780512,0.078720364,-0.842512094,2.535231164,-1.3,1.040683196,2.85944037,-1.919629777,-0.354829925,0.626541483,0,0,0,-1.121140305,-0.005138456,0.10274584,1.065844661
1.037,1.346752746,0.420785514,0.078325958,-0.842505617,2.535231164,-1.3,1.045395956,2.860730177,-1.931299961,-0.361888776,0.533437877,0,0,0,-1.1277355,0.003804945,0.143328511,1.085897941
1.038,1.349621045,0.418790516,0.077931553,-0.84249914,2.535231164,-1.3,1.050108715,2.862019985,-1.942970146,-0.368947627,0.440334271,0,0,0,-1.134330695,0.012748345,0.183911183,1.105951221
1.039,1.352489344,0.416795518,0.077537147,-0.842492663,2.535231164,-1.3,1.054821475,2.863309792,-1.95464033,-0.376006478,0.347230664,0,0,0,-1.140925891,0.021691746,0.224493855,1.1260045
1.04,1.355357643,0.41480052,0.077142742,-0.842486186,2.364514841,-1.3,1.059534234,2.8645996,-1.966310514,-0.383065329,0.254127058,0,0,0,-1.147521086,0.030635146,0.265076527,1.14605778
1.041,1.358225942,0.412805522,0.076748336,-0.842479709,2.359504514,-1.3,1.064246994,2.865889407,-1.977980699,-0.39012418,0.161023452,0,0,0,-1.154116281,0.039578547,0.305659199,1.16611106
1.042,1.361094241,0.410810524,0.07635393,-0.842473232,2.354494188,-1.3,1.068959754,2.867179215,-1.989650883,-0.397183031,0.067919846,0,0,0,-1.160711476,0.048521947,0.346241871,1.18616434
1.043,1.36396254,0.408815526,0.075959525,-0.842466755,2.349483861,-1.3,1.073672513,2.868469023,-2.001321068,-0.404241882,-0.025183761,0,0,0,-1.167306672,0.057465348,0.386824543,1.206217619
1.044,1.366830839,0.406820528,0.075565119,-0.842460278,2.344473535,-1.3,1.078385273,2.86975883,-2.012991252,-0.411300733,-0.118287367,0,0,0,-1.173901867,0.066408749,0.427407214,1.226270899
1.045,1.369699138,0.40482553,0.075170714,-0.842453801,2.339463208,-1.3,1.083098033,2.871048638,-2.024661436,-0.418359583,-0.211390973,0,0,0,-1.180497062,0.075352149,0.467989886,1.246324179
1.046,1.372567437,0.402830532,0.074776308,-0.842447324,2.334452882,-1.3,1.087810792,2.872338445,-2.036331621,-0.425418434,-0.304494579,0,0,0,-1.187092257,0.08429555,0.508572558,1.266377459
1.047,1.375435736,0.400835534,0.074381902,-0.842440847,2.329442555,-1.3,1.092523552,2.873628253,-2.048001805,-0.432477285,-0.397598186,0,0,0,-1.193687453,0.09323895,0.54915523,1.286430738
1.048,1.378304035,0.398840536,0.073987497,-0.842434369,2.324432229,-1.3,1.097236311,2.87491806,-2.05967199,-0.439536136,-0.490701792,0,0,0,-1.200282648,0.102182351,0.589737902,1.306484018
1.049,1.381172334,0.396845539,0.073593091,-0.842427892,2.319421902,-1.3,1.101949071,2.876207868,-2.071342174,-0.446594987,-0.583805398,0,0,0,-1.206877843,0.111125751,0.630320574,1.326537298
1.05,1.384040633,0.394850541,0.073198686,-0.842421415,2.314411576,-1.3,1.106661831,2.877497675,-2.083012359,-0.453653838,-0.676909005,0,0,0,-1.213473039,0.120069152,0.670903246,1.346590578
1.051,1.386924955,0.39267778,0.072662387,-0.84370906,2.309899805,-1.3,1.114889386,2.878311926,-2.095028653,-0.465391787,-0.755482388,0,0,0,-1.211631404,0.129386189,0.707571848,1.365968958
1.052,1.389809277,0.39050502,0.072126089,-0.844996705,2.305388033,-1.3,1.123116942,2.879126176,-2.107044948,-0.477129737,-0.834055771,0,0,0,-1.209789769,0.138703226,0.744240451,1.385347339
1.053,1.3926936,0.38833226,0.071589791,-0.84628435,2.300876262,-1.3,1.131344498,2.879940427,-2.119061243,-0.488867686,-0.912629154,0,0,0,-1.207948134,0.148020263,0.780909053,1.40472572
1.054,1.395577922,0.3861595,0.071053493,-0.847571995,2.296364491,-1.3,1.139572054,2.880754677,-2.131077537,-0.500605636,-0.991202537,0,0,0,-1.206106499,0.1573373,0.817577656,1.424104101
1.055,1.398462245,0.38398674,0.070517195,-0.848859639,2.29185272,-1.3,1.147799609,2.881568928,-2.143093832,-0.512343585,-1.06977592,0,0,0,-1.204264864,0.166654337,0.854246259,1.443482482
1.056,1.401346567,0.38181398,0.069980896,-0.850147284,2.287340948,-1.3,1.156027165,2.882383178,-2.155110127,-0.524081534,-1.148349304,0,0,0,-1.202423229,0.175971374,0.890914861,1.462860863
1.057,1.40423089,0.37964122,0.069444598,-0.851434929,2.282829177,-1.3,1.164254721,2.883197429,-2.167126421,-0.535819484,-1.226922687,0,0,0,-1.200581595,0.185288411,0.927583464,1.482239244
1.058,1.407115212,0.37746846,0.0689083,-0.852722574,2.278317406,-1.3,1.172482277,2.884011679,-2.179142716,-0.547557433,-1.30549607,0,0,0,-1.19873996,0.194605448,0.964252066,1.501617625
1.059,1.409999535,0.375295699,0.068372002,-0.854010218,2.273805635,-1.3,1.180709833,2.88482593,-2.191159011,-0.559295382,-1.384069453,0,0,0,-1.196898325,0.203922485,1.000920669,1.520996006
1.06,1.412883857,0.373122939,0.067835704,-0.855297863,2.269293864,-1.3,1.188937388,2.88564018,-2.203175305,-0.571033332,-1.462642836,0,0,0,-1.19505669,0.213239522,1.037589272,1.540374387
1.061,1.415768179,0.370950179,0.067299406,-0.856585508,2.264782092,-1.3,1.197164944,2.886454431,-2.2151916,-0.582771281,-1.54121622,0,0,0,-1.193215055,0.222556559,1.074257874,1.559752768
1.062,1.418652502,0.368777419,0.066763107,-0.857873153,2.260270321,-1.3,1.2053925,2.887268681,-2.227207895,-0.59450923,-1.619789603,0,0,0,-1.19137342,0.231873596,1.110926477,1.579131149
1.063,1.421536824,0.366604659,0.066226809,-0.859160797,2.25575855,-1.3,1.213620056,2.888082932,-2.23922419,-0.60624718,-1.698362986,0,0,0,-1.189531785,0.241190633,1.147595079,1.59850953
1.064,1.424421147,0.364431899,0.065690511,-0.860448442,2.251246779,-1.3,1.221847611,2.888897182,-2.251240484,-0.617985129,-1.776936369,0,0,0,-1.187690151,0.25050767,1.184263682,1.617887911
1.065,1.427305469,0.362259139,0.065154213,-0.861736087,2.246735007,-1.3,1.230075167,2.889711433,-2.263256779,-0.629723078,-1.855509752,0,0,0,-1.185848516,0.259824707,1.220932285,1.637266292
1.066,1.430197336,0.359904489,0.064413612,-0.864065202,2.242998487,-1.3,1.241578818,2.889878144,-2.275451664,-0.644951391,-1.915230693,0,0,0,-1.175467634,0.267338228,1.249995354,1.649765714
1.067,1.433089202,0.35754984,0.063673011,-0.866394317,2.239261966,-1.3,1.253082469,2.890044856,-2.287646548,-0.660179705,-1.974951633,0,0,0,-1.165086753,0.27485175,1.279058424,1.662265136
1.068,1.435981069,0.355195191,0.062932411,-0.868723432,2.235525446,-1.3,1.26458612,2.890211567,-2.299841433,-0.675408018,-2.034672574,0,0,0,-1.154705872,0.282365272,1.308121494,1.674764558
1.069,1.438872936,0.352840541,0.06219181,-0.871052547,2.231788925,-1.3,1.276089771,2.890378279,-2.312036317,-0.690636331,-2.094393515,0,0,0,-1.144324991,0.289878794,1.337184564,1.68726398
1.07,1.441764802,0.350485892,0.06145121,-0.873381662,2.228052405,-1.3,1.287593422,2.89054499,-2.324231202,-0.705864644,-2.154114455,0,0,0,-1.133944109,0.297392315,1.366247633,1.699763402
1.071,1.444656669,0.348131242,0.060710609,-0.875710777,2.224315884,-1.3,1.299097073,2.890711702,-2.336426087,-0.721092957,-2.213835396,0,0,0,-1.123563228,0.304905837,1.395310703,1.712262824
1.072,1.447548535,0.345776593,0.059970008,-0.878039892,2.220579364,-1.3,1.310600724,2.890878413,-2.348620971,-0.73632127,-2.273556336,0,0,0,-1.113182347,0.312419359,1.424373773,1.724762247
1.073,1.450440402,0.343421944,0.059229408,-0.880369006,2.216842843,-1.3,1.322104375,2.891045125,-2.360815856,-0.751549583,-2.333277277,0,0,0,-1.102801465,0.31993288,1.453436843,1.737261669
1.074,1.453332268,0.341067294,0.058488807,-0.882698121,2.213106323,-1.3,1.333608026,2.891211836,-2.37301074,-0.766777896,-2.392998218,0,0,0,-1.092420584,0.327446402,1.482499913,1.749761091
1.075,1.456224135,0.338712645,0.057748206,-0.885027236,2.209369802,-1.3,1.345111677,2.891378548,-2.385205625,-0.78200621,-2.452719158,0,0,0,-1.082039703,0.334959924,1.511562982,1.762260513
1.076,1.459116002,0.336357995,0.057007606,-0.887356351,2.205633282,-1.3,1.356615328,2.891545259,-2.39740051,-0.797234523,-2.512440099,0,0,0,-1.071658821,0.342473445,1.540626052,1.774759935
1.077,1.462007868,0.334003346,0.056267005,-0.889685466,2.201896761,-1.3,1.368118979,2.891711971,-2.409595394,-0.812462836,-2.572161039,0,0,0,-1.06127794,0.349986967,1.569689122,1.787259357
1.078,1.464899735,0.331648697,0.055526404,-0.892014581,2.198160241,-1.3,1.37962263,2.891878682,-2.421790279,-0.827691149,-2.63188198,0,0,0,-1.050897059,0.357500489,1.598752192,1.799758779
1.079,1.467791601,0.329294047,0.054785804,-0.894343696,2.19442372,-1.3,1.391126281,2.892045394,-2.433985164,-0.842919462,-2.691602921,0,0,0,-1.040516177,0.36501401,1.627815261,1.812258202
1.08,1.470683468,0.326939398,0.054045203,-0.896672811,2.1906872,-1.3,1.402629932,2.892212105,-2.446180048,-0.858147775,-2.751323861,0,0,0,-1.030135296,0.372527532,1.656878331,1.824757624
1.081,1.473572402,0.324402455,0.053063351,-0.899738402,2.187859456,-1.3,1.416824364,2.891653392,-2.458220648,-0.874607341,-2.789455677,0,0,0,-1.012359866,0.375192911,1.672763856,1.819674179
1.082,1.476461337,0.321865513,0.052081499,-0.902803993,2.185031713,-1.3,1.431018796,2.891094679,-2.470261247,-0.891066906,-2.827587493,0,0,0,-0.994584436,0.37785829,1.688649381,1.814590734
1.083,1.479350271,0.31932857,0.051099646,-0.905869583,2.18220397,-1.3,1.445213228,2.890535965,-2.482301847,-0.907526472,-2.865719308,0,0,0,-0.976809006,0.380523668,1.704534906,1.809507289
1.084,1.482239205,0.316791628,0.050117794,-0.908935174,2.179376226,-1.3,1.45940766,2.889977252,-2.494342446,-0.923986037,-2.903851124,0,0,0,-0.959033576,0.383189047,1.720420431,1.804423845
1.085,1.48512814,0.314254685,0.049135942,-0.912000765,2.176548483,-1.3,1.473602092,2.889418538,-2.506383046,-0.940445603,-2.94198294,0,0,0,-0.941258146,0.385854426,1.736305956,1.7993404
1.086,1.488017074,0.311717743,0.048154089,-0.915066356,2.17372074,-1.3,1.487796524,2.888859825,-2.518423646,-0.956905168,-2.980114755,0,0,0,-0.923482717,0.388519804,1.752191481,1.794256955
1.087,1.490906008,0.3091808,0.047172237,-0.918131946,2.170892996,-1.3,1.501990956,2.888301111,-2.530464245,-0.973364734,-3.018246571,0,0,0,-0.905707287,0.391185183,1.768077006,1.78917351
1.088,1.493794943,0.306643857,0.046190385,-0.921197537,2.168065253,-1.3,1.516185389,2.887742398,-2.542504845,-0.989824299,-3.056378387,0,0,0,-0.887931857,0.393850562,1.783962531,1.784090066
1.089,1.496683877,0.304106915,0.045208532,-0.924263128,2.16523751,-1.3,1.530379821,2.887183685,-2.554545444,-1.006283865,-3.094510203,0,0,0,-0.870156427,0.39651594,1.799848056,1.779006621
1.09,1.499572811,0.301569972,0.04422668,-0.927328719,2.162409766,-1.3,1.544574253,2.886624971,-2.566586044,-1.02274343,-3.132642018,0,0,0,-0.852380997,0.399181319,1.815733581,1.773923176
1.091,1.502461746,0.29903303,0.043244828,-0.930394309,2.159582023,-1.3,1.558768685,2.886066258,-2.578626644,-1.039202996,-3.170773834,0,0,0,-0.834605567,0.401846698,1.831619106,1.768839731
1.092,1.50535068,0.296496087,0.042262975,-0.9334599,2.15675428,-1.3,1.572963117,2.885507544,-2.590667243,-1.055662561,-3.20890565,0,0,0,-0.816830137,0.404512076,1.847504631,1.763756287
1.093,1.508239615,0.293959145,0.041281123,-0.936525491,2.153926536,-1.3,1.587157549,2.884948831,-2.602707843,-1.072122127,-3.247037465,0,0,0,-0.799054707,0.407177455,1.863390156,1.758672842
1.094,1.511128549,0.291422202,0.040299271,-0.939591082,2.151098793,-1.3,1.601351981,2.884390117,-2.614748442,-1.088581692,-3.285169281,0,0,0,-0.781279277,0.409842834,1.879275681,1.753589397
1.095,1.514017483,0.28888526,0.039317418,-0.942656672,2.14827105,-1.3,1.615546413,2.883831404,-2.626789042,-1.105041258,-3.323301097,0,0,0,-0.763503847,0.412508212,1.895161206,1.748505952
1.096,1.516893214,0.286171725,0.038099256,-0.946118932,2.146256192,-1.3,1.631398425,2.882672445,-2.638208848,-1.119487053,-3.337681629,0,0,0,-0.739977433,0.406641311,1.888786731,1.712445091
1.097,1.519768945,0.28345819,0.036881093,-0.949581191,2.144241335,-1.3,1.647250438,2.881513486,-2.649628653,-1.133932849,-3.352062162,0,0,0,-0.716451019,0.400774409,1.882412256,1.67638423
1.098,1.522644676,0.280744655,0.03566293,-0.953043451,2.142226478,-1.3,1.66310245,2.880354527,-2.661048459,-1.148378644,-3.366442695,0,0,0,-0.692924605,0.394907507,1.876037781,1.640323369
1.099,1.525520408,0.278031119,0.034444767,-0.95650571,2.14021162,-1.3,1.678954462,2.879195568,-2.672468264,-1.16282444,-3.380823227,0,0,0,-0.669398191,0.389040605,1.869663306,1.604262507
1.1,1.528396139,0.275317584,0.033226604,-0.959967969,2.138196763,-1.3,1.694806475,2.878036609,-2.68388807,-1.177270235,-3.39520376,0,0,0,-0.645871777,0.383173703,1.86328883,1.568201646
1.101,1.53127187,0.272604049,0.032008441,-0.963430229,2.136181906,-1.3,1.710658487,2.87687765,-2.695307875,-1.191716031,-3.409584292,0,0,0,-0.622345363,0.377306801,1.856914355,1.532140785
1.102,1.534147601,0.269890514,0.030790279,-0.966892488,2.134167048,-1.3,1.726510499,2.875718691,-2.706727681,-1.206161826,-3.423964825,0,0,0,-0.598818948,0.371439899,1.85053988,1.496079924
1.103,1.537023332,0.267176979,0.029572116,-0.970354747,2.132152191,-1.3,1.742362512,2.874559732,-2.718147486,-1.220607622,-3.438345358,0,0,0,-0.575292534,0.365572997,1.844165405,1.460019062
1.104,1.539899063,0.264463444,0.028353953,-0.973817007,2.130137334,-1.3,1.758214524,2.873400773,-2.729567292,-1.235053417,-3.45272589,0,0,0,-0.55176612,0.359706095,1.83779093,1.423958201
1.105,1.542774794,0.261749909,0.02713579,-0.977279266,2.128122476,-1.3,1.774066536,2.872241814,-2.740987098,-1.249499213,-3.467106423,0,0,0,-0.528239706,0.353839194,1.831416455,1.38789734
1.106,1.545650525,0.259036374,0.025917627,-0.980741525,2.126107619,-1.3,1.789918548,2.871082855,-2.752406903,-1.263945008,-3.481486956,0,0,0,-0.504713292,0.347972292,1.825041979,1.351836479
1.107,1.548526256,0.256322839,0.024699465,-0.984203785,2.124092762,-1.3,1.805770561,2.869923896,-2.763826709,-1.278390804,-3.495867488,0,0,0,-0.481186878,0.34210539,1.818667504,1.315775618
1.108,1.551401987,0.253609304,0.023481302,-0.987666044,2.122077904,-1.3,1.821622573,2.868764937,-2.775246514,-1.292836599,-3.510248021,0,0,0,-0.457660464,0.336238488,1.812293029,1.279714756
1.109,1.554277718,0.250895769,0.022263139,-0.991128304,2.120063047,-1.3,1.837474585,2.867605978,-2.78666632,-1.307282395,-3.524628553,0,0,0,-0.43413405,0.330371586,1.805918554,1.243653895
1.11,1.557153449,0.248182233,0.021044976,-0.994590563,2.11804819,-1.3,1.853326598,2.866447019,-2.798086125,-1.32172819,-3.539009086,0,0,0,-0.410607636,0.324504684,1.799544079,1.207593034
1.111,1.560009886,0.245303418,0.019641978,-0.998097695,2.116471317,-1.3,1.869397831,2.865142044,-2.808740865,-1.331714605,-3.531663438,0,0,0,-0.389602082,0.31359419,1.739684318,1.156372778
1.112,1.562866323,0.242424602,0.018238979,-1.001604828,2.114894445,-1.3,1.885469065,2.86383707,-2.819395605,-1.34170102,-3.524317791,0,0,0,-0.368596529,0.302683696,1.679824557,1.105152521
1.113,1.565722759,0.239545787,0.016835981,-1.005111961,2.113317572,-1.3,1.901540299,2.862532095,-2.830050345,-1.351687435,-3.516972143,0,0,0,-0.347590976,0.291773201,1.619964796,1.053932265
1.114,1.568579196,0.236666971,0.015432983,-1.008619093,2.1117407,-1.3,1.917611532,2.861227121,-2.840705085,-1.361673849,-3.509626496,0,0,0,-0.326585423,0.280862707,1.560105035,1.002712008
1.115,1.571435633,0.233788156,0.014029984,-1.012126226,2.110163827,-1.3,1.933682766,2.859922146,-2.851359825,-1.371660264,-3.502280848,0,0,0,-0.305579869,0.269952213,1.500245274,0.951491752
1.116,1.57429207,0.23090934,0.012626986,-1.015633358,2.108586955,-1.3,1.949753999,2.858617171,-2.862014565,-1.381646679,-3.494935201,0,0,0,-0.284574316,0.259041719,1.440385513,0.900271496
1.117,1.577148506,0.228030525,0.011223987,-1.019140491,2.107010082,-1.3,1.965825233,2.857312197,-2.872669305,-1.391633093,-3.487589553,0,0,0,-0.263568763,0.248131224,1.380525752,0.849051239
1.118,1.580004943,0.225151709,0.009820989,-1.022647623,2.10543321,-1.3,1.981896467,2.856007222,-2.883324045,-1.401619508,-3.480243906,0,0,0,-0.242563209,0.23722073,1.320665991,0.797830983
1.119,1.58286138,0.222272893,0.00841799,-1.026154756,2.103856337,-1.3,1.9979677,2.854702248,-2.893978785,-1.411605923,-3.472898258,0,0,0,-0.221557656,0.226310236,1.26080623,0.746610726
1.12,1.585717816,0.219394078,0.007014992,-1.029661888,2.102279465,-1.3,2.014038934,2.853397273,-2.904633525,-1.421592338,-3.465552611,0,0,0,-0.200552103,0.215399742,1.200946469,0.69539047
1.121,1.588574253,0.216515262,0.005611994,-1.033169021,2.100702592,-1.3,2.030110168,2.852092298,-2.915288265,-1.431578752,-3.458206963,0,0,0,-0.17954655,0.204489247,1.141086709,0.644170214
1.122,1.59143069,0.213636447,0.004208995,-1.036676154,2.09912572,-1.3,2.046181401,2.850787324,-2.925943005,-1.441565167,-3.450861316,0,0,0,-0.158540996,0.193578753,1.081226948,0.592949957
1.123,1.594287127,0.210757631,0.002805997,-1.040183286,2.097548847,-1.3,2.062252635,2.849482349,-2.936597745,-1.451551582,-3.443515668,0,0,0,-0.137535443,0.182668259,1.021367187,0.541729701
1.124,1.597143563,0.207878816,0.001402998,-1.043690419,2.095971975,-1.3,2.078323869,2.848177375,-2.947252485,-1.461537996,-3.43617002,0,0,0,-0.11652989,0.171757765,0.961507426,0.490509444
1.125,1.6,0.205,1.84E-14,-1.047197551,2.094395102,-1.3,2.094395102,2.8468724,-2.957907225,-1.471524411,-3.428824373,0,0,0,-0.095524336,0.16084727,0.901647665,0.439289188
1.126,1.601840438,0.23182957,-0.007008067,-1.049663453,2.093248435,-1.3,2.104441347,2.646192695,3.004748624,-2.575112995,-3.244554962,0,0,0,-0.089156047,0.150124119,0.84153782,0.410003242
1.127,1.603680875,0.25865914,-0.014016134,-1.052129354,2.092101767,-1.3,2.114487593,2.445512989,8.967404474,-3.67870158,-3.060285552,0,0,0,-0.082787758,0.139400968,0.781427976,0.380717296
1.128,1.605521313,0.28548871,-0.021024201,-1.054595255,2.090955099,-1.3,2.124533838,2.244833284,14.93006032,-4.782290164,-2.876016141,0,0,0,-0.076419469,0.128677816,0.721318132,0.35143135
1.129,1.60736175,0.31231828,-0.028032267,-1.057061157,2.089808432,-1.3,2.134580083,2.044153579,20.89271617,-5.885878749,-2.691746731,0,0,0,-0.07005118,0.117954665,0.661208288,0.322145404
1.13,1.609202188,0.33914785,-0.035040334,-1.059527058,2.088661764,-1.3,2.144626328,1.843473873,26.85537202,-6.989467333,-2.50747732,0,0,0,-0.063682891,0.107231514,0.601098443,0.292859459
1.131,1.611042625,0.36597742,-0.042048401,-1.061992959,2.087515096,-1.3,2.154672573,1.642794168,32.81802787,-8.093055918,-2.32320791,0,0,0,-0.057314602,0.096508362,0.540988599,0.263573513
1.132,1.612883063,0.39280699,-0.049056468,-1.064458861,2.086368429,-1.3,2.164718818,1.442114463,38.78068372,-9.196644502,-2.138938499,0,0,0,-0.050946313,0.085785211,0.480878755,0.234287567
1.133,1.614723501,0.41963656,-0.056064535,-1.066924762,2.085221761,-1.3,2.174765063,1.241434757,44.74333957,-10.30023309,-1.954669089,0,0,0,-0.044578024,0.07506206,0.42076891,0.205001621
1.134,1.616563938,0.44646613,-0.063072602,-1.069390663,2.084075094,-1.3,2.184811308,1.040755052,50.70599542,-11.40382167,-1.770399678,0,0,0,-0.038209735,0.064338908,0.360659066,0.175715675
1.135,1.618404376,0.4732957,-0.070080669,-1.071856565,2.082928426,-1.3,2.194857553,0.840075346,56.66865127,-12.50741026,-1.586130268,0,0,0,-0.031841445,0.053615757,0.300549222,0.146429729
1.136,1.620244813,0.50012527,-0.077088736,-1.074322466,2.081781758,-1.3,2.204903798,0.639395641,62.63130712,-13.61099884,-1.401860857,0,0,0,-0.025473156,0.042892605,0.240439377,0.117143783
1.137,1.622085251,0.52695484,-0.084096802,-1.076788368,2.080635091,-1.3,2.214950043,0.438715936,68.59396297,-14.71458742,-1.217591447,0,0,0,-0.019104867,0.032169454,0.180329533,0.087857838
1.138,1.623925688,0.55378441,-0.091104869,-1.079254269,2.079488423,-1.3,2.224996288,0.23803623,74.55661882,-15.81817601,-1.033322036,0,0,0,-0.012736578,0.021446303,0.120219689,0.058571892
1.139,1.625766126,0.58061398,-0.098112936,-1.08172017,2.078341755,-1.3,2.235042533,0.037356525,80.51927467,-16.92176459,-0.849052626,0,0,0,-0.006368289,0.010723151,0.060109844,0.029285946
1.14,1.627606563,0.60744355,-0.105121003,-1.084186072,2.077195088,-1.3,2.245088778,-0.16332318,86.48193052,-18.02535318,-0.664783215,0,0,0,-9.33E-14,1.57E-13,8.81E-13,4.29E-13
