t,x,y,r,lhx,lhy,lk,rhx,rhy,rk,dx,dy,dr,dlhx,dlhy,dlk,drhx,drhy,drk,ulhx,ulhy,ulk,urhx,urhy,urk
0.0,0.0,0.19,0.0,-0.0,-1.0471975511965979,2.0943951023931953,0.0,-1.0471975511965979,2.0943951023931953,0.0,0.0,0.0,-0.0,0.0,0.0,0.0,0.0,0.0,-5.207226843565285,-4.645571717813803,-34.20283173468331,-3.5191105881685343,-4.521803922024614,-34.22631941019687
0.002,-1.792029668291986e-05,0.19020303070022065,-0.000331745837080449,-0.0004252633084955265,-1.0465118801934592,2.0930921454686406,0.0004253014057619141,-1.0465802188405693,2.0932220232758674,-0.004124731302679468,0.02882004530507469,-0.03742258738698903,-0.05889173588200434,0.09353720311637016,-0.1777640311420031,0.058903165050493325,0.09152012641807228,-0.17392865493761667,-4.386823238673376,-3.8160973546055086,-27.69428714530096,-2.664822116718564,-3.8954419982057473,-29.271142559977395
0.004,-3.584059336583972e-05,0.1904060614004413,-0.000663491674160898,-0.000850526616991053,-1.0458262091903205,2.0917891885440865,0.0008506028115238282,-1.045962886484541,2.0920489441585395,-0.008249462605358936,0.05764009061014938,-0.07484517477397806,-0.11778347176400868,0.18707440623274033,-0.3555280622840062,0.11780633010098665,0.18304025283614456,-0.34785730987523333,-3.5664196337814666,-2.9866229913972138,-21.185742555918615,-1.810533645268594,-3.2690800743868804,-24.31596570975792
0.006,-5.3760890048759575e-05,0.19060909210066193,-0.000995237511241347,-0.0012757899254865793,-1.0451405381871819,2.090486231619532,0.0012759042172857421,-1.0453455541285124,2.0908758650412116,-0.012374193908038403,0.08646013591522406,-0.1122677621609671,-0.176675207646013,0.28061160934911045,-0.5332920934260093,0.17670949515147996,0.2745603792542168,-0.5217859648128499,-2.746016028889558,-2.157148628188919,-14.677197966536273,-0.956245173818624,-2.6427181505680135,-19.360788859538438
0.008,-7.168118673167944e-05,0.19081212280088258,-0.001326983348321796,-0.001701053233982106,-1.0444548671840432,2.0891832746949777,0.0017012056230476563,-1.044728221772484,2.0897027859238837,-0.01649892521071787,0.11528018122029876,-0.14969034954795613,-0.23556694352801735,0.37414881246548065,-0.7110561245680124,0.2356126602019733,0.3660805056722891,-0.6957146197504667,-1.9256124239976486,-1.3276742649806241,-8.168653377153927,-0.10195670236865384,-2.016356226749146,-14.405612009318961
0.01,-8.96014834145993e-05,0.19101515350110324,-0.0016587291854022448,-0.0021263165424776323,-1.0437691961809046,2.087880317770423,0.0021265070288095703,-1.0441108894164555,2.088529706806556,-0.02062365651339734,0.14410022652537344,-0.18711293693494516,-0.2944586794100217,0.4676860155818508,-0.8888201557100154,0.2945158252524666,0.45760063209036134,-0.8696432746880832,-1.1052088191057394,-0.4981999017723297,-1.660108787771581,0.7523317690813159,-1.3899943029302793,-9.450435159099484
0.012,-0.0001583493153692178,0.1912727507147946,-0.0018089669182131433,-0.0026331732110894965,-1.0430076780537627,2.086432810387391,0.002633182718136145,-1.0432163838634787,2.0868294159531597,-0.02600041259245067,0.13818823599323415,-0.14459492638129723,-0.2796357135137831,0.4341563049545779,-0.8251384671885053,0.27959284895092196,0.4535509191785796,-0.8620101292601832,-1.0611192799254527,-0.5252072045317085,-1.8775900504371261,0.7569975375962256,-1.388765637532039,-9.432715051917338
0.014,-0.00022709714732383634,0.19153034792848597,-0.001959204651024042,-0.0031400298797013603,-1.0422461599266208,2.0849853030043586,0.0031398584074627204,-1.042321878310502,2.0851291250997637,-0.031377168671504,0.13227624546109487,-0.1020769158276493,-0.2648127476175445,0.400626594327305,-0.7614567786669952,0.26466987264937725,0.44950120626679785,-0.8543769838322831,-1.017029740745166,-0.5522145072910873,-2.0950713131026713,0.7616633061111351,-1.3875369721337987,-9.414994944735191
0.016,-0.00029584497927845484,0.19178794514217737,-0.0021094423838349404,-0.003646886548313224,-1.041484641799479,2.083537795621326,0.003646534096789295,-1.0414273727575254,2.083428834246367,-0.036753924750557325,0.12636425492895562,-0.05955890527400137,-0.2499897817213059,0.36709688370003213,-0.6977750901454851,0.24974689634783256,0.4454514933550161,-0.8467438384043829,-0.9729402015648794,-0.5792218100504662,-2.312552575768216,0.7663290746260447,-1.3863083067355586,-9.397274837553047
0.018000000000000002,-0.0003645928112330734,0.19204554235586874,-0.002259680116645839,-0.004153743216925089,-1.040723123672337,2.0820902882382937,0.00415320978611587,-1.0405328672045486,2.081728543392971,-0.04213068082961066,0.12045226439681632,-0.017040894720353417,-0.23516681582506727,0.3335671730727592,-0.634093401623975,0.23482392004628788,0.44140178044323436,-0.8391106929764829,-0.9288506623845927,-0.6062291128098451,-2.530033838433761,0.7709948431409542,-1.3850796413373183,-9.3795547303709
0.020000000000000004,-0.00043334064318769207,0.1923031395695601,-0.002409917849456737,-0.004660599885536953,-1.0399616055451952,2.0806427808552614,0.004659885475442446,-1.0396383616515719,2.080028252539575,-0.04750743690866399,0.11454027386467704,0.025477115833294532,-0.2203438499288287,0.3000374624454863,-0.5704117131024649,0.2199009437447432,0.4373520675314526,-0.8314775475485828,-0.884761123204306,-0.6332364155692239,-2.7475151010993066,0.7756606116558639,-1.383850975939078,-9.361834623188754
0.022000000000000006,-0.0005522805188918497,0.1925074489126574,-0.0021964244964383563,-0.005061072635732553,-1.0395008422878858,2.0797667426168034,0.005057878040981454,-1.0387814889486122,2.078398934661115,-0.05218152469216607,0.10975178316759276,0.05639925447382292,-0.21330681757850198,0.2731468455575672,-0.5192989582851695,0.21249704002569597,0.43389282498225273,-0.824952965799146,-0.8562819430113675,-0.6555252447402603,-2.929936026967235,0.7637857149759325,-1.3819911651521768,-9.337485044942364
0.024000000000000007,-0.0006712203945960072,0.1927117582557547,-0.001982931143419976,-0.005461545385928153,-1.0390400790305763,2.0788907043783453,0.005455870606520462,-1.0379246162456526,2.0767696167826553,-0.05685561247566814,0.10496329247050848,0.0873213931143513,-0.2062697852281753,0.24625622866964803,-0.4681862034678742,0.20509313630664874,0.4304335824330528,-0.8184283840497093,-0.8278027628184291,-0.6778140739112967,-3.112356952835164,0.7519108182960013,-1.3801313543652756,-9.313135466695973
0.02600000000000001,-0.0007901602703001647,0.192916067598852,-0.0017694377904015953,-0.005862018136123754,-1.0385793157732666,2.0780146661398873,0.005853863172059471,-1.0370677435426927,2.075140298904195,-0.061529700259170206,0.10017480177342421,0.11824353175487969,-0.19923275287784858,0.21936561178172892,-0.4170734486505788,0.19768923258760152,0.4269743398838529,-0.8119038023002725,-0.7993235826254907,-0.700102903082333,-3.2947778787030924,0.7400359216160699,-1.3782715435783746,-9.288785888449581
0.02800000000000001,-0.0009091001460043223,0.1931203769419493,-0.0015559444373832148,-0.006262490886319354,-1.038118552515957,2.0771386279014292,0.006251855737598479,-1.036210870839733,2.073510981025735,-0.06620378804267228,0.09538631107633992,0.14916567039540807,-0.1921957205275219,0.19247499489380976,-0.36596069383328345,0.1902853288685543,0.42351509733465303,-0.8053792205508358,-0.7708444024325523,-0.7223917322533693,-3.477198804571021,0.7281610249361387,-1.3764117327914733,-9.264436310203191
0.030000000000000013,-0.00102804002170848,0.1933246862850466,-0.0013424510843648323,-0.006662963636514954,-1.0376577892586476,2.076262589662971,0.006649848303137487,-1.0353539981367734,2.071881663147275,-0.07087787582617434,0.09059782037925565,0.1800878090359364,-0.18515868817719522,0.16558437800589068,-0.3148479390159882,0.1828814251495071,0.42005585478545315,-0.7988546388013991,-0.742365222239614,-0.7446805614244056,-3.6596197304389495,0.7162861282562073,-1.374551922004572,-9.2400867319568
0.032000000000000015,-0.001190524172221965,0.19348573597584012,-0.0008625436535418006,-0.007019426491866982,-1.0374388510102646,2.075846272547436,0.0069986851618291145,-1.0345285015770624,2.0703115002987267,-0.07492563606163757,0.08669954579282514,0.2029246039786387,-0.1830116846121081,0.14390275532096095,-0.2736238758952613,0.18006841448544106,0.4172398606157561,-0.7935477488087123,-0.723982689274245,-0.7631141339315765,-3.8129806246635245,0.6952035697529876,-1.3721766014843728,-9.21109780460107
0.034000000000000016,-0.00135300832273545,0.19364678566663363,-0.0003826362227187689,-0.007375889347219009,-1.0372199127618815,2.075429955431901,0.007347522020520742,-1.0337030050173512,2.068741337450178,-0.07897339629710082,0.08280127120639463,0.22576139892134103,-0.18086468104702097,0.12222113263603124,-0.23239981277453453,0.177255403821375,0.414423866446059,-0.7882408588160255,-0.7056001563088762,-0.7815477064387473,-3.9663415188880995,0.674121011249768,-1.3698012809641733,-9.182108877245339
0.03600000000000002,-0.0015154924732489348,0.19380783535742716,9.727120810426267e-05,-0.007732352202571037,-1.0370009745134987,2.0750136383163653,0.007696358879212368,-1.0328775084576403,2.0671711746016297,-0.08302115653256403,0.07890299661996411,0.24859819386404333,-0.17871767748193385,0.10053950995110152,-0.1911757496538077,0.17444239315730897,0.4116078722763619,-0.7829339688233388,-0.6872176233435072,-0.7999812789459181,-4.119702413112674,0.6530384527465483,-1.367425960443974,-9.153119949889609
0.03800000000000002,-0.0016779766237624198,0.19396888504822066,0.0005771786389272943,-0.008088815057923065,-1.0367820362651157,2.07459732120083,0.008045195737903996,-1.032052011897929,2.065601011753081,-0.08706891676802728,0.0750047220335336,0.27143498880674566,-0.1765706739168467,0.07885788726617181,-0.14995168653308089,0.17162938249324292,0.40879187810666484,-0.777627078830652,-0.6688350903781384,-0.8184148514530889,-4.2730633073372495,0.6319558942433287,-1.3650506399237745,-9.124131022533879
0.04000000000000002,-0.0018404607742759053,0.1941299347390142,0.0010570860697503284,-0.008445277913275092,-1.0365630980167326,2.074181004085295,0.008394032596595623,-1.031226515338218,2.0640308489045327,-0.0911166770034905,0.07110644744710311,0.2942717837494479,-0.1744236703517596,0.057176264581242135,-0.10872762341235413,0.16881637182917691,0.40597588393696776,-0.7723201888379653,-0.6504525574127694,-0.8368484239602596,-4.426424201561823,0.6108733357401089,-1.3626753194035752,-9.095142095178149
0.04200000000000002,-0.002040629801432409,0.1942556448620501,0.0017353220568907925,-0.008796631737573399,-1.0365397044284013,2.0741365184500564,0.008729542267873173,-1.0304260639282665,2.0625078611208774,-0.09462026934661953,0.06790829404979244,0.3114251161606723,-0.17531305392800103,0.03958260271811136,-0.07527109919690994,0.16872746866974558,0.40377273218785464,-0.7681733340137229,-0.633146814635087,-0.8519930487877303,-4.554285456460058,0.5913762706737965,-1.3600281376577714,-9.06418851918066
0.044000000000000025,-0.0022407988285889128,0.19438135498508602,0.0024135580440312566,-0.009147985561871706,-1.03651631084007,2.074092032814818,0.009065051939150724,-1.029625612518315,2.0609848733372225,-0.09812386168974856,0.06471014065248179,0.3285784485718967,-0.17620243750424247,0.021988940854980578,-0.041814574981465735,0.16863856551031423,0.4015695804387415,-0.7640264791894805,-0.6158410718574047,-0.867137673615201,-4.6821467113582935,0.5718792056074842,-1.3573809559119676,-9.033234943183173
0.04600000000000003,-0.0024409678557454164,0.19450706510812196,0.0030917940311717207,-0.009499339386170012,-1.0364929172517385,2.0740475471795787,0.009400561610428274,-1.0288251611083634,2.059461885553567,-0.10162745403287758,0.061511987255171124,0.34573178098312113,-0.1770918210804839,0.004395278991849792,-0.008358050766021544,0.1685496623508829,0.39936642868962846,-0.7598796243652383,-0.5985353290797223,-0.8822822984426717,-4.810007966256529,0.5523821405411717,-1.3547337741661638,-9.002281367185685
0.04800000000000003,-0.00264113688290192,0.19463277523115788,0.003770030018312185,-0.009850693210468319,-1.0364695236634072,2.07400306154434,0.009736071281705824,-1.0280247096984119,2.0579388977699122,-0.10513104637600659,0.05831383385786047,0.3628851133943455,-0.17798120465672534,-0.01319838287128098,0.025098473449422648,0.16846075919145154,0.39716327694051534,-0.7557327695409959,-0.5812295863020399,-0.8974269232701423,-4.937869221154764,0.5328850754748593,-1.35208659242036,-8.971327791188196
0.05000000000000003,-0.002841305910058424,0.1947584853541938,0.004448266005452651,-0.010202047034766626,-1.0364461300750758,2.0739585759091015,0.010071580952983375,-1.0272242582884603,2.056415909986257,-0.10863463871913562,0.05511568046054982,0.38003844580556984,-0.1788705882329668,-0.030792044734411713,0.05855499766486676,0.16837185603202023,0.3949601251914023,-0.7515859147167536,-0.5639238435243575,-0.912571548097613,-5.065730476052999,0.513388010408547,-1.3494394106745562,-8.940374215190708
0.05200000000000003,-0.0030741296874767557,0.19485506125294458,0.005276736891619022,-0.010572394162240751,-1.0365820141872337,2.074216969780348,0.010414743329344656,-1.026443065800895,2.0549291359184725,-0.11167437608204317,0.05246445036433373,0.3931572532584801,-0.1816253349646954,-0.045182376319183336,0.08591793131626906,0.16983813633694628,0.39329751800421875,-0.7484636147922862,-0.5475402110569713,-0.9251140649658571,-5.17326011596913,0.495618929495562,-1.3465736559238266,-8.90808337640371
0.054000000000000034,-0.003306953464895087,0.19495163715169536,0.006105207777785393,-0.010942741289714876,-1.0367178982993916,2.0744753636515947,0.010757905705705938,-1.0256618733133296,2.0534423618506876,-0.11471411344495072,0.049813220268117644,0.40627606071139033,-0.184380081696424,-0.05957270790395496,0.11328086496767135,0.17130441664187235,0.3916349108170352,-0.7453413148678187,-0.531156578589585,-0.9376565818341013,-5.280789755885262,0.47784984858257706,-1.3437079011730968,-8.875792537616709
0.056000000000000036,-0.003539777242313418,0.19504821305044612,0.006933678663951764,-0.011313088417189001,-1.0368537824115496,2.074733757522841,0.01110106808206722,-1.0248806808257642,2.051955587782903,-0.11775385080785827,0.04716199017190155,0.41939486816430055,-0.1871348284281526,-0.07396303948872658,0.14064379861907367,0.1727706969467984,0.3899723036298517,-0.7422190149433514,-0.5147729461221988,-0.9501990987023454,-5.3883193958013935,0.46008076766959216,-1.3408421464223672,-8.84350169882971
0.05800000000000004,-0.003772601019731749,0.1951447889491969,0.0077621495501181345,-0.011683435544663126,-1.0369896665237075,2.074992151394088,0.011444230458428501,-1.0240994883381989,2.0504688137151184,-0.12079358817076583,0.04451076007568546,0.4325136756172108,-0.1898895751598812,-0.08835337107349822,0.16800673227047597,0.17423697725172443,0.3883096964426681,-0.739096715018884,-0.49838931365481254,-0.9627416155705896,-5.495849035717526,0.4423116867566072,-1.3379763916716376,-8.811210860042712
0.06000000000000004,-0.004005424797150081,0.19524136484794768,0.008590620436284507,-0.012053782672137251,-1.0371255506358654,2.0752505452653343,0.011787392834789785,-1.0233182958506335,2.048982039647334,-0.12383332553367336,0.04185952997946938,0.445632483070121,-0.1926443218916098,-0.10274370265826979,0.19536966592187816,0.1757032575566505,0.38664708925548463,-0.7359744150944166,-0.48200568118742626,-0.9752841324388337,-5.603378675633657,0.4245426058436223,-1.335110636920908,-8.778920021255713
0.06200000000000004,-0.004266618686552291,0.19531364732772122,0.009535056871320436,-0.012457685806179387,-1.0373922466539605,2.0757576482902915,0.012149721152194856,-1.0225513839382774,2.047522040932305,-0.1264782241063137,0.03963432681022482,0.4558639753607585,-0.19650072854779557,-0.11461550936255831,0.21793783969342406,0.17797262528954372,0.3854388305359196,-0.7337137679242087,-0.4663848702875668,-0.9857588379293205,-5.6946331065788796,0.40852698548813143,-1.3320848184230218,-8.745846185063957
0.06400000000000004,-0.004527812575954503,0.19538592980749475,0.010479493306356363,-0.012861588940221522,-1.0376589426720557,2.0762647513152492,0.012512049469599926,-1.0217844720259213,2.046062042217276,-0.129123122678954,0.03740912364098026,0.46609546765139603,-0.20035713520398135,-0.12648731606684682,0.24050601346496997,0.1802419930224369,0.3842305718163546,-0.7314531207540008,-0.45076405938770736,-0.9962335434198073,-5.785887537524103,0.3925113651326405,-1.3290589999251354,-8.712772348872202
0.06600000000000004,-0.004789006465356713,0.19545821228726828,0.01142392974139229,-0.013265492074263658,-1.0379256386901508,2.0767718543402065,0.012874377787004997,-1.021017560113565,2.0446020435022474,-0.13176802125159434,0.03518392047173569,0.4763269599420335,-0.2042135418601671,-0.13835912277113535,0.2630741872365159,0.18251136075533012,0.38302231309678964,-0.729192473583793,-0.4351432484878479,-1.006708248910294,-5.877141968469327,0.37649574477714964,-1.3260331814272492,-8.679698512680448
0.06800000000000005,-0.005050200354758924,0.19553049476704182,0.01236836617642822,-0.013669395208305794,-1.038192334708246,2.077278957365164,0.013236706104410068,-1.0202506482012088,2.0431420447872184,-0.13441291982423467,0.03295871730249113,0.486558452232671,-0.20806994851635288,-0.15023092947542385,0.28564236100806173,0.1847807284882233,0.38181405437722465,-0.7269318264135851,-0.41952243758798846,-1.0171829544007809,-5.96839639941455,0.3604801244216587,-1.323007362929363,-8.646624676488692
0.07000000000000005,-0.005311394244161135,0.19560277724681535,0.013312802611464149,-0.01407329834234793,-1.038459030726341,2.0777860603901215,0.013599034421815141,-1.0194837362888527,2.0416820460721894,-0.137057818396875,0.030733514133246573,0.4967899445233085,-0.21192635517253866,-0.16210273617971233,0.3082105347796076,0.1870500962211165,0.3806057956576597,-0.7246711792433773,-0.403901626688129,-1.0276576598912677,-6.059650830359773,0.3444645040661679,-1.3199815444314769,-8.613550840296938
0.07200000000000005,-0.005597313077397652,0.19565453207214686,0.014348580884980856,-0.014519137220738384,-1.0388341259970924,2.078499187380049,0.013986002683928831,-1.018726994165855,2.0402410244785742,-0.13936698756134208,0.028839248326145688,0.5049373219246239,-0.21639348444485676,-0.17198845359694448,0.3269947052349195,0.1896480975693971,0.3797663356874438,-0.7231103393226749,-0.3888889989369,-1.0364792480253595,-6.137818433145093,0.3301627021729287,-1.3168493432863149,-8.580151392340934
0.07400000000000005,-0.005883231910634168,0.19570628689747835,0.01538435915849756,-0.014964976099128838,-1.0392092212678437,2.0792123143699768,0.014372970946042521,-1.0179702520428575,2.0388000028849596,-0.1416761567258092,0.026944982519044803,0.5130846993259394,-0.22086061371717486,-0.18187417101417663,0.3457788756902315,0.19224609891767766,0.37892687571722794,-0.7215494994019724,-0.37387637118567096,-1.0453008361594514,-6.215986035930414,0.3158609002796895,-1.313717142141153,-8.54675194438493
0.07600000000000005,-0.006169150743870685,0.19575804172280986,0.016420137432014266,-0.015410814977519293,-1.039584316538595,2.079925441359904,0.01475993920815621,-1.0172135099198598,2.0373589812913444,-0.1439853258902763,0.025050716711943918,0.5212320767272548,-0.22532774298949296,-0.1917598884314088,0.36456304614554347,0.19484410026595825,0.3780874157470121,-0.71998865948127,-0.3588637434344419,-1.0541224242935434,-6.294153638715734,0.30155909838645034,-1.310584940995991,-8.513352496428926
0.07800000000000006,-0.006455069577107201,0.19580979654814135,0.017455915705530973,-0.015856653855909748,-1.0399594118093463,2.0806385683498316,0.015146907470269902,-1.0164567677968623,2.0359179596977297,-0.1462944950547434,0.023156450904843032,0.5293794541285702,-0.22979487226181106,-0.2016456058486409,0.3833472166008554,0.19744210161423884,0.37724795577679626,-0.7184278195605676,-0.34385111568321286,-1.0629440124276353,-6.372321241501055,0.28725729649321113,-1.3074527398508293,-8.479953048472922
0.08000000000000006,-0.006740988410343718,0.19586155137347286,0.01849169397904768,-0.016302492734300202,-1.0403345070800976,2.0813516953397593,0.015533875732383594,-1.0157000256738646,2.0344769381041146,-0.14860366421921048,0.021262185097742154,0.5375268315298857,-0.23426200153412916,-0.211531323265873,0.4021313870561673,0.20004010296251942,0.3764084958065804,-0.7168669796398651,-0.32883848793198384,-1.071765600561727,-6.450488844286375,0.27295549459997204,-1.3043205387056676,-8.446553600516916
0.08200000000000006,-0.007048534212226644,0.19589569988655997,0.01960096662887342,-0.016794709257773082,-1.040800301814052,2.0822371122923498,0.01594719506848037,-1.014950160385941,2.033048643927154,-0.1506276488282131,0.019624272928940444,0.5441566446231592,-0.2390310681255351,-0.21984620192458426,0.4179205962662101,0.2026760201476682,0.3758606121909078,-0.7158596345832635,-0.31428904716961525,-1.079258126248466,-6.518085333962046,0.26029403047996347,-1.3011280107238872,-8.413189824060597
0.08400000000000006,-0.00735608001410957,0.19592984839964706,0.02071023927869916,-0.017286925781245965,-1.0412660965480065,2.0831225292449402,0.01636051440457715,-1.0142002950980173,2.0316203497501926,-0.15265163343721577,0.017986360760138733,0.5507864577164328,-0.24380013471694104,-0.2281610805832955,0.4337098054762529,0.20531193733281697,0.3753127285752351,-0.7148522895266619,-0.29973960640724673,-1.0867506519352048,-6.585681823637716,0.24763256635995495,-1.2979354827421068,-8.379826047604277
0.08600000000000006,-0.007663625815992496,0.19596399691273417,0.021819511928524896,-0.017779142304718845,-1.0417318912819609,2.0840079461975303,0.01677383374067393,-1.0134504298100937,2.030192055573232,-0.1546756180462184,0.016348448591337023,0.5574162708097063,-0.24856920130834698,-0.23647595924200676,0.4494990146862957,0.20794785451796574,0.37476484495956247,-0.7138449444700603,-0.28519016564487815,-1.094243177621944,-6.653278313313387,0.2349711022399464,-1.2947429547603264,-8.346462271147958
0.08800000000000006,-0.007971171617875422,0.19599814542582125,0.022928784578350635,-0.018271358828191725,-1.0421976860159154,2.0848933631501207,0.017187153076770708,-1.0127005645221703,2.0287637613962706,-0.15669960265522104,0.014710536422535312,0.5640460839029798,-0.2533382678997529,-0.24479083790071804,0.4652882238963385,0.21058377170311451,0.3742169613438898,-0.7128375994134587,-0.27064072488250956,-1.1017357033086828,-6.720874802989058,0.2223096381199379,-1.291550426778546,-8.313098494691639
0.09000000000000007,-0.00827871741975835,0.19603229393890836,0.02403805722817638,-0.018763575351664608,-1.0426634807498698,2.0857787801027112,0.017600472412867486,-1.0119506992342466,2.02733546721931,-0.15872358726422367,0.013072624253733608,0.5706758969962534,-0.25810733449115886,-0.2531057165594292,0.4810774331063812,0.2132196888882633,0.37366907772821717,-0.7118302543568571,-0.25609128412014104,-1.1092282289954216,-6.7884712926647275,0.2096481739999294,-1.2883578987967654,-8.27973471823532
0.09200000000000007,-0.00860526001296302,0.1960510960028745,0.025207775672959835,-0.019304170128848035,-1.043205957057788,2.0868097512258426,0.018039591847685964,-1.0112051337027628,2.0259150076386687,-0.16050559546782714,0.011632720211644588,0.5761912784223314,-0.2629906800661169,-0.2601747454463029,0.4944895704246865,0.2157233549664508,0.37334709805970573,-0.7112518767799961,-0.2418720229228737,-1.1156457660468948,-6.847487634984361,0.19853863882707992,-1.2851423435829412,-8.246680026196142
0.09400000000000007,-0.00893180260616769,0.1960698980668406,0.026377494117743292,-0.01984476490603146,-1.0437484333657066,2.0878407223489734,0.01847871128250444,-1.0104595681712791,2.0244945480580276,-0.1622876036714306,0.010192816169555566,0.5817066598484095,-0.267874025641075,-0.2672437743331766,0.5079017077429918,0.21822702104463826,0.37302511839119434,-0.710673499203135,-0.22765276172560636,-1.1220633030983678,-6.906503977303994,0.18742910365423043,-1.2819267883691168,-8.213625334156964
0.09600000000000007,-0.00925834519937236,0.19608870013080676,0.02754721256252675,-0.020385359683214886,-1.0442909096736248,2.0888716934721048,0.018917830717322913,-1.0097140026397955,2.0230740884773866,-0.16406961187503408,0.008752912127466546,0.5872220412744876,-0.272757371216033,-0.27431280322005025,0.5213138450612971,0.22073068712282576,0.3727031387226829,-0.7100951216262741,-0.213433500528339,-1.128480840149841,-6.965520319623627,0.17631956848138094,-1.2787112331552926,-8.180570642117786
0.09800000000000007,-0.00958488779257703,0.19610750219477288,0.028716931007310206,-0.02092595446039831,-1.0448333859815433,2.0899026645952357,0.019356950152141388,-1.0089684371083116,2.021653628896746,-0.16585162007863755,0.007313008085377524,0.5927374227005656,-0.27764071679099106,-0.2813818321069239,0.5347259823796023,0.22323435320101323,0.37238115905417146,-0.7095167440494131,-0.19921423933107169,-1.1348983772013141,-7.02453666194326,0.16521003330853146,-1.2754956779414681,-8.147515950078606
0.10000000000000007,-0.0099114303857817,0.196126304258739,0.029886649452093666,-0.021466549237581737,-1.0453758622894616,2.090933635718367,0.019796069586959866,-1.008222871576828,2.020233169316105,-0.167633628282241,0.005873104043288509,0.5982528041266437,-0.2825240623659491,-0.2884508609937976,0.5481381196979075,0.2257380192792007,0.3720591793856601,-0.7089383664725522,-0.18499497813380433,-1.1413159142527871,-7.0835530042628925,0.15410049813568202,-1.2722801227276437,-8.114461258039428
0.10200000000000008,-0.010254739591544406,0.19613150292010928,0.031107195780584195,-0.02205607416197756,-1.0459838882307257,2.0920889133600564,0.020259155637583057,-1.0074796236645258,2.0188167800266186,-0.1692106212944088,0.00458568554981372,0.6029435355484797,-0.2874141045608987,-0.29452918631379654,0.5596584869912351,0.22801743721014633,0.3719097709740596,-0.7086877591654377,-0.17098559515535153,-1.1468584901260506,-7.135569814557404,0.1444509061961355,-1.269070477346101,-8.081913944029733
0.10400000000000008,-0.010598048797307111,0.19613670158147953,0.03232774210907472,-0.02264559908637338,-1.04659191417199,2.0932441910017463,0.020722241688206248,-1.0067363757522236,2.017400390737132,-0.1707876143065766,0.003298267056338931,0.6076342669703156,-0.29230414675584837,-0.30060751163379557,0.5711788542845628,0.23029685514109194,0.3717603625624591,-0.7084371518583231,-0.1569762121768987,-1.1524010659993138,-7.187586624851915,0.13480131425658898,-1.2658608319645581,-8.049366630020035
0.10600000000000008,-0.010941358003069817,0.1961419002428498,0.03354828843756526,-0.0232351240107692,-1.0471999401132541,2.0943994686434357,0.02118532773882944,-1.0059931278399215,2.0159840014476456,-0.17236460731874442,0.0020108485628641424,0.6123249983921517,-0.297194188950798,-0.30668583695379453,0.5826992215778904,0.23257627307203757,0.3716109541508586,-0.7081865445512087,-0.1429668291984459,-1.1579436418725773,-7.239603435146425,0.12515172231704247,-1.2626511865830152,-8.016819316010338
0.10800000000000008,-0.011284667208832522,0.19614709890422005,0.03476883476605579,-0.023824648935165022,-1.047807966054518,2.095554746285125,0.02164841378945263,-1.0052498799276193,2.0145676121581593,-0.17394160033091222,0.0007234300693893534,0.6170157298139877,-0.3020842311457477,-0.31276416227379356,0.5942195888712181,0.2348556910029832,0.3714615457392581,-0.7079359372440942,-0.12895744621999308,-1.1634862177458407,-7.291620245440936,0.11550213037749596,-1.2594415412014723,-7.984272002000641
0.11000000000000008,-0.011627976414595228,0.19615229756559033,0.035989381094546316,-0.024414173859560847,-1.0484159919957823,2.0967100239268146,0.022111499840075825,-1.004506632015317,2.013151222868673,-0.17551859334308,-0.0005639884240854296,0.6217064612358236,-0.30697427334069727,-0.3188424875937925,0.6057399561645456,0.2371351089339288,0.3713121373276576,-0.7076853299369797,-0.11494806324154026,-1.169028793619104,-7.343637055735447,0.10585253843794952,-1.2562318958199294,-7.951724687990945
0.11200000000000009,-0.011986164447221326,0.19614523318271068,0.037253616664007304,-0.02505238614291661,-1.049080704532832,2.0979726765256714,0.0225960673053442,-1.0037641931145986,2.011736038283364,-0.17692223542419608,-0.00173433670237285,0.6257832631722969,-0.3118159815542222,-0.3241309894978024,0.61575072289053,0.23914816663337274,0.3712937623509114,-0.707683639725092,-0.10104074443703534,-1.17385441741253,-7.38991264781868,0.09757400640552462,-1.2530497093408062,-7.9198216252935465
0.11400000000000009,-0.012344352479847423,0.19613816879983104,0.03851785223346829,-0.025690598426272374,-1.049745417069882,2.099235329124528,0.023080634770612573,-1.0030217542138802,2.010320853698055,-0.17832587750531215,-0.0029046849806602703,0.6298600651087701,-0.31665768976774705,-0.32941949140181226,0.6257614896165143,0.2411612243328167,0.37127538737416516,-0.7076819495132042,-0.0871334256325304,-1.1786800412059562,-7.436188239901915,0.08929547437309972,-1.2498675228616827,-7.887918562596147
0.11600000000000009,-0.01270254051247352,0.19613110441695142,0.03978208780292928,-0.026328810709628135,-1.0504101296069317,2.1004979817233846,0.023565202235880947,-1.0022793153131617,2.008905669112746,-0.1797295195864282,-0.00407503325894769,0.6339368670452434,-0.321499397981272,-0.3347079933058222,0.6357722563424987,0.24317428203226063,0.371257012397419,-0.7076802593013165,-0.0732261068280255,-1.1835056649993823,-7.482463831985149,0.08101694234067482,-1.2466853363825594,-7.856015499898749
0.11800000000000009,-0.013060728545099619,0.19612404003407177,0.04104632337239027,-0.0269670229929839,-1.0510748421439815,2.1017606343222415,0.02404976970114932,-1.0015368764124435,2.0074904845274375,-0.18113316166754426,-0.005245381537235111,0.6380136689817167,-0.32634110619479684,-0.33999649520983205,0.6457830230684831,0.2451873397317046,0.37123863742067276,-0.7076785690894287,-0.05931878802352056,-1.1883312887928084,-7.528739424068384,0.07273841030824992,-1.2435031499034361,-7.82411243720135
0.12000000000000009,-0.013418916577725717,0.19611697565119213,0.042310558941851255,-0.027605235276339665,-1.0517395546810313,2.103023286921098,0.024534337166417695,-1.000794437511725,2.0060752999421285,-0.18253680374866033,-0.006415729815522526,0.64209047091819,-0.33118281440832176,-0.3452849971138419,0.6557937897944673,0.2472003974311485,0.37122026244392653,-0.7076768788775409,-0.045411469219015635,-1.1931569125862345,-7.575015016151618,0.06445987827582508,-1.2403209634243126,-7.792209374503952
0.1220000000000001,-0.01379038927667481,0.19609867580055762,0.04361315865609581,-0.0282915250233263,-1.0524538791231646,2.10437978534028,0.025037647858672903,-1.0000516601668343,2.0046591401693377,-0.18379428191942557,-0.007496464761207087,0.64570852286219,-0.33595535710888597,-0.34994218255096987,0.6645965284824956,0.24893612912539492,0.3713020006801931,-0.7078653920923199,-0.03151018109437115,-1.1973907872782306,-7.616553548698571,0.05747039961102586,-1.2371816377075922,-7.761039257132879
0.1240000000000001,-0.014161861975623904,0.19608037594992314,0.044915758370340356,-0.028977814770312936,-1.0531682035652978,2.105736283759462,0.02554095855092811,-0.9993088828219439,2.0032429803965472,-0.1850517600901908,-0.00857719970689165,0.64932657480619,-0.3407278998094502,-0.3545993679880979,0.6733992671705239,0.2506718608196413,0.3713837389164596,-0.7080539053070989,-0.017608892969726665,-1.2016246619702267,-7.658092081245523,0.05048092094622663,-1.2340423119908719,-7.7298691397618065
0.12600000000000008,-0.014533334674572995,0.19606207609928863,0.046218358084584896,-0.029664104517299568,-1.053882528007431,2.107092782178644,0.026044269243183316,-0.9985661054770533,2.001826820623757,-0.18630923826095605,-0.009657934652576205,0.6529446267501899,-0.3455004425100144,-0.35925655342522583,0.6822020058585521,0.2524075925138877,0.37146547715272615,-0.708242418521878,-0.0037076048450822782,-1.2058585366622225,-7.699630613792475,0.043491442281427456,-1.2309029862741514,-7.698699022390733
0.12800000000000009,-0.014904807373522087,0.19604377624865416,0.04752095779882944,-0.030350394264286203,-1.0545968524495641,2.108449280597826,0.026547579935438523,-0.9978233281321627,2.000410660850966,-0.1875667164317213,-0.010738669598260767,0.6565626786941899,-0.3502729852105786,-0.3639137388623538,0.6910047445465803,0.2541433242081341,0.37154721538899266,-0.7084309317366569,0.010193683279562209,-1.2100924113542186,-7.741169146339428,0.03650196361662823,-1.227763660557431,-7.667528905019661
0.1300000000000001,-0.015276280072471182,0.19602547639801965,0.048823557513074,-0.031036684011272842,-1.0553111768916974,2.109805779017008,0.02705089062769373,-0.9970805507872722,1.9989945010781756,-0.18882419460248653,-0.011819404543945323,0.6601807306381899,-0.35504552791114286,-0.36857092429948174,0.6998074832346085,0.25587905590238047,0.3716289536252592,-0.7086194449514359,0.0240949714042067,-1.2143262860462147,-7.782707678886379,0.029512484951829072,-1.2246243348407104,-7.636358787648588
0.1320000000000001,-0.015659695739574885,0.1959967266600746,0.05016054013637962,-0.031770351392469635,-1.0560694506789525,2.1112452807051705,0.02757019913039898,-0.9963365494791686,1.9975756836231118,-0.18995892261377492,-0.012831716497341243,0.6634558152563563,-0.3597501496129328,-0.37272202764190177,0.7076404354968012,0.25734537223535403,0.37178909740378624,-0.7089569421408138,0.03807538379356563,-1.2180678811912415,-7.820312054424057,0.023738898294761123,-1.2215383987945942,-7.605974128864415
0.1340000000000001,-0.01604311140667859,0.19596797692212953,0.05149752275968524,-0.03250401877366643,-1.0568277244662077,2.1126847823933326,0.028089507633104225,-0.995592548171065,1.9961568661680482,-0.1910936506250633,-0.01384402845073716,0.6667308998745228,-0.3644547713147227,-0.3768731309843218,0.715473387758994,0.2588116885683276,0.3719492411823133,-0.7092944393301917,0.05205579618292455,-1.2218094763362684,-7.857916429961733,0.017965311637693174,-1.218452462748478,-7.575589470080242
0.1360000000000001,-0.016426527073782293,0.19593922718418444,0.052834505382990865,-0.03323768615486322,-1.0575859982534628,2.114124284081495,0.02860881613580947,-0.9948485468629614,1.9947380487129847,-0.1922283786363517,-0.01485634040413308,0.6700059844926893,-0.3691593930165126,-0.3810242343267418,0.7233063400211868,0.26027800490130115,0.37210938496084034,-0.7096319365195696,0.06603620857228347,-1.2255510714812954,-7.895520805499411,0.012191724980625224,-1.215366526702362,-7.5452048112960695
0.1380000000000001,-0.016809942740885996,0.19591047744623938,0.054171488006296495,-0.03397135353606002,-1.0583442720407177,2.1155637857696576,0.029128124638514715,-0.9941045455548578,1.993319231257921,-0.1933631066476401,-0.015868652357528996,0.6732810691108558,-0.37386401471830255,-0.3851753376691618,0.7311392922833796,0.2617443212342747,0.37226952873936736,-0.7099694337089475,0.0800166209616424,-1.2292926666263222,-7.933125181037087,0.006418138323557275,-1.2122805906562455,-7.514820152511897
0.1400000000000001,-0.0171933584079897,0.19588172770829432,0.05550847062960212,-0.034705020917256815,-1.0591025458279728,2.1170032874578197,0.029647433141219964,-0.9933605442467544,1.9919004138028575,-0.19449783465892848,-0.016880964310924913,0.6765561537290223,-0.3785686364200925,-0.3893264410115818,0.7389722445455723,0.2632106375672483,0.3724296725178944,-0.7103069308983253,0.09399703335100135,-1.233034261771349,-7.970729556574764,0.0006445516664893924,-1.2091946546101293,-7.484435493727724
0.1420000000000001,-0.017587593173033916,0.19584312743510415,0.056876863611913665,-0.03548545467071007,-1.059900222185729,2.1185170722321045,0.030180133224773368,-0.9926146103413791,1.9904775919762026,-0.19553005744335433,-0.017841102228607367,0.6795757239957098,-0.38322078061091824,-0.3930703918876326,0.7460235561566554,0.26442644911430185,0.3726543263659995,-0.710767043086854,0.10813175729446925,-1.2363627851772012,-8.005042689365288,-0.003976602315081618,-1.2061689686881774,-7.454863138255076
0.1440000000000001,-0.01798182793807813,0.195804527161914,0.05824525659422521,-0.03626588842416332,-1.060697898543485,2.1200308570063897,0.030712833308326776,-0.9918686764360038,1.9890547701495476,-0.19656228022778022,-0.018801240146289817,0.6825952942623972,-0.38787292480174407,-0.39681434276368344,0.7530748677677385,0.26564226066135543,0.37287898021410465,-0.7112271552753828,0.12226648123793717,-1.2396913085830537,-8.039355822155812,-0.00859775629665263,-1.2031432827662256,-7.425290782782429
0.1460000000000001,-0.018376062703122347,0.1957659268887238,0.05961364957653676,-0.037046322177616574,-1.061495574901241,2.1215446417806745,0.031245533391880183,-0.9911227425306287,1.9876319483228928,-0.19759450301220607,-0.019761378063972268,0.6856148645290846,-0.3925250689925699,-0.4005582936397342,0.7601261793788217,0.266858072208409,0.37310363406220975,-0.7116872674639115,0.13640120518140508,-1.2430198319889059,-8.073668954946335,-0.013218910278223639,-1.2001175968442737,-7.395718427309781
0.1480000000000001,-0.018770297468166563,0.19572732661553363,0.06098204255884831,-0.03782675593106983,-1.062293251258997,2.1230584265549592,0.03177823347543359,-0.9903768086252535,1.9862091264962378,-0.19862672579663196,-0.020721515981654722,0.688634434795772,-0.3971772131833957,-0.404302244515785,0.7671774909899047,0.2680738837554626,0.37332828791031486,-0.7121473796524402,0.15053592912487299,-1.246348355394758,-8.10798208773686,-0.01784006425979465,-1.1970919109223217,-7.366146071837132
0.1500000000000001,-0.01916453223321078,0.19568872634234347,0.062350435541159856,-0.038607189684523084,-1.063090927616753,2.124572211329244,0.032310933558986996,-0.9896308747198783,1.984786304669583,-0.19965894858105782,-0.021681653899337173,0.6916540050624594,-0.40182935737422154,-0.4080461953918358,0.7742288026009878,0.2692896953025162,0.37355294175841997,-0.7126074918409689,0.16467065306834092,-1.2496768788006105,-8.142295220527384,-0.0224612182413656,-1.1940662250003697,-7.336573716364485
0.1520000000000001,-0.019568651034262367,0.19564073269804677,0.06374803183987755,-0.03943398232137993,-1.0639243403372405,2.1261532333202355,0.0328546417812919,-0.9888824048509781,1.9833583313785428,-0.20060626340587925,-0.022601956407879417,0.6944847238182001,-0.4064537076713161,-0.41146094597465044,0.7806466522897065,0.2702800413417676,0.37383474948596707,-0.7131762939438856,0.1790257099188003,-1.2526555414548368,-8.173832416916333,-0.025983505903702433,-1.1911050676752624,-7.30782387774806
0.1540000000000001,-0.01997276983531395,0.1955927390537501,0.06514562813859526,-0.04026077495823678,-1.064757753057728,2.1277342553112266,0.033398350003596804,-0.9881339349820779,1.9819303580875025,-0.20155357823070072,-0.023522258916421658,0.6973154425739408,-0.41107805796841074,-0.4148756965574651,0.7870645019784251,0.271270387381019,0.3741165572135141,-0.7137450960468023,0.19338076676925964,-1.2556342041090633,-8.205369613305283,-0.029505793566039263,-1.188143910350155,-7.279074039131635
0.1560000000000001,-0.02037688863636554,0.1955447454094534,0.06654322443731296,-0.04108756759509363,-1.0655911657782153,2.1293152773022177,0.033942058225901704,-0.9873854651131778,1.9805023847964622,-0.20250089305552219,-0.024442561424963902,0.7001461613296814,-0.41570240826550536,-0.41829044714027974,0.7934823516671438,0.27226073342027046,0.37439836494106116,-0.7143138981497189,0.207735823619719,-1.2586128667632899,-8.236906809694233,-0.0330280812283761,-1.1851827530250476,-7.250324200515211
0.1580000000000001,-0.020781007437417124,0.19549675176515674,0.06794082073603067,-0.041914360231950484,-1.0664245784987025,2.1308962992932092,0.034485766448206605,-0.9866369952442776,1.979074411505422,-0.20344820788034362,-0.025362863933506147,0.7029768800854221,-0.4203267585626,-0.4217051977230944,0.7999002013558625,0.2732510794595219,0.37468017266860826,-0.7148827002526355,0.2220908804701784,-1.2615915294175162,-8.268444006083183,-0.03655036889071293,-1.18222159569994,-7.221574361898785
0.16000000000000011,-0.021185126238468712,0.19544875812086004,0.06933841703474837,-0.042741152868807336,-1.06725799121919,2.1324773212842003,0.035029474670511505,-0.9858885253753775,1.977646438214382,-0.2043955227051651,-0.026283166442048388,0.7058075988411627,-0.4249511088596946,-0.425119948305909,0.8063180510445811,0.2742414254987733,0.3749619803961553,-0.7154515023555521,0.23644593732063776,-1.2645701920717427,-8.299981202472132,-0.0400726565530497,-1.1792604383748326,-7.19282452328236
0.16200000000000012,-0.021598358662048053,0.1953917210352887,0.0707635941703505,-0.04361417708503932,-1.0681241660723768,2.134119849578451,0.0355820763267588,-0.9851369616615518,1.9762122521383907,-0.2052733324830503,-0.027172856673840236,0.7085003825045066,-0.42957867453870774,-0.42826652317954417,0.812218358047607,0.27503469563278016,0.37529903648415874,-0.7161254531471777,0.2510787993071037,-1.2672495676378497,-8.329155767005963,-0.04253993418675876,-1.1763664630120996,-7.164898502488857
0.16400000000000012,-0.022011591085627395,0.19533468394971737,0.07218877130595262,-0.0444872013012713,-1.0689903409255634,2.135762377872701,0.03613467798300608,-0.9843853979477262,1.9747780660623995,-0.2061511422609355,-0.028062546905632087,0.7111931661678506,-0.4342062402177209,-0.43141309805317934,0.8181186650506329,0.2758279657667871,0.37563609257216213,-0.7167994039388031,0.2657116612935696,-1.2699289432039567,-8.358330331539795,-0.04500721182046782,-1.1734724876493665,-7.136972481695352
0.16600000000000012,-0.022424823509206736,0.19527764686414603,0.07361394844155475,-0.04536022551750328,-1.0698565157787503,2.137404906166951,0.03668727963925337,-0.9836338342339005,1.9733438799864083,-0.2070289520388207,-0.028952237137423936,0.7138859498311944,-0.4388338058967341,-0.4345596729268145,0.8240189720536587,0.27662123590079396,0.3759731486601655,-0.7174733547304286,0.2803445232800355,-1.2726083187700636,-8.387504896073626,-0.04747448945417688,-1.1705785122866335,-7.1090464609018476
0.16800000000000012,-0.022838055932786077,0.19522060977857472,0.07503912557715689,-0.04623324973373526,-1.0707226906319371,2.1390474344612014,0.037239881295500654,-0.9828822705200748,1.971909693910417,-0.20790676181670592,-0.029841927369215784,0.7165787334945383,-0.4434613715757473,-0.4377062478004497,0.8299192790566846,0.27741450603480083,0.3763102047481689,-0.7181473055220541,0.2949773852665014,-1.2752876943361706,-8.416679460607458,-0.04994176708788594,-1.1676845369239004,-7.081120440108344
0.17000000000000012,-0.023251288356365418,0.19516357269300338,0.07646430271275902,-0.04710627394996724,-1.0715888654851238,2.1406899627554514,0.03779248295174794,-0.9821307068062493,1.9704755078344258,-0.20878457159459113,-0.030731617601007632,0.7192715171578821,-0.44808893725476046,-0.4408528226740849,0.8358195860597105,0.27820777616880776,0.3766472608361723,-0.7188212563136795,0.3096102472529673,-1.2779670699022778,-8.445854025141289,-0.052409044721594945,-1.1647905615611673,-7.053194419314839
0.17200000000000013,-0.02367300873230114,0.19509776285354752,0.0779158826882548,-0.048025737698214305,-1.072485366878946,2.1423892891585297,0.038352158187315716,-0.9813754869502407,1.969034038305844,-0.2096064848433273,-0.03159740736852562,0.7218647505881,-0.4527556298590822,-0.4437783556717691,0.8412917964958838,0.2788344487825859,0.37704222286424116,-0.719605518258122,0.32457021569638017,-1.2803877803893218,-8.472997736789752,-0.05385581887855343,-1.1619656317821163,-7.026091227152641
0.17400000000000013,-0.02409472910823686,0.19503195301409162,0.07936746266375058,-0.04894520144646137,-1.0733818682727685,2.144088615561608,0.03891183342288349,-0.9806202670942321,1.9675925687772622,-0.2104283980920635,-0.032463197136043606,0.7244579840183178,-0.457422322463404,-0.4467038886694533,0.8467640069320571,0.27946112139636403,0.37743718489231004,-0.7203897802025644,0.3395301841397931,-1.282808490876366,-8.500141448438216,-0.055302593035511924,-1.1591407020030655,-6.998988034990441
0.17600000000000013,-0.02451644948417258,0.19496614317463576,0.08081904263924637,-0.04986466519470843,-1.0742783696665907,2.145787941964686,0.03947150865845126,-0.9798650472382237,1.9661510992486804,-0.2112503113407997,-0.0333289869035616,0.7270512174485357,-0.4620890150677257,-0.44962942166713754,0.8522362173682304,0.28008779401014217,0.3778321469203789,-0.7211740421470068,0.35449015258320593,-1.28522920136341,-8.527285160086679,-0.05674936719247042,-1.1563157722240145,-6.971884842828243
0.17800000000000013,-0.024938169860108304,0.1949003333351799,0.08227062261474216,-0.050784128942955496,-1.075174871060413,2.1474872683677644,0.04003118389401904,-0.9791098273822151,1.9647096297200985,-0.2120722245895359,-0.034194776671079584,0.7296444508787536,-0.4667557076720475,-0.45255495466482176,0.8577084278044038,0.2807144666239203,0.3782271089484478,-0.7219583040914491,0.36945012102661884,-1.287649911850454,-8.554428871735144,-0.05819614134942891,-1.1534908424449635,-6.9447816506660445
0.18000000000000013,-0.025359890236044024,0.19483452349572403,0.08372220259023795,-0.05170359269120256,-1.0760713724542352,2.1491865947708426,0.040590859129586813,-0.9783546075262066,1.9632681601915167,-0.2128941378382721,-0.035060566438597576,0.7322376843089714,-0.4714224002763693,-0.455480487662506,0.8631806382405771,0.28134113923769843,0.3786220709765167,-0.7227425660358915,0.3844100894700317,-1.2900706223374983,-8.581572583383608,-0.059642915506387346,-1.1506659126659124,-6.917678458503845
0.18200000000000013,-0.025789601522277005,0.19476015509940334,0.08519933657929332,-0.05267008606435227,-1.0769961762054399,2.15093879135888,0.041156102564412475,-0.9775951228065276,1.9618182470190502,-0.2136723289181852,-0.03590710516246656,0.7347590073746472,-0.47616878321639594,-0.4582204326159351,0.8682919447306309,0.2818337084297969,0.37908146615609345,-0.7236496916912649,0.39973836853872113,-1.2922655332974329,-8.606952342161515,-0.06009476514618106,-1.1479118278263505,-6.891400563443895
0.18400000000000014,-0.026219312808509986,0.19468578670308265,0.08667647056834869,-0.05363657943750199,-1.0779209799566445,2.152690987946918,0.041721345999238144,-0.9768356380868486,1.9603683338465836,-0.21445051999809828,-0.036753643886335556,0.7372803304403228,-0.4809151661564226,-0.46096037756936425,0.8734032512206847,0.28232627762189527,0.3795408613356702,-0.7245568173466382,0.4150666476074105,-1.2944604442573675,-8.632332100939422,-0.060546614785974784,-1.1451577429867885,-6.865122668383944
0.18600000000000014,-0.026649024094742967,0.19461141830676196,0.08815360455740406,-0.0546030728106517,-1.0788457837078491,2.1544431845349554,0.04228658943406381,-0.9760761533671696,1.958918420674117,-0.21522871107801136,-0.03760018261020454,0.7398016535059986,-0.48566154909644926,-0.4637003225227934,0.8785145577107385,0.28281884681399366,0.380000256515247,-0.7254639430020117,0.4303949266760999,-1.2966553552173021,-8.65771185971733,-0.060998464425768506,-1.1424036581472266,-6.838844773323994
0.18800000000000014,-0.027078735380975952,0.19453704991044127,0.08963073854645945,-0.05556956618380142,-1.0797705874590537,2.1561953811229926,0.04285183286888948,-0.9753166686474906,1.9574685075016505,-0.21600690215792445,-0.03844672133407353,0.7423229765716743,-0.4904079320364759,-0.4664402674762225,0.8836258642007924,0.28331141600609205,0.38045965169482376,-0.726371068657385,0.44572320574478935,-1.2988502661772368,-8.683091618495236,-0.06145031406556223,-1.1396495733076646,-6.812566878264043
0.19000000000000014,-0.027508446667208933,0.19446268151412058,0.09110787253551482,-0.05653605955695114,-1.0806953912102584,2.15794757771103,0.04341707630371515,-0.9745571839278115,1.9560185943291841,-0.21678509323783754,-0.03929326005794252,0.74484429963735,-0.4951543149765026,-0.4691802124296517,0.8887371706908461,0.28380398519819044,0.3809190468744006,-0.7272781943127584,0.46105148481347874,-1.3010451771371716,-8.708471377273144,-0.06190216370535594,-1.1368954884681026,-6.786288983204092
0.19200000000000014,-0.027945764818070797,0.19437993063229758,0.09260994324826555,-0.057550582398101076,-1.0816467761583786,2.1597492903938345,0.04398670179701395,-0.9737927491497156,1.9545589303592523,-0.2175297434682518,-0.040123623023084726,0.7473129799746375,-0.5000197899669933,-0.47175994944357685,0.8935355874982102,0.28419211015043727,0.38145097798997224,-0.7283237566937854,0.4761085630348039,-1.3030676713104374,-8.732573197463172,-0.0622212721052879,-1.1341776888495632,-6.7605119628197246
0.19400000000000014,-0.028383082968932657,0.19429717975047459,0.09411201396101627,-0.058565105239251014,-1.0825981611064988,2.1615510030766383,0.04455632729031275,-0.9730283143716196,1.9530992663893207,-0.21827439369866602,-0.040953985988226936,0.7497816603119251,-0.5048852649574839,-0.4743396864575021,0.8983340043055741,0.28458023510268404,0.38198290910554394,-0.7293693190748124,0.49116564125612916,-1.3050901654837033,-8.7566750176532,-0.06254038050521984,-1.1314598892310235,-6.734734942435357
0.19600000000000015,-0.02882040111979452,0.1942144288686516,0.095614084673767,-0.05957962808040095,-1.083549546054619,2.163352715759442,0.045125952783611555,-0.9722638795935237,1.951639602419389,-0.21901904392908025,-0.041784348953369146,0.7522503406492126,-0.5097507399479745,-0.4769194234714273,0.9031324211129381,0.2849683600549308,0.38251484022111565,-0.7304148814558393,0.5062227194774543,-1.307112659656969,-8.780776837843227,-0.0628594889051518,-1.128742089612484,-6.708957922050989
0.19800000000000015,-0.02925771927065638,0.1941316779868286,0.09711615538651773,-0.06059415092155089,-1.0845009310027391,2.1651544284422464,0.045695578276910356,-0.9714994448154277,1.9501799384494574,-0.21976369415949448,-0.04261471191851136,0.7547190209865001,-0.5146162149384651,-0.4794991604853525,0.907930837920302,0.2853564850071776,0.38304677133668735,-0.7314604438368664,0.5212797976987795,-1.309135153830235,-8.804878658033255,-0.06317859730508377,-1.1260242899939443,-6.6831809016666215
0.20000000000000015,-0.029695037421518244,0.1940489271050056,0.09861822609926846,-0.061608673762700836,-1.0854523159508593,2.16695614112505,0.04626520377020916,-0.9707350100373318,1.9487202744795258,-0.2205083443899087,-0.04344507488365357,0.7571877013237877,-0.5194816899289557,-0.4820788974992777,0.912729254727666,0.28574460995942436,0.38357870245225906,-0.7325060062178934,0.5363368759201043,-1.3111576480035008,-8.828980478223283,-0.06349770570501632,-1.1233064903754046,-6.657403881282254
0.20200000000000015,-0.03013963037808031,0.1939579364468726,0.10014484936743048,-0.06267231710389944,-1.0864287809369007,2.1688044315567314,0.04683804956209361,-0.9699649415018625,1.9472495544096493,-0.22121604902284234,-0.04426375785653662,0.7596384257951009,-0.524418368298467,-0.48451835944374166,0.917252405274894,0.2859802457954103,0.3841667243725057,-0.7336586940196713,0.5424074290859484,-1.3133762030554956,-8.85556240450639,-0.0747624577151235,-1.1201169345090563,-6.627528091039421
0.20400000000000015,-0.03058422333464238,0.1938669457887396,0.10167147263559252,-0.06373596044509805,-1.087405245922942,2.1706527219884126,0.047410895353978064,-0.9691948729663933,1.945778834339773,-0.22192375365577593,-0.04508244082941967,0.7620891502664141,-0.5293550466679782,-0.4869578213882056,0.9217755558221221,0.28621588163139633,0.3847547462927524,-0.7348113818214492,0.5484779822517927,-1.3155947581074907,-8.882144330789496,-0.08602720972523069,-1.1169273786427079,-6.597652300796588
0.20600000000000016,-0.031028816291204447,0.19377595513060658,0.10319809590375455,-0.06479960378629665,-1.0883817109089833,2.172501012420094,0.04798374114586251,-0.9684248044309242,1.9443081142698966,-0.22263145828870956,-0.045901123802302726,0.7645398747377273,-0.5342917250374893,-0.4893972833326696,0.9262987063693502,0.2864515174673823,0.3853427682129991,-0.7359640696232271,0.5545485354176368,-1.3178133131594856,-8.908726257072603,-0.09729196173533787,-1.1137378227763595,-6.567776510553754
0.20800000000000016,-0.03147340924776651,0.1936849644724736,0.10472471917191657,-0.06586324712749526,-1.0893581758950246,2.1743493028517746,0.04855658693774697,-0.9676547358954549,1.9428373942000203,-0.22333916292164316,-0.04671980677518578,0.7669905992090406,-0.5392284034070005,-0.4918367452771335,0.9308218569165783,0.28668715330336825,0.3859307901332458,-0.737116757425005,0.5606190885834811,-1.3200318682114807,-8.93530818335571,-0.10855671374544505,-1.110548266910011,-6.537900720310922
0.21000000000000016,-0.03191800220432858,0.1935939738143406,0.1062513424400786,-0.06692689046869386,-1.090334640881066,2.176197593283456,0.049129432729631425,-0.9668846673599858,1.941366674130144,-0.22404686755457676,-0.047538489748068825,0.7694413236803538,-0.5441650817765117,-0.49427620722159743,0.9353450074638063,0.2869227891393542,0.38651881205349253,-0.738269445226783,0.5666896417493252,-1.3222504232634757,-8.961890109638817,-0.11982146575555222,-1.1073587110436627,-6.508024930068088
0.21200000000000016,-0.032369459397860616,0.19349483519844632,0.10780252821960343,-0.0680399842056233,-1.0913348741544304,2.178089880230991,0.0497036117274115,-0.9661085339644531,1.9398840742589212,-0.2247131073520327,-0.0483497101967534,0.7719042507564431,-0.5491241324724023,-0.49659310534956125,0.9396262407163495,0.28695817082158015,0.38714437497856524,-0.7394938951456823,0.5728876099644105,-1.3243351018871148,-8.987581776010273,-0.1307516149960583,-1.1041641273713927,-6.478289373492967
0.21400000000000016,-0.03282091659139265,0.19339569658255207,0.10935371399912824,-0.06915307794255271,-1.092335107427795,2.1799821671785264,0.050277790725191576,-0.9653324005689203,1.9384014743876983,-0.22537934714948865,-0.04916093064543798,0.7743671778325324,-0.554083183168293,-0.49891000347752507,0.9439074739688927,0.2869935525038061,0.38776993790363795,-0.7407183450645817,0.5790855781794956,-1.326419780510754,-9.013273442381731,-0.14168176423656442,-1.1009695436991227,-6.448553816917848
0.21600000000000016,-0.03327237378492468,0.19329655796665782,0.11090489977865307,-0.07026617167948214,-1.0933353407011595,2.1818744541260617,0.05085196972297166,-0.9645562671733877,1.9369188745164754,-0.22604558694694457,-0.04997215109412255,0.7768301049086217,-0.5590422338641835,-0.5012269016054889,0.9481887072214359,0.2870289341860321,0.38839550082871066,-0.741942794983481,0.5852835463945808,-1.328504459134393,-9.038965108753187,-0.15261191347707054,-1.0977749600268527,-6.418818260342727
0.21800000000000017,-0.033723830978456715,0.19319741935076354,0.1124560855581779,-0.07137926541641156,-1.094335573974524,2.183766741073597,0.051426148720751734,-0.963780133777855,1.9354362746452525,-0.22671182674440052,-0.050783371542807126,0.779293031984711,-0.5640012845600741,-0.5035437997334528,0.952469940473979,0.28706431586825804,0.38902106375378337,-0.7431672449023804,0.5914815146096659,-1.3305891377580323,-9.064656775124643,-0.16354206271757663,-1.0945803763545825,-6.389082703767606
0.22000000000000017,-0.034175288171988755,0.1930982807348693,0.11400727133770272,-0.07249235915334099,-1.0953358072478885,2.1856590280211323,0.052000327718531816,-0.9630040003823224,1.9339536747740296,-0.22737806654185644,-0.051594591991491696,0.7817559590608003,-0.5689603352559648,-0.5058606978614165,0.9567511737265222,0.287099697550484,0.38964662667885613,-0.7443916948212799,0.5976794828247511,-1.3326738163816714,-9.0903484414961,-0.1744722119580827,-1.0913857926823125,-6.359347147192485
0.22200000000000017,-0.03463322609326257,0.19299106058339885,0.11558317661594746,-0.07365528774956512,-1.096358657491095,2.187593031833653,0.05257395810933393,-0.9622214063417818,1.932458438333605,-0.2280088881293852,-0.05239987035655196,0.784238114526261,-0.5739730008268359,-0.5080692066399629,0.9608170787085761,0.2869579144255275,0.39031400082230955,-0.7456961111538808,0.6041216880619489,-1.3346392105729805,-9.11528271872622,-0.18502011587977268,-1.088179760281193,-6.329691183985541
0.22400000000000017,-0.03509116401453638,0.1928838404319284,0.11715908189419218,-0.07481821634578925,-1.0973815077343017,2.1895270356461736,0.05314758850013604,-0.9614388123012412,1.9309632018931806,-0.2286397097169139,-0.05320514872161223,0.7867202699917216,-0.578985666397707,-0.5102777154185092,0.96488298369063,0.286816131300571,0.39098137496576296,-0.7470005274864817,0.6105638932991465,-1.3366046047642897,-9.140216995956342,-0.19556801980146263,-1.0849737278800733,-6.300035220778597
0.22600000000000017,-0.0355491019358102,0.19277662028045797,0.11873498717243691,-0.07598114494201338,-1.0984043579775082,2.1914610394586944,0.05372121889093816,-0.9606562182607007,1.9294679654527562,-0.22927053130444267,-0.054010427086672495,0.7892024254571822,-0.5839983319685781,-0.5124862241970555,0.9689488886726839,0.2866743481756145,0.3916487491092164,-0.7483049438190827,0.6170060985363442,-1.3385699989555988,-9.165151273186462,-0.2061159237231526,-1.0817676954789537,-6.270379257571652
0.22800000000000017,-0.03600703985708401,0.19266940012898753,0.12031089245068163,-0.07714407353823752,-1.0994272082207146,2.1933950432712153,0.05429484928174027,-0.9598736242201601,1.9279727290123319,-0.22990135289197142,-0.05481570545173276,0.7916845809226429,-0.5890109975394492,-0.5146947329756019,0.9730147936547378,0.286532565050658,0.3923161232526698,-0.7496093601516837,0.623448303773542,-1.340535393146908,-9.190085550416581,-0.21666382764484254,-1.078561663077834,-6.240723294364707
0.23000000000000018,-0.03646497777835783,0.1925621799775171,0.12188679772892635,-0.07830700213446166,-1.1004500584639212,2.1953290470837357,0.05486847967254239,-0.9590910301796196,1.9264774925719075,-0.23053217447950014,-0.05562098381679302,0.7941667363881035,-0.5940236631103204,-0.5169032417541481,0.9770806986367917,0.2863907819257015,0.3929834973961232,-0.7509137764842847,0.6298905090107396,-1.3425007873382169,-9.215019827646703,-0.2272117315665325,-1.0753556306767145,-6.211067331157762
0.23200000000000018,-0.036929068168572755,0.19244693292371945,0.1234876496857788,-0.07952043707662304,-1.1014944962322695,2.197302716111327,0.05543988109965861,-0.958301531816125,1.9249687707846235,-0.23113260354707338,-0.05642117644664379,0.7966750257495319,-0.5991162816000557,-0.5190136437465882,0.980950445059821,0.2860892623773653,0.393697924276601,-0.7523082282172159,0.6366807053143123,-1.3443585735185088,-9.239303981973475,-0.23733446548869316,-1.0721317830538326,-6.181433435064252
0.23400000000000018,-0.03739315855878767,0.19233168586992183,0.12508850164263122,-0.08073387201878443,-1.102538934000618,2.1992763851389188,0.056011282526774835,-0.9575120334526304,1.9234600489973395,-0.2317330326146466,-0.057221369076494555,0.7991833151109602,-0.604208900089791,-0.5211240457390283,0.9848201914828504,0.2857877428290292,0.39441235115707884,-0.7537026799501472,0.643470901617885,-1.3462163596988008,-9.263588136300246,-0.24745719941085387,-1.0689079354309508,-6.151799538970742
0.23600000000000018,-0.037857248949002595,0.19221643881612419,0.12668935359948366,-0.08194730696094582,-1.1035833717689663,2.2012500541665103,0.056582683953891065,-0.9567225350891357,1.9219513272100555,-0.2323334616822198,-0.05802156170634532,0.8016916044723885,-0.6093015185795263,-0.5232344477314683,0.9886899379058797,0.28548622328069306,0.39512677803755664,-0.7550971316830783,0.6502610979214577,-1.3480741458790926,-9.287872290627018,-0.25757993333301454,-1.065684087808069,-6.122165642877232
0.23800000000000018,-0.03832133933921752,0.19210119176232654,0.1282902055563361,-0.0831607419031072,-1.1046278095373145,2.203223723194102,0.05715408538100729,-0.9559330367256411,1.9204426054227715,-0.23293389074979304,-0.05882175433619609,0.8041998938338167,-0.6143941370692616,-0.5253448497239084,0.9925596843289091,0.28518470373235694,0.39584120491803443,-0.7564915834160095,0.6570512942250304,-1.3499319320593846,-9.31215644495379,-0.2677026672551752,-1.062460240185187,-6.092531746783721
0.24000000000000019,-0.03878542972943244,0.19198594470852892,0.12989105751318852,-0.08437417684526859,-1.1056722473056628,2.2051973922216934,0.05772548680812352,-0.9551435383621465,1.9189338836354874,-0.23353431981736625,-0.05962194696604685,0.8067081831952451,-0.6194867555589969,-0.5274552517163484,0.9964294307519383,0.2848831841840208,0.3965556317985123,-0.7578860351489408,0.6638414905286032,-1.3517897182396763,-9.33644059928056,-0.2778254011773359,-1.0592363925623052,-6.062897850690211
0.2420000000000002,-0.03925539002446598,0.1918627197212318,0.13151714948329035,-0.08563903239567307,-1.1067373284368924,2.2072088331034516,0.05829313007896763,-0.9543466361676813,1.9174107204735296,-0.23410849048097493,-0.060417344028425544,0.8092488627861312,-0.6246816717071125,-0.5294743887064917,1.000115637619384,0.2844349113109454,0.39732299201832544,-0.7593818199671604,0.6710739749758012,-1.3535489484979277,-9.360158484531196,-0.2874815312894151,-1.0559887887218957,-6.033234241999392
0.2440000000000002,-0.03972535031949952,0.19173949473393473,0.13314324145339218,-0.08690388794607753,-1.107802409568122,2.2092202739852103,0.05886077334981175,-0.9535497339732162,1.9158875573115717,-0.23468266114458364,-0.06121274109080423,0.8117895423770173,-0.629876587855228,-0.531493525696635,1.0038018444868297,0.28398663843787003,0.3980903522381386,-0.7608776047853799,0.6783064594229993,-1.3553081787561791,-9.383876369781829,-0.2971376614014944,-1.052741184881486,-6.0035706333085725
0.2460000000000002,-0.040195310614533054,0.19161626974663762,0.134769333423494,-0.088168743496482,-1.1088674906993516,2.2112317148669685,0.059428416620655865,-0.952752831778751,1.9143643941496138,-0.23525683180819232,-0.06200813815318292,0.8143302219679034,-0.6350715040033437,-0.5335126626867782,1.0074880513542754,0.2835383655647946,0.39885771245795176,-0.7623733896035995,0.6855389438701973,-1.3570674090144306,-9.407594255032464,-0.3067937915135736,-1.0494935810410766,-5.973907024617754
0.2480000000000002,-0.0406652709095666,0.1914930447593405,0.1363954253935958,-0.08943359904688648,-1.1099325718305812,2.2132431557487267,0.05999605989149998,-0.9519559295842859,1.912841230987656,-0.235831002471801,-0.06280353521556162,0.8168709015587895,-0.6402664201514593,-0.5355317996769214,1.0111742582217211,0.28309009269171925,0.399625072677765,-0.763869174421819,0.6927714283173954,-1.358826639272682,-9.431312140283099,-0.3164499216256529,-1.046245977200667,-5.944243415926934
0.25000000000000017,-0.04113523120460013,0.19136981977204343,0.1380215173636976,-0.09069845459729094,-1.1109976529618106,2.215254596630485,0.060563703162344086,-0.9511590273898207,1.9113180678256982,-0.23640517313540968,-0.06359893227794029,0.8194115811496755,-0.6454613362995749,-0.5375509366670647,1.0148604650891668,0.28264181981864384,0.40039243289757814,-0.7653649592400386,0.7000039127645934,-1.3605858695309332,-9.455030025533734,-0.32610605173773194,-1.0429983733602575,-5.914579807236115
0.25200000000000017,-0.04161081622924277,0.191238665450372,0.139673200537323,-0.09201585129814635,-1.1120824860710046,2.217302012464475,0.061126170778080864,-0.9503541607739313,1.9097793898892943,-0.23695644829354462,-0.0643893269888293,0.8219899232081742,-0.6507775496390068,-0.5394825768498823,1.0183699109931705,0.2820562901254216,0.4012190362461002,-0.7669742039839191,0.7077645249804476,-1.3622532834134389,-9.478244544024596,-0.3352553165889889,-1.0397216969387073,-5.884841751370565
0.25400000000000017,-0.04208640125388542,0.19110751112870053,0.14132488371094837,-0.09333324799900175,-1.1131673191801985,2.2193494282984645,0.061688638393817635,-0.9495492941580419,1.9082407119528904,-0.23750772345167953,-0.06517972169971831,0.824568265266673,-0.6560937629784387,-0.5414142170326999,1.0218793568971745,0.2814707604321993,0.40204563959462236,-0.7685834487277996,0.7155251371963017,-1.3639206972959443,-9.501459062515458,-0.3444045814402458,-1.036445020517157,-5.855103695505013
0.25600000000000017,-0.042561986278528065,0.1909763568070291,0.14297656688457375,-0.09465064469985715,-1.1142521522893925,2.2213968441324545,0.06225110600955441,-0.9487444275421525,1.9067020340164864,-0.23805899860981447,-0.06597011641060731,0.8271466073251718,-0.6614099763178707,-0.5433458572155175,1.0253888028011782,0.28088523073897703,0.4028722429431445,-0.7701926934716802,0.723285749412156,-1.36558811117845,-9.52467358100632,-0.35355384629150277,-1.0331683440956065,-5.825365639639463
0.2580000000000002,-0.04303757130317071,0.19084520248535766,0.14462825005819913,-0.09596804140071256,-1.1153369853985862,2.2234442599664446,0.06281357362529119,-0.9479395609262631,1.9051633560800825,-0.2386102737679494,-0.06676051112149632,0.8297249493836705,-0.6667261896573026,-0.5452774973983351,1.0288982487051819,0.28029970104575475,0.4036988462916666,-0.7718019382155608,0.7310463616280102,-1.3672555250609555,-9.547888099497182,-0.36270311114275966,-1.0298916676740564,-5.795627583773912
0.2600000000000002,-0.04351315632781336,0.19071404816368623,0.1462799332318245,-0.09728543810156796,-1.11642181850778,2.225491675800434,0.06337604124102796,-0.9471346943103738,1.9036246781436785,-0.23916154892608432,-0.06755090583238532,0.8323032914421692,-0.6720424029967346,-0.5472091375811527,1.0324076946091858,0.27971417135253246,0.4045254496401887,-0.7734111829594413,0.7388069738438644,-1.368922938943461,-9.571102617988045,-0.3718523759940166,-1.026614991252506,-5.765889527908361
0.2620000000000002,-0.0439941511504742,0.19057501745793218,0.14795760571404826,-0.09865667168778447,-1.1175255357637843,2.2275733106831117,0.06393199649192699,-0.9463212379439647,1.9020692875835228,-0.23969263260797632,-0.06833564072210867,0.8349233817806778,-0.6774960123230864,-0.549054265702012,1.0357418833446652,0.2789981605211604,0.4054179226435319,-0.7751466289574428,0.7471736170239361,-1.3705032299233335,-9.593857755750296,-0.38045564984866004,-1.0233047255147372,-5.736040492165035
0.2640000000000002,-0.044475145973135045,0.19043598675217813,0.14963527819627198,-0.10002790527400097,-1.1186292530197885,2.2296549455657897,0.06448795174282604,-0.9455077815775557,1.900513897023367,-0.24022371628986833,-0.06912037561183203,0.8375434721191863,-0.6829496216494384,-0.5508993938228711,1.0390760720801444,0.27828214968978837,0.40631039564687504,-0.7768820749554441,0.7555402602040079,-1.3720835209032058,-9.616612893512546,-0.38905892370330347,-1.0199944597769683,-5.706191456421709
0.2660000000000002,-0.044956140795795886,0.19029695604642408,0.15131295067849573,-0.10139913886021748,-1.1197329702757928,2.2317365804484672,0.06504390699372507,-0.9446943252111466,1.8989585064632113,-0.24075479997176033,-0.06990511050155537,0.8401635624576949,-0.6884032309757904,-0.5527445219437304,1.0424102608156238,0.2775661388584163,0.4072028686502182,-0.7786175209534456,0.7639069033840796,-1.3736638118830784,-9.639368031274797,-0.39766219755794696,-1.0166841940391995,-5.676342420678383
0.2680000000000002,-0.04543713561845673,0.19015792534067005,0.15299062316071946,-0.10277037244643399,-1.1208366875317968,2.2338182153311448,0.06559986224462411,-0.9438808688447375,1.8974031159030555,-0.24128588365365233,-0.07068984539127872,0.8427836527962034,-0.6938568403021422,-0.5545896500645895,1.0457444495511032,0.27685012802704423,0.40809534165356137,-0.7803529669514471,0.7722735465641514,-1.3752441028629507,-9.662123169037049,-0.4062654714125904,-1.0133739283014305,-5.646493384935056
0.2700000000000002,-0.045918130441117574,0.190018894634916,0.15466829564294318,-0.10414160603265049,-1.121940404787801,2.2358998502138223,0.06615581749552314,-0.9430674124783285,1.8958477253429,-0.24181696733554434,-0.07147458028100206,0.8454037431347119,-0.6993104496284942,-0.5564347781854487,1.0490786382865827,0.27613411719567216,0.40898781465690454,-0.7820884129494485,0.7806401897442232,-1.376824393842823,-9.6848783067993,-0.41486874526723383,-1.0100636625636616,-5.61664434919173
0.2720000000000002,-0.04640434432717942,0.18987204920273637,0.15637238996150846,-0.10556812000976945,-1.1230621352314745,2.2380139387630376,0.06670398049954575,-0.9422446733381937,1.894274294118379,-0.24233001268714455,-0.07225257445662733,0.8480683674817828,-0.7049149491295867,-0.5581918147945785,1.0522342320076892,0.2752923109912457,0.4099530712071574,-0.7839633602233272,0.7896829307441853,-1.3783204369224145,-9.707200805818443,-0.42288824551837023,-1.0067162515056791,-5.586657104517828
0.2740000000000002,-0.04689055821324128,0.18972520377055677,0.1580764842800737,-0.10699463398688841,-1.124183865675148,2.240128027312253,0.06725214350356835,-0.9414219341980591,1.8927008628938582,-0.24284305803874476,-0.0730305686322526,0.8507329918288536,-0.7105194486306794,-0.5599488514037082,1.0553898257287957,0.2744505047868192,0.41091832775741033,-0.7858383074972061,0.7987256717441474,-1.3798164800020059,-9.729523304837588,-0.4309077457695067,-1.0033688404476966,-5.556669859843925
0.2760000000000002,-0.04737677209930313,0.18957835833837713,0.15978057859863898,-0.10842114796400737,-1.1253055961188214,2.242242115861468,0.06780030650759096,-0.9405991950579244,1.8911274316693372,-0.24335610339034494,-0.07380856280787787,0.8533976161759245,-0.7161239481317719,-0.5617058880128379,1.0585454194499022,0.27360869858239273,0.4118835843076632,-0.7877132547710848,0.8077684127441095,-1.3813125230815972,-9.751845803856733,-0.4389272460206431,-1.000021429389714,-5.5266826151700235
0.2780000000000002,-0.04786298598536498,0.1894315129061975,0.16148467291720423,-0.10984766194112633,-1.126427326562495,2.244356204410683,0.06834846951161355,-0.9397764559177898,1.8895540004448164,-0.24386914874194515,-0.07458655698350314,0.8560622405229953,-0.7217284476328645,-0.5634629246219677,1.061701013171009,0.2727668923779662,0.4128488408579161,-0.7895882020449636,0.8168111537440716,-1.3828085661611886,-9.774168302875879,-0.44694674627177955,-0.9966740183317314,-5.496695370496122
0.2800000000000002,-0.048349199871426836,0.1892846674740179,0.16318876723576947,-0.1112741759182453,-1.1275490570061684,2.246470292959898,0.06889663251563616,-0.9389537167776552,1.8879805692202956,-0.24438219409354536,-0.0753645511591284,0.8587268648700661,-0.7273329471339571,-0.5652199612310974,1.0648566068921155,0.2719250861735397,0.413814097408169,-0.7914631493188423,0.8258538947440338,-1.3843046092407798,-9.796490801895024,-0.4549662465229159,-0.9933266072737488,-5.466708125822219
0.2820000000000002,-0.04884046130987292,0.18913008184550076,0.16491973703514154,-0.11275753652632574,-1.1286879017305302,2.2486150135550393,0.06943576206912885,-0.9381209311024472,1.8863876331854081,-0.244878910661034,-0.07613431172964051,0.8614374562995712,-0.7330994127264131,-0.5668849166434423,1.0678257380866871,0.2709606176481074,0.4148593850450233,-0.7934915453818491,0.8356346642818502,-1.385717659511915,-9.818391558179638,-0.4623659812268498,-0.9899396153876533,-5.436565873353898
0.2840000000000002,-0.049331722748319005,0.18897549621698362,0.16665070683451358,-0.11424089713440617,-1.1298267464548923,2.25075973415018,0.06997489162262155,-0.9372881454272394,1.884794697150521,-0.24537562722852269,-0.0769040723001526,0.8641480477290764,-0.7388658783188692,-0.5685498720557872,1.0707948692812586,0.26999614912267517,0.4159046726818776,-0.7955199414448558,0.8454154338196664,-1.3871307097830499,-9.840292314464252,-0.4697657159307837,-0.9865526235015578,-5.406423620885577
0.2860000000000002,-0.0498229841867651,0.18882091058846648,0.16838167663388565,-0.11572425774248662,-1.1309655911792542,2.252904454745321,0.07051402117611424,-0.9364553597520315,1.8832017611156335,-0.24587234379601133,-0.0776738328706647,0.8668586391585814,-0.7446323439113252,-0.5702148274681321,1.0737640004758302,0.26903168059724286,0.4169499603187318,-0.7975483375078626,0.8551962033574828,-1.3885437600541848,-9.862193070748868,-0.47716545063471755,-0.9831656316154623,-5.376281368417256
0.2880000000000002,-0.05031424562521118,0.18866632495994934,0.17011264643325769,-0.11720761835056706,-1.132104435903616,2.2550491753404622,0.07105315072960693,-0.9356225740768237,1.8816088250807463,-0.2463690603635,-0.0784435934411768,0.8695692305880866,-0.7503988095037812,-0.5718797828804771,1.0767331316704019,0.2680672120718106,0.4179952479555861,-0.7995767335708693,0.8649769728952992,-1.3899568103253197,-9.884093827033482,-0.48456518533865145,-0.9797786397293669,-5.346139115948936
0.2900000000000002,-0.05080550706365727,0.18851173933143223,0.17184361623262975,-0.1186909789586475,-1.133243280627978,2.257193895935603,0.07159228028309962,-0.9347897884016159,1.8800158890458591,-0.24686577693098866,-0.0792133540116889,0.8722798220175916,-0.7561652750962372,-0.573544738292822,1.0797022628649735,0.2671027435463783,0.4190405355924404,-0.8016051296338761,0.8747577424331155,-1.3913698605964546,-9.905994583318098,-0.4919649200425853,-0.9763916478432714,-5.315996863480614
0.2920000000000002,-0.05130165987869573,0.18834950502858633,0.17360192267807317,-0.12023285156612486,-1.134398289190075,2.259367326510042,0.07212116074001115,-0.9339461178180977,1.8784018404445666,-0.2473475410209248,-0.07997297413751386,0.8750364537533342,-0.762102467727418,-0.5751113055785652,1.0824727341312006,0.2660176655036123,0.42017355523079697,-0.8038017989550236,0.8853296379745333,-1.392699732542506,-9.927469859798057,-0.49871138562025236,-0.9729639276988091,-5.285694449301005
0.2940000000000002,-0.051797812693734194,0.18818727072574046,0.17536022912351662,-0.12177472417360223,-1.135553297752172,2.261540757084481,0.07265004119692267,-0.9331024472345795,1.876787791843274,-0.2478293051108609,-0.08073259426333883,0.8777930854890768,-0.7680396603585986,-0.5766778728643082,1.0852432053974277,0.2649325874608462,0.42130657486915346,-0.8059984682761712,0.895901533515951,-1.394029604488557,-9.948945136278017,-0.5054578511979194,-0.9695362075543468,-5.255392035121396
0.2960000000000002,-0.052293965508772654,0.1880250364228946,0.17711853556896007,-0.12331659678107959,-1.1367083063142691,2.2637141876589197,0.07317892165383419,-0.9322587766510613,1.8751737432419815,-0.24831106920079704,-0.08149221438916379,0.8805497172248193,-0.7739768529897794,-0.5782444401500513,1.0880136766636548,0.26384750941808016,0.42243959450750995,-0.8081951375973186,0.9064734290573688,-1.395359476434608,-9.970420412757976,-0.5122043167755865,-0.9661084874098845,-5.2250896209417865
0.2980000000000002,-0.05279011832381112,0.18786280212004872,0.17887684201440351,-0.12485846938855695,-1.1378633148763662,2.2658876182333585,0.07370780211074572,-0.9314151060675431,1.873559694640689,-0.24879283329073315,-0.08225183451498876,0.8833063489605619,-0.77991404562096,-0.5798110074357944,1.0907841479298819,0.2627624313753141,0.4235726141458665,-0.8103918069184661,0.9170453245987866,-1.396689348380659,-9.991895689237936,-0.5189507823532536,-0.9626807672654223,-5.194787206762177
0.3000000000000002,-0.05328627113884958,0.18770056781720285,0.18063514845984696,-0.1264003419960343,-1.1390183234384632,2.2680610488077972,0.07423668256765724,-0.9305714354840249,1.8719456460393964,-0.2492745973806693,-0.08301145464081372,0.8860629806963045,-0.7858512382521408,-0.5813775747215375,1.093554619196109,0.26167735333254805,0.424705633784223,-0.8125884762396136,0.9276172201402044,-1.39801922032671,-10.013370965717895,-0.5256972479309207,-0.9592530471209599,-5.164484792582567
0.3020000000000002,-0.05378717173710966,0.1875307975516877,0.1824212467657071,-0.12800246819045172,-1.140188470908713,2.270261124105436,0.07475411520536371,-0.9297159615592498,1.8703087229840067,-0.24974256950606588,-0.08375860011129285,0.8888643977327386,-0.791965642408605,-0.582837164542277,1.096109997080453,0.26047306580184715,0.42593473565804013,-0.81496949584741,0.9390234001122508,-1.3992644585386649,-10.034403517732509,-0.5317603985255205,-0.9557849230110554,-5.134030066890875
0.3040000000000002,-0.05428807233536973,0.18736102728617254,0.18420734507156722,-0.12960459438486913,-1.1413586183789624,2.272461199403074,0.07527154784307019,-0.9288604876344748,1.8686717999286173,-0.25021054163146245,-0.08450574558177198,0.8916658147691727,-0.7980800465650691,-0.5842967543630165,1.0986653749647974,0.25926877827114625,0.42716383753185727,-0.8173505154552063,0.9504295800842973,-1.4005096967506196,-10.055436069747122,-0.5378235491201203,-0.9523167989011508,-5.103575341199183
0.3060000000000002,-0.05478897293362981,0.1871912570206574,0.18599344337742738,-0.13120672057928653,-1.1425287658492118,2.2746612747007124,0.07578898048077666,-0.9280050137096998,1.8670348768732277,-0.25067851375685907,-0.0852528910522511,0.8944672318056068,-0.8041944507215334,-0.585756344183756,1.1012207528491418,0.25806449074044535,0.4283929394056744,-0.8197315350630027,0.9618357600563439,-1.4017549349625742,-10.076468621761737,-0.5438866997147201,-0.9488486747912462,-5.0731206155074915
0.3080000000000002,-0.05528987353188988,0.18702148675514224,0.1877795416832875,-0.13280884677370394,-1.1436989133194615,2.276861349998351,0.07630641311848314,-0.9271495397849248,1.8653979538178382,-0.25114648588225563,-0.08600003652273024,0.8972686488420409,-0.8103088548779975,-0.5872159340044955,1.1037761307334861,0.25686020320974445,0.4296220412794915,-0.822112554670799,0.9732419400283903,-1.403000173174529,-10.097501173776351,-0.54994985030932,-0.9453805506813417,-5.042665889815799
0.3100000000000002,-0.05579077413014996,0.1868517164896271,0.18956563998914766,-0.13441097296812135,-1.144869060789711,2.279061425295989,0.07682384575618961,-0.9262940658601497,1.8637610307624488,-0.2516144580076522,-0.08674718199320937,0.9000700658784749,-0.8164232590344618,-0.588675523825235,1.1063315086178305,0.25565591567904355,0.43085114315330864,-0.8244935742785954,0.9846481200004368,-1.4042454113864835,-10.118533725790966,-0.5560130009039198,-0.9419124265714371,-5.012211164124107
0.3120000000000002,-0.05629628997572859,0.18667454854587415,0.1913799664591042,-0.1360751477589811,-1.1460532248641053,2.281285894550923,0.07732864424485832,-0.9254257822836844,1.8620993021680827,-0.25206971176944454,-0.08747906777776782,0.9029137565459743,-0.822719068103776,-0.5900172421996355,1.1086511146521465,0.2543335605959069,0.43218560652034005,-0.8270768101452052,0.9969202671274342,-1.405403464330879,-10.139093947867245,-0.561367521128819,-0.9384059014080887,-4.98162653451143
0.3140000000000002,-0.05680180582130721,0.1864973806021212,0.19319429292906076,-0.13773932254984084,-1.1472373889384997,2.283510363805857,0.07783344273352703,-0.9245574987072191,1.8604375735737166,-0.2525249655312368,-0.08821095356232626,0.9057574472134735,-0.8290148771730902,-0.591358960574036,1.1109707206864627,0.2530112055127703,0.4335200698873714,-0.8296600460118149,1.0091924142544315,-1.4065615172752748,-10.159654169943526,-0.5667220413537183,-0.9348993762447402,-4.951041904898753
0.3160000000000002,-0.05730732166688583,0.18632021265836826,0.19500861939901734,-0.13940349734070057,-1.148421553012894,2.285734833060791,0.07833824122219574,-0.923689215130754,1.8587758449793506,-0.2529802192930291,-0.0889428393468847,0.9086011378809729,-0.8353106862424045,-0.5927006789484365,1.113290326720779,0.2516888504296337,0.43485453325440276,-0.8322432818784246,1.0214645613814288,-1.4077195702196703,-10.180214392019804,-0.5720765615786175,-0.9313928510813917,-4.920457275286076
0.3180000000000002,-0.05781283751246445,0.18614304471461532,0.1968229458689739,-0.1410676721315603,-1.1496057170872884,2.287959302315725,0.07884303971086445,-0.9228209315542887,1.8571141163849845,-0.2534354730548214,-0.08967472513144314,0.9114448285484721,-0.8416064953117187,-0.594042397322837,1.1156099327550952,0.2503664953464971,0.4361889966214341,-0.8348265177450344,1.0337367085084264,-1.4088776231640658,-10.200774614096085,-0.5774310818035169,-0.9278863259180432,-4.889872645673399
0.32000000000000023,-0.05831835335804308,0.1859658767708624,0.19863727233893047,-0.14273184692242002,-1.1507898811616828,2.290183771570659,0.07934783819953316,-0.9219526479778235,1.8554523877906184,-0.2538907268166137,-0.09040661091600159,0.9142885192159713,-0.8479023043810329,-0.5953841156972376,1.1179295387894115,0.24904414026336044,0.4375234599884655,-0.837409753611644,1.0460088556354237,-1.4100356761084614,-10.221334836172366,-0.582785602028416,-0.9243798007546947,-4.859288016060722
0.32200000000000023,-0.05882836281331121,0.18578147966920758,0.20048023235362555,-0.14445989555854186,-1.151986818763783,2.2924301555836735,0.07983882787881248,-0.92107044947822,1.8537637320455584,-0.25433439401397934,-0.09111996876140271,0.9171708351025772,-0.8543813586842669,-0.5965946838974735,1.1199883374888437,0.24760496853085423,0.4389738690781872,-0.8402155819197005,1.0591651791103178,-1.4111030860149107,-10.241382054966468,-0.5874125244733114,-0.9208387927233179,-4.828612239887407
0.32400000000000023,-0.05933837226857935,0.18559708256755278,0.20232319236832064,-0.14618794419466366,-1.1531837563658829,2.2946765395966877,0.08032981755809182,-0.9201882509786166,1.8520750763004985,-0.254778061211345,-0.09183332660680385,0.920053150989183,-0.8608604129875009,-0.5978052520977094,1.122047136188276,0.24616579679834805,0.4404242781679089,-0.8430214102277569,1.0723215025852122,-1.41217049592136,-10.261429273760571,-0.5920394469182068,-0.9172977846919412,-4.797936463714093
0.32600000000000023,-0.059848381723847474,0.18541268546589798,0.20416615238301572,-0.1479159928307855,-1.1543806939679828,2.296922923609702,0.08082080723737115,-0.9193060524790132,1.8503864205554386,-0.2552217284087106,-0.09254668445220497,0.922935466875789,-0.867339467290735,-0.5990158202979454,1.1241059348877085,0.24472662506584184,0.4418746872576306,-0.8458272385358133,1.0854778260601063,-1.413237905827809,-10.281476492554674,-0.5966663693631021,-0.9137567766605644,-4.7672606875407775
0.32800000000000024,-0.06035839117911561,0.18522828836424318,0.2060091123977108,-0.1496440414669073,-1.1555776315700828,2.299169307622716,0.08131179691665048,-0.9184238539794097,1.8486977648103786,-0.25566539560607626,-0.0932600422976061,0.9258177827623948,-0.873818521593969,-0.6002263884981813,1.1261647335871408,0.24328745333333562,0.44332509634735234,-0.8486330668438697,1.0986341495350005,-1.4143053157342584,-10.301523711348777,-0.6012932918079975,-0.9102157686291876,-4.736584911367463
0.33000000000000024,-0.06086840063438374,0.18504389126258838,0.20785207241240589,-0.15137209010302913,-1.1567745691721827,2.3014156916357305,0.08180278659592981,-0.9175416554798064,1.847009109065319,-0.25610906280344187,-0.09397340014300723,0.9287000986490006,-0.880297575897203,-0.6014369566984173,1.128223532286573,0.2418482816008294,0.4447755054370741,-0.8514388951519262,1.1117904730098949,-1.4153727256407076,-10.321570930142881,-0.6059202142528929,-0.9066747605978108,-4.705909135194148
0.33200000000000024,-0.061382794355020094,0.18485246878792044,0.20972402992234215,-0.15316584403484432,-1.1579828919538628,2.3036812382011296,0.08227880727759716,-0.9166443224283546,1.8452911844254045,-0.25654250010630897,-0.09466443797524583,0.931616439140758,-0.8869592530302801,-0.6025005704615941,1.129991912271627,0.24029399014638667,0.44635423949281783,-0.8544911428598224,1.1258332141534777,-1.4163453494609297,-10.341054990006022,-0.6098089322643738,-0.9031053755058869,-4.675199392030827
0.33400000000000024,-0.061897188075656445,0.1846610463132525,0.21159598743227842,-0.1549595979666595,-1.1591912147355428,2.3059467847665287,0.08275482795926452,-0.9157469893769029,1.8435732597854901,-0.25697593740917607,-0.09535547580748444,0.9345327796325154,-0.8936209301633571,-0.603564184224771,1.131760292256681,0.23873969869194392,0.4479329735485616,-0.8575433905677187,1.1398759552970608,-1.4173179732811518,-10.360539049869164,-0.6136976502758548,-0.8995359904139628,-4.644489648867505
0.33600000000000024,-0.06241158179629279,0.18446962383858456,0.2134679449422147,-0.1567533518984747,-1.1603995375172227,2.308212331331928,0.08323084864093187,-0.9148496563254511,1.8418553351455758,-0.25740937471204317,-0.09604651363972304,0.9374491201242726,-0.9002826072964341,-0.6046277979879477,1.1335286722417348,0.23718540723750117,0.44951170760430537,-0.8605956382756149,1.1539186964406436,-1.418290597101374,-10.380023109732306,-0.6175863682873356,-0.8959666053220388,-4.613779905704182
0.33800000000000024,-0.06292597551692915,0.18427820136391662,0.21533990245215096,-0.1585471058302899,-1.1616078602989026,2.310477877897327,0.08370686932259923,-0.9139523232739994,1.8401374105056614,-0.25784281201491027,-0.09673755147196164,0.94036546061603,-0.906944284429511,-0.6056914117511246,1.1352970522267887,0.23563111578305843,0.45109044166004914,-0.8636478859835112,1.1679614375842267,-1.419263220921596,-10.399507169595449,-0.6214750862988165,-0.8923972202301148,-4.58307016254086
0.34000000000000025,-0.06344036923756549,0.1840867788892487,0.21721185996208722,-0.1603408597621051,-1.1628161830805825,2.312743424462726,0.08418289000426658,-0.9130549902225478,1.838419485865747,-0.2582762493177773,-0.09742858930420024,0.9432818011077873,-0.913605961562588,-0.6067550255143014,1.1370654322118425,0.23407682432861568,0.4526691757157929,-0.8667001336914074,1.1820041787278097,-1.4202358447418182,-10.418991229458591,-0.6253638043102975,-0.8888278351381907,-4.552360419377538
0.34200000000000025,-0.06395905336667106,0.18388857556451157,0.21911312925178783,-0.16220213123871807,-1.1640343311917491,2.315025061041856,0.08464280195120362,-0.9121411676689899,1.836669690159448,-0.2587012324579317,-0.09809294291292599,0.9462268882641192,-0.9204470109100419,-0.6076531486185685,1.1385088728317092,0.23240985149894255,0.45439103710278955,-0.8700272845826181,1.1969165833549247,-1.4211091235389213,-10.437854544814448,-0.6285145392847828,-0.885238679902868,-4.521694700728199
0.34400000000000025,-0.06447773749577661,0.18369037223977444,0.2210143985414884,-0.16406340271533104,-1.1652524793029155,2.3173066976209853,0.08510271389814067,-0.911227345115432,1.834919894453149,-0.2591262155980861,-0.09875729652165173,0.949171975420451,-0.9272880602574957,-0.6085512717228355,1.1399523134515757,0.23074287866926943,0.45611289848978626,-0.8733544354738288,1.2118289879820396,-1.4219824023360244,-10.456717860170306,-0.6316652742592682,-0.8816495246675451,-4.49102898207886
0.34600000000000025,-0.06499642162488217,0.1834921689150373,0.22291566783118902,-0.165924674191944,-1.166470627414082,2.319588334200115,0.0855626258450777,-0.9103135225618741,1.8331700987468502,-0.2595511987382404,-0.09942165013037749,0.9521170625767827,-0.9341291096049494,-0.6094493948271026,1.1413957540714423,0.2290759058395963,0.45783475987678296,-0.8766815863650396,1.2267413926091546,-1.4228556811331274,-10.475581175526163,-0.6348160092337536,-0.8780603694322222,-4.46036326342952
0.34800000000000025,-0.06551510575398772,0.18329396559030017,0.22481693712088963,-0.16778594566855698,-1.1676887755252483,2.321869970779245,0.08602253779201474,-0.9093997000083163,1.8314203030405514,-0.2599761818783948,-0.10008600373910323,0.9550621497331145,-0.9409701589524032,-0.6103475179313697,1.1428391946913088,0.22740893300992318,0.4595566212637796,-0.8800087372562503,1.2416537972362698,-1.4237289599302305,-10.494444490882021,-0.637966744208239,-0.8744712141968994,-4.429697544780181
0.35000000000000026,-0.06603378988309329,0.18309576226556307,0.22671820641059023,-0.16964721714516995,-1.1689069236364147,2.3241516073583743,0.08648244973895179,-0.9084858774547584,1.8296705073342525,-0.2604011650185491,-0.10075035734782899,0.9580072368894463,-0.9478112082998571,-0.6112456410356367,1.1442826353111752,0.22574196018025006,0.4612784826507763,-0.883335888147461,1.2565662018633847,-1.4246022387273336,-10.51330780623788,-0.6411174791827243,-0.8708820589615766,-4.399031826130842
0.35200000000000026,-0.06655669135219447,0.18289106934606242,0.22864904721578685,-0.17157777180335493,-1.1701331370733685,2.326445889800435,0.08692514229539003,-0.9075540470647881,1.8278859240355718,-0.2608201171423487,-0.10138303454960393,0.9609755186865819,-0.9548255106502506,-0.6119567260706728,1.1453612472248766,0.22396571538246052,0.46316149425404896,-0.8869726145082579,1.272308925795922,-1.4253715357835428,-10.531488089190711,-0.6435442698818877,-0.8672846011913533,-4.3685116757472695
0.35400000000000026,-0.06707959282129565,0.1826863764265618,0.23057988802098345,-0.1735083264615399,-1.1713593505103224,2.3287401722424956,0.08736783485182825,-0.9066222166748179,1.8261013407368911,-0.2612390692661483,-0.10201571175137888,0.9639438004837175,-0.961839813000644,-0.6126678111057088,1.1464398591385778,0.22218947058467098,0.46504450585732166,-0.8906093408690549,1.288051649728459,-1.426140832839752,-10.549668372143545,-0.6459710605810511,-0.8636871434211302,-4.337991525363696
0.35600000000000026,-0.06760249429039682,0.18248168350706118,0.23251072882618007,-0.1754388811197249,-1.1725855639472762,2.331034454684556,0.08781052740826649,-0.9056903862848477,1.8243167574382106,-0.2616580213899479,-0.10264838895315384,0.966912082280853,-0.9688541153510375,-0.6133788961407448,1.1475184710522792,0.22041322578688144,0.46692751746059435,-0.8942460672298518,1.3037943736609965,-1.4269101298959612,-10.567848655096379,-0.6483978512802145,-0.8600896856509069,-4.307471374980124
0.35800000000000026,-0.068125395759498,0.18227699058756056,0.2344415696313767,-0.17736943577790987,-1.17381177738423,2.333328737126617,0.08825321996470473,-0.9047585558948774,1.82253217413953,-0.26207697351374754,-0.1032810661549288,0.9698803640779886,-0.975868417701431,-0.6140899811757808,1.1485970829659806,0.2186369809890919,0.468810529063867,-0.8978827935906488,1.3195370975935337,-1.4276794269521704,-10.586028938049212,-0.650824641979378,-0.8564922278806837,-4.276951224596551
0.36000000000000026,-0.06864829722859918,0.18207229766805993,0.2363724104365733,-0.17929999043609485,-1.1750379908211839,2.3356230195686773,0.08869591252114296,-0.9038267255049073,1.8207475908408495,-0.26249592563754715,-0.10391374335670374,0.9728486458751241,-0.9828827200518244,-0.6148010662108168,1.1496756948796818,0.21686073619130233,0.4706935406671397,-0.9015195199514457,1.3352798215260708,-1.4284487240083796,-10.604209221002046,-0.6532514326785414,-0.8528947701104604,-4.246431074212978
0.36200000000000027,-0.06917537154336553,0.18186145973214296,0.23833302795618896,-0.18130151697207636,-1.1762702775804073,2.337926075544286,0.08912031454565725,-0.9028751685142276,1.8189249178833162,-0.2629121871835332,-0.10450906050467623,0.9758348827014109,-0.9900609370394728,-0.6153001931421174,1.1503436191231693,0.2149797221376185,0.47275995268399484,-0.9055086171255424,1.351786745002555,-1.4291097553549525,-10.621643133377964,-0.6549857218887614,-0.8493037482140445,-4.216184707980406
0.36400000000000027,-0.06970244585813187,0.18165062179622601,0.24029364547580462,-0.18330304350805787,-1.1775025643396306,2.340229131519894,0.08954471657017155,-0.9019236115235478,1.817102244925783,-0.2633284487295192,-0.10510437765264873,0.9788211195276978,-0.9972391540271213,-0.615799320073418,1.1510115433666568,0.2130987080839347,0.47482636470085,-0.9094977142996391,1.3682936684790392,-1.4297707867015255,-10.639077045753881,-0.6567200110989815,-0.8457127263176285,-4.185938341747835
0.36600000000000027,-0.07022952017289823,0.18143978386030904,0.2422542629954203,-0.18530457004403936,-1.1787348510988538,2.342532187495502,0.08996911859468583,-0.9009720545328682,1.8152795719682497,-0.2637447102755052,-0.10569969480062122,0.9818073563539845,-1.0044173710147697,-0.6162984470047186,1.1516794676101443,0.21121769403025087,0.4768927767177051,-0.9134868114737359,1.3848005919555233,-1.4304318180480984,-10.656510958129799,-0.6584543003092015,-0.8421217044212126,-4.155691975515262
0.36800000000000027,-0.07075659448766458,0.1812289459243921,0.24421488051503595,-0.18730609658002087,-1.1799671378580772,2.3448352434711106,0.09039352061920011,-0.9000204975421885,1.8134568990107165,-0.26416097182149123,-0.10629501194859371,0.9847935931802714,-1.0115955880024183,-0.6167975739360191,1.1523473918536318,0.20933667997656705,0.4789591887345602,-0.9174759086478326,1.4013075154320074,-1.431092849394671,-10.673944870505716,-0.6601885895194215,-0.8385306825247967,-4.12544560928269
0.3700000000000003,-0.07128366880243092,0.18101810798847515,0.2461754980346516,-0.18930762311600238,-1.1811994246173003,2.3471382994467187,0.09081792264371441,-0.8990689405515089,1.8116342260531832,-0.26457723336747724,-0.1068903290965662,0.9877798300065582,-1.0187738049900668,-0.6172967008673197,1.1530153160971193,0.20745566592288323,0.48102560075141537,-0.9214650058219293,1.4178144389084915,-1.431753880741244,-10.691378782881635,-0.6619228787296416,-0.8349396606283807,-4.095199243050118
0.3720000000000003,-0.07181491076814805,0.18080153020355821,0.24816605003997116,-0.19138169866425722,-1.1824355247768141,2.349445765086236,0.09122301336081963,-0.8980956893964467,1.8097696828822114,-0.26499538154252494,-0.1074418393625442,0.990779943028918,-1.0261028586564633,-0.6175551219092433,1.15321996249179,0.20547542641535096,0.4833031581828165,-0.9258598284656203,1.4349878829608531,-1.432303265585023,-10.708006808770884,-0.6630177800422399,-0.831373548301293,-4.065385072641496
0.3740000000000003,-0.07234615273386517,0.1805849524186413,0.2501566020452907,-0.19345577421251206,-1.183671624936328,2.3517532307257536,0.09162810407792486,-0.8971224382413846,1.8079051397112396,-0.2654135297175726,-0.10799334962852221,0.993780056051278,-1.03343191232286,-0.6178135429511669,1.1534246088864608,0.20349518690781873,0.4855807156142176,-0.9302546511093115,1.4521613270132145,-1.432852650428802,-10.724634834660133,-0.6641126813548383,-0.8278074359742053,-4.035570902232875
0.3760000000000003,-0.07287739469958229,0.18036837463372438,0.2521471540506103,-0.1955298497607669,-1.1849077250958417,2.354060696365271,0.09203319479503008,-0.8961491870863225,1.806040596540268,-0.2658316778926203,-0.1085448598945002,0.9967801690736378,-1.0407609659892565,-0.6180719639930905,1.1536292552811316,0.20151494740028647,0.48785827304561874,-0.9346494737530026,1.4693347710655762,-1.433402035272581,-10.741262860549382,-0.6652075826674366,-0.8242413236471176,-4.005756731824253
0.3780000000000003,-0.07340863666529943,0.18015179684880747,0.25413770605592984,-0.1976039253090217,-1.1861438252553556,2.356368162004788,0.09243828551213532,-0.8951759359312604,1.804176053369296,-0.26624982606766795,-0.1090963701604782,0.9997802820959977,-1.0480900196556533,-0.6183303850350141,1.1538339016758024,0.19953470789275424,0.4901358304770198,-0.9390442963966936,1.4865082151179376,-1.43395142011636,-10.75789088643863,-0.666302483980035,-0.8206752113200297,-3.975942561415631
0.3800000000000003,-0.07393987863101655,0.17993521906389057,0.2561282580612494,-0.19967800085727655,-1.1873799254148691,2.3586756276443053,0.09284337622924055,-0.8942026847761984,1.8023115101983245,-0.2666679742427156,-0.10964788042645619,1.0027803951183576,-1.0554190733220499,-0.6185888060769377,1.1540385480704731,0.19755446838522198,0.492413387908421,-0.9434391190403847,1.503681659170299,-1.4345008049601389,-10.77451891232788,-0.6673973852926333,-0.817109098992942,-3.9461283910070093
0.3820000000000003,-0.07447533655687474,0.17971337521557956,0.2581488722507246,-0.20182604993162284,-1.1886172701417228,2.360982575666013,0.09322819427030034,-0.8932054604785609,1.800400717437449,-0.2670942008091666,-0.11014829263120546,1.0057926891626179,-1.0628813592242334,-0.6185733837497086,1.1537196509105503,0.19548125730713925,0.4949369245539419,-0.9483066458599065,1.521387024870627,-1.4349367673849163,-10.790291798937725,-0.6679327202573185,-0.8135906273618111,-3.916938970606887
0.3840000000000003,-0.07501079448273293,0.1794915313672686,0.26016948644019977,-0.2039740990059691,-1.1898546148685762,2.3632895236877207,0.09361301231136014,-0.8922082361809234,1.7984899246765735,-0.26752042737561765,-0.11064870483595474,1.008804983206878,-1.0703436451264172,-0.6185579614224797,1.1534007537506272,0.19340804622905655,0.49746046119946286,-0.9531741726794283,1.5390923905709548,-1.4353727298096934,-10.80606468554757,-0.6684680552220037,-0.81007215573068,-3.8877495502067645
0.3860000000000003,-0.07554625240859113,0.1792696875189576,0.262190100629675,-0.20612214808031537,-1.19109195959543,2.3655964717094284,0.09399783035241994,-0.891211011883286,1.796579131915698,-0.2679466539420686,-0.111149117040704,1.0118172772511382,-1.0778059310286008,-0.6185425390952506,1.1530818565907044,0.19133483515097383,0.49998399784498376,-0.95804169949895,1.5567977562712825,-1.4358086922344708,-10.821837572157413,-0.6690033901866889,-0.8065536840995491,-3.858560129806642
0.3880000000000003,-0.07608171033444933,0.17904784367064663,0.2642107148191502,-0.20827019715466166,-1.1923293043222833,2.3679034197311357,0.09438264839347975,-0.8902137875856485,1.7946683391548226,-0.26837288050851965,-0.11164952924545328,1.0148295712953985,-1.0852682169307843,-0.6185271167680216,1.1527629594307813,0.1892616240728911,0.5025075344905047,-0.9629092263184718,1.5745031219716104,-1.4362446546592482,-10.837610458767259,-0.6695387251513741,-0.8030352124684181,-3.8293707094065197
0.3900000000000003,-0.07661716826030751,0.17882599982233566,0.2662313290086254,-0.21041824622900793,-1.1935666490491368,2.3702103677528434,0.09476746643453954,-0.889216563288011,1.7927575463939471,-0.2687991070749706,-0.11214994145020254,1.0178418653396588,-1.0927305028329681,-0.6185116944407926,1.1524440622708585,0.1871884129948084,0.5050310711360256,-0.9677767531379936,1.5922084876719382,-1.4366806170840254,-10.853383345377102,-0.6700740601160593,-0.7995167408372871,-3.8001812890063973
0.3920000000000003,-0.07715696227127718,0.17859944121125973,0.26828213511455,-0.2126414898572382,-1.194802313395879,2.372511225137189,0.0951311135382872,-0.888192694922023,1.7907953710558056,-0.2692416636444259,-0.11259102721886201,1.0208687882466807,-1.1003026848028346,-0.6181842190070039,1.1515325299467518,0.18502842523970375,0.5078445152161333,-0.9732014440793143,1.6102683805655311,-1.4370038739706927,-10.868270514151035,-0.6701622645005129,-0.7960734808523083,-3.771847700222389
0.3940000000000003,-0.07769675628224683,0.1783728826001838,0.27033294122047463,-0.21486473348546842,-1.1960379777426209,2.374812082521535,0.09549476064203484,-0.8871688265560349,1.788833195717664,-0.2696842202138812,-0.11303211298752147,1.0238957111537026,-1.1078748667727012,-0.6178567435732152,1.150620997622645,0.1828684374845991,0.5106579592962408,-0.9786261350206351,1.6283282734591242,-1.43732713085736,-10.883157682924969,-0.6702504688849665,-0.7926302208673297,-3.7435141114383805
0.3960000000000003,-0.07823655029321648,0.17814632398910787,0.2723837473263993,-0.21708797711369865,-1.197273642089363,2.3771129399058806,0.09585840774578248,-0.8861449581900468,1.7868710203795226,-0.27012677678333646,-0.11347319875618093,1.0269226340607245,-1.1154470487425676,-0.6175292681394265,1.1497094652985382,0.18070844972949446,0.5134714033763484,-0.9840508259619558,1.6463881663527171,-1.4376503877440272,-10.898044851698902,-0.6703386732694201,-0.789186960882351,-3.7151805226543724
0.3980000000000003,-0.07877634430418615,0.17791976537803195,0.2744345534323239,-0.21931122074192888,-1.198509306436105,2.3794137972902263,0.09622205484953013,-0.8851210898240587,1.784908845041381,-0.27056933335279176,-0.1139142845248404,1.0299495569677466,-1.1230192307124343,-0.6172017927056379,1.1487979329744316,0.1785484619743898,0.516284847456456,-0.9894755169032766,1.6644480592463102,-1.4379736446306945,-10.912932020472836,-0.6704268776538738,-0.7857437008973722,-3.6868469338703638
0.4000000000000003,-0.0793161383151558,0.17769320676695605,0.27648535953824854,-0.22153446437015914,-1.199744970782847,2.381714654674572,0.09658570195327777,-0.8840972214580706,1.7829466697032395,-0.271011889922247,-0.11435537029349985,1.0329764798747685,-1.1305914126823007,-0.6168743172718493,1.1478864006503249,0.1763884742192852,0.5190982915365636,-0.9949002078445974,1.6825079521399033,-1.438296901517362,-10.927819189246767,-0.6705150820383273,-0.7823004409123935,-3.6585133450863556
0.4020000000000003,-0.07986048349353007,0.17746257210736743,0.2785665426486934,-0.2238338541492961,-1.2009756190017356,2.3840031077131836,0.09692733582389851,-0.883043543051661,1.7809270269964081,-0.27148161016679095,-0.11472785576031728,1.0360271523237752,-1.1382425649384953,-0.6161906909535906,1.1463029377260563,0.17414639814050614,0.5222571942670968,-1.0009888683936214,1.700695913448228,-1.438511774291046,-10.941819571971775,-0.6703080911703393,-0.7789654487144299,-3.6313100335998354
0.4040000000000003,-0.08040482867190436,0.17723193744777882,0.28064772575913827,-0.2261332439284331,-1.2022062672206242,2.3862915607517956,0.09726896969451924,-0.8819898646452513,1.7789073842895768,-0.2719513304113349,-0.11510034122713471,1.0390778247727819,-1.14589371719469,-0.615507064635332,1.144719474801788,0.17190432206172707,0.5254160969976301,-1.0070775289426452,1.7188838747565527,-1.4387266470647302,-10.955819954696784,-0.6701011003023514,-0.7756304565164662,-3.604106722113315
0.4060000000000003,-0.08094917385027864,0.1770013027881902,0.2827289088695831,-0.22843263370757008,-1.2034369154395128,2.388580013790407,0.09761060356513998,-0.8809361862388417,1.7768877415827455,-0.27242105065587885,-0.11547282669395215,1.0421284972217886,-1.1535448694508843,-0.6148234383170733,1.1431360118775193,0.16966224598294805,0.5285749997281635,-1.0131661894916693,1.7370718360648774,-1.4389415198384143,-10.96982033742179,-0.6698941094343633,-0.7722954643185026,-3.576903410626795
0.4080000000000003,-0.08149351902865291,0.1767706681286016,0.28481009198002794,-0.23073202348670707,-1.2046675636584014,2.3908684668290188,0.09795223743576072,-0.879882507832432,1.7748680988759142,-0.2728907709004228,-0.11584531216076957,1.0451791696707955,-1.161196021707079,-0.6141398119988147,1.141552548953251,0.16742016990416897,0.5317339024586968,-1.019254850040693,1.755259797373202,-1.4391563926120985,-10.983820720146799,-0.6696871185663753,-0.768960472120539,-3.5497000991402747
0.4100000000000003,-0.08203786420702719,0.17654003346901298,0.2868912750904728,-0.23303141326584406,-1.2058982118772898,2.3931569198676304,0.09829387130638144,-0.8788288294260224,1.7728484561690827,-0.2733604911449668,-0.116217797627587,1.0482298421198022,-1.1688471739632735,-0.613456185680556,1.1399690860289824,0.16517809382538992,0.5348928051892301,-1.025343510589717,1.7734477586815267,-1.4393712653857826,-10.997821102871805,-0.6694801276983874,-0.7656254799225753,-3.522496787653755
0.4120000000000003,-0.08258709937925147,0.1763060599721384,0.289003159485079,-0.23540754215192689,-1.2071200338738142,2.3954258042323424,0.09861267916175917,-0.8777415483614597,1.770764056471276,-0.2738713991415535,-0.11651123350691708,1.051323697698881,-1.1765359144617007,-0.612365465474465,1.137622573751278,0.162854624835566,0.5384675407367719,-1.0322314486868451,1.7914818062429092,-1.4394870533933233,-11.010976902071455,-0.6691773688888919,-0.7624380060327578,-3.496746868163614
0.4140000000000003,-0.08313633455147576,0.17607208647526384,0.29111504387968523,-0.23778367103800974,-1.2083418558703383,2.397694688597054,0.09893148701713689,-0.876654267296897,1.7686796567734695,-0.2743823071381402,-0.11680466938624716,1.0544175532779596,-1.1842246549601279,-0.611274745268374,1.1352760614735733,0.16053115584574207,0.5420422762843137,-1.0391193867839732,1.8095158538042917,-1.439602841400864,-11.024132701271105,-0.6688746100793963,-0.7592505321429402,-3.470996948673473
0.4160000000000003,-0.08368556972370005,0.17583811297838928,0.2932269282742914,-0.24015979992409256,-1.2095636778668624,2.3999635729617657,0.0992502948725146,-0.8755669862323343,1.766595257075663,-0.2748932151347269,-0.11709810526557725,1.0575114088570383,-1.191913395458555,-0.610184025062283,1.1329295491958686,0.15820768685591813,0.5456170118318555,-1.0460073248811013,1.8275499013656742,-1.4397186294084046,-11.037288500470753,-0.6685718512699008,-0.7560630582531226,-3.4452470291833324
0.4180000000000003,-0.08423480489592433,0.1756041394815147,0.2953388126688976,-0.24253592881017538,-1.2107854998633865,2.4022324573264777,0.09956910272789234,-0.8744797051677716,1.7645108573778563,-0.2754041231313136,-0.11739154114490734,1.0606052644361172,-1.1996021359569822,-0.609093304856192,1.130583036918164,0.1558842178660942,0.5491917473793974,-1.0528952629782293,1.8455839489270567,-1.4398344174159452,-11.050444299670403,-0.6682690924604053,-0.752875584363305,-3.419497109693191
0.4200000000000003,-0.08478404006814862,0.17537016598464017,0.2974506970635038,-0.24491205769625823,-1.2120073218599106,2.4045013416911893,0.09988791058327005,-0.8733924241032088,1.7624264576800495,-0.2759150311279004,-0.11768497702423741,1.063699120015196,-1.2072908764554093,-0.6080025846501009,1.1282365246404593,0.15356074887627025,0.5527664829269392,-1.0597832010753574,1.8636179964884392,-1.4399502054234858,-11.063600098870051,-0.6679663336509098,-0.7496881104734875,-3.3937471902030505
0.4220000000000003,-0.08533866314131998,0.17513370188878274,0.29959387398921267,-0.24736503494336984,-1.2132159593710174,2.4067425151034905,0.10018305049288789,-0.8722669533545467,1.7602684839189078,-0.27648504425295956,-0.11788757717201577,1.066871151232104,-1.214960956524536,-0.6064458860609814,1.1250221629653463,0.15114852656079003,0.5568463191456211,-1.0676420629342205,1.881154292416122,-1.4399828564681734,-11.076014000960098,-0.6678239823554097,-0.746694381535366,-3.3698282513558357
0.4240000000000003,-0.08589328621449134,0.17489723779292532,0.3017370509149216,-0.24981801219048147,-1.2144245968821243,2.4089836885157916,0.10047819040250572,-0.8711414826058846,1.758110510157766,-0.2770550573780187,-0.11809017731979413,1.0700431824490122,-1.2226310365936628,-0.6048891874718617,1.1218078012902333,0.14873630424530979,0.5609261553643029,-1.0755009247930833,1.8986905883438048,-1.4400155075128607,-11.088427903050146,-0.6676816310599097,-0.7437006525972447,-3.3459093125086206
0.4260000000000003,-0.0864479092876627,0.1746607736970679,0.30388022784063046,-0.2522709894375931,-1.2156332343932312,2.4112248619280927,0.10077333031212356,-0.8700160118572224,1.7559525363966242,-0.2776250705030779,-0.11829277746757248,1.0732152136659203,-1.2303011166627895,-0.6033324888827422,1.1185934396151203,0.14632408192982954,0.5650059915829848,-1.0833597866519464,1.9162268842714876,-1.4400481585575482,-11.100841805140192,-0.6675392797644096,-0.7407069236591234,-3.321990373661406
0.4280000000000003,-0.08700253236083406,0.17442430960121047,0.3060234047663393,-0.2547239666847047,-1.2168418719043381,2.4134660353403934,0.1010684702217414,-0.8688905411085603,1.7537945626354825,-0.27819508362813705,-0.11849537761535085,1.0763872448828287,-1.2379711967319162,-0.6017757902936226,1.1153790779400072,0.14391185961434932,0.5690858278016666,-1.0912186485108093,1.9337631801991704,-1.4400808096022355,-11.11325570723024,-0.6673969284689096,-0.737713194721002,-3.2980714348141906
0.4300000000000003,-0.08755715543400543,0.17418784550535305,0.3081665816920482,-0.25717694393181634,-1.2180505094154448,2.4157072087526945,0.10136361013135922,-0.8677650703598981,1.7516365888743406,-0.2787650967531962,-0.1186979777631292,1.0795592760997368,-1.245641276801043,-0.6002190917045029,1.1121647162648942,0.14149963729886908,0.5731656640203485,-1.0990775103696724,1.9512994761268532,-1.440113460646923,-11.125669609320285,-0.6672545771734095,-0.7347194657828807,-3.274152495966976
0.43200000000000033,-0.0881178662633666,0.17394986443967342,0.3103421005405151,-0.25970621502127095,-1.2192409706067302,2.417911404013239,0.1016341006415457,-0.8665958145423551,1.7493942850040665,-0.27941682995495454,-0.11879641073200298,1.0828676127220807,-1.2532148310978661,-0.5981283741030866,1.1079619633983522,0.13897680648753577,0.5778639849012831,-1.1081253292090587,1.9679265818372507,-1.44008756059452,-11.137525971909639,-0.6675962897630946,-0.7319735220576333,-3.2525029578458726
0.43400000000000033,-0.08867857709272775,0.1737118833739938,0.3125176193889819,-0.2622354861107256,-1.2204314317980154,2.420115599273783,0.10190459115173217,-0.8654265587248121,1.7471519811337923,-0.28006856315671286,-0.11889484370087675,1.0861759493444247,-1.2607883853946893,-0.5960376565016703,1.10375921053181,0.13645397567620246,0.5825623057822176,-1.1171731480484448,1.9845536875476482,-1.4400616605421173,-11.149382334498991,-0.6679380023527796,-0.729227578332386,-3.23085341972477
0.43600000000000033,-0.08923928792208892,0.17347390230831417,0.31469313823744877,-0.2647647572001802,-1.2216218929893008,2.4223197945343276,0.10217508166191866,-0.8642573029072691,1.7449096772635182,-0.2807202963584712,-0.11899327666975051,1.0894842859667688,-1.2683619396915125,-0.5939469389002541,1.0995564576652679,0.13393114486486915,0.587260626663152,-1.1262209668878311,2.0011807932580457,-1.4400357604897143,-11.161238697088345,-0.6682797149424645,-0.7264816346071388,-3.2092038816036665
0.43800000000000033,-0.08979999875145009,0.17323592124263454,0.31686865708591566,-0.2672940282896349,-1.2228123541805862,2.424523989794872,0.10244557217210513,-0.8630880470897261,1.742667373393244,-0.2813720295602295,-0.11909170963862428,1.0927926225891127,-1.2759354939883358,-0.5918562212988377,1.0953537047987256,0.13140831405353584,0.5919589475440865,-1.1352687857272175,2.017807898968443,-1.4400098604373115,-11.173095059677697,-0.6686214275321496,-0.7237356908818915,-3.1875543434825633
0.44000000000000034,-0.09036070958081124,0.1729979401769549,0.3190441759343825,-0.26982329937908955,-1.2240028153718714,2.426728185055416,0.10271606268229161,-0.861918791272183,1.7404250695229697,-0.2820237627619879,-0.11919014260749805,1.0961009592114568,-1.283509048285159,-0.5897655036974214,1.0911509519321836,0.12888548324220253,0.5966572684250211,-1.1443166045666038,2.0344350046788406,-1.4399839603849085,-11.18495142226705,-0.6689631401218347,-0.7209897471566442,-3.1659048053614605
0.44200000000000034,-0.09092846140511586,0.17275955794009815,0.3212538271426003,-0.27242738204073724,-1.2251693769232948,2.4288848418227675,0.10296059142306105,-0.8606988731843906,1.738085214435919,-0.28278543823149227,-0.11916925230861189,1.0996378463168053,-1.2908763300607773,-0.5870622974091703,1.0858213569420139,0.12620569333089832,0.6021183220892492,-1.1548308105619411,2.0496694201880747,-1.439935057867054,-11.196541919597866,-0.6701925465117557,-0.7185544231243567,-3.1470309630414026
0.44400000000000034,-0.09149621322942048,0.17252117570324138,0.32346347835081807,-0.27503146470238493,-1.2263359384747183,2.4310414985901194,0.10320512016383049,-0.8594789550965983,1.735745359348868,-0.2835471137009967,-0.11914836200972571,1.103174733422154,-1.2982436118363954,-0.5843590911209192,1.0804917619518442,0.1235259034195941,0.6075793757534774,-1.1653450165572787,2.0649038356973084,-1.4398861553491993,-11.208132416928683,-0.6714219529016768,-0.7161190990920692,-3.1281571207213448
0.44600000000000034,-0.09206396505372509,0.17228279346638461,0.3256731295590359,-0.2776355473640326,-1.2275025000261417,2.433198155357471,0.10344964890459991,-0.858259037008806,1.7334055042618173,-0.2843087891705012,-0.11912747171083955,1.1067116205275027,-1.3056108936120137,-0.5816558848326681,1.0751621669616747,0.12084611350828989,0.6130404294177055,-1.175859222552616,2.0801382512065425,-1.4398372528313448,-11.219722914259497,-0.6726513592915979,-0.7136837750597816,-3.109283278401287
0.44800000000000034,-0.09263171687802971,0.17204441122952785,0.3278827807672537,-0.2802396300256803,-1.228669061577565,2.4353548121248223,0.10369417764536935,-0.8570391189210137,1.7310656491747665,-0.28507046464000557,-0.11910658141195338,1.1102485076328512,-1.312978175387632,-0.578952678544417,1.069832571971505,0.11816632359698567,0.6185014830819336,-1.1863734285479537,2.095372666715776,-1.43978835031349,-11.231313411590314,-0.673880765681519,-0.7112484510274942,-3.090409436081229
0.45000000000000034,-0.09319946870233432,0.17180602899267108,0.33009243197547145,-0.282843712687328,-1.2298356231289884,2.4375114688921737,0.1039387063861388,-0.8558192008332214,1.7287257940877157,-0.28583214010951,-0.1190856911130672,1.1137853947382,-1.3203454571632502,-0.5762494722561659,1.0645029769813352,0.11548653368568144,0.6239625367461619,-1.1968876345432913,2.1106070822250103,-1.4397394477956356,-11.242903908921129,-0.6751101720714401,-0.7088131269952067,-3.0715355937611712
0.45200000000000035,-0.09377552920555723,0.1715685236250477,0.3323391630165326,-0.2855198057887094,-1.230971719715473,2.439608544012955,0.10415531382989043,-0.8545401104894238,1.7262720262722713,-0.2867386025836418,-0.1189281100655581,1.1176931461104338,-1.327349335298133,-0.5728436498786877,1.0578881000136149,0.11256362037568704,0.6303703261363919,-1.2092221118384467,2.1238909373393464,-1.4397166408809388,-11.25465792933842,-0.677725622468817,-0.7067608808702609,-3.0560194568261285
0.45400000000000035,-0.09435158970878013,0.17133101825742433,0.3345858940575938,-0.2881958988900908,-1.2321078163019574,2.441705619133736,0.10437192127364206,-0.8532610201456261,1.7238182584568267,-0.2876450650577736,-0.11877052901804899,1.121600897482668,-1.3343532134330158,-0.5694378275012097,1.0512732230458943,0.10964070706569262,0.636778115526622,-1.2215565891336022,2.1371747924536826,-1.4396938339662422,-11.266411949755708,-0.6803410728661937,-0.7047086347453151,-3.040503319891086
0.45600000000000035,-0.09492765021200303,0.17109351288980096,0.33683262509865497,-0.2908719919914722,-1.2332439128884418,2.4438026942545172,0.1045885287173937,-0.8519819298018284,1.7213644906413823,-0.2885515275319054,-0.1186129479705399,1.1255086488549018,-1.3413570915678987,-0.5660320051237316,1.044658346078174,0.1067177937556982,0.643185904916852,-1.2338910664287575,2.1504586475680187,-1.4396710270515454,-11.278165970173,-0.6829565232635705,-0.7026563886203692,-3.0249871829560426
0.45800000000000035,-0.09550371071522594,0.17085600752217758,0.3390793561397161,-0.2935480850928536,-1.2343800094749264,2.445899769375298,0.10480513616114534,-0.8507028394580307,1.7189107228259377,-0.28945799000603717,-0.11845536692303078,1.1294164002271359,-1.3483609697027814,-0.5626261827462535,1.0380434691104534,0.1037948804457038,0.649593694307082,-1.246225543723913,2.163742502682355,-1.4396482201368488,-11.289919990590288,-0.6855719736609472,-0.7006041424954234,-3.009471046021
0.46000000000000035,-0.09607977121844884,0.1706185021545542,0.3413260871807773,-0.29622417819423497,-1.2355161060614108,2.447996844496079,0.10502174360489698,-0.849423749114233,1.7164569550104931,-0.29036445248016896,-0.11829778587552167,1.1333241515993697,-1.3553648478376643,-0.5592203603687754,1.0314285921427329,0.10087196713570937,0.6560014836973121,-1.2585600210190686,2.1770263577966906,-1.439625413222152,-11.301674011007577,-0.6881874240583241,-0.6985518963704775,-2.9939549090859576
0.46200000000000035,-0.09666579424743413,0.17038333863314287,0.3436146122623379,-0.29896757931935697,-1.236614208742928,2.4500206034181833,0.10520731667812815,-0.848074890481639,1.7138689001949348,-0.29145828303732,-0.11798338669636517,1.13781839734725,-1.3617775507718808,-0.5550092157314216,1.0233483812964623,0.09755672771110488,0.6635913972329509,-1.2731677499401044,2.187728947449904,-1.439694253976292,-11.31419403140189,-0.6927994669168318,-0.6969666348780462,-2.982463461256737
0.46400000000000036,-0.0972518172764194,0.17014817511173153,0.34590313734389855,-0.3017109804444789,-1.237712311424445,2.452044362340288,0.10539288975135933,-0.8467260318490449,1.7112808453793764,-0.29255211359447114,-0.11766898751720868,1.14231264309513,-1.3681902537060973,-0.5507980710940679,1.0152681704501916,0.09424148828650038,0.6711813107685896,-1.2877754788611402,2.198431537103118,-1.439763094730432,-11.3267140517962,-0.6974115097753394,-0.6953813733856148,-2.970972013427516
0.46600000000000036,-0.0978378403054047,0.16991301159032018,0.3481916624254591,-0.3044543815696009,-1.2388104141059622,2.454068121262392,0.1055784628245905,-0.8453771732164509,1.708692790563818,-0.2936459441516222,-0.11735458833805218,1.14680688884301,-1.374602956640314,-0.546586926456714,1.007187959603921,0.09092624886189589,0.6787712243042283,-1.302383207782176,2.209134126756331,-1.4398319354845723,-11.339234072190512,-0.702023552633847,-0.6937961118931835,-2.959480565598296
0.46800000000000036,-0.09842386333438997,0.16967784806890884,0.35048018750701976,-0.3071977826947229,-1.239908516787479,2.456091880184496,0.10576403589782167,-0.8440283145838569,1.7061047357482597,-0.2947397747087733,-0.11704018915889568,1.1513011345908903,-1.3810156595745304,-0.5423757818193602,0.9991077487576504,0.0876110094372914,0.6863611378398671,-1.3169909367032118,2.2198367164095445,-1.4399007762387124,-11.351754092584823,-0.7066355954923547,-0.6922108504007521,-2.947989117769075
0.47000000000000036,-0.09900988636337525,0.1694426845474975,0.35276871258858034,-0.3099411838198449,-1.2410066194689962,2.4581156391066004,0.10594960897105285,-0.8426794559512628,1.7035166809327014,-0.2958336052659244,-0.11672578997973918,1.1557953803387704,-1.387428362508747,-0.5381646371820064,0.9910275379113797,0.08429577001268687,0.693951051375506,-1.3315986656242478,2.2305393060627576,-1.4399696169928524,-11.364274112979134,-0.7112476383508625,-0.6906255889083207,-2.936497669939855
0.47200000000000036,-0.09960799523161354,0.16921154610374017,0.35510640513524705,-0.3127444208403809,-1.2420581073702572,2.46005043579664,0.10609908755280055,-0.84124755661028,1.700768815685496,-0.29716632345370486,-0.11623089249400384,1.1611990703699226,-1.392916810242581,-0.5330324579228632,0.9812797777221487,0.08034100255731777,0.7030262611584849,-1.3490624139495124,2.2379630896139093,-1.4402145771218424,-11.378375120629691,-0.7186010352990405,-0.6896011892731853,-2.9297929047174116
0.47400000000000037,-0.10020610409985181,0.16898040765998287,0.3574440976819137,-0.3155476578609169,-1.243109595271518,2.461985232486679,0.10624856613454825,-0.839815657269297,1.6980209504382906,-0.29849904164148533,-0.1157359950082685,1.166602760401075,-1.398405257976415,-0.5279002786637201,0.9715320175329177,0.07638623510194867,0.7121014709414638,-1.366526162274777,2.2453868731650606,-1.4404595372508322,-11.392476128280247,-0.7259544322472186,-0.6885767896380497,-2.9230881394949684
0.47600000000000037,-0.10080421296809008,0.16874926921622557,0.35978179022858037,-0.31835089488145285,-1.2441610831727792,2.4639200291767187,0.10639804471629595,-0.838383757928314,1.6952730851910853,-0.29983175982926574,-0.11524109752253317,1.1720064504322272,-1.4038937057102492,-0.522768099404577,0.9617842573436868,0.07243146764657958,0.7211766807244429,-1.3839899106000415,2.2528106567162123,-1.4407044973798222,-11.406577135930803,-0.7333078291953967,-0.6875523900029142,-2.916383374272525
0.47800000000000037,-0.10140232183632836,0.16851813077246827,0.362119482775247,-0.3211541319019888,-1.2452125710740403,2.4658548258667583,0.10654752329804365,-0.8369518585873311,1.6925252199438798,-0.3011644780170462,-0.11474620003679784,1.1774101404633794,-1.4093821534440831,-0.5176359201454339,0.9520364971544558,0.06847670019121048,0.7302518905074218,-1.4014536589253062,2.2602344402673635,-1.440949457508812,-11.420678143581359,-0.7406612261435748,-0.6865279903677787,-2.9096786090500815
0.48000000000000037,-0.10200043070456663,0.16828699232871097,0.3644571753219137,-0.3239573689225248,-1.2462640589753011,2.4677896225567975,0.10669700187979135,-0.8355199592463481,1.6897773546966743,-0.3024971962048267,-0.11425130255106249,1.1828138304945317,-1.414870601177917,-0.5125037408862907,0.9422887369652247,0.06452193273584132,0.7393271002904008,-1.4189174072505708,2.267658223818515,-1.441194417637802,-11.434779151231917,-0.748014623091753,-0.6855035907326432,-2.9029738438276387
0.4820000000000004,-0.10261331381010182,0.16806182137732298,0.36685537436445054,-0.32680890656822514,-1.2472590935211905,2.469617683734081,0.10680215468855347,-0.8339882932628423,1.686837510180313,-0.30413050780400314,-0.11354752366373064,1.1896069800147802,-1.4189450310429483,-0.5063231927904085,0.9306507238278023,0.05953018676577266,0.7502784980575947,-1.4399914897390376,2.271057074135565,-1.441722573775829,-11.451532645160823,-0.7590134562966185,-0.6851552010030171,-2.901928151682825
0.4840000000000004,-0.10322619691563699,0.16783665042593499,0.3692535734069874,-0.3296604442139255,-1.2482541280670798,2.4714457449113643,0.10690730749731558,-0.8324566272793363,1.683897665663952,-0.30576381940317965,-0.11284374477639879,1.1964001295350286,-1.4230194609079798,-0.5001426446945263,0.9190127106903798,0.054538440795703996,0.7612298958247886,-1.461065572227504,2.2744559244526155,-1.4422507299138558,-11.46828613908973,-0.7700122895014839,-0.6848068112733908,-2.9008824595380105
0.4860000000000004,-0.10383908002117218,0.167611479474547,0.3716517724495242,-0.3325119818596258,-1.2492491626129691,2.4732738060886477,0.1070124603060777,-0.8309249612958305,1.6809578211475906,-0.3073971310023561,-0.11213996588906694,1.203193279055277,-1.427093890773011,-0.4939620965986441,0.9073746975529573,0.04954669482563534,0.7721812935919824,-1.4821396547159709,2.277854774769666,-1.4427788860518826,-11.485039633018639,-0.7810111227063493,-0.6844584215437647,-2.8998367673931966
0.4880000000000004,-0.10445196312670735,0.167386308523159,0.37404997149206104,-0.3353635195053262,-1.2502441971588585,2.4751018672659306,0.1071176131148398,-0.8293932953123246,1.6780179766312293,-0.3090304426015326,-0.11143618700173509,1.2099864285755255,-1.4311683206380426,-0.48778154850276195,0.8957366844155349,0.04455494885556667,0.7831326913591763,-1.5032137372044376,2.281253625086716,-1.4433070421899097,-11.501793126947547,-0.7920099559112147,-0.6841100318141385,-2.8987910752483828
0.4900000000000004,-0.10506484623224252,0.16716113757177103,0.37644817053459784,-0.33821505715102657,-1.2512392317047478,2.476929928443214,0.10722276592360191,-0.8278616293288187,1.675078132114868,-0.31066375420070896,-0.11073240811440323,1.2167795780957733,-1.4352427505030734,-0.48160100040687964,0.8840986712781123,0.039563202885497625,0.794084089126369,-1.524287819692902,2.284652475403803,-1.443835198327937,-11.518546620876457,-0.8030087891160582,-0.6837616420845087,-2.897745383103534
0.4920000000000004,-0.10568549881470089,0.1669440252346877,0.3788779508263631,-0.3410754643152088,-1.2521649396716146,2.4786280354988715,0.10725271182974434,-0.8262890782127322,1.6720592767470672,-0.30956089711955664,-0.10983459335482655,1.211829585888607,-1.4306076092530169,-0.47372142946283785,0.8693916647049249,0.027625187397114302,0.7833987786127758,-1.5038246963004842,2.9490158166312974,-1.4502798301751105,-11.584049469697149,-0.4183238267032148,-0.6169896428561991,-2.2649564179266215
0.4940000000000004,-0.10630615139715925,0.1667269128976044,0.38130773111812843,-0.34393587147939103,-1.253090647638481,2.4803261425545293,0.10728265773588676,-0.8247165270966458,1.6690404213792662,-0.3084580400384043,-0.10893677859524986,1.2068795936814407,-1.4259724680029604,-0.46584185851879606,0.8546846581317377,0.015687171908730972,0.7727134680991826,-1.4833615729080665,3.613379157858792,-1.4567244620222843,-11.649552318517841,-0.03363886429037133,-0.5502176436278895,-1.6321674527497094
0.4960000000000004,-0.10692680397961761,0.16650980056052112,0.3837375114098937,-0.34679627864357326,-1.2540163556053479,2.4820242496101868,0.10731260364202919,-0.8231439759805593,1.6660215660114652,-0.307355182957252,-0.10803896383567317,1.2019296014742742,-1.421337326752904,-0.45796228757475427,0.8399776515585504,0.003749156420347649,0.7620281575855895,-1.4628984495156487,4.277742499086286,-1.4631690938694581,-11.715055167338534,0.3510460981224719,-0.4834456443995798,-0.9993784875727976
0.4980000000000004,-0.10754745656207598,0.16629268822343782,0.386167291701659,-0.3496566858077555,-1.2549420635722144,2.483722356665844,0.10734254954817161,-0.8215714248644729,1.6630027106436645,-0.30625232587609963,-0.10714114907609648,1.196979609267108,-1.4167021855028474,-0.4500827166307124,0.8252706449853632,-0.008188859068035681,0.7513428470719964,-1.4424353261232308,4.942105840313781,-1.469613725716632,-11.780558016159226,0.7357310605353156,-0.4166736451712702,-0.3665895223958855
0.5000000000000003,-0.10816810914453431,0.16607557588635452,0.38859707199342414,-0.3525170929719377,-1.255867771539081,2.4854204637215016,0.10737249545431403,-0.8199988737483864,1.6599838552758635,-0.3051494687949472,-0.10624333431651982,1.1920296170599411,-1.4120670442527907,-0.4422031456866708,0.8105636384121763,-0.020126874556418883,0.7406575365584026,-1.4219722027308117,5.606469181541221,-1.4760583575638049,-11.846060864979911,1.1204160229481275,-0.34990164594296597,0.2661994427809736
0.5020000000000003,-0.10875880637042498,0.16586825236578775,0.3908962114411193,-0.3552762788094899,-1.2567075576639797,2.486958723382564,0.10724970678677435,-0.818669030327455,1.6574305254765112,-0.30127182827243865,-0.10518414834617737,1.175318587593254,-1.3988276646007827,-0.43332749781911595,0.7940893098853179,-0.035765441142585425,0.7119006725945958,-1.366796314614898,5.627115854641721,-1.472064833049814,-11.81906797710015,1.1316577485719983,-0.3455647518557995,0.2619244887255207
0.5040000000000003,-0.10934950359631565,0.165660928845221,0.39319535088881447,-0.3580354646470422,-1.2575473437888784,2.488496983043626,0.10712691811923468,-0.8173391869065234,1.6548771956771586,-0.29739418774993004,-0.1041249623758349,1.1586075581265667,-1.3855882849487746,-0.4244518499515611,0.7776149813584596,-0.05140400772875196,0.6831438086307889,-1.3116204264989841,5.64776252774222,-1.468071308535823,-11.792075089220388,1.1428994741958691,-0.34122785776863307,0.2576495346700678
0.5060000000000003,-0.10994020082220632,0.16545360532465425,0.39549449033650963,-0.3607946504845945,-1.2583871299137772,2.490035242704688,0.107004129451695,-0.8160093434855918,1.6523238658778063,-0.2935165472274215,-0.10306577640549246,1.1418965286598795,-1.3723489052967666,-0.41557620208400625,0.7611406528316013,-0.0670425743149185,0.6543869446669821,-1.2564445383830702,5.66840920084272,-1.4640777840218322,-11.765082201340626,1.15414119981974,-0.33689096368146665,0.2533745806146149
0.5080000000000003,-0.11053089804809699,0.16524628180408749,0.39779362978420474,-0.3635538363221468,-1.2592269160386758,2.4915735023657506,0.10688134078415533,-0.8146795000646603,1.6497705360784538,-0.2896389067049129,-0.10200659043515001,1.1251854991931924,-1.3591095256447585,-0.4067005542164514,0.7446663243047429,-0.08268114090108504,0.6256300807031753,-1.2012686502671566,5.68905587394322,-1.4600842595078412,-11.738089313460865,1.1653829254436108,-0.33255406959430023,0.24909962655916193
0.5100000000000003,-0.11112159527398766,0.16503895828352075,0.4000927692318999,-0.3663130221596991,-1.2600667021635745,2.4931117620268126,0.10675855211661564,-0.8133496566437287,1.6472172062791013,-0.2857612661824043,-0.10094740446480754,1.1084744697265052,-1.3458701459927505,-0.39782490634889656,0.7281919957778846,-0.09831970748725131,0.596873216739369,-1.1460927621512436,5.709702547043719,-1.4560907349938503,-11.711096425581102,1.1766246510674814,-0.32821717550713386,0.2448246725037091
0.5120000000000003,-0.11167480230138796,0.16484297765476835,0.4022321444053142,-0.368933366653298,-1.260819045791037,2.49448798889953,0.10650313874570884,-0.8122654580626237,1.6451352572718674,-0.2821410390590471,-0.09974245694222642,1.0931471313743146,-1.331444076645216,-0.38919781893494515,0.7122323581105684,-0.10943512316271604,0.5760803690909713,-1.1061878108543006,5.726098412516778,-1.452306276419383,-11.685278463974765,1.1852621718035556,-0.325101663490193,0.24186632438927613
0.5140000000000003,-0.11222800932878825,0.16464699702601596,0.4043715195787285,-0.37155371114689695,-1.2615713894184997,2.4958642157722473,0.10624772537480204,-0.8111812594815186,1.6430533082646335,-0.2785208119356898,-0.09853750941964527,1.077819793022124,-1.3170180072976814,-0.38057073152099374,0.6962727204432523,-0.12055053883818076,0.5552875214425735,-1.066282859557358,5.742494277989839,-1.4485218178449157,-11.659460502368425,1.1938996925396297,-0.3219861514732521,0.23890797627484317
0.5160000000000003,-0.11278121635618855,0.1644510163972636,0.4065108947521428,-0.3741740556404959,-1.2623237330459622,2.497240442644965,0.10599231200389525,-0.8100970609004136,1.6409713592573996,-0.27490058481233254,-0.09733256189706413,1.0624924546699335,-1.302591937950147,-0.3719436441070423,0.680313082775936,-0.1316659545136455,0.5344946737941758,-1.026377908260415,5.7588901434628985,-1.4447373592704487,-11.633642540762086,1.202537213275704,-0.3188706394563112,0.2359496281604102
0.5180000000000003,-0.11333442338358886,0.1642550357685112,0.4086502699255571,-0.3767944001340948,-1.2630760766734246,2.4986166695176824,0.10573689863298845,-0.8090128623193085,1.6388894102501657,-0.27128035768897524,-0.096127614374483,1.0471651163177427,-1.2881658686026123,-0.3633165566930909,0.6643534451086199,-0.1427813701891102,0.513701826145778,-0.986472956963472,5.775286008935959,-1.4409529006959814,-11.607824579155748,1.2111747340117782,-0.3157551274393704,0.23299128004597724
0.5200000000000004,-0.11388763041098915,0.16405905513975882,0.41078964509897137,-0.37941474462769376,-1.2638284203008872,2.4999928963903995,0.10548148526208165,-0.8079286637382035,1.6368074612429317,-0.267660130565618,-0.09492266685190186,1.031837777965552,-1.2737397992550776,-0.35468946927913947,0.6483938074413037,-0.15389678586457475,0.49290897849738063,-0.9465680056665299,5.791681874409019,-1.437168442121514,-11.582006617549409,1.2198122547478523,-0.3126396154224296,0.23003293193154434
0.5220000000000004,-0.11440592093987581,0.16387573888592122,0.41278086673685893,-0.3818871716730472,-1.2644954627773901,2.501211571879546,0.10513240435506041,-0.8070219359312366,1.6350661283862045,-0.2642966922022353,-0.09359947009594854,1.0174829102735317,-1.2586559046646923,-0.3462504241065076,0.6328315309374051,-0.16168416053374657,0.47790267579931306,-0.9177648597802789,5.804647841283004,-1.4335011608468602,-11.556790734344668,1.2264416220858732,-0.3104139851656394,0.2279819170888347
0.5240000000000004,-0.11492421146876247,0.16369242263208364,0.4147720883747465,-0.38435959871840064,-1.2651625052538928,2.502430247368692,0.10478332344803917,-0.8061152081242697,1.6333247955294774,-0.26093325383885263,-0.09227627333999522,1.0031280425815112,-1.2435720100743068,-0.33781137893387575,0.6172692544335063,-0.1694715352029184,0.4628963731012455,-0.8889617138940279,5.817613808156991,-1.4298338795722063,-11.53157485113993,1.233070989423894,-0.3081883549088492,0.22593090224612505
0.5260000000000004,-0.11544250199764915,0.16350910637824603,0.41676331001263406,-0.38683202576375403,-1.2658295477303956,2.5036489228578387,0.10443424254101794,-0.8052084803173029,1.6315834626727503,-0.2575698154754699,-0.0909530765840419,0.9887731748894907,-1.2284881154839216,-0.3293723337612439,0.6017069779296076,-0.17725890987209023,0.4478900704031779,-0.8601585680077769,5.8305797750309765,-1.4261665982975522,-11.506358967935189,1.239700356761915,-0.30596272465205904,0.2238798874034154
0.5280000000000004,-0.11596079252653581,0.16332579012440845,0.4187545316505216,-0.38930445280910747,-1.2664965902068985,2.5048675983469852,0.1040851616339967,-0.804301752510336,1.6298421298160233,-0.25420637711208727,-0.0896298798280886,0.9744183071974701,-1.2134042208935363,-0.3209332885886121,0.586144701425709,-0.18504628454126207,0.43288376770511033,-0.8313554221215258,5.843545741904962,-1.4224993170228983,-11.481143084730448,1.2463297240999358,-0.3037370943952689,0.22182887256070577
0.5300000000000004,-0.11647908305542247,0.16314247387057088,0.4207457532884092,-0.39177687985446086,-1.2671636326834013,2.5060862738361314,0.10373608072697545,-0.8033950247033692,1.6281007969592962,-0.2508429387487046,-0.08830668307213527,0.9600634395054497,-1.1983203263031508,-0.31249424341598026,0.5705824249218102,-0.19283365921043377,0.417877465007043,-0.8025522762352754,5.856511708778949,-1.4188320357482445,-11.455927201525707,1.2529590914379567,-0.30151146413847874,0.21977785771799616
0.5320000000000004,-0.1169650092439254,0.1629728601467927,0.422597231970701,-0.3940968316930749,-1.2677471437949475,2.5071511422085138,0.10332197468015493,-0.8026162200100054,1.6266050118292616,-0.2477326878405146,-0.08689435403628495,0.9464413876574147,-1.1829642676340095,-0.30422780739501604,0.5553837119112593,-0.1981765000248758,0.4070774487429313,-0.7818208237655233,5.866674219888634,-1.4152112517087208,-11.430853064895857,1.2580623364023815,-0.2999346403087543,0.2183554136605552
0.5340000000000004,-0.11745093543242834,0.16280324642301452,0.4244487106529928,-0.3964167835316889,-1.2683306549064937,2.5082160105808966,0.10290786863333441,-0.8018374153166418,1.625109226699227,-0.2446224369323246,-0.08548202500043464,0.9328193358093797,-1.1676082089648683,-0.2959613713740519,0.5401849989007084,-0.20351934083931783,0.3962774324788195,-0.7610893712957714,5.87683673099832,-1.411590467669197,-11.405778928266004,1.2631655813668066,-0.2983578164790298,0.2169329696031142
0.5360000000000004,-0.11793686162093125,0.16263363269923634,0.4263001893352846,-0.3987367353703029,-1.2689141660180399,2.509280878953279,0.1024937625865139,-0.801058610623278,1.6236134415691925,-0.2415121860241346,-0.08406969596458432,0.9191972839613447,-1.152252150295727,-0.2876949353530877,0.5249862858901575,-0.20886218165375986,0.3854774162147078,-0.7403579188260193,5.886999242108005,-1.4079696836296736,-11.380704791636152,1.2682688263312314,-0.2967809926493053,0.2155105255456732
0.5380000000000004,-0.11842278780943419,0.16246401897545817,0.4281516680175764,-0.4010566872089169,-1.269497677129586,2.5103457473256614,0.10207965653969338,-0.8002798059299143,1.622117656439158,-0.23840193511594462,-0.082657366928734,0.9055752321133097,-1.1368960916265856,-0.2794284993321235,0.5097875728796065,-0.2142050224682019,0.3746773999505961,-0.7196264663562674,5.8971617532176905,-1.4043488995901499,-11.355630655006301,1.2733720712956562,-0.29520416881958084,0.21408808148823225
0.5400000000000004,-0.11890871399793712,0.16229440525168,0.4300031466998682,-0.4033766390475309,-1.2700811882411323,2.511410615698044,0.10166555049287286,-0.7995010012365507,1.6206218713091234,-0.23529168420775462,-0.08124503789288368,0.8919531802652747,-1.1215400329574443,-0.27116206331115933,0.4945888598690556,-0.2195478632826438,0.36387738368648453,-0.6988950138865158,5.907324264327376,-1.4007281155506262,-11.330556518376449,1.278475316260081,-0.2936273449898564,0.21266563743079128
0.5420000000000004,-0.11936477901350209,0.16213923364837485,0.43172152497171373,-0.4055429282988389,-1.2705829713053887,2.5123254227600347,0.10120743445963318,-0.7988141015485093,1.61930250840292,-0.2324284908749348,-0.07977416407584575,0.8789433273893459,-1.1062069158515686,-0.2630890784712654,0.47978555142847845,-0.22309963051089482,0.3561353817113901,-0.6840331110848636,5.915156355656239,-1.3970920114088563,-11.305209783107289,1.2824366063018147,-0.2925186908870881,0.21168165106734352
0.5440000000000004,-0.11982084402906706,0.1619840620450697,0.43343990324355924,-0.4077092175501469,-1.271084754369645,2.5132402298220256,0.10074931842639348,-0.7981272018604679,1.6179831454967166,-0.229565297542115,-0.07830329025880782,0.8659334745134171,-1.0908737987456931,-0.25501609363137145,0.4649822429879013,-0.22665139773914583,0.3483933797362957,-0.6691712082832116,5.9229884469851015,-1.3934559072670867,-11.279863047838129,1.2863978963435485,-0.2914100367843198,0.21069766470389575
0.5460000000000004,-0.12027690904463204,0.16182889044176454,0.43515828151540475,-0.4098755068014549,-1.2715865374339015,2.5141550368840164,0.10029120239315378,-0.7974403021724266,1.6166637825905135,-0.22670210420929518,-0.07683241644176989,0.8529236216374881,-1.0755406816398174,-0.24694310879147752,0.45017893454732416,-0.23020316496739684,0.34065137776120125,-0.6543093054815596,5.930820538313964,-1.3898198031253168,-11.254516312568969,1.2903591863852821,-0.29030138268155153,0.20971367834044802
0.5480000000000004,-0.12073297406019702,0.1616737188384594,0.43687665978725027,-0.4120417960527629,-1.272088320498158,2.5150698439460073,0.0998330863599141,-0.7967534024843852,1.61534441968431,-0.22383891087647534,-0.07536154262473196,0.8399137687615593,-1.0602075645339417,-0.23887012395158358,0.43537562610674696,-0.23375493219564786,0.3329093757861068,-0.6394474026799076,5.938652629642826,-1.3861836989835472,-11.229169577299807,1.294320476427016,-0.2891927285787833,0.20872969197700025
0.5500000000000004,-0.12118903907576199,0.16151854723515427,0.4385950380590958,-0.4142080853040709,-1.2725901035624143,2.515984651007998,0.0993749703266744,-0.7960665027963438,1.614025056778107,-0.22097571754365555,-0.07389066880769403,0.8269039158856305,-1.044874447428066,-0.23079713911168967,0.42057231766616987,-0.2373066994238988,0.32516737381101246,-0.6245854998782558,5.9464847209716885,-1.3825475948417774,-11.203822842030647,1.2982817664687496,-0.28808407447601503,0.20774570561355252
0.5520000000000004,-0.1216176735903505,0.16137824406322354,0.4401862073344542,-0.41622216324763345,-1.2730123256358397,2.5167537425846316,0.09888821687424805,-0.7954453187291715,1.612831844641569,-0.21835125679619882,-0.07239333635056683,0.8144726352497254,-1.0298008977669022,-0.22296885144238904,0.4062513144468063,-0.239550989584108,0.3196492574039851,-0.6139927562769694,5.95234240474033,-1.3788361866318593,-11.177783832291393,1.301408458345116,-0.2873115197594211,0.20706868963872338
0.5540000000000004,-0.12204630810493901,0.1612379408912928,0.4417773766098126,-0.418236241191196,-1.273434547709265,2.517522834161265,0.09840146342182171,-0.7948241346619992,1.6116386325050311,-0.2157267960487421,-0.07089600389343961,0.8020413546138203,-1.0147273481057384,-0.21514056377308843,0.3919303112274427,-0.24179527974431722,0.3141311409969577,-0.6034000126756829,5.958200088508971,-1.3751247784219414,-11.151744822552137,1.3045351502214824,-0.2865389650428272,0.20639167366389424
0.5560000000000004,-0.12247494261952752,0.16109763771936209,0.44336854588517105,-0.4202503191347586,-1.2738567697826904,2.5182919257378984,0.09791470996939536,-0.7942029505948269,1.6104454203684933,-0.21310233530128536,-0.06939867143631241,0.7896100739779153,-0.9996537984445745,-0.2073122761037878,0.3776093080080791,-0.2440395699045264,0.30861302458993034,-0.5928072690743965,5.964057772277613,-1.3714133702120233,-11.125705812812884,1.3076618420978487,-0.2857664103262333,0.2057146576890651
0.5580000000000004,-0.12290357713411602,0.16095733454743139,0.44495971516052946,-0.42226439707832114,-1.2742789918561157,2.519061017314532,0.09742795651696902,-0.7935817665276547,1.6092522082319554,-0.21047787455382863,-0.0679013389791852,0.7771787933420101,-0.9845802487834105,-0.19948398843448717,0.36328830478871554,-0.24628386006473563,0.30309490818290297,-0.58221452547311,5.969915456046254,-1.3677019620021054,-11.09966680307363,1.3107885339742151,-0.28499385560963936,0.20503764171423597
0.5600000000000004,-0.12333221164870453,0.16081703137550066,0.44655088443588786,-0.4242784750218837,-1.274701213929541,2.519830108891165,0.09694120306454267,-0.7929605824604824,1.6080589960954177,-0.2078534138063719,-0.066404006522058,0.7647475127061051,-0.9695066991222467,-0.19165570076518657,0.348967301569352,-0.2485281502249448,0.2975767917758757,-0.5716217818718238,5.975773139814895,-1.3639905537921873,-11.073627793334374,1.3139152258505815,-0.2842213008930454,0.20436062573940686
0.5620000000000004,-0.12373575297114985,0.16069169392474883,0.44802075273548053,-0.4261439481047914,-1.2750466935662348,2.520458950822521,0.09643700594936017,-0.7923860654039893,1.606955365079127,-0.20545735795013534,-0.064913973351792,0.7529295710023498,-0.9548892545970066,-0.1841508549042184,0.3352651694858905,-0.2498235331144559,0.29367650362919123,-0.5641351568239724,5.979925982635095,-1.3601392528095655,-11.046426374600598,1.3164586151539897,-0.2836887643996032,0.20389937000858266
0.5640000000000004,-0.12413929429359516,0.16056635647399703,0.4494906210350732,-0.4280094211876991,-1.2753921732029283,2.521087792753877,0.09593280883417767,-0.7918115483474961,1.6058517340628367,-0.20306130209389878,-0.063423940181526,0.7411116292985944,-0.9402718100717664,-0.17664600904325023,0.32156303740242903,-0.251118916003967,0.28977621548250676,-0.556648531776121,5.984078825455295,-1.3562879518269435,-11.019224955866822,1.319002004457398,-0.283156227906161,0.20343811427775846
0.5660000000000004,-0.12454283561604047,0.1604410190232452,0.45096048933466587,-0.42987489427060677,-1.275737652839622,2.5217166346852324,0.09542861171899517,-0.791237031291003,1.604748103046546,-0.20066524623766221,-0.06193390701126001,0.7292936875948391,-0.9256543655465264,-0.16914116318228206,0.30786090531896754,-0.25241429889347816,0.28587592733582223,-0.5491619067282696,5.988231668275494,-1.3524366508443217,-10.992023537133045,1.3215453937608064,-0.2826236914127188,0.20297685854693429
0.5680000000000004,-0.12494637693848579,0.16031568157249337,0.45243035763425854,-0.4317403673535145,-1.2760831324763156,2.5223454766165885,0.09492441460381267,-0.79066251423451,1.6036444720302554,-0.19826919038142565,-0.06044387384099402,0.7174757458910838,-0.9110369210212862,-0.1616363173213139,0.29415877323550604,-0.2537096817829893,0.28197563918913776,-0.5416752816804182,5.992384511095693,-1.3485853498616998,-10.964822118399267,1.3240887830642147,-0.2820911549192766,0.20251560281611009
0.5700000000000004,-0.12534991826093111,0.16019034412174157,0.4539002259338512,-0.4336058404364222,-1.2764286121130093,2.522974318547944,0.09442021748863016,-0.7900879971780168,1.602540841013965,-0.19587313452518912,-0.05895384067072802,0.7056578041873285,-0.8964194764960461,-0.15413147146034575,0.2804566411520446,-0.2550050646725004,0.27807535104245334,-0.5341886566325669,5.996537353915893,-1.344734048879078,-10.93762069966549,1.326632172367623,-0.28155861842583446,0.20205434708528588
0.5720000000000004,-0.12573059062709688,0.16007972257312428,0.4552553502919766,-0.43532811922527376,-1.276701088260181,2.523469983128127,0.09390666472957078,-0.7895462867374402,1.6015001788093342,-0.19369318855932732,-0.05750682771931713,0.6945474472814029,-0.8824231453841034,-0.147055409620918,0.2675581557976601,-0.25561902690441324,0.2753525558994383,-0.5289629666178859,5.9991962605026865,-1.3406682179807308,-10.908695986520907,1.3288073184054248,-0.2811974439708916,0.2017456955591704
0.5740000000000004,-0.1261112629932626,0.15996910102450698,0.456610474650102,-0.4370503980141253,-1.2769735644073525,2.5239656477083092,0.0933931119705114,-0.7890045762968637,1.600459516604703,-0.19151324259346553,-0.05605981476790623,0.6834370903754773,-0.8684268142721606,-0.1399793477814903,0.25465967044327564,-0.25623298913632614,0.27262976075642326,-0.5237372766032049,6.001855167089479,-1.3366023870823835,-10.879771273376326,1.3309824644432267,-0.2808362695159487,0.20143704403305493
0.5760000000000004,-0.12649193535942838,0.1598584794758897,0.4579655990082274,-0.4387726768029769,-1.2772460405545243,2.524461312288492,0.09287955921145202,-0.7884628658562872,1.5994188544000723,-0.18933329662760373,-0.05461280181649533,0.6723267334695517,-0.8544304831602179,-0.13290328594206255,0.2417611850888911,-0.25684695136823904,0.2699069656134082,-0.5185115865885239,6.004514073676272,-1.3325365561840363,-10.850846560231743,1.3331576104810283,-0.2804750950610059,0.20112839250693945
0.5780000000000004,-0.12687260772559414,0.15974785792727242,0.4593207233663528,-0.4404949555918285,-1.2775185167016958,2.5249569768686744,0.09236600645239264,-0.7879211554157106,1.5983781921954414,-0.18715335066174194,-0.05316578886508443,0.6612163765636261,-0.8404341520482751,-0.1258272241026348,0.22886269973450662,-0.25746091360015194,0.2671841704703931,-0.5132858965738429,6.007172980263065,-1.328470725285689,-10.821921847087161,1.3353327565188302,-0.280113920606063,0.20081974098082397
0.5800000000000004,-0.1272532800917599,0.15963723637865512,0.46067584772447817,-0.44221723438068006,-1.2777909928488675,2.525452641448857,0.09185245369333325,-0.7873794449751341,1.5973375299908106,-0.18497340469588017,-0.05171877591367354,0.6501060196577005,-0.8264378209363323,-0.11875116226320712,0.21596421438012217,-0.2580748758320648,0.2644613753273781,-0.5080602065591621,6.009831886849858,-1.3244048943873419,-10.792997133942578,1.337507902556632,-0.27975274615112017,0.20051108945470852
0.5820000000000004,-0.12761317441065323,0.159540712345477,0.46192401755829837,-0.4438032278177054,-1.2779953939279927,2.525824296449151,0.09133530094806823,-0.7868604501763399,1.5963404598249407,-0.18299515644399558,-0.05035284426143635,0.6398559157625548,-0.8131967799880455,-0.1122367305346392,0.20410428571820122,-0.25821032915299347,0.26259618339303215,-0.504481368507605,6.011177333377002,-1.3200345950011394,-10.761658899160707,1.3395131701736502,-0.2795154298433953,0.20031212531878856
0.5840000000000004,-0.12797306872954659,0.15944418831229892,0.4631721873921185,-0.4453892212547308,-1.2781997950071178,2.526195951449445,0.0908181482028032,-0.7863414553775457,1.5953433896590707,-0.18101690819211097,-0.04898691260919917,0.6296058118674093,-0.7999557390397586,-0.1057222988060713,0.19224435705628024,-0.25834578247392215,0.2607309914586861,-0.5009025304560479,6.012522779904147,-1.315664295614937,-10.730320664378837,1.3415184377906684,-0.2792781135356704,0.20011316118286862
0.5860000000000004,-0.1283329630484399,0.1593476642791208,0.46442035722593866,-0.44697521469175616,-1.278404196086243,2.5265676064497393,0.09030099545753818,-0.7858224605787515,1.5943463194932008,-0.17903865994022639,-0.04762098095696198,0.6193557079722637,-0.7867146980914717,-0.0992078670775034,0.18038442839435928,-0.2584812357948508,0.25886579952434013,-0.49732369240449087,6.013868226431293,-1.3112939962287342,-10.698982429596965,1.3435237054076865,-0.2790407972279455,0.19991419704694866
0.5880000000000004,-0.12869285736733324,0.1592511402459427,0.46566852705975886,-0.44856120812878153,-1.278608597165368,2.5269392614500332,0.08978384271227316,-0.7853034657799572,1.5933492493273311,-0.17706041168834177,-0.0462550493047248,0.609105604077118,-0.7734736571431847,-0.09269343534893548,0.16852449973243833,-0.25861668911577945,0.25700060758999416,-0.4937448543529338,6.015213672958438,-1.3069236968425317,-10.667644194815095,1.3455289730247046,-0.2788034809202206,0.19971523291102872
0.5900000000000004,-0.1290527516862266,0.1591546162127646,0.466916696893579,-0.4501472015658069,-1.2788129982444931,2.527310916450327,0.08926668996700814,-0.7847844709811631,1.5923521791614612,-0.1750821634364572,-0.04488911765248762,0.5988555001819724,-0.7602326161948979,-0.08617900362036762,0.15666457107051743,-0.25875214243670813,0.2551354156556482,-0.4901660163013768,6.016559119485582,-1.3025533974563293,-10.636305960033225,1.347534240641723,-0.2785661646124957,0.19951626877510878
0.5920000000000004,-0.12939380268685577,0.15907117724153538,0.4680675441532317,-0.4516049817653675,-1.2789557290923739,2.5275703498721875,0.08874989384037958,-0.7842808385299881,1.5913845800015938,-0.17328870463522303,-0.04364509215114399,0.5896832044094271,-0.7478436136618113,-0.08038924151014004,0.1461334944448714,-0.2585693762188268,0.25389559313894067,-0.48778816701199024,6.016773773238192,-1.2977679164034264,-10.601695162781459,1.3495720417964001,-0.27842241221555564,0.19939948502535182
0.5940000000000004,-0.12973485368748494,0.15898773827030618,0.46921839141288435,-0.4530627619649281,-1.2790984599402546,2.527829783294048,0.08823309771375103,-0.783777206078813,1.5904169808417266,-0.17149524583398887,-0.04240106664980037,0.5805109086368818,-0.7354546111287246,-0.07459947939991246,0.13560241781922533,-0.25838661000094554,0.25265577062223316,-0.4854103177226037,6.016988426990802,-1.2929824353505235,-10.567084365529693,1.3516098429510772,-0.27827865981861555,0.1992827012755949
0.5960000000000004,-0.1300759046881141,0.15890429929907696,0.470369238672537,-0.45452054216448873,-1.2792411907881354,2.528089216715909,0.08771630158712247,-0.7832735736276379,1.5894493816818593,-0.1697017870327547,-0.04115704114845674,0.5713386128643365,-0.723065608595638,-0.06880971728968488,0.1250713411935793,-0.25820384378306427,0.2514159481055257,-0.4830324684332171,6.017203080743411,-1.2881969542976206,-10.532473568277927,1.3536476441057543,-0.27813490742167546,0.19916591752583795
0.5980000000000004,-0.13041695568874329,0.15882086032784773,0.4715200859321897,-0.45597832236404934,-1.279383921636016,2.528348650137769,0.08719950546049392,-0.7827699411764629,1.588481782521992,-0.16790832823152055,-0.039913015647113116,0.5621663170917912,-0.7106766060625513,-0.06301995517945728,0.11454026456793323,-0.25802107756518294,0.2501761255888182,-0.48065461914383056,6.017417734496021,-1.2834114732447177,-10.497862771026162,1.3556854452604314,-0.27799115502473537,0.199049133776081
0.6000000000000004,-0.13075800668937249,0.15873742135661853,0.47267093319184234,-0.45743610256360995,-1.2795266524838969,2.5286080835596296,0.08668270933386536,-0.7822663087252879,1.5875141833621247,-0.16611486943028642,-0.038668990145769494,0.552994021319246,-0.6982876035294647,-0.05723019306922976,0.10400918794228729,-0.2578383113473017,0.2489363030721107,-0.4782767698544441,6.017632388248631,-1.2786259921918148,-10.463251973774396,1.3577232464151086,-0.2778474026277953,0.19893235002632406
0.6020000000000004,-0.1310819648658069,0.1586656311627758,0.4737366481092454,-0.45877446509745184,-1.2796159180952638,2.5287702990343495,0.08616875283843363,-0.7817726711798365,1.5865657469573002,-0.1644861209302087,-0.03759087942287519,0.545196888115587,-0.686795457943882,-0.0523630674516617,0.09516162826606363,-0.2574750489067801,0.24815361667755068,-0.4767768913399492,6.016942701798088,-1.2732875939955564,-10.424297228949543,1.360023961457257,-0.2777822187270616,0.19888311844258247
0.6040000000000004,-0.1314059230422413,0.15859384096893303,0.4748023630266484,-0.46011282763129374,-1.2797051837066307,2.5289325145090693,0.0856547963430019,-0.7812790336343852,1.585617310552476,-0.162857372430131,-0.03651276869998087,0.537399754911928,-0.6753033123582991,-0.04749594183409364,0.08631406858983996,-0.25711178646625854,0.24737093028299065,-0.4752770128254543,6.016253015347545,-1.2679491957992979,-10.385342484124692,1.3623246764994053,-0.2777170348263279,0.19883388685884085
0.6060000000000004,-0.1317298812186757,0.1585220507750903,0.47586807794405145,-0.46145119016513564,-1.2797944493179974,2.5290947299837896,0.08514083984757016,-0.7807853960889338,1.5846688741476516,-0.16122862393005327,-0.035434657977086566,0.529602621708269,-0.6638111667727163,-0.04262881621652558,0.07746650891361631,-0.25674852402573695,0.2465882438884306,-0.47377713431095947,6.015563328897001,-1.2626107976030396,-10.346387739299841,1.3646253915415538,-0.27765185092559425,0.19878465527509925
0.6080000000000004,-0.13205383939511012,0.15845026058124756,0.4769337928614545,-0.46278955269897754,-1.2798837149293643,2.5292569454585094,0.08462688335213843,-0.7802917585434824,1.5837204377428271,-0.15959987542997556,-0.03435654725419225,0.52180548850461,-0.6523190211871336,-0.03776169059895752,0.06861894923739265,-0.2563852615852154,0.24580555749387056,-0.47227725579646457,6.014873642446458,-1.2572723994067811,-10.307432994474988,1.3669261065837022,-0.27758666702486057,0.19873542369135763
0.6100000000000004,-0.13237779757154455,0.15837847038740482,0.4779995077788575,-0.4641279152328194,-1.2799729805407312,2.5294191609332293,0.0841129268567067,-0.7797981209980311,1.5827720013380029,-0.15797112692989784,-0.03327843653129795,0.514008355300951,-0.6408268756015508,-0.032894564981389526,0.059771389561169105,-0.25602199914469387,0.24502287109931054,-0.4707773772819697,6.014183955995915,-1.2519340012105227,-10.268478249650137,1.3692268216258507,-0.2775214831241269,0.19868619210761604
0.6120000000000004,-0.1326861925050468,0.15831643517574953,0.4789957547002751,-0.4653557479177909,-1.2800191694634773,2.529503085157624,0.08360294227828802,-0.779310546037619,1.5818351750518136,-0.15648276939012537,-0.03241378347311958,0.5079891287974376,-0.6302002750840857,-0.029190280983961217,0.05303999830445161,-0.2556143527051524,0.2445761967826182,-0.46992288775773505,6.012916393783189,-1.2458702550605116,-10.223844264915938,1.372078383056416,-0.27753526640634446,0.19870217353269046
0.6140000000000004,-0.13299458743854903,0.15825439996409427,0.4799920016216927,-0.46658358060276245,-1.2800653583862236,2.529587009382019,0.08309295769986934,-0.7788229710772067,1.5808983487656243,-0.15499441185035287,-0.031549130414941215,0.5019699022939244,-0.6195736745666206,-0.025485996986532904,0.04630860704773412,-0.255206706265611,0.24412952246592587,-0.4690683982335004,6.011648831570463,-1.2398065089105004,-10.179210280181739,1.3749299444869816,-0.27754904968856203,0.19871815495776485
0.6160000000000004,-0.13330298237205127,0.158192364752439,0.4809882485431103,-0.46781141328773396,-1.2801115473089697,2.5296709336064134,0.08258297312145065,-0.7783353961167945,1.579961522479435,-0.1535060543105804,-0.030684477356762847,0.49595067579041097,-0.6089470740491555,-0.02178171298910459,0.039577215791016626,-0.25479905982606954,0.24368284814923352,-0.4682139087092657,6.010381269357737,-1.233742762760489,-10.13457629544754,1.377781505917547,-0.27756283297077966,0.19873413638283927
0.6180000000000004,-0.1336113773055535,0.1581303295407837,0.4819844954645279,-0.46903924597270547,-1.280157736231716,2.5297548578308082,0.08207298854303197,-0.7778478211563823,1.5790246961932457,-0.1520176967708079,-0.029819824298584475,0.4899314492868976,-0.5983204735316904,-0.018077428991676282,0.03284582453429913,-0.2543914133865281,0.24323617383254117,-0.467359419185031,6.009113707145011,-1.2276790166104778,-10.08994231071334,1.3806330673481122,-0.27757661625299723,0.19875011780791366
0.6200000000000004,-0.13391977223905577,0.15806829432912844,0.48298074238594546,-0.470267078657677,-1.2802039251544621,2.529838782055203,0.08156300396461329,-0.7773602461959701,1.5780878699070564,-0.15052933923103543,-0.02895517124040612,0.48391222278338436,-0.5876938730142253,-0.014373144994248048,0.02611443327758178,-0.25398376694698666,0.24278949951584886,-0.4665049296607964,6.007846144932285,-1.2216152704604666,-10.04530832597914,1.3834846287786777,-0.2775903995352148,0.19876609923298807
0.6220000000000004,-0.134213862679676,0.15801362632107502,0.48392789992356255,-0.47139242719188257,-1.2802200823757743,2.5298681375328536,0.0810566681118497,-0.7768758281084428,1.577157072439663,-0.14915120610622204,-0.028355243595836455,0.4802190836323062,-0.5777882846825959,-0.012124911517518178,0.022029598717599748,-0.25369142463141,0.2425930485658172,-0.46613109033458855,6.0065053514172,-1.214609082871135,-9.993330994184783,1.3872708898999229,-0.27770116370371223,0.19885853815959859
0.6240000000000004,-0.13450795312029626,0.1579589583130216,0.4848750574611796,-0.4725177757260881,-1.2802362395970865,2.529897493010504,0.08055033225908612,-0.7763914100209154,1.5762262749722695,-0.14777307298140865,-0.02775531595126679,0.47652594448122804,-0.5678826963509666,-0.009876678040788308,0.01794476415761772,-0.25339908231583336,0.24239659761578555,-0.4657572510083807,6.005164557902115,-1.2076028952818034,-9.941353662390426,1.3910571510211682,-0.27781192787220965,0.1989509770862091
0.6260000000000004,-0.13480204356091652,0.15790429030496816,0.4858222149987967,-0.47364312426029365,-1.2802523968183985,2.5299268484881545,0.08004399640632252,-0.7759069919333881,1.5752954775048762,-0.14639493985659527,-0.027155388306697125,0.4728328053301499,-0.5579771080193372,-0.007628444564058439,0.013859929597635694,-0.2531067400002567,0.24220014666575393,-0.46538341168217295,6.00382376438703,-1.2005967076924717,-9.889376330596068,1.3948434121424134,-0.2779226920407071,0.1990434160128196
0.6280000000000004,-0.13509613400153678,0.15784962229691477,0.4867693725364137,-0.47476847279449924,-1.2802685540397107,2.529956203965805,0.07953766055355894,-0.7754225738458608,1.5743646800374829,-0.14501680673178186,-0.02655546066212746,0.4691396661790717,-0.5480715196877078,-0.005380211087328569,0.009775095037653662,-0.25281439768468,0.24200369571572228,-0.46500957235596513,6.002482970871945,-1.19359052010314,-9.837398998801712,1.3986296732636587,-0.27803345620920444,0.19913585493943012
0.6300000000000004,-0.13539022444215704,0.15779495428886134,0.4877165300740308,-0.4758938213287048,-1.280284711261023,2.5299855594434555,0.07903132470079535,-0.7749381557583335,1.5734338825700895,-0.14363867360696847,-0.02595553301755781,0.4654465270279937,-0.5381659313560785,-0.0031319776105987866,0.0056902604776717935,-0.2525220553691034,0.24180724476569065,-0.46463573302975736,6.0011421773568605,-1.1865843325138083,-9.785421667007354,1.4024159343849039,-0.27814422037770187,0.19922829386604063
0.6320000000000005,-0.13567098526386798,0.15774486057840928,0.48863984534923194,-0.47692308659308635,-1.2802863036743706,2.5299884475547643,0.07852676200506216,-0.7744547069939344,1.5725049117122016,-0.14234933839879368,-0.02563744987546874,0.4643588381502473,-0.5288447185929569,-0.0024502560742561802,0.004451691240286283,-0.2524725078918591,0.2418018653164002,-0.46462895372498425,6.000207107269194,-1.1799920849400458,-9.736756703676326,1.4061112707631336,-0.2782801904948447,0.19934469298572474
0.6340000000000005,-0.13595174608557895,0.15769476686795725,0.48956316062443306,-0.4779523518574679,-1.2802878960877182,2.529991335666073,0.07802219930932897,-0.7739712582295353,1.571575940854314,-0.14106000319061887,-0.025319366733379665,0.4632711492725009,-0.5195235058298353,-0.0017685345379135744,0.0032131220029007713,-0.2524229604146148,0.24179648586710972,-0.4646221744202111,5.999272037181528,-1.1733998373662833,-9.688091740345296,1.4098066071413633,-0.27841616061198754,0.19946109210540883
0.6360000000000005,-0.13623250690728989,0.1576446731575052,0.49048647589963423,-0.47898161712184956,-1.280289488501066,2.5299942237773823,0.07751763661359579,-0.7734878094651362,1.570646969996426,-0.13977066798244409,-0.025001283591290595,0.4621834603947545,-0.5102022930667137,-0.0010868130015709685,0.001974552765515261,-0.25237341293737053,0.24179110641781928,-0.464615395115438,5.998336967093862,-1.1668075897925207,-9.639426777014268,1.4135019435195932,-0.2785521307291304,0.19957749122509294
0.6380000000000005,-0.13651326772900085,0.15759457944705313,0.49140979117483535,-0.48001088238623113,-1.2802910809144137,2.529997111888691,0.07701307391786259,-0.7730043607007372,1.5697179991385382,-0.13848133277426927,-0.024683200449201526,0.4610957715170081,-0.5008810803035921,-0.00040509146522836213,0.00073598352812975,-0.25232386546012625,0.24178572696852882,-0.4646086158106648,5.9974018970061955,-1.1602153422187582,-9.590761813683239,1.417197279897823,-0.2786881008462732,0.19969389034477705
0.6400000000000005,-0.13679402855071182,0.1575444857366011,0.4923331064500365,-0.4810401476506127,-1.2802926733277613,2.53,0.0765085112221294,-0.7725209119363381,1.5687890282806505,-0.1371919975660945,-0.024365117307112463,0.46000808263926174,-0.4915598675404706,0.0002766300711142023,-0.0005025857092556859,-0.25227431798288197,0.24178034751923835,-0.4646018365058917,5.996466826918529,-1.153623094644996,-9.542096850352213,1.4208926162760525,-0.27882407096341605,0.19981028946446114
0.6420000000000005,-0.1370624608705665,0.15749661357824335,0.4932539137961383,-0.4819802571997753,-1.28029246572175,2.529999627851507,0.07600368889711022,-0.7720367383642054,1.5678586293408265,-0.1360300429913298,-0.024198624650075513,0.4601469277517657,-0.483178666983061,0.00021095373665615518,-0.00038326400550143874,-0.2523107923381675,0.2419249617213901,-0.46488323489989203,5.9958372905714,-1.1520900302241284,-9.533072027706737,1.420337827899736,-0.27869924150442565,0.1997435864133957
0.6440000000000005,-0.1373308931904212,0.15744874141988557,0.49417472114224015,-0.48292036674893785,-1.2802922581157388,2.5299992557030144,0.07549886657209105,-0.7715525647920728,1.5669282304010028,-0.13486808841656517,-0.024032131993038563,0.4602857728642696,-0.4747974664256514,0.00014527740219810807,-0.0002639423017471916,-0.25234726669345303,0.24206957592354184,-0.4651646332938923,5.995207754224269,-1.1505569658032608,-9.52404720506126,1.4197830395234197,-0.27857441204543526,0.19967688336233028
0.6460000000000005,-0.13759932551027587,0.15740086926152783,0.495095528488342,-0.4838604762981005,-1.2802920505097273,2.5299988835545215,0.07499404424707187,-0.7710683912199402,1.5659978314611789,-0.1337061338418005,-0.02386563933600161,0.4604246179767735,-0.4664162658682418,7.960106774006098e-05,-0.00014462059799294448,-0.2523837410487386,0.24221419012569356,-0.4654460316878926,5.99457821787714,-1.1490239013823935,-9.515022382415784,1.4192282511471033,-0.27844958258644487,0.19961018031126485
0.6480000000000005,-0.13786775783013056,0.15735299710317005,0.4960163358344438,-0.48480058584726304,-1.280291842903716,2.529998511406029,0.0744892219220527,-0.7705842176478075,1.565067432521355,-0.13254417926703585,-0.02369914667896466,0.4605634630892774,-0.4580350653108322,1.3924733282013842e-05,-2.5298894238697347e-05,-0.25242021540402415,0.24235880432784532,-0.46572743008189293,5.99394868153001,-1.147490836961526,-9.505997559770309,1.418673462770787,-0.2783247531274545,0.19954347726019941
0.6500000000000005,-0.13813619014998527,0.1573051249448123,0.49693714318054566,-0.4857406953964256,-1.2802916352977047,2.529998139257536,0.07398439959703353,-0.7701000440756749,1.5641370335815312,-0.1313822246922712,-0.02353265402192771,0.4607023082017813,-0.44965386475342267,-5.1751601176029774e-05,9.402280951554348e-05,-0.2524566897593097,0.24250341852999707,-0.46600882847589326,5.9933191451828804,-1.1459577725406587,-9.496972737124834,1.4181186743944707,-0.27819992366846413,0.19947677420913398
0.6520000000000005,-0.13839384536503588,0.15725879473854976,0.4978587697644902,-0.4866032683420047,-1.2802918427720713,2.529998511406029,0.07347963692123045,-0.7696137932189698,1.5632026079400252,-0.1303877031330449,-0.02338765766434947,0.4607280097591475,-0.4424922341128297,-5.5286520863071606e-05,0.00010044540554600528,-0.2524203337763828,0.24277096802184128,-0.4665264476537046,5.993526299080383,-1.1447610020170451,-9.49059274255442,1.4176828097355403,-0.2781132432538939,0.19943852385204888
0.6540000000000005,-0.13865150058008652,0.15721246453228724,0.4987803963484348,-0.48746584128758375,-1.280292050246438,2.5299988835545215,0.07297487424542738,-0.7691275423622649,1.5622681822985192,-0.1293931815738186,-0.02324266130677123,0.46075371131651366,-0.43533060347223673,-5.882144055011344e-05,0.00010686800157646707,-0.2523839777934559,0.2430385175136855,-0.46704406683151595,5.993733452977886,-1.1435642314934316,-9.484212747984005,1.4172469450766099,-0.2780265628393237,0.19940027349496375
0.6560000000000005,-0.13890915579513713,0.1571661343260247,0.49970202293237936,-0.4883284142331628,-1.2802922577208047,2.5299992557030144,0.07247011156962431,-0.7686412915055599,1.5613337566570131,-0.12839866001459227,-0.023097664949192995,0.46077941287387986,-0.4281689728316438,-6.235636023715528e-05,0.00011329059760692888,-0.252347621810529,0.2433060670055297,-0.46756168600932735,5.993940606875388,-1.142367460969818,-9.47783275341359,1.4168110804176794,-0.2779398824247535,0.19936202313787865
0.6580000000000005,-0.13916681101018777,0.15711980411976217,0.5006236495163239,-0.4891909871787419,-1.2802924651951715,2.529999627851507,0.07196534889382124,-0.7681550406488549,1.5603993310155073,-0.12740413845536597,-0.022952668591614756,0.460805114431246,-0.4210073421910508,-6.58912799241971e-05,0.00011971319363739068,-0.2523112658276021,0.2435736164973739,-0.4680793051871387,5.994147760772892,-1.1411706904462044,-9.471452758843178,1.416375215758749,-0.27785320201018326,0.19932377278079352
0.6600000000000005,-0.13942446622523838,0.15707347391349963,0.5015452761002684,-0.49005356012432094,-1.280292672669538,2.53,0.07146058621801817,-0.7676687897921499,1.5594649053740013,-0.12640961689613966,-0.02280767223403652,0.4608308159886122,-0.4138457115504579,-6.942619961123776e-05,0.00012613578966785035,-0.2522749098446752,0.24384116598921812,-0.4685969243649501,5.994354914670394,-1.139973919922591,-9.465072764272763,1.4159393510998186,-0.27776652159561305,0.19928552242370842
0.6620000000000005,-0.1396729632297213,0.157028497121054,0.5024673070071751,-0.4908495723820575,-1.2802926727548591,2.53,0.070956145254531,-0.7671793138503458,1.558524247377789,-0.1255690690768346,-0.02268554141634834,0.46095623252101664,-0.4076442904713637,-5.191752380011692e-05,9.43254666836308e-05,-0.25226945107590065,0.24421706313040992,-0.46932276309854243,5.995182052427771,-1.1382930231408381,-9.454898734508099,1.416248023583856,-0.2777456345386985,0.1992956914750582
0.6640000000000005,-0.1399214602342042,0.15698352032860835,0.5033893379140818,-0.4916455846397941,-1.28029267284018,2.53,0.07045170429104385,-0.7666898379085416,1.5575835893815766,-0.12472852125752955,-0.022563410598660162,0.46108164905342114,-0.40144286939226953,-3.440884798899607e-05,6.251514369941126e-05,-0.2522639923071261,0.2445929602716017,-0.47004860183213476,5.996009190185148,-1.1366121263590854,-9.444724704743434,1.4165566960678933,-0.2777247474817839,0.199305860526408
0.6660000000000005,-0.1401699572386871,0.15693854353616274,0.5043113688209884,-0.49244159689753064,-1.280292672925501,2.53,0.06994726332755669,-0.7662003619667375,1.5566429313853642,-0.12388797343822448,-0.022441279780971986,0.4612070655858256,-0.3952414483131753,-1.6900172177875233e-05,3.0704820715191726e-05,-0.25225853353835154,0.2449688574127935,-0.4707744405657271,5.996836327942525,-1.1349312295773326,-9.43455067497877,1.4168653685519303,-0.27770386042486933,0.1993160295777578
0.6680000000000005,-0.14041845424317,0.1568935667437171,0.505233399727895,-0.4932376091552672,-1.280292673010822,2.53,0.06944282236406953,-0.7657108860249333,1.555702273389152,-0.12304742561891942,-0.022319148963283807,0.46133248211823,-0.3890400272340811,6.085036332456134e-07,-1.1055022690278254e-06,-0.252253074769577,0.2453447545539853,-0.4715002792993195,5.997663465699902,-1.1332503327955799,-9.424376645214105,1.4171740410359677,-0.2776829733679547,0.19932619862910758
0.6700000000000005,-0.1406669512476529,0.15684858995127146,0.5061554306348016,-0.4940336214130038,-1.280292673096143,2.53,0.06893838140058237,-0.7652214100831292,1.5547616153929396,-0.12220687779961435,-0.022197018145595628,0.46145789865063447,-0.382838606154987,1.811717944436525e-05,-3.291582525324518e-05,-0.2522476160008024,0.2457206516951771,-0.4722261180329118,5.998490603457279,-1.131569436013827,-9.414202615449442,1.417482713520005,-0.27766208631104017,0.19933636768045737
0.6720000000000005,-0.14090775814523224,0.15680469101953873,0.5070801761170516,-0.49477148475739896,-1.280292673031407,2.53,0.06843342728667892,-0.7647276580947356,1.5538127051902781,-0.12150910044913601,-0.022101156144354494,0.46186619951959906,-0.3773930781694589,1.3879064418217516e-05,-2.5215900852853816e-05,-0.2523632384315081,0.24619985089480026,-0.47315050792203345,5.9996627359966155,-1.1301870800011646,-9.406358792398708,1.417713886086208,-0.27764036861125546,0.19934757398511943
0.6740000000000005,-0.14114856504281156,0.156760792087806,0.5080049215993016,-0.4955093481017942,-1.280292672966671,2.53,0.06792847317277548,-0.7642339061063421,1.5528637949876165,-0.12081132309865766,-0.02200529414311336,0.46227450038856366,-0.3719475501839308,9.640949392069781e-06,-1.751597645246245e-05,-0.25247886086221377,0.24667905009442342,-0.4740748978111551,6.000834868535952,-1.1288047239885024,-9.398514969347975,1.4179450586524112,-0.2776186509114708,0.1993587802897815
0.6760000000000005,-0.1413893719403909,0.1567168931560733,0.5089296670815515,-0.4962472114461894,-1.2802926729019353,2.53,0.06742351905887202,-0.7637401541179486,1.551914884784955,-0.12011354574817933,-0.021909432141872225,0.46268280125752825,-0.36650202219840267,5.40283436592205e-06,-9.816052052071084e-06,-0.25259448329291945,0.24715824929404662,-0.4749992877002767,6.002007001075289,-1.12742236797584,-9.390671146297242,1.4181762312186141,-0.2775969332116861,0.19936998659444358
0.6780000000000005,-0.14163017883797022,0.15667299422434056,0.5098544125638015,-0.49698507479058457,-1.2802926728371993,2.53,0.06691856494496858,-0.7632464021295552,1.5509659745822937,-0.11941576839770099,-0.02181357014063109,0.46309110212649285,-0.36105649421287456,1.1647193397743152e-06,-2.116127651679718e-06,-0.2527101057236251,0.24763744849366978,-0.47592367758939835,6.003179133614625,-1.1260400119631777,-9.382827323246508,1.4184074037848173,-0.27757521551190145,0.19938119289910564
0.6800000000000005,-0.14187098573554952,0.15662909529260782,0.5107791580460513,-0.4977229381349798,-1.2802926727724633,2.53,0.06641361083106513,-0.7627526501411617,1.5500170643796323,-0.11871799104722265,-0.02171770813938996,0.4634994029954575,-0.3556109662273465,-3.0733956863732136e-06,5.583796748711275e-06,-0.2528257281543308,0.24811664769329295,-0.47684806747852,6.004351266153962,-1.1246576559505155,-9.374983500195775,1.4186385763510203,-0.27755349781211675,0.1993923992037677
0.6820000000000005,-0.14210551120909345,0.1565860560177607,0.5117094877260231,-0.49840961540987266,-1.2802926728380322,2.53,0.06590663723305203,-0.7622535762224533,1.5490578916030078,-0.1181581931781815,-0.021642032263732604,0.46423041241709606,-0.3507940371957506,-3.6236857656806313e-06,6.583584937022179e-06,-0.2531284867982818,0.24870334394549784,-0.4779790977576794,6.005796508230332,-1.1232156010574028,-9.36667347584681,1.4190582908867522,-0.27754047488011263,0.1994117165701903
0.6840000000000005,-0.1423400366826374,0.1565430167429136,0.5126398174059948,-0.4990962926847655,-1.280292672903601,2.53,0.06539966363503892,-0.761754502303745,1.5480987188263833,-0.11759839530914037,-0.021566356388075244,0.4649614218387346,-0.3459771081641546,-4.173975844988049e-06,7.583373125333084e-06,-0.2534312454422328,0.2492900401977027,-0.47911012803683883,6.007241750306701,-1.1217735461642901,-9.358363451497844,1.419478005422484,-0.27752745194810857,0.1994310339366129
0.6860000000000005,-0.1425745621561813,0.15649997746806646,0.5135701470859665,-0.49978296995965843,-1.28029267296917,2.53,0.0648926900370258,-0.7612554283850367,1.5471395460497588,-0.11703859744009923,-0.021490680512417887,0.4656924312603732,-0.34116017913255864,-4.7242659242954666e-06,8.583161313643987e-06,-0.25373400408618374,0.2498767364499076,-0.48024115831599823,6.008686992383071,-1.1203314912711775,-9.350053427148879,1.419897719958216,-0.27751442901610446,0.1994503513030355
0.6880000000000005,-0.14280908762972525,0.15645693819321935,0.5145004767659382,-0.5004696472345513,-1.2802926730347388,2.53,0.0643857164390127,-0.7607563544663283,1.5461803732731343,-0.11647879957105808,-0.02141500463676053,0.4664234406820118,-0.3363432501009627,-5.274556003602884e-06,9.582949501954893e-06,-0.2540367627301347,0.25046343270211247,-0.4813721885951576,6.01013223445944,-1.1188894363780648,-9.341743402799914,1.4203174344939475,-0.2775014060841004,0.19946966866945812
0.6900000000000005,-0.14304361310326916,0.15641389891837224,0.5154308064459099,-0.5011563245094441,-1.2802926731003077,2.53,0.06387874284099959,-0.76025728054762,1.5452212004965098,-0.11591900170201695,-0.021339328761103175,0.46715445010365036,-0.3315263210693668,-5.824846082909888e-06,1.0582737690265044e-05,-0.2543395213740857,0.2510501289543174,-0.482503218874317,6.01157747653581,-1.1174473814849522,-9.333433378450948,1.4207371490296794,-0.2774883831520963,0.19948898603588072
0.6920000000000005,-0.14327320810565752,0.1563715217352366,0.5163704197857201,-0.5017974300868531,-1.2802926714381457,2.53,0.06336745802251863,-0.759751746934113,1.5442495779165333,-0.11549240533492029,-0.021281370142359778,0.4682824643558717,-0.32721226411254795,1.0936565615945575e-06,-1.9869631721576494e-06,-0.2549120738416312,0.25175862874545735,-0.48386841424940064,6.01320982834501,-1.1161514826768364,-9.326286873070492,1.4210996018833553,-0.2774604076386955,0.19949994716058955
0.6940000000000005,-0.1435028031080459,0.15632914455210098,0.5173100331255303,-0.502438535664262,-1.280292669775984,2.53,0.06285617320403766,-0.759246213320606,1.5432779553365568,-0.11506580896782363,-0.02122341152361638,0.469410478608093,-0.3228982071557291,8.012159206099003e-06,-1.4556664034580343e-05,-0.25548462630917673,0.25246712853659736,-0.4852336096244842,6.01484218015421,-1.1148555838687206,-9.319140367690036,1.421462054737031,-0.2774324321252947,0.19951090828529838
0.6960000000000005,-0.14373239811043426,0.15628676736896535,0.5182496464653404,-0.5030796412416709,-1.280292668113822,2.53,0.0623448883855567,-0.7587406797070991,1.5423063327565802,-0.11463921260072697,-0.021165452904872987,0.4705384928603143,-0.31858415019891023,1.4930661850603446e-05,-2.7126364897003032e-05,-0.25605717877672224,0.2531756283277373,-0.48659880499956776,6.01647453196341,-1.113559685060605,-9.31199386230958,1.4218245075907068,-0.277404456611894,0.19952186941000724
0.6980000000000005,-0.14396199311282262,0.15624439018582972,0.5191892598051506,-0.5037207468190799,-1.2802926664516603,2.53,0.061833603567075734,-0.7582351460935921,1.5413347101766037,-0.1142126162336303,-0.02110749428612959,0.4716665071125356,-0.3142700932420914,2.184916449510789e-05,-3.969606575942573e-05,-0.25662973124426774,0.2538841281188773,-0.4879640003746513,6.01810688377261,-1.1122637862524893,-9.304847356929123,1.4221869604443824,-0.2773764810984932,0.19953283053471607
0.7000000000000005,-0.144191588115211,0.1562020130026941,0.5201288731449608,-0.5043618523964887,-1.2802926647894983,2.53,0.06132231874859477,-0.7577296124800852,1.5403630875966272,-0.11378601986653365,-0.021049535667386193,0.47279452136475697,-0.3099560362852725,2.8767667139610422e-05,-5.226576662184494e-05,-0.25720228371181325,0.2545926279100173,-0.48932919574973494,6.01973923558181,-1.1109678874443738,-9.297700851548667,1.4225494132980583,-0.27734850558509244,0.1995437916594249
0.7020000000000005,-0.14441755846732013,0.15616011920294126,0.5210823077792077,-0.5049617432282001,-1.2802926664814844,2.53,0.0608034940046247,-0.7572162811144196,1.5393764427205259,-0.11348566934004435,-0.021013403833362095,0.4744829342853439,-0.3059932862254804,1.1560219175317582e-06,-2.1002850912979915e-06,-0.2581646554294436,0.2554491623031959,-0.49097900557172985,6.021597281480186,-1.1093078273663648,-9.287753109652611,1.4232876570698552,-0.2773266005851186,0.19956231118594384
0.7040000000000005,-0.14464352881942927,0.15611822540318845,0.5220357424134546,-0.5055616340599115,-1.2802926681734708,2.53,0.06028466926065464,-0.7567029497487542,1.5383897978444245,-0.11318531881355504,-0.020977271999337993,0.4761713472059308,-0.3020305361656882,-2.6455623304546906e-05,4.806519643924895e-05,-0.25912702714707403,0.2563056966963746,-0.4926288153937248,6.023455327378562,-1.107647767288356,-9.277805367756557,1.424025900841652,-0.2773046955851448,0.19958083071246277
0.7060000000000005,-0.14486949917153838,0.15607633160343562,0.5229891770477015,-0.5061615248916229,-1.2802926698654569,2.53,0.05976584451668458,-0.7561896183830886,1.5374031529683232,-0.11288496828706573,-0.02094114016531389,0.47785976012651776,-0.29806778610589607,-5.406726852662556e-05,9.823067796979588e-05,-0.2600893988647044,0.2571622310895533,-0.49427862521571975,6.025313373276938,-1.105987707210347,-9.267857625860502,1.424764144613449,-0.27728279058517097,0.19959935023898173
0.7080000000000005,-0.14509546952364752,0.1560344378036828,0.5239426116819484,-0.5067614157233342,-1.2802926715574432,2.53,0.059247019772714515,-0.7556762870174231,1.5364165080922219,-0.11258461776057643,-0.02090500833128979,0.4795481730471047,-0.2941050360461039,-8.167891374870424e-05,0.00014839615950034286,-0.2610517705823348,0.2580187654827319,-0.49592843503771467,6.027171419175313,-1.1043276471323382,-9.257909883964448,1.4255023883852458,-0.2772608855851972,0.19961786976550067
0.7100000000000005,-0.14532143987575663,0.15599254400392998,0.5248960463161952,-0.5073613065550456,-1.2802926732494293,2.53,0.058728195028744455,-0.7551629556517576,1.5354298632161205,-0.11228426723408713,-0.02086887649726569,0.48123658596769164,-0.29014228598631175,-0.00010929055897077562,0.0001985616410308766,-0.26201414229996517,0.25887529987591057,-0.49757824485970964,6.029029465073689,-1.1026675870543294,-9.247962142068394,1.4262406321570427,-0.27723898058522334,0.1996363892920196
0.7120000000000005,-0.14554505935654855,0.15595098143603392,0.5258687447804145,-0.5079230409716702,-1.2802926729861681,2.53,0.05819740519463749,-0.7546401569926176,1.534424986057013,-0.1121196110208513,-0.02082697812461305,0.4832804474303439,-0.2864960187581835,-6.182150488052727e-06,1.1231850695781208e-05,-0.26344360179822807,0.25992017102248727,-0.49959017395962424,6.030981700269788,-1.1025055508473134,-9.249831089163488,1.4255970177524815,-0.2771039333309753,0.19957755468358043
0.7140000000000005,-0.14576867883734046,0.15590941886813786,0.5268414432446337,-0.5084847753882946,-1.280292672722907,2.53,0.057666615360530527,-0.7541173583334776,1.5334201088979054,-0.11195495480761546,-0.02078507975196041,0.4853243088929961,-0.2828497515300552,9.692625799467017e-05,-0.0001760979396393142,-0.26487306129649096,0.26096504216906397,-0.5016021030595389,6.032933935465885,-1.1023435146402973,-9.25170003625858,1.4249534033479203,-0.27696888607672737,0.1995187200751413
0.7160000000000005,-0.14599229831813237,0.1558678563002418,0.5278141417088529,-0.5090465098049192,-1.2802926724596455,2.53,0.05713582552642356,-0.7535945596743375,1.5324152317387978,-0.11179029859437963,-0.020743181379307765,0.48736817035564833,-0.2792034843019269,0.000200034666477393,-0.00036342772997440963,-0.2663025207947538,0.26200991331564066,-0.5036140321594536,6.034886170661983,-1.1021814784332815,-9.253568983353674,1.4243097889433591,-0.27683383882247936,0.19945988546670215
0.7180000000000005,-0.1462159177989243,0.15582629373234574,0.5287868401730721,-0.5096082442215437,-1.2802926721963843,2.53,0.05660503569231659,-0.7530717610151975,1.5314103545796904,-0.11162564238114378,-0.020701283006655125,0.48941203181830056,-0.2755572170737986,0.00030314307496011594,-0.000550757520309505,-0.2677319802930167,0.26305478446221736,-0.5056259612593681,6.036838405858082,-1.1020194422262655,-9.255437930448766,1.4236661745387982,-0.27669879156823135,0.19940105085826298
0.7200000000000005,-0.1464395372797162,0.15578473116444969,0.5297595386372912,-0.5101699786381682,-1.2802926719331231,2.53,0.05607424585820963,-0.7525489623560575,1.5304054774205829,-0.11146098616790795,-0.020659384634002482,0.4914558932809528,-0.2719109498456703,0.00040625148344285394,-0.000738087310644628,-0.2691614397912796,0.26409965560879406,-0.5076378903592828,6.038790641054179,-1.1018574060192494,-9.25730687754386,1.423022560134237,-0.2765637443139834,0.19934221624982384
0.7220000000000005,-0.1466622454200295,0.15574375752823053,0.5307533533274926,-0.5106967406694619,-1.2802901358386778,2.529995396867455,0.05552641643359904,-0.7520145373907142,1.5293782167043237,-0.1114412989872448,-0.020587061174574543,0.4937060391821504,-0.2685201506311807,0.000782764662853936,-0.0014221529856338416,-0.27118262557140277,0.2653917102045836,-0.5101251040002914,6.0409130422948945,-1.101195366391871,-9.255370531847765,1.4227587668160198,-0.27641413617901256,0.19927793657371934
0.7240000000000005,-0.14688495356034278,0.1557027838920114,0.531747168017694,-0.5112235027007556,-1.2802875997442325,2.5299907937349095,0.05497858700898845,-0.751480112425371,1.5283509559880644,-0.11142161180658164,-0.020514737715146607,0.49595618508334793,-0.26512935141669103,0.0011592778422650182,-0.0021062186606230554,-0.27320381135152594,0.26668376480037304,-0.5126123176413001,6.04303544353561,-1.1005333267644926,-9.25343418615167,1.4224949734978025,-0.2762645280440417,0.19921365689761483
0.7260000000000005,-0.1471076617006561,0.15566181025579223,0.5327409827078953,-0.5117502647320493,-1.2802850636497873,2.5299861906023646,0.05443075758437786,-0.7509456874600279,1.5273236952718052,-0.1114019246259185,-0.020442414255718667,0.49820633098454553,-0.2617385522022014,0.0015357910216761,-0.0027902843356122685,-0.27522499713164905,0.2679758193961625,-0.5150995312823088,6.045157844776325,-1.0998712871371141,-9.251497840455574,1.422231180179585,-0.2761149199090709,0.19914937722151033
0.7280000000000005,-0.14733036984096937,0.1556208366195731,0.5337347973980966,-0.5122770267633431,-1.280282527555342,2.5299815874698193,0.05388292815976727,-0.7504112624946846,1.526296434555546,-0.11138223744525534,-0.020370090796290728,0.5004564768857431,-0.25834775298771173,0.0019123042010871826,-0.003474350010601482,-0.2772461829117722,0.269267873991952,-0.5175867449233174,6.047280246017039,-1.099209247509736,-9.24956149475948,1.4219673868613678,-0.27596531177410005,0.19908509754540585
0.7300000000000005,-0.14755307798128264,0.15557986298335394,0.534728612088298,-0.5128037887946367,-1.2802799914608967,2.5299769843372744,0.053335098735156676,-0.7498768375293414,1.525269173839287,-0.11136255026459219,-0.020297767336862792,0.5027066227869408,-0.2549569537732221,0.002288817380498262,-0.004158415685590691,-0.27926736869189545,0.2705599285877415,-0.5200739585643261,6.049402647257755,-1.0985472078823573,-9.247625149063385,1.4217035935431506,-0.2758157036391292,0.19902081786930134
0.7320000000000005,-0.14777622488305425,0.1555396033984641,0.5357487188814389,-0.5132965070002,-1.2802735193777743,2.5299652255325786,0.05276271702268592,-0.7493279147217576,1.5242140080727837,-0.11146418163616034,-0.020238065036251796,0.505884662173608,-0.25146157524568363,0.0026212002711301485,-0.004762317697037149,-0.2822307171047868,0.2721840757539395,-0.5231997420325823,6.051772332091609,-1.0964005119218514,-9.23424102050031,1.4226558867571546,-0.2756872584206666,0.19897988988193588
0.7340000000000005,-0.14799937178482586,0.15549934381357422,0.5367688256745798,-0.5137892252057633,-1.2802670472946522,2.529953466727883,0.05219033531021517,-0.7487789919141737,1.5231588423062807,-0.1115658130077285,-0.0201783627356408,0.5090627015602752,-0.24796619671814527,0.0029535831617620353,-0.005366219708483607,-0.2851940655176782,0.27380822292013746,-0.5263255255008387,6.054142016925463,-1.0942538159613455,-9.220856891937235,1.4236081799711588,-0.275558813202204,0.19893896189457044
0.7360000000000005,-0.14822251868659744,0.15545908422868437,0.5377889324677209,-0.5142819434113266,-1.28026057521153,2.529941707923187,0.05161795359774442,-0.74823006910659,1.5221036765397775,-0.11166744437929665,-0.0201186604350298,0.5122407409469424,-0.24447081819060684,0.003285966052393922,-0.0059701217199300645,-0.28815741393056954,0.2754323700863354,-0.5294513089690949,6.056511701759318,-1.0921071200008396,-9.20747276337416,1.4245604731851629,-0.2754303679837414,0.19889803390720498
0.7380000000000005,-0.14844566558836905,0.1554188246437945,0.5388090392608618,-0.5147746616168898,-1.2802541031284078,2.5299299491184915,0.051045571885273665,-0.7476811462990062,1.5210485107732743,-0.11176907575086481,-0.020058958134418804,0.5154187803336097,-0.24097543966306845,0.0036183489430258084,-0.006574023731376522,-0.2911207623434609,0.2770565172525334,-0.5325770924373512,6.058881386593172,-1.0899604240403338,-9.194088634811084,1.425512766399167,-0.2753019227652788,0.19885710591983954
0.7400000000000005,-0.14866881249014063,0.15537856505890466,0.5398291460540028,-0.5152673798224531,-1.2802476310452855,2.5299181903137957,0.05047319017280291,-0.7471322234914224,1.5199933450067713,-0.11187070712243297,-0.01999925583380781,0.518596819720277,-0.23748006113553002,0.0039507318336576645,-0.007177925742822925,-0.2940841107563523,0.27868066441873135,-0.5357028759056075,6.0612510714270265,-1.087813728079828,-9.18070450624801,1.4264650596131712,-0.2751734775468162,0.19881617793247408
0.7420000000000005,-0.14889342662356275,0.15533856616963948,0.5408902631412216,-0.5157224455136126,-1.280240114688042,2.5299045340285846,0.04986433964067405,-0.746564914016688,1.518902796367385,-0.11205566617767466,-0.0200179647019035,0.5238252151870642,-0.2333434939286644,0.0037387644371162584,-0.006792836210410371,-0.2985158452739214,0.2807573641101853,-0.539698886343435,6.064269196717008,-1.0839985432080075,-9.154570986827068,1.4288417757803065,-0.27506718867686775,0.19880415958630018
0.7440000000000005,-0.14911804075698487,0.1552985672803743,0.5419513802284405,-0.516177511204772,-1.2802325983307985,2.529890877743374,0.049255489108545186,-0.7459976045419535,1.5178122477279987,-0.11224062523291635,-0.020036673569999185,0.5290536106538513,-0.22920692672179876,0.003526797040574852,-0.006407746677997818,-0.3029475797914904,0.2828340638016393,-0.5436948967812625,6.067287322006991,-1.0801833583361873,-9.128437467406124,1.431218491947442,-0.2749608998069193,0.1987921412401263
0.7460000000000006,-0.14934265489040696,0.15525856839110916,0.5430124973156593,-0.5166325768959315,-1.2802250819735548,2.529877221458163,0.04864663857641632,-0.7454302950672191,1.5167216990886125,-0.11242558428815805,-0.020055382438094873,0.5342820061206384,-0.22507035951493315,0.0033148296440334455,-0.006022657145585265,-0.3073793143090594,0.2849107634930932,-0.5476909072190901,6.070305447296973,-1.0763681734643669,-9.102303947985183,1.4335952081145773,-0.27485461093697083,0.19878012289395242
0.7480000000000006,-0.14956726902382908,0.15521856950184398,0.5440736144028782,-0.517087642587091,-1.2802175656163113,2.529863565172952,0.04803778804428746,-0.7448629855924848,1.5156311504492261,-0.11261054334339975,-0.02007409130619056,0.5395104015874255,-0.22093379230806753,0.003102862247492039,-0.005637567613172712,-0.3118110488266284,0.28698746318454715,-0.5516869176569176,6.073323572586955,-1.0725529885925467,-9.076170428564241,1.4359719242817128,-0.2747483220670224,0.19876810454777855
0.7500000000000006,-0.14979188315725117,0.1551785706125788,0.5451347314900971,-0.5175427082782503,-1.2802100492590678,2.529849908887741,0.0474289375121586,-0.7442956761177504,1.51454060180984,-0.11279550239864145,-0.020092800174286253,0.5447387970542127,-0.2167972251012018,0.0028908948509505676,-0.00525247808076004,-0.31624278334419753,0.2890641628760012,-0.5556829280947451,6.076341697876938,-1.068737803720726,-9.050036909143298,1.4383486404488486,-0.274642033197074,0.19875608620160468
0.7520000000000006,-0.1500185062531425,0.15513775252429707,0.5462649460611628,-0.5179489537028781,-1.2802098985371377,2.5298496350426865,0.04676669440873315,-0.7437049940325473,1.513405082318358,-0.11299689199917082,-0.02024521785252006,0.5536794761457265,-0.21089706411721387,0.001509975085212134,-0.0027434497520466314,-0.32251088718917903,0.29166098770204646,-0.5606791962628396,6.088099451683992,-1.0626850329580595,-9.006965901829153,1.4467821518441275,-0.2751566462184623,0.1992020372633858
0.7540000000000006,-0.15024512934903383,0.15509693443601533,0.5473951606322287,-0.5183551991275057,-1.2802097478152077,2.5298493611976323,0.04610445130530771,-0.7431143119473443,1.512269562826876,-0.1131982815997002,-0.02039763553075387,0.5626201552372403,-0.20499690313322594,0.00012905531947369998,-0.00023442142333322206,-0.32877899103416053,0.29425781252809174,-0.5656754644309341,6.099857205491047,-1.056632262195393,-8.96389489451501,1.4552156632394067,-0.27567125923985064,0.19964798832516692
0.7560000000000006,-0.15047175244492514,0.1550561163477336,0.5485253752032945,-0.5187614445521335,-1.2802095970932776,2.5298490873525776,0.04544220820188226,-0.7425236298621413,1.5111340433353941,-0.11339967120022959,-0.020550053208987677,0.5715608343287542,-0.199096742149238,-0.0012518644462647332,0.002274606905380186,-0.335047094879142,0.29685463735413703,-0.5706717325990285,6.111614959298103,-1.0505794914327264,-8.920823887200866,1.4636491746346856,-0.276185872261239,0.20009393938694806
0.7580000000000006,-0.15069837554081647,0.15501529825945187,0.5496555897743604,-0.5191676899767612,-1.2802094463713476,2.5298488135075234,0.04477996509845682,-0.7419329477769382,1.5099985238439122,-0.11360106080075896,-0.020702470887221484,0.5805015134202679,-0.19319658116525004,-0.002632784212003167,0.0047836352340935966,-0.3413151987241235,0.2994514621801823,-0.575668000767123,6.123372713105157,-1.04452672067006,-8.877752879886723,1.4720826860299645,-0.2767004852826273,0.2005398904487292
0.7600000000000006,-0.15092499863670777,0.15497448017117013,0.5507858043454262,-0.5195739354013889,-1.2802092956494175,2.529848539662469,0.04411772199503137,-0.7413422656917352,1.5088630043524303,-0.11380245040128835,-0.020854888565455282,0.5894421925117819,-0.1872964201812619,-0.004013703977741609,0.0072926635628070184,-0.347583302569105,0.30204828700622766,-0.5806642689352175,6.135130466912214,-1.038473949907394,-8.834681872572583,1.4805161974252439,-0.2772150983040157,0.20098584151051038
0.7620000000000006,-0.15115361658744875,0.15493236944070354,0.5520241799693862,-0.5199049175107323,-1.280225971196472,2.529878831729975,0.043388791333167,-0.7407239856341976,1.5076743868782712,-0.11401307693844451,-0.020860060711295682,0.6016285885240583,-0.17780859400413238,-0.005535621550107197,0.010057470428689076,-0.3541031555684353,0.3048754475604927,-0.5861038068363829,6.178337497302398,-1.0417162423658557,-8.865419310225093,1.4967959583374055,-0.2794620001083496,0.20266468387635575
0.7640000000000006,-0.1513822345381897,0.15489025871023696,0.5532625555933464,-0.5202358996200757,-1.2802426467435266,2.529909123797481,0.04265986067130263,-0.74010570557666,1.506485769404112,-0.11422370347560068,-0.020865232857136082,0.6138149845363347,-0.16832076782700284,-0.007057539122472785,0.012822277294571135,-0.36062300856776563,0.3077026081147577,-0.5915433447375482,6.221544527692583,-1.0449585348243176,-8.896156747877603,1.513075719249567,-0.2817089019126835,0.20434352624220112
0.7660000000000006,-0.15161085248893064,0.15484814797977034,0.5545009312173064,-0.5205668817294191,-1.2802593222905814,2.5299394158649875,0.04193093000943826,-0.7394874255191225,1.505297151929953,-0.11443433001275684,-0.020870405002976482,0.6260013805486111,-0.15883294164987333,-0.008579456694838374,0.015587084160453192,-0.36714286156709597,0.3105297686690227,-0.5969828826387136,6.264751558082768,-1.0482008272827794,-8.926894185530113,1.5293554801617286,-0.2839558037170174,0.20602236860804649
0.7680000000000006,-0.15183947043967158,0.15480603724930375,0.5557393068412665,-0.5208978638387626,-1.280275997837636,2.5299697079324934,0.04120199934757389,-0.7388691454615849,1.5041085344557938,-0.114644956549913,-0.020875577148816882,0.6381877765608874,-0.1493451154727438,-0.010101374267203962,0.01835189102633525,-0.3736627145664263,0.3133569292232878,-0.6024224205398789,6.307958588472952,-1.051443119741241,-8.957631623182623,1.54563524107389,-0.2862027055213513,0.20770121097389185
0.7700000000000006,-0.15206808839041253,0.15476392651883716,0.5569776824652266,-0.5212288459481059,-1.2802926733846904,2.53,0.04047306868570952,-0.7382508654040474,1.5029199169816347,-0.1148555830870692,-0.02088074929465719,0.6503741725731632,-0.1398572892956142,-0.011623291839569052,0.021116697892216405,-0.38018256756575636,0.3161840897775528,-0.6078619584410443,6.351165618863138,-1.0546854121997056,-8.988369060835154,1.5619150019860495,-0.2884496073256851,0.2093800533397371
0.7720000000000006,-0.1523010413067562,0.1547279315264477,0.5583012959731908,-0.5214539038403291,-1.2802926733683877,2.53,0.03969605404326392,-0.7376046021547854,1.5016774561458863,-0.1157106315746805,-0.01926071571229312,0.6507075324827197,-0.12935254962269438,-0.004199913427338412,0.007630586650322825,-0.3822664789982398,0.3189529552778597,-0.613189909866016,6.404614334256224,-1.1086423869831492,-9.417268394191247,1.5374192292130893,-0.28868466645491697,0.20959907260595123
0.7740000000000006,-0.15253399422309985,0.15469193653405824,0.559624909481155,-0.5216789617325522,-1.280292673352085,2.53,0.03891903940081833,-0.7369583389055235,1.500434995310138,-0.11656568006229182,-0.01764068212992905,0.6510408923922764,-0.11884780994977454,0.003223464984892231,-0.0058555245915707585,-0.3843503904307232,0.3217218207781667,-0.6185178612909877,6.4580630496493105,-1.1625993617665928,-9.846167727547337,1.5129234564401293,-0.28891972558414886,0.20981809187216532
0.7760000000000006,-0.1527669471394435,0.1546559415416688,0.5609485229891192,-0.5219040196247754,-1.280292673335782,2.53,0.038142024758372736,-0.7363120756562616,1.4991925344743895,-0.11742072854990313,-0.016020648547564985,0.6513742523018329,-0.1083430702768547,0.01064684339712287,-0.01934163583346433,-0.38643430186320665,0.3244906862784736,-0.6238458127159594,6.511511765042396,-1.2165563365500363,-10.27506706090343,1.4884276836671693,-0.28915478471338074,0.21003711113837945
0.7780000000000006,-0.15299990005578715,0.15461994654927935,0.5622721364970834,-0.5221290775169986,-1.2802926733194793,2.53,0.03736501011592714,-0.7356658124069997,1.497950073638641,-0.11827577703751443,-0.014400614965200913,0.6517076122113894,-0.09783833060393488,0.018070221809353512,-0.03282774707535792,-0.3885182132956901,0.3272595517787805,-0.6291737641409312,6.564960480435483,-1.2705133113334799,-10.70396639425952,1.463931910894209,-0.28938984384261257,0.21025613040459354
0.7800000000000006,-0.1532328529721308,0.1545839515568899,0.5635957500050477,-0.5223541354092217,-1.2802926733031765,2.53,0.03658799547348155,-0.7350195491577378,1.4967076128028927,-0.11913082552512581,-0.01278058138283666,0.6520409721209444,-0.08733359093101513,0.02549360022158522,-0.04631385831725343,-0.3906021247281731,0.3300284172790875,-0.634501715565903,6.61840919582857,-1.3244702861169244,-11.13286572761562,1.4394361381212488,-0.2896249029718445,0.2104751496708077
0.7820000000000006,-0.15348113634535232,0.15457985115838202,0.5647855328419278,-0.5224833083273773,-1.2801267340618643,2.5296984718964266,0.03582959792726617,-0.7343454386677984,1.4954115651888449,-0.1213996258820968,-0.007852455381862147,0.6239433149242022,-0.07829827583486654,0.05210638587092907,-0.09468319727499012,-0.3845866824641983,0.3328749076950696,-0.6399793817025637,6.705579611555171,-1.3968971927896077,-11.709597742764151,1.4124164953041785,-0.290691826770312,0.21128341482359328
0.7840000000000006,-0.15372941971857382,0.15457575075987415,0.5659753156788079,-0.5226124812455331,-1.279960794820552,2.5293969437928534,0.03507120038105079,-0.7336713281778592,1.4941155175747973,-0.12366842623906778,-0.0029243293808876338,0.59584565772746,-0.06926296073871793,0.07871917152027293,-0.14305253623272682,-0.37857124020022354,0.3357213981110517,-0.6454570478392245,6.792750027281771,-1.4693240994622911,-12.286329757912682,1.3853968524871079,-0.29175875056877953,0.21209167997637887
0.7860000000000006,-0.15397770309179531,0.15457165036136625,0.5671650985156881,-0.5227416541636887,-1.2797948555792398,2.5290954156892798,0.03431280283483542,-0.7329972176879198,1.4928194699607495,-0.12593722659603876,0.002003796620086878,0.5677480005307177,-0.06022764564256934,0.10533195716961677,-0.1914218751904635,-0.37255579793624877,0.33856788852703384,-0.6509347139758853,6.879920443008372,-1.5417510061349744,-12.863061773061213,1.3583772096700373,-0.292825674367247,0.21289994512916446
0.7880000000000006,-0.1542259864650168,0.15456754996285837,0.5683548813525682,-0.5228708270818444,-1.2796289163379275,2.5287938875857066,0.03355440528862004,-0.7323231071979805,1.491523422346702,-0.12820602695300973,0.006931922621061392,0.5396503433339755,-0.05119233054642074,0.13194474281896063,-0.2397912141482002,-0.366540355672274,0.341414378943016,-0.6564123801125461,6.967090858734972,-1.6141779128076577,-13.439793788209744,1.331357566852967,-0.2938925981657145,0.21370821028195006
0.7900000000000006,-0.15447426983823834,0.1545634495643505,0.5695446641894483,-0.523,-1.2794629770966153,2.5284923594821334,0.03279600774240467,-0.7316489967080413,1.4902273747326544,-0.13047482730998078,0.01186004862203615,0.5115526861372321,-0.04215701545027149,0.15855752846830568,-0.288160553105939,-0.3605249134082989,0.34426086935899813,-0.6618900462492069,7.054261274461582,-1.6866048194803411,-14.01652580335828,1.3043379240359,-0.2949595219641825,0.214516475434736
0.7920000000000006,-0.15475226104700096,0.15462984950774952,0.5703264806113316,-0.523,-1.278923667604665,2.5275116813674816,0.03213332761615154,-0.7309442683890087,1.4888724085961322,-0.1340560516087756,0.021245961054017888,0.4610709917285332,-0.021285715315771295,0.206475688361057,-0.3754002173431238,-0.34820245047412635,0.34764554558651306,-0.6684029867582756,7.30900234836103,-1.7631546665783036,-14.643049872701127,1.342723853879465,-0.30490258257834535,0.22180130094739783
0.7940000000000006,-0.1550302522557636,0.15469624945114852,0.5711082970332149,-0.523,-1.2783843581127148,2.5265310032528294,0.03147064748989842,-0.7302395400699762,1.4875174424596103,-0.13763727590757038,0.030631873485999626,0.4105892973198343,-0.00041441518127109667,0.2543938482538083,-0.4626398815803085,-0.3358799875399538,0.35103022181402793,-0.6749159272673443,7.563743422260478,-1.839704513676266,-15.269573942043975,1.3811097837230302,-0.31484564319250824,0.22908612646005966
0.7960000000000006,-0.15530824346452626,0.1547626493945475,0.5718901134550982,-0.523,-1.2778450486207646,2.5255503251381777,0.030807967363645293,-0.7295348117509436,1.4861624763230883,-0.14121850020636517,0.04001778591798136,0.36010760291113536,0.020456884953229094,0.3023120081465596,-0.5498795458174932,-0.32355752460578124,0.35441489804154286,-0.681428867776413,7.818484496159926,-1.9162543607742284,-15.896098011386822,1.4194957135665953,-0.3247887038066711,0.23637095197272145
0.7980000000000006,-0.15558623467328891,0.15482904933794653,0.5726719298769815,-0.523,-1.2773057391288143,2.524569647023526,0.030145287237392168,-0.728830083431911,1.4848075101865663,-0.14479972450516,0.0494036983499631,0.30962590850243643,0.041328185087729306,0.35023016803931095,-0.637119210054678,-0.3112350616716087,0.35779957426905773,-0.6879418082854817,8.073225570059375,-1.9928042078721908,-16.52262208072967,1.4578816434101605,-0.33473176442083397,0.2436557774853833
0.8000000000000006,-0.15586422588205157,0.15489544928134552,0.5734537462988647,-0.523,-1.2767664296368642,2.523588968908874,0.029482607111139054,-0.7281253551128786,1.4834525440500443,-0.14838094880395483,0.05878961078194516,0.2591442140937374,0.06219948522223153,0.3981483279320634,-0.7243588742918647,-0.298912598737436,0.36118425049657266,-0.6944547487945505,8.327966643958835,-2.0693540549701535,-17.14914615007252,1.4962675732537305,-0.34467482503499747,0.2509406029980456
0.8020000000000006,-0.15618204305399364,0.15508359553266696,0.5737000719374682,-0.5226291009785082,-1.2756468059040054,2.521549792438833,0.028959592004652562,-0.7273827299818547,1.4820246582158627,-0.1526473700079598,0.0739917723281817,0.20613177247777958,0.11970159511750685,0.46596796407200386,-0.8483233588356582,-0.2836032314337499,0.36535342694161166,-0.7024767471105547,8.79340546028285,-2.1492743117079787,-17.828052392066525,1.6231331855914055,-0.36652488822439444,0.26690122378278824
0.8040000000000006,-0.1564998602259357,0.15527174178398837,0.5739463975760717,-0.5222582019570166,-1.2745271821711466,2.519510615968792,0.028436576898166074,-0.7266401048508309,1.480596772381681,-0.15691379121196478,0.08919393387441825,0.15311933086182178,0.17720370501278215,0.5337876002119443,-0.9722878433794518,-0.26829386413006384,0.3695226033866506,-0.710498745426559,9.258844276606865,-2.229194568445804,-18.506958634060528,1.7499987979290808,-0.38837495141379147,0.2828618445675309
0.8060000000000006,-0.15681767739787777,0.15545988803530977,0.5741927232146752,-0.5218873029355248,-1.2734075584382878,2.5174714394987507,0.027913561791679586,-0.7258974797198071,1.4791688865474997,-0.16118021241596975,0.10439609542065478,0.100106889245864,0.23470581490805748,0.6016072363518847,-1.0962523279232452,-0.2529844968263778,0.37369177983168955,-0.7185207437425633,9.72428309293088,-2.3091148251836286,-19.18586487605453,1.8768644102667558,-0.41022501460318844,0.29882246535227347
0.8080000000000006,-0.15713549456981984,0.15564803428663118,0.5744390488532787,-0.521516403914033,-1.272287934705429,2.51543226302871,0.0273905466851931,-0.7251548545887833,1.477741000713318,-0.16544663361997472,0.11959825696689133,0.047094447629906194,0.2922079248033328,0.6694268724918252,-1.220216812467039,-0.23767512952269176,0.37786095627672855,-0.7265427420585675,10.189721909254896,-2.389035081921454,-19.864771118048534,2.003730022604431,-0.43207507779258547,0.3147830861370161
0.8100000000000006,-0.15745331174176194,0.15583618053795262,0.5746853744918822,-0.5211455048925412,-1.2711683109725702,2.513393086558669,0.026867531578706617,-0.7244122294577595,1.4763131148791366,-0.16971305482397972,0.1348004185131281,-0.005917993986051022,0.34971003469860984,0.7372465086317662,-1.3441812970108336,-0.22236576221900556,0.3820301327217675,-0.7345647403745718,10.655160725578899,-2.468955338659276,-20.543677360042512,2.1305956349421034,-0.45392514098198194,0.33074370692175836
0.8120000000000006,-0.15781482285438672,0.1562017607909981,0.5744502451136766,-0.5200129967198275,-1.2693037544425283,2.5099878288918607,0.026509827207193155,-0.7236278721810789,1.4748049277550979,-0.17412209181198143,0.15435986303658494,-0.04846996805823537,0.4385824070046527,0.8156235180349464,-1.488456832875687,-0.20443305943821105,0.3858574141199654,-0.741930056890462,10.888645582752083,-2.492493131525399,-20.773650622947976,2.2137310292850834,-0.4669691374214764,0.3402347969408346
0.8140000000000006,-0.1581763339670115,0.15656734104404355,0.574215115735471,-0.5188804885471137,-1.2674391979124866,2.506582571225053,0.026152122835679692,-0.7228435149043985,1.473296740631059,-0.17853112879998315,0.17391930756004176,-0.0910219421304197,0.5274547793106955,0.8940005274381264,-1.6327323687405406,-0.18650035665741657,0.3896846955181633,-0.7492953734063523,11.122130439925268,-2.5160309243915218,-21.00362388585344,2.296866423628063,-0.48001313386097083,0.34972588695991075
0.8160000000000006,-0.15853784507963628,0.15693292129708902,0.5739799863572654,-0.5177479803744,-1.265574641382445,2.503177313558245,0.02579441846416623,-0.722059157627718,1.4717885535070205,-0.18294016578798486,0.19347875208349857,-0.13357391620260406,0.6163271516167383,0.9723775368413066,-1.7770079046053944,-0.1685676538766221,0.39351197691636125,-0.7566606899222427,11.355615297098453,-2.539568717257645,-21.233597148758903,2.380001817971043,-0.4930571303004652,0.3592169769789869
0.8180000000000006,-0.15889935619226106,0.1572985015501345,0.5737448569790599,-0.5166154722016861,-1.2637100848524032,2.4997720558914374,0.025436714092652763,-0.7212748003510375,1.4702803663829818,-0.18734920277598657,0.21303819660695542,-0.1761258902747884,0.7051995239227811,1.0507545462444867,-1.921283440470248,-0.15063495109582759,0.39733925831455913,-0.764026006438133,11.589100154271637,-2.5631065101237676,-21.463570411664367,2.4631372123140225,-0.5061011267399597,0.3687080669980631
0.8200000000000006,-0.15926086730488584,0.15766408180317998,0.5735097276008543,-0.5154829640289723,-1.2618455283223613,2.496366798224629,0.02507900972113931,-0.7204904430743571,1.4687721792589432,-0.1917582397639883,0.23259764113041229,-0.21867786434697206,0.794071896228824,1.1291315556476667,-2.0655589763351014,-0.13270224831503297,0.40116653971275695,-0.7713913229540231,11.822585011444811,-2.5866443029898893,-21.693543674569817,2.546272606657,-0.5191451231794537,0.37819915701713896
0.8220000000000006,-0.1596662458526051,0.15823228860153846,0.5729100187829814,-0.5134328589211751,-1.2591985497392524,2.4915139342377777,0.024912497042172885,-0.7196747154777352,1.4672036086230826,-0.19612405707287783,0.25317575158398076,-0.24926760957632316,0.884841022435251,1.2060098787663003,-2.2085977592738266,-0.11279180543597661,0.40361895542369164,-0.7761134568729389,11.89966278538676,-2.584971062456028,-21.72296004384127,2.584983461468566,-0.5245950038131235,0.38217331487129486
0.8240000000000006,-0.16007162440032438,0.15880049539989693,0.5723103099651087,-0.5113827538133778,-1.2565515711561435,2.4866610702509258,0.024745984363206457,-0.7188589878811135,1.4656350379872223,-0.2004898743817674,0.2737538620375492,-0.2798573548056742,0.9756101486416779,1.282888201884934,-2.3516365422125514,-0.09288136255692026,0.4060713711346263,-0.7808355907918546,11.976740559328707,-2.583297821922166,-21.75237641311272,2.623694316280132,-0.5300448844467933,0.3861474727254507
0.8260000000000006,-0.16047700294804365,0.1593687021982554,0.5717106011472359,-0.5093326487055805,-1.2539045925730345,2.4818082062640743,0.02457947168424003,-0.7180432602844917,1.4640664673513617,-0.20485569169065698,0.2943319724911177,-0.3104471000350253,1.066379274848105,1.3597665250035675,-2.4946753251512765,-0.0729709196778639,0.408523786845561,-0.7855577247107703,12.053818333270655,-2.5816245813883043,-21.78179278238417,2.662405171091698,-0.5354947650804631,0.3901216305796066
0.8280000000000006,-0.16088238149576292,0.15993690899661386,0.5711108923293631,-0.5072825435977832,-1.2512576139899256,2.4769553422772224,0.024412959005273602,-0.71722753268787,1.4624978967155013,-0.20922150899954653,0.31491008294468614,-0.3410368452643764,1.1571484010545319,1.4366448481222012,-2.6377141080900017,-0.05306047679880754,0.4109762025564957,-0.7902798586296861,12.130896107212603,-2.5799513408544428,-21.81120915165562,2.701116025903264,-0.5409446457141329,0.3940957884337624
0.8300000000000006,-0.1612877600434822,0.16050511579497237,0.5705111835114903,-0.505232438489986,-1.2486106354068165,2.4721024782903704,0.024246446326307187,-0.7164118050912482,1.460929326079641,-0.2135873263084361,0.3354881933982546,-0.3716265904937268,1.2479175272609582,1.5135231712408344,-2.7807528910287265,-0.033150033919751146,0.4134286182674303,-0.7950019925486017,12.207973881154553,-2.5782781003205812,-21.840625520927073,2.73982688071483,-0.5463945263478027,0.3980699462879183
0.8320000000000006,-0.16173662443276626,0.16127836904946383,0.5696633411290375,-0.5023252223650839,-1.2452202569550577,2.465857678232389,0.024283217731435113,-0.7155778529307422,1.459325646740218,-0.21792097687683187,0.35591808519315354,-0.3905293529655036,1.3283805033764495,1.5853789881343803,-2.916184088903435,-0.012381893566389243,0.414670124294771,-0.7973957763247813,12.292163678770036,-2.5792119376671874,-21.894989832871268,2.781709063029417,-0.5519411943256097,0.4020939546709238
0.8340000000000006,-0.1621854888220503,0.1620516223039553,0.5688154987465847,-0.4994180062401818,-1.2418298785032986,2.4596128781744073,0.024319989136563042,-0.7147439007702362,1.4577219674007953,-0.22225462744522767,0.37634797698805256,-0.4094321154372804,1.4088434794919407,1.657234805027926,-3.0516152867781434,0.00838624678697266,0.4159116303221117,-0.7997895601009608,12.376353476385521,-2.580145775013793,-21.949354144815462,2.8235912453440037,-0.5574878623034166,0.4061179630539293
0.8360000000000006,-0.16263435321133438,0.1628248755584468,0.5679676563641318,-0.4965107901152797,-1.2384395000515398,2.4533680781164255,0.024356760541690968,-0.7139099486097302,1.4561182880613726,-0.22658827801362344,0.39677786878295146,-0.42833487790905717,1.4893064556074318,1.729090621921472,-3.187046484652852,0.02915438714033456,0.4171531363494524,-0.8021833438771403,12.460543274001004,-2.581079612360399,-22.003718456759657,2.8654734276585905,-0.5630345302812236,0.4101419714369347
0.8380000000000006,-0.16308321760061845,0.16359812881293828,0.567119813981679,-0.49360357399037763,-1.235049121599781,2.447123278058444,0.024393531946818897,-0.7130759964492243,1.4545146087219498,-0.2309219285820192,0.4172077605778505,-0.44723764038083397,1.5697694317229232,1.8009464388150178,-3.322477682527561,0.04992252749369647,0.418394642376793,-0.8045771276533199,12.54473307161649,-2.5820134497070053,-22.05808276870385,2.9073556099731777,-0.5685811982590306,0.4141659798199402
0.8400000000000006,-0.16353208198990252,0.16437138206742977,0.5662719715992262,-0.4906963578654755,-1.231658743148022,2.4408784780004624,0.024430303351946837,-0.7122420442887183,1.452910929382527,-0.235255579150415,0.4376376523727494,-0.4661404028526101,1.6502324078384136,1.8728022557085633,-3.4579088804022686,0.07069066784705844,0.41963614840413366,-0.8069709114294993,12.628922869231975,-2.582947287053611,-22.112447080648046,2.949237792287765,-0.5741278662368376,0.4181899882029457
0.8420000000000006,-0.16402417741457256,0.1653481571721949,0.5652963001251752,-0.4870376535922009,-1.227572917956005,2.4333143955484187,0.02468036070428624,-0.7114007582583799,1.4512930837021245,-0.2395701966382638,0.4579103440918203,-0.4727282918014758,1.7201906442363213,1.9401542160366787,-3.586510032161594,0.09267854797603077,0.4198852310313298,-0.8074561409860811,12.719198574413214,-2.5864165878183525,-22.186058402134755,2.994585176757286,-0.5797953426004826,0.4222727382497265
0.8440000000000006,-0.1645162728392426,0.16632493227696005,0.5643206286511242,-0.4833789493189263,-1.2234870927639885,2.4257503130963745,0.02493041805662564,-0.7105594722280415,1.449675238021722,-0.24388481412611257,0.4781830358108912,-0.4793161807503415,1.7901488806342287,2.007506176364794,-3.7151111839209197,0.1146664281050031,0.420134313658526,-0.8079413705426628,12.809474279594456,-2.5898858885830935,-22.25966972362146,3.039932561226807,-0.5854628189641277,0.4263554882965073
0.8460000000000006,-0.16500836826391263,0.16730170738172517,0.5633449571770732,-0.47972024504565164,-1.2194012675719716,2.4181862306443307,0.025180475408965047,-0.7097181861977031,1.4480573923413194,-0.24819943161396135,0.49845572752996214,-0.48590406969920724,1.8601071170321364,2.0748581366929097,-3.843712335680245,0.13665430823397545,0.42038339628572213,-0.8084266000992446,12.899749984775696,-2.5933551893478346,-22.33328104510817,3.0852799456963282,-0.5911302953277726,0.43043823834328815
0.8480000000000006,-0.16550046368858268,0.16827848248649033,0.5623692857030222,-0.476061540772377,-1.215315442379955,2.4106221481922865,0.02543053276130445,-0.7088769001673647,1.4464395466609168,-0.25251404910181013,0.5187284192490331,-0.49249195864807294,1.9300653534300438,2.1422100970210254,-3.9723134874395707,0.1586421883629478,0.4206324789129183,-0.8089118296558264,12.990025689956935,-2.5968244901125757,-22.406892366594878,3.13062733016585,-0.5967977716914176,0.434520988390069
0.8500000000000006,-0.16599255911325272,0.16925525759125545,0.5613936142289713,-0.47240283649910236,-1.2112296171879382,2.4030580657402427,0.025680590113643865,-0.7080356141370263,1.4448217009805142,-0.2568286665896589,0.539001110968104,-0.49907984759693796,2.000023589827951,2.2095620573491406,-4.100914639198896,0.18063006849192023,0.42088156154011436,-0.809397059212408,13.080301395138177,-2.600293790877317,-22.480503688081583,3.175974714635371,-0.6024652480550626,0.4386037384368498
0.8520000000000006,-0.16652775442771733,0.17043392579150418,0.5604149873423127,-0.46809190294906383,-1.2064894482968276,2.3942371151752018,0.02615966476447268,-0.7071963992709889,1.4432077775073726,-0.2611357977249109,0.5591048144003291,-0.4930608413562817,2.060842474549008,2.27323512601385,-4.22392321356411,0.20460124864274404,0.4202225350846058,-0.8081355942522772,13.175414249742017,-2.605976533866081,-22.56652067872268,3.2248363192561222,-0.608256957702288,0.4427602828199064
0.8540000000000006,-0.16706294974218197,0.17161259399175288,0.5594363604556541,-0.46378096939902536,-1.2017492794057172,2.3854161646101604,0.026638739415301496,-0.7063571844049514,1.4415938540342312,-0.26544292886016285,0.5792085178325542,-0.48704183511562543,2.1216613592700657,2.3369081946785597,-4.346931787929322,0.22857242879356784,0.4195635086290972,-0.8068741292921463,13.270527104345858,-2.6116592768548452,-22.652537669363774,3.2736979238768735,-0.6140486673495135,0.4469168272029631
0.8560000000000006,-0.16759814505664658,0.17279126219200158,0.5584577335689956,-0.4594700358489869,-1.1970091105146068,2.3765952140451194,0.027117814066130314,-0.705517969538914,1.4399799305610896,-0.2697500599954148,0.5993122212647792,-0.4810228288749692,2.182480243991123,2.4005812633432697,-4.469940362294536,0.25254360894439165,0.41890448217358855,-0.8056126643320154,13.365639958949698,-2.6173420198436093,-22.738554660004866,3.3225595284976244,-0.6198403769967389,0.45107337158601973
0.8580000000000007,-0.16813334037111122,0.17396993039225028,0.5574791066823371,-0.4551591022989484,-1.1922689416234962,2.3677742634800785,0.02759688871695913,-0.7046787546728766,1.4383660070879483,-0.27405719113066673,0.6194159246970043,-0.47500382263431296,2.2432991287121804,2.4642543320079793,-4.59294893665975,0.27651478909521543,0.41824545571808,-0.8043511993718845,13.460752813553539,-2.6230247628323737,-22.82457165064596,3.3714211331183757,-0.6256320866439643,0.45522991596907636
0.8600000000000007,-0.16866853568557583,0.175148598592499,0.5565004797956786,-0.45084816874890987,-1.1875287727323858,2.3589533129150375,0.028075963367787962,-0.7038395398068391,1.4367520836148069,-0.2783643222659187,0.6395196281292295,-0.46898481639365597,2.3041180134332375,2.527927400672689,-4.715957511024962,0.30048596924603943,0.4175864292625713,-0.8030897344117535,13.555865668157379,-2.6287075058211378,-22.910588641287053,3.4202827377391274,-0.6314237962911897,0.459386460352133
0.8620000000000007,-0.1692467960524705,0.17652739649135094,0.5556453786790485,-0.4459652185823574,-1.1821662526362522,2.3489241081460457,0.028808975544931382,-0.7030115072363197,1.4351596082949296,-0.2826706370551244,0.6594388403011779,-0.45030188135203647,2.358157638862851,2.5888912539145448,-4.834858017356875,0.3274996710693831,0.4159974184877665,-0.8000392641491343,13.655114294525891,-2.635989332615198,-23.000867119293403,3.4729573801829035,-0.6373837871140721,0.46368763985162365
0.8640000000000007,-0.1698250564193652,0.1779061943902029,0.5547902775624184,-0.4410822684158049,-1.1768037325401186,2.3388949033770534,0.029541987722074798,-0.7021834746658002,1.4335671329750523,-0.2869769518443301,0.6793580524731264,-0.431618946310417,2.4121972642924643,2.649855107156401,-4.953758523688786,0.3545133728927268,0.4144084077129617,-0.7969887938865151,13.754362920894401,-2.6432711594092577,-23.09114559729975,3.52563202262668,-0.6433437779369543,0.4679888193511143
0.8660000000000007,-0.1704033167862599,0.1792849922890548,0.5539351764457884,-0.43619931824925245,-1.171441212443985,2.3288656986080616,0.030274999899218218,-0.7013554420952808,1.4319746576551753,-0.29128326663353576,0.6992772646450749,-0.4129360112687975,2.4662368897220777,2.7108189603982575,-5.072659030020698,0.3815270747160704,0.41281939693815695,-0.7939383236238959,13.853611547262913,-2.650552986203318,-23.1814240753061,3.578306665070456,-0.6493037687598366,0.47228999885060496
0.8680000000000007,-0.17098157715315457,0.18066379018790674,0.5530800753291583,-0.43131636808269996,-1.1660786923478514,2.3188364938390698,0.031008012076361637,-0.7005274095247613,1.430382182335298,-0.2955895814227415,0.7191964768170234,-0.394253076227178,2.520276515151691,2.771782813640114,-5.191559536352609,0.40854077653941406,0.41123038616335217,-0.7908878533612768,13.952860173631425,-2.6578348129973777,-23.271702553312448,3.6309813075142325,-0.6552637595827189,0.4765911783500956
0.8700000000000007,-0.17155983752004925,0.1820425880867587,0.5522249742125283,-0.4264334179161475,-1.1607161722517179,2.308807289070078,0.03174102425350507,-0.6996993769542419,1.428789707015421,-0.2998958962119472,0.7391156889889718,-0.3755701411855578,2.574316140581304,2.83274666688197,-5.310460042684521,0.43555447836275796,0.40964137538854734,-0.7878373830986575,14.052108799999935,-2.665116639791438,-23.361981031318795,3.683655949958009,-0.6612237504056012,0.48089235784958634
0.8720000000000007,-0.17218113806664598,0.18361956653632824,0.5516200990039296,-0.42103181035885223,-1.154753502074575,2.297603281655974,0.032764691582899776,-0.6988923176098331,1.4272375154828583,-0.3041950497280878,0.758828092172843,-0.34419549629956736,2.6245406291185347,2.891968204311297,-5.4267657827976254,0.46690613111148543,0.40700979810126764,-0.7827811654550731,14.155996006982129,-2.673124838801966,-23.4473579026733,3.7411211852446655,-0.6674895937966809,0.4855096206009563
0.8740000000000007,-0.1728024386132427,0.1851965449858978,0.551015223795331,-0.41563020280155705,-1.1487908318974323,2.2863992742418704,0.03378835891229448,-0.6980852582654243,1.4256853239502958,-0.30849420324422844,0.7785404953567141,-0.31282085141357696,2.674765117655765,2.9511897417406243,-5.543071522910731,0.4982577838602129,0.4043782208139879,-0.7777249478114888,14.25988321396432,-2.681133037812495,-23.532734774027805,3.798586420531322,-0.6737554371877605,0.4901268833523263
0.8760000000000007,-0.17342373915983944,0.18677352343546735,0.5504103485867323,-0.4102285952442618,-1.1428281617202896,2.2751952668277666,0.034812026241689185,-0.6972781989210155,1.4241331324177333,-0.31279335676036907,0.7982528985405852,-0.2814462065275865,2.7249896061929952,3.0104112791699515,-5.659377263023836,0.5296094366089403,0.4017466435267082,-0.7726687301679045,14.363770420946514,-2.689141236823023,-23.61811164538231,3.8560516558179785,-0.6800212805788403,0.4947441461036963
0.8780000000000007,-0.17404503970643617,0.1883505018850369,0.5498054733781337,-0.4048269876869666,-1.1368654915431469,2.263991259413663,0.03583569357108389,-0.6964711395766068,1.4225809408851708,-0.31709251027650964,0.8179653017244565,-0.25007156164159605,2.775214094730226,3.069632816599279,-5.77568300313694,0.5609610893576678,0.39911506623942844,-0.7676125125243202,14.467657627928707,-2.697149435833552,-23.703488516736815,3.913516891104635,-0.68628712396992,0.4993614088550663
0.8800000000000007,-0.1746663402530329,0.1899274803346065,0.5492005981695351,-0.3994253801296714,-1.130902821366004,2.2527872519995586,0.036859360900478616,-0.6956640802321981,1.4210287493526084,-0.3213916637926503,0.8376777049083276,-0.21869691675560493,2.8254385832674562,3.1288543540286056,-5.891988743250045,0.5923127421063956,0.39648348895214863,-0.7625562948807356,14.571544834910899,-2.7051576348440802,-23.78886538809132,3.970982126391292,-0.6925529673609996,0.5039786716064364
0.8820000000000007,-0.1753304825973717,0.19170041407346938,0.548973884074235,-0.3935265937292144,-1.1243530354382874,2.2404274293104307,0.03822452066398105,-0.6948893469950991,1.4195386834476529,-0.32565330240766555,0.8571495137641395,-0.1743625134572139,2.8752515691112017,3.1871837443667457,-6.007049953325334,0.6295365155526886,0.39260902483962745,-0.755108841963789,14.68227348069832,-2.7128449476895096,-23.859715586894172,4.035215771263131,-0.6993989681806524,0.5092261830172717
0.8840000000000007,-0.17599462494171045,0.1934733478123323,0.5487471699789348,-0.3876278073287574,-1.1178032495105705,2.2280676066213023,0.03958968042748348,-0.6941146137580001,1.4180486175426974,-0.3299149410226808,0.8766213226199513,-0.13002811015882287,2.9250645549549468,3.245513134704886,-6.122111163400621,0.6667602889989818,0.3887345607271062,-0.7476613890468424,14.793002126485742,-2.720532260534939,-23.930565785697024,4.09944941613497,-0.7062449690003051,0.5144736944281071
0.8860000000000007,-0.1766587672860492,0.19524628155119522,0.5485204558836346,-0.3817290209283004,-1.111253463582854,2.2157077839321744,0.040954840190985914,-0.6933398805209011,1.4165585516377421,-0.3341765796376961,0.8960931314757632,-0.08569370686043185,2.974877540798692,3.303842525043026,-6.23717237347591,0.7039840624452749,0.38486009661458503,-0.7402139361298958,14.903730772273164,-2.7282195733803682,-24.001415984499875,4.163683061006808,-0.7130909698199579,0.5197212058389424
0.8880000000000007,-0.17732290963038796,0.19701921529005814,0.5482937417883345,-0.3758302345278434,-1.104703677655137,2.203347961243046,0.04231999995448835,-0.6925651472838021,1.4150684857327867,-0.33843821825271136,0.9155649403315751,-0.04135930356204079,3.0246905266424373,3.3621719153811656,-6.3522335835511985,0.741207835891568,0.38098563250206385,-0.7327664832129492,15.014459418060586,-2.7359068862257976,-24.072266183302727,4.227916705878647,-0.7199369706396106,0.5249687172497778
0.8900000000000007,-0.17798705197472672,0.19879214902892106,0.5480670276930343,-0.36993144812738643,-1.0981538917274203,2.1909881385539176,0.04368515971799081,-0.6917904140467033,1.4135784198278314,-0.34269985686772664,0.935036749187387,0.0029750997363510055,3.074503512486183,3.4205013057193057,-6.467294793626486,0.7784316093378615,0.37711116838954256,-0.7253190302960025,15.125188063848007,-2.743594199071227,-24.14311638210558,4.292150350750487,-0.7267829714592634,0.5302162286606131
0.8920000000000007,-0.17869336158560034,0.2007583941485004,0.5483515690842897,-0.3635206049725848,-1.0910224847082628,2.1774795084580245,0.04545941141714164,-0.6910618323308668,1.4121770789955803,-0.34685684267202016,0.9542169948039024,0.061087554789590784,3.1277974570570017,3.4785829089229083,-6.5821303263662925,0.8233599485568156,0.37169733709836705,-0.7149098947688686,15.247024612386163,-2.749832982008513,-24.18996096908808,4.366359554689655,-0.7346600908507693,0.5366004236866436
0.8940000000000007,-0.17939967119647396,0.20272463926807976,0.5486361104755451,-0.3571097618177832,-1.083891077689105,2.1639708783621314,0.04723366311629247,-0.6903332506150304,1.4107757381633292,-0.3510138284763137,0.973397240420418,0.11920000984283056,3.181091401627821,3.536664512126511,-6.696965859106099,0.8682882877757697,0.36628350580719155,-0.7045007592417347,15.36886116092432,-2.756071764945798,-24.23680555607058,4.440568758628824,-0.7425372102422753,0.542984618712674
0.8960000000000007,-0.18010598080734758,0.20469088438765914,0.5489206518668004,-0.3506989186629816,-1.0767596706699474,2.1504622482662383,0.0490079148154433,-0.6896046688991939,1.4093743973310782,-0.3551708142806072,0.9925774860369334,0.1773124648960703,3.23438534619864,3.5947461153301137,-6.811801391845905,0.9132166269947238,0.3608696745160161,-0.6940916237146008,15.490697709462475,-2.762310547883084,-24.28365014305308,4.514777962567992,-0.7504143296337812,0.5493688137387045
0.8980000000000007,-0.1808122904182212,0.2066571295072385,0.5492051932580558,-0.34428807550817997,-1.06962826365079,2.1369536181703452,0.050782166514594135,-0.6888760871833575,1.407973056498827,-0.35932780008490073,1.011757731653449,0.2354249199493101,3.2876792907694594,3.6528277185337164,-6.9266369245857105,0.958144966213678,0.3554558432248406,-0.6836824881874668,15.61253425800063,-2.76854933082037,-24.330494730035582,4.58898716650716,-0.7582914490252871,0.555753008764735
0.9000000000000007,-0.18151860002909478,0.20862337462681785,0.5494897346493112,-0.3378772323533783,-1.0624968566316322,2.123444988074452,0.05255641821374499,-0.688147505467521,1.4065717156665762,-0.36348478588919425,1.0309379772699645,0.2935373750025508,3.3409732353402792,3.710909321737319,-7.041472457325517,1.0030733054326326,0.350042011933665,-0.6732733526603327,15.734370806538788,-2.7747881137576553,-24.37733931701808,4.663196370446331,-0.7661685684167931,0.5621372037907655
0.9020000000000007,-0.18226548556337172,0.21077966493314915,0.5504309950032709,-0.3308971718742414,-1.0547842559847505,2.1087867333306303,0.05482759409591503,-0.6874824197672285,1.4052924699774103,-0.3674181362156432,1.0497520411823176,0.3671451358788916,3.402366370436923,3.7690975854919,-7.1565980431735445,1.0579407389075726,0.34267757306301855,-0.6591113461946381,15.873947614582383,-2.7784557556708758,-24.391352660367353,4.752000243737535,-0.7757531303555935,0.5704310421808295
0.9040000000000007,-0.18301237109764867,0.21293595523948045,0.5513722553572306,-0.3239171113951045,-1.0470716553378687,2.094128478586809,0.05709876997808508,-0.6868173340669359,1.4040132242882446,-0.3713514865420921,1.0685661050946706,0.4407528967552324,3.4637595055335675,3.827285849246481,-7.271723629021572,1.1128081723825125,0.33531313419237213,-0.6449493397289434,16.013524422625977,-2.782123397584096,-24.405366003716626,4.840804117028739,-0.7853376922943937,0.5787248805708936
0.9060000000000007,-0.18375925663192558,0.21509224554581172,0.5523135157111903,-0.3169370509159675,-1.039359054690987,2.079470223842987,0.059369945860255124,-0.6861522483666435,1.4027339785990787,-0.37528483686854097,1.0873801690070237,0.5143606576315731,3.525152640630212,3.885474113001062,-7.3868492148696,1.1676756058574524,0.3279486953217257,-0.6307873332632489,16.15310123066957,-2.7857910394973167,-24.4193793470659,4.929607990319943,-0.794922254233194,0.5870187189609576
0.9080000000000007,-0.18450614216620254,0.21724853585214302,0.55325477606515,-0.3099569904368306,-1.0316464540441053,2.064811969099165,0.06164112174242517,-0.6854871626663509,1.401454732909913,-0.3792181871949899,1.1061942329193768,0.587968418507914,3.586545775726856,3.9436623767556434,-7.501974800717627,1.2225430393323926,0.3205842564510793,-0.6166253267975542,16.292678038713163,-2.789458681410537,-24.43339269041517,5.018411863611147,-0.8045068161719943,0.5953125573510215
0.9100000000000007,-0.18525302770047947,0.21940482615847431,0.5541960364191097,-0.30297692995769365,-1.0239338533972235,2.050153714355343,0.06391229762459526,-0.6848220769660585,1.4001754872207473,-0.3831515375214388,1.1250082968317299,0.6615761793842558,3.647938910823501,4.0018506405102245,-7.617100386565655,1.2774104728073332,0.3132198175804327,-0.6024633203318593,16.43225484675676,-2.793126323323757,-24.447406033764445,5.107215736902353,-0.8140913781107947,0.6036063957410858
0.9120000000000007,-0.18603736929468542,0.2217470023436341,0.5559628089887517,-0.29531902223085776,-1.015638819032214,2.034343258110877,0.06679314622077655,-0.6842426312675841,1.3990609402184357,-0.386670722001597,1.1433510024612872,0.753701589674895,3.723191423359227,4.060103836957679,-7.732309664461926,1.3449911368206444,0.3033506438861126,-0.5834824187775394,16.598887744257738,-2.7931812915177474,-24.42077378131289,5.216830381589135,-0.8263593968385249,0.6149740059476205
0.9140000000000007,-0.18682171088889138,0.2240891785287939,0.5577295815583936,-0.2876611145040218,-1.0073437846672046,2.0185328018664106,0.06967399481695784,-0.6836631855691098,1.3979463932161242,-0.3901899064817552,1.1616937080908445,0.8458269999655341,3.7984439358949533,4.118357033405133,-7.847518942358198,1.4125718008339558,0.29348147019179244,-0.5645015172232194,16.76552064175872,-2.7932362597117377,-24.394141528861333,5.326445026275918,-0.838627415566255,0.6263416161541554
0.9160000000000007,-0.18760605248309734,0.2264313547139537,0.5594963541280356,-0.28000320677718593,-0.9990487503021952,2.0027223456219443,0.07255484341313911,-0.6830837398706354,1.3968318462138127,-0.3937090909619134,1.180036413720402,0.9379524102561732,3.873696448430679,4.176610229852589,-7.962728220254469,1.4801524648472673,0.2836122964974723,-0.5455206156688995,16.932153539259698,-2.7932912279057285,-24.367509276409777,5.436059670962701,-0.8508954342939852,0.6377092263606903
0.9180000000000007,-0.1883903940773033,0.2287735308991135,0.5612631266976775,-0.27234529905035,-0.9907537159371858,1.986911889377478,0.07543569200932042,-0.6825042941721612,1.3957172992115014,-0.3972282754420716,1.1983791193499593,1.0300778205468124,3.9489489609664052,4.234863426300043,-8.07793749815074,1.5477331288605785,0.27374312280315216,-0.5265397141145796,17.09878643676068,-2.793346196099719,-24.34087702395822,5.5456743156494825,-0.8631634530217154,0.6490768365672251
0.9200000000000007,-0.18917473567150925,0.23111570708427331,0.5630298992673195,-0.264687391323514,-0.9824586815721763,1.9711014331330117,0.07831654060550175,-0.6819248484736868,1.39460275220919,-0.4007474599222298,1.2167218249795166,1.1222032308374528,4.024201473502132,4.293116622747498,-8.193146776047012,1.6153137928738908,0.2638739491088319,-0.5075588125602593,17.26541933426166,-2.7934011642937087,-24.314244771506665,5.655288960336267,-0.8754314717494457,0.6604444467737602
0.9220000000000007,-0.18999103533153291,0.23363837764840845,0.5658297616122482,-0.2561771982874737,-0.9735830100784648,1.9541431627696346,0.08195093779144988,-0.6814595955664036,1.3937078362347255,-0.4035615885750549,1.2344509059766628,1.237673868511918,4.120837596296531,4.350836478332829,-8.307188074479845,1.6990896855151503,0.25076530480347153,-0.48234562613106086,17.471491870475536,-2.788967568603762,-24.240418553849846,5.79374706560078,-0.8917824756560644,0.6766561887578045
0.9240000000000007,-0.19080733499155658,0.23616104821254358,0.5686296239571768,-0.24766700525143343,-0.9647073385847534,1.9371848924062574,0.08558533497739801,-0.6809943426591203,1.392812920260261,-0.4063757172278801,1.2521799869738088,1.3531445061863832,4.21747371909093,4.40855633391816,-8.421229372912677,1.7828655781564098,0.23765666049811118,-0.45713243970186235,17.677564406689406,-2.784533972913815,-24.166592336193023,5.932205170865293,-0.908133479562683,0.6928679307418487
0.9260000000000007,-0.19162363465158025,0.2386837187766787,0.5714294863021053,-0.23915681221539314,-0.9558316670910421,1.9202266220428803,0.08921973216334614,-0.680529089751837,1.3919180042857966,-0.40918984588070517,1.2699090679709548,1.4686151438608483,4.31410984188533,4.46627618950349,-8.53527067134551,1.8666414707976693,0.22454801619275083,-0.4319192532726639,17.88363694290328,-2.780100377223868,-24.092766118536204,6.070663276129806,-0.9244844834693016,0.709079672725893
0.9280000000000007,-0.19243993431160392,0.24120638934081384,0.5742293486470339,-0.23064661917935286,-0.9469559955973307,1.9032683516795033,0.09285412934929427,-0.6800638368445537,1.3910230883113321,-0.41200397453353027,1.2876381489681008,1.5840857815353135,4.4107459646797285,4.523996045088821,-8.649311969778342,1.950417363438929,0.21143937188739048,-0.40670606684346544,18.089709479117154,-2.7756667815339213,-24.018939900879385,6.2091213813943185,-0.9408354873759203,0.7252914147099372
0.9300000000000007,-0.19325623397162758,0.24372905990494897,0.5770292109919626,-0.22213642614331253,-0.9380803241036192,1.886310081316126,0.09648852653524244,-0.6795985839372705,1.3901281723368677,-0.41481810318635537,1.3053672299652468,1.6995564192097805,4.507382087474129,4.581715900674151,-8.763353268211175,2.0341932560801896,0.19833072758202988,-0.38149288041426654,18.295782015331028,-2.771233185843974,-23.945113683222562,6.347579486658834,-0.9571864912825392,0.7415031566939819
0.9320000000000007,-0.1940954037687379,0.2464252080254369,0.5811296697249843,-0.21251182471597949,-0.9286355722111534,1.8682280947793357,0.10105954880008769,-0.6792845222566559,1.389524065766363,-0.41649084851784157,1.3222996747545992,1.8456536071334628,4.635592603905304,4.637498195209048,-8.873437202825698,2.1385606150519134,0.1810193527545588,-0.3481945512745618,18.55720544388381,-2.7617272270058564,-23.819070890132036,6.524994026924371,-0.9796556245536852,0.7653092503121208
0.9340000000000007,-0.19493457356584823,0.24912135614592484,0.5852301284580059,-0.20288722328864647,-0.9191908203186877,1.8501461082425454,0.10563057106493293,-0.6789704605760415,1.3889199591958583,-0.41816359384932783,1.3392321195439514,1.9917507950571454,4.76380312033648,4.693280489743944,-8.983521137440222,2.2429279740236376,0.1637079779270877,-0.3148962221348571,18.818628872436594,-2.7522212681677387,-23.693028097041513,6.702408567189908,-1.0021247578248311,0.7891153439302597
0.9360000000000007,-0.19577374336295855,0.2518175042664128,0.5893305871910275,-0.19326262186131346,-0.909746068426222,1.8320641217057552,0.11020159332977816,-0.678656398895427,1.3883158526253536,-0.4198363391808141,1.3561645643333036,2.1378479829808277,4.892013636767656,4.7490627842788395,-9.093605072054746,2.3472953329953614,0.1463966030996166,-0.2815978929951523,19.080052300989376,-2.742715309329621,-23.566985303950986,6.879823107455444,-1.0245938910959769,0.8129214375483986
0.9380000000000007,-0.19661291316006888,0.2545136523869007,0.5934310459240492,-0.18363802043398042,-0.9003013165337561,1.813982135168965,0.11477261559462341,-0.6783423372148124,1.3877117460548491,-0.42150908451230035,1.373097009122656,2.28394517090451,5.020224153198831,4.804845078813735,-9.20368900666927,2.451662691967085,0.1290852282721455,-0.24829956385544757,19.34147572954216,-2.7332093504915034,-23.440942510860463,7.057237647720981,-1.0470630243671228,0.8367275311665376
0.9400000000000007,-0.1974520829571792,0.2572098005073887,0.5975315046570709,-0.17401341900664732,-0.8908565646412904,1.7959001486321746,0.11934363785946872,-0.678028275534198,1.3871076394843445,-0.4231818298437865,1.3900294539120082,2.430042358828195,5.148434669630009,4.860627373348631,-9.313772941283792,2.5560300509388103,0.11177385344467411,-0.21500123471574226,19.602899158094946,-2.7237033916533853,-23.314899717769933,7.23465218798652,-1.0695321576382693,0.8605336247846772
0.9420000000000007,-0.19829965711114853,0.2600703941527308,0.6032886953659008,-0.16289171665299565,-0.8808738265073282,1.7767569873423044,0.12508397237178479,-0.6779134196113761,1.386886709357829,-0.42305905866642474,1.4059474167432395,2.6173805914361106,5.322408492946146,4.911897999580908,-9.41486252687743,2.6865652885435596,0.0890090068399871,-0.1712121855136591,19.939663186564555,-2.7090376754130707,-23.13352291799968,7.463552800789487,-1.1011656592099381,0.8963231683143666
0.9440000000000007,-0.19914723126511788,0.262930987798073,0.6090458860747308,-0.15177001429934397,-0.8708910883733659,1.757613826052434,0.13082430688410082,-0.6777985636885542,1.3866657792313133,-0.422936287489063,1.4218653795744707,2.804718824044026,5.496382316262284,4.963168625813183,-9.515952112471066,2.817100526148309,0.06624416023530008,-0.12742313631157595,20.27642721503417,-2.694371959172756,-22.952146118229432,7.692453413592454,-1.1327991607816073,0.9321127118440561
0.9460000000000007,-0.1999948054190872,0.26579158144341514,0.6148030767835606,-0.14064831194569233,-0.8609083502394036,1.7384706647625638,0.13656464139641689,-0.6776837077657323,1.3864448491047978,-0.4228135163117012,1.437783342405702,2.9920570566519418,5.670356139578421,5.014439252045459,-9.617041698064702,2.947635763753058,0.04347931363061308,-0.0836340871094928,20.613191243503778,-2.6797062429324416,-22.77076931845918,7.921354026395421,-1.1644326623532761,0.9679022553737455
0.9480000000000007,-0.20084237957305656,0.2686521750887573,0.6205602674923905,-0.12952660959204065,-0.8509256121054414,1.7193275034726934,0.14230497590873295,-0.6775688518429104,1.3862239189782821,-0.4226907451343395,1.4537013052369332,3.1793952892598574,5.844329962894558,5.065709878277735,-9.71813128365834,3.0781710013578074,0.020714467025926053,-0.03984503790740962,20.949955271973387,-2.6650405266921267,-22.58939251868893,8.150254639198387,-1.1960661639249452,1.0036917989034349
0.9500000000000007,-0.20168995372702592,0.27151276873409946,0.6263174582012205,-0.11840490723838887,-0.8409428739714792,1.700184342182823,0.14804531042104907,-0.6774539959200885,1.3860029888517666,-0.4225679739569776,1.4696192680681646,3.3667335218677756,6.018303786210699,5.1169805045100105,-9.819220869251975,3.2087062389625585,-0.002050379578761333,0.003944011294674268,21.286719300443004,-2.650374810451812,-22.408015718918673,8.379155252001357,-1.2276996654966148,1.0394813424331255
0.9520000000000007,-0.20252337377089064,0.2745265398563593,0.6342153922004339,-0.10523334584807495,-0.8304866779258724,1.6801077200194188,0.15525079731623345,-0.6776005953929348,1.3862849788718024,-0.41966138908617784,1.484301777199111,3.610524844134093,6.258284901327524,5.15954864755686,-9.903168681859958,3.3725365283388493,-0.03187782617325638,0.06131819668134763,21.7237607872716,-2.631251616538579,-22.17063872083667,8.675097430634882,-1.2732571302478781,1.0944812135548976
0.9540000000000007,-0.20335679381475538,0.27754031097861903,0.6421133261996473,-0.09206178445776103,-0.8200304818802655,1.6600310978560144,0.16245628421141783,-0.6777471948657812,1.386566968891838,-0.4167548042153781,1.4989842863300575,3.8543161664004106,6.498266016444349,5.202116790603709,-9.987116494467942,3.53636681771514,-0.06170527276775142,0.11869238206802099,22.1608022741002,-2.6121284226253465,-21.933261722754665,8.971039609268404,-1.3188145949991412,1.1494810846766699
0.9560000000000007,-0.2041902138586201,0.28055408210087884,0.6500112601988607,-0.07889022306744711,-0.8095742858346587,1.63995447569261,0.16966177110660222,-0.6778937943386276,1.386848958911874,-0.41384821934457827,1.513666795461004,4.098107488666728,6.738247131561175,5.244684933650558,-10.071064307075925,3.7001971070914306,-0.09153271936224647,0.17606656745469434,22.597843760928797,-2.593005228712114,-21.695884724672663,9.266981787901928,-1.3643720597504045,1.204480955798442
0.9580000000000007,-0.20502363390248485,0.2835678532231386,0.6579091941980741,-0.0657186616771332,-0.799118089789052,1.6198778535292058,0.1768672580017866,-0.678040393811474,1.3871309489319097,-0.4109416344737785,1.5283493045919505,4.341898810933046,6.978228246678,5.287253076697407,-10.15501211968391,3.8640273964677214,-0.12136016595674151,0.23344075284136773,23.034885247757394,-2.5738820347988813,-21.45850772659066,9.562923966535452,-1.4099295245016676,1.2594808269202142
0.9600000000000007,-0.2058570539463496,0.2865816243453984,0.6658071281972876,-0.05254710028681912,-0.7886618937434452,1.5998012313658014,0.1840727448969711,-0.6781869932843203,1.3874129389519454,-0.40803504960297854,1.5430318137228969,4.585690133199368,7.21820936179483,5.3298212197442565,-10.238959932291893,4.0278576858440145,-0.15118761255123706,0.29081493822804205,23.471926734586,-2.5547588408856483,-21.22113072850865,9.85886614516898,-1.455486989252932,1.3144806980419883
0.9620000000000007,-0.20664147027282556,0.289735435954905,0.6765129675213045,-0.03652660314586191,-0.7778480590070144,1.5790183857473055,0.19312052181810002,-0.6786755263934371,1.388352642701769,-0.40083683096276457,1.5563491156523357,4.907779711496431,7.553948044573283,5.357606752737642,-10.293983902951584,4.23423302115109,-0.19012950813454654,0.3657189621928665,24.041720403683467,-2.5328702854026433,-20.929963664606213,10.242327062814923,-1.5228784993039564,1.4010635688837418
0.9640000000000007,-0.20742588659930153,0.29288924756441154,0.6872188068453213,-0.02050610600490469,-0.7670342242705837,1.5582355401288097,0.20216829873922895,-0.6791640595025539,1.3892923464515923,-0.3936386123225506,1.5696664175817743,5.229869289793495,7.8896867273517355,5.385392285731027,-10.349007873611278,4.440608356458166,-0.22907140371785606,0.4406229861576909,24.611514072780935,-2.5109817299196378,-20.63879660070377,10.625787980460863,-1.5902700093549809,1.4876464397254954
0.9660000000000007,-0.2082103029257775,0.2960430591739181,0.6979246461693382,-0.004485608863947478,-0.7562203895341529,1.5374526945103137,0.21121607566035788,-0.6796525926116707,1.3902320502014158,-0.3864403936823366,1.582983719511213,5.5519588680905585,8.225425410130189,5.413177818724412,-10.40403184427097,4.646983691765242,-0.2680132993011656,0.5155270101225153,25.1813077418784,-2.4890931744366327,-20.347629536801332,11.009248898106806,-1.6576615194060054,1.5742293105672491
0.9680000000000007,-0.20899471925225346,0.2991968707834246,0.7086304854933551,0.011534888277009742,-0.7454065547977222,1.5166698488918178,0.2202638525814868,-0.6801411257207873,1.3911717539512394,-0.3792421750421227,1.5963010214406517,5.874048446387622,8.56116409290864,5.440963351717797,-10.459055814930661,4.853359027072318,-0.3069551948844751,0.5904310340873398,25.751101410975867,-2.4672046189536276,-20.05646247289889,11.392709815752747,-1.7250530294570297,1.6608121814090027
0.9700000000000008,-0.2097791355787294,0.30235068239293117,0.7193363248173721,0.027555385417967173,-0.7345927200612914,1.495887003273322,0.22931162950261588,-0.6806296588299041,1.3921114577010627,-0.3720439564019084,1.6096183233700903,6.19613802468469,8.8969027756871,5.468748884711181,-10.514079785590353,5.0597343623793956,-0.3458970904677851,0.6653350580521654,26.32089508007332,-2.445316063470623,-19.765295408996455,11.776170733398681,-1.7924445395080544,1.7473950522507578
0.9720000000000008,-0.21046518981353757,0.3056337096465916,0.7336896720079005,0.047488719104087196,-0.7235655315705941,1.4746806836328104,0.2406184968610434,-0.6815596821265867,1.3939003354986994,-0.3595337173260716,1.6224433651652175,6.600610410012062,9.34249658967856,5.486336171921231,-10.548944994568553,5.300815640340854,-0.39532897366513997,0.7604106580227965,26.65671606405866,-2.4395954665391297,-19.55556940749417,11.998637607162024,-1.8648921212118934,1.8603014582609718
0.9740000000000008,-0.21115124404834573,0.308916736900252,0.7480430191984287,0.06742205279020722,-0.7125383430798967,1.4534743639922987,0.25192536421947087,-0.6824897054232691,1.395689213296336,-0.3470234782502348,1.635268406960345,7.005082795339433,9.788090403670022,5.50392345913128,-10.583810203546753,5.541896918302313,-0.44476085686249484,0.8554862579934276,26.992537048044,-2.4338748696076364,-19.345843405991886,12.22110448092537,-1.9373397029157324,1.9732078642711859
0.9760000000000008,-0.21183729828315387,0.31219976415391243,0.7623963663889571,0.08735538647632723,-0.7015111545891994,1.432268044351787,0.2632322315778984,-0.6834197287199517,1.3974780910939728,-0.33451323917439796,1.6480934487554721,7.409555180666805,10.233684217661482,5.521510746341329,-10.618675412524953,5.7829781962637705,-0.4941927400598497,0.9505618579640587,27.32835803202934,-2.428154272676143,-19.136117404489603,12.443571354688713,-2.0097872846195712,2.0861142702813997
0.9780000000000008,-0.21252335251796203,0.31548279140757285,0.7767497135794855,0.10728872016244725,-0.690483966098502,1.4110617247112756,0.2745390989363259,-0.6843497520166342,1.3992669688916095,-0.32200300009856114,1.6609184905505994,7.814027565994177,10.679278031652943,5.539098033551379,-10.653540621503153,6.024059474225229,-0.5436246232572046,1.0456374579346897,27.66417901601468,-2.4224336757446494,-18.926391402987317,12.666038228452058,-2.0822348663234105,2.199020676291614
0.9800000000000008,-0.21320940675277017,0.31876581866123327,0.791103060770014,0.12722205384856755,-0.6794567776078047,1.3898554050707639,0.28584596629475356,-0.6852797753133167,1.4010558466892462,-0.309492761022724,1.6737435323457268,8.218499951321553,11.12487184564441,5.556685320761429,-10.688405830481354,6.265140752186688,-0.59305650645456,1.1407130579053217,28.0,-2.4167130788131566,-18.716665401485038,12.888505102215388,-2.1546824480272493,2.311927082301829
0.9820000000000008,-0.2137446334294829,0.3221838761933954,0.8098358100228227,0.15212091302997266,-0.6682044443792386,1.368208358114752,0.2995926857827666,-0.6867543913867976,1.4038921167022453,-0.29197511579377333,1.6883997607591439,8.68659140229376,11.670263855541574,5.59010005501966,-10.753181165904776,6.504121665424543,-0.6522116715679055,1.2544759440441464,28.0,-2.418973838324867,-18.583899188226997,12.882890204335686,-2.227791557195743,2.4493320139843617
0.9840000000000008,-0.21427986010619565,0.3256019337255575,0.8285685592756313,0.1770197722113778,-0.6569521111506725,1.34656131115874,0.3133394052707796,-0.6882290074602786,1.4067283867152445,-0.2744574705648227,1.703055989172561,9.154682853265966,12.215655865438737,5.623514789277891,-10.817956501328196,6.7431025786623975,-0.711366836681251,1.368238830182971,28.0,-2.4212345978365777,-18.451132974968953,12.877275306455983,-2.3009006663642366,2.5867369456668947
0.9860000000000008,-0.21481508678290842,0.3290199912577196,0.84730130852844,0.2019186313927829,-0.6456997779221065,1.3249142642027283,0.3270861247587926,-0.6897036235337595,1.4095646567282436,-0.256939825335872,1.717712217585978,9.622774304238172,12.7610478753359,5.656929523536122,-10.882731836751617,6.982083491900252,-0.7705220017945966,1.4820017163217958,28.0,-2.4234953573482882,-18.318366761710912,12.87166040857628,-2.37400977553273,2.7241418773494273
0.9880000000000008,-0.21535031345962116,0.3324380487898817,0.8660340577812486,0.22681749057418804,-0.6344474446935404,1.3032672172467163,0.34083284424680566,-0.6911782396072403,1.4124009267412427,-0.23942218010692137,1.732368445999395,10.090865755210379,13.306439885233063,5.690344257794353,-10.947507172175037,7.221064405138107,-0.8296771669079421,1.5957646024606205,28.0,-2.425756116859999,-18.185600548452868,12.86604551069658,-2.447118884701224,2.86154680903196
0.9900000000000008,-0.2158855401363339,0.3358561063220438,0.8847668070340575,0.25171634975559326,-0.6231951114649744,1.2816201702907046,0.35457956373481875,-0.6926528556807213,1.4152371967542419,-0.2219045348779716,1.747024674412812,10.558957206182566,13.851831895130173,5.72375899205257,-11.012282507598433,7.460045318375938,-0.8888323320212866,1.709527488599443,27.999999999999527,-2.4280168763716934,-18.052834335194632,12.860430612816598,-2.5202279938696863,2.998951740714465
0.9920000000000008,-0.21629196025195213,0.339400699593041,0.9070856302213205,0.27899250980971135,-0.6123383646417098,1.2607318323790915,0.36922932345854004,-0.6946690932194117,1.4191149605827478,-0.22059520300237734,1.7540444456957107,10.671759426358054,13.427515749114537,5.521380318711993,-10.622921533650919,7.265907094189404,-0.9286437351105615,1.7860655266722012,19.472944906126585,-2.137729248560683,-14.395398765386057,7.8470785928350795,-2.0301312707919217,2.637562112371364
0.9940000000000008,-0.21669838036757036,0.3429452928640382,0.9294044534085836,0.3062686698638294,-0.6014816178184451,1.2398434944674785,0.3838790831822614,-0.6966853307581021,1.422992724411254,-0.21928587112678308,1.7610642169786095,10.784561646533543,13.0031996030989,5.319001645371417,-10.233560559703403,7.071768870002869,-0.9684551381998363,1.8626035647449597,10.945889812253647,-1.8474416207496722,-10.737963195577482,2.833726572853559,-1.5400345477141573,2.2761724840282636
0.9960000000000008,-0.2171048004831886,0.34648988613503534,0.9517232765958465,0.3335448299179474,-0.5906248709951805,1.2189551565558656,0.39852884290598267,-0.6987015682967924,1.4268704882397598,-0.2179765392511888,1.7680839882615083,10.897363866709034,12.578883457083263,5.116622972030839,-9.844199585755888,6.877630645816335,-1.0082665412891112,1.939141602817718,2.4188347183807117,-1.5571539929386617,-7.0805276257689105,-2.1796254471279592,-1.0499378246363928,1.9147828556851627
0.9980000000000008,-0.21751122059880684,0.35003447940603255,0.9740420997831095,0.36082098997206546,-0.5797681241719158,1.1980668186442525,0.413178602629704,-0.7007178058354828,1.430748252068266,-0.21666720737559453,1.7751037595444072,11.010166086884523,12.154567311067627,4.914244298690263,-9.454838611808373,6.6834924216298015,-1.048077944378386,2.0156796408904762,-6.10822037549223,-1.266866365127651,-3.4230920559603355,-7.192977467109479,-0.5598411015586282,1.5533932273420619
1.0000000000000007,-0.21791764071442504,0.35357907267702954,0.9963609229703713,0.388097150026182,-0.5689113773486518,1.1771784807326406,0.42782836235342453,-0.7027340433741731,1.4346260158967716,-0.21535787550000032,1.7821235308273056,11.122968307060006,11.730251165052014,4.711865625349697,-9.06547763786088,6.489354197443278,-1.0878893474676588,2.0922176789632303,-14.635275469364695,-0.9765787373166568,0.23434351384803384,-12.206329487090718,-0.06974437848089104,1.1920035989989815
1.0020000000000007,-0.2184241126278917,0.3571219680677458,1.0174907123363053,0.40556612256914326,-0.5614206361711402,1.1627672627508765,0.43818518386682737,-0.7049737409591482,1.438933176416203,-0.23092751304262074,1.776434478402839,10.901555748951658,10.539202246196197,4.322724563976479,-8.31665207646756,5.960090849117055,-1.100229246950862,2.115904960079433,-13.679906990332672,-0.9466036166397042,0.22857546926296807,-11.404412166459435,-0.057950799872301596,1.0971016439145636
1.0040000000000007,-0.21893058454135836,0.3606648634584621,1.0386205017022392,0.4230350951121046,-0.5539298949936287,1.1483560447691121,0.44854200538023015,-0.7072134385441234,1.4432403369356346,-0.24649715058524116,1.7707454259783726,10.680143190843312,9.348153327340382,3.9335835026032613,-7.56782651507424,5.430827500790831,-1.1125691464340652,2.1395922411956354,-12.724538511300647,-0.9166284959627515,0.22280742467790232,-10.602494845828154,-0.04615722126371215,1.0021996888301457
1.0060000000000007,-0.219437056454825,0.36420775884917833,1.059750291068173,0.44050406765506583,-0.5464391538161171,1.133944826787348,0.458898826893633,-0.7094531361290985,1.447547497455066,-0.26206678812786155,1.765056373553906,10.458730632734964,8.157104408484566,3.5444424412300433,-6.81900095368092,4.901564152464607,-1.1249090459172686,2.163279522311838,-11.769170032268624,-0.8866533752857989,0.21703938009283655,-9.800577525196871,-0.0343636426551227,0.9072977337457278
1.0080000000000007,-0.21994352836829167,0.3677506542398946,1.080880080434107,0.4579730401980271,-0.5389484126386056,1.1195336088055838,0.4692556484070358,-0.7116928337140737,1.4518546579744975,-0.27763642567048197,1.7593673211294396,10.237318074626618,6.96605548962875,3.1553013798568257,-6.0701753922876005,4.3723008041383835,-1.1372489454004717,2.1869668034280405,-10.8138015532366,-0.8566782546088463,0.21127133550777077,-8.998660204565589,-0.022570064046533257,0.8123957786613099
1.0100000000000007,-0.22048882357838054,0.3712686792108253,1.1015168479481723,0.47273756137799605,-0.5323853770865399,1.1069074474225173,0.47834322690334,-0.7139581260296458,1.4562109041819056,-0.2921520743313816,1.7518586216907546,10.042353991574709,5.902980626836356,2.7985755943580166,-5.383753632044049,3.88609327524725,-1.1478400337458692,2.2072881358228624,-9.925218246064036,-0.8308570390001133,0.21540525264054197,-8.259888057170546,-0.016497811791300304,0.7329336414247323
1.0120000000000007,-0.2211255275138208,0.3747281472437999,1.1209928047385063,0.48113450243535555,-0.5280066070683479,1.0984841683952369,0.48444239646871196,-0.7162836806594246,1.4606827217230571,-0.30418612589479405,1.7400655974102712,9.90966234808199,5.141218284117357,2.5181709692805985,-4.844260453772433,3.501259867462217,-1.1543135789948478,2.2196844049441236,-9.19387937620567,-0.8148161151376275,0.24285315333098922,-7.669790038450875,-0.023896315365185057,0.6898242663675561
1.0140000000000007,-0.22176223144926105,0.3781876152767745,1.1404687615288402,0.4895314434927151,-0.5236278370501559,1.0900608893679562,0.49054156603408394,-0.7186092352892034,1.4651545392642085,-0.3162201774582066,1.7282725731297879,9.776970704589274,4.379455941398358,2.23776634420318,-4.304767275500819,3.116426459677184,-1.1607871242438261,2.2320806740653847,-8.462540506347302,-0.7987751912751418,0.27030105402143645,-7.079692019731205,-0.0312948189390698,0.6467148913103801
1.0160000000000007,-0.22239893538470132,0.38164708330974917,1.1599447183191745,0.49792838455007465,-0.5192490670319639,1.0816376103406757,0.4966407355994559,-0.7209347899189821,1.46962635680536,-0.32825422902161905,1.7164795488493045,9.644279061096556,3.617693598679358,1.9573617191257617,-3.765274097229203,2.7315930518921503,-1.1672606694928047,2.244476943186646,-7.731201636488937,-0.7827342674126562,0.29774895471188373,-6.489594001011534,-0.038693322512954556,0.6036055162532039
1.0180000000000007,-0.22303563932014156,0.38510655134272376,1.1794206751095084,0.5063253256074342,-0.514870297013772,1.073214331313395,0.5027399051648278,-0.7232603445487609,1.4740981743465116,-0.3402882805850316,1.7046865245688212,9.51158741760384,2.8559312559603587,1.6769570940483434,-3.2257809189575877,2.3467596441071175,-1.173734214741783,2.256873212307907,-6.999862766630571,-0.7666933435501705,0.325196855402331,-5.899495982291864,-0.04609182608683931,0.5604961411960279
1.0200000000000007,-0.22372864884164936,0.3884866000820425,1.1983750920960503,0.5114003425263653,-0.5118440844429801,1.067393110728902,0.5069908065410195,-0.7256114184750785,1.4786187477179393,-0.3498983903910474,1.6902367035664763,9.425520963538704,2.289859783726125,1.441067694308816,-2.771976904713451,2.0252392538704083,-1.1780239679279543,2.265065157951649,-6.33396479913524,-0.7528341807082894,0.3542882095547299,-5.372942380616594,-0.06100810010493497,0.5359485795703167
1.0220000000000007,-0.2244597907944653,0.3918128628478658,1.2169763011305659,0.5142256174060685,-0.5097338787474467,1.063334109877108,0.509989985580489,-0.7279797751061908,1.4831723405192097,-0.3578669083228925,1.67398759184412,9.371030982737594,1.8563181224318264,1.2353258143966823,-2.3762050750062356,1.7465970123430918,-1.1808347683735143,2.2704097648604487,-5.71238607042927,-0.7404525951026922,0.3844925771863038,-4.8894236407942095,-0.08101571381196451,0.5239718324066216
1.0240000000000007,-0.22519093274728122,0.39513912561368914,1.2355775101650814,0.5170508922857716,-0.5076236730519132,1.0592751090253139,0.5129891646199586,-0.7303481317373032,1.4877259333204798,-0.36583542625473753,1.6577384801217638,9.316541001936484,1.4227764611375278,1.0295839344845483,-1.9804332452990199,1.4679547708157754,-1.1836455688190743,2.2757543717692483,-5.090807341723298,-0.728071009497095,0.4146969448178777,-4.405904900971825,-0.10102332751899404,0.5119950852429265
1.0260000000000007,-0.22592207470009715,0.3984653883795124,1.254178719199597,0.5198761671654748,-0.5055134673563798,1.0552161081735199,0.5159883436594281,-0.7327164883684155,1.4922795261217499,-0.37380394418658264,1.6414893683994076,9.262051021135374,0.9892347998432294,0.8238420545724144,-1.5846614155918046,1.189312529288459,-1.1864563692646344,2.2810989786780476,-4.469228613017329,-0.7156894238914979,0.44490131244945164,-3.922386161149441,-0.12103094122602356,0.5000183380792314
1.0280000000000007,-0.22665321665291308,0.4017916511453357,1.2727799282341126,0.5227014420451779,-0.5034032616608464,1.0511571073217258,0.5189875226988977,-0.735084844999528,1.4968331189230202,-0.3817724621184277,1.6252402566770512,9.207561040334266,0.555693138548931,0.6181001746602804,-1.1888895858845894,0.9106702877611423,-1.1892671697101946,2.2864435855868472,-3.8476498843113576,-0.7033078382859007,0.4751056800810255,-3.4388674213270565,-0.14103855493305312,0.4880415909155363
1.0300000000000007,-0.22743427523637832,0.4049686411551547,1.2912039369613206,0.523,-0.5027787592808615,1.0499558984446618,0.5200073706092639,-0.7374649452872856,1.501408758879395,-0.38621473922639526,1.6065723138710089,9.209296278121448,0.346335599977444,0.4619227155792588,-0.8884862392180399,0.7062796126326333,-1.1896778880127894,2.287167444316316,-3.386724184119743,-0.6903964189037954,0.49615813865036157,-3.0815182787376028,-0.16122851378714967,0.4878978136908104
1.0320000000000007,-0.22822123199031588,0.4081279930321443,1.3096070076242672,0.523,-0.5023298082414304,1.0490923674922121,0.5207933399050527,-0.7398464332105458,1.5059870039370664,-0.3902403542072285,1.5876185609473812,9.217675111835762,0.16346775343462205,0.3116018097074878,-0.599351673383538,0.510662534414831,-1.1898050115806702,2.287345313460412,-2.944781314635009,-0.6774223941355655,0.5161292037222965,-2.739077389834845,-0.18144001862197875,0.4891522252658119
1.0340000000000007,-0.22900818874425344,0.4112873449091339,1.3280100782872137,0.523,-0.5018808572019994,1.0482288365397627,0.5215793092008415,-0.7422279211338061,1.510565248994738,-0.3942659691880618,1.5686648080237533,9.226053945550074,-0.0194000931081999,0.16128090383571675,-0.3102171075490361,0.3150454561970286,-1.1899321351485512,2.2875231826045086,-2.5028384451502754,-0.6644483693673355,0.5361002687942314,-2.396636500932087,-0.20165152345680784,0.49040663684081337
1.0360000000000007,-0.229795145498191,0.41444669678612345,1.3464131489501603,0.523,-0.5014319061625683,1.0473653055873133,0.5223652784966302,-0.7446094090570664,1.5151434940524098,-0.39829158416889504,1.5497110551001254,9.234432779264386,-0.20226793965102186,0.010959997963945756,-0.021082541714534164,0.11942837797922623,-1.190059258716432,2.2877010517486047,-2.0608955756655414,-0.6514743445991056,0.5560713338661664,-2.0541956120293294,-0.22186302829163695,0.49166104841581487
1.0380000000000007,-0.2305868515878999,0.4175704625181792,1.364863053775853,0.5228059413740086,-0.5012159905328204,1.0469500058175756,0.5228548456021177,-0.7469893475910578,1.5197186348645981,-0.4018520807077619,1.5305215200885793,9.248012704809815,-0.36111106010794475,-0.13146277396330802,0.2528610050561986,-0.06477952959744096,-1.1898350230504635,2.287202391458345,-1.677358203004056,-0.6376248192431836,0.5736847337631825,-1.7534610870288883,-0.239219370625278,0.49210421940639704
1.0400000000000007,-0.2313984885836577,0.4205448886066588,1.3835095013061496,0.5217975027107205,-0.501978023626865,1.0484157382638983,0.5221005410396534,-0.7493627840090825,1.52428074850245,-0.4034606765146683,1.5103425097338377,9.2834193610031,-0.41913280647794304,-0.24074049715361961,0.4630544216354856,-0.20110808749417233,-1.1881362847979449,2.28386463002961,-1.538923414359361,-0.6201011969610608,0.5814040336516368,-1.6277501149200204,-0.24459383205913254,0.48914296488370584
1.0420000000000007,-0.23221012557941545,0.4235193146951383,1.402155948836446,0.5207890640474323,-0.5027400567209097,1.0498814707102213,0.521346236477189,-0.7517362204271073,1.528842862140302,-0.40506927232157475,1.490163499379096,9.318826017196383,-0.4771545528479414,-0.35001822034393126,0.6732478382147727,-0.3374366453909037,-1.1864375465454264,2.2805268686008753,-1.400488625714666,-0.6025775746789379,0.5891233335400913,-1.5020391428111526,-0.24996829349298708,0.48618171036101465
1.0440000000000007,-0.23302176257517324,0.42649374078361785,1.4208023963667422,0.5197806253841443,-0.5035020898149545,1.051347203156544,0.5205919319147247,-0.7541096568451321,1.533404975778154,-0.40667786812848117,1.4699844890243545,9.354232673389667,-0.5351762992179397,-0.45929594353424286,0.8834412547940598,-0.47376520328763505,-1.1847388082929078,2.2771891071721404,-1.262053837069971,-0.5850539523968151,0.5968426334285456,-1.3763281707022847,-0.2553427549268416,0.48322045583832346
1.0460000000000007,-0.23383339957093102,0.4294681668720974,1.4394488438970388,0.5187721867208561,-0.5042641229089991,1.052812935602867,0.5198376273522605,-0.7564830932631569,1.537967089416006,-0.4082864639353876,1.4498054786696128,9.389639329582952,-0.5931980455879381,-0.5685736667245544,1.093634671373347,-0.6100937611843664,-1.1830400700403891,2.2738513457434055,-1.123619048425276,-0.5675303301146923,0.6045619333169999,-1.250617198593417,-0.2607172163606961,0.48025920131563227
1.0480000000000007,-0.23465002831607282,0.43234830054998263,1.458258697012939,0.517571963795075,-0.5054567039005301,1.0551068567804054,0.5185501731168579,-0.7588458063954543,1.5425082461651431,-0.4094296569077488,1.4293966209573823,9.424309916916606,-0.638201399852805,-0.6629498189210177,1.2751737098547695,-0.7272170503933403,-1.1807645401655897,2.269402776588368,-1.0260226212049681,-0.551599536786275,0.6111524514488613,-1.156925725594051,-0.26425757128644745,0.4772459496863292
1.0500000000000007,-0.2354718412701762,0.43513050632275796,1.4772382559045276,0.5161725622615922,-0.5070964327948945,1.0582608979503425,0.5167090133366309,-0.7611973827999858,1.5470276380214694,-0.4100895031894059,1.4087490539993905,9.458216055860557,-0.6696844309154036,-0.7418498620533699,1.4269535853063418,-0.824394601469067,-1.1778899801578355,2.263800571918753,-0.9708391003597205,-0.5373229847870572,0.6165706670374657,-1.0964882806834972,-0.2658931047429511,0.47417869617405184
1.0520000000000007,-0.23629365422427956,0.43791271209553323,1.4962178147961165,0.5147731607281095,-0.508736161689259,1.0614149391202796,0.5148678535564039,-0.7635489592045174,1.5515470298777954,-0.41074934947106306,1.3881014870413988,9.492122194804507,-0.7011674619780023,-0.8207499051857221,1.578733460757914,-0.9215721525447936,-1.175015420150081,2.2581983672491375,-0.9156555795144729,-0.5230464327878394,0.62198888262607,-1.0360508357729432,-0.2675286381994547,0.47111144266177446
1.0540000000000007,-0.23711546717838294,0.4406949178683085,1.5151973736877051,0.5133737591946268,-0.5103758905836233,1.0645689802902167,0.5130266937761768,-0.7659005356090489,1.5560664217341216,-0.4114091957527202,1.367453920083407,9.526028333748458,-0.7326504930406008,-0.8996499483180742,1.7305133362094862,-1.0187497036205202,-1.1721408601423269,2.2525961625795223,-0.8604720586692252,-0.5087698807886215,0.6274070982146743,-0.9756133908623895,-0.26916417165595835,0.4680441891494971
1.0560000000000007,-0.23793728013248633,0.4434771236410838,1.534176932579294,0.5119743576611441,-0.5120156194779877,1.067723021460154,0.5111855339959498,-0.7682521120135805,1.5605858135904478,-0.41206904203437733,1.3468063531254155,9.559934472692408,-0.7641335241031995,-0.9785499914504264,1.8822932116610585,-1.1159272546962469,-1.1692663001345724,2.2469939579099067,-0.8052885378239774,-0.49449332878940366,0.6328253138032788,-0.9151759459518357,-0.270799705112462,0.4649769356372197
1.0580000000000007,-0.23876172279421665,0.44610527285775625,1.5533877438818195,0.5103672251405174,-0.514152913849137,1.071834309006613,0.5087323907688254,-0.7705791930929088,1.5650575395694952,-0.41225748367545856,1.325982623947276,9.589800177111083,-0.7903464973403161,-1.0397030802281086,1.9999494120524415,-1.191076055123559,-1.1657521831213278,2.240160003992009,-0.7610573537729333,-0.4837589859274722,0.6382645541731553,-0.867645930920772,-0.27248085140142025,0.4630922843801055
1.0600000000000007,-0.2395868701813651,0.44869213703962185,1.5726605276448244,0.5087044235769648,-0.5164235489137783,1.0762021253952914,0.5061152444084005,-0.7728997097625216,1.5695164917500606,-0.4123195953667693,1.305111685720886,9.618583100736585,-0.8151471676786602,-1.0961002297145186,2.1084609376033976,-1.2603214538373901,-1.1620666736409233,2.232995958243714,-0.7197612451072096,-0.4739739063181106,0.6437094288947828,-0.8235749292892134,-0.27417422130113006,0.4615245542362638
1.0620000000000007,-0.24041201756851355,0.45127900122148745,1.5919333114078293,0.5070416220134121,-0.5186941839784196,1.0805699417839698,0.5034980980479756,-0.7752202264321344,1.5739754439306257,-0.4123817070580801,1.2842407474944957,9.647366024362084,-0.8399478380170043,-1.1524973792009285,2.2169724631543533,-1.3295668525512212,-1.1583811641605188,2.225831912495419,-0.678465136441486,-0.464188826708749,0.6491543036164104,-0.7795039276576546,-0.2758675912008398,0.45995682409242217
1.0640000000000007,-0.241237164955662,0.45386586540335305,1.6112060951708345,0.5053788204498595,-0.5209648190430609,1.0849377581726483,0.5008809516875508,-0.7775407431017473,1.578434396111191,-0.41244381874939084,1.2633698092681054,9.676148947987585,-0.8647485083553484,-1.2088945286873385,2.3254839887053094,-1.3988122512650523,-1.1546956546801144,2.2186678667471242,-0.6371690277757625,-0.4544037470993874,0.6545991783380379,-0.7354329260260959,-0.2775609611005496,0.45838909394858046
1.0660000000000007,-0.24206214517001615,0.4564356596320587,1.6305008527781275,0.5036980163064209,-0.5232743276059671,1.0893803775625832,0.4982161744190059,-0.7798580050857264,1.5828870261778125,-0.41246069782440264,1.2424917418586086,9.704630128317607,-0.8890927621469715,-1.2638449090865114,2.4312133889564493,-1.4662608872019578,-1.150960335051825,2.211407901493799,-0.5967981659945324,-0.44491048284365686,0.6600264391258236,-0.6924253838391521,-0.27924979292432717,0.4569086725376878
1.0680000000000007,-0.24288536573279304,0.4588257764788723,1.650026905853827,0.5018277180038063,-0.5259930164593958,1.0946103692023095,0.49505003684865534,-0.7821410084289202,1.587273110023083,-0.4120014608845351,1.2215386330624354,9.729935175425297,-0.9086328006371088,-1.3035666781731565,2.5076582923328656,-1.514796897625922,-1.146700716564614,2.2031382928410643,-0.5661664016935968,-0.43848885084401845,0.6652682966211781,-0.6606117568882621,-0.2808908572120906,0.45634725801600684
1.0700000000000007,-0.2437085862955699,0.4612158933256859,1.6695529589295264,0.4999574197011918,-0.5287117053128244,1.0998403608420355,0.4918838992783048,-0.7844240117721138,1.5916591938683535,-0.41154222394466755,1.2005855242662622,9.755240222532988,-0.9281728391272462,-1.3432884472598017,2.5841031957092815,-1.5633329080498861,-1.1424410980774031,2.19486868418833,-0.535534637392661,-0.43206721884438,0.6705101541165327,-0.628798129937372,-0.282531921499854,0.45578584349432594
1.0720000000000007,-0.2445318068583468,0.4636060101724995,1.6890790120052257,0.49808712139857725,-0.5314303941662532,1.1050703524817616,0.4887177617079542,-0.7867070151153076,1.5960452777136243,-0.4110829870048,1.179632415470089,9.780545269640678,-0.9477128776173837,-1.3830102163464468,2.6605480990856973,-1.6118689184738504,-1.1381814795901921,2.1865990755355953,-0.5049028730917254,-0.4256455868447416,0.6757520116118872,-0.596984502986482,-0.2841729857876174,0.455224428972645
1.0740000000000007,-0.2453550274211237,0.46599612701931314,1.708605065080925,0.4962168230959627,-0.5341490830196818,1.1103003441214876,0.48555162413760367,-0.7889900184585014,1.6004313615588948,-0.41062375006493246,1.1586793066739158,9.80585031674837,-0.9672529161075211,-1.422731985433092,2.7369930024621136,-1.6604049288978144,-1.1339218611029813,2.1783294668828606,-0.4742711087907898,-0.4192239548451031,0.6809938691072417,-0.565170876035592,-0.2858140500753808,0.454663014450964
1.0760000000000007,-0.24617575439857545,0.4683104263974015,1.7282181688306553,0.49428358076115236,-0.5369880626271545,1.115761863043496,0.48223902265157814,-0.7912568339764388,1.6047860308906152,-0.409992256679507,1.1377356243531551,9.830249678674553,-0.9852032668818337,-1.4576975712219955,2.8042895244307053,-1.7030211970548328,-1.1295074851428117,2.169761937444799,-0.44677033703575325,-0.413758244224047,0.6861260603925797,-0.5368815506895288,-0.2874174925364766,0.4543679817199325
1.0780000000000007,-0.24699249591967296,0.4705035479639883,1.7479704042389086,0.4922497360164118,-0.5400193009655502,1.1215934282073738,0.4786923303014835,-0.7934977767598927,1.6090904909227457,-0.4090854486543199,1.1168070082127861,9.853201498892348,-1.0006128459631156,-1.4850614275834944,2.856964339074856,-1.7361760386485265,-1.124845762862567,2.1607182461224954,-0.4242737790973805,-0.40982036699774343,0.6910829739807209,-0.5142250585509625,-0.2889608046516649,0.45449870261741754
1.0800000000000007,-0.24780923744077046,0.4726966695305751,1.7677226396471621,0.49021589127167126,-0.543050539303946,1.1274249933712517,0.4751456379513889,-0.7957387195433467,1.6133949509548762,-0.40817864062913284,1.095878392072417,9.876153319110145,-1.0160224250443972,-1.5124252839449932,2.909639153719006,-1.76933088024222,-1.1201840405823222,2.1516745548001914,-0.40177722115900777,-0.40588248977143987,0.696039887568862,-0.49156856641239616,-0.2905041167668532,0.45462942351490265
1.0820000000000007,-0.24862597896186797,0.4748897910971619,1.7874748750554155,0.4881820465269307,-0.5460817776423418,1.1332565585351297,0.4715989456012943,-0.7979796623268007,1.6176994109870066,-0.4072718326039457,1.0749497759320479,9.89910513932794,-1.031432004125679,-1.539789140306492,2.9623139683631563,-1.8024857218359138,-1.1155223183020775,2.1426308634778874,-0.37928066322063503,-0.40194461254513625,0.7009968011570032,-0.4689120742738298,-0.29204742888204155,0.4547601444123877
1.0840000000000007,-0.24944272048296545,0.47708291266374875,1.807227110463669,0.48614820178219015,-0.5491130159807376,1.1390881236990076,0.4680522532511997,-0.8002206051102547,1.6220038710191373,-0.4063650245787586,1.0540211597916789,9.922056959545737,-1.0468415832069609,-1.567152996667991,3.0149887830073068,-1.8356405634296076,-1.1108605960218325,2.1335871721555835,-0.3567841052822623,-0.3980067353188327,0.7059537147451445,-0.44625558213526345,-0.29359074099722987,0.4548908653098728
1.0860000000000007,-0.2502523860876092,0.4791419192919926,1.8271213355771034,0.48402620616279,-0.5522891316137051,1.1451986027727636,0.4643311667480772,-0.8024306610793929,1.6262484260386771,-0.4051994728807138,1.033164440421694,9.943927189647173,-1.0600398199246368,-1.5882615625942857,3.0556272220117084,-1.8609783536525168,-1.1060095176022693,2.1241792013276815,-0.33850898566059195,-0.39530590191816206,0.7107057463771619,-0.4282640824864894,-0.29505846017412013,0.45535424541174224
1.0880000000000007,-0.2510587672239174,0.4811386730274573,1.8470814688585733,0.48186329305115233,-0.5555324957634787,1.1514385469004564,0.4605291307202864,-0.8046263801404756,1.6304651746082286,-0.40391381866222825,1.0123410937840327,9.96529537192026,-1.0722116052957236,-1.6064665748256886,3.090678668161994,-1.882687658735381,-1.1010705446678686,2.114602140812352,-0.3221933550425399,-0.3931792741771433,0.7153626767877601,-0.41243795890149504,-0.29649109094743,0.45597203782620294
1.0900000000000007,-0.2518651483602256,0.48313542676292187,1.8670416021400433,0.4797003799395147,-0.5587758599132525,1.1576784910281492,0.4567270946924956,-0.8068220992015583,1.63468192317778,-0.4026281644437427,0.9915177471463713,9.986663554193344,-1.0843833906668106,-1.6246715870570911,3.1257301143122804,-1.9043969638182452,-1.0961315717334679,2.105025080297023,-0.30587772442448785,-0.39105264643612453,0.7200196071983583,-0.3966118353165007,-0.29792372172073983,0.4565898302406637
1.0920000000000007,-0.2526715294965338,0.4851321804983865,1.8870017354215134,0.477537466827877,-0.5620192240630263,1.163918435155842,0.45292505866470484,-0.8090178182626411,1.6388986717473313,-0.40134251022525724,0.9706944005087099,10.008031736466428,-1.0965551760378973,-1.642876599288494,3.160781560462566,-1.9261062689011095,-1.0911925987990674,2.095448019781694,-0.2895620938064358,-0.38892601869510574,0.7246765376089566,-0.3807857117315063,-0.2993563524940497,0.4572076226551244
1.0940000000000007,-0.253477910632842,0.4871289342338512,1.9069618687029835,0.4753745537162393,-0.5652625882128,1.1701583792835348,0.44912302263691406,-0.8112135373237239,1.6431154203168827,-0.4000568560067717,0.9498710538710486,10.029399918739513,-1.1087269614089843,-1.6610816115198965,3.195833006612852,-1.9478155739839738,-1.0862536258646667,2.085870959266365,-0.2732464631883838,-0.386799390954087,0.7293334680195548,-0.36495958814651197,-0.30078898326735953,0.4578254150695851
1.0960000000000008,-0.2542709280747211,0.4889343015791833,1.9271139355256464,0.47311152038912246,-0.56864104610945,1.1766584427882834,0.445161973240163,-0.813362770328619,1.647242044649559,-0.3984615936458616,0.9292113068322301,10.049730211422037,-1.118409831209563,-1.6726270921448432,3.218064007226484,-1.9611512861656406,-1.0811315748682242,2.0759421644457716,-0.2615277881815318,-0.385952135379357,0.7337083038723049,-0.3541275709732302,-0.30211533856091544,0.45878637779815923
1.0980000000000008,-0.2550636878943934,0.49073597942200226,1.947269702398674,0.4708465569676746,-0.5720221083120711,1.1831635208141513,0.44119785842050496,-0.8155111071860869,1.6513669315880655,-0.39686036273087216,0.9085547136285963,10.07004049590936,-1.1280447202720867,-1.6840441918615083,3.240047858259659,-1.97432557416228,-1.076005994535294,2.0660065889726864,-0.24989773222051836,-0.38512954324500764,0.7380777015714883,-0.3433918290269583,-0.30343964510038096,0.4597539560845871
1.1000000000000008,-0.2558564477140657,0.49253765726482124,1.9674254692717017,0.4685815935462267,-0.5754031705146923,1.1896685988400195,0.437233743600847,-0.8176594440435547,1.6554918185265717,-0.3952591318158828,0.8878981204249624,10.090350780396683,-1.1376796093346104,-1.6954612915781733,3.2620317092928346,-1.9874998621589195,-1.0708804142023636,2.0560710134996008,-0.23826767625950496,-0.38430695111065827,0.7424470992706719,-0.33265608708068634,-0.30476395163984643,0.46072153437101493
1.1020000000000008,-0.256649207533738,0.4943393351076403,1.9875812361447291,0.4663166301247788,-0.5787842327173134,1.1961736768658877,0.43326962878118896,-0.8198077809010227,1.6596167054650781,-0.39365790090089336,0.8672415272213285,10.110661064884006,-1.1473144983971342,-1.7068783912948384,3.2840155603260097,-2.000674150155559,-1.0657548338694334,2.0461354380265155,-0.22663762029849152,-0.3834843589763089,0.7468164969698553,-0.32192034513441437,-0.30608825817931196,0.4616891126574428
1.1040000000000008,-0.25743741340597853,0.496087050891043,2.007789344813689,0.4640290869765956,-0.5821883396858407,1.2027231242074419,0.42927970156184936,-0.8219424899409079,1.6637151794496776,-0.391984859943491,0.8466446176762485,10.130775765635692,-1.156393917685467,-1.7168911150211135,3.3032942056593977,-2.0120671866536806,-1.0605955432127847,2.036135266545811,-0.21599839761165315,-0.3829200321619401,0.7511115361080246,-0.31224340438330206,-0.30738473869151745,0.4627280333713948
1.1060000000000008,-0.25821386226388005,0.4976954517798791,2.0281325853115786,0.4616832493103103,-0.5856519417731098,1.2093871206711695,0.4252231339700137,-0.8240420157800363,1.6677454625992996,-0.3901264256079301,0.8262017945891118,10.150385524066719,-1.1640392698929014,-1.7232781340365337,3.3155887690114145,-2.018861531637857,-1.0553492219600944,2.0259683263003807,-0.2079172283908605,-0.3830224739292841,0.7552146023081726,-0.3052999911970431,-0.30860938020988415,0.4639511402130848
1.1080000000000008,-0.2589903111217815,0.49930385266871524,2.0484758258094677,0.459337411644025,-0.5891155438603789,1.2160511171348969,0.42116656637817806,-0.8261415416191648,1.6717757457489213,-0.38826799127236916,0.8057589715019751,10.169995282497746,-1.1716846221003359,-1.7296651530519538,3.3278833323634314,-2.025655876622033,-1.0501029007074043,2.0158013860549504,-0.19983605917006783,-0.3831249156966282,0.7593176685083207,-0.2983565780107841,-0.30983402172825086,0.46517424705477484
1.1100000000000008,-0.259766759979683,0.5009122535575513,2.0688190663073573,0.45699157397773965,-0.5925791459476479,1.2227151135986245,0.41710999878634236,-0.8282410674582932,1.6758060288985432,-0.38640955693680823,0.7853161484148383,10.189605040928774,-1.1793299743077703,-1.736052172067374,3.340177895715448,-2.0324502216062097,-1.0448565794547142,2.00563444580952,-0.19175488994927514,-0.3832273574639723,0.7634207347084687,-0.2914131648245251,-0.3110586632466176,0.46639735389646486
1.1120000000000008,-0.26054320883758453,0.5025206544463875,2.0891623068052465,0.45464573631145433,-0.5960427480349171,1.229379110062352,0.4130534311945067,-0.8303405932974215,1.679836312048165,-0.3845511226012473,0.7648733253277016,10.2092147993598,-1.1869753265152045,-1.7424391910827943,3.3524724590674655,-2.039244566590386,-1.0396102582020241,1.99546750556409,-0.18367372072848248,-0.3833297992313163,0.7675238009086168,-0.2844697516382661,-0.3122833047649842,0.46762046073815483
1.1140000000000008,-0.26130899423445825,0.5040187382426283,2.10961067008714,0.45226280707748406,-0.5995304074444654,1.2360893890448394,0.40897357456394656,-0.8324114217870613,1.6838109885442154,-0.3825756110724781,0.7445746722975962,10.228559070402468,-1.1937176838065289,-1.7466751144785442,3.360620524644254,-2.043278205987657,-1.0343219095757707,1.985220475203748,-0.17714479201953076,-0.3838038293473648,0.7714855397827411,-0.27915746406063874,-0.3134564489592101,0.46895281549491774
1.1160000000000008,-0.26206697196225676,0.5054360490749996,2.1301360031171885,0.4498527198049361,-0.6030356813612269,1.242833555579361,0.40487666595495586,-0.8344612383925145,1.687744950459105,-0.38051437690839923,0.7243815790002006,10.247708954494541,-1.199798878135546,-1.7493360292815168,3.3657325700803313,-2.0452904870679176,-1.029002788968073,1.974914803740691,-0.1717523967690874,-0.3845499323721364,0.7753438003405849,-0.27503946874319785,-0.31459188737816257,0.47036516037550835
1.1180000000000008,-0.26282494969005527,0.5068533599073709,2.1506613361472366,0.4474426325323881,-0.6065409552779885,1.2495777221138828,0.40077975734596516,-0.8365110549979677,1.691678912373995,-0.3784531427443204,0.704188485702805,10.266858838586614,-1.205880072464563,-1.7519969440844896,3.3708446155164085,-2.047302768148178,-1.0236836683603752,1.964609132277634,-0.16636000151864405,-0.385296035396908,0.7792020608984288,-0.270921473425757,-0.31572732579711504,0.4717775052560989
1.1200000000000008,-0.2635829274178538,0.5082706707397423,2.171186669177285,0.4450325452598401,-0.6100462291947499,1.2563218886484044,0.3966828487369745,-0.838560871603421,1.695612874288885,-0.3763919085802415,0.6839953924054094,10.286008722678686,-1.2119612667935802,-1.7546578588874624,3.375956660952486,-2.0493150492284387,-1.0183645477526773,1.9543034608145768,-0.16096760626820072,-0.38604213842167956,0.7830603214562726,-0.2668034781083161,-0.31686276421606757,0.4731898501366895
1.1220000000000008,-0.2643409051456522,0.5096879815721136,2.1917120022073338,0.4426224579872921,-0.6135515031115115,1.263066055182926,0.3925859401279838,-0.8406106882088742,1.699546836203775,-0.3743306744161627,0.6638022991080138,10.305158606770759,-1.2180424611225973,-1.7573187736904352,3.381068706388563,-2.051327330308699,-1.0130454271449794,1.94399778935152,-0.15557521101775737,-0.38678824144645113,0.7869185820141165,-0.2626854827908753,-0.31799820263502004,0.4746021950172801
1.1240000000000008,-0.2650812568514669,0.5109401829551624,2.2123936578298538,0.4401675893159618,-0.6170667635766104,1.2698293148037962,0.3884879594019223,-0.8426165408534938,1.7033956281113631,-0.37213690947242234,0.6438516580937231,10.324045539045825,-1.2230425132260476,-1.757565216505518,3.3815227406836788,-2.0501921235129204,-1.0076931982076505,1.9336299081635397,-0.15196865958285347,-0.3879157576462875,0.7905787523706249,-0.26041085216324417,-0.31906444691492464,0.47613846869901033
1.1260000000000008,-0.2658191000550066,0.5121688862721351,2.2330975609895205,0.43770634744023956,-0.6205834453084731,1.2765952917167807,0.3843898260941772,-0.8446161366299518,1.70723229878381,-0.3699242829975558,0.6239355224320462,10.342895048513194,-1.2278886992027656,-1.7574680362115447,3.381313855600022,-2.048608972166488,-1.0023362573551613,1.923253173404593,-0.14861626607865325,-0.38909755585134403,0.7942107309025035,-0.2583985657288833,-0.3201208436151898,0.47769237969447326
1.1280000000000008,-0.2665569432585463,0.5133975895891078,2.2538014641491877,0.4352451055645173,-0.6241001270403358,1.283361268629765,0.38029169278643205,-0.84661573240641,1.7110689694562569,-0.3677116565226893,0.6040193867703694,10.361744557980565,-1.2327348851794833,-1.7573708559175716,3.381104970516365,-2.0470258208200556,-0.9969793165026722,1.9128764386456465,-0.14526387257445306,-0.3902793540564006,0.797842709434382,-0.2563862792945224,-0.3211772403154549,0.4792462906899362
1.1300000000000008,-0.26729478646208593,0.5146262929060803,2.274505367308855,0.43278386368879507,-0.6276168087721985,1.2901272455427495,0.37619355947868693,-0.848615328182868,1.7149056401287037,-0.36549903004782275,0.5841032511086924,10.380594067447934,-1.2375810711562012,-1.7572736756235983,3.380896085432709,-2.045442669473623,-0.9916223756501832,1.9024997038866998,-0.14191147907025284,-0.39146115226145717,0.8014746879662605,-0.25437399286016155,-0.32223363701572005,0.4808002016853991
1.1320000000000008,-0.26802892929092015,0.515822737910174,2.2952398564249163,0.43031554462089855,-0.631131585088311,1.2968895089065864,0.3721003250774841,-0.8506061698074975,1.7187253552466826,-0.36326868282420244,0.5642386467632369,10.39940932300638,-1.242256982298134,-1.7568227186328251,3.3800040380024163,-2.043388842164033,-0.9862633146232606,1.8921192451638014,-0.13882833241100478,-0.3926919602851678,0.8050699413190117,-0.25263414001381623,-0.3232778809721839,0.4823726066330087
1.1340000000000008,-0.26874544733746686,0.5168655374630087,2.3161200256045964,0.42781351708258886,-0.6346372859619523,1.3036340847386332,0.36803042403252956,-0.8525553156493022,1.7224643115280986,-0.3609539321648185,0.5446194846504392,10.41806142814485,-1.246121879115582,-1.754686733028539,3.3758581072265903,-2.0390931982713068,-0.9808941552642026,1.8817210493036889,-0.13702760102089745,-0.39415620071842433,0.8084902736602151,-0.25219188080560634,-0.32426424174633806,0.484033097762738
1.1360000000000008,-0.26946196538401357,0.5179083370158433,2.3370001947842765,0.4253114895442792,-0.6381429868355937,1.31037866057068,0.363960522987575,-0.8545044614911069,1.726203267809515,-0.3586391815054346,0.5250003225376415,10.436713533283319,-1.2499867759330299,-1.7525507474242525,3.371712176450764,-2.0347975543785806,-0.9755249959051447,1.8713228534435762,-0.13522686963079014,-0.3956204411516809,0.8119106060014185,-0.2517496215973965,-0.3252506025204922,0.4856935888924674
1.1380000000000008,-0.2701784834305602,0.5189511365686779,2.357880363963956,0.4228094620059695,-0.6416486877092349,1.317123236402727,0.3598906219426204,-0.8564536073329116,1.729942224090931,-0.35632443084605075,0.5053811604248439,10.455365638421789,-1.2538516727504776,-1.7504147618199664,3.367566245674938,-2.0305019104858544,-0.970155836546087,1.8609246575834637,-0.1334261382406828,-0.3970846815849374,0.8153309383426219,-0.2513073623891866,-0.3262369632946464,0.4873540800221967
1.1400000000000008,-0.27089500147710693,0.5199939361215126,2.378760533143636,0.4203074344676599,-0.6451543885828762,1.3238678122347738,0.3558207208976658,-0.8584027531747165,1.733681180372347,-0.35400968018666684,0.4857619983120462,10.474017743560259,-1.2577165695679255,-1.7482787762156802,3.3634203148991118,-2.0262062665931286,-0.964786677187029,1.8505264617233512,-0.13162540685057547,-0.398548922018194,0.8187512706838254,-0.25086510318097677,-0.32722332406880056,0.48901457115192604
1.1420000000000008,-0.27160111542889726,0.5209504076110134,2.3997231121201996,0.417790072018572,-0.6486471128235067,1.3305872290253662,0.35177463433871536,-0.8603280949310075,1.737374041441377,-0.3516693054384589,0.4662893797650125,10.492606724839039,-1.2612105994600442,-1.7454336110496942,3.35790337982814,-2.0209419330633254,-0.9594206260201156,1.84013536356974,-0.13038332204863595,-0.4000932100394747,0.8220769499068454,-0.2509751482867058,-0.3281802478562526,0.4907129932350615
1.1440000000000008,-0.27229557362093754,0.5218101653364186,2.420778015207223,0.4152555297917135,-0.6521252992768257,1.3372784600151175,0.34775522726836366,-0.8622267688504215,1.741015261811838,-0.3493002238945001,0.44698093471268874,10.511124988139919,-1.2642891452680531,-1.7417939484493499,3.350850501741021,-2.0145923716548415,-0.9540580569765142,1.8297522170124658,-0.12976709183273155,-0.4017271757767338,0.8252965887648973,-0.25170394269671204,-0.3291041932392593,0.4924539095563158
1.1460000000000008,-0.2729900318129778,0.5226699230618237,2.441832918294246,0.41272098756485504,-0.6556034857301446,1.3439696910048688,0.34373582019801197,-0.8641254427698356,1.7446564821822987,-0.34693114235054123,0.427672489660365,10.529643251440799,-1.2673676910760618,-1.7381542858490058,3.343797623653902,-2.0082428102463576,-0.948695487932913,1.8193690704551917,-0.12915086161682718,-0.4033611415139929,0.8285162276229491,-0.2524327371067183,-0.3300281386222661,0.49419482587757013
1.1480000000000008,-0.2736844900050181,0.5235296807872288,2.4628878213812695,0.4101864453379966,-0.6590816721834636,1.3506609219946204,0.33971641312766027,-0.8660241166892497,1.7482977025527597,-0.3445620608065824,0.4083640446080412,10.54816151474168,-1.2704462368840708,-1.7345146232486617,3.336744745566783,-2.001893248837874,-0.9433329188893117,1.8089859238979176,-0.1285346314009228,-0.404995107251252,0.831735866481001,-0.2531615315167246,-0.3309520840052729,0.4959357421988244
1.1500000000000008,-0.27437894819705844,0.5243894385126339,2.4839427244682923,0.4076519031111381,-0.6625598586367825,1.3573521529843717,0.33569700605730857,-0.8679227906086637,1.7519389229232205,-0.34219297926262354,0.3890555995557175,10.56667977804256,-1.2735247826920795,-1.7308749606483174,3.329691867479664,-1.9955436874293901,-0.9379703498457104,1.7986027773406434,-0.12791840118501843,-0.4066290729885111,0.8349555053390528,-0.2538903259267309,-0.3318760293882796,0.49767665852007875
1.1520000000000008,-0.27505620256180985,0.5251105832529792,2.505131302513776,0.4050974604326427,-0.6660074949811868,1.3639841946872437,0.3317294649521427,-0.8697827147536991,1.7555051236373602,-0.33981807430904615,0.3699924879292233,10.585122811606807,-1.2761130269936993,-1.7263847754620514,3.320992553374572,-1.987992435374323,-0.9326235342747916,1.7882519960117378,-0.12800148419519983,-0.4083299469614955,0.8380267350300635,-0.2552914643132857,-0.33275677948533217,0.49946417243199553
1.1540000000000008,-0.2757283105433069,0.525790263060366,2.526359868322227,0.40253706469792677,-0.6694459925120991,1.3705985304023884,0.3277774391233294,-0.8716310472228458,1.7590488828391222,-0.33744142733043897,0.3510027657766669,10.60354334081488,-1.278554601637472,-1.7216401634485317,3.3118007214936287,-1.9800817074586363,-0.927281431225491,1.7779108964743602,-0.1282937609978971,-0.4100508359821865,0.8410535693409509,-0.25689372886345774,-0.33362460806831856,0.501265625629413
1.1560000000000008,-0.27640041852480385,0.526469942867753,2.5475884341306774,0.3999766689632108,-0.6728844900430114,1.3772128661175331,0.3238254132945161,-0.8734793796919925,1.7625926420408842,-0.3350647803518318,0.33201304362411044,10.621963870022956,-1.280996176281245,-1.716895551435012,3.302608889612686,-1.9721709795429496,-0.9219393281761904,1.7675697969369828,-0.1285860378005944,-0.41177172500287745,0.8440804036518382,-0.2584959934136297,-0.33449243665130496,0.5030670788268305
1.1580000000000008,-0.2770725265063008,0.5271496226751398,2.568816999939128,0.3974162732284948,-0.6763229875739238,1.3838272018326778,0.31987338746570276,-0.8753277121611391,1.7661364012426464,-0.3326881333732246,0.3130233214715541,10.64038439923103,-1.2834377509250179,-1.7121509394214922,3.2934170577317428,-1.964260251627263,-0.9165972251268898,1.7572286973996054,-0.1288783146032917,-0.41349261402356846,0.8471072379627256,-0.26009825796380176,-0.3353602652342913,0.504868532024248
1.1600000000000008,-0.2777431279558366,0.5278172890721272,2.5900572922561538,0.39485449172692744,-0.6797581868525622,1.390435147501059,0.3159268057322138,-0.8771726455811637,1.7696735814733877,-0.33031409195523054,0.29405539575327144,10.658799452752534,-1.2858438601753228,-1.7073515545068578,3.2841190283825905,-1.9562687157711256,-0.9112572080517559,1.7468918114663623,-0.1292181443853771,-0.4152152771844969,0.8501213664765648,-0.26174469047547866,-0.33622463650086365,0.5066730499825494
1.1620000000000008,-0.27839303129749315,0.5283199042980528,2.6114586940257345,0.3922736712985239,-0.6831480717381868,1.3969553008884492,0.3120550199374961,-0.8789708797692908,1.7731203738096664,-0.32797584810147234,0.27538692929611996,10.677139276305994,-1.2877627135566052,-1.7017996496024062,3.2733619615154432,-1.947166966848163,-0.905945849989141,1.7366128158634797,-0.13021130029839306,-0.4169623150994785,0.8529609311810984,-0.26399794266012583,-0.3370415080064272,0.5085196744165386
1.1640000000000008,-0.2790429346391497,0.5288225195239783,2.6328600957953157,0.38969285087012046,-0.6865379566238115,1.4034754542758394,0.3081832341427785,-0.8807691139574177,1.7765671661459448,-0.3256376042477141,0.25671846283896854,10.695479099859453,-1.2896815669378878,-1.6962477446979545,3.262604894648296,-1.9380652179252003,-0.900634491926526,1.726333820260597,-0.13120445621140903,-0.41870935301446016,0.8558004958856319,-0.266251194844773,-0.33785837951199066,0.5103662988505276
1.1660000000000008,-0.27969283798080624,0.5293251347499037,2.6542614975648964,0.38711203044171694,-0.6899278415094361,1.4099956076632296,0.3043114483480608,-0.8825673481455448,1.7800139584822234,-0.3232993603939559,0.23804999638181712,10.713818923412912,-1.2916004203191702,-1.6906958397935028,3.2518478277811487,-1.9289634690022377,-0.895323133863911,1.7160548246577143,-0.132197612124425,-0.42045639092944176,0.8586400605901654,-0.26850444702942017,-0.3386752510175542,0.5122129232845168
1.1680000000000008,-0.28034274132246273,0.5298277499758293,2.675662899334477,0.3845312100133135,-0.6933177263950607,1.4165157610506198,0.3004396625533431,-0.8843655823336719,1.7834607508185019,-0.32096111654019766,0.21938152992466564,10.732158746966372,-1.2935192737004528,-1.685143934889051,3.2410907609140014,-1.9198617200792751,-0.8900117758012961,1.7057758290548317,-0.13319076803744093,-0.42220342884442336,0.861479625294699,-0.27075769921406734,-0.33949212252311767,0.514059547718506
1.1700000000000008,-0.28098472890358206,0.5302666695071949,2.6971272834643276,0.38194455701163216,-0.6966874445119784,1.4229968357190828,0.29660083688032657,-0.8861456023357066,1.7868722982278453,-0.3186534685840481,0.2008295884848205,10.75047044044395,-1.2952787794504679,-1.679378100864883,3.2299181109071338,-1.9104263771900274,-0.8847144656799052,1.6955250365053993,-0.13438314386070346,-0.42394372686609355,0.8642520619637551,-0.2731881032987038,-0.3402918964108371,0.5159182922528774
1.1720000000000008,-0.2816130019017633,0.5305952320006322,2.718700788732885,0.3793477986878427,-0.7000222223574311,1.4294102039013128,0.29281911681587314,-0.8878940650458501,1.7902227814512115,-0.3163988300605796,0.18247953440711676,10.768733396689404,-1.2967622048043261,-1.6732416203764346,3.2180254354004365,-1.9004130605108025,-0.879441494553374,1.6853231076265933,-0.1359206814620588,-0.42567234757319883,0.8669081948353816,-0.27592543486221094,-0.3410620475356062,0.5177980356693054
1.1740000000000008,-0.2822412748999446,0.5309237944940695,2.740274294001442,0.37675104036405316,-0.7033570002028837,1.4358235720835426,0.2890373967514197,-0.8896425277559937,1.7935732646745777,-0.3141441915371111,0.16412948032941305,10.786996352934858,-1.2982456301581844,-1.6671051398879861,3.2061327598937392,-1.8903997438315778,-0.8741685234268428,1.6751211787477875,-0.13745821906341416,-0.42740096828030416,0.8695643277070081,-0.27866276642571813,-0.34183219866037534,0.5196777790857333
1.1760000000000008,-0.28286954789812585,0.5312523569875068,2.7618477992699995,0.3741542820402637,-0.7066917780483364,1.4422369402657724,0.2852556766869663,-0.8913909904661372,1.796923747897944,-0.31188955301364263,0.1457794262517093,10.805259309180311,-1.2997290555120429,-1.6609686593995379,3.194240084387042,-1.8803864271523532,-0.8688955523003116,1.6649192498689818,-0.1389957566647695,-0.42912958898740944,0.8722204605786347,-0.2814000979892253,-0.3426023497851445,0.5215575225021614
1.1780000000000008,-0.2834978208963071,0.5315809194809441,2.7834213045385567,0.3715575237164742,-0.710026555893789,1.4486503084480025,0.28147395662251284,-0.8931394531762809,1.8002742311213102,-0.3096349144901741,0.12742937217400557,10.823522265425765,-1.3012124808659011,-1.6548321789110896,3.1823474088803447,-1.8703731104731285,-0.8636225811737804,1.654717320990176,-0.14053329426612482,-0.43085820969451477,0.8748765934502611,-0.2841374295527324,-0.3433725009099136,0.5234372659185893
1.1800000000000008,-0.28411239085244033,0.5317958652028757,2.8051086052802687,0.3689526831769486,-0.7133216349988167,1.4549867276611108,0.27775704586071587,-0.8948551227489774,1.8035612767217457,-0.3074652056339191,0.10928531088501016,10.841730725864645,-1.3024510509281917,-1.6484184712451515,3.1699148819490213,-1.859895452071821,-0.8583788826948677,1.6445740035028784,-0.1423537492485313,-0.4325529311056541,0.8774127033861153,-0.2871126737080161,-0.34411396502932656,0.5253326334055087
1.1820000000000008,-0.28472002875869507,0.531953334845821,2.8268534725019707,0.3663437540326873,-0.7165966314355017,1.4612842201826,0.2740729206159616,-0.8965542030370717,1.8068162307059703,-0.3053384607186066,0.091245456551005,10.859911618143986,-1.3035657544002603,-1.6418645208057265,3.1572092567531413,-1.8491828940061292,-0.8531499925667326,1.6344603361537007,-0.14431732554590235,-0.43423050365235477,0.8798880965136567,-0.2902082723033669,-0.34484091706074504,0.5272359047458625
1.1840000000000008,-0.2853276666649498,0.5321108044887661,2.8485983397236723,0.36373482488842607,-0.7198716278721866,1.4675817127040893,0.2703887953712073,-0.8982532833251659,1.810071184690195,-0.30321171580329415,0.07320560221699982,10.878092510423327,-1.3046804578723292,-1.6353105703663018,3.1445036315572614,-1.8384703359404373,-0.8479211024385975,1.624346668804523,-0.14628090184327341,-0.4359080761990554,0.8823634896411982,-0.2933038708987176,-0.3455678690921635,0.5291391760862163
1.1860000000000008,-0.28593530457120453,0.5322682741317113,2.8703432069453743,0.3611258957441648,-0.7231466243088716,1.4738792052255787,0.26670467012645305,-0.89995236361326,1.8133261386744195,-0.30108497088798164,0.05516574788299465,10.896273402702668,-1.305795161344398,-1.6287566199268768,3.1317980063613815,-1.8277577778747456,-0.8426922123104625,1.614233001455345,-0.14824447814064445,-0.43758564874575606,0.8848388827687396,-0.2963994694940684,-0.346294821123582,0.53104244742657
1.1880000000000008,-0.28654294247745926,0.5324257437746565,2.892088074167076,0.3585169665999035,-0.7264216207455564,1.480176697747068,0.26302054488169874,-0.9016514439013542,1.816581092658644,-0.29895822597266913,0.037125893548989486,10.91445429498201,-1.306909864816467,-1.622202669487452,3.1190923811655016,-1.8170452198090536,-0.8374633221823274,1.6041193341061672,-0.1502080544380155,-0.43926322129245665,0.887314275896281,-0.2994950680894192,-0.3470217731550005,0.5329457187669238
1.1900000000000008,-0.28713207895492887,0.5324213416121207,2.913997031423303,0.3558994220745137,-0.7296359154295332,1.4863564933200053,0.2594358820708665,-0.9033034287000143,1.8197449692560606,-0.2969959813699653,0.019371413338656506,10.932545363978225,-1.3077189196095644,-1.6153680709160632,3.1058385160472923,-1.805816316070861,-0.8322809270339379,1.5940986533338743,-0.15249503166881587,-0.440868755111256,0.8896176746596595,-0.3028435563457628,-0.3477100353992247,0.5348641828066772
1.1920000000000008,-0.2877204880781108,0.5324105757166463,2.9359124396186203,0.3532815388490983,-0.7328478237205122,1.492531661824343,0.25585512946765215,-0.904953562014307,1.822905265290669,-0.2950402038357831,0.0016281521587486955,10.950632901714725,-1.3085159583102965,-1.6085224391091069,3.0925630977472816,-1.7945671130226426,-0.8271003597618312,1.5840816281811652,-0.15479472289367074,-0.4424714568418838,0.8919143117377819,-0.306201986557475,-0.34839677661591456,0.5367832441232776
1.1940000000000008,-0.28830889720129277,0.5323998098211719,2.9578278478139377,0.35066365562368285,-0.736059732011491,1.4987068303286806,0.2522743768644379,-0.9066036953285997,1.8260655613252772,-0.293084426301601,-0.01611510902115912,10.968720439451227,-1.3093129970110284,-1.6016768073021508,3.0792876794472708,-1.7833179099744243,-0.8219197924897245,1.574064603028456,-0.15709441411852562,-0.44407415857251165,0.8942109488159042,-0.30956041676918716,-0.34908351783260444,0.5387023054398781
1.1960000000000008,-0.2888973063244747,0.5323890439256974,2.9797432560092547,0.3480457723982674,-0.73927164030247,1.5048819988330184,0.24869362426122352,-0.9082538286428924,1.8292258573598856,-0.2911286487674188,-0.03385837020106692,10.986807977187729,-1.3101100357117605,-1.5948311754951945,3.06601226114726,-1.772068706926206,-0.8167392252176177,1.564047577875747,-0.1593941053433805,-0.4456768603031394,0.8965075858940267,-0.31291884698089933,-0.3497702590492943,0.5406213667564784
1.1980000000000008,-0.28948118009030505,0.5323351930758574,3.0017028064321636,0.3454262860396074,-0.7424665356024849,1.511024169365622,0.2451409309945877,-0.9098913442451068,1.8323617601755713,-0.2892281549439849,-0.05152938193711928,11.004867234910632,-1.3108345995977846,-1.5879343624186708,3.0526364206680876,-1.7607125427470889,-0.8115720547876123,1.5540573351222373,-0.16176337761255377,-0.4472555723910765,0.89875811458563,-0.3163266913064172,-0.3504472128050178,0.5425428922748955
1.2000000000000008,-0.29005216445424153,0.5321588955808366,3.023787808251248,0.34280224360585204,-0.7456130802961525,1.5170725602715298,0.24166798184467708,-0.9114930005424524,1.8354283379132523,-0.28748477640624487,-0.06899506208708728,11.022846121356794,-1.311353191397921,-1.5808920931185793,3.0389751822090147,-1.749052397007909,-0.8064429579356223,1.544143207452987,-0.16433039792557208,-0.4487661063572118,0.90087760409367,-0.31987496963144063,-0.3510963507773008,0.5444714210093992
1.2020000000000008,-0.29062314881817797,0.5319825980858158,3.045872810070333,0.3401782011720967,-0.74875962498982,1.5231209511774377,0.23819503269476647,-0.9130946568397981,1.8384949156509331,-0.28574139786850483,-0.08646074223705527,11.040825007802958,-1.3118717831980578,-1.5738498238184877,3.0253139437499414,-1.7373922512687294,-0.8013138610836322,1.5342290797837368,-0.1668974182385904,-0.4502766403233471,0.9029970936017099,-0.32342324795646404,-0.35174548874958383,0.5463999497439028
1.2040000000000008,-0.29119413318211446,0.5318063005907951,3.067957811889418,0.3375541587383413,-0.7519061696834874,1.5291693420833457,0.23472208354485585,-0.9146963131371438,1.8415614933886142,-0.28399801933076474,-0.10392642238702327,11.05880389424912,-1.3123903749981942,-1.566807554518396,3.0116527052908686,-1.7257321055295498,-0.7961847642316422,1.5243149521144865,-0.1694644385516087,-0.4517871742894824,0.9051165831097499,-0.32697152628148746,-0.3523946267218669,0.5483284784784065
1.2060000000000008,-0.2917651175460509,0.5316300030957744,3.0900428137085028,0.33493011630458597,-0.7550527143771549,1.5352177329892536,0.2312491343949452,-0.9162979694344895,1.844628071126295,-0.2822546407930247,-0.12139210253699124,11.076782780695282,-1.3129089667983307,-1.5597652852183044,2.9979914668317957,-1.7140719597903702,-0.7910556673796522,1.5144008244452365,-0.172031458864627,-0.4532977082556177,0.9072360726177897,-0.33051980460651087,-0.3530437646941499,0.5502570072129102
1.2080000000000009,-0.2923275915390131,0.5313626701332165,3.112221898612505,0.3323040138351798,-0.7581619260068698,1.5411936901067453,0.227838271328977,-0.9178728332618804,1.8476428704972447,-0.28065178672074476,-0.13871639892033913,11.094691047823225,-1.3132889984103977,-1.552653485736274,2.984192864922454,-1.702237219904238,-0.7859566030817458,1.5045467397484324,-0.17471811490952946,-0.4547498328404875,0.9092574703378459,-0.3341426083583934,-0.3536732175399835,0.5521879055139085
1.2100000000000009,-0.29288333502262587,0.5310233408890341,3.134475390035868,0.3296762821666178,-0.7612416124212048,1.5471123622607934,0.2244765096441012,-0.9194265080047918,1.8506167204451387,-0.2791600677836389,-0.15592888058186397,11.11254346497906,-1.313559448355099,-1.5454866976361181,2.9702856277974323,-1.690264400545192,-0.7808812903202481,1.4947401406181968,-0.17749938603224819,-0.4561557638002037,0.9112012912168777,-0.33782435126624977,-0.35428710221281806,0.55412067780953
1.2120000000000009,-0.2934390785062387,0.5306840116448518,3.1567288814592307,0.3270485504980558,-0.7643212988355398,1.5530310344148415,0.22111474795922545,-0.9209801827477031,1.8535905703930327,-0.2776683488465331,-0.1731413622433888,11.130395882134895,-1.3138298982998002,-1.538319909535962,2.9563783906724104,-1.678291581186146,-0.7758059775587505,1.484933541487961,-0.18028065715496694,-0.45756169475991987,0.9131451120959094,-0.34150609417410616,-0.3549009868856526,0.5560534501051516
1.2140000000000009,-0.29399482198985144,0.5303446824006695,3.1789823728825937,0.3244208188294938,-0.7674009852498748,1.5589497065688895,0.21775298627434966,-0.9225338574906145,1.8565644203409268,-0.2761766299094272,-0.19035384390491367,11.14824829929073,-1.3141003482445013,-1.5311531214358063,2.9424711535473884,-1.6663187618271003,-0.7707306647972528,1.4751269423577253,-0.18306192827768566,-0.458967625719636,0.9150889329749413,-0.34518783708196255,-0.35551487155848716,0.5579862224007731
1.2160000000000009,-0.2945505654734642,0.5300053531564872,3.2012358643059566,0.3217930871609318,-0.7704806716642097,1.5648683787229376,0.21439122458947388,-0.9240875322335258,1.8595382702888208,-0.27468491097232134,-0.2075663255664385,11.166100716446566,-1.3143707981892025,-1.5239863333356503,2.928563916422367,-1.6543459424680544,-0.7656553520357553,1.4653203432274897,-0.1858431994004044,-0.4603735566793522,0.9170327538539731,-0.34886957998981893,-0.3561287562313217,0.5599189946963946
1.2180000000000009,-0.2950954311064813,0.529528310704531,3.223632571434643,0.31916409528494966,-0.7735023223214911,1.5706744145080451,0.2111268882523289,-0.9256005510920242,1.8624335793152533,-0.27343998785372226,-0.22458733450482501,11.183828296718705,-1.31444895525096,-1.5167599827876626,2.9145374481991317,-1.6421719514956166,-0.7606275372129608,1.45560873412971,-0.18877250921053382,-0.461682369750844,0.9188274206158848,-0.35262786403450863,-0.3567143217947015,0.5618516719186936
1.2200000000000009,-0.29563847423499695,0.5290281954093823,3.24605327330984,0.31653489227040893,-0.7765142495111129,1.5764615788913432,0.20787887482137077,-0.9271067583537189,1.8653157293833378,-0.2722364135738661,-0.24157626358545456,11.201534961481801,-1.3144948950431687,-1.5095236529861145,2.9004910036753135,-1.6299642556871239,-0.7556076803232461,1.4459130399188114,-0.19172662182263323,-0.462974911428746,0.9205970976937171,-0.35639897198822257,-0.3572951426979114,0.563784333212151
1.2220000000000009,-0.2961815173635126,0.5285280801142335,3.2684739751850365,0.3139056892558682,-0.7795261767007349,1.582248743274641,0.20463086139041262,-0.9286129656154136,1.868197879451422,-0.2710328392940099,-0.25856519266608413,11.2192416262449,-1.3145408348353778,-1.5022873231845664,2.886444559151495,-1.6177565598786312,-0.7505878234335315,1.4362173457079126,-0.19468073443473266,-0.464267453106648,0.9223667747715493,-0.36017007994193656,-0.3578759636011212,0.5657169945056084
1.2240000000000009,-0.2967245604920283,0.5280279648190846,3.2908946770602334,0.3112764862413275,-0.7825381038903567,1.5880359076579391,0.20138284795945446,-0.9301191728771083,1.8710800295195065,-0.26982926501415366,-0.2755541217467137,11.236948291007998,-1.3145867746275868,-1.4950509933830183,2.8723981146276767,-1.6055488640701385,-0.7455679665438169,1.4265216514970138,-0.1976348470468321,-0.46555999478455,0.9241364518493815,-0.36394118789565055,-0.3584567845043311,0.5676496557990659
1.2260000000000009,-0.2972660834589841,0.5275032910381386,3.313341004676903,0.30864736807803467,-0.7855394857797965,1.5938025996232628,0.19815271546665802,-0.9316181228013002,1.8739481651090968,-0.2686753508089895,-0.29251385445337613,11.25462932904391,-1.3146008894827534,-1.4878104228689841,2.858342823546149,-1.5933145070367989,-0.7405568652045933,1.4168434752241785,-0.20061062129172005,-0.4668340744544157,0.9258794663167157,-0.3677207018915244,-0.3590328188598432,0.5695817354656232
1.2280000000000009,-0.2977992942529264,0.5268443325941103,3.335927452661267,0.30601871387743623,-0.7884832064561733,1.5994573493551414,0.19502035511569737,-0.9330773899401001,1.8767396701792647,-0.2677929755925776,-0.30931394273921514,11.27217024132229,-1.3144409870559264,-1.4805466643354541,2.8442391598967323,-1.5809343676606267,-0.7355936388100014,1.4072610862254507,-0.20370484034158653,-0.46800720471927987,0.9274766908645411,-0.3715461797366604,-0.3595826805941999,0.5715106348232246
1.2300000000000009,-0.2983325050468687,0.5261853741500819,3.3585139006456313,0.3033900596768378,-0.79142692713255,1.60511209908702,0.19188799476473672,-0.9345366570789001,1.8795311752494328,-0.26691060037616565,-0.3261140310250542,11.28971115360067,-1.3142810846290993,-1.4732829058019243,2.830135496247316,-1.5685542282844545,-0.7306304124154096,1.397678697226723,-0.20679905939145302,-0.469180334984144,0.9290739154123666,-0.3753716575817963,-0.36013254232855657,0.5734395341808259
1.2320000000000009,-0.298865715840811,0.5255264157060536,3.3811003486299955,0.30076140547623936,-0.7943706478089267,1.6107668488188986,0.1887556344137761,-0.9359959242177001,1.8823226803196007,-0.2660282251597537,-0.3429141193108932,11.30725206587905,-1.314121182202272,-1.4660191472683946,2.8160318325978992,-1.556174088908282,-0.7256671860208178,1.3880963082279953,-0.2098932784413195,-0.4703534652490081,0.930671139960192,-0.37919713542693223,-0.3606824040629133,0.5753684335384274
1.2340000000000009,-0.29939892663475326,0.5248674572620253,3.40368679661436,0.29813275127564093,-0.7973143684853035,1.616421598550777,0.18562327406281545,-0.9374551913565,1.8851141853897688,-0.2651458499433418,-0.3597142075967323,11.32479297815743,-1.313961279775445,-1.4587553887348648,2.801928168948483,-1.5437939495321098,-0.7207039596262259,1.3785139192292677,-0.21298749749118598,-0.47152659551387227,0.9322683645080175,-0.3830226132720682,-0.36123226579726997,0.5772973328960287
1.2360000000000009,-0.29992911677766426,0.524137309349304,3.4263475320521954,0.295505188808315,-0.800227166093379,1.6220162987118896,0.18254389427218629,-0.9388934507908419,1.8878651400185442,-0.26442198994757254,-0.3764466762752788,11.342249709404571,-1.3137149840302893,-1.4514938859540927,2.7878272445224703,-1.5313587393323729,-0.7157667286372073,1.3689835685772502,-0.21613325047771922,-0.4726438981439527,0.9337883933631468,-0.3868599246313115,-0.36176905235561535,0.5792231411962652
1.2380000000000009,-0.30045565530075147,0.5233211015533208,3.449098072480726,0.2928789461210031,-0.8031025812669879,1.6275384058456206,0.17952856188802047,-0.940306314325671,1.8905670738256088,-0.26388975662965675,-0.3930974006225825,11.359604675462926,-1.3133642486955923,-1.4442351101190691,2.773729631502634,-1.5188569548382334,-0.7108609231049315,1.3595161263037512,-0.21934130206901817,-0.4736937115818746,0.9352151015007073,-0.3907115413486557,-0.36229003252936715,0.5811452127635146
1.2400000000000009,-0.3009821938238386,0.5225048937573376,3.4718486129092567,0.29025270343369125,-0.8059779964405968,1.6330605129793518,0.17651322950385465,-0.9417191778605002,1.8932690076326733,-0.26335752331174095,-0.4097481249698862,11.37695964152128,-1.3130135133608951,-1.4369763342840458,2.7596320184827983,-1.5063551703440938,-0.7059551175726558,1.3500486840302521,-0.2225493536603171,-0.4747435250197965,0.9366418096382677,-0.39456315806599984,-0.36281101270311894,0.5830672843307642
1.2420000000000009,-0.30150873234692577,0.5216886859613543,3.4945991533377874,0.2876264607463793,-0.8088534116142057,1.6385826201130829,0.17349789711968883,-0.9431320413953295,1.8959709414397379,-0.26282528999382515,-0.42639884931718997,11.394314607579634,-1.312662778026198,-1.4297175584490223,2.745534405462962,-1.4938533858499543,-0.7010493120403801,1.3405812417567529,-0.22575740525161606,-0.47579333845771843,0.9380685177758282,-0.39841477478334403,-0.3633319928768708,0.5849893558980137
1.2440000000000009,-0.3020352708700129,0.520872478165371,3.517349693766318,0.28500021805906744,-0.8117288267878146,1.6441047272468141,0.170482564735523,-0.9445449049301586,1.8986728752468023,-0.26229305667590935,-0.4430495736644937,11.411669573637989,-1.3123120426915007,-1.422458782613999,2.731436792443126,-1.4813516013558148,-0.6961435065081044,1.3311137994832538,-0.228965456842915,-0.47684315189564036,0.9394952259133887,-0.40226639150068816,-0.3638529730506226,0.5869114274652631
1.2460000000000009,-0.3025593601656757,0.5199391057935197,3.540222055240849,0.2823770884796089,-0.8145530837806781,1.6495274660164532,0.1675558064630726,-0.945923334776237,1.9013083722729482,-0.26204185054629325,-0.4596210602684389,11.42886988584797,-1.311827299427414,-1.4152225531841243,2.71738054822925,-1.4687899165571998,-0.6912811884536997,1.3217334586682983,-0.23224287819694245,-0.47779867530974746,0.9407955782235559,-0.40612022346185406,-0.36435384110001234,0.5888264474153226
1.2480000000000009,-0.30308263664380175,0.5189668503759352,3.5631348450894667,0.27975499203763365,-0.8173603630661859,1.6549172277141675,0.1646584430073668,-0.9472903372204362,1.9039218211299125,-0.26188390804123207,-0.47616625048735495,11.446018873563201,-1.31129808336591,-1.4079938061600537,2.7033380329531704,-1.4562083528296415,-0.6864333024541915,1.31238202394523,-0.23554332107976123,-0.4787229069850248,0.9420539972157488,-0.4099747905891415,-0.36484803460084025,0.590739127166976
1.2500000000000009,-0.30360591312192775,0.5179945949583507,3.5860476349380845,0.27713289559565835,-0.8201676423516937,1.6603069894118818,0.161761079551661,-0.9486573396646354,1.9065352699868767,-0.2617259655361709,-0.49271144070627104,11.463167861278432,-1.3107688673044062,-1.4007650591359833,2.6892955176770905,-1.443626789102083,-0.6815854164546835,1.3030305892221614,-0.23884376396257997,-0.47964713866030206,0.9433124162079418,-0.4138293577164289,-0.36534222810166816,0.5926518069186293
1.252000000000001,-0.3041291896000538,0.5170223395407662,3.6089604247867024,0.27451079915368304,-0.8229749216372014,1.6656967511095961,0.15886371609595518,-0.9500243421088346,1.909148718843841,-0.2615680230311097,-0.5092566309251871,11.480316848993661,-1.3102396512429022,-1.3935363121119126,2.6752530024010106,-1.4310452253745247,-0.6767375304551754,1.293679154499093,-0.24214420684539872,-0.4805713703355794,0.9445708352001349,-0.4176839248437164,-0.3658364216024961,0.5945644866702826
1.254000000000001,-0.304652483211737,0.5160424857520504,3.6318810548991918,0.2718889852683518,-0.8257788852011992,1.6710800710494997,0.15597215383808305,-0.9513891270911994,1.9117578912808486,-0.2614293110813493,-0.5257989888995891,11.497454795909718,-1.3097022139036403,-1.3863099839996382,2.6612150496394196,-1.418461463683184,-0.6718924928107011,1.2843334276626204,-0.24544829982876346,-0.4814894088867442,0.9458211433624317,-0.4215376863876248,-0.36632940934027364,0.5964766031720227
1.256000000000001,-0.3051761098226511,0.5149149538295966,3.6549540644515086,0.2692726630123643,-0.8285184060634497,1.6763381922125844,0.15319334075430596,-0.9527108145965275,1.9142839493625048,-0.2616643545679151,-0.5422863007888634,11.514378159385604,-1.309004991929585,-1.3791306686449079,2.647265771623136,-1.405834983469177,-0.6671028143673422,1.2750986364497772,-0.24882333433726173,-0.482287080981054,0.9469138134992328,-0.42537579101665896,-0.36679896247161664,0.5983777726306941
1.258000000000001,-0.3056997364335652,0.5137874219071429,3.678027074003826,0.2666563407563768,-0.8312579269257001,1.6815963133756688,0.15041452767052887,-0.9540325021018556,1.916810007444161,-0.2618993980544809,-0.5587736126781376,11.53130152286149,-1.3083077699555299,-1.3719513532901777,2.6333164936068525,-1.3932085032551698,-0.6623131359239833,1.265863845236934,-0.25219836884576,-0.4830847530753638,0.9480064836360338,-0.4292138956456931,-0.3672685156029597,0.6002789420893656
1.260000000000001,-0.30622336304447934,0.5126598899846893,3.7011000835561427,0.2640400185003893,-0.8339974477879505,1.6868544345387535,0.14763571458675182,-0.9553541896071838,1.9193360655258171,-0.26213444154104676,-0.575260924567412,11.548224886337374,-1.3076105479814746,-1.3647720379354473,2.6193672155905685,-1.3805820230411625,-0.6575234574806245,1.2566290540240908,-0.25557340335425827,-0.4838824251696736,0.9490991537728347,-0.4330520002747273,-0.3677380687343027,0.6021801115480372
1.262000000000001,-0.30674698965539343,0.5115323580622355,3.7241730931084596,0.26142369624440176,-0.836736968650201,1.6921125557018382,0.14485690150297473,-0.9566758771125119,1.9218621236074733,-0.2623694850276126,-0.5917482364566863,11.56514824981326,-1.3069133260074193,-1.357592722580717,2.605417937574285,-1.3679555428271555,-0.6527337790372655,1.2473942628112475,-0.25894843786275656,-0.4846800972639834,0.9501918239096357,-0.43689010490376146,-0.3682076218656457,0.6040812810067087
1.264000000000001,-0.30727204262927355,0.5103510451928576,3.7473009380986126,0.25880991085617555,-0.8394531612976354,1.6973253466333686,0.14211932805682534,-0.9579820286181885,1.9243582346288894,-0.2627452939076915,-0.6082331059473294,11.58198666864042,-1.3061609997445225,-1.3504357757467604,2.5915113118926105,-1.3553236087133371,-0.6479643546122372,1.2382000763224454,-0.26234414597639927,-0.48543386286012347,0.9512279633829304,-0.4407167451234465,-0.3686693958792623,0.6059778631662985
1.266000000000001,-0.3077997792853318,0.5090685442162309,3.77053195520607,0.2562008985495291,-0.8421254622317825,1.7024528493616524,0.13945934641806892,-0.9592589493555567,1.926798000670965,-0.2633859509273121,-0.6247133800987537,11.59866526528673,-1.3053049955248768,-1.343320914975034,2.577684935988146,-1.3426814131625122,-0.6432330378423593,1.229082287059911,-0.2657787511919749,-0.486105018987673,0.9521577411952861,-0.44452181521562173,-0.36911653359054836,0.6078658143861599
1.268000000000001,-0.30832751594139,0.5077860432396044,3.793762972313527,0.2535918862428826,-0.8447977631659297,1.7075803520899362,0.1367993647793125,-0.9605358700929248,1.929237766713041,-0.2640266079469326,-0.6411936542501779,11.61534386193304,-1.304448991305231,-1.3362060542033076,2.563858560083682,-1.3300392176116873,-0.6385017210724813,1.2199644977973763,-0.2692133564075506,-0.48677617511522253,0.9530875190076419,-0.4483268853077969,-0.36956367130183443,0.6097537656060213
1.270000000000001,-0.3088552525974482,0.5065035422629779,3.816993989420984,0.25098287393623614,-0.8474700641000767,1.7127078548182202,0.13413938314055607,-0.961812790830293,1.9316775327551166,-0.2646672649665532,-0.6576739284016022,11.632022458579351,-1.3035929870855854,-1.3290911934315812,2.550032184179218,-1.3173970220608622,-0.6337704043026033,1.2108467085348416,-0.2726479616231263,-0.4874473312427721,0.9540172968199977,-0.45213195539997214,-0.3700108090131205,0.6116417168258828
1.272000000000001,-0.30938298925350644,0.5052210412863513,3.840225006528441,0.24837386162958966,-0.8501423650342239,1.717835357546504,0.13147940150179965,-0.9630897115676612,1.9341172987971922,-0.2653079219861737,-0.6741542025530265,11.648701055225661,-1.3027369828659396,-1.3219763326598548,2.5362058082747536,-1.3047548265100373,-0.6290390875327253,1.201728919272307,-0.276082566838702,-0.48811848737032165,0.9549470746323535,-0.4559370254921474,-0.3704579467244066,0.6135296680457442
1.274000000000001,-0.30991586003192423,0.5038384438615962,3.863556420794846,0.24577050262621927,-0.8527717265708022,1.722879409842737,0.1288961031992465,-0.964338105323398,1.9365021039364347,-0.26621414155375633,-0.6906643064619375,11.66520972872142,-1.3017840264897984,-1.3149105131006247,2.5224735343669646,-1.2921182489712637,-0.6243454868134523,1.1926867637446434,-0.2795473094652404,-0.48870857720894445,0.955773801832983,-0.45971147696110853,-0.37089212434193,0.6154082432686836
1.276000000000001,-0.31045155469443103,0.5024007911133728,3.886943055782511,0.24317025306825224,-0.8553774704619308,1.7278775625030085,0.12635498247600035,-0.965570808590305,1.9388566793288664,-0.26726642656374433,-0.7071908174160346,11.68162494061896,-1.3007777442221138,-1.3078716673238588,2.508793018697983,-1.2794847614669167,-0.619672630779978,1.1836862084916775,-0.28302862835337517,-0.4892540787445587,0.9565438488529641,-0.46346908749078847,-0.37131917361306715,0.6172816614800305
1.278000000000001,-0.3109872493569378,0.5009631383651494,3.910329690770176,0.24057000351028524,-0.8579832143530594,1.73287571516328,0.12381386175275422,-0.9668035118572119,1.941211254721298,-0.2683187115737324,-0.7237173283701318,11.698040152516498,-1.299771461954429,-1.3008328215470928,2.495112503029001,-1.26685127396257,-0.6149997747465037,1.1746856532387118,-0.28650994724150997,-0.48979958028017295,0.9573138958729451,-0.4672266980204684,-0.3717462228842044,0.6191550796913773
1.280000000000001,-0.3115229440194446,0.49952548561692595,3.9337163257578407,0.2379697539523182,-0.8605889582441878,1.7378738678235517,0.12127274102950808,-0.9680362151241187,1.9435658301137295,-0.2693709965837204,-0.7402438393242289,11.714455364414036,-1.2987651796867443,-1.293793975770327,2.4814319873600192,-1.2542177864582231,-0.6103269187130295,1.1656850979857458,-0.28999126612964476,-0.4903450818157872,0.9580839428929262,-0.4709843085501483,-0.3721732721553416,0.6210284979027242
1.282000000000001,-0.31205863868195133,0.49808783286870256,3.9571029607455057,0.2353695043943512,-0.8631947021353163,1.7428720204838233,0.11873162030626194,-0.9692689183910257,1.9459204055061612,-0.2704232815937084,-0.7567703502783261,11.730870576311574,-1.2977588974190595,-1.2867551299935611,2.4677514716910376,-1.2415842989538763,-0.6056540626795551,1.15668454273278,-0.29347258501777956,-0.49089058335140145,0.9588539899129073,-0.4747419190798282,-0.3726003214264788,0.6229019161140711
1.284000000000001,-0.3126054917464124,0.49650317899411195,3.980633966797869,0.23277881669548894,-0.865738380353213,1.7477495374478633,0.11630244671573654,-0.9704604321481073,1.9481956649284136,-0.27186284460333787,-0.773392218433261,11.74702021307656,-1.2966186701789755,-1.2797962399503515,2.4542250565451385,-1.2289780406984878,-0.6010364742719531,1.1477948270387772,-0.29698747990062424,-0.49131899240714666,0.9594766176157452,-0.47844268905086546,-0.37301073458184525,0.6247607552010399
1.286000000000001,-0.31315301601684753,0.494909682631626,4.004173657133296,0.23018870416652834,-0.8682783251645854,1.752619797871018,0.11388000702712384,-0.9716494682524591,1.9504661532953445,-0.2733257033598002,-0.790019822563933,11.763153874828614,-1.2954703858115322,-1.2728421594458414,2.440707910933723,-1.2163734203509866,-0.5964222103512093,1.138911778623337,-0.30050439446409405,-0.4917403580553924,0.9600903776754597,-0.48214003991917753,-0.37342014703295884,0.6266187173169675
1.288000000000001,-0.31370054028728267,0.49331618626914,4.027713347468723,0.22759859163756774,-0.8708182699759577,1.7574900582941728,0.11145756733851113,-0.9728385043568109,1.9527366416622751,-0.27478856211626257,-0.806647426694605,11.779287536580668,-1.2943221014440889,-1.2658880789413312,2.4271907653223077,-1.2037688000034854,-0.5918079464304656,1.1300287302078964,-0.3040213090275639,-0.49216172370363814,0.960704137735174,-0.4858373907874896,-0.37382955948407237,0.6284766794328952
1.290000000000001,-0.31424806455771775,0.49172268990665396,4.051253037804149,0.22500847910860713,-0.8733582147873301,1.7623603187173276,0.10903512764989842,-0.9740275404611626,1.955007130029206,-0.2762514208727249,-0.823275030825277,11.795421198332722,-1.2931738170766454,-1.258933998436821,2.4136736197108926,-1.1911641796559842,-0.5871936825097219,1.121145681792456,-0.3075382235910337,-0.4925830893518839,0.9613178977948884,-0.4895347416558017,-0.37423897193518596,0.6303346415488229
1.292000000000001,-0.3147993678627553,0.49009128528310214,4.074829011597237,0.2224211260564305,-0.8758824777862136,1.7672000961751293,0.10664124935825381,-0.9752061699157482,1.9572575896079931,-0.2778113353464204,-0.8399404309559687,11.811482585557957,-1.291993321939157,-1.2520019184644975,2.4001990247718736,-1.1785704106108885,-0.5825936253010701,1.1122911190990237,-0.31106139960067136,-0.4929749860188027,0.9618948266173051,-0.49321475301977186,-0.3746447552995509,0.6321887482197068
1.294000000000001,-0.31536254879018927,0.48834073382497034,4.098519025417655,0.21984244612495796,-0.8783574523644211,1.7719440647319606,0.10433714041883624,-0.9763520909489141,1.95944509808745,-0.2796762989350342,-0.8567246250813074,11.827316811714626,-1.2907115873572212,-1.2451389868438887,2.3868581679095366,-1.1660107475441823,-0.5780382202270175,1.1035260879090827,-0.3146042555288759,-0.49327426076784175,0.9623559937240873,-0.4968402657864063,-0.3750391323322517,0.6340307371078187
1.296000000000001,-0.3159257297176233,0.4865901823668385,4.122209039238072,0.21726376619348545,-0.8808324269426285,1.776688033288792,0.10203303147941867,-0.9774980119820801,1.9616326065669072,-0.281541262523648,-0.8735088192066462,11.843151037871294,-1.2894298527752857,-1.2382760552232799,2.373517311047199,-1.1534510844774764,-0.5734828151529648,1.094761056719142,-0.3181471114570804,-0.49357353551688077,0.9628171608308694,-0.5004657785530406,-0.37543350936495257,0.6358727259959306
1.298000000000001,-0.31648891064505724,0.48483963090870663,4.14589905305849,0.21468508626201294,-0.883307401520836,1.7814320018456233,0.09972892254000111,-0.9786439330152461,1.9638201150463641,-0.2834062261122618,-0.8902930133319851,11.858985264027964,-1.28814811819335,-1.231413123602671,2.360176454184862,-1.1408914214107702,-0.5689274100789122,1.0859960255292012,-0.32168996738528494,-0.4938728102659198,0.9632783279376516,-0.504091291319675,-0.37582788639765347,0.6377147148840424
1.300000000000001,-0.3170520915724912,0.4830890794505748,4.169589066878907,0.2121064063305404,-0.8857823760990434,1.7861759704024547,0.09742481360058354,-0.979789854048412,1.9660076235258213,-0.2852711897008756,-0.9070772074573239,11.874819490184633,-1.2868663836114143,-1.224550191982062,2.346835597322525,-1.1283317583440642,-0.5643720050048596,1.0772309943392602,-0.32523282331348946,-0.4941720850149588,0.9637394950444338,-0.5077168040863095,-0.3762222634303543,0.6395567037721543
1.302000000000001,-0.31762572126594524,0.4812528656411755,4.1933586125034354,0.20953454768505855,-0.8882227748072178,1.7908527257271047,0.09518428135771206,-0.9809128152555745,1.9681509671625461,-0.28734439323890393,-0.9239756155202672,11.890482523462676,-1.2855177279381025,-1.2177387466215208,2.3335946211850978,-1.115802778958674,-0.5598486386706922,1.0685301654780148,-0.32878517319375256,-0.4944068211058506,0.964120447694718,-0.5112977985629749,-0.3766100303782972,0.6413900325874796
1.304000000000001,-0.3182082704873393,0.47934352666713237,4.21719604998692,0.20696851199042698,-0.8906336580263648,1.7954721048696074,0.09299802098963338,-0.982016176941689,1.9702566097398388,-0.28959535959059607,-0.9409715216423737,11.905999418942141,-1.2841119454669314,-1.2109712522054568,2.320438907643733,-1.1032999925181999,-0.5553526220192548,1.0598841425587833,-0.33234562753060753,-0.4945864641490607,0.9644329257438335,-0.5148407902620434,-0.37699215466608565,0.6432159687823715
1.306000000000001,-0.31879081970873335,0.47743418769308926,4.241033487470403,0.20440247629579542,-0.8930445412455119,1.80009148401211,0.09081176062155467,-0.9831195386278033,1.9723622523171314,-0.29184632594228826,-0.9579674277644803,11.921516314421606,-1.2827061629957601,-1.2042037577893925,2.307283194102368,-1.0907972060777256,-0.5508566053678174,1.051238119639552,-0.3359060818674625,-0.4947661071922708,0.964745403792949,-0.518383781961112,-0.37737427895387404,0.6450419049772635
1.308000000000001,-0.31937336893012747,0.47552484871904616,4.264870924953888,0.20183644060116385,-0.8954554244646591,1.8047108631546127,0.08862550025347599,-0.9842229003139177,1.974467894894424,-0.2940972922939804,-0.9749633338865868,11.937033209901072,-1.281300380524589,-1.1974362633733284,2.2941274805610026,-1.0782944196372513,-0.5463605887163802,1.0425920967203206,-0.3394665362043175,-0.49494575023548093,0.9650578818420645,-0.5219267736601806,-0.3777564032416625,0.6468678411721556
1.310000000000001,-0.3199559181515215,0.47361550974500305,4.288708362437371,0.19927040490653228,-0.8978663076838062,1.8093302422971154,0.0864392398853973,-0.985326262000032,1.9765735374717166,-0.29634825864567255,-0.9919592400086935,11.952550105380537,-1.2798945980534178,-1.1906687689572641,2.2809717670196377,-1.065791633196777,-0.5418645720649428,1.0339460738010893,-0.34302699054117247,-0.49512539327869104,0.9653703598911801,-0.5254697653592492,-0.37813852752945093,0.6486937773670475
1.312000000000001,-0.32055764162665634,0.47157129223776445,4.312666708786331,0.19671589502311654,-0.9002242709422746,1.813846747579459,0.08435120780675694,-0.9863944477447075,1.978611554022422,-0.2989025921137455,-1.0091774320496787,11.96778584831413,-1.278394098191358,-1.183983148965974,2.267975338361302,-1.0533426346523316,-0.5374190988681397,1.025401223811777,-0.34659625870179395,-0.49520715633566104,0.9655617035657414,-0.5289352031934873,-0.37851290727636366,0.6505066123266815
1.314000000000001,-0.3211630831134556,0.46950092091163487,4.336648500145367,0.19416362006895138,-0.9025719726785089,1.818343304955761,0.08228222282798547,-0.9874558126471044,1.9806364574497135,-0.3015157504254116,-1.0264387267662833,11.982967073952857,-1.2768752320153383,-1.1773134049545495,2.2550097960707536,-1.0409040659283917,-0.5329834263736967,1.0168759919071446,-0.3501672359197804,-0.49526993983100226,0.9657295585025585,-0.5323856028323432,-0.3788857853067715,0.6523169068721661
1.316000000000001,-0.3217685246002549,0.4674305495855053,4.360630291504403,0.1916113451147862,-0.904919674414743,1.822839862332063,0.080213237849214,-0.9885171775495011,1.982661360877005,-0.30412890873707776,-1.043700021482888,11.998148299591582,-1.2753563658393183,-1.1706436609431252,2.242044253780205,-1.0284654972044518,-0.5285477538792537,1.0083507600025126,-0.35373821313776677,-0.4953327233263435,0.9658974134393755,-0.535836002471199,-0.3792586633371794,0.6541272014176508
1.318000000000001,-0.32237396608705415,0.4653601782593757,4.38461208286344,0.18905907016062104,-0.9072673761509772,1.827336419708365,0.07814425287044252,-0.9895785424518979,1.9846862643042964,-0.3067420670487439,-1.0609613161994926,12.013329525230308,-1.2738374996632986,-1.163973916931701,2.2290787114896564,-1.016026928480512,-0.5241120813848107,0.9998255280978803,-0.3573091903557532,-0.4953955068216847,0.9660652683761926,-0.5392864021100549,-0.37963154136758726,0.6559374959631354
1.320000000000001,-0.3229829568632649,0.46326758401040435,4.408613021796559,0.18650879850956387,-0.9096066296130683,1.8318165545859082,0.07609109775964838,-0.9906342865301343,1.9867003676991013,-0.30940010687677194,-1.0782655605263478,12.028462568960263,-1.2723051145901192,-1.1573174797980665,2.2161391323838355,-1.0035973465016998,-0.519684813922683,0.9913170916727656,-0.360880815573531,-0.49544283849728976,0.9662140648474012,-0.5427229171129068,-0.380003611147176,0.6577458012243526
1.322000000000001,-0.323614554679667,0.46103344184814177,4.432735920346572,0.1839712868080708,-0.9118920721707895,1.8361920870919777,0.07413877028506656,-0.9916542290202293,1.9886456807699324,-0.3123440175162858,-1.0958433704751016,12.043288720176875,-1.27068662150601,-1.1507458002274682,2.2033649246221336,-0.9912250051941162,-0.5153110819380372,0.9829156333033885,-0.36445656819700345,-0.495391750498049,0.966241469274161,-0.5460709945476152,-0.38037053280931526,0.6595414358283831
1.324000000000001,-0.32424615249606903,0.4587992996858792,4.456858818896585,0.1814337751065777,-0.9141775147285107,1.8405676195980472,0.07218644281048475,-0.9926741715103243,1.9905909938407635,-0.3152879281557997,-1.1134211804238556,12.058114871393485,-1.2690681284219008,-1.1441741206568696,2.1905907168604317,-0.9788526638865325,-0.5109373499533914,0.9745141749340114,-0.3680323208204758,-0.49534066249880826,0.9662688737009207,-0.5494190719823236,-0.3807374544714545,0.6613370704324135
1.326000000000001,-0.3248777503124711,0.4565651575236166,4.480981717446598,0.17889626340508463,-0.916462957286232,1.8449431521041166,0.07023411533590294,-0.9936941140004194,1.9925363069115944,-0.3182318387953136,-1.1309989903726094,12.072941022610095,-1.2674496353377918,-1.1376024410862713,2.1778165090987303,-0.9664803225789488,-0.5065636179687455,0.9661127165646344,-0.3716080734439482,-0.4952895744995675,0.9662962781276805,-0.5527671494170321,-0.38110437613359377,0.6631327050364441
1.328000000000001,-0.3255093481288732,0.454331015361354,4.50510461599661,0.17635875170359155,-0.9187483998439532,1.8493186846101863,0.06828178786132114,-0.9947140564905144,1.9944816199824256,-0.3211757494348275,-1.1485768003213632,12.087767173826705,-1.2658311422536825,-1.131030761515673,2.1650423013370284,-0.9541079812713651,-0.5021898859840997,0.9577112581952573,-0.3751838260674206,-0.49523848650032676,0.9663236825544402,-0.5561152268517405,-0.381471297795733,0.6649283396404745
1.330000000000001,-0.3261535651995666,0.452024439333158,4.5292872362144365,0.17382801720241697,-0.9210072311585145,1.8536424919150585,0.06637980342198471,-0.9957162872318648,1.9963929203086335,-0.32424629984712094,-1.1663125050040495,12.102430035532375,-1.2641768947505334,-1.1245008159743062,2.152349782581141,-0.941762419042089,-0.49784411877039086,0.9493655439505815,-0.3787598077179,-0.49513934749767935,0.9662919878359657,-0.5594147185278022,-0.3818372224389382,0.666718338777769
1.332000000000001,-0.32681425278122916,0.4496233234251995,4.553547804491798,0.17130612822805474,-0.9232313297731676,1.8578987880600764,0.06454352615480657,-0.9966954007948742,1.9982598275771795,-0.3274821390885752,-1.18425429214511,12.116879773576455,-1.2624759809755586,-1.1180253412257752,2.1397638834111072,-0.9294518085692975,-0.4935348508660576,0.9410925863202161,-0.3823360882918929,-0.4949774928574501,0.966183157567531,-0.562650796609664,-0.3822018457840705,0.6685009825662805
1.334000000000001,-0.3274749403628917,0.447222207517241,4.57780837276916,0.16878423925369251,-0.9254554283878207,1.8621550842050942,0.06270724888762844,-0.9976745143578836,2.0001267348457255,-0.33071797833002947,-1.2021960792861706,12.131329511620535,-1.2607750672005837,-1.1115498664772443,2.1271779842410736,-0.9171411980965062,-0.48922558296172425,0.9328196286898506,-0.38591236886588587,-0.49481563821722085,0.9660743272990964,-0.5658868746915258,-0.3825664691292028,0.6702836263547921
1.336000000000001,-0.32813562794455425,0.4448210916092825,4.602068941046521,0.16626235027933028,-0.9276795270024738,1.8664113803501123,0.060870971620450305,-0.998653627920893,2.001993642114271,-0.33395381757148374,-1.220137866427231,12.145779249664615,-1.2590741534256091,-1.1050743917287134,2.11459208507104,-0.9048305876237147,-0.48491631505739097,0.9245466710594852,-0.38948864943987876,-0.4946537835769916,0.9659654970306616,-0.5691229527733875,-0.38293109247433504,0.6720662701433037
1.338000000000001,-0.3287963155262168,0.44241997570132396,4.626329509323883,0.16374046130496805,-0.9299036256171268,1.8706676764951302,0.059034694353272174,-0.9996327414839025,2.003860549382817,-0.337189656812938,-1.2380796535682916,12.160228987708695,-1.2573732396506343,-1.0985989169801824,2.1020061859010064,-0.8925199771509233,-0.4806070471530577,0.9162737134291198,-0.3930649300138717,-0.4944919289367623,0.9658566667622269,-0.5723590308552492,-0.38329571581946736,0.6738489139318152
1.340000000000001,-0.3294801498086358,0.43989399445706523,4.650688167025876,0.16123049974280762,-0.932083474483225,1.8748379740743466,0.05728296929550069,-1.0005824278575488,2.005670978035231,-0.3406056461794126,-1.2563190915860614,12.174385311068159,-1.2556286015035407,-1.0921906514263775,2.089552356830712,-0.8802452382269971,-0.47634777067325973,0.9081000831800492,-0.3966398069490194,-0.49425128275536856,0.9656511884736692,-0.575505845759796,-0.3836616918222005,0.6756238967066143
1.342000000000001,-0.33017246234189507,0.4373222771204994,4.675082753249845,0.15872490699301423,-0.9342471154036721,1.8789767718117307,0.05556221430331166,-1.0015213355420176,2.0074607195115446,-0.34408762153520334,-1.2746675541608121,12.188434161517227,-1.2538679478474313,-1.085807003480829,2.0771469028375336,-0.8679836384537648,-0.4721068052193626,0.8999628348958547,-0.4002141697546442,-0.4939817765451911,0.9654103096255915,-0.578619965049705,-0.3840281632808762,0.6773960733797306
1.344000000000001,-0.3308647748751543,0.43475055978393357,4.699477339473815,0.15621931424322083,-0.9364107563241192,1.8831155695491149,0.053841459311122636,-1.0024602432264864,2.0092504609878583,-0.3475695968909941,-1.293016016735563,12.202483011966294,-1.2521072941913216,-1.0794233555352806,2.064741448844355,-0.8557220386805324,-0.46786583976546553,0.8918255866116603,-0.4037885325602689,-0.4937122703350136,0.9651694307775138,-0.5817340843396139,-0.3843946347395519,0.679168250052847
1.346000000000001,-0.3315570874084136,0.4321788424473677,4.723871925697785,0.15371372149342744,-0.9385743972445663,1.887254367286499,0.052120704318933606,-1.0033991509109552,2.011040202464172,-0.3510515722467848,-1.3113644793103139,12.21653186241536,-1.2503466405352122,-1.073039707589732,2.052335994851177,-0.8434604389073002,-0.46362487431156846,0.883688338327466,-0.40736289536589365,-0.49344276412483606,0.9649285519294363,-0.584848203629523,-0.3847611061982276,0.6809404267259633
1.348000000000001,-0.33225041162866736,0.42960188327111526,4.7482704181418,0.15120863074904434,-0.9407362480998065,1.8913896867258557,0.05040340663418489,-1.0043368715973056,2.012827667050393,-0.35453937061277263,-1.3297262579492828,12.230567799175516,-1.2485851103246917,-1.066658592829313,2.039935545590122,-0.8311996085569014,-0.459386129972472,0.8755554852735571,-0.4109371951819504,-0.49317011621307344,0.9646838310933531,-0.5879583415387888,-0.38512777745470395,0.6827123976679591
1.350000000000001,-0.3329764231465755,0.42685556185631757,4.772795119361895,0.14871975964607267,-0.9428402624952005,1.8954126234188058,0.048797813496395996,-1.0052362407371567,2.0145415660134525,-0.358215308658912,-1.3485182745541966,12.244186498592896,-1.2467952589090054,-1.060359324506375,2.027696797694692,-0.8189636380231495,-0.45521914917388845,0.8675646407671425,-0.4145094598243132,-0.49279596088309335,0.9643149767987937,-0.590939842256052,-0.385500904117066,0.684477721500316
1.352000000000001,-0.3337024346644836,0.4241092404415199,4.79731982058199,0.146230888543101,-0.9449442768905945,1.8994355601117556,0.0471922203586071,-1.0061356098770078,2.0162554649765116,-0.36189124670505135,-1.3673102911591102,12.257805198010278,-1.245005407493319,-1.054060056183437,2.0154580497992614,-0.8067276674893975,-0.4510521683753048,0.8595737962607277,-0.4180817244666761,-0.4924218055531133,0.9639461225042343,-0.5939213429733152,-0.38587403077942806,0.686243045332673
1.354000000000001,-0.33442844618239176,0.4213629190267221,4.821844521802085,0.14374201744012935,-0.9470482912859884,1.9034584968047055,0.04558662722081821,-1.007034979016859,2.017969363939571,-0.36556718475119065,-1.3861023077640238,12.271423897427658,-1.2432155560776326,-1.0477607878604989,2.003219301903831,-0.7944916969556455,-0.4468851875767212,0.851582951754313,-0.4216539891090389,-0.49204765022313324,0.9635772682096748,-0.5969028436905784,-0.3862471574417901,0.6880083691650299
1.356000000000001,-0.3351544577002999,0.41861659761192443,4.8463692230221795,0.1412531463371577,-0.9491523056813824,1.9074814334976555,0.04398103408302932,-1.00793434815671,2.01968326290263,-0.36924312279733,-1.4048943243689374,12.28504259684504,-1.2414257046619463,-1.0414615195375607,1.9909805540084007,-0.7822557264218934,-0.4427182067781376,0.8435921072478982,-0.4252262537514018,-0.49167349489315315,0.9632084139151154,-0.5998843444078417,-0.3866202841041522,0.6897736929973869
1.358000000000001,-0.33589203753633085,0.41581156643650957,4.870935237684557,0.13876979120917363,-0.9512369988398882,1.9114668366210865,0.04241320357586993,-1.008820983767994,2.021372749964834,-0.3729637411332767,-1.4238417527735174,12.298508232259811,-1.2396399610792155,-1.0351862223437311,1.9787895689486645,-0.7700158753187439,-0.4385782098779378,0.835654407461341,-0.428798735528122,-0.49126590353996025,0.9627988338025499,-0.6028184228796297,-0.386997466660896,0.6915384219707591
1.360000000000001,-0.3366533043465093,0.41288632274902604,4.895585844629833,0.13629773044183413,-0.9532821303582478,1.9153753870264798,0.04092269480605999,-1.009681546551856,2.0230122518815485,-0.3767758456177142,-1.4431073981601905,12.31166045797801,-1.2378626285837306,-1.0289600077831285,1.9666963817746963,-0.7577680784670404,-0.43449346447554715,0.8278255253604649,-0.4323716619032578,-0.49078984949331156,0.9623058646106035,-0.6056554008489359,-0.3873829539568721,0.6933019329270227
1.362000000000001,-0.33741457115668777,0.4099610790615425,4.920236451575109,0.13382566967449464,-0.9553272618766075,1.919283937431873,0.039432186036250046,-1.010542109335718,2.0246517537982625,-0.38058795010215174,-1.4623730435468636,12.324812683696207,-1.2360852960882458,-1.022733793222526,1.954603194600728,-0.745520281615337,-0.4304087190731566,0.8199966432595889,-0.43594458827839366,-0.49031379544666287,0.961812895418657,-0.6084923788182421,-0.3877684412528482,0.6950654438832863
1.364000000000001,-0.33817583796686623,0.40703583537405896,4.944887058520385,0.13135360890715517,-0.9573723933949672,1.9231924878372664,0.037941677266440106,-1.0114026721195801,2.0262912557149764,-0.38440005458658927,-1.4816386889335365,12.337964909414405,-1.234307963592761,-1.0165075786619233,1.9425100074267598,-0.7332724847636335,-0.42632397367076597,0.8121677611587127,-0.43951751465352956,-0.4898377414000141,0.9613199262267105,-0.6113293567875484,-0.38815392854882425,0.6968289548395499
1.366000000000001,-0.3389371047770447,0.4041105916865754,4.96953766546566,0.12888154813981567,-0.9594175249133269,1.9271010382426599,0.03645116849663017,-1.0122632349034422,2.0279307576316903,-0.3882121590710268,-1.5009043343202095,12.351117135132602,-1.2325306310972761,-1.0102813641013209,1.9304168202527916,-0.72102468791193,-0.42223922826837534,0.8043388790578366,-0.4430904410286654,-0.48936168735336544,0.960826957034764,-0.6141663347568547,-0.38853941584480034,0.6985924657958134
1.368000000000001,-0.3397210697377727,0.4010704408536956,4.994264241338924,0.12641978068994403,-0.9614261665518835,1.9309387276085492,0.03503295476543414,-1.0131000127031842,2.0295246849021122,-0.392070398080662,-1.5204806044887444,12.3639481182636,-1.230797145023178,-1.0040906559874927,1.9183955516301874,-0.7087342433004619,-0.41821338526460217,0.7966254009556922,-0.44666795180905944,-0.48882326331978654,0.9602584798713407,-0.6169041182369092,-0.3889370027098242,0.7003591788496519
1.370000000000001,-0.3405185817562128,0.39796170937911035,5.01903615815085,0.12396415665539078,-0.963413029741728,1.9347341246039829,0.03365788926599654,-1.0139225947845638,2.031091411614401,-0.3959561718039298,-1.5402422664951518,12.37658737247559,-1.2290898280415659,-0.9979211393748203,1.9064172065384575,-0.696418345000088,-0.41422269729214783,0.7889808000348677,-0.4502481987243854,-0.48824761467574423,0.9596449368843788,-0.6195826989432539,-0.38934181102488746,0.7021278030283881
1.372000000000001,-0.34131609377465294,0.39485297790452517,5.043808074962775,0.12150853262083754,-0.9653998929315727,1.9385295215994165,0.032282823766558943,-1.0147451768659432,2.0326581383266906,-0.3998419455271976,-1.560003928501559,12.389226626687579,-1.2273825110599539,-0.991751622762148,1.8944388614467276,-0.6841024466997143,-0.4102320093196935,0.7813361991140431,-0.45382844563971125,-0.487671966031702,0.9590313938974169,-0.6222612796495988,-0.38974661933995075,0.7038964272071243
1.374000000000001,-0.3421136057930931,0.39174424642993994,5.0685799917747,0.1190529085862843,-0.9673867561214173,1.9423249185948501,0.030907758267121343,-1.0155677589473229,2.0342248650389796,-0.4037277192504654,-1.5797655905079662,12.401865880899567,-1.2256751940783417,-0.9855821061494756,1.8824605163549977,-0.6717865483993405,-0.40624132134723917,0.7736915981932184,-0.4574086925550372,-0.48709631738765974,0.9584178509104551,-0.6249398603559436,-0.39015142765501404,0.7056650513858604
1.376000000000001,-0.34291111781153316,0.38863551495535475,5.093351908586626,0.11659728455173106,-0.9693736193112619,1.946120315590284,0.029532692767683742,-1.0163903410287023,2.0357915917512686,-0.4076134929737332,-1.5995272525143736,12.414505135111558,-1.2239678770967297,-0.9794125895368033,1.8704821712632675,-0.6594706500989667,-0.40225063337478484,0.7660469972723939,-0.4609889394703631,-0.4865206687436175,0.9578043079234931,-0.6276184410622884,-0.3905562359700773,0.7074336755645967
1.378000000000001,-0.3437424881779777,0.3853527984939683,5.118231246284166,0.11415591763068325,-0.971307020788653,1.9498119399393548,0.02826526270689408,-1.0171787020328487,2.037292780627112,-0.4115062416069403,-1.6197602997245732,12.426613888241835,-1.222398930709838,-0.9732742507066398,1.858569946487013,-0.6470163097213047,-0.398362380742147,0.7586020432674172,-0.4645869561448959,-0.48585453004404766,0.9570821391182374,-0.6301350561716131,-0.39098688517182834,0.7092158020732562
1.380000000000001,-0.34457662966081415,0.38205584233462603,5.1431193757803175,0.11171571757462632,-0.9732360467239267,1.9534950710777905,0.0270066420046811,-1.017964262233245,2.0387886055976394,-0.41539956109751064,-1.6400319271769324,12.438679222826021,-1.2208413091821253,-0.9671384636035765,1.8466631332887251,-0.6345506386340156,-0.39448251186908406,0.7511734292457446,-0.46818642717482173,-0.485180985239604,0.9563510798973707,-0.6326384153028032,-0.3914196493056094,0.7109990336720924
1.382000000000001,-0.34541077114365054,0.3787588861752837,5.168007505276469,0.10927551751856941,-0.9751650726592005,1.9571782022162263,0.025748021302468116,-1.018749822433641,2.040284430568166,-0.4192928805880809,-1.6603035546292915,12.450744557410207,-1.2192836876544126,-0.9610026765005133,1.834756320090437,-0.6220849675467264,-0.39060264299602115,0.743744815224072,-0.47178589820474753,-0.48450744043516036,0.955620020676504,-0.6351417744339933,-0.3918524134393905,0.7127822652709286
1.384000000000001,-0.346244912626487,0.3754619300159414,5.19289563477262,0.1068353174625125,-0.9770940985944743,1.9608613333546618,0.024489400600255132,-1.0195353826340372,2.0417802555386935,-0.4231862000786512,-1.6805751820816504,12.462809891994393,-1.2177260661267,-0.95486688939745,1.8228495068921493,-0.6096192964594372,-0.38672277412295825,0.7363162012023994,-0.47538536923467334,-0.4838338956307167,0.9548889614556373,-0.6376451335651834,-0.3922851775731716,0.7145654968697649
1.386000000000001,-0.34708714696099946,0.3721220285675604,5.2178083350090425,0.1043981258756973,-0.9790102973384844,1.9645195804652094,0.02325711163078353,-1.0203129622573799,2.0432608039412834,-0.42706595148566573,-1.7009613486579926,12.474729474891221,-1.2162263858604632,-0.9487315278076246,1.810945255402347,-0.5970944655134209,-0.3828728201605101,0.7289455771284223,-0.47899334956487993,-0.48313870083519944,0.9541323196876585,-0.6401048178267625,-0.3927266511725538,0.7163548428683525
1.388000000000001,-0.34795766800112665,0.3686320217178702,5.242806916628763,0.10197144970263208,-0.9808816615794475,1.9680908511674948,0.022116859189619902,-1.021062647605282,2.044687956606828,-0.4308982787706699,-1.7217478604539371,12.486139616216875,-1.2149292259754096,-0.9425976535016609,1.7990499577766095,-0.5843628548592134,-0.3791274269022385,0.7217776436071364,-0.4826310722012183,-0.4823678334648507,0.9532862599977907,-0.6424118466055916,-0.3931985667100042,0.7181655603479337
1.390000000000001,-0.3488281890412538,0.36514201486817993,5.267805498248483,0.09954477352956685,-0.9827530258204105,1.9716621218697803,0.020976606748456274,-1.0218123329531843,2.046115109272373,-0.4347306060556741,-1.7425343722498814,12.497549757542526,-1.2136320660903563,-0.9364637791956972,1.787154660150872,-0.5716312442050058,-0.3753820336439669,0.7146097100858503,-0.48626879483755664,-0.4815969660945019,0.9524402003079229,-0.6447188753844206,-0.39367048224745466,0.7199762778275147
1.392000000000001,-0.3496987100813809,0.36165200801848973,5.292804079868204,0.09711809735650163,-0.9846243900613735,1.975233392572066,0.019836354307292643,-1.0225620183010866,2.0475422619379176,-0.4385629333406783,-1.7633208840458259,12.508959898868179,-1.2123349062053028,-0.9303299048897337,1.7752593625251345,-0.5588996335507982,-0.37163664038569527,0.7074417765645643,-0.489906517473895,-0.48082609872415316,0.9515941406180551,-0.6470259041632496,-0.3941423977849051,0.7217869953070959
1.394000000000001,-0.3505692311215081,0.35816200116879954,5.317802661487924,0.0946914211834364,-0.9864957543023365,1.9788046632743514,0.018696101866129015,-1.023311703648989,2.0489694146034623,-0.44239526062568246,-1.7841073958417701,12.520370040193832,-1.2110377463202493,-0.92419603058377,1.7633640648993971,-0.5461680228965906,-0.36789124712742366,0.7002738430432782,-0.49354424011023335,-0.4800552313538044,0.9507480809281873,-0.6493329329420786,-0.3946143133223555,0.723597712786677
1.396000000000001,-0.3514582212482692,0.35456898557468575,5.342855278321815,0.09227015320636942,-0.9883370101866402,1.9823175684553973,0.01761914698628182,-1.0240434485944696,2.050362240059677,-0.4461595936817381,-1.80515959011786,12.53138203143815,-1.209956459128491,-0.9180405118584973,1.7514318363085122,-0.5332129960438847,-0.36423305013545815,0.6932742966821991,-0.4972168519970315,-0.47923366395929484,0.9498428835781293,-0.6515236024307985,-0.3951138378252744,0.7254320631267664
1.398000000000001,-0.35236422123339806,0.3508810998774634,5.367957661089349,0.08985386612791306,-0.9901505365522831,1.9857767195299447,0.016600488576333467,-1.0247586705948637,2.0517234504728497,-0.4498613046803438,-1.8264564755065986,12.542027330131463,-1.2090739886953081,-0.9118650588227634,1.7394655946395046,-0.5200522049339185,-0.36065516010016346,0.6864298333418903,-0.500921596561565,-0.4783654023103639,0.9488832209887245,-0.6536071060870248,-0.39563878993063006,0.7272881791133137
1.400000000000001,-0.35327022121852686,0.3471932141802411,5.393060043856884,0.08743757904945672,-0.9919640629179262,1.9892358706044924,0.015581830166385117,-1.0254738925952578,2.053084660886023,-0.4535630156789495,-1.8477533608953371,12.552672628824775,-1.2081915182621252,-0.9056896057870294,1.727499352970497,-0.5068914138239522,-0.3570772700648688,0.6795853700015817,-0.5046263411260985,-0.47749714066143295,0.9479235583993196,-0.655690609743251,-0.3961637420359857,0.7291442950998609
1.402000000000001,-0.3541762212036557,0.3435053284830188,5.418162426624418,0.08502129197100038,-0.9937775892835691,1.9926950216790398,0.014563171756436765,-1.0261891145956519,2.0544458712991958,-0.45726472667755524,-1.8690502462840757,12.563317927518087,-1.2073090478289423,-0.8995141527512953,1.7155331113014896,-0.4937306227139859,-0.3534993800295741,0.672740906661273,-0.5083310856906321,-0.476628879012502,0.9469638958099148,-0.6577741133994772,-0.39668869414134134,0.7310004110864081
1.404000000000001,-0.3550822211887845,0.33981744278579645,5.443264809391953,0.08260500489254402,-0.9955911156492121,1.9961541727535872,0.013544513346488414,-1.026904336596046,2.0558070817123686,-0.46096643767616097,-1.8903471316728142,12.573963226211399,-1.2064265773957596,-0.8933386997155613,1.703566869632482,-0.48056983160401956,-0.3499214899942794,0.6658964433209642,-0.5120358302551656,-0.47576061736357106,0.94600423322051,-0.6598576170557034,-0.39721364624669697,0.7328565270729553
1.406000000000001,-0.3560159938694068,0.33596367792609677,5.468445738501559,0.08019324871345557,-0.9973567537157744,1.9995205778310388,0.012629533486232431,-1.027592802973305,2.0571171159244357,-0.4645044890179071,-1.9120502889136113,12.58386025390429,-1.2060595248102202,-0.8870802011387054,1.6914506382388725,-0.46687127367518205,-0.3465189586925424,0.6593884378498489,-0.515829967982893,-0.47480907057228594,0.9449527584871689,-0.6617288314361439,-0.3977990941142989,0.7347689310918565
1.408000000000001,-0.356955917878196,0.332073172766389,5.493644064709927,0.0777824960757378,-0.999111785082563,2.002866440751736,0.011737517215635382,-1.028275343292063,2.0584158152047745,-0.46800629165425567,-1.933843430631702,12.593591548296912,-1.2058066312671374,-0.8808033089429671,1.6793011858704423,-0.45305360666739436,-0.34315526730525703,0.6529549538729926,-0.5196439052537659,-0.4738390770932397,0.9438809484346579,-0.6635530262177127,-0.39839794108773763,0.7366938022534937
1.410000000000001,-0.3578958418869852,0.32818266760668124,5.518842390918295,0.07537174343802003,-1.0008668164493517,2.006212303672433,0.010845500945038332,-1.0289578836108213,2.059714514485113,-0.47150809429060425,-1.9556365723497928,12.603322842689535,-1.2055537377240546,-0.8745264167472288,1.667151733502012,-0.43923593965960667,-0.3397915759179717,0.6465214698961363,-0.5234578425246389,-0.4728690836141934,0.9428091383821469,-0.6653772209992814,-0.3989967880611763,0.7386186734151308
1.412000000000001,-0.35883576589577443,0.32429216244697345,5.544040717126663,0.07296099080030226,-1.0026218478161402,2.0095581665931306,0.009953484674441281,-1.0296404239295796,2.061013213765451,-0.47500989692695283,-1.9774297140678838,12.613054137082157,-1.2053008441809718,-0.8682495245514904,1.6550022811335818,-0.425418272651819,-0.3364278845306864,0.64008798591928,-0.5272717797955118,-0.4718990901351471,0.9417373283296359,-0.6672014157808501,-0.399595635034615,0.740543544576768
1.414000000000001,-0.35977939479612314,0.3203774621037378,5.569249137978217,0.07055003767637597,-1.0043698947850987,2.0128905183707815,0.009077143543703264,-1.030319416012538,2.0623051278735764,-0.4784804732179883,-1.9992780477548453,12.622654903975722,-1.2051564432758377,-0.8619515077100556,1.6428134799582914,-0.41148697263855905,-0.33309657578584134,0.6337168737243009,-0.5311055507651303,-0.4709174757775952,0.9406519614834502,-0.668989772546094,-0.40020528237957226,0.7424806960334912
1.416000000000001,-0.36075104363569876,0.31627977460388673,5.594533904192129,0.06813756828367677,-1.0060651190466725,2.0161206859411545,0.008319352837228355,-1.030971572937201,2.063545726009289,-0.48171488597119605,-2.0215437959838396,12.631268496877176,-1.2058325676338846,-0.8554937260606351,1.6303270854097047,-0.39669627097847626,-0.3300101756054224,0.6278174766955076,-0.535089323165176,-0.4698479732040819,0.939464065176205,-0.670507087899378,-0.4008966124806165,0.7445107228460722
1.418000000000001,-0.36172269247527444,0.31218208710403567,5.619818670406042,0.06572509889097758,-1.0077603433082465,2.019350853511528,0.007561562130753445,-1.031623729861864,2.064786324145002,-0.48494929872440384,-2.0438095442128335,12.639882089778633,-1.2065086919919314,-0.8490359444112147,1.617840690861118,-0.3819055693183935,-0.3269237754250034,0.6219180796667143,-0.5390730955652216,-0.4687784706305686,0.9382761688689597,-0.6720244032526619,-0.40158794258166064,0.7465407496586532
1.420000000000001,-0.3626943413148501,0.3080843996041846,5.645103436619954,0.06331262949827839,-1.0094555675698202,2.0225810210819013,0.006803771424278536,-1.032275886786527,2.0660269222807153,-0.4881837114776116,-2.0660752924418277,12.648495682680087,-1.2071848163499783,-0.8425781627617941,1.6053542963125313,-0.3671148676583107,-0.32383737524458445,0.616018682637921,-0.5430568679652673,-0.4677089680570553,0.9370882725617145,-0.6735417186059458,-0.4022792726827048,0.7485707764712342
1.422000000000001,-0.36366599015442574,0.3039867121043336,5.670388202833866,0.0609001601055792,-1.0111507918313942,2.0258111886522743,0.006045980717803627,-1.0329280437111898,2.067267520416428,-0.4914181242308194,-2.0883410406708216,12.657109275581544,-1.2078609407080252,-0.8361203811123736,1.5928679017639447,-0.35232416599822786,-0.32075097506416544,0.6101192856091278,-0.547040640365313,-0.466639465483542,0.9359003762544692,-0.6750590339592297,-0.402970602783749,0.7506008032838152
1.424000000000001,-0.3646496315783032,0.29980128379204335,5.69570395442042,0.058482584569333605,-1.0128202890861582,2.028991658366819,0.005348483506998478,-1.0335688469477107,2.068486408453628,-0.49451496938073114,-2.110789254550278,12.665143000052247,-1.2090955917213273,-0.8295397599178534,1.5801567293644345,-0.3369481303189559,-0.31781916796632503,0.6045109494535391,-0.5511307332485221,-0.46551448201039003,0.9346682353955804,-0.6764223178674689,-0.40372511679817497,0.7526885417653159
1.426000000000001,-0.36565018582023756,0.29549211697939315,5.721063403841963,0.056057807976618516,-1.0144535042373843,2.0321020405362358,0.004736016586297034,-1.0341936383841899,2.0696746793246774,-0.49741780665156415,-2.1334947948132936,12.672358951721074,-1.2111179178063676,-0.8227859014273362,1.5671285588267236,-0.32074661386590636,-0.31510537932161387,0.5993130885940251,-0.555370767040397,-0.4643112553214635,0.9333736976393157,-0.6775683753848384,-0.40456873738081467,0.7548576694563174
1.428000000000001,-0.3666507400621719,0.291182950166743,5.746422853263507,0.05363303138390342,-1.0160867193886105,2.0352124227056523,0.0041235496655955915,-1.0348184298206689,2.0708629501957265,-0.5003206439223972,-2.1562003350763086,12.679574903389904,-1.213140243891408,-0.816032042936819,1.5541003882890128,-0.30454509741285685,-0.3123915906769027,0.5941152277345112,-0.559610800832272,-0.46310802863253697,0.9320791598830509,-0.678714432902208,-0.4054123579634544,0.7570267971473189
1.430000000000001,-0.36765129430410626,0.2868737833540928,5.771782302685049,0.05120825479118833,-1.0177199345398367,2.0383228048750692,0.0035110827448941485,-1.035443221257148,2.0720512210667756,-0.5032234811932302,-2.178905875339324,12.686790855058732,-1.2151625699764483,-0.8092781844463018,1.541072217751302,-0.28834358095980733,-0.3096778020321916,0.5889173668749972,-0.563850834624147,-0.46190480194361044,0.930784622126786,-0.6798604904195776,-0.4062559785460941,0.7591959248383205
1.432000000000001,-0.3686518485460406,0.2825646165414426,5.797141752106593,0.04878347819847324,-1.0193531496910628,2.0414331870444857,0.0028986158241927056,-1.0360680126936272,2.0732394919378248,-0.5061263184640633,-2.201611415602339,12.69400680672756,-1.2171848960614886,-0.8025243259557846,1.5280440472135912,-0.2721420645067578,-0.3069640133874804,0.5837195060154833,-0.568090868416022,-0.46070157525468386,0.9294900843705213,-0.6810065479369473,-0.4070995991287338,0.7613650525293221
1.434000000000001,-0.3696705869253657,0.2781018503180105,5.822543862983868,0.046339059130672024,-1.0209397214468914,2.044453618376786,0.0024011445388011105,-1.0366761580574777,2.074395923262776,-0.5087503938008006,-2.224601069865088,12.69995385841637,-1.2205813263498382,-0.7954674626528471,1.5144213294967113,-0.2545031355147842,-0.30459044141100505,0.5791983644592056,-0.5726002704710915,-0.45946211627920613,0.9280854102576233,-0.68182705755666,-0.4080179989146671,0.7637095340419017
1.436000000000001,-0.37069664488627346,0.27357725639309816,5.847963146191011,0.04388673346297062,-1.022507518040029,2.0474378421906017,0.0019499619453730178,-1.0372776029502517,2.0755395383539845,-0.5112622603109702,-2.2477050872980633,12.705390145325724,-1.2245308688151966,-0.7882886321431735,1.5005592912946653,-0.23628561111734622,-0.30235381536742867,0.5749496197751122,-0.5772181001593157,-0.4582080728793127,0.9266364034370321,-0.6825165257997727,-0.408966499247436,0.7661245999641398
1.438000000000001,-0.37172270284718123,0.2690526624681859,5.873382429398155,0.04143440779526922,-1.0240753146331665,2.050422066004417,0.0014987793519449252,-1.0378790478430258,2.076683153445193,-0.51377412682114,-2.270809104731039,12.710826432235077,-1.2284804112805547,-0.7811098016334999,1.4866972530926192,-0.2180680867199082,-0.3001171893238523,0.5707008750910189,-0.5818359298475398,-0.4569540294794193,0.9251873966164409,-0.6832059940428854,-0.40991499958020494,0.768539665886378
1.440000000000001,-0.372748760808089,0.2645280685432736,5.898801712605298,0.03898208212756781,-1.025643111226304,2.0534062898182324,0.0010475967585168325,-1.0384804927358,2.0778267685364016,-0.5162859933313096,-2.293913122164014,12.716262719144432,-1.2324299537459131,-0.7739309711238264,1.4728352148905732,-0.1998505623224702,-0.2978805632802759,0.5664521304069255,-0.5864537595357641,-0.45569998607952594,0.9237383897958498,-0.6838954622859981,-0.41086349991297383,0.7709547318086162
1.442000000000001,-0.37377505838317027,0.2600010424891135,5.924221448289908,0.036529209189529954,-1.0272101250863532,2.0563890070881805,0.0005984576483449423,-1.0390817383884772,2.0789700020975435,-0.518792924017635,-2.31702102468601,12.721673299396269,-1.2364098886039794,-0.7667443470402363,1.4589601131242216,-0.18160135939124455,-0.29565201064321667,0.5622171386226315,-0.591077722168191,-0.4544412687696598,0.9222893769384233,-0.684578513456126,-0.41181776039862994,0.7733716919471196
1.444000000000001,-0.3748226874163898,0.2552574980943255,5.949681465415197,0.034027615952094824,-1.0287074567658172,2.0592376055079433,0.00033123798350601313,-1.0396652468525571,2.0800792702528903,-0.5208604469753674,-2.340474794118187,12.724795365239014,-1.2430954816596278,-0.758863906337532,1.4439220381035904,-0.16053200059227696,-0.29414218649638774,0.5592064876278199,-0.5962476652016082,-0.4527664604019385,0.9208398266566141,-0.6846902898900757,-0.41328481383968924,0.7759572831577379
1.446000000000001,-0.3758703164496094,0.2505139536995376,5.9751414825404865,0.0315260227146597,-1.0302047884452814,2.062086203927706,6.401831866708393e-05,-1.040248755316637,2.081188538408237,-0.5229279699330996,-2.3639285635503637,12.72791743108176,-1.249781074715276,-0.7509834656348277,1.4288839630829593,-0.13946264179330936,-0.29263236234955886,0.5561958366330083,-0.6014176082350254,-0.45109165203421725,0.919390276374805,-0.6848020663240255,-0.4147518672807486,0.7785428743683561
1.448000000000001,-0.3769179454828289,0.24577040930474964,6.000601499665776,0.029024429477224577,-1.0317021201247454,2.064934802347469,-0.00020320134617184517,-1.040832263780717,2.082297806563584,-0.524995492890832,-2.3873823329825408,12.731039496924506,-1.2564666677709242,-0.7431030249321233,1.413845888062328,-0.11839328299434175,-0.29112253820272993,0.5531851856381966,-0.6065875512684427,-0.449416843666496,0.9179407260929958,-0.6849138427579753,-0.4162189207218079,0.7811284655789743
1.450000000000001,-0.3779655745160485,0.24102686490996167,6.026061516791066,0.026522836239789453,-1.0331994518042094,2.0677834007672318,-0.00047042101101077427,-1.041415772244797,2.083407074718931,-0.5270630158485643,-2.4108361024147174,12.734161562767252,-1.2631522608265724,-0.735222584229419,1.3988078130416968,-0.09732392419537414,-0.28961271405590105,0.5501745346433851,-0.6117574943018598,-0.44774203529877465,0.9164911758111868,-0.6850256191919251,-0.4176859741628672,0.7837140567895925
1.452000000000001,-0.3790185130580341,0.2362146787096512,6.0515264164115115,0.023996505650448134,-1.0346727480993465,2.070585837767954,-0.0006708754915893672,-1.0419960048724553,2.084510042623377,-0.52897901686765,-2.4343810716257788,12.736351536722957,-1.2710318983466438,-0.7271268819770355,1.3832008262620832,-0.07501596053819697,-0.28831438186823494,0.5477342711404294,-0.6171701887018926,-0.4463282903322177,0.9148555875176382,-0.6849147686384167,-0.41893967513797525,0.7865766167810921
1.454000000000001,-0.3800833129196662,0.23124914830513943,6.077002223413084,0.021414912389718332,-1.036092349902414,2.0732851512273642,-0.0007221780964149682,-1.0425689193573966,2.085598935913188,-0.5305565213841461,-2.4581297790312235,12.736459238984722,-1.281579003553268,-0.7185502904068456,1.3663229037855158,-0.04994098230650187,-0.2874885178204425,0.5465682400874974,-0.6231251840342666,-0.445497754959186,0.9128043946133977,-0.6843065745496438,-0.4197167516441224,0.790057918616131
1.456000000000001,-0.3811481127812983,0.22628361790062765,6.102478030414657,0.01883331912898853,-1.0375119517054814,2.075984464686774,-0.0007734807012405692,-1.0431418338423382,2.0866878292029987,-0.5321340259006422,-2.4818784864366683,12.736566941246487,-1.2921261087598923,-0.7099736988366558,1.3494449813089482,-0.024866004074806755,-0.28666265377265004,0.5454022090345654,-0.6290801793666406,-0.44466721958615424,0.9107532017091572,-0.683698380460871,-0.42049382815026964,0.7935392204511699
1.458000000000001,-0.3822129126429304,0.22131808749611587,6.12795383741623,0.016251725868258723,-1.0389315535085488,2.0786837781461838,-0.0008247833060661702,-1.0437147483272795,2.0877767224928094,-0.5337115304171383,-2.505627193842113,12.73667464350825,-1.3026732139665165,-0.701397107266466,1.3325670588323808,0.0002089741568883502,-0.28583678972485754,0.5442361779816335,-0.6350351746990146,-0.44383668421312256,0.9087020088049167,-0.6830901863720982,-0.4212709046564168,0.7970205222862087
1.460000000000001,-0.38327771250456255,0.21635255709160411,6.153429644417804,0.013670132607528923,-1.040351155311616,2.0813830916055935,-0.000876085910891771,-1.0442876628122209,2.08886561578262,-0.5352890349336343,-2.529375901247558,12.736782345770015,-1.3132203191731406,-0.6928205156962762,1.3156891363558134,0.025283952388583456,-0.2850109256770651,0.5430701469287015,-0.6409901700313887,-0.4430061488400908,0.9066508159006763,-0.6824819922833253,-0.422047981162564,0.8005018241212476
1.462000000000001,-0.3843499892821828,0.21125071298565895,6.178901251847123,0.011021626623418154,-1.0417209171762676,2.083986845406708,-0.0007804683547457891,-1.0448594326041292,2.0899521902896447,-0.5365327127446177,-2.5532610709568635,12.73638641408965,-1.3245259484451795,-0.6841137545061703,1.2997868280567644,0.050123939662280285,-0.2851921009184442,0.5425860071939853,-0.6459862293528044,-0.4408989111317873,0.9070950172957423,-0.6850476390245646,-0.4247387211099209,0.8024984652196036
1.464000000000001,-0.38542710036091826,0.20606073341317957,6.204370143986226,0.008329857313388974,-1.0430584543549326,2.0865288138188474,-0.0005898575822587278,-1.045430462279281,2.0910372655563103,-0.537560550386032,-2.5772344722136116,12.735664851075198,-1.3363220117064638,-0.6753228303884992,1.284515316293858,0.07481199035515859,-0.2860243910267526,0.5425427535097881,-0.6503622756321444,-0.4379662042684297,0.9091526496111307,-0.6896653754627093,-0.4286667660266755,0.8035351788470109
1.466000000000001,-0.3865042114396537,0.20087075384070022,6.22983903612533,0.0056380880033597945,-1.0443959915335979,2.0890707822309866,-0.0003992468097716666,-1.046001491954433,2.092122340822976,-0.5385883880274462,-2.6012078734703596,12.734943288060746,-1.3481180749677482,-0.666531906270828,1.2692438045309518,0.09950004104803689,-0.286856681135061,0.5424994998255908,-0.6547383219114845,-0.4350334974050721,0.9112102819265192,-0.694283111900854,-0.43259481094343016,0.8045718924744182
1.468000000000001,-0.3875813225183891,0.19568077426822084,6.2553079282644335,0.002946318693330615,-1.0457335287122629,2.0916127506431264,-0.0002086360372846053,-1.0465725216295847,2.0932074160896414,-0.5396162256688606,-2.6251812747271077,12.734221725046295,-1.3599141382290325,-0.6577409821531569,1.2539722927680454,0.12418809174091522,-0.2876889712433694,0.5424562461413935,-0.6591143681908246,-0.4321007905417144,0.9132679142419077,-0.6989008483389988,-0.4365228558601848,0.8056086061018254
1.470000000000001,-0.38865843359712454,0.19049079469574146,6.2807768204035375,0.0002545493833014355,-1.047071065890928,2.0941547190552656,-1.80252647975441e-05,-1.0471435513047367,2.0942924913563075,-0.5406440633102749,-2.649154675983856,12.733500162031843,-1.3717102014903169,-0.6489500580354858,1.2387007810051391,0.14887614243379352,-0.28852126135167777,0.5424129924571963,-0.6634904144701647,-0.4291680836783568,0.9153255465572961,-0.7035185847771436,-0.44045090077693944,0.8066453197292327
1.472000000000001,-0.3894147902378599,0.23861589945653247,6.299530365618179,-0.0014675665804929812,-1.0481481638618861,2.0954861421052433,0.0004431348765024623,-1.0477201488425814,2.0946506840826458,-0.4368192385667846,14.400681931526016,10.59161661287672,-1.0430389929638295,-0.5809326863187869,0.8762095511714146,0.19528142914171853,-0.28756522882634933,0.3106280009483265,-0.5360574753452618,-0.34630008228250536,0.7392201763875808,-0.5683959521774841,-0.3559340448664084,0.6513903392823033
1.474000000000001,-0.39013764647779486,0.29230936581197,6.317582543098408,-0.003088409508319887,-1.0491980609065013,2.0966911327508178,0.0009325518748175807,-1.0482973279020193,2.0949329593670076,-0.322043337863799,33.233750228829514,8.226104716873003,-0.678808525661603,-0.5067295553498615,0.47745382007715265,0.2439549186384103,-0.2864224193841969,0.0546393190783353,-0.3948580740392929,-0.25508343753932017,0.5445070138260624,-0.418678483727846,-0.2621797809095837,0.47981186094112604
1.476000000000001,-0.3908605027177298,0.3460028321674075,6.3356347205786365,-0.004709252436146793,-1.0502479579511161,2.0978961233963918,0.001421968873132699,-1.0488745069614573,2.095215234651369,-0.20726743716081342,52.066818526133005,5.860592820869283,-0.3145780583593767,-0.43252642438093614,0.07869808898289077,0.29262840813510205,-0.2852796099420444,-0.20134936279165583,-0.2536586727333241,-0.16386679279613492,0.349793851264544,-0.268961015278208,-0.16842551695275898,0.3082333825999488
1.478000000000001,-0.3915833589576647,0.39969629852284505,6.353686898058865,-0.006330095363973698,-1.051297854995731,2.099101114041966,0.0019113858714478174,-1.0494516860208951,2.095497509935731,-0.09249153645782782,70.8998868234365,3.4950809248655634,0.049652408942849835,-0.3583232934120107,-0.3200576421113712,0.34130189763179386,-0.28413680049989193,-0.45733804466164707,-0.11245927142735523,-0.07265014805294973,0.1550806887030256,-0.11924354682856997,-0.0746712529959343,0.13665490425877158
