t,x,y,r,bh,bt,fh,ft,dx,dy,dr,dbh,dbt,dfh,dft,ubh,ubt,ufh,uft
0.0,0.0,0.20500000000000002,0.0,-1.0471975511965979,2.0943951023931953,-1.0471975511965979,2.0943951023931953,0.0,0.0,0.0,0.0,0.0,0.0,0.0,-48.0,-72.0,-48.0,-72.0
0.001,0.0002050122136308732,0.20519664902078177,0.0031937772781878643,-1.0525323521542096,2.0964692299774343,-1.049134698955963,2.090147963282232,0.020860292709923026,0.019103733971693723,0.3220721655165021,-0.5479712423392199,0.21167782215342243,-0.1884056953590008,-0.42788180616572896,-44.93757825795223,-67.87316087398807,-44.97831551071572,-67.63837383923324
0.002,0.0004100244272617464,0.20539329804156353,0.006387554556375729,-1.0578671531118218,2.098543357561674,-1.0510718467153275,2.0859008241712695,0.04172058541984605,0.038207467943387446,0.6441443310330042,-1.0959424846784398,0.42335564430684486,-0.3768113907180016,-0.8557636123314579,-41.875156515904465,-63.74632174797614,-41.956631021431434,-63.27674767846648
0.003,0.0006150366408926197,0.2055899470623453,0.009581331834563594,-1.0632019540694335,2.100617485145913,-1.0530089944746925,2.0816536850603065,0.06258087812976908,0.05731120191508117,0.9662164965495063,-1.6439137270176598,0.6350334664602673,-0.5652170860770024,-1.283645418497187,-38.8127347738567,-59.6194826219642,-38.93494653214715,-58.91512151769972
0.004,0.0008200488545234929,0.20578659608312705,0.012775109112751457,-1.0685367550270457,2.1026916127301525,-1.0549461422340571,2.0774065459493434,0.0834411708396921,0.07641493588677489,1.2882886620660083,-2.1918849693568796,0.8467112886136897,-0.7536227814360033,-1.7115272246629158,-35.75031303180893,-55.49264349595227,-35.91326204286287,-54.553495356932956
0.005,0.0010250610681543663,0.2059832451039088,0.015968886390939324,-1.0738715559846574,2.1047657403143916,-1.0568832899934222,2.0731594068383803,0.10430146354961514,0.09551866985846862,1.6103608275825105,-2.7398562116961,1.0583891107671122,-0.9420284767950041,-2.139409030828645,-32.687891289761154,-51.365804369940335,-32.891577553578585,-50.191869196166195
0.006,0.0012300732817852394,0.20617989412469057,0.019162663669127188,-1.0792063569422696,2.1068398678986306,-1.0588204377527872,2.0689122677274177,0.12516175625953815,0.11462240383016234,1.9324329930990125,-3.2878274540353196,1.2700669329205345,-1.1304341721540048,-2.567290836994374,-29.62546954771339,-47.238965243928405,-29.8698930642943,-45.830243035399434
0.007,0.0014350854954161127,0.20637654314547232,0.02235644094731505,-1.0845411578998814,2.10891399548287,-1.0607575855121518,2.0646651286164546,0.1460220489694612,0.13372613780185605,2.2545051586155145,-3.8357986963745394,1.4817447550739569,-1.3188398675130055,-2.9951726431601027,-26.563047805665622,-43.112126117916475,-26.848208575010016,-41.46861687463268
0.008,0.0016400977090469857,0.2065731921662541,0.025550218225502914,-1.0898759588574936,2.1109881230671093,-1.0626947332715169,2.0604179895054915,0.1668823416793842,0.15282987177354979,2.5765773241320167,-4.383769938713759,1.6934225772273794,-1.5072455628720065,-3.4230544493258317,-23.500626063617855,-38.985286991904545,-23.826524085725733,-37.10699071386592
0.009000000000000001,0.0018451099226778592,0.20676984118703587,0.028743995503690785,-1.0952107598151053,2.113062250651349,-1.0646318810308815,2.0561708503945284,0.18774263438930727,0.17193360574524352,2.8986494896485193,-4.93174118105298,1.905100399380802,-1.6956512582310075,-3.850936255491561,-20.438204321570083,-34.85844786589261,-20.804839596441447,-32.74536455309915
0.010000000000000002,0.0020501221363087327,0.20696649020781763,0.031937772781878655,-1.1005455607727175,2.115136378235588,-1.0665690287902465,2.0519237112835658,0.2086029270992303,0.1910373397169373,3.2207216551650215,-5.4797124233922005,2.116778221534225,-1.8840569535900085,-4.278818061657291,-17.37578257952231,-30.73160873988067,-17.783155107157157,-28.38373839233239
0.011000000000000003,0.002255134349939606,0.20716313922859939,0.03513155006006652,-1.1058803617303292,2.117210505819827,-1.0685061765496116,2.0476765721726027,0.22946321980915335,0.210141073688631,3.5427938206815237,-6.027683665731421,2.3284560436876474,-2.0724626489490094,-4.706699867823019,-14.31336083747454,-26.60476961386874,-14.761470617872874,-24.02211223156563
0.012000000000000004,0.0024601465635704796,0.20735978824938114,0.03832532733825438,-1.1112151626879414,2.1192846334040665,-1.0704433243089762,2.0434294330616396,0.2503235125190764,0.22924480766032473,3.8648659861980263,-6.575654908070641,2.54013386584107,-2.2608683443080104,-5.134581673988749,-11.250939095426766,-22.477930487856796,-11.739786128588591,-19.66048607079886
0.013000000000000005,0.002665158777201353,0.2075564372701629,0.04151910461644225,-1.1165499636455531,2.1213587609883056,-1.0723804720683412,2.0391822939506765,0.2711838052289995,0.2483485416320185,4.1869381517145285,-7.123626150409862,2.7518116879944925,-2.4492740396670114,-5.562463480154479,-8.188517353378998,-18.35109136184486,-8.718101639304301,-15.298859910032093
0.014000000000000005,0.002870170990832226,0.20775308629094466,0.044712881894630116,-1.1218847646031653,2.123432888572545,-1.0743176198277058,2.034935154839714,0.2920440979389225,0.2674522756037122,4.509010317231031,-7.671597392749082,2.963489510147915,-2.6376797350260124,-5.990345286320208,-5.12609561133123,-14.224252235832928,-5.696417150020018,-10.937233749265339
0.015000000000000006,0.0030751832044631005,0.20794973531172642,0.047906659172818,-1.127219565560777,2.125507016156784,-1.0762547675870708,2.030688015728751,0.3129043906488454,0.28655600957540583,4.831082482747531,-8.219568635088299,3.1751673323013363,-2.826085430385012,-6.418227092485934,-2.063673869283478,-10.097413109821021,-2.6747326607357516,-6.575607588498593
0.016000000000000007,0.00339918364841245,0.20821805444330418,0.052836107972920106,-1.1359267578823427,2.1288197613788142,-1.0789435959981808,2.024167991693718,0.31440538808031626,0.28403090819314236,4.8453657877271645,-8.288109206963549,3.1941520645389976,-2.8092515708886703,-6.432249255235971,-2.069843914042168,-10.04875685708016,-2.6710157215867274,-6.565700318733282
0.017000000000000008,0.0037231840923617992,0.20848637357488195,0.05776555677302221,-1.1446339502039078,2.1321325066008443,-1.0816324244092907,2.017647967658685,0.3159063855117871,0.28150580681087894,4.859649092706798,-8.356649778838797,3.2131367967766584,-2.7924177113923285,-6.446271417986007,-2.0760139588008575,-10.000100604339302,-2.6672987824377032,-6.555793048967971
0.01800000000000001,0.004047184536311149,0.2087546927064597,0.06269500557312432,-1.1533411425254734,2.135445251822874,-1.0843212528204003,2.011127943623652,0.317407382943258,0.27898070542861547,4.873932397686431,-8.425190350714047,3.2321215290143193,-2.7755838518959868,-6.460293580736044,-2.0821840035595476,-9.951444351598443,-2.6635818432886795,-6.545885779202661
0.01900000000000001,0.004371184980260498,0.20902301183803745,0.06762445437322642,-1.1620483348470385,2.138757997044904,-1.0870100812315102,2.0046079195886195,0.31890838037472885,0.27645560404635205,4.888215702666064,-8.493730922589295,3.25110626125198,-2.758749992399645,-6.4743157434860805,-2.0883540483182372,-9.902788098857583,-2.6598649041396554,-6.53597850943735
0.02000000000000001,0.004695185424209847,0.20929133096961522,0.07255390317332854,-1.170755527168604,2.142070742266934,-1.0896989096426202,1.9980878955535866,0.3204093778061997,0.27393050266408864,4.902499007645697,-8.562271494464543,3.2700909934896414,-2.7419161329033037,-6.488337906236117,-2.094524093076927,-9.854131846116724,-2.656147964990631,-6.5260712396720395
0.02100000000000001,0.005019185868159196,0.20955965010119298,0.07748335197343065,-1.1794627194901692,2.1453834874889637,-1.0923877380537297,1.9915678715185536,0.3219103752376706,0.27140540128182516,4.9167823126253305,-8.630812066339793,3.2890757257273022,-2.725082273406962,-6.502360068986153,-2.1006941378356165,-9.805475593375865,-2.652431025841607,-6.516163969906729
0.022000000000000013,0.005343186312108545,0.20982796923277072,0.08241280077353275,-1.1881699118117348,2.1486962327109937,-1.0950765664648396,1.9850478474835207,0.32341137266914144,0.26888029989956175,4.931065617604964,-8.699352638215041,3.308060457964963,-2.70824841391062,-6.5163822317361895,-2.106864182594306,-9.756819340635005,-2.6487140866925833,-6.506256700141418
0.023000000000000013,0.005667186756057895,0.2100962883643485,0.08734224957363486,-1.1968771041333,2.152008977933024,-1.0977653948759496,1.978527823448488,0.3249123701006123,0.2663551985172983,4.945348922584597,-8.76789321009029,3.327045190202624,-2.6914145544142785,-6.530404394486226,-2.113034227352996,-9.708163087894146,-2.644997147543559,-6.496349430376108
0.024000000000000014,0.0059911872000072445,0.21036460749592625,0.09227169837373696,-1.205584296454865,2.155321723155054,-1.1004542232870596,1.972007799413455,0.32641336753208317,0.26383009713503486,4.95963222756423,-8.836433781965539,3.3460299224402847,-2.6745806949179367,-6.544426557236262,-2.1192042721116855,-9.659506835153287,-2.641280208394535,-6.486442160610797
0.025000000000000015,0.006315187643956594,0.210632926627504,0.09720114717383907,-1.2142914887764307,2.1586344683770835,-1.103143051698169,1.9654877753784223,0.32791436496355403,0.26130499575277144,4.973915532543863,-8.904974353840789,3.365014654677946,-2.657746835421595,-6.558448719986299,-2.1253743168703756,-9.610850582412427,-2.6375632692455113,-6.476534890845486
0.026000000000000016,0.006639188087905944,0.21090124575908176,0.10213059597394117,-1.2229986810979958,2.1619472135991136,-1.105831880109279,1.9589677513433894,0.3294153623950249,0.25877989437050797,4.9881988375234965,-8.973514925716037,3.383999386915607,-2.6409129759252536,-6.572470882736336,-2.1315443616290652,-9.562194329671568,-2.633846330096487,-6.466627621080176
0.027000000000000017,0.006963188531855293,0.21116956489065952,0.10706004477404328,-1.2317058734195614,2.1652599588211436,-1.108520708520389,1.9524477273083565,0.33091635982649575,0.25625479298824455,5.00248214250313,-9.042055497591285,3.4029841191532677,-2.624079116428912,-6.586493045486372,-2.137714406387755,-9.513538076930708,-2.630129390947463,-6.456720351314865
0.028000000000000018,0.007287188975804642,0.2114378840222373,0.1119894935741454,-1.2404130657411265,2.1685727040431737,-1.111209536931499,1.9459277032733238,0.3324173572579666,0.2537296916059811,5.016765447482763,-9.110596069466535,3.4219688513909285,-2.60724525693257,-6.600515208236408,-2.1438844511464445,-9.464881824189849,-2.626412451798439,-6.446813081549554
0.02900000000000002,0.007611189419753991,0.21170620315381503,0.11691894237424749,-1.2491202580626921,2.1718854492652033,-1.1138983653426084,1.9394076792382908,0.33391835468943754,0.25120459022371766,5.031048752462397,-9.179136641341783,3.44095358362859,-2.5904113974362284,-6.614537370986445,-2.150054495905134,-9.41622557144899,-2.622695512649415,-6.436905811784244
0.03000000000000002,0.00793518986370334,0.2119745222853928,0.12184839117434962,-1.2578274503842573,2.1751981944872334,-1.1165871937537184,1.932887655203258,0.33541935212090834,0.24867948884145422,5.045332057442029,-9.247677213217033,3.4599383158662507,-2.5735775379398866,-6.628559533736481,-2.1562245406638225,-9.367569318708131,-2.6189785735003897,-6.426998542018933
0.03100000000000002,0.008280454174713278,0.2122031012186069,0.12700547387458633,-1.2676405645304838,2.1787696745721745,-1.11905836043567,1.9261643462165388,0.3366054704606518,0.2460621386279648,5.058787494642938,-9.321205723991776,3.4717918652557334,-2.5593109938811507,-6.639822721566165,-2.1004484930669585,-9.352676360458084,-2.5505698602621427,-6.416442951452304
0.03200000000000002,0.008625718485723218,0.212431680151821,0.13216255657482304,-1.27745367867671,2.1823411546571156,-1.1215295271176218,1.9194410372298196,0.3377915888003952,0.24344478841447542,5.072242931843848,-9.39473423476652,3.4836454146452165,-2.5450444498224143,-6.651085909395849,-2.044672445470094,-9.337783402208037,-2.4821611470238953,-6.405887360885675
0.03300000000000002,0.008970982796733156,0.2126602590850351,0.13731963927505975,-1.287266792822936,2.1859126347420568,-1.1240006937995735,1.9127177282431003,0.33897770714013864,0.240827438200986,5.085698369044756,-9.468262745541264,3.4954989640346996,-2.530777905763678,-6.662349097225533,-1.9888963978732295,-9.32289044395799,-2.4137524337856484,-6.3953317703190455
0.03400000000000002,0.009316247107743095,0.2128888380182492,0.14247672197529646,-1.2970799069691625,2.189484114826998,-1.1264718604815251,1.9059944192563811,0.3401638254798821,0.2382100879874966,5.099153806245665,-9.541791256316008,3.5073525134241823,-2.516511361704942,-6.673612285055217,-1.933120350276365,-9.307997485707942,-2.3453437205474015,-6.384776179752416
0.035000000000000024,0.009661511418753033,0.21311741695146333,0.14763380467553316,-1.3068930211153886,2.193055594911939,-1.1289430271634764,1.8992711102696618,0.3413499438196255,0.23559273777400722,5.112609243446574,-9.615319767090751,3.5192060628136654,-2.5022448176462055,-6.684875472884901,-1.8773443026795007,-9.293104527457896,-2.2769350073091545,-6.3742205891857875
0.036000000000000025,0.010006775729762971,0.21334599588467743,0.15279088737576987,-1.3167061352616147,2.19662707499688,-1.131414193845428,1.8925478012829426,0.34253606215936894,0.2329753875605178,5.126064680647483,-9.688848277865496,3.5310596122031486,-2.4879782735874696,-6.696138660714585,-1.8215682550826364,-9.278211569207848,-2.208526294070907,-6.363664998619158
0.037000000000000026,0.01035204004077291,0.21357457481789152,0.15794797007600658,-1.3265192494078408,2.2001985550818213,-1.1338853605273798,1.8858244922962233,0.34372218049911235,0.23035803734702842,5.139520117848392,-9.762376788640239,3.5429131615926313,-2.473711729528733,-6.707401848544269,-1.765792207485772,-9.263318610957802,-2.1401175808326602,-6.3531094080525286
0.03800000000000003,0.010697304351782849,0.21380315375110562,0.1631050527762433,-1.3363323635540674,2.2037700351667624,-1.1363565272093314,1.8791011833095042,0.3449082988388558,0.227740687133539,5.1529755550493,-9.835905299414984,3.5547667109821144,-2.459445185469997,-6.718665036373952,-1.7100161598889074,-9.248425652707754,-2.0717088675944133,-6.3425538174859
0.03900000000000003,0.011042568662792787,0.21403173268431974,0.16826213547648,-1.3461454777002935,2.2073415152517035,-1.1388276938912831,1.872377874322785,0.34609441717859923,0.2251233369200496,5.16643099225021,-9.909433810189727,3.5666202603715975,-2.445178641411261,-6.729928224203637,-1.654240112292043,-9.233532694457706,-2.0033001543561664,-6.3319982269192705
0.04000000000000003,0.011387832973802725,0.21426031161753384,0.17341921817671668,-1.3559585918465196,2.2109129953366446,-1.1412988605732348,1.8656545653360657,0.34728053551834265,0.22250598670656022,5.179886429451119,-9.982962320964472,3.57847380976108,-2.4309120973525244,-6.741191412033321,-1.5984640646951789,-9.21863973620766,-1.9348914411179192,-6.321442636352642
0.04100000000000003,0.011733097284812664,0.21448889055074793,0.17857630087695342,-1.365771705992746,2.2144844754215858,-1.1437700272551865,1.8589312563493465,0.3484666538580861,0.2198886364930708,5.193341866652028,-10.056490831739215,3.5903273591505633,-2.416645553293788,-6.752454599863005,-1.5426880170983144,-9.203746777957612,-1.866482727879672,-6.3108870457860125
0.04200000000000003,0.012078361595822602,0.21471746948396203,0.1837333835771901,-1.3755848201389722,2.218055955506527,-1.1462411939371382,1.8522079473626272,0.34965277219782953,0.21727128627958142,5.2067973038529365,-10.13001934251396,3.6021809085400465,-2.402379009235052,-6.763717787692689,-1.4869119695014499,-9.188853819707566,-1.7980740146414251,-6.300331455219383
0.04300000000000003,0.01242362590683254,0.21494604841717616,0.18889046627742684,-1.3853979342851983,2.221627435591468,-1.1487123606190894,1.845484638375908,0.35083889053757294,0.214653936066092,5.220252741053845,-10.203547853288702,3.614034457929529,-2.3881124651763157,-6.774980975522372,-1.4311359219045854,-9.173960861457518,-1.7296653014031782,-6.289775864652754
0.04400000000000003,0.012768890217842478,0.21517462735039025,0.19404754897766352,-1.3952110484314248,2.225198915676409,-1.1511835273010411,1.8387613293891887,0.35202500887731636,0.2120365858526026,5.233708178254754,-10.277076364063447,3.6258880073190123,-2.3738459211175797,-6.786244163352056,-1.375359874307721,-9.15906790320747,-1.661256588164931,-6.279220274086125
0.04500000000000003,0.013114154528852418,0.21540320628360435,0.19920463167790026,-1.405024162577651,2.2287703957613503,-1.1536546939829928,1.8320380204024695,0.3532111272170598,0.20941923563911322,5.247163615455663,-10.35060487483819,3.6377415567084945,-2.3595793770588434,-6.79750735118174,-1.3195838267108564,-9.144174944957424,-1.5928478749266846,-6.2686646835194955
0.046000000000000034,0.013471677070089574,0.21559551790621767,0.20449191743005335,-1.4158325457734722,2.232377670314876,-1.1558877070130644,1.8252150861175716,0.3536700714145676,0.20721224621677178,5.250625904371044,-10.408188154556616,3.6302484539415496,-2.3423163973577847,-6.799014446698021,-1.2534830305143139,-9.13100209296148,-1.5400177295021915,-6.25495952395545
0.047000000000000035,0.013829199611326731,0.215787829528831,0.20977920318220647,-1.4266409289692934,2.2359849448684024,-1.158120720043136,1.8183921518326733,0.3541290156120753,0.20500525679443032,5.2540881932864245,-10.465771434275041,3.6227553511746042,-2.3250534176567266,-6.8005215422143035,-1.1873822343177713,-9.117829240965538,-1.4871875840776987,-6.241254364391405
0.048000000000000036,0.014186722152563886,0.21598014115144432,0.2150664889343596,-1.4374493121651146,2.239592219421928,-1.1603537330732072,1.8115692175477753,0.35458795980958313,0.20279826737208886,5.257550482201806,-10.523354713993465,3.615262248407659,-2.3077904379556684,-6.802028637730585,-1.1212814381212288,-9.104656388969595,-1.4343574386532056,-6.227549204827359
0.04900000000000004,0.014544244693801042,0.21617245277405764,0.22035377468651268,-1.4482576953609358,2.243199493975454,-1.1625867461032788,1.8047462832628771,0.3550469040070909,0.20059127794974743,5.261012771117187,-10.58093799371189,3.6077691456407135,-2.2905274582546102,-6.803535733246866,-1.0551806419246863,-9.091483536973653,-1.3815272932287128,-6.213844045263314
0.05000000000000004,0.014901767235038199,0.21636476439667096,0.2256410604386658,-1.459066078556757,2.24680676852898,-1.1648197591333505,1.7979233489779791,0.35550584820459863,0.19838428852740597,5.264475060032567,-10.638521273430316,3.600276042873768,-2.2732644785535516,-6.805042828763147,-0.9890798457281439,-9.07831068497771,-1.32869714780422,-6.2001388856992685
0.05100000000000004,0.015259289776275355,0.21655707601928426,0.23092834619081892,-1.4698744617525783,2.250414043082506,-1.1670527721634216,1.7911004146930811,0.35596479240210643,0.1961772991050645,5.267937348947949,-10.69610455314874,3.592782940106823,-2.2560014988524935,-6.806549924279429,-0.9229790495316015,-9.065137832981767,-1.275867002379727,-6.186433726135223
0.05200000000000004,0.01561681231751251,0.21674938764189758,0.23621563194297202,-1.4806828449483995,2.254021317636032,-1.1692857851934932,1.784277480408183,0.3564237365996142,0.19397030968272308,5.27139963786333,-10.753687832867165,3.585289837339878,-2.2387385191514353,-6.808057019795711,-0.856878253335059,-9.051964980985824,-1.2230368569552341,-6.172728566571178
0.05300000000000004,0.015974334858749665,0.2169416992645109,0.24150291769512514,-1.4914912281442212,2.257628592189558,-1.1715187982235649,1.777454546123285,0.356882680797122,0.19176332026038162,5.27486192677871,-10.81127111258559,3.5777967345729325,-2.221475539450377,-6.809564115311992,-0.7907774571385165,-9.038792128989881,-1.1702067115307413,-6.159023407007132
0.05400000000000004,0.016331857399986823,0.21713401088712422,0.24679020344727826,-1.5022996113400424,2.2612358667430836,-1.173751811253636,1.770631611838387,0.35734162499462974,0.18955633083804016,5.2783242156940915,-10.868854392304014,3.570303631805987,-2.204212559749319,-6.811071210828273,-0.724676660941974,-9.025619276993938,-1.1173765661062482,-6.145318247443087
0.05500000000000004,0.016689379941223978,0.21732632250973755,0.25207748919943135,-1.5131079945358636,2.2648431412966095,-1.1759848242837077,1.7638086775534887,0.3578005691921375,0.1873493414156987,5.281786504609473,-10.92643767202244,3.5628105290390417,-2.1869495800482603,-6.812578306344555,-0.6585758647454315,-9.012446424997997,-1.0645464206817554,-6.131613087879042
0.05600000000000004,0.017046902482461136,0.21751863413235087,0.25736477495158444,-1.5239163777316849,2.2684504158501357,-1.1782178373137793,1.7569857432685907,0.3582595133896453,0.18514235199335727,5.285248793524854,-10.984020951740865,3.5553174262720963,-2.169686600347202,-6.8140854018608366,-0.5924750685488891,-8.999273573002053,-1.0117162752572626,-6.117907928314996
0.057000000000000044,0.01740442502369829,0.2177109457549642,0.2626520607037376,-1.534724760927506,2.2720576904036616,-1.1804508503438504,1.7501628089836927,0.35871845758715304,0.1829353625710158,5.288711082440234,-11.041604231459289,3.5478243235051514,-2.152423620646144,-6.815592497377118,-0.5263742723523466,-8.98610072100611,-0.9588861298327696,-6.10420276875095
0.058000000000000045,0.017761947564935446,0.21790325737757751,0.2679393464558907,-1.5455331441233273,2.2756649649571874,-1.182683863373922,1.7433398746987945,0.35917740178466084,0.18072837314867435,5.292173371355616,-11.099187511177714,3.540331220738206,-2.135160640945086,-6.8170995928934,-0.46027347615580405,-8.972927869010167,-0.9060559844082766,-6.0904976091869045
0.059000000000000045,0.018119470106172604,0.2180955690001908,0.2732266322080438,-1.5563415273191485,2.2792722395107132,-1.1849168764039937,1.7365169404138965,0.3596363459821686,0.17852138372633292,5.295635660270997,-11.15677079089614,3.5328381179712607,-2.1178976612440272,-6.818606688409681,-0.39417267995926164,-8.959755017014224,-0.8532258389837838,-6.076792449622859
0.060000000000000046,0.01847699264740976,0.21828788062280413,0.2785139179601969,-1.5671499105149698,2.282879514064239,-1.1871498894340649,1.7296940061289985,0.36009529017967634,0.17631439430399148,5.299097949186376,-11.214354070614563,3.5253450152043144,-2.100634681542969,-6.820113783925962,-0.3280718837627185,-8.946582165018283,-0.8003956935592914,-6.063087290058814
0.06100000000000005,0.01883633756744175,0.2184507901131613,0.2837588159684567,-1.5786241091661788,2.2862174940094326,-1.189107483675015,1.7229418473974465,0.3598895149768998,0.17462582239137284,5.28935640621986,-11.242709120484955,3.496763880066431,-2.081238724681933,-6.808592159151063,-0.25004043943477955,-8.933671572665151,-0.7599073739154609,-6.047654106998933
0.06200000000000005,0.019195682487473744,0.21861369960351842,0.2890037139767164,-1.5900983078173883,2.289555473954626,-1.1910650779159657,1.7161896886658945,0.3596837397741233,0.1729372504787542,5.279614863253343,-11.271064170355347,3.4681827449285474,-2.061842767820897,-6.797070534376164,-0.1720089951068406,-8.92076098031202,-0.7194190542716304,-6.032220923939051
0.06300000000000004,0.019555027407505737,0.21877660909387556,0.2942486119849762,-1.6015725064685973,2.29289345389982,-1.193022672156916,1.7094375299343425,0.3594779645713468,0.17124867856613557,5.269873320286826,-11.299419220225737,3.4396016097906643,-2.042446810959861,-6.785548909601266,-0.09397755077890219,-8.907850387958888,-0.6789307346278002,-6.01678774087917
0.06400000000000004,0.01991437232753773,0.21893951858423272,0.299493509993236,-1.6130467051198063,2.2962314338450134,-1.1949802663978661,1.7026853712027907,0.3592721893685703,0.16956010665351692,5.26013177732031,-11.327774270096128,3.411020474652781,-2.023050854098825,-6.774027284826367,-0.015946106450963227,-8.894939795605756,-0.6384424149839696,-6.0013545578192895
0.06500000000000004,0.020273717247569722,0.21910242807458985,0.30473840800149576,-1.6245209037710153,2.299569413790207,-1.1969378606388164,1.6959332124712387,0.35906641416579377,0.16787153474089828,5.250390234353793,-11.35612931996652,3.3824393395148973,-2.003654897237789,-6.762505660051469,0.06208533787697573,-8.882029203252625,-0.5979540953401392,-5.985921374759409
0.06600000000000004,0.020633062167601714,0.219265337564947,0.30998330600975554,-1.6359951024222243,2.3029073937354005,-1.1988954548797666,1.6891810537396867,0.3588606389630173,0.16618296282827963,5.240648691387276,-11.384484369836912,3.353858204377014,-1.9842589403767532,-6.75098403527657,0.14011678220491464,-8.869118610899493,-0.5574657756963086,-5.970488191699527
0.06700000000000005,0.020992407087633707,0.21942824705530414,0.3152282040180153,-1.6474693010734338,2.306245373680594,-1.2008530491207172,1.6824288950081348,0.3586548637602408,0.16449439091566098,5.2309071484207585,-11.412839419707304,3.3252770692391307,-1.9648629835157172,-6.739462410501671,0.21814822653285365,-8.856208018546361,-0.5169774560524781,-5.955055008639646
0.06800000000000005,0.0213517520076657,0.21959115654566128,0.3204731020262751,-1.6589434997246428,2.3095833536257877,-1.2028106433616674,1.675676736276583,0.35844908855746427,0.16280581900304236,5.221165605454242,-11.441194469577695,3.296695934101247,-1.9454670266546812,-6.727940785726773,0.2961796708607926,-8.84329742619323,-0.4764891364086476,-5.939621825579764
0.06900000000000005,0.021711096927697692,0.21975406603601844,0.3257180000345349,-1.6704176983758519,2.3129213335709813,-1.2047682376026176,1.668924577545031,0.3582433133546878,0.16111724709042372,5.211424062487725,-11.469549519448087,3.2681147989633637,-1.9260710697936454,-6.716419160951874,0.37421111518873146,-8.830386833840098,-0.4360008167648171,-5.9241886425198835
0.07000000000000005,0.022070441847729685,0.21991697552637557,0.33096289804279466,-1.6818918970270609,2.316259313516175,-1.2067258318435679,1.662172418813479,0.35803753815191125,0.15942867517780507,5.201682519521208,-11.497904569318477,3.23953366382548,-1.9066751129326094,-6.704897536176976,0.45224255951667053,-8.817476241486967,-0.3955124971209866,-5.908755459460003
0.07100000000000005,0.02242978676776168,0.22007988501673273,0.33620779605105444,-1.6933660956782703,2.3195972934613684,-1.208683426084518,1.655420260081927,0.35783176294913477,0.15774010326518642,5.191940976554691,-11.526259619188869,3.2109525286875966,-1.8872791560715734,-6.693375911402077,0.5302740038446094,-8.804565649133835,-0.35502417747715603,-5.893322276400121
0.07200000000000005,0.022789131687793673,0.22024279450708986,0.34145269405931417,-1.7048402943294794,2.322935273406562,-1.2106410203254687,1.6486681013503752,0.35762598774635823,0.15605153135256777,5.182199433588175,-11.55461466905926,3.1823713935497135,-1.8678831992105374,-6.681854286627178,0.6083054481725483,-8.791655056780703,-0.31453585783332555,-5.87788909334024
0.07300000000000005,0.023148476607825666,0.22040570399744702,0.34669759206757395,-1.7163144929806884,2.3262732533517556,-1.212598614566419,1.6419159426188232,0.35742021254358175,0.15436295943994913,5.172457890621658,-11.582969718929652,3.15379025841183,-1.8484872423495013,-6.670332661852279,0.6863368925004873,-8.778744464427572,-0.274047538189495,-5.862455910280359
0.07400000000000005,0.02350782152785766,0.22056861348780415,0.3519424900758337,-1.7277886916318974,2.329611233296949,-1.2145562088073691,1.6351637838872712,0.3572144373408052,0.15267438752733048,5.162716347655141,-11.611324768800044,3.1252091232739465,-1.8290912854884653,-6.65881103707738,0.7643683368284262,-8.76583387207444,-0.23355921854566453,-5.847022727220478
0.07500000000000005,0.02386716644788965,0.2207315229781613,0.3571873880840935,-1.7392628902831064,2.3329492132421428,-1.2165138030483194,1.6284116251557192,0.3570086621380287,0.1509858156147119,5.152974804688623,-11.639679818670432,3.096627988136062,-1.8096953286274293,-6.647289412302481,0.8423997811563655,-8.752923279721308,-0.19307089890183463,-5.831589544160597
0.07600000000000005,0.024219078014917395,0.22087391272871526,0.3621675023946318,-1.7508367867142898,2.335707448946603,-1.21816721003802,1.6219465150863603,0.35625062465787405,0.14996272493190047,5.1270444402725035,-11.62177888447444,3.048637974846526,-1.7886210049792,-6.620304020487849,0.9269560557595102,-8.73701590426878,-0.16275961918252949,-5.816478709330423
0.07700000000000005,0.02457098958194514,0.2210163024792692,0.3671476167051701,-1.7624106831454727,2.3384656846510636,-1.2198206170277208,1.6154814050170012,0.35549258717771937,0.14893963424908901,5.101114075856384,-11.603877950278447,3.00064796155699,-1.7675466813309708,-6.593318628673217,1.011512330362655,-8.721108528816254,-0.13244833946322432,-5.80136787450025
0.07800000000000006,0.024922901148972887,0.22115869222982318,0.3721277310157084,-1.7739845795766556,2.341223920355524,-1.2214740240174211,1.609016294947642,0.35473454969756474,0.1479165435662776,5.075183711440265,-11.585977016082454,2.9526579482674533,-1.7464723576827417,-6.5663332368585845,1.0960686049657997,-8.705201153363728,-0.10213705974391918,-5.786257039670076
0.07900000000000006,0.02527481271600063,0.22130108198037715,0.37710784532624675,-1.7855584760078385,2.3439821560599845,-1.2231274310071218,1.602551184878283,0.35397651221741006,0.14689345288346617,5.049253347024146,-11.568076081886462,2.904667934977917,-1.7253980340345125,-6.539347845043952,1.1806248795689442,-8.689293777911201,-0.07182578002461402,-5.771146204839903
0.08000000000000006,0.025626724283028375,0.2214434717309311,0.38208795963678505,-1.7971323724390214,2.346740391764445,-1.2247808379968226,1.5960860748089238,0.35321847473725543,0.14587036220065472,5.023322982608026,-11.550175147690469,2.856677921688381,-1.7043237103862832,-6.51236245322932,1.265181154172089,-8.673386402458675,-0.04151450030530887,-5.756035370009729
0.08100000000000006,0.02597863585005612,0.22158586148148507,0.38706807394732334,-1.8087062688702042,2.3494986274689054,-1.2264342449865233,1.5896209647395647,0.35246043725710074,0.1448472715178433,4.997392618191906,-11.532274213494476,2.808687908398845,-1.683249386738054,-6.485377061414687,1.3497374287752337,-8.657479027006149,-0.011203220586003704,-5.7409245351795555
0.08200000000000006,0.026330547417083867,0.22172825123203904,0.39204818825786164,-1.8202801653013871,2.352256863173366,-1.2280876519762236,1.5831558546702058,0.35170239977694606,0.14382418083503187,4.971462253775787,-11.514373279298484,2.7606978951093084,-1.6621750630898249,-6.458391669600055,1.4342937033783785,-8.641571651553623,0.019108059133301436,-5.7258137003493825
0.08300000000000006,0.02668245898411161,0.221870640982593,0.39702830256839994,-1.83185406173257,2.3550150988778262,-1.2297410589659243,1.5766907446008467,0.35094436229679143,0.14280109015222045,4.945531889359668,-11.496472345102491,2.7127078818197723,-1.6411007394415955,-6.431406277785423,1.5188499779815232,-8.625664276101096,0.049419338852606604,-5.710702865519209
0.08400000000000006,0.027034370551139355,0.22201303073314696,0.40200841687893824,-1.843427958163753,2.3577733345822867,-1.231394465955625,1.5702256345314876,0.35018632481663675,0.141777999469409,4.919601524943548,-11.478571410906499,2.664717868530236,-1.6200264157933664,-6.404420885970791,1.603406252584668,-8.60975690064857,0.07973061857191177,-5.695592030689035
0.08500000000000006,0.0273862821181671,0.2221554204837009,0.40698853118947653,-1.8550018545949358,2.360531570286747,-1.2330478729453258,1.5637605244621284,0.3494282873364821,0.14075490878659758,4.893671160527429,-11.460670476710506,2.6167278552407,-1.5989520921451372,-6.377435494156159,1.6879625271878125,-8.593849525196044,0.11004189829121686,-5.680481195858862
0.08600000000000006,0.027738193685194847,0.22229781023425488,0.4119686455000149,-1.8665757510261187,2.3632898059912075,-1.234701279935026,1.5572954143927693,0.34867024985632744,0.13973181810378615,4.86774079611131,-11.442769542514514,2.5687378419511635,-1.5778777684969079,-6.350450102341527,1.7725188017909572,-8.577942149743517,0.14035317801052205,-5.665370361028688
0.08700000000000006,0.02809010525222259,0.22244019998480885,0.4169487598105532,-1.878149647457302,2.366048041695668,-1.2363546869247268,1.5508303043234102,0.3479122123761728,0.1387087274209747,4.8418104316951895,-11.424868608318521,2.5207478286616274,-1.5568034448486787,-6.323464710526894,1.857075076394102,-8.562034774290991,0.17066445772982725,-5.650259526198515
0.08800000000000006,0.028442016819250335,0.2225825897353628,0.4219288741210915,-1.889723543888485,2.3688062774001284,-1.2380080939144276,1.5443651942540513,0.34715417489601813,0.13768563673816328,4.81588006727907,-11.406967674122528,2.4727578153720913,-1.5357291212004496,-6.296479318712262,1.9416313509972467,-8.546127398838465,0.20097573744913233,-5.635148691368341
0.08900000000000007,0.028793928386278082,0.22272497948591677,0.4269089884316298,-1.9012974403196679,2.371564513104589,-1.2396615009041283,1.5379000841846922,0.3463961374158635,0.13666254605535186,4.789949702862951,-11.389066739926536,2.424767802082555,-1.5146547975522204,-6.2694939268976295,2.0261876256003912,-8.530220023385938,0.23128701716843753,-5.6200378565381675
0.09000000000000007,0.029145839953305826,0.2228673692364707,0.4318891027421681,-1.9128713367508507,2.3743227488090493,-1.2413149078938286,1.531434974115333,0.3456380999357088,0.13563945537254046,4.764019338446831,-11.37116580573054,2.376777788793018,-1.493580473903991,-6.2425085350829965,2.1107439002035355,-8.514312647933412,0.26159829688774205,-5.6049270217079945
0.09100000000000007,0.029483581833957332,0.2229999388013401,0.43635695643882555,-1.9237607625088566,2.3762592850316144,-1.2426449864375586,1.5254878594848205,0.3445554200634091,0.13535240896416953,4.722073580363183,-11.297459991973168,2.3170304194223115,-1.4717706695825865,-6.200963014247676,2.1877770570939044,-8.492055788129603,0.2831521505472525,-5.592512143696808
0.09200000000000007,0.029821323714608838,0.22313250836620946,0.440824810135483,-1.934650188266863,2.378195821254179,-1.2439750649812886,1.519540744854308,0.3434727401911094,0.1350653625557986,4.680127822279537,-11.223754178215797,2.257283050051605,-1.449960865261182,-6.159417493412356,2.264810213984273,-8.469798928325794,0.30470600420676297,-5.580097265685622
0.09300000000000007,0.030159065595260343,0.22326507793107883,0.4452926638321405,-1.9455396140248689,2.3801323574767443,-1.245305143525019,1.5135936302237951,0.3423900603188097,0.13477831614742766,4.63818206419589,-11.150048364458426,2.197535680680898,-1.4281510609397774,-6.117871972577036,2.341843370874642,-8.447542068521983,0.32625985786627343,-5.567682387674436
0.09400000000000007,0.03049680747591185,0.2233976474959482,0.449760517528798,-1.9564290397828752,2.382068893699309,-1.246635222068749,1.5076465155932826,0.34130738044651,0.13449126973905676,4.596236306112243,-11.076342550701055,2.1377883113101914,-1.4063412566183728,-6.076326451741715,2.4188765277650104,-8.425285208718174,0.34781371152578394,-5.55526750966325
0.09500000000000007,0.03083454935656335,0.22353021706081758,0.45422837122545545,-1.967318465540881,2.3840054299218743,-1.2479653006124791,1.50169940096277,0.3402247005742103,0.13420422333068582,4.554290548028597,-11.002636736943684,2.0780409419394847,-1.3845314522969683,-6.034780930906395,2.495909684655379,-8.403028348914365,0.3693675651852944,-5.542852631652064
0.09600000000000007,0.031172291237214857,0.22366278662568695,0.4586962249221129,-1.9782078912988874,2.385941966144439,-1.2492953791562091,1.4957522863322574,0.3391420207019106,0.1339171769223149,4.512344789944949,-10.92893092318631,2.018293572568778,-1.3627216479755637,-5.993235410071074,2.572942841545748,-8.380771489110554,0.39092141884480486,-5.530437753640878
0.09700000000000007,0.03151003311786636,0.2237953561905563,0.46316407861877046,-1.9890973170568933,2.387878502367004,-1.2506254576999392,1.4898051717017449,0.33805934082961087,0.13363013051394396,4.4703990318613025,-10.85522510942894,1.9585462031980716,-1.3409118436541592,-5.951689889235754,2.649975998436117,-8.358514629306745,0.4124752725043153,-5.518022875629692
0.09800000000000007,0.03184777499851787,0.22392792575542567,0.46763193231542793,-1.9999867428148996,2.389815038589569,-1.2519555362436692,1.483858057071232,0.33697666095731116,0.13334308410557302,4.428453273777656,-10.781519295671568,1.898798833827365,-1.3191020393327544,-5.9101443684004344,2.7270091553264857,-8.336257769502936,0.4340291261638258,-5.5056079976185055
0.09900000000000007,0.032185516879169374,0.22406049532029504,0.4720997860120854,-2.0108761685729055,2.391751574812134,-1.2532856147873992,1.4779109424407195,0.33589398108501145,0.1330560376972021,4.386507515694008,-10.707813481914197,1.8390514644566582,-1.2972922350113498,-5.868598847565114,2.804042312216854,-8.314000909699127,0.4555829798233363,-5.49319311960732
0.10000000000000007,0.03252325875982088,0.2241930648851644,0.4765676397087429,-2.021765594330912,2.393688111034699,-1.2546156933311297,1.471963827810207,0.33481130121271174,0.13276899128883116,4.344561757610362,-10.634107668156826,1.7793040950859518,-1.2754824306899453,-5.827053326729794,2.8810754691072233,-8.291744049895316,0.47713683348284675,-5.480778241596134
0.10100000000000008,0.032861000640472385,0.22432563445003378,0.48103549340540036,-2.0326550200889177,2.3956246472572635,-1.2559457718748597,1.4660167131796944,0.33372862134041203,0.13248194488046022,4.302615999526715,-10.560401854399455,1.719556725715245,-1.2536726263685407,-5.785507805894474,2.9581086259975917,-8.269487190091507,0.4986906871423572,-5.468363363584948
0.10200000000000008,0.03319874252112389,0.22445820401490316,0.48550334710205784,-2.043544445846924,2.3975611834798287,-1.2572758504185897,1.4600695985491816,0.3326459414681123,0.1321948984720893,4.260670241443068,-10.486696040642084,1.6598093563445384,-1.2318628220471362,-5.743962285059153,3.0351417828879605,-8.247230330287698,0.5202445408018677,-5.455948485573762
0.10300000000000008,0.033536484401775396,0.22459077357977253,0.48997120079871537,-2.05443387160493,2.3994977197023935,-1.2586059289623197,1.454122483918669,0.3315632615958126,0.13190785206371836,4.218724483359422,-10.412990226884713,1.6000619869738317,-1.2100530177257316,-5.702416764223833,3.1121749397783294,-8.224973470483889,0.5417983944613781,-5.443533607562576
0.10400000000000008,0.0338742262824269,0.2247233431446419,0.49443905449537284,-2.0653232973629363,2.4014342559249586,-1.2599360075060497,1.4481753692881565,0.3304805817235129,0.13162080565534742,4.176778725275774,-10.339284413127341,1.540314617603125,-1.188243213404327,-5.660871243388513,3.1892080966686978,-8.202716610680078,0.5633522481208886,-5.43111872955139
0.10500000000000008,0.03421196816307841,0.22485591270951125,0.49890690819203026,-2.076212723120942,2.4033707921475234,-1.2612660860497797,1.442228254657644,0.3293979018512132,0.13133375924697654,4.134832967192127,-10.265578599369965,1.4805672482324186,-1.1664334090829225,-5.619325722553191,3.266241253559065,-8.180459750876269,0.5849061017803985,-5.4187038515402035
0.10600000000000008,0.034532854898410736,0.22498913907466864,0.5026525495128453,-2.085618247736558,2.404394380467895,-1.2622730705176362,1.4369844127864488,0.32828169661812473,0.1316723597057384,4.08165193059445,-10.144628714598069,1.4206174934731264,-1.145462531837512,-5.568239720911913,3.3209649515179476,-8.151673065138834,0.599192039627031,-5.4100480421439014
0.10700000000000008,0.03485374163374307,0.225122365439826,0.5063981908336604,-2.0950237723521745,2.4054179687882664,-1.2632800549854926,1.4317405709152538,0.32716549138503626,0.13201096016450029,4.028470893996774,-10.023678829826173,1.3606677387138342,-1.1244916545921013,-5.517153719270636,3.3756886494768303,-8.1228863794014,0.6134779774736637,-5.4013922327475985
0.10800000000000008,0.0351746283690754,0.2252555918049834,0.5101438321544756,-2.1044292969677905,2.4064415571086384,-1.264287039453349,1.4264967290440587,0.3260492861519478,0.13234956062326214,3.9752898573990976,-9.902728945054278,1.300717983954542,-1.1035207773466909,-5.466067717629358,3.4304123474357127,-8.094099693663967,0.6277639153202963,-5.3927364233512955
0.10900000000000008,0.03549551510440774,0.22538881817014078,0.5138894734752908,-2.113834821583407,2.40746514542901,-1.2652940239212054,1.4212528871728636,0.3249330809188593,0.132688161082024,3.9221088208014216,-9.781779060282382,1.2407682291952498,-1.0825499001012802,-5.41498171598808,3.4851360453945954,-8.065313007926532,0.642049853166929,-5.3840806139549935
0.11000000000000008,0.03581640183974007,0.22552204453529814,0.5176351147961059,-2.123240346199023,2.4084887337493814,-1.2663010083890618,1.4160090453016687,0.32381687568577083,0.13302676154078585,3.8689277842037453,-9.660829175510486,1.1808184744359578,-1.0615790228558697,-5.3638957143468025,3.539859743353478,-8.036526322189099,0.6563357910135615,-5.3754248045586905
0.11100000000000008,0.036137288575072396,0.22565527090045553,0.521380756116921,-2.132645870814639,2.409512322069753,-1.2673079928569178,1.4107652034304736,0.32270067045268236,0.13336536199954774,3.815746747606069,-9.53987929073859,1.1208687196766656,-1.040608145610459,-5.3128097127055245,3.5945834413123605,-8.007739636451666,0.6706217288601942,-5.3667689951623885
0.11200000000000009,0.03645817531040473,0.2257884972656129,0.5251263974377361,-2.142051395430255,2.4105359103901245,-1.2683149773247742,1.4055213615592785,0.3215844652195939,0.1337039624583096,3.7625657110083925,-9.418929405966693,1.0609189649173734,-1.0196372683650483,-5.2617237110642465,3.6493071392712433,-7.978952950714231,0.6849076667068268,-5.3581131857660855
0.11300000000000009,0.03677906204573706,0.2259217236307703,0.5288720387585513,-2.1514569200458715,2.411559498710496,-1.2693219617926306,1.4002775196880834,0.3204682599865054,0.13404256291707145,3.709384674410716,-9.297979521194797,1.0009692101580812,-0.9986663911196378,-5.2106377094229686,3.7040308372301256,-7.950166264976797,0.6991936045534595,-5.349457376369783
0.11400000000000009,0.0370999487810694,0.22605494999592765,0.5326176800793664,-2.1608624446614875,2.4125830870308675,-1.270328946260487,1.3950336778168884,0.31935205475341694,0.13438116337583333,3.6562036378130403,-9.177029636422901,0.9410194553987892,-0.9776955138742273,-5.1595517077816915,3.7587545351890084,-7.921379579239364,0.713479542400092,-5.3408015669734805
0.11500000000000009,0.037420835516401726,0.22618817636108504,0.5363633214001815,-2.170267969277104,2.4136066753512395,-1.2713359307283434,1.3897898359456933,0.3182358495203284,0.1347197638345952,3.603022601215364,-9.056079751651005,0.881069700639497,-0.9567246366288167,-5.1084657061404135,3.813478233147891,-7.89259289350193,0.7277654802467247,-5.332145757577178
0.11600000000000009,0.03774172225173406,0.2263214027262424,0.5401089627209966,-2.17967349389272,2.414630263671611,-1.2723429151961998,1.3845459940744982,0.31711964428723993,0.13505836429335705,3.5498415646176875,-8.935129866879109,0.8211199458802048,-0.9357537593834061,-5.0573797044991355,3.868201931106774,-7.863806207764496,0.7420514180933573,-5.323489948180875
0.11700000000000009,0.03806260898706639,0.2264546290913998,0.5438546040418117,-2.189079018508336,2.4156538519919826,-1.2733498996640562,1.379302152203303,0.31600343905415146,0.1353969647521189,3.496660528020011,-8.814179982107213,0.7611701911209127,-0.9147828821379955,-5.006293702857858,3.9229256290656562,-7.835019522027062,0.75633735593999,-5.314834138784573
0.11800000000000009,0.03838349572239873,0.22658785545655716,0.5476002453626269,-2.198484543123952,2.416677440312354,-1.2743568841319122,1.3740583103321082,0.314887233821063,0.1357355652108808,3.443479491422335,-8.693230097335316,0.7012204363616206,-0.8938120048925848,-4.95520770121658,3.977649327024539,-7.806232836289628,0.7706232937866226,-5.30617832938827
0.11900000000000009,0.03870438245773106,0.22672108182171455,0.551345886683442,-2.2078900677395685,2.4177010286327256,-1.2753638685997686,1.3688144684609131,0.3137710285879745,0.13607416566964264,3.3902984548246584,-8.57228021256342,0.6412706816023284,-0.8728411276471744,-4.904121699575302,4.032373024983421,-7.777446150552194,0.7849092316332552,-5.2975225199919675
0.12000000000000009,0.039025269193063386,0.2268543081868719,0.5550915280042571,-2.2172955923551845,2.418724616953097,-1.276370853067625,1.363570626589718,0.31265482335488604,0.13641276612840453,3.337117418226982,-8.451330327791522,0.5813209268430372,-0.851870250401764,-4.853035697934024,4.087096722942301,-7.74865946481476,0.7991951694798873,-5.288866710595665
0.1210000000000001,0.03933065385458662,0.22699568816694063,0.5580008848338273,-2.2246761569148545,2.418910347407648,-1.2770797766627635,1.3591221837472012,0.31173088464817683,0.13710749256687577,3.2800881570832816,-8.30706390881705,0.5307063950886673,-0.8333326568070561,-4.7991910675580485,4.1132129063966065,-7.716447194061956,0.8079321332380883,-5.28331182843622
0.1220000000000001,0.03963603851610985,0.22713706814700935,0.5609102416633975,-2.2320567214745246,2.419096077862199,-1.277788700257902,1.3546737409046843,0.3108069459414676,0.13780221900534698,3.223058895939581,-8.162797489842577,0.48009186333429765,-0.8147950632123484,-4.745346437182073,4.139329089850912,-7.684234923309153,0.8166690969962894,-5.277756946276776
0.1230000000000001,0.03994142317763308,0.22727844812707806,0.5638195984929677,-2.239437286034195,2.4192818083167498,-1.27849762385304,1.3502252980621674,0.3098830072347584,0.1384969454438182,3.166029634795881,-8.018531070868102,0.42947733157992796,-0.7962574696176407,-4.691501806806098,4.165445273305217,-7.652022652556349,0.8254060607544905,-5.272202064117332
0.1240000000000001,0.04024680783915631,0.22741982810714678,0.566728955322538,-2.246817850593865,2.419467538771301,-1.2792065474481786,1.3457768552196505,0.3089590685280492,0.1391916718822894,3.1090003736521807,-7.874264651893629,0.3788627998255582,-0.7777198760229328,-4.637657176430123,4.191561456759522,-7.619810381803545,0.8341430245126916,-5.266647181957888
0.12500000000000008,0.04055219250067954,0.22756120808721547,0.5696383121521081,-2.2541984151535353,2.4196532692258517,-1.2799154710433172,1.3413284123771336,0.30803512982134,0.1398863983207606,3.0519711125084816,-7.729998232919158,0.32824826807118923,-0.7591822824282253,-4.583812546054149,4.217677640213826,-7.587598111050743,0.8428799882708925,-5.2610922997984435
0.12600000000000008,0.04085757716220277,0.2277025880672842,0.5725476689816784,-2.2615789797132058,2.4198389996804024,-1.2806243946384557,1.3368799695346167,0.3071111911146308,0.14058112475923182,2.994941851364781,-7.585731813944684,0.2776337363168195,-0.7406446888335175,-4.529967915678173,4.243793823668131,-7.555385840297939,0.8516169520290936,-5.255537417638999
0.12700000000000009,0.041162961823726,0.2278439680473529,0.5754570258112486,-2.268959544272876,2.4200247301349536,-1.2813333182335938,1.3324315266920996,0.3061872524079216,0.14127585119770303,2.9379125902210808,-7.44146539497021,0.22701920456244973,-0.7221070952388097,-4.476123285302198,4.269910007122436,-7.523173569545135,0.8603539157872947,-5.249982535479555
0.12800000000000009,0.04146834648524923,0.22798534802742162,0.5783663826408189,-2.2763401088325463,2.4202104605895043,-1.2820422418287323,1.3279830838495827,0.3052633137012124,0.14197057763617424,2.8808833290773808,-7.297198975995737,0.17640467280808003,-0.7035695016441019,-4.422278654926224,4.296026190576741,-7.490961298792332,0.8690908795454957,-5.244427653320111
0.1290000000000001,0.041773731146772464,0.22812672800749034,0.5812757394703891,-2.2837206733922164,2.4203961910440555,-1.2827511654238708,1.3235346410070659,0.3043393749945032,0.14266530407464545,2.8238540679336808,-7.152932557021264,0.12579014105371034,-0.6850319080493941,-4.368434024550249,4.3221423740310465,-7.458749028039528,0.8778278433036968,-5.238872771160667
0.1300000000000001,0.042079115808295695,0.22826810798755903,0.5841850962999593,-2.2911012379518865,2.420581921498606,-1.2834600890190089,1.319086198164549,0.303415436287794,0.14336003051311666,2.7668248067899803,-7.00866613804679,0.07517560929934064,-0.6664943144546863,-4.3145893941742735,4.348258557485352,-7.4265367572867245,0.8865648070618979,-5.233317889001222
0.1310000000000001,0.042384500469818925,0.22840948796762775,0.5870944531295296,-2.298481802511557,2.420767651953157,-1.2841690126141474,1.314637755322032,0.3024914975810848,0.1440547569515879,2.70979554564628,-6.864399719072317,0.024561077544970833,-0.6479567208599786,-4.260744763798298,4.374374740939657,-7.394324486533921,0.895301770820099,-5.227763006841778
0.1320000000000001,0.042689885131342156,0.22855086794769647,0.5900038099590997,-2.305862367071227,2.420953382407708,-1.284877936209286,1.3101893124795152,0.3015675588743756,0.1447494833900591,2.65276628450258,-6.720133300097843,-0.026053454209398863,-0.6294191272652707,-4.206900133422323,4.400490924393962,-7.362112215781117,0.9040387345783,-5.222208124682334
0.1330000000000001,0.04299526979286539,0.22869224792776519,0.59291316678867,-2.3132429316308976,2.421139112862259,-1.2855868598044244,1.3057408696369983,0.3006436201676664,0.14544420982853032,2.5957370233588795,-6.575866881123369,-0.07666798596376867,-0.610881533670563,-4.153055503046348,4.426607107848267,-7.3298999450283135,0.9127756983365011,-5.21665324252289
0.1340000000000001,0.04330065445438862,0.2288336279078339,0.5958225236182403,-2.3206234961905676,2.42132484331681,-1.2862957833995625,1.3012924267944812,0.2997196814609572,0.14613893626700153,2.5387077622151795,-6.4316004621488965,-0.12728251771813837,-0.5923439400758552,-4.099210872670373,4.452723291302572,-7.29768767427551,0.9215126620947022,-5.2110983603634455
0.1350000000000001,0.04360603911591185,0.2289750078879026,0.5987318804478104,-2.3280040607502377,2.4215105737713607,-1.287004706994701,1.2968439839519645,0.298795742754248,0.14683366270547274,2.4816785010714795,-6.287334043174424,-0.17789704947250695,-0.5738063464811477,-4.0453662422943975,4.4788394747568745,-7.265475403522706,0.9302496258529028,-5.205543478204002
0.1360000000000001,0.04389970127569372,0.22912752658097857,0.6008007559437197,-2.333212208085646,2.4210347862148742,-1.287460976215553,1.2931872493006324,0.2981627913340207,0.14757461950423637,2.4276236408313734,-6.145874707452442,-0.21536414315072328,-0.5587846221331557,-3.994409533081079,4.478407959727131,-7.2332534661204,0.9349025157778434,-5.202121823235989
0.1370000000000001,0.044193363435475586,0.22928004527405454,0.602869631439629,-2.338420355421054,2.4205589986583878,-1.2879172454364052,1.2895305146493004,0.2975298399137934,0.148315576303,2.3735687805912673,-6.00441537173046,-0.2528312368289396,-0.5437628977851638,-3.94345282386776,4.477976444697388,-7.2010315287180955,0.9395554057027841,-5.198700168267975
0.1380000000000001,0.044487025595257454,0.22943256396713052,0.6049385069355383,-2.3436285027564625,2.4200832111019017,-1.2883735146572572,1.2858737799979683,0.29689688849356605,0.14905653310176362,2.3195139203511608,-5.862956036008478,-0.2902983305071559,-0.528741173437172,-3.892496114654441,4.477544929667645,-7.16880959131579,0.9442082956277247,-5.195278513299963
0.1390000000000001,0.04478068775503932,0.2295850826602065,0.6070073824314477,-2.3488366500918705,2.4196074235454152,-1.2888297838781093,1.2822170453466364,0.29626393707333876,0.14979748990052724,2.2654590601110547,-5.721496700286496,-0.3277654241853722,-0.5137194490891801,-3.8415394054411225,4.477113414637901,-7.136587653913484,0.9488611855526653,-5.191856858331949
0.1400000000000001,0.04507434991482119,0.22973760135328244,0.609076257927357,-2.354044797427279,2.4191316359889288,-1.289286053098961,1.2785603106953043,0.29563098565311147,0.15053844669929087,2.2114041998709486,-5.5800373645645145,-0.36523251786358846,-0.4986977247411881,-3.7905826962278035,4.476681899608158,-7.104365716511178,0.9535140754776059,-5.188435203363936
0.1410000000000001,0.04536801207460306,0.22989012004635842,0.6111451334232663,-2.3592529447626873,2.4186558484324427,-1.289742322319813,1.2749035760439722,0.2949980342328841,0.1512794034980545,2.1573493396308425,-5.4385780288425325,-0.40269961154180484,-0.48367600039319625,-3.7396259870144846,4.476250384578415,-7.072143779108873,0.9581669654025465,-5.185013548395923
0.1420000000000001,0.04566167423438493,0.2300426387394344,0.6132140089191755,-2.3644610920980953,2.4181800608759563,-1.290198591540665,1.27124684139264,0.29436508281265683,0.15202036029681812,2.1032944793907364,-5.2971186931205505,-0.4401667052200211,-0.4686542760452043,-3.688669277801166,4.475818869548672,-7.039921841706567,0.9628198553274872,-5.1815918934279095
0.1430000000000001,0.045955336394166796,0.23019515743251037,0.6152828844150849,-2.3696692394335037,2.41770427331947,-1.2906548607615171,1.2675901067413082,0.29373213139242954,0.15276131709558174,2.0492396191506304,-5.1556593573985685,-0.4776337988982374,-0.45363255169721245,-3.637712568587847,4.475387354518928,-7.007699904304261,0.9674727452524278,-5.178170238459896
0.1440000000000001,0.046248998553948664,0.23034767612558635,0.6173517599109942,-2.3748773867689117,2.4172284857629833,-1.2911111299823692,1.2639333720899761,0.29309917997220225,0.15350227389434537,1.9951847589105243,-5.0142000216765865,-0.5151008925764538,-0.4386108273492205,-3.586755859374528,4.474955839489185,-6.9754779669019555,0.9721256351773684,-5.174748583491883
0.1450000000000001,0.04654266071373053,0.2305001948186623,0.6194206354069035,-2.38008553410432,2.4167526982064973,-1.2915673992032213,1.260276637438644,0.2924662285519749,0.154243230693109,1.941129898670418,-4.872740685954605,-0.55256798625467,-0.42358910300122865,-3.5357991501612096,4.474524324459442,-6.943256029499651,0.976778525102309,-5.17132692852387
0.1460000000000001,0.0468363228735124,0.23065271351173827,0.6214895109028128,-2.3852936814397285,2.416276910650011,-1.2920236684240733,1.2566199027873122,0.2918332771317476,0.15498418749187262,1.8870750384303119,-4.731281350232623,-0.5900350799328864,-0.4085673786532367,-3.4848424409478906,4.474092809429698,-6.911034092097345,0.9814314150272496,-5.167905273555856
0.1470000000000001,0.04712998503329427,0.23080523220481425,0.6235583863987222,-2.3905018287751365,2.4158011230935243,-1.292479937644925,1.25296316813598,0.2912003257115203,0.15572514429063625,1.8330201781902056,-4.589822014510641,-0.6275021736111026,-0.3935456543052448,-3.4338857317345717,4.473661294399955,-6.878812154695039,0.9860843049521902,-5.164483618587844
0.1480000000000001,0.04742364719307614,0.23095775089789022,0.6256272618946315,-2.395709976110545,2.415325335537038,-1.292936206865777,1.249306433484648,0.29056737429129303,0.15646610108939987,1.7789653179500995,-4.448362678788659,-0.664969267289319,-0.3785239299572529,-3.382929022521253,4.473229779370212,-6.846590217292733,0.9907371948771309,-5.16106196361983
0.1490000000000001,0.047717309352858006,0.2311102695909662,0.6276961373905408,-2.400918123445953,2.414849547980552,-1.293392476086629,1.2456496988333159,0.2899344228710657,0.1572070578881635,1.7249104577099934,-4.306903343066677,-0.7024363609675353,-0.363502205609261,-3.331972313307934,4.472798264340469,-6.814368279890428,0.9953900848020715,-5.157640308651817
0.1500000000000001,0.04801097151263987,0.23126278828404215,0.62976501288645,-2.4061262707813613,2.4143737604240654,-1.2938487453074812,1.241992964181984,0.28930147145083845,0.15794801468692712,1.670855597469888,-4.165444007344698,-0.7399034546457506,-0.34848048126126946,-3.281015604094616,4.472366749310724,-6.782146342488122,1.0000429747270119,-5.154218653683804
0.1510000000000001,0.04829741705734468,0.2314251187184652,0.6310768755751603,-2.4093565248789477,2.413431360598984,-1.294109807394816,1.239055070418756,0.2889693949999866,0.15847954913087162,1.6246056844010606,-4.0454862301646,-0.7650464536876839,-0.33753273040208454,-3.2365774568724333,4.450889647994627,-6.751831462435885,1.001624820029558,-5.15265378290566
0.1520000000000001,0.0485838626020495,0.2315874491528882,0.6323887382638707,-2.412586778976534,2.412488960773903,-1.2943708694821514,1.2361171766555281,0.28863731854913477,0.1590110835748161,1.5783557713322334,-3.925528452984501,-0.7901894527296172,-0.3265849795428996,-3.192139309650251,4.42941254667853,-6.721516582383648,1.0032066653321043,-5.151088912127517
0.1530000000000001,0.04887030814675431,0.23174977958731122,0.633700600952581,-2.415817033074121,2.411546560948822,-1.2946319315694863,1.2331792828923003,0.28830524209828295,0.1595426180187606,1.5321058582634062,-3.8055706758044026,-0.8153324517715504,-0.3156372286837147,-3.1477011624280684,4.407935445362433,-6.691201702331411,1.0047885106346506,-5.149524041349373
0.1540000000000001,0.049156753691459124,0.23191211002173426,0.6350124636412914,-2.4190472871717073,2.4106041611237408,-1.2948929936568212,1.2302413891290722,0.28797316564743114,0.1600741524627051,1.485855945194579,-3.685612898624304,-0.8404754508134837,-0.30468947782452976,-3.103263015205886,4.386458344046336,-6.660886822279174,1.0063703559371968,-5.147959170571229
0.1550000000000001,0.049443199236163936,0.23207444045615727,0.6363243263300017,-2.422277541269294,2.4096617612986595,-1.295154055744156,1.2273034953658444,0.2876410891965793,0.16060568690664961,1.4396060321257518,-3.565655121444206,-0.865618449855417,-0.29374172696534484,-3.0588248679837036,4.364981242730239,-6.630571942226937,1.0079522012397433,-5.146394299793086
0.1560000000000001,0.04972964478086875,0.23223677089058029,0.637636189018712,-2.4255077953668804,2.4087193614735782,-1.2954151178314914,1.2243656016026163,0.2873090127457275,0.1611372213505941,1.3933561190569246,-3.4456973442641075,-0.8907614488973503,-0.2827939761061599,-3.0143867207615207,4.343504141414142,-6.6002570621747,1.0095340465422895,-5.144829429014942
0.1570000000000001,0.05001609032557356,0.2323991013250033,0.6389480517074223,-2.428738049464467,2.4077769616484974,-1.2956761799188263,1.2214277078393885,0.2869769362948757,0.1616687557945386,1.3471062059880974,-3.325739567084009,-0.9159044479392836,-0.271846225246975,-2.9699485735393383,4.322027040098045,-6.569942182122463,1.0111158918448357,-5.143264558236798
0.1580000000000001,0.05030253587027837,0.23256143175942634,0.6402599143961326,-2.431968303562053,2.406834561823416,-1.2959372420061612,1.2184898140761606,0.2866448598440238,0.1622002902384831,1.30085629291927,-3.2057817899039107,-0.9410474469812169,-0.26089847438779007,-2.925510426317156,4.300549938781948,-6.539627302070226,1.012697737147382,-5.141699687458655
0.1590000000000001,0.050588981414983185,0.23272376219384935,0.6415717770848429,-2.43519855765964,2.405892161998335,-1.2961983040934961,1.2155519203129326,0.286312783393172,0.16273182468242758,1.2546063798504428,-3.0858240127238123,-0.9661904460231502,-0.24995072352860515,-2.8810722790949734,4.2790728374658515,-6.509312422017989,1.0142795824499282,-5.140134816680511
0.16000000000000011,0.050875426959688,0.23288609262827237,0.6428836397735532,-2.438428811757227,2.4049497621732536,-1.2964593661808315,1.2126140265497047,0.2859807069423202,0.1632633591263721,1.2083564667816156,-2.965866235543714,-0.9913334450650835,-0.23900297266942022,-2.836634131872791,4.257595736149755,-6.478997541965752,1.0158614277524747,-5.1385699459023675
0.16100000000000012,0.05116187250439281,0.23304842306269538,0.6441955024622635,-2.4416590658548127,2.404007362348173,-1.2967204282681664,1.209676132786477,0.2856486304914684,0.1637948935703166,1.1621065537127884,-2.8459084583636156,-1.0164764441070167,-0.2280552218102353,-2.7921959846506086,4.236118634833658,-6.448682661913514,1.017443273055021,-5.137005075124224
0.16200000000000012,0.05144831804909762,0.23321075349711842,0.645507365150974,-2.4448893199523996,2.4030649625230915,-1.2969814903555013,1.2067382390232488,0.28531655404061657,0.1643264280142611,1.115856640643961,-2.725950681183517,-1.04161944314895,-0.21710747095105037,-2.7477578374284257,4.21464153351756,-6.418367781861277,1.0190251183575672,-5.1354402043460805
0.16300000000000012,0.051734763593802434,0.23337308393154144,0.6468192278396843,-2.4481195740499864,2.4021225626980103,-1.2972425524428366,1.203800345260021,0.28498447758976475,0.16485796245820558,1.0696067275751338,-2.6059929040034184,-1.0667624421908832,-0.20615972009186545,-2.7033196902062433,4.193164432201463,-6.38805290180904,1.0206069636601134,-5.133875333567937
0.16400000000000012,0.052021209138507246,0.23353541436596445,0.6481310905283946,-2.451349828147573,2.4011801628729295,-1.2975036145301715,1.200862451496793,0.28465240113891294,0.16538949690215007,1.0233568145063066,-2.48603512682332,-1.0919054412328166,-0.19521196923268053,-2.658881542984061,4.171687330885367,-6.357738021756803,1.0221888089626596,-5.1323104627897935
0.16500000000000012,0.05230765468321206,0.2336977448003875,0.6494429532171049,-2.454580082245159,2.400237763047848,-1.2977646766175064,1.197924557733565,0.2843203246880611,0.16592103134609454,0.9771069014374804,-2.3660773496432244,-1.1170484402747491,-0.18426421837349596,-2.614443395761879,4.150210229569269,-6.327423141704566,1.0237706542652059,-5.13074559201165
0.16600000000000012,0.052591259522358845,0.2338653452733498,0.6501399499967562,-2.4562403705748075,2.398995235877556,-1.29789369858569,1.1955893984113972,0.2842701191256538,0.16607029073792082,0.9417858536182913,-2.277796465981043,-1.1323571709581344,-0.17762753925743222,-2.578837804241011,4.113184091343799,-6.2995308570119795,1.0230017501623423,-5.131553082649835
0.16700000000000012,0.05287486436150563,0.23403294574631212,0.6508369467764075,-2.457900658904456,2.397752708707263,-1.298022720553873,1.1932542390892291,0.2842199135632465,0.1662195501297471,0.9064648057991022,-2.1895155823188612,-1.1476659016415196,-0.17099086014136844,-2.5432322127201434,4.0761579531183285,-6.271638572319393,1.022232846059479,-5.132360573288021
0.16800000000000012,0.05315846920065241,0.23420054621927444,0.6515339435560588,-2.4595609472341042,2.396510181536971,-1.2981517425220566,1.190919079767061,0.2841697080008392,0.16636880952157337,0.8711437579799131,-2.1012346986566794,-1.162974632324905,-0.16435418102530466,-2.5076266211992753,4.039131814892858,-6.243746287626807,1.0214639419566156,-5.133168063926206
0.16900000000000012,0.0534420740397992,0.23436814669223677,0.65223094033571,-2.4612212355637526,2.3952676543666787,-1.29828076449024,1.1885839204448931,0.28411950243843187,0.16651806891339963,0.835822710160724,-2.0129538149944977,-1.1782833630082903,-0.15771750190924091,-2.4720210296784075,4.002105676667388,-6.21585400293422,1.0206950378537523,-5.133975554564392
0.17000000000000012,0.053725678878945984,0.2345357471651991,0.6529279371153613,-2.4628815238934,2.3940251271963864,-1.2984097864584232,1.186248761122725,0.28406929687602456,0.1666673283052259,0.8005016623415349,-1.9246729313323159,-1.1935920936916755,-0.15108082279317714,-2.4364154381575394,3.965079538441918,-6.187961718241634,1.0199261337508887,-5.134783045202577
0.17100000000000012,0.054009283718092764,0.2347033476381614,0.6536249338950126,-2.4645418122230485,2.392782600026094,-1.2985388084266067,1.1839136018005572,0.28401909131361724,0.16681658769705218,0.7651806145223458,-1.836392047670134,-1.2089008243750607,-0.1444441436771134,-2.4008098466366716,3.928053400216448,-6.160069433549047,1.0191572296480254,-5.1355905358407625
0.17200000000000013,0.05429288855723955,0.23487094811112372,0.6543219306746639,-2.466202100552697,2.391540072855802,-1.2986678303947903,1.181578442478389,0.28396888575120993,0.16696584708887846,0.7298595667031567,-1.7481111640079523,-1.2242095550584462,-0.13780746456104961,-2.3652042551158035,3.891027261990978,-6.13217714885646,1.018388325545162,-5.136398026478949
0.17300000000000013,0.05457649339638634,0.23503854858408604,0.6550189274543152,-2.467862388882345,2.3902975456855096,-1.2987968523629734,1.179243283156221,0.2839186801888026,0.1671151064807047,0.6945385188839676,-1.6598302803457705,-1.2395182857418314,-0.13117078544498584,-2.3295986635949357,3.854001123765508,-6.104284864163874,1.0176194214422987,-5.137205517117134
0.17400000000000013,0.05486009823553312,0.23520614905704837,0.6557159242339665,-2.4695226772119936,2.3890550185152173,-1.298925874331157,1.176908123834053,0.2838684746263953,0.167264365872531,0.6592174710647785,-1.5715493966835887,-1.2548270164252167,-0.12453410632892209,-2.293993072074068,3.816974985540038,-6.076392579471287,1.016850517339435,-5.13801300775532
0.17500000000000013,0.0551437030746799,0.23537374953001067,0.6564129210136178,-2.471182965541642,2.3878124913449246,-1.2990548962993405,1.174572964511885,0.283818269063988,0.16741362526435727,0.6238964232455895,-1.483268513021407,-1.2701357471086019,-0.11789742721285833,-2.2583874805532,3.779948847314568,-6.048500294778701,1.0160816132365718,-5.138820498393505
0.17600000000000013,0.05542730791382669,0.235541350002973,0.6571099177932691,-2.4728432538712903,2.3865699641746323,-1.2991839182675236,1.172237805189717,0.2837680635015807,0.16756288465618355,0.5885753754264003,-1.3949876293592252,-1.2854444777919873,-0.11126074809679457,-2.222781889032332,3.7429227090890977,-6.020608010086114,1.0153127091337084,-5.13962798903169
0.17700000000000013,0.05571091275297347,0.23570895047593532,0.6578069145729204,-2.4745035422009387,2.38532743700434,-1.299312940235707,1.169902645867549,0.28371785793917337,0.1677121440480098,0.5532543276072112,-1.3067067456970434,-1.3007532084753726,-0.10462406898073079,-2.1871762975114644,3.7058965708636276,-5.992715725393528,1.014543805030845,-5.140435479669876
0.17800000000000013,0.055994517592120256,0.23587655094889765,0.6585039113525717,-2.476163830530586,2.3840849098340477,-1.2994419622038906,1.167567486545381,0.28366765237676606,0.16786140343983608,0.5179332797880221,-1.2184258620348616,-1.3160619391587578,-0.09798738986466703,-2.151570705990596,3.6688704326381574,-5.9648234407009415,1.0137749009279815,-5.1412429703080615
0.17900000000000013,0.05627812243126704,0.23604415142185997,0.659200908132223,-2.4778241188602346,2.3828423826637555,-1.2995709841720737,1.165232327223213,0.28361744681435874,0.16801066283166236,0.482612231968833,-1.13014497837268,-1.3313706698421433,-0.09135071074860326,-2.1159651144697285,3.6318442944126876,-5.936931156008354,1.0130059968251182,-5.142050460946248
0.18000000000000013,0.05656172727041382,0.23621175189482227,0.6598979049118742,-2.479484407189883,2.381599855493463,-1.2997000061402573,1.162897167901045,0.28356724125195143,0.16815992222348858,0.447291184149645,-1.0418640947105013,-1.3466794005255278,-0.08471403163253986,-2.080359522948861,3.5948181561872166,-5.909038871315769,1.0122370927222546,-5.142857951584433
0.18100000000000013,0.05684659255738179,0.23637807969641159,0.6601610487083361,-2.480089960729437,2.3801875644657047,-1.2997621848525402,1.1610176297406603,0.2837840886157634,0.1678308231125158,0.4250816498746167,-0.9900056448924919,-1.3542796566333877,-0.08243185046329032,-2.055549056799841,3.5464602060525947,-5.883381678530116,1.0097477540462163,-5.147169815993902
0.18200000000000013,0.05713145784434975,0.2365444074980009,0.6604241925047981,-2.48069551426899,2.3787752734379466,-1.2998243635648228,1.1591380915802754,0.2840009359795753,0.16750172400154303,0.40287211559958847,-0.9381471950744826,-1.3618799127412473,-0.08014966929404077,-2.0307385906508206,3.498102255917973,-5.857724485744463,1.0072584153701782,-5.1514816804033705
0.18300000000000013,0.05741632313131771,0.23671073529959022,0.6606873363012601,-2.481301067808544,2.377362982410188,-1.2998865422771058,1.1572585534198907,0.28421778334338726,0.16717262489057025,0.3806625813245602,-0.8862887452564733,-1.3694801688491072,-0.07786748812479122,-2.0059281245018004,3.4497443057833515,-5.8320672929588095,1.00476907669414,-5.155793544812839
0.18400000000000014,0.05770118841828568,0.23687706310117954,0.6609504800977221,-2.481906621348097,2.37595069138243,-1.2999487209893883,1.1553790152595058,0.28443463070719915,0.16684352577959746,0.35845304704953196,-0.8344302954384639,-1.377080424956967,-0.07558530695554166,-1.9811176583527799,3.4013863556487296,-5.806410100173157,1.0022797380181017,-5.160105409222308
0.18500000000000014,0.057986053705253636,0.23704339090276885,0.661213623894184,-2.482512174887651,2.3745384003546715,-1.3000108997016713,1.1534994770991212,0.2846514780710111,0.16651442666862468,0.3362435127745037,-0.7825718456204546,-1.384680681064827,-0.07330312578629213,-1.9563071922037594,3.3530284055141077,-5.780752907387504,0.9997903993420635,-5.164417273631777
0.18600000000000014,0.0582709189922216,0.23720971870435817,0.6614767676906459,-2.483117728427204,2.3731261093269134,-1.3000730784139538,1.1516199389387363,0.28486832543482304,0.16618532755765192,0.3140339784994754,-0.7307133958024452,-1.3922809371726868,-0.07102094461704257,-1.931496726054739,3.304670455379486,-5.755095714601851,0.9973010606660252,-5.168729138041246
0.18700000000000014,0.05855578427918957,0.23737604650594749,0.6617399114871079,-2.483723281966758,2.371713818299155,-1.3001352571262368,1.1497404007783516,0.28508517279863493,0.16585622844667913,0.29182444422444714,-0.678854945984436,-1.3998811932805464,-0.06873876344779302,-1.9066862599057186,3.2563125052448645,-5.729438521816198,0.994811721989987,-5.173041002450715
0.18800000000000014,0.058840649566157525,0.2375423743075368,0.6620030552835698,-2.484328835506311,2.3703015272713963,-1.3001974358385193,1.1478608626179667,0.2853020201624469,0.16552712933570635,0.26961490994941884,-0.6269964961664266,-1.4074814493884062,-0.06645658227854348,-1.8818757937566981,3.2079545551102426,-5.703781329030546,0.9923223833139487,-5.177352866860184
0.18900000000000014,0.05912551485312549,0.23770870210912612,0.6622661990800318,-2.484934389045865,2.3688892362436382,-1.3002596145508023,1.145981324457582,0.2855188675262588,0.16519803022473356,0.2474053756743906,-0.5751380463484173,-1.415081705496266,-0.06417440110929393,-1.8570653276076778,3.159596604975621,-5.678124136244893,0.9898330446379106,-5.181664731269652
0.19000000000000014,0.05941038014009345,0.23787502991071544,0.6625293428764938,-2.485539942585418,2.3674769452158797,-1.3003217932630848,1.1441017862971972,0.28573571489007077,0.1648689311137608,0.22519584139936233,-0.5232795965304079,-1.422681961604126,-0.061892219940044374,-1.8322548614586573,3.1112386548409994,-5.65246694345924,0.9873437059618723,-5.185976595679121
0.19100000000000014,0.059695245427061415,0.23804135771230475,0.6627924866729558,-2.486145496124972,2.3660646541881216,-1.3003839719753678,1.1422222481368123,0.28595256225388266,0.16453983200278802,0.20298630712433408,-0.47142114671239865,-1.4302822177119858,-0.05961003877079482,-1.807444395309637,3.0628807047063775,-5.626809750673588,0.9848543672858341,-5.19028846008859
0.19200000000000014,0.05998011071402938,0.23820768551389407,0.6630556304694177,-2.486751049664525,2.364652363160363,-1.3004461506876503,1.1403427099764276,0.2861694096176946,0.16421073289181523,0.18077677284930577,-0.4195626968943892,-1.4378824738198457,-0.057327857601545275,-1.7826339291606166,3.0145227545717557,-5.601152557887935,0.9823650286097959,-5.194600324498059
0.19300000000000014,0.06026497600099734,0.23837401331548339,0.6633187742658796,-2.487356603204079,2.363240072132605,-1.3005083293999333,1.1384631718160427,0.28638625698150655,0.16388163378084245,0.1585672385742775,-0.36770424707637983,-1.4454827299277053,-0.05504567643229573,-1.7578234630115963,2.966164804437134,-5.575495365102282,0.9798756899337576,-5.198912188907528
0.19400000000000014,0.060549841287965304,0.2385403411170727,0.6635819180623416,-2.4879621567436327,2.3618277811048465,-1.3005705081122159,1.136583633655658,0.2866031043453185,0.1635525346698697,0.13635770429924926,-0.3158457972583706,-1.4530829860355652,-0.052763495263046176,-1.7330129968625758,2.9178068543025124,-5.549838172316629,0.9773863512577194,-5.203224053316996
0.19500000000000015,0.06083470657493326,0.238706668918662,0.6638450618588035,-2.488567710283186,2.3604154900770884,-1.3006326868244988,1.1347040954952732,0.28681995170913044,0.16322343555889687,0.11414817002422206,-0.2639873474403642,-1.4606832421434246,-0.050481314093796956,-1.7082025307135564,2.869448904167891,-5.524180979530977,0.9748970125816812,-5.207535917726465
0.19600000000000015,0.06112470749700891,0.2388644280067288,0.6638760779779546,-2.488663196264307,2.3589360179392997,-1.3006910889406553,1.1331111061780579,0.28728198354925155,0.16242229694404273,0.10511131164080861,-0.2467423106626514,-1.4623624489351912,-0.05212275689746858,-1.6946160847958738,2.8256269868274346,-5.50243510049901,0.9725958051718233,-5.211874940882402
0.19700000000000015,0.06141470841908455,0.2390221870947956,0.6639070940971056,-2.488758682245428,2.3574565458015115,-1.3007494910568118,1.1315181168608428,0.28774401538937266,0.1616211583291886,0.09607445325739518,-0.2294972738849386,-1.464041655726958,-0.05376419970114021,-1.681029638878191,2.7818050694869783,-5.480689221467045,0.9702945977619654,-5.216213964038339
0.19800000000000015,0.061704709341160194,0.23917994618286242,0.6639381102162566,-2.488854168226549,2.355977073663723,-1.3008078931729687,1.1299251275436275,0.28820604722949383,0.16082001971433446,0.08703759487398173,-0.2122522371072258,-1.4657208625187246,-0.055405642504811836,-1.6674431929605082,2.737983152146522,-5.458943342435078,0.9679933903521075,-5.220552987194275
0.19900000000000015,0.06199471026323584,0.23933770527092924,0.6639691263354075,-2.4889496542076692,2.3544976015259347,-1.3008662952891252,1.1283321382264122,0.28866807906961495,0.16001888109948031,0.0780007364905683,-0.195007200329513,-1.4674000693104914,-0.057047085308483465,-1.6538567470428256,2.6941612348060655,-5.437197463403113,0.9656921829422497,-5.224892010350212
0.20000000000000015,0.06228471118531148,0.23949546435899605,0.6640001424545585,-2.4890451401887903,2.353018129388146,-1.3009246974052817,1.126739148909197,0.28913011090973606,0.1592177424846262,0.06896387810715485,-0.1777621635518002,-1.4690792761022582,-0.058688528112155094,-1.6402703011251427,2.650339317465609,-5.415451584371146,0.9633909755323917,-5.2292310335061485
0.20100000000000015,0.06257471210738713,0.23965322344706286,0.6640311585737095,-2.4891406261699114,2.351538657250358,-1.3009830995214382,1.1251461595919816,0.28959214274985723,0.15841660386977205,0.05992701972374141,-0.16051712677408742,-1.4707584828940248,-0.06032997091582672,-1.62668385520746,2.6065174001251528,-5.393705705339181,0.9610897681225339,-5.233570056662086
0.20200000000000015,0.06286471302946277,0.23981098253512967,0.6640621746928606,-2.4892361121510325,2.350059185112569,-1.3010415016375947,1.1235531702747663,0.29005417458997834,0.15761546525491793,0.05089016134032796,-0.14327208999637459,-1.4724376896857916,-0.061971413719498346,-1.6130974092897774,2.5626954827846964,-5.371959826307214,0.9587885607126759,-5.237909079818023
0.20300000000000015,0.0631547139515384,0.23996874162319645,0.6640931908120116,-2.4893315981321535,2.3485797129747805,-1.3010999037537516,1.121960180957551,0.29051620643009946,0.15681432664006378,0.04185330295691453,-0.1260270532186618,-1.4741168964775582,-0.06361285652316997,-1.5995109633720945,2.51887356544424,-5.350213947275249,0.9564873533028181,-5.242248102973959
0.20400000000000015,0.06344471487361406,0.24012650071126326,0.6641242069311626,-2.4894270841132746,2.3471002408369923,-1.301158305869908,1.1203671916403357,0.2909782382702206,0.15601318802520966,0.032816444573501094,-0.10878201644094901,-1.475796103269325,-0.0652542993268416,-1.5859245174544119,2.4750516481037836,-5.328468068243282,0.9541861458929602,-5.246587126129896
0.20500000000000015,0.06373471579568969,0.24028425979933007,0.6641552230503136,-2.4895225700943957,2.3456207686992037,-1.3012167079860646,1.1187742023231204,0.29144027011034174,0.15521204941035552,0.023779586190087645,-0.09153697966323623,-1.4774753100610918,-0.06689574213051323,-1.5723380715367292,2.4312297307633273,-5.3067221892113166,0.9518849384831023,-5.250926149285832
0.20600000000000016,0.06402471671776534,0.24044201888739689,0.6641862391694646,-2.489618056075517,2.3441412965614155,-1.301275110102221,1.1171812130059051,0.29190230195046285,0.1544109107955014,0.01474272780667421,-0.07429194288552343,-1.4791545168528584,-0.06853718493418486,-1.5587516256190463,2.387407813422871,-5.28497631017935,0.9495837310732445,-5.25526517244177
0.20700000000000016,0.06431471763984098,0.2405997779754637,0.6642172552886155,-2.489713542056637,2.342661824423627,-1.3013335122183776,1.1155882236886898,0.292364333790584,0.15360977218064725,0.005705869423260762,-0.0570469061078106,-1.4808337236446252,-0.07017862773785649,-1.5451651797013637,2.3435858960824145,-5.2632304311473845,0.9472825236633865,-5.259604195597706
0.20800000000000016,0.06460471856191663,0.2407575370635305,0.6642482714077665,-2.489809028037758,2.3411823522858386,-1.3013919143345345,1.1139952343714745,0.29282636563070513,0.15280863356579313,-0.0033309889601526865,-0.03980186933009783,-1.4825129304363918,-0.07182007054152811,-1.531578733783681,2.299763978741958,-5.241484552115418,0.9449813162535287,-5.263943218753643
0.20900000000000016,0.06489471948399227,0.24091529615159732,0.6642792875269176,-2.489904514018879,2.33970288014805,-1.301450316450691,1.1124022450542592,0.29328839747082625,0.152007494950939,-0.012367847343566107,-0.022556832552385025,-1.4841921372281586,-0.07346151334519974,-1.5179922878659982,2.2559420614015018,-5.219738673083452,0.9426801088436708,-5.26828224190958
0.21000000000000016,0.06518472040606792,0.2410730552396641,0.6643103036460686,-2.49,2.3382234080102617,-1.3015087185668475,1.110809255737044,0.2937504293109474,0.15120635633608484,-0.02140470572697903,-0.005311795774673609,-1.4858713440199252,-0.07510295614887157,-1.504405841948316,2.212120144061049,-5.197992794051487,0.9403789014338132,-5.272621265065515
0.21100000000000016,0.06548304151783838,0.2412162982789383,0.6642686091857251,-2.4899990543256303,2.33674431465491,-1.3016119751645658,1.1093682112020615,0.294376617753043,0.1501230605214153,-0.024015348634318697,-0.004850089432001667,-1.4849147173566595,-0.0790349377135453,-1.4958634251533653,2.211408808489666,-5.185519392464033,0.9423667973994545,-5.263616625767467
0.21200000000000016,0.06578136262960885,0.2413595413182125,0.6642269147253816,-2.4899981086512613,2.335265221299559,-1.3017152317622847,1.1079271666670791,0.29500280619513863,0.14903976470674576,-0.026625991541658366,-0.004388383089329725,-1.4839580906933938,-0.08296691927821905,-1.4873210083584147,2.210697472918283,-5.173045990876579,0.9443546933650957,-5.254611986469419
0.21300000000000016,0.0660796837413793,0.24150278435748668,0.6641852202650381,-2.4899971629768913,2.333786127944207,-1.301818488360003,1.1064861221320967,0.29562899463723424,0.14795646889207623,-0.029236634448998038,-0.003926676746657783,-1.4830014640301281,-0.08689890084289278,-1.4787785915634641,2.2099861373469,-5.160572589289126,0.9463425893307369,-5.2456073471713704
0.21400000000000016,0.06637800485314978,0.2416460273967609,0.6641435258046946,-2.4899962173025223,2.3323070345888555,-1.3019217449577218,1.1050450775971141,0.29625518307932985,0.1468731730774067,-0.0318472773563377,-0.003464970403985841,-1.4820448373668624,-0.09083088240756651,-1.4702361747685135,2.209274801775517,-5.148099187701672,0.9483304852963782,-5.236602707873322
0.21500000000000016,0.06667632596492024,0.24178927043603507,0.6641018313443512,-2.4899952716281524,2.3308279412335042,-1.3020250015554402,1.1036040330621317,0.29688137152142546,0.14578987726273715,-0.034457920263677375,-0.003003264061313899,-1.481088210703597,-0.09476286397224026,-1.461693757973563,2.208563466204134,-5.135625786114218,0.9503183812620194,-5.227598068575274
0.21600000000000016,0.06697464707669071,0.24193251347530925,0.6640601368840077,-2.4899943259537825,2.3293488478781526,-1.3021282581531586,1.1021629885271493,0.2975075599635211,0.14470658144806764,-0.03706856317101705,-0.002541557718641957,-1.4801315840403313,-0.098694845536914,-1.4531513411786126,2.2078521306327508,-5.123152384526765,0.9523062772276607,-5.218593429277226
0.21700000000000016,0.06727296818846118,0.24207575651458346,0.6640184424236641,-2.4899933802794134,2.3278697545228013,-1.3022315147508774,1.100721943992167,0.2981337484056167,0.1436232856333981,-0.03967920607835671,-0.002079851375970015,-1.4791749573770656,-0.10262682710158774,-1.444608924383662,2.2071407950613677,-5.110678982939311,0.9542941731933019,-5.209588789979177
0.21800000000000017,0.06757128930023164,0.24221899955385764,0.6639767479633207,-2.4899924346050435,2.3263906611674496,-1.3023347713485958,1.0992808994571843,0.2987599368477123,0.14253998981872856,-0.04228984898569638,-0.0016181450332980732,-1.4782183307138,-0.10655880866626147,-1.4360665075887113,2.2064294594899847,-5.098205581351857,0.9562820691589431,-5.200584150681129
0.21900000000000017,0.06786961041200211,0.24236224259313183,0.6639350535029772,-2.4899914889306745,2.324911567812098,-1.3024380279463146,1.097839854922202,0.2993861252898079,0.14145669400405902,-0.04490049189303605,-0.001156438690626131,-1.4772617040505343,-0.11049079023093522,-1.4275240907937607,2.2057181239186017,-5.085732179764404,0.9582699651245843,-5.191579511383081
0.22000000000000017,0.06816793152377257,0.24250548563240604,0.6638933590426337,-2.4899905432563045,2.3234324744567467,-1.302541284544033,1.0963988103872195,0.3000123137319035,0.1403733981893895,-0.04751113480037572,-0.0006947323479541889,-1.4763050773872688,-0.11442277179560895,-1.4189816739988101,2.205006788347219,-5.0732587781769505,0.9602578610902256,-5.182574872085032
0.22100000000000017,0.06846625263554304,0.24264872867168022,0.6638516645822903,-2.4899895975819346,2.321953381101395,-1.3026445411417513,1.0949577658522371,0.3006385021739991,0.13929010237471995,-0.050121777707715386,-0.00023302600528224762,-1.4753484507240031,-0.1183547533602827,-1.4104392572038595,2.204295452775836,-5.060785376589497,0.9622457570558668,-5.173570232786983
0.22200000000000017,0.0687645737473135,0.2427919717109544,0.6638099701219468,-2.4899886519075656,2.320474287746044,-1.3027477977394701,1.0935167213172545,0.30126469061609473,0.1382068065600504,-0.052732420615055065,0.00022868033738969538,-1.4743918240607374,-0.12228673492495644,-1.401896840408909,2.203584117204453,-5.0483119750020435,0.9642336530215081,-5.164565593488935
0.22300000000000017,0.06906289485908397,0.2429352147502286,0.6637682756616032,-2.4899877062331957,2.318995194390692,-1.3028510543371885,1.0920756767822721,0.30189087905819034,0.13712351074538087,-0.05534306352239472,0.0006903866800616375,-1.4734351973974718,-0.12621871648963018,-1.3933544236139586,2.20287278163307,-5.03583857341459,0.9662215489871493,-5.155560954190887
0.22400000000000017,0.06936121597085443,0.2430784577895028,0.6637265812012598,-2.4899867605588266,2.3175161010353404,-1.3029543109349073,1.0906346322472897,0.30251706750028595,0.13604021493071136,-0.057953706429734395,0.0011520930227335796,-1.472478570734206,-0.1301506980543039,-1.384812006819008,2.202161446061687,-5.023365171827136,0.9682094449527905,-5.146556314892838
0.22500000000000017,0.0696595370826249,0.24322170082877698,0.6636848867409163,-2.4899858148844567,2.316037007679989,-1.3030575675326257,1.0891935877123073,0.30314325594238156,0.1349569191160418,-0.06056434933707407,0.0016137993654054676,-1.4715219440709406,-0.1340826796189777,-1.3762695900240571,2.2014501104903044,-5.010891770239683,0.9701973409184318,-5.13755167559479
0.22600000000000017,0.06996799662344737,0.2433479440529739,0.6636053461146596,-2.4899867605588266,2.3145728082878723,-1.3032265355413388,1.0878863141613035,0.3038681916220968,0.13378807241771148,-0.06319625366496476,0.001429986776655039,-1.4706146968342482,-0.13882647432585685,-1.3668825879746298,2.205940240949936,-5.001779677680404,0.9730964000725916,-5.1299428476967455
0.22700000000000017,0.07027645616426985,0.24347418727717085,0.6635258054884028,-2.4899877062331957,2.3131086088957558,-1.3033955035500524,1.0865790406102998,0.30459312730181193,0.13261922571938115,-0.06582815799285544,0.0012461741879046103,-1.469707449597556,-0.14357026903273595,-1.3574955859252023,2.210430371409567,-4.992667585121126,0.9759954592267512,-5.122334019798702
0.22800000000000017,0.07058491570509232,0.2436004305013678,0.6634462648621461,-2.4899886519075656,2.3116444095036393,-1.3035644715587655,1.0852717670592962,0.30531806298152714,0.1314503790210508,-0.06846006232074613,0.0010623615991541815,-1.4688002023608637,-0.1483140637396151,-1.3481085838757747,2.214920501869199,-4.983555492561846,0.978894518380911,-5.114725191900657
0.22900000000000018,0.07089337524591478,0.24372667372556472,0.6633667242358894,-2.4899895975819346,2.3101802101115223,-1.3037334395674791,1.0839644935082924,0.3060429986612423,0.13028153232272047,-0.07109196664863682,0.000878549010403753,-1.4678929551241713,-0.1530578584464942,-1.3387215818263474,2.2194106323288305,-4.974443400002568,0.9817935775350707,-5.1071163640026125
0.23000000000000018,0.07120183478673726,0.24385291694976166,0.6632871836096326,-2.4899905432563045,2.308716010719406,-1.3039024075761922,1.0826572199572886,0.3067679343409575,0.12911268562439013,-0.07372387097652751,0.0006947364216533244,-1.466985707887479,-0.15780165315337333,-1.3293345797769198,2.223900762788462,-4.965331307443289,0.9846926366892305,-5.099507536104568
0.23100000000000018,0.07151029432755973,0.2439791601739586,0.6632076429833759,-2.4899914889306745,2.307251811327289,-1.3040713755849058,1.081349946406285,0.30749287002067266,0.1279438389260598,-0.0763557753044182,0.0005109238329028957,-1.4660784606507868,-0.16254544786025243,-1.3199475777274923,2.228390893248094,-4.956219214884011,0.9875916958433901,-5.091898708206523
0.23200000000000018,0.0718187538683822,0.24410540339815553,0.6631281023571192,-2.4899924346050435,2.3057876119351723,-1.304240343593619,1.0800426728552812,0.30821780570038787,0.12677499222772945,-0.07898767963230889,0.00032711124415246706,-1.4651712134140944,-0.16728924256713157,-1.3105605756780647,2.232881023707725,-4.947107122324732,0.9904907549975499,-5.0842898803084795
0.23300000000000018,0.07212721340920467,0.24423164662235247,0.6630485617308624,-2.4899933802794134,2.304323412543056,-1.3044093116023325,1.0787353993042774,0.308942741380103,0.1256061455293991,-0.08161958396019958,0.00014329865540203845,-1.4642639661774022,-0.1720330372740107,-1.3011735736286374,2.2373711541673567,-4.937995029765453,0.9933898141517096,-5.076681052410435
0.23400000000000018,0.07243567295002715,0.2443578898465494,0.6629690211046056,-2.4899943259537825,2.302859213150939,-1.3045782796110457,1.0774281257532738,0.30966767705981824,0.12443729883106877,-0.08425148828809026,-4.051393334839016e-05,-1.46335671894071,-0.1767768319808898,-1.2917865715792098,2.2418612846269883,-4.928882937206175,0.9962888733058693,-5.06907222451239
0.23500000000000018,0.07274413249084961,0.24448413307074635,0.662889480478349,-2.4899952716281524,2.3013950137588224,-1.3047472476197592,1.07612085220227,0.3103926127395334,0.12326845213273843,-0.08688339261598095,-0.00022432652209881877,-1.4624494717040175,-0.18152062668776892,-1.2823995695297823,2.24635141508662,-4.919770844646895,0.999187932460029,-5.061463396614346
0.23600000000000018,0.07305259203167208,0.24461037629494328,0.6628099398520921,-2.4899962173025223,2.2999308143667054,-1.3049162156284724,1.0748135786512663,0.3111175484192486,0.12209960543440809,-0.08951529694387164,-0.0004081391108492476,-1.4615422244673253,-0.18626442139464805,-1.2730125674803547,2.2508415455462516,-4.910658752087617,1.0020869916141888,-5.053854568716302
0.23700000000000018,0.07336105157249456,0.24473661951914022,0.6627303992258354,-2.4899971629768913,2.298466614974589,-1.305085183637186,1.0735063051002625,0.31184248409896376,0.12093075873607775,-0.09214720127176235,-0.0005919516995996764,-1.460634977230633,-0.19100821610152718,-1.2636255654309274,2.255331676005883,-4.901546659528338,1.0049860507683486,-5.046245740818257
0.23800000000000018,0.07366951111331703,0.24486286274333716,0.6626508585995787,-2.4899981086512613,2.2970024155824724,-1.305254151645899,1.0721990315492589,0.31256741977867897,0.11976191203774741,-0.09477910559965302,-0.0007757642883501048,-1.4597277299939406,-0.1957520108084063,-1.2542385633814999,2.2598218064655144,-4.89243456696906,1.0078851099225083,-5.038636912920213
0.23900000000000018,0.0739779706541395,0.2449891059675341,0.6625713179733219,-2.4899990543256303,2.2955382161903555,-1.3054231196546127,1.070891757998255,0.3132923554583942,0.11859306533941708,-0.09741100992754372,-0.0009595768771005337,-1.4588204827572484,-0.2004958055152854,-1.2448515613320723,2.264311936925146,-4.8833224744097805,1.010784169076668,-5.031028085022168
0.24000000000000019,0.07428643019496198,0.24511534919173103,0.6624917773470652,-2.49,2.294074016798239,-1.3055920876633258,1.0695844844472515,0.31401729113810933,0.11742421864108674,-0.10004291425543442,-0.0011433894658509402,-1.4579132355205562,-0.20523960022216456,-1.2354645592826448,2.2688020673847773,-4.874210381850502,1.0136832282308277,-5.023419257124124
0.2410000000000002,0.07460653539184439,0.2452238840103329,0.6623701516972926,-2.49,2.2926199833509,-1.3058356585977622,1.0684223644603679,0.31484817409500054,0.11624126174237173,-0.10289088126486534,-0.0010595216378324046,-1.4574868728693577,-0.21039528846494016,-1.22577011184544,2.2714218775767683,-4.867390617602292,1.017045921946666,-5.020309438561364
0.2420000000000002,0.0749266405887268,0.24533241882893478,0.66224852604752,-2.49,2.2911659499035615,-1.3060792295321981,1.0672602444734842,0.31567905705189175,0.11505830484365673,-0.10573884827429628,-0.0009756538098138692,-1.457060510218159,-0.21555097670771575,-1.2160756644082351,2.274041687768759,-4.860570853354082,1.0204086156625045,-5.017199619998605
0.2430000000000002,0.07524674578560922,0.24544095364753665,0.6621269003977476,-2.49,2.2897119164562225,-1.3063228004666345,1.0660981244866006,0.31650994000878296,0.11387534794494172,-0.1085868152837272,-0.0008917859817953338,-1.4566341475669606,-0.22070666495049135,-1.2063812169710302,2.27666149796075,-4.853751089105871,1.023771309378343,-5.014089801435846
0.2440000000000002,0.07556685098249163,0.24554948846613853,0.662005274747975,-2.49,2.288257883008884,-1.3065663714010705,1.0649360044997171,0.3173408229656741,0.1126923910462267,-0.11143478229315812,-0.0008079181537767983,-1.4562077849157622,-0.22586235319326695,-1.1966867695338252,2.2792813081527403,-4.84693132485766,1.0271340030941816,-5.010979982873086
0.2450000000000002,0.07588695617937405,0.2456580232847404,0.6618836490982024,-2.49,2.286803849561545,-1.3068099423355068,1.0637738845128335,0.31817170592256533,0.1115094341475117,-0.11428274930258905,-0.0007240503257582629,-1.4557814222645635,-0.23101804143604254,-1.1869923220966205,2.281901118344731,-4.840111560609451,1.03049669681002,-5.007870164310327
0.2460000000000002,0.07620706137625646,0.24576655810334228,0.6617620234484298,-2.49,2.2853498161142065,-1.3070535132699428,1.0626117645259499,0.31900258887945654,0.1103264772487967,-0.11713071631201998,-0.0006401824977397274,-1.455355059613365,-0.23617372967881814,-1.1772978746594156,2.284520928536722,-4.83329179636124,1.0338593905258584,-5.004760345747568
0.2470000000000002,0.07652716657313886,0.24587509292194412,0.6616403977986572,-2.49,2.2838957826668675,-1.3072970842043792,1.0614496445390662,0.31983347183634775,0.1091435203500817,-0.1199786833214509,-0.0005563146697211919,-1.4549286969621666,-0.24132941792159374,-1.1676034272222107,2.2871407387287124,-4.826472032113029,1.0372220842416968,-5.0016505271848075
0.2480000000000002,0.07684727177002128,0.245983627740546,0.6615187721488848,-2.49,2.282441749219529,-1.3075406551388151,1.0602875245521828,0.32066435479323896,0.10796056345136669,-0.12282665033088183,-0.00047244684170265653,-1.454502334310968,-0.24648510616436933,-1.157908979785006,2.2897605489207034,-4.819652267864819,1.0405847779575352,-4.998540708622048
0.2490000000000002,0.07716737696690369,0.24609216255914787,0.6613971464991122,-2.49,2.2809877157721905,-1.3077842260732515,1.0591254045652991,0.3214952377501301,0.10677760655265169,-0.12567461734031277,-0.0003885790136841211,-1.4540759716597695,-0.25164079440714493,-1.148214532347801,2.292380359112694,-4.812832503616609,1.0439474716733737,-4.995430890059289
0.25000000000000017,0.0774874821637861,0.24620069737774974,0.6612755208493396,-2.49,2.2795336823248515,-1.3080277970076875,1.0579632845784155,0.3223261207070213,0.10559464965393671,-0.1285225843497436,-0.0003047111856655879,-1.453649609008571,-0.2567964826499204,-1.1385200849105963,2.2950001693046844,-4.8060127393683985,1.047310165389212,-4.992321071496529
0.25100000000000017,0.07780758736066852,0.24630923219635162,0.661153895199567,-2.49,2.278079648877513,-1.3082713679421238,1.056801164591532,0.32315700366391253,0.1044116927552217,-0.13137055135917453,-0.00022084335764705246,-1.4532232463573724,-0.26195217089269596,-1.1288256374733914,2.2976199794966754,-4.799192975120189,1.0506728591050505,-4.98921125293377
0.25200000000000017,0.07812769255755092,0.2464177670149535,0.6610322695497944,-2.49,2.276625615430174,-1.3085149388765598,1.0556390446046484,0.3239878866208037,0.1032287358565067,-0.13421851836860546,-0.00013697552962851694,-1.452796883706174,-0.2671078591354716,-1.1191311900361867,2.300239789688666,-4.792373210871978,1.054035552820889,-4.986101434371011
0.25300000000000017,0.07844779775443333,0.24652630183355534,0.660910643900022,-2.49,2.2751715819828355,-1.3087585098109962,1.0544769246177648,0.3248187695776949,0.10204577895779168,-0.13706648537803637,-5.310770160998164e-05,-1.4523705210549755,-0.27226354737824715,-1.1094367425989817,2.302859599880657,-4.7855534466237675,1.0573982465367273,-4.982991615808251
0.25400000000000017,0.07876790295131575,0.2466348366521572,0.6607890182502494,-2.49,2.2737175485354966,-1.3090020807454321,1.0533148046308811,0.3256496525345861,0.10086282205907668,-0.1399144523874673,3.076012640855388e-05,-1.4519441584037769,-0.2774192356210228,-1.0997422951617768,2.3054794100726475,-4.778733682375557,1.0607609402525657,-4.979881797245492
0.25500000000000017,0.07908800814819816,0.2467433714707591,0.6606673926004768,-2.49,2.272263515088158,-1.3092456516798685,1.0521526846439977,0.3264805354914773,0.09967986516036167,-0.1427624193968982,0.00011462795442708679,-1.4515177957525784,-0.28257492386379834,-1.090047847724572,2.3080992202646384,-4.771913918127347,1.0641236339684041,-4.9767719786827325
0.25600000000000017,0.07942147370591933,0.24683447920153329,0.660504183915289,-2.49,2.2708105690916303,-1.3095672385706356,1.0511298317201316,0.3274332680298026,0.0985534454537332,-0.1454722476617574,0.00015264405937810374,-1.4518798159767452,-0.28773213224736105,-1.0813285520179805,2.312385863258365,-4.7679545708387625,1.0685732810413673,-4.977285080308766
0.2570000000000002,0.0797549392636405,0.24692558693230748,0.6603409752301013,-2.49,2.2693576230951025,-1.3098888254614023,1.0501069787962658,0.3283860005681279,0.09742702574710471,-0.14818207592661656,0.00019066016432912067,-1.4522418362009122,-0.2928893406309237,-1.072609256311389,2.3166725062520923,-4.763995223550179,1.0730229281143304,-4.9777981819348
0.2580000000000002,0.08008840482136165,0.2470166946630817,0.6601777665449136,-2.49,2.2679046770985747,-1.3102104123521694,1.0490841258724,0.3293387331064532,0.09630060604047623,-0.15089190419147575,0.0002286762692801376,-1.452603856425079,-0.29804654901448635,-1.0638899606047973,2.3209591492458195,-4.760035876261595,1.0774725751872936,-4.978311283560832
0.2590000000000002,0.08042187037908281,0.2471078023938559,0.6600145578597257,-2.49,2.266451731102047,-1.310531999242936,1.048061272948534,0.33029146564477846,0.09517418633384775,-0.15360173245633493,0.00026669237423115454,-1.4529658766492457,-0.30320375739804906,-1.0551706648982055,2.3252457922395466,-4.756076528973011,1.0819222222602567,-4.978824385186866
0.2600000000000002,0.08075533593680398,0.2471989101246301,0.659851349174538,-2.49,2.2649987851055187,-1.3108535861337032,1.047038420024668,0.33124419818310374,0.09404776662721925,-0.1563115607211941,0.0003047084791821715,-1.4533278968734125,-0.3083609657816117,-1.046451369191614,2.329532435233274,-4.752117181684427,1.0863718693332198,-4.9793374868128994
0.2610000000000002,0.08108880149452513,0.2472900178554043,0.6596881404893502,-2.49,2.263545839108991,-1.3111751730244698,1.046015567100802,0.33219693072142903,0.09292134692059077,-0.15902138898605328,0.0003427245841331884,-1.4536899170975794,-0.31351817416517436,-1.0377320734850224,2.333819078227001,-4.748157834395843,1.090821516406183,-4.979850588438933
0.2620000000000002,0.0814222670522463,0.2473811255861785,0.6595249318041625,-2.49,2.262092893112463,-1.311496759915237,1.0449927141769362,0.3331496632597543,0.09179492721396229,-0.16173121725091244,0.0003807406890842054,-1.4540519373217462,-0.31867538254873706,-1.0290127777784308,2.338105721220728,-4.744198487107259,1.095271163479146,-4.980363690064967
0.2630000000000002,0.08175573260996746,0.2474722333169527,0.6593617231189747,-2.49,2.2606399471159353,-1.3118183468060036,1.0439698612530703,0.3341023957980796,0.09066850750733381,-0.16444104551577163,0.00041875679403522234,-1.454413957545913,-0.3238325909322997,-1.0202934820718392,2.342392364214455,-4.740239139818676,1.0997208105521092,-4.980876791690999
0.2640000000000002,0.08208919816768862,0.2475633410477269,0.659198514433787,-2.49,2.2591870011194075,-1.3121399336967707,1.0429470083292043,0.33505512833640494,0.08954208780070533,-0.1671508737806308,0.00045677289898623933,-1.4547759777700797,-0.32898979931586236,-1.0115741863652477,2.346679007208182,-4.736279792530091,1.1041704576250724,-4.981389893317033
0.2650000000000002,0.08242266372540978,0.24765444877850112,0.6590353057485991,-2.49,2.2577340551228797,-1.3124615205875374,1.0419241554053384,0.3360078608747302,0.08841566809407683,-0.16986070204548998,0.0004947890039372563,-1.4551379979942467,-0.33414700769942507,-1.002854890658656,2.350965650201909,-4.732320445241507,1.1086201046980353,-4.981902994943066
0.2660000000000002,0.08275612928313095,0.24774555650927532,0.6588720970634114,-2.49,2.256281109126352,-1.3127831074783045,1.0409013024814724,0.3369605934130555,0.08728924838744835,-0.17257053031034914,0.0005328051088882732,-1.4555000182184135,-0.3393042160829877,-0.9941355949520644,2.3552522931956363,-4.728361097952924,1.1130697517709984,-4.9824160965691
0.2670000000000002,0.0830895948408521,0.24783666424004952,0.6587088883782236,-2.49,2.254828163129824,-1.3131046943690712,1.0398784495576066,0.3379133259513808,0.08616282868081987,-0.17528035857520832,0.0005708212138392901,-1.4558620384425802,-0.34446142446655037,-0.9854162992454728,2.3595389361893635,-4.72440175066434,1.1175193988439616,-4.982929198195134
0.2680000000000002,0.08342306039857326,0.24792777197082372,0.6585456796930359,-2.49,2.2533752171332964,-1.3134262812598383,1.0388555966337407,0.3388660584897061,0.08503640897419139,-0.17799018684006748,0.000608837318790307,-1.4562240586667472,-0.3496186328501131,-0.9766970035388812,2.3638255791830907,-4.720442403375755,1.1219690459169247,-4.983442299821166
0.2690000000000002,0.08375652595629443,0.24801887970159792,0.6583824710078481,-2.49,2.2519222711367686,-1.3137478681506054,1.0378327437098747,0.33981879102803136,0.0839099892675629,-0.18070001510492667,0.0006468534237413239,-1.456586078890914,-0.3547758412336757,-0.9679777078322896,2.368112222176818,-4.7164830560871716,1.1264186929898878,-4.9839554014472
0.2700000000000002,0.08408999151401558,0.24810998743237211,0.6582192623226604,-2.49,2.250469325140241,-1.314069455041372,1.0368098907860088,0.34077152356635665,0.08278356956093443,-0.18340984336978586,0.0006848695286924296,-1.4569480991150807,-0.3599330496172384,-0.9592584121256981,2.372398865170545,-4.712523708798588,1.1308683400628512,-4.984468503073233
0.2710000000000002,0.08443874164766328,0.24818523345799262,0.6580139134471216,-2.4899906439225274,2.249001273299155,-1.31446447021936,1.0359062609594951,0.34185869398989766,0.08181445112839338,-0.18646719729108024,0.0023206926910153275,-1.458730057749832,-0.36443735635800595,-0.9521320447806082,2.381855458521236,-4.712020073519052,1.1371096032730246,-4.987851531938676
0.2720000000000002,0.08478749178131097,0.24826047948361313,0.6578085645715828,-2.4899812878450547,2.24753322145807,-1.3148594853973479,1.0350026311329814,0.34294586441343866,0.08084533269585231,-0.1895245512123746,0.003956515853338225,-1.4605120163845835,-0.3689416630987736,-0.9450056774355183,2.3913120518719273,-4.711516438239516,1.143350866483198,-4.991234560804118
0.2730000000000002,0.08513624191495865,0.24833572550923363,0.657603215696044,-2.489971931767582,2.246065169616984,-1.3152545005753358,1.0340990013064677,0.34403303483697967,0.07987621426331126,-0.192581905133669,0.0055923390156611226,-1.462293975019335,-0.37344596983954115,-0.9378793100904285,2.4007686452226182,-4.7110128029599805,1.1495921296933713,-4.994617589669561
0.2740000000000002,0.08548499204860634,0.24841097153485414,0.6573978668205052,-2.4899625756901083,2.244597117775899,-1.3156495157533237,1.0331953714799542,0.3451202052605207,0.0789070958307702,-0.19563925905496335,0.007228162177984021,-1.4640759336540863,-0.3779502765803088,-0.9307529427453386,2.410225238573309,-4.710509167680445,1.155833392903545,-4.998000618535003
0.2750000000000002,0.08583374218225402,0.24848621756047465,0.6571925179449664,-2.4899532196126355,2.2431290659348133,-1.3160445309313116,1.0322917416534405,0.3462073756840617,0.07793797739822914,-0.19869661297625774,0.00886398534030692,-1.4658578922888377,-0.3824545833210764,-0.9236265754002487,2.419681831924,-4.710005532400909,1.1620746561137183,-5.001383647400446
0.2760000000000002,0.08618249231590172,0.24856146358609518,0.6569871690694274,-2.4899438635351627,2.241661014093728,-1.3164395461092995,1.0313881118269268,0.3472945461076027,0.07696885896568809,-0.2017539668975521,0.010499808502629817,-1.467639850923589,-0.386958890061844,-0.9165002080551589,2.429138425274691,-4.709501897121373,1.1683159193238917,-5.004766676265888
0.2770000000000002,0.0865312424495494,0.2486367096117157,0.6567818201938886,-2.48993450745769,2.240192962252643,-1.3168345612872874,1.030484482000413,0.3483817165311437,0.07599974053314702,-0.20481132081884648,0.012135631664952715,-1.4694218095583405,-0.3914631968026116,-0.909373840710069,2.4385950186253824,-4.708998261841837,1.174557182534065,-5.008149705131331
0.2780000000000002,0.08687999258319709,0.2487119556373362,0.6565764713183498,-2.489925151380217,2.238724910411557,-1.3172295764652753,1.0295808521738994,0.3494688869546847,0.07503062210060597,-0.20786867474014084,0.013771454827275612,-1.4712037681930918,-0.3959675035433792,-0.9022474733649792,2.4480516119760733,-4.708494626562302,1.1807984457442386,-5.011532733996773
0.2790000000000002,0.08722874271684478,0.2487872016629567,0.656371122442811,-2.4899157953027444,2.237256858570472,-1.3176245916432632,1.028677222347386,0.3505560573782257,0.07406150366806491,-0.21092602866143523,0.015407277989598511,-1.4729857268278432,-0.4004718102841468,-0.8951211060198893,2.4575082053267643,-4.707990991282767,1.187039708954412,-5.014915762862215
0.2800000000000002,0.08757749285049246,0.2488624476885772,0.6561657735672722,-2.4899064392252717,2.2357888067293863,-1.318019606821251,1.0277735925208722,0.3516432278017667,0.07309238523552386,-0.2139833825827296,0.017043101151921407,-1.4747676854625946,-0.40497611702491443,-0.8879947386747994,2.466964798677455,-4.707487356003231,1.1932809721645854,-5.018298791727658
0.2810000000000002,0.08792624298414016,0.24893769371419772,0.6559604246917334,-2.489897083147799,2.234320754888301,-1.318414621999239,1.0268699626943585,0.3527303982253077,0.0721232668029828,-0.21704073650402397,0.018678924314244304,-1.476549644097346,-0.409480423765682,-0.8808683713297095,2.476421392028146,-4.706983720723695,1.1995222353747588,-5.0216818205931
0.2820000000000002,0.08827499311778784,0.24901293973981822,0.6557550758161946,-2.4898877270703252,2.2328527030472154,-1.3188096371772269,1.0259663328678448,0.3538175686488487,0.07115414837044175,-0.22009809042531836,0.020314747476567203,-1.4783316027320974,-0.4139847305064496,-0.8737420039846197,2.4858779853788375,-4.706480085444159,1.2057634985849324,-5.025064849458543
0.2830000000000002,0.08862374325143553,0.24908818576543873,0.6555497269406558,-2.4898783709928525,2.23138465120613,-1.3192046523552148,1.025062703041331,0.35490473907238973,0.07018502993790068,-0.22315544434661272,0.0219505706388901,-1.4801135613668488,-0.4184890372472172,-0.8666156366395299,2.4953345787295285,-4.7059764501646235,1.2120047617951057,-5.028447878323985
0.2840000000000002,0.08897249338508322,0.24916343179105924,0.655344378065117,-2.4898690149153797,2.2299165993650445,-1.3195996675332027,1.0241590732148176,0.35599190949593074,0.06921591150535963,-0.22621279826790708,0.023586393801213,-1.4818955200016002,-0.4229933439879848,-0.85948926929444,2.5047911720802194,-4.705472814885088,1.2182460250052791,-5.031830907189428
0.2850000000000002,0.0893212435187309,0.24923867781667974,0.6551390291895782,-2.489859658837907,2.2284485475239593,-1.3199946827111906,1.0232554433883039,0.35707907991947174,0.06824679307281858,-0.22927015218920146,0.02522221696353598,-1.4836774786363518,-0.42749765072875234,-0.8523629019493503,2.5142477654309103,-4.704969179605552,1.2244872882154527,-5.035213936054871
0.2860000000000002,0.08968745158469715,0.24930124151848085,0.6548859412446576,-2.489811249446511,2.22693968635993,-1.3204479189036227,1.022437417301869,0.3583261629703346,0.06754088452085968,-0.23230674820185074,0.028322780492176278,-1.4873706499181034,-0.43065305816189936,-0.848622326860282,2.5197955290250706,-4.706798988369335,1.232111680369894,-5.0459953533215005
0.2870000000000002,0.09005365965066339,0.24936380522028198,0.6546328532997369,-2.489762840055114,2.2254308251959007,-1.3209011550960543,1.0216193912154343,0.3595732460211975,0.0668349759689008,-0.2353433442145,0.031423344020816577,-1.4910638211998553,-0.4338084655950464,-0.8448817517712137,2.5253432926192314,-4.708628797133118,1.239736072524335,-5.05677677058813
0.2880000000000002,0.09041986771662963,0.24942636892208309,0.6543797653548162,-2.4897144306637182,2.2239219640318715,-1.3213543912884864,1.0208013651289995,0.36082032907206035,0.0661290674169419,-0.23837994022714928,0.03452390754945688,-1.4947569924816069,-0.4369638730281934,-0.8411411766821455,2.530891056213392,-4.710458605896902,1.2473604646787761,-5.06755818785476
0.2890000000000002,0.09078607578259587,0.2494889326238842,0.6541266774098956,-2.4896660212723214,2.222413102867842,-1.321807627480918,1.0199833390425648,0.3620674121229232,0.065423158864983,-0.24141653623979856,0.03762447107809718,-1.4984501637633587,-0.4401192804613404,-0.8374006015930772,2.536438819807553,-4.7122884146606845,1.2549848568332171,-5.07833960512139
0.2900000000000002,0.09115228384856211,0.2495514963256853,0.653873589464975,-2.4896176118809255,2.220904241703813,-1.3222608636733502,1.01916531295613,0.36331449517378606,0.06471725031302411,-0.24445313225244783,0.04072503460673749,-1.5021433350451103,-0.44327468789448743,-0.8336600265040089,2.5419865834017137,-4.714118223424467,1.2626092489876584,-5.08912102238802
0.2910000000000002,0.09151849191452836,0.2496140600274864,0.6536205015200544,-2.4895692024895295,2.219395380539784,-1.3227140998657823,1.0183472868696954,0.3645615782246489,0.06401134176106521,-0.24748972826509713,0.043825598135377786,-1.505836506326862,-0.4464300953276345,-0.8299194514149406,2.547534346995874,-4.71594803218825,1.2702336411420996,-5.09990243965465
0.2920000000000002,0.0918846999804946,0.24967662372928753,0.6533674135751336,-2.4895207930981327,2.217886519375755,-1.323167336058214,1.0175292607832607,0.3658086612755118,0.06330543320910631,-0.2505263242777464,0.046926161664018085,-1.5095296776086138,-0.4495855027607815,-0.8261788763258724,2.5530821105900348,-4.717777840952033,1.2778580332965406,-5.11068385692128
0.2930000000000002,0.09225090804646084,0.24973918743108864,0.653114325630213,-2.4894723837067367,2.2163776582117256,-1.323620572250646,1.016711234696826,0.36705574432637467,0.06259952465714741,-0.2535629202903957,0.05002672519265838,-1.5132228488903654,-0.45274091019392854,-0.8224383012368041,2.5586298741841955,-4.719607649715816,1.2854824254509818,-5.121465274187909
0.2940000000000002,0.09261711611242708,0.24980175113288974,0.6528612376852924,-2.48942397431534,2.2148687970476963,-1.3240738084430776,1.0158932086103911,0.3683028273772375,0.061893616105188516,-0.25659951630304495,0.05312728872129869,-1.5169160201721172,-0.45589631762707555,-0.8186977261477358,2.5641776377783563,-4.721437458479599,1.2931068176054228,-5.132246691454539
0.2950000000000002,0.09298332417839332,0.24986431483469085,0.6526081497403717,-2.489375564923944,2.213359935883667,-1.3245270446355097,1.0150751825239563,0.36954991042810037,0.06118770755322962,-0.2596361123156942,0.056227852249938995,-1.5206091914538689,-0.45905172506022257,-0.8149571510586675,2.569725401372517,-4.723267267243382,1.300731209759864,-5.143028108721169
0.2960000000000002,0.09334953224435957,0.24992687853649195,0.6523550617954511,-2.489327155532548,2.211851074719638,-1.3249802808279418,1.0142571564375216,0.3707969934789632,0.06048179900127072,-0.2626727083283435,0.059328415778579294,-1.5243023627356205,-0.4622071324933696,-0.8112165759695993,2.575273164966678,-4.725097076007166,1.3083556019143052,-5.153809525987799
0.2970000000000002,0.09371574031032581,0.24998944223829309,0.6521019738505304,-2.489278746141151,2.2103422135556086,-1.3254335170203735,1.0134391303510868,0.37204407652982613,0.05977589044931183,-0.26570930434099277,0.06242897930721959,-1.5279955340173723,-0.4653625399265166,-0.8074760008805311,2.580820928560838,-4.726926884770949,1.3159799940687462,-5.164590943254429
0.2980000000000002,0.09408194837629205,0.2500520059400942,0.6518488859056097,-2.4892303367497552,2.2088333523915797,-1.3258867532128056,1.0126211042646522,0.373291159580689,0.05906998189735293,-0.26874590035364204,0.06552954283585989,-1.531688705299124,-0.4685179473596636,-0.8037354257914627,2.586368692154999,-4.728756693534732,1.3236043862231874,-5.175372360521059
0.2990000000000002,0.09444815644225829,0.25011456964189527,0.6515957979606891,-2.4891819273583584,2.2073244912275505,-1.3263399894052372,1.0118030781782175,0.37453824263155183,0.058364073345394035,-0.2717824963662913,0.06863010636450019,-1.5353818765808758,-0.47167335479281064,-0.7999948507023945,2.5919164557491596,-4.7305865022985145,1.3312287783776284,-5.1861537777876885
0.3000000000000002,0.09481436450822454,0.2501771333436964,0.6513427100157685,-2.4891335179669625,2.205815630063521,-1.3267932255976693,1.0109850520917827,0.3757853256824147,0.057658164793435156,-0.2748190923789405,0.07173066989314038,-1.5390750478626274,-0.47482876222595755,-0.7962542756133266,2.59746421934332,-4.732416311062297,1.3388531705320696,-5.196935195054318
0.3010000000000002,0.09520075894824664,0.2502317534785169,0.6510564140642522,-2.4890483799796153,2.2042355256682105,-1.3272792806243534,1.0101738831967124,0.37723867931106836,0.05732574202392195,-0.27580475880961874,0.07284842340690309,-1.544930900005618,-0.47591078335318476,-0.7998507693541101,2.5967391799084742,-4.736590327104228,1.348299993541901,-5.2175336603643965
0.3020000000000002,0.09558715338826874,0.2502863736133374,0.6507701181127359,-2.488963241992268,2.2026554212728997,-1.3277653356510375,1.0093627143016421,0.37869203293972203,0.05699331925440874,-0.276790425240297,0.0739661769206658,-1.5507867521486085,-0.476992804480412,-0.8034472630948937,2.5960141404736286,-4.740764343146158,1.3577468165517326,-5.238132125674474
0.3030000000000002,0.09597354782829084,0.2503409937481578,0.6504838221612195,-2.488878104004921,2.201075316877589,-1.3282513906777211,1.008551545406572,0.3801453865683757,0.05666089648489552,-0.2777760916709752,0.07508393043442851,-1.556642604291599,-0.47807482560763914,-0.8070437568356772,2.5952891010387833,-4.7449383591880885,1.367193639561564,-5.258730590984552
0.3040000000000002,0.09635994226831295,0.2503956138829783,0.6501975262097032,-2.4887929660175745,2.199495212482278,-1.3287374457044052,1.0077403765115018,0.3815987401970294,0.05632847371538231,-0.2787617581016535,0.07620168394819123,-1.5624984564345896,-0.47915684673486636,-0.8106402505764607,2.5945640616039376,-4.749112375230019,1.3766404625713953,-5.27932905629463
0.3050000000000002,0.09674633670833505,0.2504502340177988,0.6499112302581869,-2.4887078280302273,2.197915108086967,-1.3292235007310893,1.0069292076164316,0.383052093825683,0.055996050945869104,-0.27974742453233176,0.07731943746195394,-1.5683543085775802,-0.4802388678620936,-0.8142367443172441,2.593839022169092,-4.753286391271949,1.3860872855812267,-5.299927521604707
0.3060000000000002,0.09713273114835715,0.25050485415261925,0.6496249343066706,-2.48862269004288,2.1963350036916562,-1.329709555757773,1.0061180387213615,0.3845054474543367,0.05566362817635589,-0.28073309096301,0.07843719097571664,-1.5742101607205707,-0.48132088898932074,-0.8178332380580277,2.5931139827342466,-4.757460407313879,1.3955341085910582,-5.320525986914785
0.3070000000000002,0.09751912558837925,0.25055947428743974,0.6493386383551543,-2.488537552055533,2.1947548992963455,-1.330195610784457,1.0053068698262912,0.38595880108299035,0.05533120540684268,-0.2817187573936883,0.07955494448947935,-1.5800660128635613,-0.48240291011654796,-0.8214297317988112,2.592388943299401,-4.761634423355809,1.4049809316008894,-5.341124452224863
0.3080000000000002,0.09790552002840135,0.25061409442226024,0.649052342403638,-2.4884524140681856,2.1931747949010347,-1.3306816658111411,1.004495700931221,0.38741215471164403,0.05499878263732947,-0.2827044238243665,0.08067269800324206,-1.5859218650065519,-0.4834849312437752,-0.8250262255395947,2.5916639038645553,-4.765808439397739,1.414427754610721,-5.361722917534941
0.3090000000000002,0.09829191446842345,0.25066871455708073,0.6487660464521217,-2.4883672760808384,2.191594690505724,-1.3311677208378252,1.003684532036151,0.3888655083402977,0.054666359867816254,-0.28369009025504477,0.08179045151700477,-1.5917777171495424,-0.4845669523710024,-0.8286227192803782,2.5909388644297096,-4.76998245543967,1.4238745776205524,-5.382321382845019
0.3100000000000002,0.09867830890844555,0.25072333469190117,0.6484797505006054,-2.488282138093491,2.190014586110413,-1.3316537758645088,1.0028733631410807,0.3903188619689513,0.054333937098303045,-0.28467575668572304,0.08290820503076748,-1.597633569292533,-0.48564897349822955,-0.8322192130211618,2.5902138249948643,-4.7741564714816,1.4333214006303838,-5.402919848155096
0.3110000000000002,0.09906470334846765,0.25077795482672166,0.6481934545490889,-2.488197000106144,2.1884344817151025,-1.332139830891193,1.0020621942460104,0.391772215597605,0.054001514328789836,-0.2856614231164013,0.08402595854453018,-1.6034894214355235,-0.48673099462545677,-0.8358157067619453,2.5894887855600186,-4.77833048752353,1.442768223640215,-5.423518313465174
0.3120000000000002,0.09945109778848975,0.25083257496154215,0.6479071585975726,-2.4881118621187976,2.1868543773197917,-1.332625885917877,1.0012510253509403,0.3932255692262587,0.05366909155927662,-0.28664708954707957,0.0851437120582929,-1.609345273578514,-0.487813015752684,-0.8394122005027288,2.588763746125173,-4.782504503565461,1.4522150466500465,-5.444116778775252
0.3130000000000002,0.09983749222851185,0.25088719509636265,0.6476208626460563,-2.4880267241314504,2.185274272924481,-1.333111940944561,1.00043985645587,0.39467892285491235,0.05333666878976341,-0.2876327559777578,0.0862614655720556,-1.6152011257215046,-0.4888950368799112,-0.8430086942435123,2.588038706690327,-4.786678519607391,1.461661869659878,-5.46471524408533
0.3140000000000002,0.10022388666853395,0.2509418152311831,0.64733456669454,-2.487941586144103,2.18369416852917,-1.3335979959712447,0.9996286875607999,0.396132276483566,0.0530042460202502,-0.28861842240843605,0.08737921908581832,-1.6210569778644952,-0.48997705800713837,-0.8466051879842958,2.587313667255482,-4.790852535649321,1.4711086926697095,-5.485313709395408
0.3150000000000002,0.10061028110855605,0.2509964353660036,0.6470482707430237,-2.487856448156756,2.1821140641338594,-1.3340840509979288,0.9988175186657298,0.3975856301122197,0.05267182325073702,-0.28960408883911404,0.08849697259958071,-1.626912830007486,-0.4910590791343654,-0.85020168172508,2.586588627820636,-4.795026551691251,1.480555515679541,-5.505912174705486
0.3160000000000002,0.10102037572652162,0.25104984496099303,0.6467779052407501,-2.4877932010928907,2.1804268015599457,-1.3345640872439288,0.9978659525960775,0.399302437095072,0.05287660273895895,-0.2860803362706809,0.08389292753133797,-1.6354765083438083,-0.4889355943325829,-0.8662642606891944,2.5813214836110454,-4.800934845336928,1.4929266442830287,-5.538848596399892
0.3170000000000002,0.10143047034448718,0.2511032545559824,0.6465075397384764,-2.4877299540290254,2.1787395389860325,-1.3350441234899288,0.9969143865264253,0.40101924407792433,0.05308138222718088,-0.2825565837022478,0.07928888246309523,-1.6440401866801306,-0.4868121095308003,-0.8823268396533088,2.576054339401455,-4.8068431389826065,1.5052977728865164,-5.571785018094299
0.3180000000000002,0.10184056496245274,0.2511566641509719,0.6462371742362027,-2.48766670696516,2.1770522764121187,-1.3355241597359289,0.9959628204567731,0.4027360510607767,0.053286161715402805,-0.2790328311338146,0.07468483739485249,-1.652603865016453,-0.48468862472901775,-0.8983894186174232,2.5707871951918646,-4.812751432628284,1.5176689014900044,-5.604721439788705
0.31900000000000023,0.1022506595804183,0.25121007374596127,0.6459668087339291,-2.487603459901295,2.175365013838205,-1.3360041959819289,0.9950112543871208,0.404452858043629,0.053490941203624735,-0.2755090785653815,0.07008079232660976,-1.6611675433527753,-0.4825651399272352,-0.9144519975815375,2.565520050982274,-4.818659726273961,1.5300400300934922,-5.6376578614831105
0.32000000000000023,0.10266075419838387,0.2512634833409507,0.6456964432316554,-2.4875402128374295,2.1736777512642917,-1.336484232227929,0.9940596883174686,0.40616966502648133,0.053695720691846666,-0.2719853259969483,0.06547674725836702,-1.6697312216890976,-0.48044165512545267,-0.9305145765456518,2.560252906772684,-4.824568019919639,1.54241115869698,-5.670594283177517
0.32100000000000023,0.10307084881634944,0.2513168929359401,0.6454260777293818,-2.4874769657735643,2.171990488690378,-1.336964268473929,0.9931081222478164,0.4078864720093337,0.053900500180068596,-0.2684615734285152,0.06087270219012428,-1.67829490002542,-0.47831817032367013,-0.9465771555097663,2.5549857625630934,-4.830476313565316,1.5547822873004677,-5.703530704871923
0.32200000000000023,0.103480943434315,0.25137030253092957,0.6451557122271081,-2.487413718709699,2.1703032261164648,-1.337444304719929,0.9921565561781642,0.409603278992186,0.054105279668290526,-0.264937820860082,0.05626865712188154,-1.6868585783617422,-0.47619468552188754,-0.9626397344738806,2.5497186183535026,-4.836384607210993,1.5671534159039555,-5.736467126566329
0.32300000000000023,0.10389103805228057,0.25142371212591896,0.6448853467248344,-2.4873504716458337,2.168615963542551,-1.337924340965929,0.9912049901085119,0.41132008597503833,0.05431005915651246,-0.26141406829164887,0.05166461205363881,-1.6954222566980646,-0.474071200720105,-0.978702313437995,2.544451474143912,-4.842292900856671,1.5795245445074435,-5.769403548260736
0.32400000000000023,0.10430113267024614,0.2514771217209084,0.6446149812225608,-2.4872872245819684,2.1669287009686373,-1.3384043772119285,0.9902534240388597,0.4130368929578907,0.05451483864473439,-0.2578903157232157,0.04706056698539606,-1.703985935034387,-0.47194771591832246,-0.9947648924021093,2.5391843299343217,-4.848201194502348,1.5918956731109313,-5.802339969955142
0.32500000000000023,0.10471122728821171,0.2515305313158978,0.6443446157202871,-2.487223977518103,2.165241438394724,-1.3388844134579285,0.9893018579692076,0.414753699940743,0.05471961813295632,-0.25436656315478257,0.04245652191715333,-1.7125496133707092,-0.4698242311165399,-1.0108274713662238,2.5339171857247313,-4.854109488148025,1.604266801714419,-5.835276391649548
0.32600000000000023,0.10512132190617728,0.25158394091088726,0.6440742502180135,-2.487160730454238,2.1635541758208103,-1.3393644497039285,0.9883502918995554,0.41647050692359533,0.05492439762117825,-0.2508428105863494,0.03785247684891059,-1.7211132917070315,-0.4677007463147574,-1.026890050330338,2.528650041515141,-4.860017781793703,1.6166379303179068,-5.868212813343955
0.32700000000000023,0.10553141652414284,0.25163735050587666,0.6438038847157398,-2.4870974833903725,2.161866913246897,-1.3398444859499286,0.9873987258299031,0.4181873139064477,0.05512917710940018,-0.24731905801791626,0.03324843178066785,-1.7296769700433539,-0.46557726151297485,-1.0429526292944524,2.5233828973055505,-4.86592607543938,1.6290090589213948,-5.9011492350383605
0.32800000000000024,0.10594151114210841,0.2516907601008661,0.6435335192134661,-2.487034236326507,2.1601796506729833,-1.3403245221959286,0.9864471597602509,0.4199041208893,0.05533395659762211,-0.2437953054494831,0.02864438671242512,-1.7382406483796762,-0.46345377671119226,-1.0590152082585669,2.51811575309596,-4.871834369085057,1.6413801875248826,-5.9340856567327664
0.32900000000000024,0.10635160576007398,0.25174416969585556,0.6432631537111925,-2.486970989262642,2.1584923880990696,-1.3408045584419286,0.9854955936905987,0.42162092787215233,0.05553873608584404,-0.24027155288104995,0.02404034164418238,-1.7468043267159985,-0.4613302919094097,-1.075077787222681,2.5128486088863693,-4.877742662730735,1.6537513161283703,-5.967022078427173
0.33000000000000024,0.10676170037803955,0.25179757929084495,0.6429927882089188,-2.4869077421987766,2.1568051255251564,-1.3412845946879286,0.9845440276209464,0.4233377348550047,0.05574351557406601,-0.23674780031261652,0.019436296575939413,-1.755368005052321,-0.45920680710762685,-1.0911403661867964,2.5075814646767802,-4.883650956376411,1.6661224447318583,-5.99995850012158
0.33100000000000024,0.10719962445398562,0.2518598995393922,0.6428142186751323,-2.486953089395019,2.154960593084133,-1.3416949747195597,0.9832288792581035,0.42532307360912575,0.05679684210936638,-0.2283118749732202,0.010637704015147494,-1.7681430134494964,-0.4514837362669555,-1.1240893829468885,2.52401792161066,-4.872442443154401,1.6832572021484808,-6.049093067589337
0.33200000000000024,0.10763754852993171,0.2519222197879395,0.6426356491413457,-2.4869984365912625,2.1531160606431095,-1.3421053547511907,0.9819137308952607,0.42730841236324685,0.05785016864466674,-0.21987594963382384,0.001839111454355575,-1.780918021846672,-0.4437606654262841,-1.1570383997069804,2.5404543785445397,-4.861233929932389,1.7003919595651034,-6.098227635057093
0.33300000000000024,0.10807547260587778,0.25198454003648674,0.6424570796075593,-2.487043783787505,2.1512715282020864,-1.3425157347828223,0.9805985825324178,0.4292937511173679,0.0589034951799671,-0.21144002429442751,-0.006959481106436346,-1.7936930302438474,-0.43603759458561275,-1.1899874164670723,2.556890835478419,-4.850025416710379,1.7175267169817259,-6.1473622025248496
0.33400000000000024,0.10851339668182386,0.252046860285034,0.6422785100737728,-2.4870891309837484,2.149426995761063,-1.3429261148144533,0.979283434169575,0.43127908987148894,0.05995682171526746,-0.2030040989550312,-0.015758073667228267,-1.8064680386410228,-0.42831452374494133,-1.2229364332271642,2.5733272924122987,-4.838816903488367,1.7346614743983484,-6.1964967699926055
0.33500000000000024,0.10895132075776995,0.2521091805335812,0.6420999405399862,-2.487134478179991,2.1475824633200395,-1.3433364948460844,0.977968285806732,0.43326442862561,0.06101014825056782,-0.19456817361563483,-0.024556666228020187,-1.8192430470381982,-0.42059145290426997,-1.2558854499872563,2.5897637493461785,-4.827608390266357,1.751796231814971,-6.245631337460362
0.33600000000000024,0.10938924483371602,0.2521715007821285,0.6419213710061997,-2.4871798253762343,2.1457379308790165,-1.3437468748777155,0.9766531374438892,0.4352497673797311,0.062063474785868177,-0.1861322482762385,-0.0333552587888121,-1.8320180554353735,-0.4128683820635986,-1.2888344667473481,2.606200206280058,-4.816399877044345,1.7689309892315934,-6.294765904928118
0.33700000000000024,0.10982716890966211,0.25223382103067576,0.6417428014724132,-2.4872251725724768,2.143893398437993,-1.3441572549093466,0.9753379890810463,0.43723510613385214,0.06311680132116854,-0.17769632293684218,-0.04215385134960403,-1.8447930638325492,-0.4051453112229272,-1.32178348350744,2.622636663213938,-4.805191363822335,1.786065746648216,-6.343900472395875
0.33800000000000024,0.11026509298560819,0.252296141279223,0.6415642319386267,-2.48727051976872,2.1420488659969696,-1.344567634940978,0.9740228407182034,0.4392204448879732,0.06417012785646889,-0.16926039759744582,-0.05095244391039594,-1.8575680722297245,-0.3974222403822558,-1.354732500267532,2.6390731201478173,-4.793982850600323,1.8032005040648384,-6.393035039863631
0.33900000000000025,0.11070301706155426,0.25235846152777025,0.6413856624048402,-2.4873158669649627,2.1402043335559466,-1.3449780149726092,0.9727076923553606,0.44120578364209423,0.06522345439176926,-0.1608244722580495,-0.059751036471187874,-1.8703430806269,-0.38969916954158446,-1.387681517027624,2.655509577081697,-4.782774337378312,1.820335261481461,-6.442169607331388
0.34000000000000025,0.11114094113750035,0.25242078177631755,0.6412070928710537,-2.487361214161206,2.138359801114923,-1.3453883950042402,0.9713925439925176,0.44319112239621533,0.06627678092706962,-0.15238854691865317,-0.0685496290319798,-1.8831180890240753,-0.3819760987009131,-1.4206305337877159,2.6719460340155767,-4.771565824156301,1.8374700188980835,-6.491304174799144
0.34100000000000025,0.11157886521344643,0.2524831020248648,0.6410285233372671,-2.4874065613574485,2.1365152686738997,-1.3457987750358713,0.9700773956296748,0.4451764611503364,0.06733010746236998,-0.1439526215792568,-0.07734822159277172,-1.8958930974212507,-0.37425302786024167,-1.4535795505478077,2.6883824909494565,-4.76035731093429,1.854604776314706,-6.5404387422669
0.34200000000000025,0.11201678928939252,0.25254542227341203,0.6408499538034806,-2.487451908553692,2.1346707362328767,-1.3462091550675024,0.9687622472668319,0.4471617999044574,0.06838343399767034,-0.13551669623986048,-0.08614681415356362,-1.9086681058184263,-0.3665299570195703,-1.4865285673078996,2.704818947883336,-4.749148797712279,1.8717395337313283,-6.589573309734657
0.34300000000000025,0.11245471336533859,0.25260774252195933,0.6406713842696942,-2.4874972557499344,2.1328262037918533,-1.346619535099134,0.9674470989039891,0.44914713865857847,0.0694367605329707,-0.12708077090046416,-0.09494540671435554,-1.9214431142156017,-0.35880688617889894,-1.5194775840679917,2.7212554048172155,-4.737940284490268,1.8888742911479508,-6.638707877202413
0.34400000000000025,0.11289263744128467,0.2526700627705066,0.6404928147359076,-2.487542602946178,2.13098167135083,-1.347029915130765,0.9661319505411462,0.4511324774126996,0.07049008706827106,-0.11864484556106782,-0.10374399927514746,-1.934218122612777,-0.3510838153382275,-1.5524266008280836,2.7376918617510952,-4.726731771268257,1.9060090485645733,-6.687842444670169
0.34500000000000025,0.11333056151723075,0.2527323830190538,0.6403142452021211,-2.4875879501424203,2.129137138909807,-1.347440295162396,0.9648168021783032,0.4531178161668206,0.0715434136035715,-0.11020892022167135,-0.11254259183593918,-1.9469931310099529,-0.3433607444975556,-1.5853756175881768,2.7541283186849763,-4.715523258046248,1.9231438059811967,-6.736977012137926
0.34600000000000025,0.11380047632827975,0.2528200033641088,0.6402853066604396,-2.487748753466259,2.127051188520395,-1.347667017080766,0.9628535635979621,0.4554236848081517,0.07396747342583548,-0.09919101421949986,-0.11755476561387689,-1.967066929026198,-0.32571368091121183,-1.6398513388319245,2.791360333617946,-4.725327876036118,1.9535361107560745,-6.792197487094359
0.34700000000000025,0.11427039113932876,0.25290762370916386,0.640256368118758,-2.4879095567900977,2.124965238130984,-1.3478937389991357,0.9608903250176211,0.45772955344948274,0.07639153324809948,-0.08817310821732838,-0.12256693939181461,-1.9871407270424433,-0.30806661732486806,-1.6943270600756721,2.8285923485509166,-4.73513249402599,1.9839284155309524,-6.847417962050792
0.34800000000000025,0.11474030595037775,0.25299524405421886,0.6402274295770765,-2.4880703601139365,2.122879287741572,-1.3481204609175057,0.95892708643728,0.4600354220908138,0.07881559307036348,-0.07715520221515687,-0.12757911316975232,-2.0072145250586884,-0.2904195537385243,-1.7488027813194198,2.865824363483887,-4.744937112015862,2.0143207203058306,-6.902638437007225
0.34900000000000025,0.11521022076142674,0.25308286439927385,0.640198491035395,-2.488231163437775,2.120793337352161,-1.3483471828358753,0.9569638478569388,0.4623412907321448,0.08123965289262748,-0.06613729621298539,-0.13259128694769004,-2.0272883230749335,-0.2727724901521805,-1.8032785025631677,2.903056378416857,-4.754741730005733,2.0447130250807084,-6.957858911963657
0.35000000000000026,0.11568013557247575,0.25317048474432885,0.6401695524937133,-2.488391966761614,2.118707386962749,-1.3485739047542453,0.9550006092765977,0.4646471593734759,0.08366371271489147,-0.0551193902108139,-0.13760346072562774,-2.0473621210911785,-0.25512542656583675,-1.8577542238069154,2.940288393349827,-4.764546347995604,2.075105329855586,-7.01307938692009
0.35100000000000026,0.11615005038352474,0.2532581050893839,0.6401406139520318,-2.4885527700854526,2.116621436573338,-1.3488006266726154,0.9530373706962566,0.4669530280148069,0.08608777253715547,-0.044101484208642405,-0.14261563450356546,-2.0674359191074236,-0.237478362979493,-1.912229945050663,2.9775204082827975,-4.774350965985476,2.1054976346304644,-7.068299861876524
0.35200000000000026,0.11661996519457374,0.2533457254344389,0.6401116754103503,-2.4887135734092913,2.114535486183926,-1.349027348590985,0.9510741321159155,0.46925889665613796,0.08851183235941947,-0.03308357820647091,-0.14762780828150318,-2.0875097171236687,-0.21983129939314922,-1.966705666294411,3.0147524232157674,-4.784155583975347,2.135889939405342,-7.123520336832956
0.35300000000000026,0.11708988000562275,0.2534333457794939,0.6400827368686687,-2.488874376733129,2.1124495357945143,-1.349254070509355,0.9491108935355744,0.471564765297469,0.09093589218168346,-0.022065672204299433,-0.15263998205944088,-2.1075835151399143,-0.20218423580680547,-2.0211813875381583,3.0519844381487378,-4.793960201965218,2.1662822441802203,-7.178740811789389
0.35400000000000026,0.11755979481667174,0.2535209661245489,0.6400537983269872,-2.489035180056968,2.110363585405103,-1.3494807924277246,0.9471476549552333,0.4738706339388001,0.09335995200394745,-0.011047766202127926,-0.1576521558373786,-2.1276573131561594,-0.18453717222046168,-2.0756571087819062,3.089216453081708,-4.80376481995509,2.196674548955098,-7.233961286745822
0.35500000000000026,0.11802970962772073,0.25360858646960394,0.6400248597853057,-2.4891959833808066,2.1082776350156913,-1.3497075143460946,0.9451844163748923,0.4761765025801311,0.09578401182621145,-2.9860199956432965e-05,-0.16266432961531632,-2.1477311111724045,-0.1668901086341179,-2.130132830025654,3.126448468014678,-4.813569437944961,2.2270668537299763,-7.289181761702254
0.35600000000000026,0.11849962443876974,0.25369620681465893,0.639995921243624,-2.4893567867046453,2.10619168462628,-1.3499342362644646,0.9432211777945512,0.47848237122146214,0.09820807164847545,0.010988045802215046,-0.16767650339325402,-2.1678049091886495,-0.14924304504777414,-2.1846085512694016,3.1636804829476484,-4.823374055934833,2.257459158504854,-7.344402236658688
0.35700000000000026,0.11896953924981873,0.2537838271597139,0.6399669827019425,-2.489517590028484,2.1041057342368683,-1.3501609581828342,0.94125793921421,0.4807882398627932,0.10063213147073943,0.02200595180438654,-0.17268867717119174,-2.1878787072048946,-0.1315959814614304,-2.2390842725131495,3.2009124978806187,-4.833178673924704,2.2878514632797318,-7.3996227116151205
0.35800000000000026,0.11943945406086773,0.253871447504769,0.639938044160261,-2.4896783933523228,2.102019783847457,-1.3503876801012042,0.9392947006338689,0.48309410850412426,0.10305619129300343,0.03302385780655802,-0.17770085094912946,-2.2079525052211397,-0.11394891787508662,-2.2935599937568973,3.2381445128135886,-4.842983291914575,2.31824376805461,-7.454843186571553
0.35900000000000026,0.11990936887191674,0.25395906784982397,0.6399091056185794,-2.4898391966761615,2.0999338334580453,-1.3506144020195738,0.9373314620535278,0.4853999771454553,0.10548025111526743,0.044041763808729525,-0.18271302472706719,-2.228026303237385,-0.09630185428874286,-2.348035715000645,3.275376527746559,-4.852787909904447,2.3486360728294877,-7.510063661527986
0.36000000000000026,0.12037928368296573,0.25404668819487897,0.6398801670768979,-2.49,2.097847883068634,-1.3508411239379439,0.9353682234731867,0.4877058457867864,0.10790431093753156,0.05505966981090015,-0.1877251985050025,-2.248100101253631,-0.07865479070239803,-2.4025114362443936,3.312608542679537,-4.862592527894323,2.3790283776043677,-7.565284136484416
0.36100000000000027,0.12088744887586267,0.2541867778323208,0.639942536964742,-2.49,2.0953628703125746,-1.3506790070307062,0.932449168074162,0.4905452464920386,0.11270861252284267,0.05073997266372417,-0.14980847761593907,-2.2831258784013757,-0.042466804447542666,-2.472440727891585,3.490677465640218,-4.953238811617414,2.4448869219905234,-7.573274950923667
0.36200000000000027,0.12139561406875961,0.2543268674697626,0.6400049068525862,-2.49,2.0928778575565152,-1.3505168901234685,0.9295301126751373,0.4933846471972908,0.11751291410815379,0.04642027551654818,-0.11189175672687568,-2.31815165554912,-0.006278818192687302,-2.542370019538777,3.668746388600899,-5.043885095340506,2.5107454663766786,-7.581265765362919
0.36300000000000027,0.12190377926165655,0.2544669571072044,0.6400672767404303,-2.49,2.090392844800456,-1.3503547732162309,0.9266110572761127,0.49622404790254304,0.12231721569346492,0.0421005783693722,-0.07397503583781224,-2.3531774326968646,0.029909168062168076,-2.6122993111859687,3.8468153115615804,-5.134531379063597,2.5766040107628343,-7.5892565798021705
0.36400000000000027,0.12241194445455347,0.25460704674464624,0.6401296466282745,-2.49,2.087907832044397,-1.3501926563089932,0.923692001877088,0.4990634486077953,0.12712151727877602,0.03778088122219621,-0.03605831494874884,-2.3882032098446095,0.06609715431702344,-2.68222860283316,4.024884234522261,-5.225177662786689,2.64246255514899,-7.597247394241422
0.36500000000000027,0.12292010964745041,0.254747136382088,0.6401920165161187,-2.49,2.0854228192883375,-1.3500305394017555,0.9207729464780634,0.5019028493130475,0.13192581886408716,0.03346118407502023,0.0018584059403145836,-2.423228986992354,0.1022851405718788,-2.752157894480352,4.202953157482943,-5.315823946509781,2.708321099535145,-7.605238208680674
0.36600000000000027,0.12342827484034735,0.25488722601952984,0.6402543864039628,-2.49,2.082937806532278,-1.3498684224945179,0.9178538910790387,0.5047422500182998,0.13673012044939828,0.029141486927844244,0.03977512682937798,-2.4582547641400985,0.13847312682673418,-2.8220871861275434,4.381022080443624,-5.4064702302328715,2.774179643921301,-7.613229023119925
0.36700000000000027,0.12393644003324429,0.2550273156569716,0.640316756291807,-2.49,2.080452793776219,-1.3497063055872802,0.914934835680014,0.507581650723552,0.1415344220347094,0.024821789780668256,0.07769184771844143,-2.4932805412878434,0.17466111308158955,-2.8920164777747353,4.559091003404305,-5.497116513955963,2.8400381883074566,-7.621219837559177
0.36800000000000027,0.12444460522614123,0.25516740529441345,0.6403791261796511,-2.49,2.0779677810201598,-1.349544188680043,0.9120157802809894,0.5104210514288041,0.1463387236200205,0.020502092633492272,0.11560856860750482,-2.528306318435588,0.21084909933644486,-2.961945769421927,4.737159926364986,-5.587762797679055,2.905896732693612,-7.629210651998428
0.36900000000000027,0.12495277041903817,0.2553074949318553,0.6404414960674952,-2.49,2.0754827682641004,-1.3493820717728053,0.9090967248819647,0.5132604521340564,0.15114302520533163,0.01618239548631628,0.15352528949656827,-2.5633320955833323,0.24703708559130028,-3.0318750610691185,4.9152288493256675,-5.678409081402147,2.9717552770797675,-7.63720146643768
0.3700000000000003,0.1254609356119351,0.25544758456929706,0.6405038659553394,-2.49,2.072997755508041,-1.3492199548655677,0.9061776694829401,0.5160998528393086,0.15594732679064274,0.011862698339140297,0.19144201038563166,-2.598357872731077,0.28322507184615564,-3.1018043527163104,5.093297772286348,-5.769055365125238,3.0376138214659227,-7.645192280876931
0.3710000000000003,0.12596910080483203,0.2555876742067389,0.6405662358431835,-2.49,2.070512742751982,-1.34905783795833,0.9032586140839154,0.5189392535445608,0.16075162837595386,0.007543001191964313,0.2293587312746951,-2.6333836498788217,0.319413058101011,-3.171733644363502,5.271366695247029,-5.859701648848329,3.1034723658520784,-7.653183095316183
0.3720000000000003,0.126477265997729,0.25572776384418067,0.6406286057310278,-2.49,2.0680277299959227,-1.3488957210510923,0.9003395586848907,0.5217786542498131,0.16555592996126497,0.003223304044788329,0.2672754521637585,-2.668409427026566,0.35560104435586637,-3.2416629360106937,5.44943561820771,-5.950347932571421,3.1693309102382337,-7.661173909755434
0.3730000000000003,0.1269854311906259,0.2558678534816225,0.6406909756188719,-2.49,2.0655427172398633,-1.3487336041438547,0.8974205032858661,0.5246180549550653,0.1703602315465761,-0.001096393102387655,0.30519217305282187,-2.703435204174311,0.39178903061072173,-3.3115922276578855,5.627504541168392,-6.0409942162945125,3.2351894546243893,-7.669164724194686
0.3740000000000003,0.12749359638352287,0.25600794311906433,0.640753345506716,-2.49,2.063057704483804,-1.348571487236617,0.8945014478868414,0.5274574556603175,0.17516453313188723,-0.005416090249563639,0.3431088939418854,-2.7384609813220555,0.42797701686557704,-3.381521519305077,5.805573464129073,-6.131640500017604,3.301047999010545,-7.677155538633937
0.3750000000000003,0.1280017615764198,0.2561480327565061,0.6408157153945602,-2.49,2.060572691727745,-1.3484093703293794,0.8915823924878167,0.5302968563655698,0.17996883471719854,-0.009735787396742216,0.3810256148309546,-2.7734867584698017,0.4641650031204343,-3.451450810952269,5.983642387089763,-6.222286783740695,3.366906543396702,-7.685146353073188
0.3760000000000003,0.12855746632925527,0.25638726013601776,0.6405001735584476,-2.4887052474720885,2.0573788646885185,-1.3474830809400276,0.8875961534379747,0.5337913618218765,0.18864895523076614,-0.06079552548268499,0.5254829641583448,-2.8348850341087886,0.5323681023242478,-3.5218577472867794,6.32555267168632,-6.304251313213209,3.466033062489165,-7.679187829577076
0.3770000000000003,0.12911317108209075,0.2566264875155294,0.640184631722335,-2.487410494944177,2.054185037649292,-1.3465567915506762,0.8836099143881326,0.5372858672781833,0.19732907574433373,-0.11185526356862777,0.669940313485735,-2.896283309747776,0.6005712015280612,-3.59226468362129,6.667462956282876,-6.386215842685723,3.5651595815816277,-7.673229306080964
0.3780000000000003,0.12966887583492623,0.25686571489504106,0.6398690898862223,-2.486115742416265,2.0509912106100656,-1.3456305021613244,0.8796236753382907,0.5407803727344901,0.20600919625790132,-0.16291500165457054,0.8143976628131253,-2.9576815853867626,0.6687743007318747,-3.662671619955801,7.009373240879434,-6.468180372158237,3.664286100674091,-7.667270782584853
0.3790000000000003,0.1302245805877617,0.2571049422745528,0.6395535480501097,-2.4848209898883535,2.047797383570839,-1.344704212771973,0.8756374362884486,0.5442748781907969,0.2146893167714689,-0.21397473974051334,0.9588550121405155,-3.01907986102575,0.7369773999356881,-3.7330785562903115,7.35128352547599,-6.550144901630751,3.763412619766554,-7.661312259088741
0.3800000000000003,0.13078028534059719,0.2573441696540644,0.6392380062139971,-2.4835262373604428,2.0446035565316127,-1.3437779233826213,0.8716511972386066,0.5477693836471036,0.2233694372850365,-0.26503447782645606,1.1033123614679057,-3.0804781366647367,0.8051804991395016,-3.803485492624822,7.693193810072547,-6.632109431103264,3.8625391388590167,-7.655353735592629
0.3810000000000003,0.13133599009343266,0.2575833970335761,0.6389224643778845,-2.482231484832531,2.0414097294923863,-1.34285163399327,0.8676649581887647,0.5512638891034104,0.2320495577986041,-0.31609421591239883,1.2477697107952959,-3.1418764123037235,0.873383598343315,-3.8738924289593326,8.035104094669103,-6.714073960575778,3.9616656579514795,-7.649395212096518
0.3820000000000003,0.13189169484626814,0.25782262441308773,0.6386069225417719,-2.4809367323046194,2.0382159024531603,-1.341925344603918,0.8636787191389226,0.5547583945597172,0.24072967831217168,-0.3671539539983416,1.392227060122686,-3.2032746879427108,0.9415866975471285,-3.9442993652938436,8.37701437926566,-6.796038490048292,4.060792177043942,-7.643436688600406
0.3830000000000003,0.13244739959910362,0.2580618517925994,0.6382913807056593,-2.4796419797767077,2.035022075413934,-1.3409990552145667,0.8596924800890806,0.558252900016024,0.24940979882573927,-0.4182136920842843,1.5366844094500762,-3.2646729635816976,1.009789796750942,-4.014706301628354,8.718924663862218,-6.878003019520806,4.159918696136405,-7.6374781651042944
0.3840000000000003,0.1330031043519391,0.25830107917211104,0.6379758388695467,-2.478347227248796,2.0318282483747074,-1.340072765825215,0.8557062410392385,0.5617474054723307,0.25808991933930686,-0.4692734301702272,1.6811417587774666,-3.326071239220685,1.0779928959547553,-4.085113237962865,9.060834948458774,-6.95996754899332,4.259045215228868,-7.631519641608183
0.3850000000000003,0.13355880910477455,0.2585403065516227,0.6376602970334341,-2.4770524747208844,2.028634421335481,-1.3391464764358636,0.8517200019893966,0.5652419109286375,0.26677003985287445,-0.52033316825617,1.8255991081048568,-3.3874695148596716,1.146195995158569,-4.155520174297376,9.402745233055331,-7.041932078465834,4.358171734321331,-7.6255611181120715
0.3860000000000003,0.13411451385761003,0.25877953393113434,0.6373447551973214,-2.4757577221929727,2.0254405942962546,-1.3382201870465118,0.8477337629395546,0.5687364163849443,0.27545016036644204,-0.5713929063421128,1.970056457432247,-3.448867790498659,1.2143990943623824,-4.225927110631886,9.744655517651887,-7.123896607938348,4.457298253413794,-7.61960259461596
0.3870000000000003,0.1346702186104455,0.259018761310646,0.6370292133612088,-2.474462969665062,2.022246767257028,-1.33729389765716,0.8437475238897125,0.5722309218412511,0.28413028088000963,-0.6224526444280556,2.1145138067596374,-3.5102660661376457,1.2826021935661958,-4.296334046966397,10.086565802248444,-7.205861137410862,4.556424772506256,-7.6136440711198485
0.3880000000000003,0.135225923363281,0.25925798869015765,0.6367136715250962,-2.4731682171371503,2.0190529402178017,-1.3363676082678086,0.8397612848398706,0.5757254272975578,0.2928104013935772,-0.6735123825139983,2.2589711560870276,-3.571664341776633,1.3508052927700094,-4.366740983300907,10.428476086845002,-7.287825666883375,4.655551291598719,-7.607685547623737
0.3890000000000003,0.13578162811611647,0.2594972160696693,0.6363981296889836,-2.4718734646092386,2.0158591131785752,-1.3354413188784569,0.8357750457900285,0.5792199327538646,0.3014905219071448,-0.724572120599941,2.4034285054144178,-3.6330626174156198,1.4190083919738226,-4.437147919635418,10.770386371441557,-7.369790196355889,4.754677810691183,-7.601727024127625
0.3900000000000003,0.13633733286895194,0.25973644344918095,0.6360825878528709,-2.470578712081327,2.012665286139349,-1.3345150294891055,0.8317888067401864,0.5827144382101714,0.3101706424207127,-0.7756318586858871,2.547885854741815,-3.6944608930546092,1.4872114911776388,-4.507554855969929,11.112296656038115,-7.451754725828405,4.853804329783647,-7.595768500631515
0.3910000000000003,0.1369516151831075,0.26014531274803354,0.6345546688566195,-2.466124781020766,2.008241223788155,-1.3322225962199936,0.8266920048860738,0.5871204257824761,0.3244017552260303,-0.8851307739757157,2.82292535478409,-3.8016516738381156,1.6042740964404094,-4.591546819636375,11.458643505173939,-7.568241954729201,4.980396528918453,-7.631055626928938
0.3920000000000003,0.13756589749726303,0.26055418204688613,0.6330267498603681,-2.461670849960206,2.0038171614369613,-1.3299301629508822,0.821595203031961,0.5915264133547807,0.3386328680313479,-0.9946296892655444,3.0979648548263645,-3.908842454621622,1.7213367017031798,-4.6755387833028195,11.80499035430976,-7.6847291836299965,5.106988728053259,-7.666342753226361
0.3930000000000003,0.13818017981141859,0.2609630513457387,0.6314988308641167,-2.457216918899646,1.9993930990857673,-1.3276377296817703,0.8164984011778482,0.5959324009270853,0.35286398083666554,-1.104128604555373,3.3730043548686393,-4.0160332354051285,1.8383993069659503,-4.759530746969264,12.151337203445584,-7.801216412530792,5.233580927188065,-7.701629879523783
0.3940000000000003,0.13879446212557411,0.2613719206445913,0.6299709118678654,-2.452762987839085,1.9949690367345736,-1.3253452964126589,0.8114015993237355,0.60033838849939,0.3670950936419832,-1.2136275198452018,3.648043854910914,-4.123224016188635,1.955461912228721,-4.8435227106357095,12.497684052581407,-7.917703641431587,5.36017312632287,-7.736917005821205
0.3950000000000003,0.13940874443972967,0.2617807899434439,0.628442992871614,-2.448309056778525,1.9905449743833799,-1.323052863143547,0.8063047974696227,0.6047443760716946,0.38132620644730075,-1.3231264351350305,3.9230833549531883,-4.23041479697214,2.0725245174914915,-4.927514674302154,12.84403090171723,-8.034190870332383,5.486765325457676,-7.7722041321186275
0.3960000000000003,0.1400230267538852,0.2621896592422965,0.6269150738753626,-2.443855125717965,1.9861209120321859,-1.3207604298744355,0.80120799561551,0.6091503636439993,0.3955573192526184,-1.432625350424859,4.198122854995463,-4.337605577755647,2.189587122754262,-5.011506637968599,13.190377750853052,-8.150678099233179,5.613357524592482,-7.80749125841605
0.3970000000000003,0.14063730906804073,0.26259852854114907,0.6253871548791112,-2.439401194657404,1.9816968496809921,-1.3184679966053237,0.7961111937613973,0.6135563512163039,0.409788432057936,-1.5421242657146876,4.473162355037738,-4.444796358539153,2.306649728017032,-5.095498601635044,13.536724599988876,-8.267165328133975,5.739949723727288,-7.842778384713473
0.3980000000000003,0.14125159138219628,0.26300739784000166,0.6238592358828599,-2.434947263596844,1.9772727873297982,-1.3161755633362118,0.7910143919072845,0.6179623387886085,0.4240195448632536,-1.651623181004516,4.748201855080012,-4.55198713932266,2.4237123332798025,-5.179490565301489,13.8830714491247,-8.38365255703477,5.866541922862094,-7.878065511010895
0.3990000000000003,0.1418658736963518,0.26341626713885424,0.6223313168866085,-2.430493332536283,1.9728487249786044,-1.3138831300671003,0.7859175900531717,0.6223683263609132,0.43825065766857124,-1.761122096294345,5.023241355122287,-4.659177920106166,2.5407749385425733,-5.263482528967933,14.229418298260523,-8.500139785935566,5.9931341219969,-7.913352637308317
0.4000000000000003,0.14248015601050737,0.26382513643770683,0.6208033978903571,-2.426039401475723,1.9684246626274104,-1.3115906967979885,0.780820788199059,0.6267743139332178,0.4524817704738888,-1.8706210115841737,5.2982808551645615,-4.766368700889672,2.6578375438053436,-5.347474492634379,14.575765147396346,-8.61662701483636,6.119726321131706,-7.9486397636057395
0.4010000000000003,0.1430944383246629,0.2642340057365594,0.6192754788941057,-2.4215854704151627,1.9640006002762167,-1.309298263528877,0.7757239863449463,0.6311803015055225,0.46671288327920646,-1.9801199268740022,5.573320355206836,-4.873559481673178,2.774900149068114,-5.431466456300823,14.92211199653217,-8.733114243737157,6.246318520266511,-7.983926889903162
0.4020000000000003,0.14370872063881845,0.264642875035412,0.6177475598978543,-2.4171315393546027,1.9595765379250227,-1.3070058302597651,0.7706271844908336,0.6355862890778271,0.4809439960845241,-2.089618842163831,5.848359855249111,-4.980750262456684,2.891962754330885,-5.515458419967268,15.268458845667993,-8.849601472637953,6.372910719401317,-8.019214016200584
0.4030000000000003,0.14432300295297398,0.2650517443342646,0.616219640901603,-2.412677608294042,1.955152475573829,-1.3047133969906537,0.7655303826367208,0.6399922766501317,0.4951751088898417,-2.1991177574536596,6.123399355291385,-5.087941043240191,3.009025359593655,-5.599450383633712,15.614805694803815,-8.966088701538748,6.499502918536123,-8.054501142498006
0.4040000000000003,0.14493728526712954,0.2654606136331172,0.6146917219053516,-2.4082236772334817,1.950728413222635,-1.3024209637215418,0.760433580782608,0.6443982642224364,0.5094062216951593,-2.3086166727434883,6.3984388553336595,-5.195131824023697,3.1260879648564255,-5.683442347300158,15.961152543939638,-9.082575930439544,6.626095117670929,-8.089788268795429
0.4050000000000003,0.14555156758128507,0.2658694829319698,0.6131638029091001,-2.4037697461729213,1.946304350871441,-1.30012853045243,0.7553367789284953,0.6488042517947411,0.5236373345004773,-2.418115588033319,6.6734783553759405,-5.302322604807209,3.243150570119201,-5.767434310966608,16.30749939307546,-9.199063159340344,6.752687316805738,-8.125075395092857
0.4060000000000003,0.1462438373803302,0.266550618873408,0.6096331699128461,-2.3942993290207686,1.9396388992076192,-1.295491510161395,0.7484121734913965,0.6549987870824889,0.5464144162298479,-2.5720779921379,7.063994299232361,-5.506485668070446,3.4488427354373195,-5.94873240563581,16.637865458944912,-9.39579861711092,6.927144363394499,-8.251695196844098
0.4070000000000003,0.14693610717937533,0.2672317548148461,0.6061025369165921,-2.3848289118686155,1.9329734475437972,-1.2908544898703602,0.7414875680542979,0.6611933223702366,0.5691914979592183,-2.726040396242481,7.454510243088781,-5.710648731333683,3.6545349007554377,-6.130030500305012,16.968231524814367,-9.592534074881495,7.101601409983259,-8.37831499859534
0.4080000000000003,0.14762837697842046,0.2679128907562842,0.6025719039203381,-2.3753584947164628,1.9263079958799751,-1.286217469579325,0.7345629626171992,0.6673878576579845,0.5919685796885887,-2.8800028003470617,7.845026186945201,-5.914811794596921,3.8602270660735565,-6.311328594974214,17.29859759068382,-9.789269532652071,7.27605845657202,-8.50493480034658
0.4090000000000003,0.14832064677746556,0.26859402669772237,0.5990412709240841,-2.36588807756431,1.919642544216153,-1.28158044928829,0.7276383571801006,0.6735823929457322,0.6147456614179592,-3.0339652044516425,8.235542130801623,-6.118974857860158,4.065919231391675,-6.492626689643417,17.62896365655327,-9.986004990422645,7.450515503160781,-8.631554602097822
0.4100000000000003,0.1490129165765107,0.2692751626391605,0.5955106379278301,-2.3564176604121574,1.9129770925523313,-1.2769434289972548,0.7207137517430019,0.67977692823348,0.6375227431473296,-3.1879276085562234,8.626058074658042,-6.323137921123395,4.271611396709793,-6.673924784312619,17.959329722422723,-10.18274044819322,7.6249725497495415,-8.758174403849063
0.4110000000000003,0.14970518637555583,0.26995629858059866,0.5919800049315761,-2.3469472432600047,1.9063116408885092,-1.27230640870622,0.7137891463059033,0.6859714635212277,0.6602998248767,-3.341890012660804,9.016574018514463,-6.527300984386633,4.477303562027911,-6.855222878981821,18.289695788292175,-10.379475905963796,7.799429596338302,-8.884794205600304
0.4120000000000003,0.15039745617460096,0.2706374345220368,0.5884493719353221,-2.3374768261078516,1.8996461892246872,-1.267669388415185,0.7068645408688046,0.6921659988089756,0.6830769066060705,-3.495852416765385,9.407089962370883,-6.731464047649871,4.6829957273460305,-7.036520973651024,18.62006185416163,-10.576211363734371,7.973886642927063,-9.011414007351544
0.4130000000000003,0.15108972597364606,0.27131857046347496,0.5849187389390681,-2.328006408955699,1.8929807375608654,-1.2630323681241498,0.699939935431706,0.6983605340967233,0.7058539883354409,-3.649814820869966,9.797605906227304,-6.935627110913107,4.888687892664148,-7.2178190683202255,18.950427920031082,-10.772946821504945,8.148343689515825,-9.138033809102785
0.4140000000000003,0.1517819957726912,0.2719997064049131,0.5813881059428141,-2.318535991803546,1.8863152858970433,-1.258395347833115,0.6930153299946072,0.7045550693844711,0.7286310700648114,-3.8037772249745467,10.188121850083723,-7.139790174176345,5.094380057982267,-7.399117162989429,19.280793985900534,-10.96968227927552,8.322800736104584,-9.264653610854026
0.4150000000000003,0.15247426557173632,0.27268084234635126,0.5778574729465601,-2.3090655746513935,1.8796498342332213,-1.2537583275420796,0.6860907245575086,0.7107496046722188,0.7514081517941819,-3.9577396290791276,10.578637793940144,-7.343953237439582,5.300072223300385,-7.580415257658631,19.611160051769986,-11.166417737046096,8.497257782693346,-9.391273412605267
0.4160000000000003,0.15316653537078143,0.2733619782877894,0.5743268399503061,-2.299595157499241,1.8729843825693993,-1.2491213072510448,0.6791661191204099,0.7169441399599666,0.7741852335235523,-4.111702033183708,10.969153737796564,-7.548116300702819,5.505764388618504,-7.761713352327833,19.941526117639437,-11.363153194816672,8.671714829282106,-9.517893214356508
0.4170000000000003,0.15385880516982656,0.27404311422922756,0.570796206954052,-2.2901247403470877,1.8663189309055772,-1.24448428696001,0.6722415136833113,0.7231386752477145,0.7969623152529227,-4.265664437288289,11.359669681652985,-7.752279363966057,5.711456553936623,-7.943011446997035,20.271892183508893,-11.559888652587247,8.846171875870867,-9.64451301610775
0.4180000000000003,0.1545510749688717,0.2747242501706657,0.567265573957798,-2.280654323194935,1.8596534792417554,-1.2398472666689746,0.6653169082462127,0.7293332105354622,0.8197393969822931,-4.419626841392869,11.750185625509404,-7.956442427229295,5.91714871925474,-8.124309541666237,20.602258249378345,-11.756624110357823,9.020628922459627,-9.771132817858991
0.4190000000000003,0.15524334476791682,0.27540538611210386,0.563734940961544,-2.2711839060427823,1.8529880275779333,-1.2352102463779397,0.658392302809114,0.7355277458232099,0.8425164787116636,-4.57358924549745,12.140701569365824,-8.160605490492532,6.1228408845728595,-8.30560763633544,20.932624315247796,-11.953359568128397,9.195085969048389,-9.897752619610232
0.4200000000000003,0.15593561456696195,0.276086522053542,0.5602043079652897,-2.261713488890629,1.846322575914111,-1.2305732260869044,0.6514676973720153,0.741722281110958,0.865293560441035,-4.727551649602044,12.531217513222273,-8.364768553755791,6.32853304989098,-8.486905731004626,21.262990381117326,-12.150095025899017,9.36954301563716,-10.024372421361445
0.4210000000000003,0.15674399397581507,0.27721713198812215,0.5531045757222723,-2.243551104731179,1.8342675494330176,-1.2223085632692823,0.642759372957335,0.7513575454475874,0.9043021516317508,-5.116565024339332,13.435803012340793,-8.96711731683874,6.583146896761244,-8.40002541923896,23.00674509590495,-13.143449262630753,9.72570645085898,-9.630743449679144
0.4220000000000003,0.15755237338466818,0.27834774192270234,0.5460048434792549,-2.225388720571729,1.822212522951924,-1.21404390045166,0.6340510485426547,0.7609928097842169,0.9433107428224665,-5.505578399076619,14.340388511459311,-9.569466079921689,6.837760743631508,-8.313145107473293,24.75049981069257,-14.13680349936249,10.081869886080801,-9.237114477996844
0.4230000000000003,0.1583607527935213,0.2794783518572825,0.5389051112362375,-2.2072263364122793,1.8101574964708305,-1.2057792376340384,0.6253427241279744,0.7706280741208464,0.9823193340131824,-5.8945917738139055,15.24497401057783,-10.17181484300464,7.092374590501771,-8.226264795707626,26.494254525480194,-15.130157736094228,10.43803332130262,-8.843485506314543
0.4240000000000003,0.1591691322023744,0.2806089617918626,0.53180537899322,-2.189063952252829,1.7981024699897368,-1.1975145748164162,0.6166343997132943,0.780263338457476,1.0213279252038983,-6.283605148551192,16.14955950969635,-10.774163606087589,7.346988437372035,-8.139384483941958,28.238009240267814,-16.123511972825966,10.794196756524443,-8.449856534632243
0.4250000000000003,0.15997751161122753,0.2817395717264428,0.5247056467502026,-2.170901568093379,1.7860474435086433,-1.189249911998794,0.607926075298614,0.7898986027941054,1.060336516394614,-6.672618523288479,17.054145008814867,-11.376512369170538,7.601602284242298,-8.052504172176292,29.981763955055435,-17.1168662095577,11.150360191746262,-8.056227562949942
0.4260000000000003,0.16078589102008065,0.28287018166102296,0.5176059145071852,-2.152739183933929,1.7739924170275498,-1.1809852491811723,0.5992177508839337,0.7995338671307349,1.0993451075853298,-7.061631898025766,17.958730507933385,-11.978861132253487,7.856216131112562,-7.965623860410625,31.72551866984306,-18.11022044628944,11.506523626968082,-7.662598591267642
0.4270000000000003,0.16159427042893376,0.2840007915956031,0.5105061822641677,-2.134576799774479,1.7619373905464562,-1.1727205863635501,0.5905094264692534,0.8091691314673644,1.1383536987760456,-7.450645272763054,18.863316007051903,-12.581209895336437,8.110829977982824,-7.878743548644959,33.46927338463068,-19.103574683021176,11.862687062189902,-7.268969619585341
0.4280000000000003,0.16240264983778688,0.2851314015301833,0.5034064500211503,-2.1164144156150293,1.7498823640653627,-1.164455923545928,0.5818011020545732,0.8188043958039939,1.1773622899667613,-7.83965864750034,19.76790150617042,-13.183558658419386,8.365443824853088,-7.7918632368792915,35.2130280994183,-20.096928919752912,12.218850497411724,-6.875340647903041
0.4290000000000003,0.16321102924664,0.28626201146476343,0.49630671777813284,-2.098252031455579,1.737827337584269,-1.1561912607283058,0.573092777639893,0.8284396601406234,1.2163708811574772,-8.228672022237628,20.672487005288943,-13.785907421502337,8.620057671723352,-7.704982925113625,36.95678281420592,-21.09028315648465,12.575013932633544,-6.48171167622074
0.4300000000000003,0.1640194086554931,0.2873926213993436,0.4892069855351154,-2.080089647296129,1.7257723111031755,-1.147926597910684,0.5643844532252127,0.838074924477253,1.255379472348193,-8.617685396974915,21.57707250440746,-14.388256184585284,8.874671518593615,-7.618102613347958,38.70053752899355,-22.083637393216385,12.931177367855366,-6.088082704538439
0.4310000000000003,0.16482778806434623,0.28852323133392377,0.4821072532920979,-2.061927263136679,1.713717284622082,-1.139661935093062,0.5556761288105325,0.8477101888138824,1.294388063538909,-9.006698771712202,22.48165800352598,-14.990604947668235,9.129285365463879,-7.531222301582291,40.44429224378117,-23.07699162994812,13.287340803077186,-5.694453732856139
0.43200000000000033,0.16563616747319934,0.2896538412685039,0.4750075210490805,-2.043764878977229,1.7016622581409884,-1.1313972722754397,0.5469678043958522,0.8573454531505119,1.3333966547296248,-9.395712146449489,23.386243502644497,-15.592953710751184,9.383899212334143,-7.444341989816625,42.18804695856879,-24.070345866679858,13.643504238299005,-5.300824761173838
0.43300000000000033,0.16644454688205246,0.29078445120308405,0.46790778880606304,-2.0256024948177793,1.689607231659895,-1.1231326094578176,0.538259479981172,0.8669807174871413,1.3724052459203406,-9.784725521186775,24.290829001763015,-16.195302473834133,9.638513059204406,-7.357461678050958,43.93180167335641,-25.0637001034116,13.999667673520825,-4.907195789491538
0.43400000000000033,0.1672529262909056,0.29191506113766424,0.4608080565630456,-2.007440110658329,1.6775522051788012,-1.1148679466401958,0.5295511555664917,0.8766159818237709,1.4114138371110563,-10.173738895924062,25.195414500881533,-16.797651236917083,9.89312690607467,-7.270581366285291,45.67555638814403,-26.05705434014333,14.355831108742645,-4.513566817809238
0.43500000000000033,0.16806130569975872,0.29304567107224444,0.45370832432002783,-1.9892777264988784,1.6654971786977075,-1.1066032838225737,0.5208428311518117,0.8862512461604001,1.4504224283017708,-10.56275227066134,26.1,-17.399999999999974,10.147740752944923,-7.183701054519612,47.419311102931346,-27.050408576874897,14.71199454396444,-4.1199378461269225
0.43600000000000033,0.1689997986044362,0.2947053738889739,0.4405217892550077,-1.9597630059342501,1.648102580647294,-1.095599376064333,0.5162450697724577,0.8907602418228913,1.4673242263923383,-10.783915493908369,26.1,-16.932269696373005,10.196969844669242,-6.884555705609763,43.58716570851674,-24.922060153024468,14.583315888327329,-3.458558064060601
0.43700000000000033,0.16993829150911371,0.2963650767057034,0.4273352541899876,-1.9302482853696215,1.6307079825968804,-1.0845954683060928,0.5116473083931035,0.8952692374853823,1.4842260244829057,-11.0050787171554,26.1,-16.464539392746037,10.246198936393561,-6.5854103566999145,39.75502031410214,-22.793711729174035,14.454637232690217,-2.7971782819942796
0.43800000000000033,0.1708767844137912,0.2980247795224329,0.4141487191249674,-1.9007335648049932,1.6133133845464669,-1.073591560547852,0.5070495470137494,0.8997782331478735,1.5011278225734732,-11.226241940402428,26.1,-15.996809089119067,10.29542802811788,-6.286265007790066,35.92287491968753,-20.665363305323606,14.325958577053106,-2.135798499927958
0.43900000000000033,0.1718152773184687,0.2996844823391624,0.40096218405994727,-1.8712188442403646,1.5959187864960533,-1.0625876527896119,0.5024517856343953,0.9042872288103646,1.5180296206640407,-11.447405163649458,26.1,-15.529078785492098,10.344657119842202,-5.987119658880216,32.09072952527293,-18.537014881473176,14.197279921415992,-1.4744187178616368
0.44000000000000034,0.17275377022314622,0.3013441851558919,0.38777564899492717,-1.8417041236757363,1.5785241884456398,-1.0515837450313716,0.4978540242550412,0.9087962244728558,1.5349314187546081,-11.668568386896489,26.1,-15.06134848186513,10.393886211566521,-5.687974309970367,28.258584130858324,-16.408666457622743,14.06860126577888,-0.8130389357953156
0.44100000000000034,0.1736922631278237,0.30300388797262134,0.374589113929907,-1.812189403111108,1.5611295903952263,-1.040579837273131,0.49325626287568713,0.9133052201353469,1.5518332168451754,-11.889731610143517,26.1,-14.593618178238161,10.44311530329084,-5.3888289610605185,24.42643873644372,-14.280318033772316,13.93992261014177,-0.1516591537289944
0.44200000000000034,0.17463075603250122,0.30466359078935085,0.3614025788648869,-1.7826746825464794,1.5437349923448127,-1.0295759295148907,0.48865850149633305,0.9178142157978381,1.5687350149357429,-12.110894833390548,26.1,-14.125887874611193,10.49234439501516,-5.08968361215067,20.594293342029115,-12.151969609921883,13.811243954504658,0.5097206283373277
0.44300000000000034,0.1755692489371787,0.30632329360608035,0.34821604379986676,-1.7531599619818512,1.5263403942943992,-1.01857202175665,0.4840607401169789,0.9223232114603291,1.5856368130263103,-12.332058056637576,26.1,-13.658157570984224,10.54157348673948,-4.790538263240821,16.762147947614515,-10.023621186071455,13.682565298867546,1.171100410403648
0.44400000000000034,0.17650774184185622,0.30798299642280985,0.3350295087348466,-1.7236452414172225,1.5089457962439856,-1.0075681139984098,0.47946297873762483,0.9268322071228203,1.6025386111168778,-12.553221279884607,26.1,-13.190427267357254,10.5908025784638,-4.491392914330971,12.930002553199905,-7.895272762221023,13.553886643230435,1.83248019246997
0.44500000000000034,0.1774462347465337,0.30964269923953935,0.3218429736698265,-1.6941305208525943,1.491551198193572,-0.9965642062401696,0.47486521735827075,0.9313412027853114,1.6194404092074453,-12.774384503131635,26.1,-12.722696963730286,10.640031670188119,-4.192247565421122,9.097857158785303,-5.766924338370593,13.425207987593323,2.4938599745362913
0.44600000000000034,0.17838472765121122,0.3113024020562688,0.30865643860480635,-1.6646158002879656,1.4741566001431585,-0.9855602984819289,0.4702674559789166,0.9358501984478025,1.6363422072980127,-12.995547726378666,26.1,-12.254966660103317,10.68926076191244,-3.8931022165112736,5.2657117643707,-3.638575914520164,13.296529331956211,3.1552397566026125
0.44700000000000034,0.1793232205558887,0.3129621048729983,0.2954699035397862,-1.6351010797233374,1.456762002092745,-0.9745563907236887,0.46566969459956253,0.9403591941102937,1.6532440053885802,-13.216710949625694,26.1,-11.787236356476349,10.738489853636759,-3.593956867601425,1.4335663699560968,-1.510227490669731,13.167850676319098,3.8166195386689337
0.44800000000000034,0.18026171346056621,0.3146218076897278,0.2822833684747661,-1.6055863591587087,1.4393674040423314,-0.963552482965448,0.46107193322020845,0.9448681897727848,1.6701458034791474,-13.437874172872725,26.1,-11.31950605284938,10.787718945361078,-3.2948115186915756,-2.398579024458506,0.6181209331806983,13.039172020681987,4.477999320735254
0.44900000000000034,0.1812002063652437,0.3162815105064573,0.269096833409746,-1.5760716385940805,1.4219728059919179,-0.9525485752072078,0.45647417184085437,0.9493771854352759,1.687047601569715,-13.659037396119754,26.1,-10.851775749222412,10.836948037085397,-2.9956661697817273,-6.230724418873116,2.7464693570311276,12.910493365044875,5.139379102801575
0.45000000000000034,0.1821386992699212,0.3179412133231868,0.2559102983447258,-1.5465569180294523,1.4045782079415048,-0.9415446674489676,0.4518764104615004,0.9538861810977667,1.7039493996602808,-13.880200619366764,26.099999999999948,-10.384045445595401,10.886177128809708,-2.6965208208718825,-10.062869813287437,4.874817780881404,12.781814709407694,5.8007588848678235
0.45100000000000035,0.18308791211707104,0.3196115221662012,0.24235006228039652,-1.5230393905304709,1.3976098187569495,-0.9309946045095936,0.44963574551187685,0.952345139295796,1.6906133458404753,-13.759198852426563,25.14103096851022,-9.146784731640963,10.74525299850931,-2.4877945946728266,-8.757245373241561,4.217730569156405,11.403415228395035,5.13207628970032
0.45200000000000035,0.1840371249642209,0.32128183100921565,0.22878982621606722,-1.4995218630314895,1.390641429572394,-0.9204445415702196,0.4473950805622533,0.9508040974938253,1.6772772920206698,-13.63819708548636,24.18206193702049,-7.909524017686524,10.604328868208912,-2.2790683684737703,-7.451620933195686,3.560643357431407,10.025015747382376,4.463393694532817
0.45300000000000035,0.18498633781137072,0.3229521398522301,0.2152295901517379,-1.4760043355325085,1.3836730403878383,-0.909894478630846,0.44515441561262975,0.9492630556918547,1.6639412382008643,-13.517195318546156,23.22309290553076,-6.672263303732085,10.463404737908515,-2.0703421422747144,-6.145996493149811,2.903556145706408,8.646616266369715,3.7947110993653137
0.45400000000000035,0.18593555065852055,0.3246224486952445,0.2016693540874086,-1.4524868080335271,1.376704651203283,-0.899344415691472,0.4429137506630062,0.947722013889884,1.6506051843810587,-13.396193551605954,22.26412387404103,-5.435002589777647,10.322480607608117,-1.8616159160756582,-4.840372053103936,2.2464689339814097,7.268216785357057,3.126028504197811
0.45500000000000035,0.18688398938929113,0.3262775935431307,0.1882296342395319,-1.429872650762411,1.3708048650527498,-0.8889752894752028,0.44098737258288084,0.9466186550333093,1.6381093717753896,-13.288395751730613,21.425997750694375,-4.38530184938765,10.18420951717389,-1.642405642084667,-3.891625384426382,1.7452498735208446,6.282943088093834,2.648681519603683
0.45600000000000035,0.18783045183970853,0.3278940254707766,0.17509758625752836,-1.409564752447665,1.367633168938836,-0.8790680856527922,0.43986335314298014,0.9466326788197907,1.6277586529151635,-13.214307018596285,20.896377520747937,-3.814432329627579,10.052711504669652,-1.396430119059185,-3.8539697957508667,1.641954398294927,6.301299831358278,2.659804767862
0.45700000000000035,0.18877691429012594,0.3295104573984225,0.1619655382755248,-1.3892568541329187,1.364461472824922,-0.8691608818303815,0.43873933370307944,0.946646702606272,1.6174079340549374,-13.140218285461957,20.366757290801495,-3.243562809867508,9.921213492165414,-1.1504545960337031,-3.816314207075351,1.5386589230690093,6.319656574622723,2.670928016120317
0.45800000000000035,0.18972337674054335,0.3311268893260684,0.14883349029352125,-1.3689489558181727,1.3612897767110081,-0.8592536780079709,0.43761531426317873,0.9466607263927534,1.6070572151947113,-13.066129552327627,19.837137060855056,-2.6726932901074374,9.789715479661176,-0.9044790730082212,-3.778658618399835,1.4353634478430917,6.338013317887167,2.682051264378634
0.45900000000000035,0.19066983919096078,0.3327433212537143,0.1357014423115177,-1.3486410575034267,1.3581180805970943,-0.8493464741855603,0.43649129482327803,0.9466747501792347,1.5967064963344852,-12.9920408191933,19.307516830908614,-2.1018237703473663,9.658217467156936,-0.6585035499827392,-3.7410030297243195,1.3320679726171742,6.356370061151611,2.693174512636951
0.46000000000000035,0.19161685481442695,0.3343327136963358,0.12275707144487862,-1.3296809734683372,1.35637249988753,-0.8397767428041782,0.436,0.9468841264702597,1.5865219238345207,-12.922023895469113,18.802729201095282,-1.5686498503522308,9.531520112518844,-0.42041604169049285,-3.705867591404041,1.2439940393768956,6.371881262816196,2.713285959594086
0.46100000000000035,0.19256429996291566,0.3359011106558236,0.10995842715944716,-1.3117674334761675,1.3557342620837844,-0.830469050323956,0.436,0.9472451890900211,1.576466359823492,-12.855168629805993,18.317223463551375,-1.064745619789644,9.40855034851972,-0.18845337934633855,-3.672688986737587,1.1677392523866414,6.385182972672327,2.740376517803276
0.46200000000000035,0.1935117451114044,0.33746950761531147,0.09715978287401571,-1.2938538934839983,1.3550960242800392,-0.8211613578437333,0.436,0.9476062517097824,1.5664107958124633,-12.788313364142871,17.83171772600747,-0.5608413892270574,9.285580584520595,0.043509282997815646,-3.639510382071133,1.0914844653963873,6.3984846825284585,2.7674670760124664
0.46300000000000036,0.19445919025989314,0.33903790457479926,0.08436113858858425,-1.275940353491829,1.3544577864762937,-0.8118536653635111,0.436,0.9479673143295438,1.5563552318014346,-12.721458098479749,17.34621198846356,-0.05693715866447069,9.16261082052147,0.27547194534196995,-3.606331777404679,1.0152296784061332,6.411786392384591,2.7945576342216563
0.46400000000000036,0.19540663540838185,0.3406063015342871,0.07156249430315278,-1.2580268134996597,1.3538195486725482,-0.8025459728832884,0.436,0.9483283769493053,1.546299667790406,-12.654602832816629,16.86070625091965,0.446967071898116,9.039641056522346,0.5074346076861241,-3.573153172738225,0.9389748914158791,6.425088102240722,2.8216481924308465
0.46500000000000036,0.19635583513004584,0.34213481526015205,0.059012737513605674,-1.2419630370024035,1.3550648678607484,-0.7937141798486298,0.4369091935896149,0.9487963396165345,1.5362924867822376,-12.595333574447832,16.41067574738379,0.8990509720606558,8.92244935331561,0.7338703541723453,-3.5418594212451158,0.8808598768746696,6.436156081473125,2.8576126995662725
0.46600000000000036,0.19730535824874565,0.3436559778423236,0.04650885483153491,-1.2262402027010175,1.3566573579487136,-0.7849701030017058,0.43798596668859247,0.9492840057415424,1.5262942235666863,-12.537462543469685,15.967183919854342,1.3415835229367024,8.806322642871377,0.9592873980870342,-3.5109130795595744,0.8260883242778513,6.446812346977836,2.8952128231690315
0.46700000000000036,0.19825488136744546,0.3451771404244952,0.03400497214946414,-1.2105173683996315,1.3582498480366785,-0.7762260261547813,0.43906273978757004,0.9497716718665502,1.5162959603511348,-12.47959151249154,15.523692092324893,1.7841160738127488,8.690195932427146,1.1847044420017232,-3.479966737874033,0.771316771681033,6.457468612482548,2.932812946771791
0.46800000000000036,0.19920440448614524,0.3466983030066668,0.021501089467393375,-1.194794534098245,1.3598423381246436,-0.7674819493078573,0.44013951288654757,0.9502593379915582,1.5062976971355835,-12.421720481513395,15.080200264795442,2.2266486246887953,8.574069221982915,1.4101214859164122,-3.4490203961884913,0.7165452190842145,6.468124877987258,2.9704130703745504
0.46900000000000036,0.20015421449457943,0.34821351055817285,0.009028727363993103,-1.1793233778181373,1.3616806775997274,-0.7588048108927974,0.44134887700915315,0.9507434057197347,1.4962900235087593,-12.365048787291474,14.641542325350477,2.6621317228045704,8.45882643375871,1.634976174737284,-3.4182096413363814,0.6638265930573015,6.479007125778365,3.0080085102447223
0.47000000000000036,0.20110601768193326,0.3496873452748712,-0.0032246441468123423,-1.1656007655479272,1.3652270663951318,-0.7505927301473521,0.443479423040904,0.9512024734292664,1.4862169706399266,-12.316709537397816,14.236468033820872,3.0486384409630136,8.349724733640613,1.85592387706114,-3.3883408819124523,0.6253707637511237,6.491459395342577,3.045571409678834
0.47100000000000036,0.20205782086928706,0.35116117999156965,-0.015478015657617788,-1.1518781532777171,1.3687734551905362,-0.7423806494019067,0.4456099690726548,0.9516615411387982,1.476143917771094,-12.268370287504158,13.831393742291265,3.435145159121457,8.240623033522517,2.0768715793849957,-3.358472122488523,0.5869149344449458,6.503911664906789,3.083134309112946
0.47200000000000036,0.20300962405664089,0.352635014708268,-0.027731387168423233,-1.138155541007507,1.3723198439859405,-0.7341685686564614,0.44774051510440566,0.9521206088483298,1.4660708649022614,-12.220031037610502,13.42631945076166,3.8216518772799004,8.131521333404423,2.2978192817088514,-3.3286033630645937,0.5484591051387678,6.516363934471,3.120697208547058
0.47300000000000036,0.20396142724399471,0.35410884942496645,-0.03998475867922868,-1.124432928737297,1.375866232781345,-0.7259564879110161,0.4498710611361565,0.9525796765578616,1.4559978120334287,-12.171691787716844,13.021245159232055,4.208158595438344,8.022419633286328,2.5187669840327076,-3.298734603640664,0.51000327583259,6.528816204035212,3.1582601079811696
0.47400000000000037,0.20491400199848747,0.35556321571993477,-0.05215413074889787,-1.1114555118471867,1.380105564669703,-0.7179458510108105,0.4524199176697481,0.9529862453594012,1.4458765593774663,-12.127086090343742,12.629957665687954,4.573863690190386,7.916955928190723,2.736793391652691,-3.2686314466723894,0.4767716754780804,6.542458049807073,3.195026594658188
0.47500000000000037,0.20586769961883875,0.35698924951475264,-0.06420125797449953,-1.0995625818513695,1.3853533404143528,-0.7102283764354551,0.45557754375439397,0.9533164122142803,1.4356851613088426,-12.087913852283219,12.258734174322084,4.909296069133022,7.8167866170604485,2.950568423183508,-3.2381871696815203,0.4511429239631695,6.557831092311239,3.230634057513293
0.47600000000000037,0.20682139723919002,0.35841528330957056,-0.0762483852001012,-1.0876696518555522,1.3906011161590026,-0.7025109018601001,0.4587351698390398,0.9536465790691594,1.4254937632402191,-12.048741614222696,11.887510682956217,5.244728448075658,7.716617305930174,3.1643434547143245,-3.207742892690651,0.4255141724482586,6.573204134815405,3.2662415203683985
0.47700000000000037,0.2077750948595413,0.35984131710438844,-0.08829551242570288,-1.075776721859735,1.3958488919036525,-0.6947934272847451,0.46189279592368565,0.9539767459240386,1.4153023651715957,-12.009569376162174,11.516287191590347,5.580160827018294,7.616447994799899,3.378118486245141,-3.177298615699782,0.3998854209333478,6.5885771773195705,3.3018489832235036
0.47800000000000037,0.20872879247989254,0.3612673508992063,-0.10034263965130455,-1.0638837918639177,1.4010966676483023,-0.6870759527093901,0.4650504220083315,0.9543069127789177,1.4051109671029722,-11.970397138101651,11.14506370022448,5.91559320596093,7.516278683669624,3.591893517775958,-3.1468543387089123,0.3742566694184369,6.603950219823736,3.3374564460786087
0.47900000000000037,0.20968330659765283,0.3626601897280135,-0.11227536362883664,-1.0531489584880456,1.407357098871395,-0.6796641338784188,0.4688796148995396,0.9545325883726149,1.3949166027618003,-11.936365817542343,10.793699088553414,6.218558874814438,7.425286872451229,3.7940443073525443,-3.110686958802585,0.35573626595719104,6.6291383257247265,3.354882159280661
0.48000000000000037,0.21063818971659265,0.36403802669462443,-0.12415638513552439,-1.0429375058530002,1.4140751813520616,-0.6723904506115956,0.4730123102159166,0.9547110410379784,1.3847208978676064,-11.904657841308524,10.451309336999937,6.506851803513098,7.338442665690091,3.9909417318292086,-3.0719331264430396,0.34042835133868027,6.658762171324308,3.3640909608372964
0.48100000000000037,0.2115930728355325,0.3654158636612353,-0.13603740664221214,-1.0327260532179552,1.420793263832728,-0.6651167673447724,0.47714500553229366,0.954889493703342,1.3745251929734126,-11.872949865074705,10.10891958544646,6.795144732211759,7.251598458928954,4.1878391563058734,-3.033179294083494,0.3251204367201695,6.6883860169238885,3.3732997623939323
0.4820000000000004,0.21254795595447235,0.3667937006278462,-0.14791842814889988,-1.0225146005829102,1.4275113463133946,-0.6578430840779492,0.4812777008486707,0.9550679463687055,1.3643294880792187,-11.841241888840885,9.766529833892983,7.08343766091042,7.164754252167816,4.384736580782538,-2.9944254617239485,0.3098125221016587,6.718009862523469,3.3825085639505676
0.4830000000000004,0.21350283907341217,0.36817153759445714,-0.15979944965558762,-1.0123031479478652,1.4342294287940611,-0.650569400811126,0.4854103961650478,0.955246399034069,1.3541337831850249,-11.809533912607066,9.424140082339505,7.37173058960908,7.077910045406679,4.581634005259203,-2.955671629364403,0.29450460748314794,6.7476337081230495,3.3917173655072035
0.4840000000000004,0.21445822502380968,0.3695030193295956,-0.1715482212245983,-1.0036026372714417,1.4421658649975315,-0.6436543135421813,0.4903852753100828,0.9552898140689415,1.3440829155055858,-11.783101433487927,9.104989633115714,7.617647793928693,7.0077887676056765,4.752897084877031,-2.9145090133356955,0.2866902453636078,6.783124319328378,3.393017654143594
0.4850000000000004,0.21541362642213394,0.37083307694496614,-0.18329292982715256,-0.9949485455696001,1.4501397313154867,-0.6367502430157495,0.49538602792399117,0.955329080494199,1.3340364974973946,-11.75683102754776,8.786553138903889,7.862263136411971,6.938181249588701,4.923372629278406,-2.8732723949488728,0.27910609925004615,6.8187951685911505,3.394074978410551
0.4860000000000004,0.21636902782045817,0.3721631345603367,-0.19503763842970678,-0.9862944538677585,1.4581135976334418,-0.6298461724893181,0.5003867805378995,0.9553683469194564,1.3239900794892032,-11.730560621607593,8.468116644692062,8.106878478895249,6.8685737315717255,5.093848173679781,-2.83203577656205,0.2715219531364844,6.854466017853922,3.395132302677508
0.4870000000000004,0.2173244292187824,0.3734931921757072,-0.20678234703226103,-0.9776403621659169,1.466087463951397,-0.6229421019628867,0.505387533151808,0.9554076133447138,1.3139436614810118,-11.704290215667426,8.149680150480236,8.351493821378526,6.79896621355475,5.264323718081156,-2.790799158175228,0.2639378070229227,6.890136867116695,3.3961896269444654
0.4880000000000004,0.21827978493376907,0.3748114225623689,-0.21849863944092168,-0.969352191372876,1.4743277421283805,-0.616110290822355,0.5105744635673122,0.9554064430268743,1.3039397501112218,-11.679177578745918,7.836258068765083,8.586075654469271,6.733718259410801,5.428005039566047,-2.7494940420750154,0.25792071620190554,6.926383889061153,3.3972751284083396
0.4890000000000004,0.2192350047969361,0.3760944814702021,-0.23013042857442678,-0.9621521858477555,1.48336026837041,-0.6094933626035872,0.5163150442730354,0.9552850230640217,1.2940622437826628,-11.657507882645998,7.537747705365781,8.790820120594264,6.681434653233365,5.571481892756212,-2.7079852294085507,0.2565636901687944,6.96434431705992,3.3984444224249084
0.4900000000000004,0.22019022466010316,0.3773775403780353,-0.24176221770793188,-0.9549521803226355,1.4923927946124393,-0.602876434384819,0.5220556249787586,0.9551636031011693,1.2841847374541038,-11.63583818654608,7.239237341966478,8.995564586719258,6.629151047055928,5.714958745946378,-2.6664764167420856,0.25520666413568327,7.002304745058687,3.3996137164414773
0.4910000000000004,0.22114544452327023,0.3786605992858685,-0.253394006841437,-0.9477521747975151,1.5014253208544688,-0.5962595061660512,0.5277962056844818,0.9550421831383168,1.274307231125545,-11.61416849044616,6.9407269785671755,9.200309052844252,6.576867440878492,5.858435599136543,-2.624967604075621,0.2538496381025721,7.0402651730574535,3.4007830104580457
0.4920000000000004,0.22210066438643727,0.3799436581937017,-0.2650257959749421,-0.940552169272395,1.5104578470964984,-0.5896425779472834,0.5335367863902051,0.9549207631754644,1.264429724796986,-11.59249879434624,6.642216615167873,9.405053518969247,6.524583834701056,6.0019124523267084,-2.583458791409156,0.25249261206946094,7.078225601056221,3.4019523044746145
0.4930000000000004,0.2230553459832062,0.3812020659398571,-0.2766083900006968,-0.9340817502685805,1.5199590941860175,-0.5831366648383352,0.5396069091192235,0.9546983046005464,1.2546339878148833,-11.573044250250136,6.352439404819156,9.59047260533215,6.480864844618065,6.1323447399091835,-2.541703246579694,0.25396178214784154,7.11736008794233,3.4033290566395156
0.4940000000000004,0.22400955616715357,0.3824388842393729,-0.28814789903242205,-0.9282503019338431,1.5298708462187947,-0.5767279785790178,0.545965644207386,0.9543873565762366,1.2449098642912115,-11.555529732616488,6.07031067547293,9.758966556051593,6.444646731150031,6.251352618500056,-2.4997316141298214,0.257906130107893,7.157522813660811,3.404887500307719
0.4950000000000004,0.22496376635110094,0.38367570253888866,-0.29968740806414723,-0.9224188535991056,1.5397825982515718,-0.5703192923197005,0.5523243792955486,0.954076408551927,1.2351857407675397,-11.538015214982838,5.788181946126705,9.927460506771038,6.408428617681998,6.370360497090929,-2.4577599816799487,0.2618504780679445,7.1976855393792905,3.406445943975922
0.4960000000000004,0.2259179765350483,0.3849125208384045,-0.3112269170958724,-0.9165874052643681,1.5496943502843492,-0.5639106060603831,0.5586831143837111,0.9537654605276172,1.225461617243868,-11.52050069734919,5.506053216780479,10.095954457490482,6.372210504213965,6.489368375681802,-2.415788349230076,0.2657948260279959,7.237848265097771,3.408004387644125
0.4970000000000004,0.22687218671899567,0.38614933913792027,-0.32276642612759765,-0.9107559569296306,1.5596061023171264,-0.5575019198010658,0.5650418494718735,0.9534545125033075,1.2157374937201961,-11.502986179715542,5.223924487434253,10.264448408209924,6.335992390745931,6.608376254272675,-2.3738167167802033,0.26973917398804736,7.278010990816251,3.409562831312328
0.4980000000000004,0.22782479598379657,0.38734906078835024,-0.33424595784764244,-0.9059825693485708,1.5701010306758785,-0.5512038575418581,0.5718155953158586,0.9529681513845754,1.2061305385210108,-11.488532438583821,4.9525424795160955,10.406040598846669,6.311692106307515,6.70981197677816,-2.331271785439903,0.27751727492562445,7.320014583691869,3.411530223189387
0.4990000000000004,0.2287770407949952,0.3885403372856191,-0.3457118355693932,-0.9014500521786872,1.580728720712954,-0.5449309791374524,0.5786838194882856,0.9524418569973305,1.196550257009889,-11.474775491555818,4.683606991989305,10.541508530559748,6.290104948094334,6.80724735011009,-2.2885963410463734,0.2861681401660415,7.362437254987624,3.413590713239565
0.5000000000000003,0.22972928560619377,0.38973161378288784,-0.35717771329114334,-0.8969175350088037,1.5913564107500286,-0.5386581007330471,0.5855520436607123,0.9519155626100858,1.1869699754987677,-11.461018544527814,4.41467150446253,10.676976462272817,6.268517789881154,6.904682723442015,-2.245920896652846,0.294819005406458,7.404859926283376,3.415651203289743
0.5010000000000003,0.2306815304173924,0.3909228902801567,-0.36864359101289407,-0.8923850178389201,1.6019841007871038,-0.5323852223286414,0.5924202678331394,0.951389268222841,1.177389693987646,-11.447261597499812,4.145736016935739,10.812444393985896,6.246930631667974,7.002118096773945,-2.203245452259316,0.303469870646875,7.4472825975791315,3.4177116933399208
0.5020000000000003,0.231633483163463,0.3921098581257701,-0.38010402043552766,-0.8879718934427752,1.612666229893507,-0.526119073049506,0.5993282902767149,0.9508398281223998,1.1678229299400498,-11.433832008464186,3.877799097057331,10.945014546375063,6.226615894086728,7.097754791634876,-2.160482192468687,0.3125368455009892,7.4899387954170615,3.419821081947306
0.5030000000000003,0.23258268622733755,0.39325626165332644,-0.3915131561923162,-0.8846828066423478,1.6238608821508882,-0.5199162759277356,0.6066109983198834,0.9500724799275415,1.1583834276749376,-11.423484370531373,3.6192633121346014,11.05030320758033,6.218280513237686,7.176457612185801,-2.116892184084049,0.32552133424718865,7.534793556909923,3.422390831889436
0.5040000000000003,0.23353188929121207,0.39440266518088285,-0.4029222919491047,-0.8813937198419199,1.6350555344082693,-0.5137134788059656,0.6138937063630518,0.9493051317326834,1.1489439254098255,-11.413136732598561,3.3607275272118717,11.155591868785597,6.209945132388644,7.255160432736725,-2.073302175699411,0.3385058229933881,7.579648318402785,3.424960581831566
0.5050000000000003,0.23448109235508663,0.39554906870843926,-0.41433142770589326,-0.8781046330414926,1.6462501866656507,-0.5075106816841952,0.6211764144062204,0.9485377835378251,1.1395044231447133,-11.402789094665748,3.102191742289142,11.260880529990864,6.2016097515396025,7.3338632532876495,-2.029712167314773,0.35149031173958756,7.6245030798956455,3.4275303317736965
0.5060000000000003,0.23543029541896116,0.39669547223599566,-0.42574056346268185,-0.8748155462410652,1.6574448389230318,-0.5013078845624253,0.628459122449389,0.947770435342967,1.130064920879601,-11.392441456732936,2.8436559573664124,11.366169191196132,6.193274370690561,7.412566073838574,-1.9861221589301352,0.36447480048578695,7.669357841388507,3.4301000817158265
0.5070000000000003,0.236377896972903,0.3978251906326978,-0.437134078668243,-0.8719794763454587,1.6688020321484287,-0.4951090332130148,0.6358672430314927,0.946901798299193,1.120680120275093,-11.383267453677922,2.588150763291376,11.461012560386305,6.189491784880979,7.485157561833785,-1.9421432217418648,0.3790049627269283,7.715228484335187,3.4328411797225837
0.5080000000000003,0.23732285734680644,0.39892739222563117,-0.44850183275471917,-0.8698905134029107,1.6804272848790431,-0.4889166891571164,0.6434821916123795,0.9458661175921761,1.111385532619696,-11.376028987174024,2.337643562602654,11.538629750579307,6.19321758296089,7.547670355201422,-1.8975228704907952,0.3960842206043216,7.762774499855279,3.4358648617325294
0.5090000000000003,0.23826781772070985,0.40002959381856457,-0.4598695868411954,-0.8678015504603622,1.6920525376096573,-0.48272434510121753,0.6510971401932664,0.9448304368851593,1.1020909449642993,-11.368790520670126,2.087136361913932,11.616246940772308,6.196943381040802,7.610183148569059,-1.8529025192397255,0.4131634784817148,7.810320515375372,3.438888543742475
0.5100000000000003,0.23921277809461328,0.40113179541149796,-0.4712373409276716,-0.8657125875178142,1.7036777903402716,-0.4765320010453187,0.6587120887741532,0.9437947561781425,1.0927963573089023,-11.361552054166227,1.8366291612252097,11.693864130965311,6.2006691791207125,7.672695941936697,-1.8082821679886558,0.4302427363591081,7.857866530895464,3.4419122257524206
0.5110000000000003,0.24015773846851668,0.4022339970044314,-0.48260509501414783,-0.8636236245752658,1.7153030430708858,-0.4703396569894198,0.6663270373550401,0.9427590754711256,1.0835017696535054,-11.354313587662329,1.5861219605364876,11.771481321158314,6.204394977200623,7.735208735304333,-1.763661816737586,0.4473219942365014,7.9054125464155565,3.444935907762366
0.5120000000000003,0.24109902363709088,0.40330753996183116,-0.4939548427925729,-0.8623036095467977,1.7271295171083758,-0.4641182296333741,0.6741140062056621,0.9415271414466814,1.0743107596138424,-11.34895704672965,1.3396366882573014,11.832329305711248,6.215449622329153,7.788461597708017,-1.7183791744306995,0.4669828693546457,7.954947277035855,3.4481984078132415
0.5130000000000003,0.24203840648744215,0.40436624896038076,-0.5052952703494418,-0.8613816086422741,1.7390601450432999,-0.45788174850838415,0.6819900142430815,0.940193624999323,1.0651733622483692,-11.344574606830136,1.095233201081083,11.88449740366866,6.230297742391639,7.836921439358384,-1.6727537245167559,0.4879800119957567,8.00551138387773,3.4515845221578845
0.5140000000000003,0.24297778933779343,0.4054249579589304,-0.5166356979063106,-0.8604596077377504,1.750990772978224,-0.4516452673833937,0.689866022280501,0.9388601085519646,1.0560359648828963,-11.340192166930624,0.8508297139048646,11.936665501626072,6.245145862454125,7.885381281008749,-1.6271282746028122,0.5089771546368675,8.056075490719605,3.4549706365025274
0.5150000000000003,0.2439171721881447,0.40648366695748006,-0.5279761254631794,-0.8595376068332268,1.7629214009131482,-0.4454087862584033,0.6977420303179205,0.9375265921046061,1.0468985675174232,-11.33580972703111,0.606426226728646,11.988833599583483,6.259993982516611,7.933841122659115,-1.5815028246888683,0.5299742972779785,8.10663959756148,3.458356750847171
0.5160000000000003,0.244856555038496,0.40754237595602966,-0.5393165530200482,-0.8586156059287031,1.7748520288480722,-0.4391723051334129,0.70561803835534,0.9361930756572477,1.0377611701519502,-11.331427287131598,0.3620227395524276,12.041001697540894,6.274842102579097,7.9823009643094816,-1.5358773747749246,0.5509714399190895,8.157203704403356,3.461742865191814
0.5170000000000003,0.24578930201127583,0.4085609267023103,-0.5506434825931769,-0.8587673226163046,1.7869614087297925,-0.4328465446801917,0.7136811302098619,0.9345498549614691,1.0287918548105461,-11.329537681496308,0.12199182991601948,12.071117280169704,6.299523478584725,8.019149710548476,-1.489492775677225,0.5754870882657078,8.210966489015512,3.4653619850332587
0.5180000000000003,0.2467216283274519,0.4095769317666021,-0.5619695565121834,-0.8589871036090218,1.79908211992166,-0.4265151246983556,0.7217560815422417,0.9328870017248673,1.0198331943995023,-11.327806099752225,-0.11776189654485414,12.099834926187519,6.324828197020157,8.055262414883524,-1.4430600531604338,0.6002257791028731,8.264932041824185,3.4689958753854455
0.5190000000000003,0.24765395464362794,0.4105929368308939,-0.5732956304311898,-0.8592068846017393,1.8112028311135275,-0.4201837047165191,0.7298310328746216,0.9312241484882654,1.0108745339884584,-11.326074518008141,-0.3575156230057277,12.128552572205336,6.350132915455588,8.09137511921857,-1.3966273306436425,0.6249644699400385,8.318897594632858,3.4726297657376324
0.5200000000000004,0.24858628095980398,0.4116089418951857,-0.5846217043501963,-0.8594266655944565,1.823323542305395,-0.41385228473468283,0.7379059842070014,0.9295612952516635,1.0019158735774147,-11.32434293626406,-0.5972693494666014,12.157270218223152,6.3754376338910195,8.127487823553619,-1.3501946081268514,0.6497031607772038,8.372863147441532,3.4762636560898192
0.5210000000000004,0.24951668011200545,0.41261567625372525,-0.5959472840506921,-0.8598954220866841,1.8354628482034046,-0.4074890860247897,0.746012856228405,0.9278181775026637,0.993003974873367,-11.323165534321072,-0.8362038820408446,12.181193315324885,6.402975223108592,8.1611480811896,-1.3036695057810421,0.6752210230989286,8.427679849557377,3.4799227861978244
0.5220000000000004,0.2504403194013746,0.4135898919993858,-0.6072711301938022,-0.861237503447728,1.8476673782673827,-0.4010144178989663,0.7542316956185214,0.9257935180160296,0.9842561009898668,-11.323932014418869,-1.0722649495754226,12.18829869818805,6.438344994957507,8.186205955474799,-1.2568203651173375,0.7034719649239627,8.485482105908448,3.4836704491393102
0.5230000000000004,0.2513639586907438,0.4145641077450464,-0.6185949763369122,-0.8625795848087718,1.8598719083313608,-0.3945397497731431,0.7624505350086379,0.9237688585293954,0.9755082271063666,-11.324698494516666,-1.3083260171100006,12.195404081051214,6.473714766806424,8.21126382976,-1.209971224453633,0.7317229067489966,8.543284362259516,3.487418112080796
0.5240000000000004,0.2522875979801129,0.41553832349070696,-0.6299188224800223,-0.8639216661698157,1.872076438395339,-0.3880650816473197,0.7706693743987545,0.9217441990427613,0.9667603532228665,-11.325464974614462,-1.5443870846445789,12.202509463914378,6.5090845386553395,8.2363217040452,-1.1631220837899283,0.7599738485740307,8.601086618610587,3.491165775022282
0.5250000000000004,0.2532112372694821,0.41651253923636755,-0.6412426686231323,-0.8652637475308596,1.8842809684593171,-0.3815904135214965,0.778888213788871,0.9197195395561271,0.9580124793393664,-11.326231454712259,-1.780448152179157,12.209614846777542,6.544454310504255,8.261379578330398,-1.1162729431262237,0.7882247903990647,8.658888874961656,3.494913437963768
0.5260000000000004,0.2541296339113803,0.41746632385969845,-0.6525707225147596,-0.8671627796404873,1.8964783716079323,-0.3750195836198047,0.7871527289466571,0.9175138451805496,0.949425356789667,-11.327902961729727,-2.0150247768628957,12.206676158647179,6.585057177876676,8.280287085908997,-1.0685786343686687,0.8178129697763865,8.72289741834877,3.4878043789550803
0.5270000000000004,0.25504285665849463,0.4183999452968077,-0.663902928974002,-0.8696114585819839,1.9086687413043792,-0.36835385301892676,0.795462320874798,0.9151294900285597,0.9409968774621323,-11.330467627038871,-2.2481364258515137,12.193825118635253,6.630824513350947,8.293124883403332,-1.0200502411496732,0.8487208500176362,8.7930308588039,3.4699809743070884
0.5280000000000004,0.25595607940560894,0.419333566733917,-0.6752351354332445,-0.8720601375234809,1.920859111000826,-0.3616881224180488,0.8037719128029388,0.9127451348765697,0.9325683981345976,-11.333032292348015,-2.4812480748401313,12.180974078623327,6.676591848825217,8.305962680897665,-0.9715218479306776,0.8796287302588858,8.863164299259031,3.4521575696590965
0.5290000000000004,0.25686930215272324,0.4202671881710262,-0.686567341892487,-0.8745088164649779,1.933049480697273,-0.3550223918171709,0.8120815047310797,0.9103607797245798,0.9241399188070629,-11.33559695765716,-2.7143597238287493,12.168123038611402,6.7223591842994885,8.318800478392,-0.922993454711682,0.9105366105001355,8.933297739714162,3.4343341650111046
0.5300000000000004,0.25778252489983755,0.42120080960813544,-0.6978995483517295,-0.8769574954064745,1.9452398503937198,-0.34835666121629316,0.8203910966592206,0.9079764245725899,0.9157114394795282,-11.338161622966302,-2.9474713728173674,12.155271998599478,6.76812651977376,8.331638275886332,-0.8744650614926864,0.941444490741385,9.003431180169292,3.4165107603631126
0.5310000000000004,0.25868631569660266,0.4221040976114569,-0.7092426881599508,-0.88026466388868,1.9573481537306505,-0.3415010124647593,0.8287207318739538,0.9053426627263487,0.9076796357060167,-11.341184201805344,-3.1785973679980914,12.128027554189096,6.822632762755929,8.33246238711786,-0.8255975467348313,0.9740091310792195,9.084034383279116,3.3790091716058646
0.5320000000000004,0.259587519491082,0.4229990657382267,-0.7205888267751797,-0.8838072995141562,1.9694339478460736,-0.3345932728230401,0.8370558645760899,0.9026404934283878,0.899756632395507,-11.344332377504497,-3.4091787365904898,12.096835276223462,6.879535919723205,8.329991375636393,-0.7766370174716266,1.0070281887961006,9.167509240598013,3.3361102360234742
0.5330000000000004,0.26048872328556133,0.4238940338649965,-0.7319349653904084,-0.8873499351396319,1.9815197419614967,-0.3276855331813211,0.8453909972782262,0.8999383241304268,0.8918336290849972,-11.347480553203647,-3.639760105182888,12.065642998257827,6.9364390766904815,8.327520364154926,-0.7276764882084218,1.0400472465129817,9.250984097916913,3.2932113004410835
0.5340000000000004,0.2613899270800406,0.42478900199176634,-0.7432811040056372,-0.8908925707651081,1.9936055360769198,-0.3207777935396021,0.8537261299803623,0.8972361548324659,0.8839106257744874,-11.350628728902798,-3.870341473775286,12.034450720292192,6.993342233657757,8.32504935267346,-0.6787159589452171,1.073066304229863,9.33445895523581,3.250312364858693
0.5350000000000004,0.2622902403926465,0.4256815931088636,-0.7546282336247924,-0.8945067906617523,2.005678952492053,-0.3138505113380281,0.8620579542647082,0.8945143249132436,0.8760302330702288,-11.353781421582696,-4.100715999634059,12.002164004721479,7.050989342165496,8.32151811903404,-0.6299178977444049,1.106211593023241,9.418359270004352,3.2069849437015954
0.5360000000000004,0.2631779953772226,0.4265406616264706,-0.7659893392189299,-0.8991305524546269,2.017577808115862,-0.30664762343968444,0.8703431204450445,0.8915152242955088,0.8687507711505172,-11.356997816542897,-4.3281734544363255,11.95444260500708,7.11912828409707,8.30303473640572,-0.5834110984801638,1.141137099149987,9.508259745331465,3.157614656806833
0.5370000000000004,0.2640657503617987,0.4273997301440775,-0.7773504448130675,-0.9037543142475015,2.0294766637396706,-0.29944473554134055,0.8786282866253807,0.888516123677774,0.8614713092308056,-11.360214211503099,-4.555630909238592,11.90672120529268,7.187267226028644,8.284551353777402,-0.5369042992159229,1.1760626052767331,9.598160220658578,3.108244369912071
0.5380000000000004,0.2649535053463748,0.4282587986616845,-0.7887115504072051,-0.9083780760403766,2.0413755193634793,-0.2922418476429969,0.8869134528057171,0.8855170230600392,0.8541918473110941,-11.363430606463302,-4.783088364040859,11.85899980557828,7.255406167960218,8.266067971149084,-0.4903974999516819,1.210988111403479,9.68806069598569,3.0588740830173093
0.5390000000000004,0.2658412603309509,0.4291178671792914,-0.8000726560013427,-0.9130018378332512,2.053274374987288,-0.2850389597446532,0.8951986189860534,0.8825179224423043,0.8469123853913825,-11.366647001423503,-5.010545818843125,11.811278405863881,7.323545109891791,8.247584588520766,-0.44389070068744096,1.245913617530225,9.777961171312803,3.009503796122547
0.5400000000000004,0.26672385100440893,0.42996558095050846,-0.811439229482483,-0.917995169990856,2.0650827039223674,-0.27771523192767433,0.903441178187467,0.8794155570556919,0.8398870916223813,-11.369962458912749,-5.236383429292791,11.758480255763127,7.395521174022025,8.22395691513579,-0.3986080955361396,1.281221932708594,9.870163502744573,2.9579211123134974
0.5410000000000004,0.2675967518838986,0.43079198981763167,-0.8228160623568489,-0.9236819268103704,2.076721177683664,-0.27016477224114777,0.9116037939389344,0.8761194360428712,0.8333386934077716,-11.373463787368031,-5.459181726719158,11.696156601844363,7.474696828317602,8.190677011975014,-0.35562244509195445,1.3172485122894446,9.966684805456152,2.9021873094518646
0.5420000000000004,0.26846965276338824,0.4316183986847549,-0.8341928952312146,-0.9293686836298849,2.0883596514449603,-0.2626143125546212,0.9197664096904018,0.8728233150300505,0.8267902951931618,-11.376965115823314,-5.681980024145525,11.633832947925598,7.553872482613179,8.157397108814237,-0.3126367946477693,1.353275091870295,10.063206108167734,2.846453506590232
0.5430000000000004,0.2693425536428779,0.4324448075518781,-0.8455697281055805,-0.9350554404493994,2.0999981252062563,-0.25506385286809463,0.9279290254418692,0.8695271940172299,0.8202418969785521,-11.380466444278596,-5.904778321571892,11.571509294006834,7.633048136908757,8.12411720565346,-0.26965114420358416,1.3893016714511455,10.159727410879313,2.790719703728599
0.5440000000000004,0.27021545452236756,0.4332712164190013,-0.8569465609799463,-0.9407421972689138,2.1116365989675527,-0.24751339318156806,0.9360916411933365,0.8662310730044093,0.8136934987639424,-11.383967772733879,-6.127576618998259,11.50918564008807,7.712223791204334,8.090837302492684,-0.226665493759399,1.425328251031996,10.256248713590892,2.734985900866967
0.5450000000000004,0.2710781431505434,0.43407938767016885,-0.8683346883966975,-0.9470809101848938,2.1230707386791408,-0.23971139622604132,0.9441346982757819,0.8627557747501988,0.8076647526136898,-11.387903438683777,-6.3461309104665675,11.438867777603729,7.798424874333834,8.04883867539423,-0.18656737713822485,1.4614444211328481,10.357132472741558,2.6751962180029474
0.5460000000000004,0.2719348115676495,0.43487680768793174,-0.879729474044529,-0.9538039568964596,2.1343844216892456,-0.2317611158602504,0.9521072744818161,0.8591748499520547,0.8019423458800967,-11.39209515036862,-6.562183323469138,11.363837259562711,7.888767508932832,8.001700284618732,-0.14817148684808634,1.4976134056253252,10.460587937947901,2.613015558562112
0.5470000000000004,0.27279147998475556,0.4356742277056947,-0.8911242596923603,-0.9605270036080258,2.1456981046993504,-0.22381083549445924,0.9600798506878503,0.8555939251539106,0.7962199391465037,-11.396286862053461,-6.778235736471709,11.288806741521691,7.979110143531831,7.954561893843233,-0.10977559655794779,1.5337823901178023,10.564043403154244,2.5508348991212766
0.5480000000000004,0.2736481484018617,0.4364716477234576,-0.9025190453401917,-0.967250050319592,2.1570117877094552,-0.2158605551286683,0.9680524268938845,0.8520130003557665,0.7904975324129105,-11.400478573738305,-6.994288149474279,11.213776223480671,8.06945277813083,7.907423503067735,-0.07137970626780926,1.5699513746102793,10.667498868360587,2.4886542396804416
0.5490000000000004,0.27450481681896777,0.43726906774122054,-0.9139138309880231,-0.9739730970311578,2.16832547071956,-0.20791027476287738,0.9760250030999187,0.8484320755576225,0.7847751256793175,-11.404670285423146,-7.2103405624768495,11.138745705439652,8.159795412729828,7.860285112292236,-0.03298381597767075,1.6061203591027562,10.770954333566928,2.4264735802396062
0.5500000000000004,0.2753455350629085,0.4380438544839188,-0.9253291514921304,-0.981605440889807,2.1792927376289533,-0.1995470287305574,0.9837664600023488,0.844617615838273,0.7798964134872384,-11.410038664166558,-7.417919451218184,11.053791553927589,8.260751099304978,7.801103192052434,0.0003298940730444566,1.6414510025213573,10.881125116424155,2.358164876616008
0.5510000000000004,0.27618468700985443,0.43881641865321,-0.9367464885062365,-0.9893270771576383,2.1902259866946623,-0.1911432297289557,0.9914852211342121,0.8407802231362244,0.7751005515696456,-11.41552259087666,-7.624666245194924,10.967862907836595,8.362748980923591,7.740738604777579,0.03314453721374987,1.6766993213726344,10.991955339260262,2.2892544028995334
0.5520000000000004,0.27702383895680044,0.4395889828225013,-0.9481638255203426,-0.9970487134254697,2.2011592357603713,-0.18273943072735377,0.9992039822660755,0.8369428304341757,0.7703046896520529,-11.421006517586765,-7.8314130391716645,10.8819342617456,8.464746862542203,7.680374017502723,0.06595918035445526,1.7119476402239118,11.102785562096368,2.2203439291830587
0.5530000000000004,0.2778629909037464,0.44036154699179253,-0.9595811625344488,-1.0047703496933007,2.212092484826081,-0.17433563172575206,1.0069227433979389,0.8331054377321271,0.7655088277344602,-11.426490444296869,-8.038159833148406,10.796005615654607,8.566744744160815,7.620009430227868,0.09877382349516066,1.7471959590751889,11.213615784932477,2.151433455466584
0.5540000000000004,0.27869856648974145,0.4411302240991404,-0.9710043509502586,-1.0126740102541758,2.2229435616623574,-0.16583381348583282,1.0145809408249835,0.8292278432760551,0.7609106748398926,-11.43237748051604,-8.242552939143946,10.708299848759749,8.67114842034054,7.557163133096382,0.13035799380339674,1.782055083945656,11.32597423252809,2.081135933578686
0.5550000000000004,0.2795190952165406,0.44188254713189934,-0.9824521580269757,-1.0213435034435916,2.2334489144559444,-0.15691959792425525,1.0219843279710499,0.8251811075782253,0.7571443450951777,-11.43996052340418,-8.437043350157072,10.613117183733898,8.785674020037462,7.483875513265632,0.1567651834576858,1.815276749088351,11.444762395438076,2.0050026700473587
0.5560000000000004,0.2803396239433397,0.4426348701646583,-0.9938999651036928,-1.030012996633007,2.2439542672495314,-0.14800538236267768,1.0293877151171162,0.8211343718803953,0.7533780153504627,-11.447543566292321,-8.631533761170196,10.51793451870805,8.900199619734385,7.410587893434882,0.18317237311197487,1.848498414231046,11.563550558348062,1.9288694065160314
0.5570000000000004,0.2811601526701389,0.44338719319741726,-1.0053477721804098,-1.0386824898224227,2.2544596200431184,-0.13909116680110034,1.0367911022631826,0.8170876361825654,0.7496116856057476,-11.455126609180462,-8.826024172183322,10.422751853682199,9.014725219431309,7.337300273604132,0.20957956276626394,1.8817200793737412,11.682338721258047,1.852736142984704
0.5580000000000004,0.28198068139693805,0.4441395162301763,-1.016795579257127,-1.047351983011838,2.2649649728367054,-0.13017695123952278,1.044194489409249,0.8130409004847354,0.7458453558610326,-11.462709652068602,-9.020514583196448,10.327569188656348,9.129250819128233,7.264012653773382,0.235986752420553,1.9149417445164363,11.801126884168033,1.7766028794533768
0.5590000000000004,0.2827919955467654,0.44488466921630176,-1.0282636031163823,-1.056439296719148,2.275248648882109,-0.12099171069651726,1.0514196830581504,0.8089267623427232,0.7426144295779645,-11.471769860356996,-9.207652443501374,10.228660656269787,9.25031697533876,7.184579050714621,0.25908714452925286,1.946689324026019,11.924037979841662,1.6967075033641772
0.5600000000000004,0.28359306346281227,0.445621849402998,-1.0397541072132874,-1.0659912098017372,2.285285829424517,-0.11150510142779435,1.0584467328057447,0.8047376754317582,0.7399788501080614,-11.482472616324952,-9.386614567289215,10.125609111335915,9.378655963638797,7.098311364967438,0.27851051263348897,1.9767977804314922,12.051533608596529,1.6126288115466707
0.5610000000000004,0.28439413137885916,0.44635902958969415,-1.0512446113101928,-1.0755431228843264,2.2953230099669253,-0.10201849215907144,1.0654737825533391,0.8005485885207932,0.7373432706381583,-11.493175372292905,-9.565576691077053,10.022557566402046,9.506994951938836,7.012043679220255,0.2979338807377251,2.0069062368369655,12.179029237351395,1.5285501197291642
0.5620000000000004,0.28519519929490605,0.44709620977639036,-1.062735115407098,-1.0850950359669156,2.3053601905093335,-0.0925318828903483,1.0725008323009333,0.7963595016098283,0.7347076911682552,-11.50387812826086,-9.744538814864894,9.919506021468177,9.635333940238874,6.9257759934730725,0.31735724884196126,2.0370146932424387,12.306524866106262,1.4444714279116577
0.5630000000000004,0.28599626721095295,0.4478333899630865,-1.0742256195040032,-1.0946469490495048,2.3153973710517417,-0.08304527362162539,1.0795278820485277,0.7921704146988633,0.7320721116983522,-11.514580884228815,-9.923500938652735,9.816454476534306,9.763672928538913,6.83950830772589,0.3367806169461974,2.067123149647912,12.434020494861128,1.3603927360941512
0.5640000000000004,0.28678228396341854,0.44856333754375016,-1.0857616171534565,-1.1048034823548418,2.3250550201203897,-0.07307437720655918,1.0862238771722168,0.78793882110023,0.7303617617578637,-11.528577011133354,-10.08805824528064,9.708235281437357,9.903750538200638,6.743089226136875,0.35073655069804943,2.0941144635502797,12.568806235203596,1.2695706337663861
0.5650000000000004,0.2875634152498269,0.44929093748855925,-1.0973123815819428,-1.11515626969461,2.3345894768442954,-0.06294628574124972,1.0928124150804273,0.7836934302307952,0.7289517326156065,-11.543642135251124,-10.24793988381721,9.59833871572845,10.04763839388824,6.643375096988897,0.3629178067112618,2.1200939823304954,12.705958277162665,1.1765596838469083
0.5660000000000004,0.2883445465362353,0.4500185374333683,-1.108863146010429,-1.1255090570343778,2.344123933568201,-0.052818194275940256,1.0994009529886377,0.7794480393613604,0.7275417034733492,-11.558707259368896,-10.407821522353782,9.488442150019544,10.191526249575842,6.543660967840918,0.37509906272447413,2.146073501110711,12.843110319121736,1.0835487339274303
0.5670000000000004,0.2891256778226437,0.4507461373781773,-1.120413910438915,-1.135861844374146,2.353658390292107,-0.04269010281063079,1.1059894908968484,0.7752026484919257,0.726131674331092,-11.573772383486666,-10.567703160890353,9.378545584310638,10.335414105263444,6.4439468386929395,0.3872803187376865,2.172053019890927,12.980262361080806,0.9905377840079523
0.5680000000000004,0.2899060821942875,0.45147360646701573,-1.131967741341147,-1.146240185790408,2.363173424190891,-0.032535801740267045,1.11255967999327,0.7709589317116854,0.7247693191773943,-11.589049984154789,-10.726750493979578,9.26842020878842,10.479949406762824,6.343708475778761,0.39920166384038874,2.1978489607584657,13.117809325603256,0.8971540996912502
0.5690000000000004,0.29066724686751366,0.4521976121107112,-1.1436027344826734,-1.1572948826048917,2.3721743822778403,-0.021687794995686405,1.1186442198467248,0.7667595240757812,0.7246687806862514,-11.609951331854276,-10.86371575365877,9.152238783757532,10.64162105321862,6.229594896604056,0.40424378764085217,2.218786032542633,13.265808947559004,0.7939050257284177
0.5700000000000004,0.29142841154073984,0.45292161775440665,-1.1552377276241996,-1.1683495794193748,2.38117534036479,-0.010839788251105542,1.1247287597001794,0.7625601164398771,0.7245682421951086,-11.630852679553762,-11.000681013337962,9.036057358726644,10.803292699674415,6.115481317429352,0.4092859114413156,2.2397231043268007,13.413808569514753,0.6906559517655854
0.5710000000000004,0.292189576213966,0.45364562339810205,-1.166872720765726,-1.1794042762338584,2.390176298451739,8.218493475320443e-06,1.130813299553634,0.758360708803973,0.7244677037039657,-11.651754027253249,-11.137646273017154,8.919875933695756,10.96496434613021,6.001367738254648,0.414328035241779,2.2606601761109677,13.5618081914705,0.587406877802753
0.5720000000000004,0.2929507408871922,0.4543696290417975,-1.1785077139072522,-1.1904589730483415,2.399177256538689,0.010856225238056183,1.1368978394070886,0.7541613011680688,0.7243671652128228,-11.672655374952736,-11.274611532696346,8.803694508664869,11.126635992586005,5.887254159079943,0.41937015904224245,2.281597247895135,13.70980781342625,0.4841578038399205
0.5730000000000004,0.29370571212070645,0.4550945103475995,-1.1901794902220284,-1.2016993245577248,2.4079992840983064,0.021961765864309424,1.1427994967502157,0.7500126705973533,0.7247049604984414,-11.69595772833302,-11.402964404110866,8.685514977799569,11.294851760462052,5.768068655674097,0.42229538412437023,2.3006759129722014,13.861728019802205,0.3771118953386533
0.5740000000000004,0.29444739216023014,0.4558212708345141,-1.2019302036564006,-1.2133380932116875,2.4164373246555155,0.03361997720984533,1.1483086860892477,0.7459730082018489,0.7259834251908011,-11.724412667959395,-11.51283498967598,8.563047488466296,11.47711128937225,5.6379987436041565,0.4206777198215611,2.315766415540848,14.022061846154893,0.26191793555292076
0.5750000000000004,0.2951890721997538,0.45654803132142874,-1.2136809170907725,-1.2249768618656502,2.4248753652127246,0.045278188555381016,1.1538178754282795,0.7419333458063443,0.7272618898831608,-11.752867607585772,-11.622705575241092,8.440579999133023,11.659370818282445,5.507928831534216,0.419060055518752,2.330856918109495,14.18239567250758,0.14672397576718826
0.5760000000000004,0.29593075223927756,0.45727479180834335,-1.2254316305251447,-1.2366156305196125,2.4333134057699333,0.05693639990091692,1.1593270647673115,0.7378936834108398,0.7285403545755205,-11.781322547212149,-11.732576160806206,8.31811250979975,11.841630347192643,5.377858919464276,0.4174423912159429,2.345947420678142,14.342729498860267,0.03153001598145577
0.5770000000000004,0.29667243227880125,0.458001552295258,-1.2371823439595169,-1.2482543991735753,2.4417514463271424,0.06859461124645283,1.1648362541063433,0.7338540210153354,0.7298188192678802,-11.809777486838524,-11.842446746371317,8.195645020466477,12.023889876102839,5.247789007394336,0.41582472691313377,2.361037923246789,14.503063325212956,-0.08366394380427672
0.5780000000000004,0.2974030540871325,0.4587339425187441,-1.2490265067491197,-1.2601601566887815,2.4498335814878613,0.08080135364069996,1.1699524086375304,0.729981232393884,0.7319555315206455,-11.843946162696273,-11.933297590631057,8.069017409398828,12.220569611294192,5.106757099127379,0.4107219917933069,2.3721984909966514,14.671896561004298,-0.20735085831828026
0.5790000000000004,0.2981262828001304,0.45947009656109516,-1.2609331460758868,-1.2722444123805738,2.4576777723987155,0.09337482216554349,1.1748057956652018,0.7262200089675118,0.7346660340951453,-11.881934816264131,-12.011432589269567,7.939608505731533,12.426890125187706,4.958396434432891,0.40328927637686407,2.3807316600003996,14.846412165265239,-0.3367158259382046
0.5800000000000004,0.29884951151312833,0.4602062506034463,-1.272839785402654,-1.2843286680723662,2.4655219633095697,0.10594829069038703,1.1796591826928733,0.7224587855411396,0.7373765366696451,-11.91992346983199,-12.089567587908078,7.810199602064237,12.63321063908122,4.810035769738402,0.39585656096042127,2.389264829004148,15.02092776952618,-0.466080793558129
0.5810000000000004,0.2995727402261263,0.46094240464579733,-1.2847464247294211,-1.296412923764159,2.473366154220424,0.11852175921523056,1.1845125697205448,0.7186975621147674,0.7400870392441449,-11.957912123399847,-12.16770258654659,7.680790698396941,12.839531152974734,4.661675105043914,0.38842384554397846,2.397797998007896,15.195443373787121,-0.5954457611780533
0.5820000000000004,0.3002959689391242,0.4616785586881484,-1.2966530640561884,-1.3084971794559515,2.481210345131278,0.1310952277400741,1.1893659567482162,0.7149363386883952,0.7427975418186447,-11.995900776967705,-12.245837585185098,7.551381794729645,13.045851666868248,4.513314440349425,0.38099113012753566,2.4063311670116447,15.369958978048063,-0.7248107287979777
0.5830000000000004,0.30100434605166787,0.46242901948942355,-1.308741278340639,-1.3208311901994936,2.4885000002038256,0.14458342600444718,1.1935591264158323,0.7115221099418771,0.746801645513351,-12.04428967777035,-12.291363221460523,7.414623633770791,13.27714053939107,4.345877846910797,0.36947393013460555,2.4085150123955046,15.55898249871702,-0.86922478448503
0.5840000000000004,0.3017107128016386,0.46318141690169023,-1.32085407122187,-1.3331990086265906,2.4957145914407866,0.15819544516195427,1.1976629268417458,0.7081548515619225,0.7509808554051569,-12.094086391007393,-12.332474744804188,7.2768706526345825,13.511809212888942,4.175859071618464,0.35740384057616037,2.4098393919858783,15.74996985973086,-1.0156759353323215
0.5850000000000004,0.30241707955160924,0.4639338143139569,-1.332966864103101,-1.3455668270536876,2.5029291826777476,0.17180746431946137,1.2017667272676593,0.7047875931819678,0.7551600652969629,-12.143883104244436,-12.373586268147852,7.139117671498373,13.746477886386813,4.005840296326131,0.3453337510177152,2.411163771576252,15.940957220744702,-1.1621270861796131
0.5860000000000004,0.30312344630157995,0.4646862117262236,-1.3450796569843322,-1.3579346454807846,2.510143773914709,0.18541948347696846,1.2058705276935728,0.7014203348020132,0.7593392751887689,-12.193679817481478,-12.414697791491516,7.0013646903621645,13.981146559884683,3.8358215210337985,0.33326366145926994,2.412488151166625,16.131944581758543,-1.3085782370269046
0.5870000000000004,0.30382779559590284,0.4654398677148536,-1.3572154091756536,-1.3703397562538462,2.517243410478095,0.19906815617538554,1.210010650033011,0.6983727376289771,0.7621643709305881,-12.23278159572077,-12.462743604849912,6.858318236782056,14.122415557109646,3.7735604806902296,0.4041234326763952,2.3809417359329528,15.228573733414414,-1.371523707923054
0.5880000000000004,0.30452172669089134,0.46620002302823677,-1.3694697239085427,-1.382937445780411,2.523749417781269,0.212906108819523,1.2143383397847565,0.6969758801769159,0.7579967820246033,-12.21665442020549,-12.546598292467475,6.6879361383507465,13.781365923819026,4.267763501272143,0.9032354042678197,2.179649585209072,8.673905429940753,-1.0032434315626357
0.5890000000000004,0.3052156577858798,0.46696017834161996,-1.3817240386414316,-1.395535135306976,2.530255425084443,0.22674406146366022,1.2186660295365022,0.6955790227248548,0.7538291931186186,-12.20052724469021,-12.630452980085037,6.517554039919437,13.440316290528406,4.761966521854057,1.402347375859244,1.978357434485191,2.1192371264670946,-0.6349631552022174
0.5900000000000004,0.3059095888808683,0.4677203336550032,-1.3939783533743204,-1.4081328248335412,2.536761432387617,0.24058201410779767,1.2229937192882476,0.6941821652727937,0.7496616042126338,-12.184400069174929,-12.714307667702599,6.347171941488128,13.099266657237784,5.256169542435971,1.9014593474506685,1.7770652837613101,-4.435431177006567,-0.266682878841799
0.5910000000000004,0.3066035199758567,0.4684804889683864,-1.4062326681072093,-1.4207305143601063,2.5432674396907906,0.2544199667519351,1.2273214090399933,0.6927853078207327,0.7454940153066492,-12.16827289365965,-12.79816235532016,6.176789843056818,12.758217023947164,5.750372563017885,2.400571319042093,1.5757731330374294,-10.990099480480225,0.10159739751861929
0.5920000000000004,0.3072984378430083,0.4692021760159956,-1.4182234580623285,-1.4337625651371995,2.5492207473498634,0.2655604888949241,1.234699447933059,0.6924237849594097,0.737829094263657,-12.119644929472633,-12.899295482854257,6.028348117664349,12.203537647771359,6.381082839655839,2.6613807867094383,1.4946260892410754,-14.57591829428895,0.2574542066339238
0.5930000000000004,0.3079945929615741,0.46987563012999983,-1.4298838309098996,-1.4473392341063476,2.554481059764646,0.27331887296518476,1.2459021273355209,0.6933604028790474,0.7257790889085711,-12.030266275058908,-13.022092957052404,5.907416043012804,11.381001403152968,7.182950959920991,2.6233977661162156,1.5641214216685349,-14.43928387457766,0.14696662029408888
0.5940000000000004,0.30869074808013985,0.4705490842440041,-1.4415442037574706,-1.4609159030754961,2.5597413721794284,0.2810772570354456,1.2571048067379826,0.6942970207986852,0.7137290835534854,-11.940887620645181,-13.14489043125055,5.78648396836126,10.55846515853458,7.984819080186141,2.585414745522993,1.633616754095994,-14.302649454866367,0.036479033954254
0.5950000000000004,0.3093869031987056,0.4712225383580083,-1.4532045766050419,-1.4744925720446442,2.565001684594211,0.2888356411057065,1.2683074861404446,0.6952336387183229,0.7016790781983996,-11.851508966231457,-13.267687905448696,5.665551893709717,9.73592891391619,8.786687200451293,2.5474317249297704,1.7031120865234535,-14.166015035155075,-0.07400855238558096
0.5960000000000004,0.31008305831727134,0.4718959924720125,-1.464864949452613,-1.4880692410137928,2.570261997008994,0.29659402517596734,1.2795101655429064,0.6961702566379606,0.6896290728433138,-11.762130311817732,-13.390485379646842,5.544619819058173,8.9133926692978,9.588555320716443,2.509448704336548,1.772607418950913,-14.029380615443785,-0.18449613872541587
0.5970000000000004,0.31077921343583714,0.4725694465860168,-1.476525322300184,-1.501645909982941,2.5755223094237762,0.3043524092462282,1.2907128449453682,0.6971068745575983,0.677579067488228,-11.672751657404007,-13.51328285384499,5.423687744406629,8.090856424679409,10.390423440981596,2.4714656837433253,1.842102751378372,-13.892746195732492,-0.2949837250652508
0.5980000000000004,0.3114753685544029,0.473242900700021,-1.488185695147755,-1.5152225789520894,2.580782621838559,0.31211079331648905,1.3019155243478302,0.6980434924772361,0.6655290621331422,-11.583373002990282,-13.636080328043136,5.302755669755085,7.2683201800610195,11.192291561246748,2.4334826631501025,1.9115980838058315,-13.756111776021202,-0.4054713114050858
0.5990000000000004,0.31217152367296863,0.4739163548140252,-1.499846067995326,-1.5287992479212376,2.5860429342533418,0.3198691773867499,1.313118203750292,0.6989801103968738,0.6534790567780564,-11.493994348576557,-13.758877802241281,5.181823595103541,6.44578393544263,11.994159681511897,2.39549964255688,1.981093416233291,-13.61947735630991,-0.5159588977449208
0.6000000000000004,0.3128676787915344,0.4745898089280295,-1.5115064408428973,-1.5423759168903857,2.5913032466681245,0.3276275614570108,1.3243208831527538,0.6999167283165115,0.6414290514229707,-11.404615694162832,-13.881675276439427,5.060891520451997,5.62324769082424,12.796027801777049,2.3575166219636574,2.05058874866075,-13.482842936598619,-0.6264464840847557
0.6010000000000004,0.3135638339101002,0.4752632630420337,-1.5231668136904684,-1.5559525858595342,2.596563559082907,0.3353859455272714,1.3355235625552158,0.7008533462361493,0.6293790460678849,-11.315237039749107,-14.004472750637575,4.939959445800453,4.800711446205851,13.597895922042198,2.319533601370435,2.1200840810882093,-13.346208516887327,-0.7369340704245906
0.6020000000000004,0.3142599890286659,0.4759367171560379,-1.5348271865380394,-1.5695292548286823,2.6018238714976896,0.34314432959753227,1.3467262419576775,0.7017899641557869,0.6173290407127991,-11.225858385335382,-14.127270224835721,4.819027371148909,3.97817520158746,14.39976404230735,2.2815505807772123,2.189579413515669,-13.209574097176034,-0.8474216567644253
0.6030000000000004,0.31495986036312434,0.4765802379702457,-1.5462675245929494,-1.5833288240101986,2.6068788808448637,0.349,1.3592556322857827,0.7028888272170166,0.605829970255888,-11.143493005548228,-14.225253930187922,4.7130740762945305,3.2242074636153304,15.057428165631645,2.2442758769468414,2.236662907564476,-12.990229548586194,-0.9173167579392014
0.6040000000000004,0.3156711684869327,0.47713163796741537,-1.557030697583715,-1.597814376689053,2.611302062546671,0.349,1.3758680236620335,0.7044870055928127,0.5960264219532222,-11.082711233084831,-14.246872360898768,4.653218520163535,2.6812617946524577,15.271299252148939,2.209181043673984,2.214773155202027,-12.516341575067823,-0.8622870120562862
0.6050000000000004,0.31638247661074104,0.47768303796458506,-1.5677938705744805,-1.6122999293679072,2.615725244248478,0.349,1.3924804150382841,0.7060851839686089,0.5862228736505563,-11.021929460621434,-14.268490791609615,4.59336296403254,2.1383161256895855,15.485170338666233,2.174086210401127,2.192883402839578,-12.042453601549452,-0.8072572661733711
0.6060000000000004,0.3170937847345494,0.47823443796175474,-1.578557043565246,-1.6267854820467615,2.620148425950285,0.349,1.4090928064145347,0.7076833623444051,0.5764193253478904,-10.961147688158038,-14.290109222320464,4.533507407901545,1.5953704567267128,15.699041425183527,2.13899137712827,2.170993650477129,-11.568565628031081,-0.7522275202904559
0.6070000000000004,0.3178050928583578,0.47878583795892443,-1.5893202165560119,-1.6412710347256159,2.624571607652092,0.349,1.4257051977907853,0.7092815407202012,0.5666157770452245,-10.90036591569464,-14.31172765303131,4.4736518517705495,1.0524247877638402,15.912912511700823,2.103896543855413,2.1491038981146797,-11.09467765451271,-0.6971977744075407
0.6080000000000004,0.31851640098216616,0.4793372379560941,-1.6000833895467774,-1.6557565874044702,2.6289947893538996,0.349,1.4423175891670361,0.7108797190959973,0.5568122287425586,-10.839584143231244,-14.333346083742159,4.413796295639555,0.5094791188009675,16.12678359821812,2.0688017105825556,2.1272141457522307,-10.620789680994339,-0.6421680285246255
0.6090000000000004,0.31922770910597453,0.4798886379532638,-1.610846562537543,-1.6702421400833245,2.6334179710557066,0.349,1.4589299805432867,0.7124778974717936,0.5470086804398927,-10.778802370767847,-14.354964514453005,4.35394073950856,-0.033466550161904696,16.340654684735412,2.0337068773096987,2.105324393389782,-10.146901707475967,-0.5871382826417104
0.6100000000000004,0.3199390172297829,0.4804400379504335,-1.6216097355283086,-1.6847276927621788,2.6378411527575136,0.349,1.4755423719195375,0.7140760758475897,0.5372051321372269,-10.718020598304449,-14.376582945163854,4.294085183377565,-0.5764122191247778,16.554525771252706,1.9986120440368416,2.083434641027333,-9.673013733957596,-0.5321085367587952
0.6110000000000004,0.3206503253535913,0.4809914379476032,-1.6323729085190741,-1.6992132454410331,2.6422643344593206,0.349,1.4921547632957881,0.7156742542233859,0.5274015838345609,-10.657238825841052,-14.3982013758747,4.234229627246569,-1.1193578880876505,16.76839685777,1.9635172107639844,2.061544888664884,-9.199125760439225,-0.47707879087588
0.6120000000000004,0.3213616334773996,0.48154283794477293,-1.6431360815098397,-1.7136987981198875,2.646687516161128,0.349,1.5087671546720387,0.717272432599182,0.5175980355318951,-10.596457053377655,-14.419819806585547,4.174374071115574,-1.6623035570505227,16.982267944287294,1.9284223774911273,2.039655136302435,-8.725237786920854,-0.4220490449929648
0.6130000000000004,0.322072941601208,0.4820942379419426,-1.6538992545006055,-1.7281843507987418,2.651110697862935,0.349,1.5253795460482893,0.7188706109749782,0.5077944872292292,-10.535675280914258,-14.441438237296396,4.114518514984579,-2.205249226013395,17.196139030804588,1.8933275442182702,2.017765383939986,-8.251349813402484,-0.3670192991100496
0.6140000000000004,0.32278505234271493,0.48264080043719126,-1.6646436093508556,-1.74264967291584,2.6554959180436155,0.34877916234393314,1.5420282987007314,0.7204559572348318,0.49802284735939156,-10.477010162977757,-14.458226526830531,4.053664479620817,-2.7390760510287895,17.4,1.8572878924684677,1.9959377038895398,-7.790828572343494,-0.308968990175955
0.6150000000000004,0.3235135087889382,0.48308884482337106,-1.6750047235016634,-1.7567029896793191,2.6591080331506856,0.34406085706056766,1.559417566650566,0.7217799711337601,0.4889010384388529,-10.46145175692378,-14.376646612479362,3.9724759229354976,-3.0871931280664535,17.4,1.802006547117056,1.9753741570433514,-7.602527420872066,-0.18940342709163777
0.6160000000000004,0.3242419652351615,0.48353688920955085,-1.6853658376524714,-1.7707563064427982,2.6627201482577556,0.3393425517772022,1.5768068346004007,0.7231039850326884,0.47977922951831425,-10.445893350869804,-14.295066698128194,3.891287366250178,-3.435310205104117,17.4,1.7467252017656445,1.954810610197163,-7.41422626940064,-0.06983786400732053
0.6170000000000004,0.32497042168138485,0.48398493359573064,-1.6957269518032791,-1.7848096232062778,2.666332263364825,0.3346242464938367,1.5941961025502354,0.7244279989316166,0.47065742059777554,-10.430334944815828,-14.213486783777025,3.810098809564858,-3.7834272821417816,17.4,1.691443856414233,1.9342470633509745,-7.225925117929211,0.049727699076996756
0.6180000000000004,0.32569887812760817,0.48443297798191043,-1.7060880659540871,-1.7988629399697569,2.6699443784718953,0.32990594121047123,1.6115853705000698,0.7257520128305448,0.4615356116772369,-10.414776538761851,-14.131906869425858,3.7289102528795377,-4.131544359179445,17.4,1.6361625110628213,1.913683516504786,-7.037623966457785,0.16929326216131402
0.6190000000000004,0.3264273345738315,0.4848810223680902,-1.716449180104895,-1.812916256733236,2.6735564935789653,0.325187635927106,1.6289746384499044,0.727076026729473,0.45241380275669824,-10.399218132707874,-14.05032695507469,3.6477216961942176,-4.479661436217109,17.4,1.5808811657114097,1.8931199696585976,-6.849322814986357,0.2888588252456312
0.6200000000000004,0.3271557910200548,0.48532906675427,-1.7268102942557029,-1.826969573496715,2.677168608686035,0.3204693306437405,1.646363906399739,0.7284000406284012,0.4432919938361596,-10.383659726653898,-13.968747040723521,3.5665331395088975,-4.827778513254772,17.4,1.5255998203599983,1.8725564228124094,-6.66102166351493,0.40842438832994843
0.6210000000000004,0.32788424746627814,0.4857771111404498,-1.7371714084065109,-1.8410228902601946,2.680780723793105,0.315751025360375,1.6637531743495737,0.7297240545273295,0.4341701849156209,-10.368101320599921,-13.887167126372352,3.485344582823578,-5.175895590292437,17.4,1.4703184750085867,1.851992875966221,-6.4727205120435025,0.5279899514142656
0.6220000000000004,0.3286127039125014,0.4862251555266296,-1.7475325225573186,-1.8550762070236737,2.684392838900175,0.31103272007700955,1.6811424422994083,0.7310480684262577,0.4250483759950823,-10.352542914545943,-13.805587212021184,3.4041560261382577,-5.524012667330101,17.4,1.415037129657175,1.8314293291200325,-6.284419360572075,0.6475555144985831
0.6230000000000004,0.32934116035872474,0.48667319991280933,-1.7578936367081266,-1.8691295237871528,2.6880049540072446,0.3063144147936441,1.698531710249243,0.732372082325186,0.4159265670745436,-10.336984508491966,-13.724007297670015,3.3229674694529376,-5.872129744367765,17.4,1.3597557843057635,1.810865782273844,-6.096118209100647,0.7671210775829003
0.6240000000000004,0.33006961680494806,0.4871212442989891,-1.7682547508589344,-1.8831828405506323,2.6916170691143146,0.3015961095102786,1.7159209781990776,0.7336960962241142,0.40680475815400496,-10.32142610243799,-13.642427383318847,3.2417789127676175,-6.2202468214054285,17.4,1.304474438954352,1.7903022354276557,-5.90781705762922,0.8866866406672176
0.6250000000000004,0.3307980732511714,0.4875692886851689,-1.7786158650097423,-1.8972361573141114,2.6952291842213847,0.2968778042269131,1.7333102461489123,0.7350201101230425,0.3976829492334663,-10.305867696384013,-13.560847468967678,3.160590356082298,-6.568363898443092,17.4,1.2491930936029405,1.7697386885814672,-5.719515906157792,1.0062522037515347
0.6260000000000004,0.33153473722761206,0.4879277315803095,-1.7889705950634762,-1.9103003226977897,2.6980371786277093,0.289056066952287,1.7507177237367126,0.7354681475696097,0.38807758148926214,-10.31478330552833,-13.443750989341051,3.074815877699478,-6.882947382015441,17.4,1.1967531631337716,1.755392187964189,-5.581886744239043,1.1101408599267413
0.6270000000000004,0.33227286822653895,0.488270159011763,-1.79932418401706,-1.923187686135201,2.700701443663759,0.28067961901621175,1.7681284561341397,0.7357596120741335,0.37838578193805195,-10.328073425600287,-13.320306241902584,2.98822170690344,-7.191537036219433,17.4,1.1448211101155081,1.7421569286551177,-5.453314746427923,1.2112274094582323
0.6280000000000004,0.33301099922546584,0.48861258644321653,-1.809677772970644,-1.936075049572612,2.7033657086998093,0.27230317108013646,1.785539188531567,0.7360510765786574,0.36869398238684176,-10.341363545672246,-13.196861494464118,2.9016275361074024,-7.500126690423425,17.4,1.092889057097245,1.7289216693460463,-5.324742748616803,1.312313958989723
0.6290000000000004,0.33374913022439273,0.48895501387467005,-1.8200313619242277,-1.9489624130100234,2.706029973735859,0.26392672314406096,1.802949920928994,0.7363425410831812,0.3590021828356315,-10.354653665744205,-13.07341674702565,2.8150333653113644,-7.808716344627417,17.4,1.0409570040789817,1.7156864100369749,-5.196170750805683,1.4134005085212138
0.6300000000000004,0.3344872612233196,0.48929744130612357,-1.8303849508778114,-1.9618497764474343,2.708694238771909,0.2555502752079857,1.8203606533264212,0.7366340055877051,0.3493103832844213,-10.367943785816163,-12.949971999587182,2.728439194515327,-8.117305998831409,17.4,0.9890249510607183,1.7024511507279034,-5.067598752994563,1.5144870580527048
0.6310000000000004,0.3352253922222465,0.4896398687375771,-1.8407385398313953,-1.9747371398848457,2.7113585038079586,0.2471738272719104,1.8377713857238485,0.736925470092229,0.33961858373321113,-10.381233905888122,-12.826527252148717,2.6418450237192888,-8.4258956530354,17.4,0.9370928980424551,1.6892158914188322,-4.939026755183442,1.6155736075841958
0.6320000000000005,0.3359635232211734,0.4899822961690306,-1.851092128784979,-1.987624503322257,2.7140227688440084,0.2387973793358349,1.8551821181212755,0.7372169345967529,0.3299267841820009,-10.39452402596008,-12.703082504710249,2.555250852923251,-8.734485307239392,17.4,0.8851608450241918,1.6759806321097608,-4.810454757372322,1.7166601571156863
0.6330000000000005,0.33670165422010034,0.4903247236004841,-1.861445717738563,-2.000511866759668,2.716687033880058,0.2304209313997596,1.8725928505187026,0.7375083991012767,0.3202349846307907,-10.407814146032038,-12.579637757271783,2.468656682127213,-9.043074961443384,17.4,0.8332287920059285,1.6627453728006893,-4.681882759561202,1.8177467066471773
0.6340000000000005,0.33743978521902723,0.49066715103193764,-1.8717993066921468,-2.0133992301970793,2.719351298916108,0.22204448346368433,1.8900035829161297,0.7377998636058005,0.31054318507958045,-10.421104266103997,-12.456193009833315,2.3820625113311755,-9.351664615647376,17.4,0.7812967389876653,1.6495101134916181,-4.553310761750082,1.9188332561786683
0.6350000000000005,0.3381779162179541,0.49100957846339116,-1.8821528956457307,-2.0262865936344903,2.722015563952158,0.21366803552760882,1.907414315313557,0.7380913281103244,0.30085138552837026,-10.434394386175954,-12.332748262394848,2.2954683405351375,-9.660254269851366,17.4,0.729364685969402,1.6362748541825467,-4.424738763938962,2.0199198057101593
0.6360000000000005,0.338916047216881,0.4913520058948447,-1.8925064845993145,-2.0391739570719016,2.724679828988208,0.20529158759153354,1.924825047710984,0.7383827926148483,0.2911595859771601,-10.447684506247914,-12.209303514956382,2.2088741697391,-9.968843924055358,17.4,0.6774326329511386,1.6230395948734753,-4.296166766127842,2.12100635524165
0.6370000000000005,0.3396510588809908,0.4916236708818728,-1.9030503904673792,-2.0510505461380006,2.726721493857788,0.19479765649337044,1.9421475270588242,0.7377153941506698,0.2815449104040774,-10.477573341755635,-12.066240778298516,2.124621535843281,-10.252572130595857,17.380094690671033,0.6295962614370636,1.6153552725138371,-4.177208242380332,2.2021027138394804
0.6380000000000005,0.3403843903204806,0.4918572197934342,-1.9136968102315348,-2.062382683234843,2.728427796161483,0.18316314653785937,1.9594224690452073,0.736531505709722,0.27197177753623175,-10.51640304830504,-11.91261084369171,2.041630166986027,-10.522908758834456,17.349467418883954,0.5839660220961967,1.6106609533033875,-4.0634280007835075,2.2724313886410425
0.6390000000000005,0.3411177217599704,0.4920907687049956,-1.9243432299956904,-2.0737148203316846,2.730134098465178,0.17152863658234807,1.9766974110315905,0.7353476172687743,0.26239864466838614,-10.555232754854446,-11.758980909084903,1.9586387981287725,-10.793245387073055,17.318840147096875,0.5383357827553299,1.6059666340929377,-3.9496477591866825,2.3427600634426047
0.6400000000000005,0.34185105319946024,0.49232431761655693,-1.934989649759846,-2.0850469574285264,2.731840400768873,0.159894126626837,1.9939723530179736,0.7341637288278265,0.25282551180054047,-10.594062461403851,-11.605350974478096,1.8756474292715184,-11.063582015311656,17.288212875309796,0.49270554341446315,1.601272314882488,-3.835867517589858,2.4130887382441664
0.6410000000000005,0.34258438463895,0.4925578665281183,-1.9456360695240016,-2.0963790945253686,2.7335467030725678,0.1482596166713257,2.011247295004357,0.7329798403868788,0.2432523789326948,-10.632892167953258,-11.451721039871291,1.792656060414264,-11.333918643550255,17.257585603522713,0.4470753040735963,1.596577995672038,-3.7220872759930335,2.4834174130457285
0.6420000000000005,0.3433177160784398,0.4927914154396797,-1.9562824892881572,-2.1077112316222104,2.735253005376263,0.13662510671581463,2.0285222369907396,0.7317959519459311,0.23367924606484916,-10.671721874502664,-11.298091105264485,1.7096646915570097,-11.604255271788855,17.226958331735634,0.40144506473272945,1.5918836764615885,-3.6083070343962085,2.5537460878472906
0.6430000000000005,0.34405104751792964,0.49302496435124105,-1.9669289090523128,-2.1190433687190526,2.736959307679958,0.12499059676030333,2.0457971789771228,0.7306120635049833,0.22410611319700352,-10.71055158105207,-11.144461170657678,1.6266733226997554,-11.874591900027456,17.196331059948555,0.3558148253918626,1.5871893572511386,-3.494526792799384,2.6240747626488528
0.6440000000000005,0.3447843789574194,0.4932585132628024,-1.9775753288164684,-2.1303755058158944,2.738665609983653,0.11335608680479226,2.063072120963506,0.7294281750640355,0.21453298032915785,-10.749381287601475,-10.990831236050871,1.5436819538425013,-12.144928528266055,17.165703788161476,0.3101845860509958,1.5824950380406888,-3.3807465512025594,2.694403437450415
0.6450000000000005,0.34551771039690926,0.4934920621743638,-1.988221748580624,-2.1417076429127366,2.740371912287348,0.10172157684928096,2.080347062949889,0.7282442866230877,0.20495984746131218,-10.788210994150882,-10.837201301444065,1.4606905849852467,-12.415265156504656,17.135076516374397,0.2645543467101289,1.5778007188302392,-3.266966309605735,2.764732112251977
0.6460000000000005,0.34625104183639904,0.49372561108592516,-1.9988681683447795,-2.1530397800095784,2.742078214591043,0.09008706689376988,2.097622004936272,0.72706039818214,0.19538671459346652,-10.827040700700287,-10.683571366837258,1.3776992161279926,-12.685601784743255,17.104449244587318,0.2189241073692621,1.5731063996197894,-3.1531860680089103,2.8350607870535387
0.6470000000000005,0.3469843732758888,0.4939591599974865,-2.009514588108935,-2.16437191710642,2.743784516894738,0.07845255693825859,2.1148969469226553,0.7258765097411922,0.1858135817256209,-10.865870407249693,-10.529941432230451,1.2947078472707383,-12.955938412981855,17.07382197280024,0.17329386802839525,1.5684120804093395,-3.039405826412086,2.905389461855101
0.6480000000000005,0.34770852796816726,0.4941469932710534,-2.020414100879627,-2.1748675313882884,2.745104216435292,0.06558812784249657,2.131797979180737,0.724194636895106,0.17681076612661478,-10.914265578459034,-10.366645438242477,1.2187232520502278,-13.200243281843534,16.99574062180122,0.1312162864818924,1.5679504254683136,-2.937534406622886,2.9351636368144898
0.6490000000000005,0.3484215334581658,0.4942792847623726,-2.0316211066062118,-2.184346820183458,2.745954216603188,0.05122942011327747,2.1482447333488555,0.7219077426032672,0.16850085210237764,-10.974282220538006,-10.191605756779195,1.151251470227124,-13.412921110719248,16.860005385830306,0.09345497294063287,1.572631205971544,-2.8501314973189738,2.9156665055379913
0.6500000000000005,0.3491345389481643,0.4944115762536918,-2.042828112332796,-2.1938261089786284,2.7468042167710838,0.03687071238405859,2.164691487516974,0.7196208483114285,0.1601909380781405,-11.034298862616978,-10.016566075315914,1.0837796884040198,-13.62559893959496,16.724270149859393,0.055693659399373346,1.5773119864747744,-2.7627285880150616,2.8961693742614925
0.6510000000000005,0.34984754443816285,0.494543867745011,-2.0540351180593808,-2.203305397773798,2.7476542169389795,0.022512004654839712,2.181138241685092,0.7173339540195897,0.15188102405390336,-11.09431550469595,-9.841526393852632,1.0163079065809157,-13.838276768470674,16.588534913888477,0.017932345858113846,1.5819927669780047,-2.6753256787111495,2.8766722429849936
0.6520000000000005,0.3505605499281614,0.49467615923633024,-2.0652421237859655,-2.2127846865689684,2.748504217106875,0.008153296925620612,2.1975849958532105,0.715047059727751,0.1435711100296662,-11.154332146774921,-9.66648671238935,0.9488361247578116,-14.050954597346387,16.45279967791756,-0.019828967683145682,1.586673547481235,-2.5879227694072378,2.8571751117084947
0.6530000000000005,0.35127355541815986,0.49480845072764945,-2.0764491295125502,-2.2222639753641382,2.7493542172747714,-0.006205410803598266,2.214031750021329,0.7127601654359121,0.13526119600542905,-11.214348788853894,-9.491447030926068,0.8813643429347076,-14.2636324262221,16.31706444194665,-0.05759028122440521,1.5913543279844655,-2.5005198601033256,2.837677980431996
0.6540000000000005,0.3519865609081584,0.49494074221896867,-2.0876561352391345,-2.2317432641593085,2.750204217442667,-0.020564118532817144,2.2304785041894473,0.7104732711440733,0.1269512819811919,-11.274365430932866,-9.316407349462787,0.8138925611116035,-14.476310255097813,16.181329205975732,-0.09535159476566471,1.5960351084876958,-2.413116950799414,2.818180849155497
0.6550000000000005,0.3526995663981569,0.4950730337102879,-2.0988631409657192,-2.2412225529544783,2.751054217610563,-0.034922826262036244,2.2469252583575656,0.7081863768522346,0.11864136795695476,-11.334382073011838,-9.141367667999505,0.7464207792884995,-14.688988083973527,16.045593970004816,-0.1331129083069242,1.600715888990926,-2.3257140414955018,2.798683717878998
0.6560000000000005,0.35341257188815545,0.4952053252016071,-2.110070146692304,-2.250701841749648,2.7519042177784585,-0.04928153399125512,2.2633720125256844,0.7058994825603958,0.11033145393271761,-11.39439871509081,-8.966327986536223,0.6789489974653954,-14.90166591284924,15.909858734033904,-0.1708742218481837,1.6053966694941566,-2.2383111321915896,2.779186586602499
0.6570000000000005,0.354125577378154,0.4953376166929263,-2.1212771524188887,-2.2601811305448183,2.752754217946354,-0.06364024172047422,2.279818766693803,0.7036125882685571,0.10202153990848045,-11.454415357169783,-8.791288305072941,0.6114772156422912,-15.114343741724953,15.774123498062988,-0.20863553538944327,1.610077449997387,-2.1509082228876775,2.7596894553260003
0.6580000000000005,0.3548385828681525,0.4954699081842455,-2.1324841581454734,-2.269660419339988,2.7536042181142504,-0.0779989494496931,2.296265520861921,0.7013256939767183,0.09371162588424331,-11.514431999248753,-8.61624862360966,0.5440054338191872,-15.327021570600667,15.638388262092073,-0.24639684893070282,1.6147582305006174,-2.0635053135837658,2.7401923240495014
0.6590000000000005,0.35554476557196424,0.49558144778885743,-2.143882283162622,-2.27862823767453,2.7543015201084873,-0.0928577638306447,2.312140837563212,0.6990260911311997,0.08591439255689866,-11.57789134451727,-8.438921474612078,0.48394481401367206,-15.52085852523778,15.472907949711454,-0.2823870349892183,1.6217840291917534,-1.9831045507353042,2.7199959685618373
0.6600000000000005,0.3562308075456125,0.4956317282334853,-2.155844588553433,-2.286086205304085,2.754548060107856,-0.10919288317700993,2.3263292821407697,0.6966889728860445,0.07963058252810822,-11.651513481653412,-8.254841766600514,0.4457617982115143,-15.659077590980974,15.219620758841776,-0.3131488876750489,1.6357322752904504,-1.9233739860234227,2.697735517003256
0.6610000000000005,0.3569168495192608,0.4956820086781131,-2.167806893944245,-2.2935441729336397,2.7547946001072243,-0.12552800252337537,2.340517726718328,0.6943518546408893,0.07334677249931779,-11.725135618789551,-8.07076205858895,0.4075787824093565,-15.797296656724168,14.9663335679721,-0.3439107403608795,1.6496805213891474,-1.863643421311541,2.6754750654446746
0.6620000000000005,0.357602891492909,0.4957322891227409,-2.1797691993350563,-2.3010021405631944,2.755041140106593,-0.1418631218697406,2.354706171295886,0.6920147363957341,0.06706296247052734,-11.798757755925692,-7.886682350577387,0.3693957666071987,-15.93551572246736,14.713046377102422,-0.3746725930467101,1.6636287674878445,-1.8039128565996594,2.653214613886093
0.6630000000000005,0.3582889334665573,0.4957825695673687,-2.191731504725868,-2.308460108192749,2.7552876801059614,-0.15819824121610582,2.3688946158734443,0.6896776181505788,0.06077915244173691,-11.872379893061831,-7.702602642565823,0.3312127508050409,-16.073734788210555,14.459759186232747,-0.4054344457325407,1.6775770135865413,-1.7441822918877776,2.6309541623275114
0.6640000000000005,0.35897497544020557,0.49583285001199656,-2.2036938101166794,-2.3159180758223035,2.75553422010533,-0.17453336056247126,2.3830830604510025,0.6873404999054236,0.054495342412946464,-11.946002030197972,-7.51852293455426,0.2930297350028831,-16.211953853953744,14.20647199536307,-0.4361962984183713,1.6915252596852384,-1.684451727175896,2.60869371076893
0.6650000000000005,0.35966101741385387,0.49588313045662435,-2.215656115507491,-2.323376043451858,2.7557807601046984,-0.19086847990883649,2.3972715050285607,0.6850033816602683,0.04821153238415603,-12.019624167334111,-7.334443226542696,0.2548467192007253,-16.350172919696938,13.953184804493393,-0.4669581511042019,1.7054735057839354,-1.6247211624640143,2.5864332592103487
0.6660000000000005,0.3603470593875021,0.4959334109012522,-2.2276184208983025,-2.330834011081413,2.756027300104067,-0.20720359925520193,2.411459949606119,0.6826662634151132,0.04192772235536559,-12.093246304470252,-7.150363518531132,0.21666370339856755,-16.48839198544013,13.699897613623717,-0.4977200037900325,1.7194217518826325,-1.5649905977521328,2.564172807651767
0.6670000000000005,0.3610331013611504,0.49598369134588,-2.2395807262891143,-2.3382919787109677,2.7562738401034355,-0.22353871860156715,2.425648394183677,0.6803291451699579,0.035643912326575156,-12.166868441606391,-6.966283810519569,0.17848068759640978,-16.626611051183325,13.44661042275404,-0.5284818564758631,1.7333699979813293,-1.5052600330402512,2.5419123560931856
0.6680000000000005,0.3617191433347987,0.49603397179050784,-2.2515430316799256,-2.345749946340522,2.756520380102804,-0.2398738379479326,2.4398368387612352,0.6779920269248026,0.02936010229778472,-12.24049057874253,-6.782204102508005,0.14029767179425195,-16.764830116926518,13.193323231884364,-0.5592437091616937,1.7473182440800263,-1.4455294683283695,2.519651904534604
0.6690000000000005,0.36240518530844695,0.49608425223513564,-2.2635053370707374,-2.353207913970077,2.7567669201021725,-0.2562089572942978,2.4540252833387934,0.6756549086796474,0.02307629226899427,-12.314112715878672,-6.598124394496441,0.10211465599209413,-16.90304918266971,12.940036041014686,-0.5900055618475244,1.7612664901787234,-1.385798903616488,2.4973914529760224
0.6700000000000005,0.3630900913341733,0.49613128860793365,-2.275514525593759,-2.360553951901381,2.757,-0.27260366096434074,2.46804243801313,0.6733819508429421,0.016892965727161806,-12.387967524713916,-6.414302129123084,0.06560645826069576,-17.03679507533517,12.684384238098305,-0.6203786935482428,1.7750531936313578,-1.3276041984069074,2.4748428830255156
0.6710000000000005,0.36375532688232026,0.4961221494809904,-2.288335559081845,-2.3659617754327207,2.757,-0.2900301479409537,2.479093475900023,0.6722200174216442,0.012449646926128564,-12.465851359310165,-6.234937831888101,0.0581000049529414,-17.093081914609677,12.38778597333217,-0.6440205946400059,1.7860425672626687,-1.2960049817068113,2.4473051526925995
0.6720000000000005,0.3644205624304672,0.49611301035404715,-2.30115659256993,-2.37136959896406,2.757,-0.3074566349175667,2.4901445137869165,0.6710580840003464,0.008006328125095323,-12.543735193906413,-6.055573534653118,0.05059355164518705,-17.14936875388418,12.091187708566036,-0.6676624957317691,1.7970319408939794,-1.2644057650067153,2.4197674223596835
0.6730000000000005,0.3650857979786142,0.4961038712271039,-2.3139776260580156,-2.3767774224953997,2.757,-0.32488312189417967,2.5011955516738102,0.6698961505790485,0.0035630093240620834,-12.62161902850266,-5.876209237418135,0.0430870983374327,-17.205655593158685,11.7945894437999,-0.6913043968235322,1.8080213145252904,-1.232806548306619,2.3922296920267674
0.6740000000000005,0.36575103352676114,0.4960947321001607,-2.326798659546101,-2.382185246026739,2.757,-0.34230960887079265,2.5122465895607036,0.6687342171577506,-0.0008803094769711563,-12.699502863098909,-5.696844940183152,0.03558064502967834,-17.261942432433187,11.497991179033766,-0.7149462979152952,1.8190106881566013,-1.201207331606523,2.3646919616938513
0.6750000000000005,0.3664162690749081,0.49608559297321747,-2.3396196930341864,-2.3875930695580787,2.757,-0.35973609584740585,2.5232976274475973,0.6675722837364528,-0.005323628278004394,-12.777386697695155,-5.517480642948169,0.02807419172192399,-17.318229271707693,11.201392914267633,-0.7385881990070583,1.8300000617879122,-1.169608114906427,2.3371542313609357
0.6760000000000005,0.3670815046230551,0.49607645384627425,-2.352440726522272,-2.393000893089418,2.757,-0.3771625828240188,2.5343486653344907,0.6664103503151549,-0.009766947079037636,-12.855270532291403,-5.3381163457131855,0.02056773841416963,-17.374516110982196,10.904794649501497,-0.7622301000988214,1.840989435419223,-1.138008898206331,2.3096165010280196
0.6770000000000005,0.36774674017120207,0.49606731471933097,-2.3652617600103576,-2.3984087166207577,2.757,-0.3945890698006318,2.545399703221384,0.6652484168938572,-0.014210265880070877,-12.933154366887651,-5.158752048478203,0.013061285106415278,-17.430802950256698,10.608196384735361,-0.7858720011905845,1.851978809050534,-1.106409681506235,2.2820787706951036
0.6780000000000005,0.368411975719349,0.49605817559238774,-2.378082793498443,-2.403816540152097,2.757,-0.4120155567772448,2.5564507411082777,0.6640864834725593,-0.01865358468110412,-13.011038201483899,-4.9793877512432205,0.005554831798660925,-17.487089789531204,10.311598119969227,-0.8095139022823477,1.8629681826818447,-1.074810464806139,2.2545410403621875
0.6790000000000005,0.369077211267496,0.4960490364654445,-2.3909038269865284,-2.4092243636834363,2.757,-0.42944204375385775,2.567501778995171,0.6629245500512614,-0.023096903482137353,-13.088922036080147,-4.800023454008238,-0.0019516215090934208,-17.543376628805706,10.014999855203094,-0.8331558033741107,1.8739575563131556,-1.043211248106043,2.2270033100292714
0.6800000000000005,0.36974244681564294,0.4960398973385013,-2.4037248604746138,-2.414632187214776,2.757,-0.44686853073047095,2.5785528168820644,0.6617626166299636,-0.0275402222831706,-13.166805870676395,-4.620659156773254,-0.00945807481684778,-17.599663468080212,9.718401590436958,-0.8567977044658738,1.8849469299444666,-1.011612031405947,2.1994655796963554
0.6810000000000005,0.3704076823637899,0.49603075821155806,-2.4165458939626996,-2.4200400107461153,2.757,-0.4642950177070837,2.589603854768958,0.6606006832086657,-0.03198354108420384,-13.244689705272641,-4.441294859538271,-0.01696452812460214,-17.655950307354715,9.421803325670824,-0.8804396055576369,1.8959363035757775,-0.9800128147058509,2.1719278493634393
0.6820000000000005,0.37107144096183786,0.49598392123684415,-2.430091272704691,-2.42381581958868,2.7569995943987675,-0.481882170658706,2.5978148518661075,0.6612458484456208,-0.03575356991248876,-13.317143753709454,-4.279922249447442,-0.01630296020740758,-17.646305656515903,9.131304008806893,-0.90055239893847,1.894708066892031,-0.962347794622301,2.144558882241444
0.6830000000000005,0.37173495141201085,0.4959307505066278,-2.4437583513847123,-2.4273174275782434,2.7569991206509648,-0.4994963176978806,2.605548683155582,0.6621946310439628,-0.039410476790270044,-13.388685523594624,-4.121572489577135,-0.014269052688971585,-17.625583610998564,8.841829398845846,-0.9200722538173849,1.891427104094318,-0.9470239106966695,2.1172182696536987
0.6840000000000005,0.37239846186218384,0.49587757977641156,-2.457425430064734,-2.430819035567807,2.756998646903162,-0.5171104647370552,2.613282514445057,0.6631434136423048,-0.04306738366805132,-13.460227293479795,-3.9632227297068283,-0.012235145170535594,-17.604861565481222,8.552354788884799,-0.9395921086962999,1.888146141296605,-0.9317000267710379,2.089877657065953
0.6850000000000005,0.3730619723123568,0.49582440904619524,-2.4710925087447557,-2.4343206435573705,2.756998173155359,-0.5347246117762294,2.6210163457345317,0.6640921962406467,-0.04672429054583262,-13.531769063364965,-3.804872969836522,-0.0102012376520996,-17.584139519963884,8.262880178923751,-0.959111963575215,1.8848651784988917,-0.9163761428454064,2.062537044478208
0.6860000000000005,0.3737254827625298,0.4957712383159789,-2.484759587424777,-2.437822251546933,2.7569976994075565,-0.5523387588154041,2.6287501770240063,0.6650409788389887,-0.050381197423613897,-13.603310833250136,-3.646523209966215,-0.008167330133663608,-17.563417474446542,7.973405568962704,-0.9786318184541299,1.8815842157011786,-0.9010522589197747,2.0351964318904625
0.6870000000000005,0.3743889932127028,0.49571806758576265,-2.498426666104799,-2.4413238595364968,2.7569972256597537,-0.5699529058545787,2.6364840083134813,0.6659897614373307,-0.05403810430139519,-13.674852603135307,-3.488173450095908,-0.006133422615227615,-17.542695428929203,7.683930959001657,-0.9981516733330449,1.8783032529034653,-0.8857283749941431,2.0078558193027174
0.6880000000000005,0.3750525036628758,0.4956648968555463,-2.5120937447848206,-2.4448254675260603,2.756996751911951,-0.5875670528937533,2.644217839602956,0.6669385440356727,-0.05769501117917647,-13.746394373020477,-3.3298236902256013,-0.004099515096791623,-17.52197338341186,7.39445634904061,-1.01767152821196,1.8750222901057523,-0.8704044910685116,1.980515206714972
0.6890000000000005,0.3757160141130487,0.49561172612533005,-2.525760823464842,-2.448327075515624,2.756996278164148,-0.605181199932928,2.651951670892431,0.6678873266340146,-0.061351918056957756,-13.817936142905648,-3.171473930355294,-0.0020656075783556313,-17.501251337894523,7.104981739079562,-1.037191383090875,1.871741327308039,-0.8550806071428799,1.9531745941272267
0.6900000000000005,0.3763795245632217,0.49555855539511373,-2.5394279021448636,-2.4518286835051875,2.7569958044163454,-0.6227953469721021,2.6596855021819055,0.6688361092323566,-0.06500882493473904,-13.889477912790818,-3.0131241704849874,-3.1700059919637785e-05,-17.48052929237718,6.815507129118515,-1.05671123796979,1.868460364510326,-0.8397567232172484,1.9258339815394816
0.6910000000000005,0.3770430350133947,0.4955053846648974,-2.5530949808248855,-2.455330291494751,2.7569953306685426,-0.6404094940112768,2.66741933347138,0.6697848918306986,-0.06866573181252034,-13.961019682675989,-2.854774410614681,0.0020022074585163523,-17.459807246859842,6.526032519157468,-1.0762310928487049,1.8651794017126127,-0.8244328392916168,1.8984933689517363
0.6920000000000005,0.3777065454635677,0.49545221393468114,-2.566762059504907,-2.4588318994843137,2.75699485692074,-0.6580236410504514,2.675153164760855,0.6707336744290405,-0.07232263869030162,-14.03256145256116,-2.6964246507443734,0.004036114976952349,-17.4390852013425,6.23655790919642,-1.09575094772762,1.8618984389148996,-0.8091089553659851,1.871152756363991
0.6930000000000005,0.3783855152596445,0.49537086202613545,-2.5809070801159804,-2.4612889481480833,2.7569950063527764,-0.6752468596066379,2.6808773556306695,0.6731640581962157,-0.07633898987664656,-14.0947174670285,-2.5610861435161323,0.004402384542706252,-17.37782603113119,5.971260177358684,-1.1159567171957603,1.8630620424679192,-0.7972984431489288,1.8482377627734181
0.6940000000000005,0.37907253042126743,0.4952748440455198,-2.595300831661019,-2.4632023863859684,2.756995480100579,-0.6922666308392689,2.685555687775729,0.6763654980657026,-0.08054240336652452,-14.151988938919905,-2.437723171367599,0.0039007805896544455,-17.295470497051546,5.718544596375016,-1.1365194509001686,1.8665386909070736,-0.7873163627342848,1.8276259534716124
0.6950000000000005,0.37975954558289043,0.4951788260649041,-2.6096945832060574,-2.4651158246238536,2.756995953848382,-0.7092864020719003,2.690234019920789,0.6795669379351893,-0.08474581685640249,-14.209260410811307,-2.3143601992190654,0.00339917663660264,-17.213114962971904,5.465829015391348,-1.1570821846045771,1.8700153393462282,-0.7773342823196409,1.8070141441698069
0.6960000000000005,0.3804465607445134,0.4950828080842884,-2.624088334751096,-2.4670292628617396,2.7569964275961847,-0.7263061733045313,2.6949123520658484,0.6827683778046761,-0.08894923034628045,-14.266531882702711,-2.1909972270705325,0.0028975726835508337,-17.130759428892258,5.21311343440768,-1.1776449183089857,1.8734919877853826,-0.7673522019049969,1.7864023348680014
0.6970000000000005,0.38113357590613633,0.4949867901036727,-2.638482086296135,-2.4689427010996248,2.756996901343988,-0.7433259445371623,2.699590684210908,0.6859698176741629,-0.09315264383615843,-14.323803354594116,-2.067634254921999,0.0023959687304990276,-17.048403894812616,4.960397853424012,-1.198207652013394,1.876968636224537,-0.7573701214903528,1.7657905255661956
0.6980000000000005,0.3818205910677593,0.494890772123057,-2.652875837841173,-2.47085613933751,2.7569973750917907,-0.7603457157697937,2.704269016355968,0.6891712575436497,-0.09735605732603639,-14.38107482648552,-1.9442712827734654,0.0018943647774472216,-16.96604836073297,4.707682272440344,-1.2187703857178025,1.8804452846636917,-0.7473880410757088,1.7451787162643901
0.6990000000000005,0.38250760622938224,0.4947947541424413,-2.667269589386212,-2.472769577575395,2.7569978488395934,-0.7773654870024247,2.708947348501028,0.6923726974131365,-0.10155947081591436,-14.438346298376924,-1.8209083106249322,0.0013927608243954155,-16.883692826653327,4.454966691456676,-1.239333119422211,1.883921933102846,-0.7374059606610648,1.7245669069625844
0.7000000000000005,0.38319462139100524,0.4946987361618256,-2.6816633409312507,-2.47468301581328,2.756998322587396,-0.7943852582350561,2.7136256806460874,0.6955741372826233,-0.10576288430579234,-14.495617770268328,-1.6975453384763988,0.0008911568713436094,-16.801337292573685,4.202251110473008,-1.2598958531266193,1.8873985815420005,-0.7274238802464208,1.703955097660779
0.7010000000000005,0.3838816365526282,0.4946027181812099,-2.696057092476289,-2.4765964540511654,2.756998796335199,-0.8114050294676871,2.718304012791147,0.69877557715211,-0.1099662977956703,-14.552889242159733,-1.5741823663278653,0.0003895529182918033,-16.71898175849404,3.94953552948934,-1.2804585868310279,1.890875229981155,-0.7174417998317767,1.6833432883589734
0.7020000000000005,0.38456865171425114,0.4945067002005942,-2.7104508440213277,-2.4785098922890505,2.7569992700830017,-0.8284248007003181,2.722982344936207,0.7019770170215969,-0.11416971128554826,-14.610160714051137,-1.450819394179332,-0.00011205103476000233,-16.636626224414396,3.696819948505672,-1.3010213205354364,1.8943518784203095,-0.7074597194171327,1.6627314790571677
0.7030000000000005,0.3852556668758741,0.4944106822199785,-2.724844595566366,-2.4804233305269356,2.7569997438308045,-0.8454445719329495,2.727660677081267,0.7051784568910836,-0.11837312477542622,-14.667432185942541,-1.3274564220307987,-0.000613654987811808,-16.55427069033475,3.4441043675220038,-1.3215840542398447,1.8978285268594641,-0.6974776390024887,1.6421196697553622
0.7040000000000005,0.38596381951965103,0.49428943833216266,-2.7394889211245155,-2.481808307745129,2.757,-0.8619224377474461,2.7311726986458567,0.7091470487590796,-0.12327413779640194,-14.716865374525128,-1.2231304847603723,-0.0008389221904416218,-16.452246583131018,3.2162758349274267,-1.3415895519347223,1.9016334072167718,-0.687630572959704,1.625927781177136
0.7050000000000005,0.38669685867168063,0.4941384943720702,-2.7544282634779362,-2.4825710940404884,2.757,-0.8777622836898358,2.733311548246324,0.7140188576896781,-0.12899647931626096,-14.757070051365849,-1.1412180649632468,-0.0007388404811344593,-16.327065408126842,3.017748414480795,-1.3609389800727414,1.905824735982664,-0.6779424679632267,1.6149397476636753
0.7060000000000005,0.38742989782371023,0.4939875504119778,-2.7693676058313574,-2.483333880335848,2.757,-0.8936021296322254,2.735450397846791,0.7188906666202766,-0.13471882083612,-14.797274728206572,-1.0593056451661211,-0.0006387587718272969,-16.201884233122666,2.8192209940341635,-1.3802884082107605,1.9100160647485567,-0.6682543629667492,1.6039517141502146
0.7070000000000005,0.38816293697573984,0.4938366064518854,-2.784306948184778,-2.484096666631207,2.757,-0.909441975574615,2.7375892474472576,0.7237624755508751,-0.140441162355979,-14.837479405047294,-0.9773932253689956,-0.0005386770625201344,-16.07670305811849,2.6206935735875323,-1.3996378363487796,1.9142073935144492,-0.6585662579702719,1.592963680636754
0.7080000000000005,0.3888959761277694,0.4936856624917929,-2.799246290538199,-2.4848594529265666,2.757,-0.9252818215170047,2.7397280970477245,0.7286342844814736,-0.14616350387583804,-14.877684081888017,-0.8954808055718699,-0.00043859535321297185,-15.951521883114316,2.4221661531409007,-1.4189872644867987,1.9183987222803418,-0.6488781529737946,1.5819756471232933
0.7090000000000005,0.389629015279799,0.4935347185317005,-2.8141856328916197,-2.485622239221926,2.757,-0.9411216674593943,2.7418669466481913,0.7335060934120721,-0.15188584539569708,-14.917888758728738,-0.8135683857747444,-0.00033851364390580934,-15.82634070811014,2.223638732694269,-1.438336692624818,1.9225900510462344,-0.6391900479773173,1.5709876136098326
0.7100000000000005,0.3903620544318286,0.4933837745716081,-2.829124975245041,-2.4863850255172855,2.757,-0.9569615134017844,2.7440057962486586,0.7383779023426705,-0.15760818691555611,-14.958093435569461,-0.7316559659776188,-0.00023843193459864684,-15.701159533105963,2.0251113122476374,-1.457686120762837,1.9267813798121267,-0.62950194298084,1.559999580096372
0.7110000000000005,0.3910950935838582,0.4932328306115157,-2.8440643175984617,-2.487147811812644,2.757,-0.972801359344174,2.7461446458491254,0.743249711273269,-0.16333052843541512,-14.998298112410183,-0.6497435461804932,-0.00013835022529148444,-15.57597835810179,1.8265838918010058,-1.4770355489008562,1.9309727085780193,-0.6198138379843626,1.5490115465829113
0.7120000000000005,0.39182813273588774,0.4930818866514232,-2.8590036599518824,-2.4879105981080034,2.757,-0.9886412052865636,2.7482834954495923,0.7481215202038675,-0.16905286995527413,-15.038502789250906,-0.5678311263833676,-3.826851598432194e-05,-15.450797183097613,1.6280564713543744,-1.4963849770388753,1.9351640373439118,-0.6101257329878853,1.5380235130694506
0.7130000000000005,0.39256117188791734,0.4929309426913308,-2.873943002305303,-2.488673384403363,2.757,-1.0044810512289533,2.750422345050059,0.7529933291344659,-0.17477521147513317,-15.078707466091627,-0.48591870658624203,6.181319332284046e-05,-15.325616008093437,1.4295290509077427,-1.5157344051768944,1.9393553661098044,-0.600437627991408,1.52703547955599
0.7140000000000005,0.39329421103994694,0.4927799987312384,-2.8888823446587244,-2.4894361706987223,2.757,-1.0203208971713429,2.7525611946505264,0.7578651380650644,-0.1804975529949922,-15.11891214293235,-0.40400628678911654,0.00016189490263000296,-15.200434833089263,1.2310016304611113,-1.5350838333149135,1.943546694875697,-0.5907495229949307,1.5160474460425293
0.7150000000000005,0.3940427600906703,0.49260951409117437,-2.9039175031047644,-2.49,2.757,-1.0357557589534894,2.7542087330179195,0.7629192939215638,-0.1867335260741415,-15.155537553829616,-0.3273953917166839,0.0002290135666382103,-15.069049038243982,1.0482336844488143,-1.5483237764237217,1.947037549783326,-0.5808893872742182,1.5057600196421914
0.7160000000000005,0.39483526303898736,0.4923836526196211,-2.9192241972201183,-2.49,2.757,-1.0500429257920492,2.754463931947674,0.7684902073833714,-0.19442509273282696,-15.182019591656223,-0.2658086228129745,0.0002027174156272328,-14.920079812940003,0.9101269150884695,-1.5442498940443143,1.948543313953677,-0.5705417292952837,1.4974580616134778
0.7170000000000005,0.3956277659873044,0.4921577911480678,-2.9345308913354726,-2.49,2.757,-1.0643300926306085,2.7547191308774286,0.774061120845179,-0.2021166593915124,-15.208501629482829,-0.20422185390926514,0.00017642126461625527,-14.771110587636022,0.7720201457281248,-1.5401760116649073,1.950049078124028,-0.560194071316349,1.4891561035847645
0.7180000000000005,0.39642026893562154,0.4919319296765145,-2.9498375854508265,-2.49,2.757,-1.0786172594691683,2.754974329807183,0.7796320343069866,-0.20980822605019786,-15.234983667309434,-0.14263508500555575,0.00015012511360527772,-14.62214136233204,0.63391337636778,-1.5361021292855002,1.951554842294379,-0.5498464133374145,1.4808541455560509
0.7190000000000005,0.3972127718839386,0.49170606820496116,-2.965144279566181,-2.49,2.757,-1.092904426307728,2.7552295287369377,0.7852029477687942,-0.21749979270888328,-15.26146570513604,-0.08104831610184637,0.0001238289625943002,-14.473172137028062,0.4958066070074354,-1.5320282469060928,1.9530606064647298,-0.5394987553584798,1.4725521875273373
0.7200000000000005,0.3980052748322557,0.49148020673340787,-2.9804509736815348,-2.49,2.757,-1.107191593146288,2.7554847276666923,0.7907738612306018,-0.22519135936756873,-15.287947742962647,-0.019461547198136975,9.753281158332268e-05,-14.32420291172408,0.35769983764709057,-1.5279543645266858,1.9545663706350807,-0.5291510973795452,1.4642502294986237
0.7210000000000005,0.39879777778057274,0.4912543452618546,-2.995757667796889,-2.49,2.757,-1.1214787599848477,2.755739926596447,0.7963447746924094,-0.23288292602625418,-15.314429780789252,0.04212522170557237,7.123666057234519e-05,-14.175233686420102,0.21959306828674596,-1.5238804821472787,1.9560721348054317,-0.5188034394006106,1.4559482714699101
0.7220000000000005,0.3995902807288898,0.4910284837903013,-3.011064361912243,-2.49,2.757,-1.1357659268234075,2.7559951255262014,0.801915688154217,-0.24057449268493963,-15.340911818615858,0.10371199060928182,4.494050956136764e-05,-14.02626446111612,0.08148629892640114,-1.5198065997678716,1.9575778989757826,-0.5084557814216759,1.4476463134411965
0.7230000000000005,0.40038278367720687,0.49080262231874794,-3.0263710560275974,-2.49,2.757,-1.1500530936619673,2.756250324455956,0.8074866016160246,-0.24826605934362506,-15.367393856442463,0.16529875951299117,1.8644358550390123e-05,-13.877295235812142,-0.05662047043394369,-1.5157327173884643,1.9590836631461335,-0.49810812344274136,1.439344355412483
0.7240000000000005,0.401175286625524,0.49057676084719465,-3.0416777501429513,-2.49,2.757,-1.164340260500527,2.7565055233857105,0.8130575150778321,-0.25595762600231053,-15.39387589426907,0.22688552841670057,-7.651792460587397e-06,-13.72832601050816,-0.19472723979428852,-1.5116588350090572,1.9605894273164843,-0.48776046546380675,1.4310423973837694
0.7250000000000005,0.40196778957384105,0.49035089937564136,-3.0569844442583056,-2.49,2.757,-1.1786274273390869,2.756760722315465,0.8186284285396397,-0.26364919266099596,-15.420357932095676,0.28847229732040985,-3.394794347156489e-05,-13.57935678520418,-0.3328340091546331,-1.50758495262965,1.9620951914868354,-0.47741280748487214,1.4227404393550558
0.7260000000000005,0.40276414245647946,0.4901189671608596,-3.072306467605805,-2.489953148528394,2.757,-1.1928073442439335,2.7569350205963166,0.8241828337252963,-0.2714629008654473,-15.446317215852092,0.3510375331234951,-5.82851775019877e-05,-13.42998443483186,-0.4686292577088826,-1.5024886668882333,1.9633156982681277,-0.467087173022416,1.4132836481983562
0.7270000000000005,0.4036183553467574,0.48979579877936474,-3.087858871374111,-2.489202174264335,2.757,-1.2053754201494145,2.755893476794454,0.8294891388384604,-0.28111225357218905,-15.464420117662646,0.42830798141795895,-5.318218164788085e-05,-13.274553586421094,-0.5696850534992655,-1.4820268550366928,1.9602491203013122,-0.4570925262406159,1.3864710665187967
0.7280000000000005,0.40447256823703537,0.48947263039786987,-3.1034112751424168,-2.4884512000002763,2.757,-1.2179434960548958,2.7548519329925916,0.8347954439516245,-0.29076160627893083,-15.4825230194732,0.5055784297124228,-4.8079185793774014e-05,-13.119122738010327,-0.6707408492896484,-1.4615650431851523,1.9571825423344968,-0.44709787945881585,1.3596584848392375
0.7290000000000005,0.40532678112731335,0.489149462016375,-3.118963678910723,-2.4877002257362184,2.757,-1.2305115719603767,2.753810389190729,0.8401017490647886,-0.30041095898567266,-15.500625921283754,0.5828488780068866,-4.297618993966717e-05,-12.963691889599561,-0.7717966450800313,-1.4411032313336118,1.9541159643676815,-0.4371032326770158,1.3328459031596782
0.7300000000000005,0.40618099401759133,0.4888262936348801,-3.134516082679029,-2.4869492514721596,2.757,-1.2430796478658577,2.7527688453888666,0.8454080541779527,-0.31006031169241444,-15.518728823094309,0.6601193263013504,-3.787319408556032e-05,-12.808261041188796,-0.8728524408704141,-1.4206414194820713,1.951049386400866,-0.4271085858952157,1.3060333214801187
0.7310000000000005,0.4070352069078693,0.48850312525338524,-3.150068486447335,-2.4861982772081017,2.757,-1.2556477237713386,2.751727301587004,0.8507143592911168,-0.3197096643991562,-15.536831724904863,0.7373897745958142,-3.277019823145348e-05,-12.65283019277803,-0.973908236660797,-1.4001796076305308,1.9479828084340507,-0.41711393911341565,1.2792207398005595
0.7320000000000005,0.4078894197981473,0.48817995687189036,-3.1656208902156413,-2.485447302944043,2.757,-1.2682157996768195,2.7506857577851416,0.856020664404281,-0.32935901710589804,-15.554934626715417,0.814660222890278,-2.7667202377346636e-05,-12.497399344367263,-1.0749640324511798,-1.3797177957789903,1.9449162304672352,-0.4071192923316156,1.2524081581210003
0.7330000000000005,0.4087436326884253,0.4878567884903955,-3.181173293983947,-2.484696328679984,2.757,-1.2807838755823004,2.749644213983279,0.8613269695174451,-0.3390083698126398,-15.57303752852597,0.8919306711847419,-2.256420652323979e-05,-12.341968495956497,-1.1760198282415628,-1.3592559839274498,1.9418496525004199,-0.3971246455498155,1.225595576441441
0.7340000000000005,0.40959784557870327,0.4875336201089006,-3.196725697752253,-2.4839453544159262,2.757,-1.2933519514877814,2.7486026701814166,0.8666332746306092,-0.3486577225193816,-15.591140430336525,0.9692011194792056,-1.746121066913295e-05,-12.186537647545732,-1.2770756240319456,-1.3387941720759093,1.9387830745336045,-0.38712999876801546,1.1987829947618815
0.7350000000000005,0.41045205846898125,0.48721045172740574,-3.2122781015205595,-2.4831943801518674,2.757,-1.3059200273932623,2.747561126379554,0.8719395797437733,-0.3583070752261234,-15.60924333214708,1.0464715677736696,-1.2358214815026104e-05,-12.031106799134966,-1.3781314198223287,-1.3183323602243688,1.935716496566789,-0.3771353519862154,1.1719704130823223
0.7360000000000005,0.41130627135925923,0.48688728334591086,-3.2278305052888654,-2.4824434058878095,2.757,-1.3184881032987437,2.7465195825776916,0.8772458848569374,-0.3679564279328652,-15.627346233957635,1.1237420160681333,-7.255218960919265e-06,-11.8756759507242,-1.4791872156127115,-1.2978705483728286,1.9326499185999737,-0.3671407052044154,1.145157831402763
0.7370000000000005,0.4121604842495372,0.486564114964416,-3.2433829090571713,-2.4816924316237507,2.757,-1.3310561792042246,2.745478038775829,0.8825521899701015,-0.377605780639607,-15.645449135768189,1.201012464362597,-2.152223106812419e-06,-11.720245102313434,-1.5802430114030943,-1.277408736521288,1.9295833406331582,-0.3571460584226153,1.1183452497232036
0.7380000000000005,0.4130619814950327,0.4861397221058903,-3.2590832743131233,-2.480058047234884,2.757,-1.3421328976790936,2.743518229557063,0.8870734759167656,-0.38856623709747795,-15.65897999274641,1.3017586825734773,3.6255652512271652e-06,-11.567531292022597,-1.6715733600478997,-1.2586859325723587,1.9241869432209144,-0.34920544707333273,1.092955980211202
0.7390000000000005,0.4139709250752733,0.4856993884285271,-3.2748069405268936,-2.478284543522591,2.757,-1.352974757359719,2.741413812007536,0.8914711371366418,-0.3997331660211695,-15.671790844637648,1.4062018622929369,9.509619854088518e-06,-11.415245360578012,-1.761372146410448,-1.2402369873851211,1.9184236461141193,-0.3415883049844115,1.067790853733354
0.7400000000000005,0.4148798686555139,0.4852590547511639,-3.2905306067406643,-2.4765110398102976,2.757,-1.3638166170403445,2.7393093944580085,0.8958687983565181,-0.41090009494486096,-15.684601696528889,1.5106450420123965,1.5393674456949867e-05,-11.262959429133428,-1.8511709327729964,-1.2217880421978835,1.9126603490073242,-0.3339711628954902,1.0426257272555057
0.7410000000000005,0.41578881223575453,0.4848187210738007,-3.3062542729544346,-2.4747375360980044,2.757,-1.3746584767209704,2.737204976908481,0.9002664595763944,-0.4220670238685525,-15.697412548420127,1.615088221731856,2.1277729059811223e-05,-11.110673497688843,-1.9409697191355448,-1.2033390970106461,1.906897051900529,-0.326354020806569,1.0174606007776577
0.7420000000000005,0.4166977558159951,0.4843783873964375,-3.321977939168205,-2.4729640323857103,2.757,-1.3855003364015959,2.735100559358954,0.9046641207962707,-0.433233952792244,-15.710223400311367,1.7195314014513157,2.7161783662672575e-05,-10.95838756624426,-2.0307685054980933,-1.1848901518234085,1.901133754793734,-0.3187368787176478,0.9922954742998096
0.7430000000000005,0.41760669939623574,0.4839380537190743,-3.3377016053819752,-2.471190528673417,2.757,-1.3963421960822213,2.7329961418094264,0.909061782016147,-0.4444008817159355,-15.723034252202606,1.8239745811707753,3.3045838265533925e-05,-10.806101634799676,-2.1205672918606413,-1.166441206636171,1.895370457686939,-0.3111197366287265,0.9671303478219614
0.7440000000000005,0.41851564297647637,0.4834977200417111,-3.3534252715957455,-2.469417024961124,2.757,-1.4071840557628472,2.730891724259899,0.9134594432360232,-0.45556781063962704,-15.735845104093846,1.9284177608902349,3.892989286839528e-05,-10.653815703355091,-2.2103660782231898,-1.1479922614489335,1.8896071605801439,-0.30350259453980527,0.9419652213441133
0.7450000000000006,0.41942458655671694,0.48305738636434786,-3.369148937809516,-2.4676435212488306,2.757,-1.4180259154434727,2.728787306710372,0.9178571044558995,-0.46673473956331857,-15.748655955985084,2.0328609406096945,4.4813947471256636e-05,-10.501529771910507,-2.300164864585738,-1.129543316261696,1.8838438634733488,-0.29588545245088405,0.9168000948662651
0.7460000000000006,0.42033353013695757,0.4826170526869847,-3.384872604023286,-2.4658700175365365,2.757,-1.4288677751240986,2.7266828891608443,0.9222547656757758,-0.4779016684870101,-15.761466807876324,2.137304120329154,5.0698002074117985e-05,-10.349243840465922,-2.3899636509482862,-1.1110943710744583,1.8780805663665536,-0.28826831036196277,0.8916349683884169
0.7470000000000006,0.4212424737171982,0.4821767190096215,-3.4005962702370565,-2.464096513824243,2.757,-1.439709634804724,2.724578471611317,0.9266524268956521,-0.4890685974107016,-15.774277659767563,2.2417473000486137,5.658205667697934e-05,-10.196957909021338,-2.4797624373108347,-1.0926454258872207,1.8723172692597585,-0.28065116827304154,0.8664698419105689
0.7480000000000006,0.42215141729743877,0.48173638533225827,-3.416319936450827,-2.46232301011195,2.757,-1.4505514944853495,2.7224740540617898,0.9310500881155284,-0.500235526334393,-15.787088511658803,2.3461904797680733,6.246611127984068e-05,-10.044671977576755,-2.569561223673383,-1.0741964806999833,1.8665539721529634,-0.2730340261841203,0.8413047154327207
0.7490000000000006,0.42308891364535456,0.48120917431338267,-3.432124734268924,-2.459694231892761,2.757,-1.4602768171012732,2.719736224790263,0.9346898511427136,-0.5119853324966472,-15.797491631918838,2.463097110542521,4.5374754663660017e-05,-9.89568830801123,-2.652480923644275,-1.05869923632011,1.859801438605379,-0.26725971272153665,0.8202944718525332
0.7500000000000006,0.42404076118780915,0.48063829699766175,-3.4479703104609483,-2.4566355755275318,2.757,-1.4694409457619342,2.7166800300646763,0.9379486793152584,-0.5240281044665606,-15.806684577899807,2.586268122155632,1.6735494889197725e-05,-9.748364421594706,-2.7319430566227436,-1.0446855760533,1.8525516949530452,-0.26241164194124356,0.8013725558708706
0.7510000000000006,0.42499260873026373,0.4800674196819408,-3.463815886652973,-2.453576919162302,2.757,-1.4786050744225947,2.7136238353390896,0.9412075074878031,-0.5360708764364739,-15.815877523880777,2.7094391337687425,-1.1903764885264566e-05,-9.60104053517818,-2.8114051896012127,-1.03067191578649,1.8453019513007114,-0.2575635711609505,0.7824506398892082
0.7520000000000006,0.4259444562727183,0.47949654236621986,-3.4796614628449976,-2.4505182627970727,2.757,-1.4877692030832557,2.710567640613503,0.9444663356603479,-0.5481136484063872,-15.825070469861746,2.8326101453818535,-4.0543024659726865e-05,-9.453716648761656,-2.8908673225796813,-1.0166582555196801,1.8380522076483776,-0.2527155003806575,0.7635287239075457
0.7530000000000006,0.4268963038151729,0.47892566505049894,-3.495507039037022,-2.447459606431843,2.757,-1.4969333317439162,2.707511445887916,0.9477251638328926,-0.5601564203763005,-15.834263415842715,2.955781156994964,-6.918228443418916e-05,-9.306392762345132,-2.97032945555815,-1.0026445952528702,1.8308024639960438,-0.24786742960036445,0.7446068079258832
0.7540000000000006,0.4278481513576275,0.47835478773477796,-3.511352615229047,-2.444400950066613,2.757,-1.5060974604045771,2.7044552511623294,0.9509839920054374,-0.5721991923462137,-15.843456361823684,3.078952168608075,-9.782154420865145e-05,-9.159068875928606,-3.049791588536619,-0.9886309349860601,1.82355272034371,-0.24301935882007142,0.7256848919442206
0.7550000000000006,0.4287999989000821,0.47778391041905705,-3.5271981914210713,-2.441342293701384,2.757,-1.5152615890652381,2.7013990564367427,0.9542428201779821,-0.5842419643161271,-15.852649307804654,3.202123180221186,-0.00012646080398311373,-9.011744989512081,-3.1292537215150875,-0.9746172747192502,1.8163029766913763,-0.23817128803977836,0.7067629759625581
0.7560000000000006,0.42975184644253667,0.4772130331033361,-3.5430437676130957,-2.438283637336154,2.757,-1.5244257177258986,2.698342861711156,0.957501648350527,-0.5962847362860404,-15.861842253785623,3.3252941918342964,-0.00015510006375757602,-8.864421103095555,-3.2087158544935566,-0.9606036144524401,1.8090532330390425,-0.23332321725948532,0.6878410599808956
0.7570000000000006,0.4307036939849912,0.47664215578761515,-3.5588893438051206,-2.435224980970924,2.757,-1.5335898463865596,2.6952866669855693,0.9607604765230717,-0.6083275082559537,-15.871035199766592,3.4484652034474075,-0.00018373932353203836,-8.717097216679031,-3.288177987472025,-0.9465899541856302,1.8018034893867088,-0.22847514647919226,0.668919143999233
0.7580000000000006,0.4316555415274458,0.47607127847189423,-3.574734919997145,-2.432166324605695,2.757,-1.5427539750472201,2.6922304722599826,0.9640193046956165,-0.620370280225867,-15.88022814574756,3.5716362150605185,-0.0002123785833065006,-8.569773330262507,-3.367640120450494,-0.9325762939188202,1.794553745734375,-0.22362707569889922,0.6499972280175705
0.7590000000000006,0.43260738906990037,0.47550040115617326,-3.59058049618917,-2.429107668240465,2.757,-1.551918103707881,2.6891742775343954,0.9672781328681612,-0.6324130521957803,-15.88942109172853,3.694807226673629,-0.00024101784308096293,-8.42244944384598,-3.447102253428963,-0.9185626336520102,1.7873040020820412,-0.2187790049186062,0.631075312035908
0.7600000000000006,0.43357340663565547,0.47486544285003474,-3.606467379304909,-2.4253795887119303,2.757,-1.5603243694373248,2.6857369966384326,0.9700369572525085,-0.6446175415528441,-15.89748185635205,3.8216913749796446,-0.00020552360275117145,-8.277349214090806,-3.520234309303716,-0.9058115157268604,1.7798662785617796,-0.21486663631721287,0.6141089257555232
0.7610000000000006,0.43455559277824946,0.4741573655097562,-3.6224013953120986,-2.4208876699416346,2.757,-1.5678658825282712,2.6818648808168466,0.9722252568397025,-0.6570065570708651,-15.904250755684652,3.952812364302722,-9.685041257859823e-05,-8.134786267643483,-3.5861434879907157,-0.8945010103138072,1.7722140623145628,-0.21202194221832096,0.5993738789419265
0.7620000000000006,0.4355377789208434,0.4734492881694776,-3.638335411319288,-2.416395751171339,2.757,-1.5754073956192176,2.6779927649952606,0.9744135564268965,-0.669395572588886,-15.911019655017256,4.083933353625799,1.1822777593974978e-05,-7.9922233211961595,-3.6520526666777156,-0.883190504900754,1.7645618460673458,-0.20917724811942906,0.5846388321283297
0.7630000000000006,0.4365199650634374,0.47274121082919907,-3.654269427326477,-2.4119038324010433,2.757,-1.582948908710164,2.674120649173675,0.9766018560140906,-0.6817845881069071,-15.917788554349858,4.215054342948877,0.00012049596776654814,-7.849660374748836,-3.7179618453647154,-0.8718799994877008,1.7569096298201288,-0.20633255402053716,0.5699037853147328
0.7640000000000006,0.4375021512060313,0.47203313348892045,-3.6702034433336665,-2.4074119136307477,2.757,-1.5904904218011104,2.670248533352089,0.9787901556012846,-0.6941736036249281,-15.92455745368246,4.3461753322719545,0.0002291691579391214,-7.707097428301512,-3.7838710240517157,-0.8605694940746477,1.749257413572912,-0.20348785992164525,0.555168738501136
0.7650000000000006,0.43848433734862524,0.4713250561486419,-3.6861374593408556,-2.402919994860452,2.757,-1.5980319348920573,2.666376417530503,0.9809784551884786,-0.706562619142949,-15.931326353015063,4.477296321595031,0.0003378423481116946,-7.564534481854188,-3.8497802027387156,-0.8492589886615944,1.741605197325695,-0.20064316582275335,0.5404336916875392
0.7660000000000006,0.43946652349121923,0.47061697880836334,-3.702071475348045,-2.3984280760901564,2.757,-1.6055734479830037,2.6625043017089176,0.9831667547756727,-0.71895163466097,-15.938095252347665,4.608417310918109,0.0004465155382842677,-7.421971535406864,-3.9156893814257154,-0.8379484832485412,1.7339529810784782,-0.19779847172386145,0.5256986448739425
0.7670000000000006,0.44044870963381316,0.4699089014680847,-3.718005491355234,-2.3939361573198608,2.757,-1.6131149610739501,2.6586321858873316,0.9853550543628667,-0.7313406501789911,-15.94486415168027,4.739538300241186,0.0005551887284568409,-7.27940858895954,-3.9815985601127153,-0.8266379778354881,1.7263007648312612,-0.19495377762496952,0.5109635980603456
0.7680000000000006,0.4414308957764071,0.46920082412780617,-3.7339395073624235,-2.389444238549565,2.757,-1.6206564741648966,2.6547600700657457,0.9875433539500608,-0.743729665697012,-15.951633051012871,4.870659289564264,0.0006638619186294141,-7.136845642512216,-4.047507738799715,-0.8153274724224349,1.7186485485840441,-0.19210908352607764,0.4962285512467488
0.7690000000000006,0.4424130819190011,0.4684927467875276,-3.7498735233696125,-2.3849523197792695,2.757,-1.628197987255843,2.6508879542441597,0.9897316535372548,-0.756118681215033,-15.958401950345474,5.001780278887342,0.0007725351088019874,-6.994282696064892,-4.113416917486715,-0.8040169670093816,1.7109963323368274,-0.1892643894271857,0.48149350443315203
0.7700000000000006,0.443395268061595,0.467784669447249,-3.765807539376802,-2.380460401008974,2.757,-1.6357395003467894,2.647015838422574,0.9919199531244488,-0.7685076967330541,-15.965170849678076,5.132901268210419,0.0008812082989745607,-6.851719749617568,-4.179326096173715,-0.7927064615963285,1.7033441160896103,-0.1864196953282938,0.46675845761955526
0.7710000000000006,0.44438267305826745,0.4670392457572902,-3.7817593419279603,-2.375574239190494,2.757,-1.64285837728296,2.6429678682552047,0.9938750780796662,-0.7809001037393098,-15.971508218802516,5.2635827779945865,0.0008516145642837335,-6.710219397447227,-4.241192924817886,-0.781727357430171,1.695369046240455,-0.18379311221155906,0.4527622828025053
0.7720000000000006,0.4453842875297307,0.4661921384397897,-3.797759572245893,-2.369614664210736,2.757,-1.6488265345981792,2.638441096064308,0.9951953339611157,-0.7933017448160822,-15.976670652295079,5.39306770835053,0.0004455588029279315,-6.571612191236635,-4.292053568930825,-0.7716505658392652,1.6865149366540522,-0.1817603840783056,0.4407778490402363
0.7730000000000006,0.44638590200119393,0.46534503112228914,-3.8137598025638257,-2.3636550892309782,2.757,-1.6547946919133985,2.633914323873411,0.9965155898425652,-0.8057033858928546,-15.981833085787642,5.522552638706473,3.9503041572129505e-05,-6.433004985026043,-4.342914213043764,-0.7615737742483595,1.6776608270676494,-0.17972765594505216,0.42879341527796744
0.7740000000000006,0.44738751647265723,0.4644979238047886,-3.829760032881759,-2.3576955142512204,2.757,-1.6607628492286177,2.6293875516825143,0.9978358457240146,-0.818105026969627,-15.986995519280205,5.652037569062415,-0.0003665527197836727,-6.294397778815451,-4.393774857156703,-0.7514969826574537,1.6688067174812469,-0.17769492781179871,0.41680898151569845
0.7750000000000006,0.4483891309441205,0.463650816487288,-3.8457602631996917,-2.3517359392714625,2.757,-1.666731006543837,2.6248607794916174,0.9991561016054641,-0.8305066680463993,-15.992157952772768,5.781522499418358,-0.0007726084811394744,-6.155790572604859,-4.444635501269642,-0.741420191066548,1.6599526078948441,-0.17566219967854524,0.4048245477534296
0.7760000000000006,0.4493907454155837,0.46280370916978747,-3.8617604935176244,-2.3457763642917047,2.757,-1.6726991638590563,2.620334007300721,1.0004763574869135,-0.8429083091231717,-15.99732038626533,5.911007429774301,-0.0011786642424952767,-6.017183366394268,-4.495496145382581,-0.7313433994756422,1.6510984983084414,-0.1736294715452918,0.3928401139911606
0.7770000000000006,0.45039235988704696,0.46195660185228693,-3.877760723835557,-2.3398167893119464,2.757,-1.6786673211742755,2.6158072351098243,1.001796613368363,-0.855309950199944,-16.002482819757894,6.040492360130244,-0.0015847200038510787,-5.878576160183676,-4.54635678949552,-0.7212666078847364,1.6422443887220388,-0.17159674341203834,0.3808556802288917
0.7780000000000006,0.4513939743585102,0.4611094945347864,-3.89376095415349,-2.3338572143321885,2.757,-1.6846354784894952,2.6112804629189275,1.0031168692498125,-0.8677115912767164,-16.007645253250455,6.1699772904861865,-0.0019907757652068807,-5.739968953973085,-4.597217433608459,-0.7111898162938307,1.633390279135636,-0.1695640152787849,0.3688712464666227
0.7790000000000006,0.45239558882997344,0.46026238721728585,-3.9097611844714226,-2.3278976393524307,2.757,-1.6906036358047145,2.6067536907280306,1.0044371251312618,-0.8801132323534887,-16.012807686743017,6.29946222084213,-0.0023968315265626827,-5.601361747762493,-4.648078077721397,-0.7011130247029249,1.6245361695492333,-0.16753128714553145,0.35688681270435385
0.7800000000000006,0.45339720330143674,0.45941527989978526,-3.9257614147893554,-2.321938064372673,2.757,-1.6965717931199338,2.602226918537134,1.0057573810127114,-0.8925148734302611,-16.01797012023558,6.428947151198072,-0.002802887287918485,-5.4627545415519005,-4.698938721834336,-0.6910362331120192,1.6156820599628308,-0.165498559012278,0.34490237894208486
0.7810000000000006,0.4543988177729,0.4585681725822847,-3.9417616451072885,-2.315978489392915,2.757,-1.702539950435153,2.597700146346237,1.0070776368941607,-0.9049165145070335,-16.023132553728143,6.558432081554015,-0.003208943049274287,-5.3241473353413085,-4.7497993659472755,-0.6809594415211134,1.606827950376428,-0.16346583087902455,0.33291794517981593
0.7820000000000006,0.4554012049769725,0.457711371457677,-3.957765452964536,-2.309920541570319,2.757,-1.7084003750458097,2.593139542048612,1.008353322605595,-0.9173077857175131,-16.02821174727886,6.687225694038553,-0.0034801419776203076,-5.185740731644473,-4.799559141638639,-0.67088829196376,1.5981874586677147,-0.16140390974333263,0.32105856950403433
0.7830000000000006,0.4564138303046554,0.45672613470834816,-3.97381666051643,-2.302559227857955,2.757,-1.7128334226661455,2.588130687882257,1.0090384872176763,-0.9295616640295314,-16.032188074451632,6.806859866716512,-0.0019645896941866622,-5.049991959787076,-4.834733241970734,-0.6608918950908763,1.5923772425431229,-0.1589552033679291,0.3108561190472949
0.7840000000000006,0.4574264556323383,0.4557408979590194,-3.989867868068324,-2.295197914145592,2.757,-1.7172664702864813,2.583121833715902,1.0097236518297577,-0.9418155423415497,-16.036164401624408,6.9264940393944725,-0.00044903741075301646,-4.914243187929679,-4.869907342302829,-0.6508954982179926,1.5865670264185312,-0.15650649699252558,0.3006536685905554
0.7850000000000006,0.4584390809600212,0.4547556612096906,-4.005919075620218,-2.2878366004332285,2.757,-1.721699517906817,2.5781129795495468,1.010408816441839,-0.9540694206535681,-16.04014072879718,7.046128212072433,0.0010665148726806293,-4.778494416072283,-4.905081442634924,-0.6408991013451089,1.5807568102939393,-0.15405779061712208,0.2904512181338159
0.7860000000000006,0.45945170628770404,0.45377042446036175,-4.021970283172112,-2.280475286720865,2.757,-1.7261325655271529,2.573104125383191,1.0110939810539201,-0.9663232989655864,-16.044117055969956,7.165762384750392,0.002582067156114274,-4.642745644214886,-4.940255542967019,-0.6309027044722252,1.5749465941693475,-0.15160908424171857,0.28024876767707646
0.7870000000000006,0.4604643316153869,0.45278518771103293,-4.038021490724006,-2.2731139730085013,2.757,-1.7305656131474887,2.568095271216836,1.0117791456660015,-0.9785771772776047,-16.048093383142728,7.285396557428353,0.004097619439547919,-4.5069968723574885,-4.975429643299114,-0.6209063075993414,1.5691363780447556,-0.14916037786631506,0.270046317220337
0.7880000000000006,0.46147695694306984,0.4517999509617041,-4.0540726982759,-2.2657526592961377,2.757,-1.7349986607678245,2.563086417050481,1.0124643102780828,-0.9908310555896231,-16.0520697103155,7.405030730106313,0.005613171722981566,-4.371248100500091,-5.010603743631209,-0.6109099107264577,1.563326161920164,-0.14671167149091155,0.25984386676359755
0.7890000000000006,0.4624895822707527,0.45081471421237534,-4.070123905827795,-2.258391345583774,2.757,-1.7394317083881603,2.558077562884126,1.0131494748901642,-1.0030849339016414,-16.056046037488276,7.524664902784273,0.007128724006415211,-4.235499328642695,-5.045777843963304,-0.600913513853574,1.557515945795572,-0.144262965115508,0.24964141630685807
0.7900000000000006,0.4635022075984356,0.4498294774630465,-4.086175113379689,-2.2510300318714105,2.757,-1.743864756008496,2.553068708717771,1.0138346395022455,-1.0153388122136597,-16.060022364661048,7.644299075462233,0.008644276289848856,-4.099750556785298,-5.080951944295399,-0.5909171169806903,1.5517057296709802,-0.1418142587401045,0.2394389658501186
0.7910000000000006,0.4645148329261185,0.4488442407137177,-4.102226320931583,-2.243668718159047,2.757,-1.748297803628832,2.5480598545514157,1.0145198041143269,-1.027592690525678,-16.06399869183382,7.763933248140193,0.0101598285732825,-3.9640017849279015,-5.116126044627494,-0.5809207201078066,1.5458955135463883,-0.139365552364701,0.22923651539337914
0.7920000000000006,0.4655274582538014,0.4478590039643889,-4.1182775284834765,-2.2363074044466837,2.757,-1.7527308512491677,2.5430510003850606,1.0152049687264082,-1.0398465688376965,-16.067975019006596,7.883567420818153,0.011675380856716149,-3.828253013070505,-5.151300144959589,-0.5709243232349228,1.5400852974217967,-0.1369168459892975,0.21903406493663968
0.7930000000000006,0.46654008358148424,0.44687376721506006,-4.13432873603537,-2.22894609073432,2.757,-1.7571638988695035,2.5380421462187055,1.0158901333384895,-1.0521004471497148,-16.071951346179368,8.003201593496113,0.013190933140149793,-3.6925042412131077,-5.186474245291684,-0.5609279263620391,1.5342750812972048,-0.13446813961389398,0.2088316144799002
0.7940000000000006,0.46755703515569497,0.44576993758708855,-4.1504142205008545,-2.2204954675379374,2.757,-1.7602813732952614,2.5327674980391097,1.0161683452883092,-1.0641607594095213,-16.075183310444014,8.107683967093928,0.008454642880328782,-3.558336612025612,-5.207785381761417,-0.5499537691298957,1.516896590849947,-0.13087718202441134,0.19973736799005315
0.7950000000000006,0.4685746232693884,0.4446486588726772,-4.166504748277833,-2.211884569495679,2.757,-1.7632052817105395,2.5274537424294112,1.016386680521567,-1.0761925914535213,-16.07830575335396,8.209936990541088,0.0027984918144117136,-3.424401623241457,-5.227056800016065,-0.5388357497601481,1.4978160098477906,-0.1271181600418674,0.19080617637358965
0.7960000000000006,0.4695922113830819,0.4435273801582658,-4.182595276054813,-2.2032736714534207,2.757,-1.766129190125818,2.5221399868197123,1.016605015754825,-1.0882244234975214,-16.081428196263904,8.312190013988248,-0.0028576592515053584,-3.290466634457302,-5.246328218270714,-0.5277177303904005,1.478735428845634,-0.12335913805932346,0.18187498475712618
0.7970000000000006,0.47060979949677534,0.44240610144385445,-4.198685803831792,-2.1946627734111623,2.757,-1.7690530985410966,2.516826231210014,1.0168233509880829,-1.1002562555415214,-16.084550639173848,8.414443037435408,-0.008513810317422424,-3.156531645673147,-5.265599636525362,-0.5165997110206529,1.4596548478434777,-0.11960011607677952,0.1729437931406627
0.7980000000000006,0.4716273876104688,0.4412848227294431,-4.214776331608771,-2.186051875368904,2.757,-1.7719770069563747,2.5115124756003153,1.0170416862213407,-1.1122880875855212,-16.087673082083793,8.51669606088257,-0.014169961383339492,-3.0225966568889926,-5.284871054780011,-0.5054816916509053,1.440574266841321,-0.11584109409423558,0.16401260152419922
0.7990000000000006,0.47264497572416225,0.4401635440150317,-4.230866859385751,-2.1774409773266457,2.757,-1.7749009153716533,2.506198719990617,1.0172600214545988,-1.1243199196295213,-16.09079552499374,8.61894908432973,-0.01982611244925657,-2.8886616681048376,-5.304142473034659,-0.49436367228115774,1.4214936858391645,-0.11208207211169163,0.15508140990773572
0.8000000000000006,0.4736625638378557,0.43904226530062035,-4.2469573871627295,-2.1688300792843873,2.757,-1.7778248237869319,2.500884964380918,1.0174783566878567,-1.1363517516735213,-16.093917967903685,8.72120210777689,-0.02548226351517363,-2.754726679320683,-5.323413891289308,-0.48324565291141014,1.402413104837008,-0.1083230501291477,0.14615021829127225
0.8010000000000006,0.4746801519515491,0.437920986586209,-4.263047914939709,-2.160219181242129,2.757,-1.7807487322022104,2.4955712087712194,1.0176966919211146,-1.1483835837175214,-16.09704041081363,8.82345513122405,-0.0311384145810907,-2.620791690536528,-5.342685309543956,-0.47212763354166254,1.3833325238348517,-0.10456402814660376,0.1372190266748088
0.8020000000000006,0.47569774006524257,0.43679970787179756,-4.279138442716688,-2.1516082831998706,2.757,-1.7836726406174885,2.490257453161521,1.0179150271543724,-1.1604154157615214,-16.100162853723575,8.925708154671211,-0.03679456564700777,-2.486856701752373,-5.361956727798605,-0.46100961417191494,1.3642519428326951,-0.10080500616405982,0.1282878350583453
0.8030000000000006,0.476715328178936,0.4356784291573862,-4.2952289704936675,-2.1429973851576123,2.757,-1.786596549032767,2.484943697551822,1.0181333623876303,-1.1724472478055215,-16.103285296633523,9.027961178118371,-0.04245071671292484,-2.3529217129682185,-5.381228146053253,-0.44989159480216734,1.3451713618305385,-0.09704598418151587,0.11935664344188182
0.8040000000000006,0.4777329162926295,0.4345571504429748,-4.311319498270646,-2.134386487115354,2.757,-1.7895204574480457,2.4796299419421235,1.0183516976208882,-1.1844790798495213,-16.106407739543467,9.130214201565531,-0.04810686777884191,-2.2189867241840635,-5.400499564307901,-0.43877357543241974,1.3260907808283822,-0.09328696219897192,0.11042545182541832
0.8050000000000006,0.47875067451206255,0.43334617546855797,-4.327431725603497,-2.1250910354473924,2.7568572731005068,-1.7914387119483743,2.4742308648306968,1.0183144123635204,-1.196322831479373,-16.109246764499602,9.21646373764343,-0.07397830539048358,-2.0857243295285968,-5.409064477985137,-0.42668501697520644,1.2994890721955243,-0.08839843787952985,0.10212705654212928
0.8060000000000006,0.47976851527213116,0.4320916770579505,-4.343554482240861,-2.115463416908197,2.756645290636708,-1.7928689916547218,2.468790387052889,1.0181530920336526,-1.2080753205983534,-16.111948266183003,9.294947880144157,-0.10965883352600497,-1.9527882986216334,-5.412434260128785,-0.4141255225387093,1.2692378767446426,-0.082961843630705,0.09413571386980604
0.8070000000000006,0.48078635603219977,0.430837178647343,-4.359677238878225,-2.105835798369002,2.7564333081729093,-1.7942992713610688,2.4633499092750815,1.0179917717037847,-1.2198278097173336,-16.114649767866403,9.373432022644884,-0.14533936166152636,-1.8198522677146698,-5.415804042272435,-0.40156602810221215,1.2389866812937607,-0.07752524938188016,0.08614437119748282
0.8080000000000006,0.4818041967922684,0.4295826802367355,-4.37579999551559,-2.096208179829807,2.7562213257091104,-1.7957295510674163,2.4579094314972734,1.017830451373917,-1.2315802988363138,-16.117351269549804,9.451916165145612,-0.18101988979704775,-1.6869162368077064,-5.419173824416084,-0.389006533665715,1.208735485842879,-0.0720886551330553,0.07815302852515958
0.8090000000000006,0.482822037552337,0.428328181826128,-4.391922752152954,-2.0865805612906114,2.7560093432453114,-1.7971598307737633,2.4524689537194657,1.017669131044049,-1.2433327879552942,-16.12005277123321,9.530400307646339,-0.2167004179325691,-1.5539802059007428,-5.422543606559732,-0.37644703922921785,1.178484290391997,-0.06665206088423045,0.07016168585283636
0.8100000000000006,0.4838398783124056,0.4270736834155205,-4.408045508790318,-2.0769529427514164,2.755797360781513,-1.7985901104801103,2.4470284759416576,1.0175078107141813,-1.2550852770742744,-16.12275427291661,9.608884450147066,-0.25238094606809053,-1.4210441749937792,-5.425913388703382,-0.36388754479272073,1.1482330949411153,-0.06121546663540561,0.06217034318051313
0.8110000000000006,0.4848577190724742,0.425819185004913,-4.424168265427682,-2.067325324212221,2.755585378317714,-1.8000203901864578,2.44158799816385,1.0173464903843135,-1.2668377661932546,-16.12545577460001,9.687368592647793,-0.28806147420361194,-1.2881081440868158,-5.429283170847031,-0.3513280503562236,1.1179818994902333,-0.05577887238658077,0.0541790005081899
0.8120000000000006,0.4858755598325428,0.4245646865943055,-4.440291022065047,-2.057697705673026,2.755373395853915,-1.8014506698928048,2.4361475203860423,1.0171851700544456,-1.278590255312235,-16.12815727628341,9.76585273514852,-0.3237420023391333,-1.1551721131798525,-5.43265295299068,-0.33876855591972643,1.0877307040393513,-0.05034227813775592,0.04618765783586667
0.8130000000000006,0.48689340059261144,0.42331018818369803,-4.4564137787024105,-2.048070087133831,2.7551614133901166,-1.8028809495991522,2.4307070426082342,1.0170238497245776,-1.2903427444312152,-16.13085877796681,9.844336877649248,-0.35942253047465467,-1.0222360822728889,-5.436022735134329,-0.3262090614832293,1.0574795085884696,-0.044905683888931076,0.03819631516354344
0.8140000000000006,0.48791124135268005,0.42205568977309055,-4.472536535339775,-2.0384424685946354,2.7549494309263176,-1.8043112293054993,2.4252665648304266,1.0168625293947098,-1.3020952335501954,-16.13356027965021,9.922821020149975,-0.39510305861017603,-0.8893000513659255,-5.439392517277978,-0.3136495670467322,1.027228313137588,-0.03946908964010623,0.030204972491220214
0.8150000000000006,0.48892908211274866,0.42080119136248306,-4.4886592919771395,-2.0288148500554404,2.7547374484625187,-1.8057415090118463,2.4198260870526185,1.016701209064842,-1.3138477226691756,-16.136261781333616,10.001305162650702,-0.4307835867456974,-0.7563640204589619,-5.442762299421627,-0.301090072610235,0.9969771176867059,-0.034032495391281385,0.02221362981889699
0.8160000000000006,0.489945248592173,0.4194849996827762,-4.50479560951935,-2.0188415618524926,2.754236906367309,-1.8064663416728255,2.4144098072961095,1.0164028383562167,-1.325457520189237,-16.13879923102585,10.066832215509113,-0.4833330077631821,-0.6236626938743085,-5.438618104032473,-0.2879331914272505,0.9689947317033119,-0.02788244749301819,0.014584840414890003
0.8170000000000006,0.49095956346788044,0.41810058079948614,-4.520946924201918,-2.0084859941097246,2.753417243288472,-1.8064110133878208,2.4090202883734744,1.0159529022624345,-1.3369095136423197,-16.141155253979594,10.118029893286964,-0.554537906204391,-0.4912209291480857,-5.426164125706974,-0.27411565426403606,0.943521444811104,-0.020943384065217667,0.007357002297923514
0.8180000000000006,0.49197387834358786,0.4167161619161961,-4.537098238884485,-1.9981304263669561,2.7525975802096347,-1.8063556851028157,2.4036307694508388,1.015502966168652,-1.3483615070954027,-16.14351127693334,10.169227571064816,-0.6257428046456,-0.3587791644218628,-5.413710147381475,-0.2602981171008216,0.918048157918896,-0.014004320637417147,0.00012916418095702126
0.8190000000000006,0.4929881932192953,0.41533174303290604,-4.553249553567053,-1.9877748586241877,2.7517779171307977,-1.8063003568178106,2.398241250528203,1.01505303007487,-1.3598135005484857,-16.145867299887083,10.220425248842668,-0.6969477030868089,-0.22633739969563993,-5.4012561690559755,-0.24648057993760714,0.8925748710266881,-0.007065257209616628,-0.007098673936009468
0.8200000000000006,0.4940025080950028,0.413947324149616,-4.56940086824962,-1.9774192908814197,2.750958254051961,-1.806245028532806,2.3928517316055675,1.0146030939810877,-1.3712654940015687,-16.148223322840828,10.27162292662052,-0.7681526015280178,-0.093895634969417,-5.388802190730477,-0.23266304277439268,0.8671015841344802,-0.00012619378181610158,-0.014326512052975963
0.8210000000000006,0.4950168229707102,0.41256290526632594,-4.5855521829321875,-1.9670637231386512,2.750138590973124,-1.806189700247801,2.387462212682932,1.0141531578873053,-1.3827174874546517,-16.150579345794572,10.322820604398371,-0.8393574999692268,0.038546129756805825,-5.376348212404977,-0.21884550561117821,0.8416282972422724,0.006812869645984418,-0.02155435016994245
0.8220000000000006,0.49603113784641767,0.41117848638303595,-4.601703497614755,-1.9567081553958832,2.749318927894287,-1.8061343719627962,2.3820726937602963,1.0137032217935231,-1.3941694809077347,-16.152935368748317,10.374018282176223,-0.9105623984104357,0.17098789448302876,-5.363894234079479,-0.20502796844796375,0.8161550103500644,0.013751933073784944,-0.02878218828690894
0.8230000000000006,0.49704545272212514,0.4097940674997459,-4.617854812297322,-1.9463525876531147,2.74849926481545,-1.8060790436777912,2.3766831748376607,1.013253285699741,-1.4056214743608177,-16.155291391702058,10.425215959954075,-0.9817672968516447,0.3034296592092516,-5.351440255753979,-0.1912104312847493,0.7906817234578565,0.020690996501585464,-0.036010026403875434
0.8240000000000006,0.49805976759783255,0.40840964861645584,-4.63400612697989,-1.9359970199103467,2.747679601736613,-1.806023715392786,2.371293655915025,1.0128033496059587,-1.4170734678139005,-16.157647414655802,10.476413637731927,-1.0529721952928535,0.4358714239354744,-5.33898627742848,-0.17739289412153483,0.7652084365656486,0.027630059929385983,-0.04323786452084192
0.8250000000000006,0.49907408247354,0.4070252297331658,-4.650157441662458,-1.9256414521675782,2.746859938657776,-1.8059683871077814,2.3659041369923894,1.0123534135121763,-1.4285254612669835,-16.160003437609546,10.527611315509779,-1.1241770937340625,0.5683131886616972,-5.326532299102981,-0.16357535695832037,0.7397351496734408,0.0345691233571865,-0.050465702637808404
0.8260000000000006,0.5000883973492475,0.40564081084987574,-4.666308756345025,-1.9152858844248097,2.746040275578939,-1.8059130588227763,2.360514618069754,1.0119034774183941,-1.4399774547200666,-16.16235946056329,10.57880899328763,-1.1953819921752715,0.70075495338792,-5.314078320777482,-0.1497578197951059,0.7142618627812328,0.04150818678498703,-0.0576935407547749
0.8270000000000006,0.5011010091551455,0.4042213984445157,-4.682466380127296,-1.9048158659562433,2.7449596837541184,-1.8054481991825,2.3551878561260438,1.0114026395647915,-1.4513486432388552,-16.16451746200366,10.62211918142042,-1.2732142822225663,0.8331282675398913,-5.297319349942923,-0.13567263799815038,0.6907023817308883,0.048664112461254364,-0.06469932067288396
0.8280000000000006,0.5021091626946642,0.40271038060872166,-4.698640519760496,-1.8940462403781297,2.743196037218754,-1.8039112755184648,2.3500253783048546,1.0107685519740268,-1.462508302013012,-16.166157086187468,10.644781637023357,-1.3683956421781458,0.9653223929750127,-5.26929084496378,-0.1208868207570652,0.6721528281625535,0.05638773634109,-0.07112380051931057
0.8290000000000006,0.5031173162341829,0.40119936277292767,-4.714814659393696,-1.8832766148000162,2.7414323906833897,-1.80237435185443,2.344862900483666,1.0101344643832624,-1.473667960787169,-16.167796710371274,10.667444092626294,-1.4635770021337253,1.097516518410134,-5.241262339984636,-0.10610100351598,0.6536032745942187,0.06411136022092565,-0.07754828036573717
0.8300000000000006,0.5041254697737015,0.3996883449371336,-4.730988799026895,-1.872506989221903,2.7396687441480254,-1.8008374281903952,2.3397004226624767,1.0095003767924977,-1.484827619561326,-16.169436334555083,10.690106548229231,-1.5587583620893048,1.2297106438452552,-5.213233835005493,-0.0913151862748948,0.635053721025884,0.07183498410076128,-0.0839727602121638
0.8310000000000006,0.5051336233132202,0.39817732710133963,-4.747162938660095,-1.8617373636437895,2.737905097612661,-1.7993005045263604,2.334537944841288,1.008866289201733,-1.4959872783354828,-16.17107595873889,10.712769003832166,-1.6539397220448844,1.3619047692803767,-5.185205330026349,-0.07652936903380961,0.6165041674575492,0.07955860798059691,-0.0903972400585904
0.8320000000000006,0.5061417768527389,0.3966663092655456,-4.7633370782932944,-1.850967738065676,2.736141451077297,-1.7977635808623256,2.329375467020099,1.0082322016109684,-1.5071469371096398,-16.172715582922695,10.735431459435103,-1.749121082000464,1.4940988947154978,-5.157176825047205,-0.06174355179272441,0.5979546138892144,0.08728223186043255,-0.096821719905017
0.8330000000000006,0.5071499303922575,0.3951552914297516,-4.779511217926494,-1.8401981124875624,2.7343778045419325,-1.7962266571982908,2.32421298919891,1.007598114020204,-1.5183065958837967,-16.174355207106505,10.75809391503804,-1.8443024419560434,1.6262930201506194,-5.1291483200680625,-0.04695773455163922,0.5794050603208797,0.09500585574026818,-0.10324619975144361
0.8340000000000006,0.5081580839317762,0.39364427359395754,-4.7956853575596945,-1.8294284869094493,2.732614158006568,-1.794689733534256,2.319050511377721,1.0069640264294393,-1.5294662546579536,-16.17599483129031,10.780756370640978,-1.939483801911623,1.7584871455857407,-5.101119815088919,-0.03217191731055402,0.5608555067525449,0.10272947962010381,-0.10967067959787022
0.8350000000000006,0.5091662374712949,0.39213325575816355,-4.811859497192894,-1.8186588613313357,2.730850511471204,-1.7931528098702207,2.313888033556532,1.0063299388386746,-1.5406259134321107,-16.177634455474116,10.803418826243915,-2.0346651618672027,1.890681271020862,-5.073091310109775,-0.017386100069468835,0.5423059531842102,0.11045310349993945,-0.11609515944429682
0.8360000000000006,0.5101743910108135,0.3906222379223695,-4.828033636826094,-1.8078892357532221,2.7290868649358395,-1.791615886206186,2.3087255557353434,1.0056958512479102,-1.5517855722062677,-16.179274079657926,10.82608128184685,-2.129846521822782,2.0228753964559836,-5.045062805130632,-0.0026002828283836488,0.5237563996158754,0.11817672737977508,-0.12251963929072343
0.8370000000000006,0.5111825445503322,0.3891112200865755,-4.844207776459293,-1.797119610175109,2.727323218400475,-1.7900789625421512,2.3035630779141543,1.0050617636571455,-1.5629452309804246,-16.180913703841732,10.848743737449787,-2.2250278817783613,2.1550695218911047,-5.017034300151488,0.012185534412701537,0.5052068460475406,0.12590035125961072,-0.12894411913715004
0.8380000000000006,0.5121900973211211,0.38759058407365965,-4.860382863684395,-1.7863425404232807,2.7254702530879764,-1.788426636830585,2.2984316470013244,1.0044203191647616,-1.574082380964735,-16.18246103412685,10.869222292646194,-2.321196399389643,2.2872637193354954,-4.98784414526963,0.026990725888815622,0.48708915096722716,0.13359198088406216,-0.1352959605434686
0.8390000000000006,0.5131905458058883,0.3859562099816782,-4.8765691564925575,-1.7754774408911898,2.722561064126535,-1.785409644297001,2.293667355898144,1.0036918769130883,-1.5849533571734145,-16.182916958981036,10.863875513794085,-2.429038377997967,2.4194587683129685,-4.944917101702132,0.042025024008281626,0.4740783232520582,0.14090526801154787,-0.14078882872237053
0.8400000000000006,0.5141909942906554,0.3843218358896967,-4.89275544930072,-1.7646123413590993,2.7196518751650935,-1.7823926517634172,2.288903064794963,1.002963434661415,-1.5958243333820938,-16.18337288383522,10.858528734941975,-2.5368803566062903,2.5516538172904415,-4.9019900581346345,0.05705932212774763,0.46106749553688925,0.14821855513903362,-0.1462816969012725
0.8410000000000006,0.5151914427754226,0.3826874617977153,-4.908941742108883,-1.7537472418270088,2.716742686203652,-1.7793756592298333,2.284138773691782,1.0022349924097413,-1.606695309590773,-16.1838288086894,10.853181956089868,-2.644722335214614,2.683848866267914,-4.859063014567136,0.07209362024721364,0.44805666782172027,0.15553184226651934,-0.15177456508017442
0.8420000000000006,0.5161918912601898,0.3810530877057338,-4.925128034917046,-1.742882142294918,2.7138334972422107,-1.7763586666962494,2.2793744825886018,1.001506550158068,-1.6175662857994524,-16.18428473354359,10.847835177237759,-2.7525643138229374,2.816043915245387,-4.816135970999638,0.08712791836667963,0.4350458401065513,0.16284512939400508,-0.15726743325907636
0.8430000000000006,0.5171923397449569,0.37941871361375235,-4.94131432772521,-1.7320170427628274,2.7109243082807692,-1.7733416741626655,2.274610191485421,1.0007781079063947,-1.6284372620081318,-16.18474065839777,10.84248839838565,-2.860406292431261,2.9482389642228597,-4.77320892743214,0.10216221648614565,0.4220350123913823,0.17015841652149083,-0.16276030143797832
0.8440000000000006,0.5181927882297241,0.37778433952177093,-4.957500620533373,-1.7211519432307365,2.7080151193193283,-1.7703246816290816,2.2698459003822404,1.0000496656547213,-1.639308238216811,-16.185196583251955,10.837141619533542,-2.9682482710395846,3.0804340132003327,-4.730281883864642,0.11719651460561165,0.4090241846762134,0.17747170364897655,-0.16825316961688025
0.8450000000000006,0.5191932367144912,0.37614996542978946,-4.973686913341536,-1.710286843698646,2.705105930357887,-1.7673076890954977,2.2650816092790595,0.9993212234030479,-1.6501792144254903,-16.185652508106138,10.831794840681432,-3.0760902496479083,3.2126290621778057,-4.687354840297144,0.13223081272507764,0.3960133569610444,0.1847849907764623,-0.1737460377957822
0.8460000000000006,0.5201936851992585,0.374515591337808,-4.989873206149698,-1.6994217441665551,2.7021967413964454,-1.7642906965619138,2.260317318175879,0.9985927811513745,-1.6610501906341695,-16.186108432960324,10.826448061829323,-3.1839322282562317,3.3448241111552783,-4.644427796729646,0.14726511084454366,0.3830025292458754,0.192098277903948,-0.17923890597468414
0.8470000000000006,0.5211941336840256,0.37288121724582657,-5.006059498957861,-1.6885566446344646,2.699287552435004,-1.76127370402833,2.2555530270726982,0.997864338899701,-1.6719211668428489,-16.186564357814508,10.821101282977216,-3.2917742068645555,3.477019160132751,-4.6015007531621475,0.16229940896400966,0.3699917015307065,0.19941156503143376,-0.1847317741535861
0.8480000000000006,0.5221945821687928,0.3712468431538451,-5.022245791766024,-1.6776915451023737,2.6963783634735625,-1.758256711494746,2.250788735969518,0.9971358966480277,-1.6827921430515282,-16.18702028266869,10.815754504125106,-3.399616185472879,3.609214209110224,-4.55857370959465,0.17733370708347565,0.3569808738155375,0.2067248521589195,-0.19022464233248804
0.8490000000000006,0.5231950306535599,0.3696124690618636,-5.038432084574187,-1.6668264455702833,2.6934691745121215,-1.7552397189611622,2.246024444866337,0.9964074543963543,-1.6936631192602074,-16.187476207522877,10.810407725272997,-3.5074581640812026,3.741409258087697,-4.515646666027152,0.19236800520294164,0.3439700461003685,0.21403813928640525,-0.19571751051138997
0.8500000000000006,0.5241881898408175,0.3678724431469122,-5.05461467610324,-1.6561473599602117,2.6894688884589164,-1.7509189792420097,2.2417508147987566,0.9956719069886628,-1.7042810029676123,-16.186357029789622,10.781305464709313,-3.6195471898507625,3.8739905897336215,-4.460882941792966,0.2046976742301155,0.3350569725146311,0.2195715013319747,-0.20019207740052178
0.8510000000000006,0.5251803505975413,0.36611794587777846,-5.070796760660246,-1.6454937530714027,2.6853191525238427,-1.7464196625068045,2.2375443916134623,0.9949353863726881,-1.714864220058542,-16.185022106915625,10.748949365452129,-3.7322179426740667,4.006624831335594,-4.4044979223131815,0.21665688447649453,0.32670517699955876,0.2248610632654948,-0.204527165403116
0.8520000000000006,0.5261725113542651,0.3643634486086448,-5.086978845217253,-1.6348401461825937,2.6811694165887685,-1.7419203457715988,2.2333379684281676,0.9941988657567133,-1.7254474371494717,-16.18368718404163,10.716593266194945,-3.844888695497371,4.139259072937566,-4.348112902833398,0.22861609472287353,0.3183533814844864,0.23015062519901489,-0.2088622534057102
0.8530000000000006,0.5271646721109888,0.3626089513395111,-5.103160929774259,-1.624186539293785,2.6770196806536943,-1.7374210290363936,2.2291315452428733,0.9934623451407386,-1.7360306542404011,-16.182352261167637,10.68423716693776,-3.957559448320675,4.271893314539538,-4.291727883353613,0.24057530496925253,0.310001585969414,0.23544018713253495,-0.21319734140830443
0.8540000000000006,0.5281568328677126,0.36085445407037736,-5.119343014331266,-1.613532932404976,2.67286994471862,-1.7329217123011884,2.2249251220575785,0.9927258245247639,-1.7466138713313308,-16.18101733829364,10.651881067680575,-4.070230201143979,4.40452755614151,-4.2353428638738295,0.2525345152156315,0.30164979045434165,0.24072974906605504,-0.21753242941089862
0.8550000000000006,0.5291489936244365,0.3590999568012437,-5.135525098888272,-1.602879325516167,2.668720208783546,-1.7284223955659832,2.2207186988722842,0.9919893039087891,-1.7571970884222605,-16.179682415419645,10.619524968423391,-4.182900953967283,4.537161797743482,-4.178957844394045,0.26449372546201055,0.2932979949392693,0.2460193109995751,-0.22186751741349284
0.8560000000000006,0.5301411543811603,0.35734545953210994,-5.151707183445279,-1.5922257186273585,2.664570472848472,-1.723923078830778,2.2165122756869895,0.9912527832928144,-1.76778030551319,-16.178347492545647,10.587168869166208,-4.295571706790588,4.669796039345454,-4.122572824914261,0.2764529357083896,0.2849461994241969,0.2513088729330952,-0.22620260541608705
0.8570000000000007,0.5311333151378841,0.35559096226297626,-5.167889268002285,-1.5815721117385495,2.660420736913398,-1.7194237620955724,2.212305852501695,0.9905162626768397,-1.7783635226041197,-16.177012569671653,10.554812769909022,-4.408242459613891,4.802430280947426,-4.0661878054344776,0.2884121459547686,0.27659440390912454,0.25659843486661527,-0.23053769341868127
0.8580000000000007,0.5321254758946079,0.3538364649938425,-5.184071352559291,-1.5709185048497405,2.656271000978324,-1.7149244453603671,2.2080994293164005,0.9897797420608648,-1.7889467396950494,-16.175677646797656,10.522456670651838,-4.520913212437196,4.935064522549398,-4.009802785954693,0.3003713562011476,0.2682426083940522,0.26188799680013536,-0.2348727814212755
0.8590000000000007,0.5331176366513317,0.35208196772470884,-5.200253437116298,-1.560264897960932,2.6521212650432497,-1.710425128625162,2.203893006131106,0.9890432214448901,-1.799529956785979,-16.17434272392366,10.490100571394654,-4.6335839652605,5.067698764151371,-3.9534177664749093,0.3123305664475266,0.2598908128789798,0.26717755873365545,-0.23920786942386968
0.8600000000000007,0.5341097974080555,0.3503274704555751,-5.216435521673304,-1.549611291072123,2.6479715291081756,-1.7059258118899567,2.1996865829458114,0.9883067008289154,-1.8101131738769085,-16.173007801049664,10.45774447213747,-4.746254718083804,5.200333005753342,-3.897032746995125,0.3242897766939056,0.25153901736390744,0.2724671206671755,-0.2435429574264639
0.8610000000000007,0.535096657922216,0.3484932943003691,-5.2325967627876455,-1.5393164335581893,2.642959884455568,-1.7004114663212446,2.1959532624995974,0.9876424073151335,-1.8205149732693062,-16.169556671669323,10.40452085057497,-4.859032650036065,5.333638035374764,-3.833370529993139,0.32836873103753844,0.24569653800565303,0.27514524812644137,-0.24677398981611026
0.8620000000000007,0.5360810366484673,0.34662180926850483,-5.248748244159225,-1.52918955700933,2.637544659285984,-1.6944218432051086,2.1924414678880075,0.987011933451449,-1.8308318255587532,-16.16511464882371,10.341526211190414,-4.971860767590808,5.467257155073434,-3.7663008348227485,0.32875783089142757,0.24102902194829784,0.2766005963589387,-0.24948805871997146
0.8630000000000007,0.5370654153747187,0.34475032423664054,-5.264899725530806,-1.5190626804604705,2.6321294341164,-1.688432220088972,2.188929673276417,0.9863814595877645,-1.8411486778482005,-16.160672625978098,10.278531571805859,-5.0846888851455505,5.600876274772104,-3.699231139652358,0.32914693074531665,0.23636150589094265,0.27805594459143596,-0.25220212762383265
0.8640000000000007,0.5380497941009702,0.3428788392047762,-5.281051206902386,-1.5089358039116108,2.626714208946816,-1.682442596972836,2.1854178786648273,0.9857509857240798,-1.8514655301376475,-16.156230603132485,10.215536932421303,-5.197517002700294,5.734495394470774,-3.632161444481967,0.3295360305992057,0.23169398983358747,0.2795112928239332,-0.2549161965276939
0.8650000000000007,0.5390341728272215,0.3410073541729119,-5.297202688273965,-1.4988089273627514,2.621298983777232,-1.6764529738566996,2.181906084053237,0.9851205118603953,-1.8617823824270947,-16.151788580286873,10.152542293036745,-5.310345120255036,5.868114514169445,-3.5650917493115766,0.3299251304530948,0.2270264737762323,0.2809666410564305,-0.2576302654315551
0.8660000000000007,0.540018551553473,0.33913586914104754,-5.313354169645546,-1.488682050813892,2.615883758607648,-1.6704633507405635,2.178394289441647,0.9844900379967108,-1.8720992347165417,-16.147346557441256,10.08954765365219,-5.423173237809779,6.001733633868115,-3.498022054141186,0.3303142303069839,0.22235895771887712,0.28242198928892776,-0.2603443343354163
0.8670000000000007,0.5410029302797245,0.33726438410918325,-5.329505651017126,-1.4785551742650327,2.610468533438064,-1.664473727624427,2.1748824948300567,0.9838595641330262,-1.882416087005989,-16.142904534595644,10.026553014267634,-5.5360013553645215,6.135352753566785,-3.4309523589707953,0.330703330160873,0.21769144166152196,0.283877337521425,-0.26305840323927754
0.8680000000000007,0.5419873090059758,0.33539289907731895,-5.345657132388706,-1.4684282977161733,2.60505330826848,-1.658484104508291,2.171370700218467,0.9832290902693416,-1.892732939295436,-16.13846251175003,9.963558374883078,-5.648829472919264,6.268971873265455,-3.3638826638004047,0.3310924300147621,0.21302392560416678,0.2853326857539223,-0.2657724721431387
0.8690000000000007,0.5429716877322273,0.3335214140454546,-5.361808613760286,-1.458301421167314,2.599638083098896,-1.652494481392155,2.1678589056068764,0.982598616405657,-1.9030497915848832,-16.13402048890442,9.900563735498523,-5.761657590474007,6.402590992964125,-3.296812968630014,0.33148152986865115,0.2083564095468116,0.28678803398641955,-0.2684865410469999
0.8700000000000007,0.5439560664584787,0.3316499290135903,-5.377960095131866,-1.4481745446184546,2.594222857929312,-1.6465048582760184,2.1643471109952865,0.9819681425419725,-1.9133666438743302,-16.129578466058806,9.837569096113967,-5.874485708028749,6.536210112662795,-3.2297432734596234,0.3318706297225403,0.20368889348945643,0.2882433822189168,-0.27120060995086115
0.8710000000000007,0.5449404451847301,0.32977844398172595,-5.394111576503446,-1.4380476680695953,2.588807632759728,-1.6405152351598824,2.160835316383696,0.9813376686782879,-1.9236834961637772,-16.125136443213194,9.774574456729411,-5.987313825583493,6.669829232361465,-3.162673578289233,0.33225972957642935,0.19902137743210124,0.28969873045141414,-0.27391467885472237
0.8720000000000007,0.5459219284468291,0.32785179822671096,-5.410227676669177,-1.4283457339842656,2.5827895322701795,-1.6337994653060854,2.15770582483032,0.9808022704253748,-1.9338990269493446,-16.11862296997415,9.69727186342239,-6.098614140325499,6.804203971887365,-3.092441362973701,0.32974943509690796,0.19681172224518392,0.2884523869174466,-0.2758330536808874
0.8730000000000007,0.5469003080223006,0.3258660249571433,-5.426305851248651,-1.4190993013909625,2.576125201687578,-1.626305329083142,2.1549861290219394,0.9803687849872037,-1.944005949864076,-16.10988908144164,9.604632383551051,-6.208276782863741,6.9393886703800565,-3.018819200151611,0.3241312411764378,0.19723668089369423,0.28431006395982644,-0.27689851341691035
0.8740000000000007,0.547878687597772,0.3238802516875756,-5.442384025828126,-1.409852868797659,2.569460871104977,-1.6188111928601985,2.152266433213559,0.9799352995490325,-1.9541128727788077,-16.101155192909125,9.51199290367971,-6.317939425401982,7.074573368872748,-2.945197037329521,0.31851304725596774,0.19766163954220453,0.28016774100220626,-0.2779639731529333
0.8750000000000007,0.5488570671732436,0.321894478418008,-5.458462200407601,-1.4006064362043555,2.5627965405223754,-1.611317056637255,2.149546737405178,0.9795018141108613,-1.9642197956935392,-16.092421304376614,9.419353423808369,-6.427602067940224,7.20975806736544,-2.8715748745074308,0.3128948533354976,0.19808659819071484,0.27602541804458613,-0.2790294328889562
0.8760000000000007,0.5498354467487151,0.31990870514844033,-5.474540374987075,-1.3913600036110525,2.556132209939774,-1.6038229204143115,2.1468270415967976,0.9790683286726901,-1.974326718608271,-16.083687415844103,9.326713943937028,-6.537264710478466,7.344942765858133,-2.7979527116853404,0.30727665941502746,0.19851155683922514,0.27188309508696595,-0.28009489262497916
0.8770000000000007,0.5508138263241865,0.3179229318788727,-5.49061854956655,-1.382113571017749,2.5494678793571723,-1.5963287841913676,2.144107345788417,0.978634843234519,-1.9844336415230024,-16.074953527311592,9.234074464065689,-6.646927353016707,7.480127464350825,-2.7243305488632505,0.3016584654945573,0.19893651548773544,0.26774077212934577,-0.2811603523610021
0.8780000000000007,0.551792205899658,0.31593715860930505,-5.506696724146025,-1.3728671384244455,2.542803548774571,-1.588834647968424,2.1413876499800364,0.9782013577963479,-1.994540564437734,-16.06621963877908,9.141434984194348,-6.756589995554949,7.615312162843517,-2.6507083860411607,0.2960402715740872,0.19936147413624575,0.2635984491717256,-0.2822258120970251
0.8790000000000007,0.5527705854751295,0.3139513853397374,-5.522774898725499,-1.363620705831142,2.5361392181919693,-1.5813405117454806,2.138667954171656,0.9777678723581766,-2.004647487352466,-16.05748575024657,9.048795504323007,-6.86625263809319,7.750496861336209,-2.5770862232190703,0.29042207765361705,0.19978643278475605,0.25945612621410546,-0.28329127183304803
0.8800000000000007,0.553748965050601,0.31196561207016976,-5.538853073304974,-1.354374273237839,2.529474887609368,-1.5738463755225371,2.1359482583632747,0.9773343869200055,-2.014754410267197,-16.048751861714056,8.956156024451667,-6.9759152806314315,7.885681559828901,-2.50346406039698,0.2848038837331469,0.20021139143326636,0.2553138032564853,-0.284356731569071
0.8810000000000007,0.5547273446260725,0.3099798388006021,-5.554931247884449,-1.3451278406445355,2.5228105570267663,-1.5663522392995937,2.133228562554894,0.9769009014818343,-2.0248613331819287,-16.040017973181545,8.863516544580326,-7.085577923169673,8.020866258321593,-2.42984189757489,0.2791856898126768,0.20063635008177666,0.2511714802988651,-0.28542219130509394
0.8820000000000007,0.555705724201544,0.3079940655310345,-5.5710094224639235,-1.335881408051232,2.516146226444165,-1.5588581030766502,2.1305088667465135,0.9764674160436632,-2.0349682560966604,-16.031284084649034,8.770877064708985,-7.195240565707915,8.156050956814285,-2.3562197347528,0.27356749589220664,0.20106130873028696,0.24702915734124495,-0.2864876510411169
0.8830000000000007,0.5566830616357088,0.3059763379944851,-5.587052537722872,-1.3269609438741918,2.5091429101703224,-1.550930867486977,2.1280271378769253,0.9760931660902513,-2.0450428441163178,-16.021250135769165,8.673424277774545,-7.302919296473878,8.29173392492725,-2.282219834851985,0.2671235018993644,0.2034031696560789,0.24074814782179066,-0.28706226829277903
0.8840000000000007,0.5576577743332979,0.30387813045703915,-5.603007352594618,-1.3188614635879148,2.501285824703444,-1.5419128280480834,2.126144752420795,0.9758681065992356,-2.055035993485355,-16.007941855546296,8.563848698069563,-7.405601348038808,8.428671834657536,-2.2072685665329272,0.2585996482557614,0.210572939702195,0.22908064339345868,-0.2864006499079284
0.8850000000000007,0.5586324870308871,0.3017799229195932,-5.618962167466363,-1.3107619833016377,2.4934287392365655,-1.5328947886091893,2.1242623669646647,0.97564304710822,-2.065029142854392,-15.994633575323428,8.454273118364583,-7.508283399603739,8.565609744387821,-2.1323172982138696,0.2500757946121584,0.2177427097483111,0.21741313896512673,-0.2857390315230777
0.8860000000000007,0.5596071997284762,0.2996817153821473,-5.634916982338109,-1.3026625030153607,2.4855716537696875,-1.5238767491702956,2.1223799815085345,0.9754179876172043,-2.075022292223429,-15.981325295100559,8.344697538659602,-7.61096545116867,8.702547654118108,-2.057366029894812,0.24155194096855534,0.2249124797944272,0.20574563453679479,-0.2850774131382271
0.8870000000000007,0.5605819124260653,0.29758350784470133,-5.650871797209854,-1.2945630227290832,2.477714568302809,-1.5148587097314015,2.120497596052404,0.9751929281261887,-2.085015441592466,-15.96801701487769,8.23512195895462,-7.7136475027336004,8.839485563848394,-1.9824147615757544,0.23302808732495234,0.23208224984054326,0.1940781301084628,-0.28441579475337647
0.8880000000000007,0.5615566251236545,0.2954853003072554,-5.6668266120816,-1.2864635424428061,2.4698574828359305,-1.5058406702925078,2.118615210596274,0.9749678686351732,-2.0950085909615033,-15.95470873465482,8.12554637924964,-7.816329554298531,8.976423473578679,-1.9074634932566967,0.2245042336813493,0.23925201988665934,0.18241062568013086,-0.28375417636852585
0.8890000000000007,0.5625313378212435,0.2933870927698094,-5.682781426953345,-1.278364062156529,2.4620003973690525,-1.4968226308536137,2.116732825140143,0.9747428091441575,-2.10500174033054,-15.941400454431953,8.015970799544657,-7.919011605863462,9.113361383308964,-1.8325122249376393,0.21598038003774628,0.24642178993277544,0.1707431212517989,-0.28309255798367516
0.8900000000000007,0.5635060505188326,0.29128888523236346,-5.698736241825091,-1.270264581870252,2.454143311902174,-1.48780459141472,2.114850439684013,0.9745177496531419,-2.1149948896995774,-15.928092174209084,7.906395219839676,-8.021693657428393,9.25029929303925,-1.7575609566185817,0.20745652639414325,0.25359155997889155,0.15907561682346694,-0.28243093959882454
0.8910000000000007,0.5644807632164218,0.2891906776949175,-5.714691056696836,-1.2621651015839745,2.4462862264352956,-1.4787865519758263,2.1129680542278826,0.9742926901621263,-2.124988039068614,-15.914783893986215,7.796819640134695,-8.124375708993323,9.387237202769535,-1.6826096882995243,0.19893267275054022,0.2607613300250076,0.14740811239513502,-0.2817693212139739
0.8920000000000007,0.5654554759140109,0.2870924701574716,-5.730645871568582,-1.2540656212976975,2.4384291409684176,-1.4697685125369322,2.1110856687717523,0.9740676306711106,-2.1349811884376515,-15.901475613763346,7.687244060429714,-8.227057760558255,9.524175112499822,-1.6076584199804664,0.1904088191069372,0.2679311000711237,0.13574060796680304,-0.28110770282912323
0.8930000000000007,0.5664301886116,0.28499426262002564,-5.746600686440327,-1.2459661410114204,2.430572055501539,-1.4607504730980385,2.109203283315622,0.973842571180095,-2.1449743378066883,-15.888167333540478,7.577668480724732,-8.329739812123185,9.661113022230108,-1.532707151661409,0.18188496546333416,0.27510087011723977,0.12407310353847108,-0.2804460844442726
0.8940000000000007,0.5674047672448206,0.28288645905806437,-5.762540508390362,-1.2379739547156894,2.422621570276311,-1.4516004950648451,2.107391073541577,0.9736310339947637,-2.154969442696851,-15.874464096192874,7.4679301773129785,-8.431410803968973,9.798094287978476,-1.458172774183374,0.17336075641428805,0.28297612063046,0.11161200863862046,-0.2796210151177722
0.8950000000000007,0.568377916733752,0.28067636057781026,-5.778320503768584,-1.231125536860597,2.4136754310035444,-1.4410440337841388,2.1063269460232217,0.9735636464156466,-2.164985393706512,-15.8565505625148,7.356457217193953,-8.522303762557975,9.935537734739425,-1.3880825094159086,0.16483275869518327,0.2983718882728755,0.09069113205392698,-0.2770535366619224
0.8960000000000007,0.5693510662226835,0.2784662620975561,-5.794100499146806,-1.2242771190055044,2.4047292917307783,-1.4304875725034325,2.1052628185048667,0.9734962588365297,-2.1750013447161733,-15.838637028836725,7.244984257074927,-8.613196721146977,10.072981181500374,-1.3179922446484431,0.15630476097607848,0.3137676559152909,0.06977025546923349,-0.2744860582060725
0.8970000000000007,0.570324215711615,0.276256163617302,-5.809880494525028,-1.217428701150412,2.3957831524580118,-1.4199311112227262,2.1041986909865114,0.9734288712574126,-2.1850172957258347,-15.82072349515865,7.133511296955901,-8.70408967973598,10.210424628261325,-1.2479019798809776,0.1477767632569737,0.32916342355770634,0.04884937888454001,-0.2719185797502227
0.8980000000000007,0.5712973652005465,0.2740460651370478,-5.82566048990325,-1.2105802832953194,2.386837013185245,-1.4093746499420199,2.103134563468156,0.9733614836782957,-2.195033246735496,-15.802809961480575,7.022038336836876,-8.794982638324981,10.347868075022275,-1.1778117151135121,0.1392487655378689,0.3445591912001218,0.02792850229984653,-0.26935110129437284
0.8990000000000007,0.572270514689478,0.2718359666567937,-5.841440485281471,-1.203731865440227,2.3778908739124787,-1.3988181886613131,2.102070435949801,0.9732940960991786,-2.205049197745157,-15.7848964278025,6.91056537671785,-8.885875596913984,10.485311521783224,-1.1077214503460466,0.13072076781876413,0.35995495884253725,0.0070076257151530374,-0.266783622838523
0.9000000000000007,0.5732436641784094,0.26962586817653955,-5.857220480659693,-1.1968834475851344,2.368944734639712,-1.3882617273806068,2.1010063084314456,0.9732267085200617,-2.2150651487548183,-15.766982894124427,6.799092416598825,-8.976768555502986,10.622754968544175,-1.0376311855785811,0.12219277009965936,0.37535072648495266,-0.013913250869540428,-0.26421614438267316
0.9010000000000007,0.5742168136673409,0.26741576969628544,-5.873000476037915,-1.1900350297300424,2.3599985953669456,-1.3777052660999005,2.0999421809130903,0.9731593209409446,-2.2250810997644797,-15.749069360446352,6.687619456479799,-9.067661514091988,10.760198415305124,-0.9675409208111156,0.11366477238055459,0.39074649412736806,-0.03483412745423392,-0.26164866592682334
0.9020000000000007,0.5751899631562724,0.26520567121603134,-5.888780471416137,-1.18318661187495,2.351052456094179,-1.3671488048191942,2.098878053394735,0.9730919333618276,-2.2350970507741406,-15.731155826768278,6.576146496360773,-9.15855447268099,10.897641862066074,-0.8974506560436502,0.1051367746614498,0.4061422617697835,-0.055755004038927386,-0.2590811874709735
0.9030000000000007,0.5761631126452039,0.26299557273577717,-5.904560466794359,-1.1763381940198574,2.3421063168214125,-1.356592343538488,2.09781392587638,0.9730245457827106,-2.245113001783802,-15.713242293090202,6.464673536241747,-9.249447431269992,11.035085308827025,-0.8273603912761847,0.09660877694234501,0.421538029412199,-0.07667588062362088,-0.2565137090151236
0.9040000000000007,0.5771362621341354,0.26078547425552306,-5.920340462172581,-1.169489776164765,2.3331601775486464,-1.3460358822577816,2.0967497983580246,0.9729571582035936,-2.2551289527934633,-15.695328759412128,6.353200576122722,-9.340340389858994,11.172528755587974,-0.757270126508719,0.08808077922324023,0.43693379705461444,-0.09759675720831437,-0.2539462305592738
0.9050000000000007,0.5781094116230668,0.2585753757752689,-5.936120457550802,-1.1626413583096724,2.32421403827588,-1.3354794209770748,2.095685670839669,0.9728897706244766,-2.2651449038031246,-15.677415225734054,6.241727616003696,-9.431233348447996,11.309972202348924,-0.6871798617412536,0.07955278150413544,0.45232956469702984,-0.11851763379300784,-0.2513787521034239
0.9060000000000007,0.5790822593703364,0.25626497968857676,-5.951699773246834,-1.1568600657073094,2.314451687373094,-1.3235694578024995,2.09526707252898,0.9728686324293007,-2.275323496009588,-15.655468641786822,6.138779860428631,-9.50529402665398,11.44441694670521,-0.6271177631080186,0.07453932148733647,0.4759858652454364,-0.14877361182855345,-0.2469783823118218
0.9070000000000007,0.5800550687999283,0.25394184697365857,-5.967253604959795,-1.1512142855872205,2.3045856870966643,-1.3114876156465836,2.094930448911597,0.9728533673673914,-2.2855227417543706,-15.633009907413282,6.036914706569433,-9.57721720123402,11.578480890770791,-0.5683291248132347,0.06997216683803635,0.5006911572933298,-0.18021503905729688,-0.2423452566614187
0.9080000000000007,0.5810278782295201,0.25161871425874044,-5.982807436672756,-1.1455685054671316,2.2947196868202346,-1.2994057734906677,2.0945938252942136,0.9728381023054821,-2.2957219874991535,-15.61055117303974,5.935049552710234,-9.649140375814062,11.712544834836372,-0.5095404865184507,0.06540501218873623,0.5253964493412233,-0.2116564662860403,-0.23771213101101563
0.9090000000000007,0.582000687659112,0.24929558154382225,-5.998361268385716,-1.1399227253470432,2.284853686543805,-1.2873239313347518,2.09425720167683,0.9728228372435728,-2.305921233243936,-15.588092438666198,5.833184398851035,-9.721063550394103,11.846608778901953,-0.4507518482236668,0.06083785753943611,0.5501017413891167,-0.24309789351478372,-0.23307900536061255
0.9100000000000007,0.5829734970887037,0.24697244882890407,-6.013915100098677,-1.1342769452269543,2.2749876862673752,-1.2752420891788359,2.093920578059447,0.9728075721816636,-2.3161204789887186,-15.565633704292658,5.731319244991837,-9.792986724974144,11.980672722967533,-0.3919632099288829,0.056270702890135985,0.5748070334370101,-0.27453932074352716,-0.22844587971020947
0.9110000000000007,0.5839463065182955,0.2446493161139859,-6.029468931811637,-1.1286311651068655,2.2651216859909455,-1.26316024702292,2.093583954442064,0.9727923071197543,-2.3263197247335015,-15.543174969919116,5.629454091132638,-9.864909899554185,12.114736667033114,-0.33317457163409897,0.05170354824083587,0.5995123254849035,-0.3059807479722706,-0.22381275405980638
0.9120000000000007,0.5849191159478874,0.24232618339906772,-6.045022763524598,-1.1229853849867766,2.255255685714516,-1.251078404867004,2.0932473308246804,0.972777042057845,-2.3365189704782843,-15.520716235545576,5.52758893727344,-9.936833074134226,12.248800611098694,-0.27438593333931505,0.04713639359153575,0.6242176175327969,-0.337422175201014,-0.2191796284094033
0.9130000000000007,0.5858919253774791,0.24000305068414957,-6.060576595237558,-1.1173396048666882,2.245389685438086,-1.2389965627110882,2.0929107072072974,0.9727617769959357,-2.346718216223067,-15.498257501172034,5.4257237834142416,-10.008756248714267,12.382864555164275,-0.21559729504453112,0.042569238942235625,0.6489229095806903,-0.3688636024297574,-0.21454650275900022
0.9140000000000007,0.5868647348070709,0.2376799179692314,-6.0761304269505185,-1.1116938247465993,2.2355236851616564,-1.2269147205551723,2.092574083589914,0.9727465119340265,-2.35691746196785,-15.475798766798494,5.323858629555043,-10.080679423294308,12.516928499229854,-0.1568086567497472,0.03800208429293551,0.6736282016285837,-0.4003050296585008,-0.20991337710859714
0.9150000000000007,0.5878375442366628,0.23535678525431322,-6.091684258663479,-1.1060480446265104,2.2256576848852268,-1.2148328783992564,2.0922374599725306,0.9727312468721172,-2.3671167077126323,-15.453340032424952,5.221993475695845,-10.152602597874349,12.650992443295436,-0.09802001845496322,0.03343492964363538,0.6983334936764772,-0.4317464568872442,-0.20528025145819406
0.9160000000000007,0.5888103536662546,0.23303365253939506,-6.107238090376439,-1.1004022645064215,2.215791684608797,-1.2027510362433405,2.0919008363551477,0.9727159818102079,-2.377315953457415,-15.43088129805141,5.1201283218366465,-10.22452577245439,12.785056387361015,-0.03923138016017935,0.02886777499433526,0.7230387857243706,-0.46318788411598766,-0.20064712580779098
0.9170000000000007,0.5897827346490065,0.2306308318463461,-6.122603033165766,-1.0954808766187791,2.205443203109142,-1.1896543856194683,2.0919559845139433,0.9726221821436395,-2.387693267015796,-15.40577949100504,5.029914729061987,-10.285114353526739,12.91603501658842,0.007994282738422596,0.026748510182774247,0.7453961522370907,-0.49179295925495525,-0.19322302512894277
0.9180000000000007,0.590754922130644,0.22819202136144975,-6.137882667315027,-1.0908866488156708,2.1948768167359867,-1.1760994130958133,2.0921880700854723,0.9724929135877756,-2.398151002034182,-15.379483982756003,4.944963376188079,-10.340583847999257,13.045620213062048,0.04999771403563642,0.02573479539007593,0.7666931159981508,-0.519117041655602,-0.18453842553066907
0.9190000000000007,0.5917271096122814,0.2257532108765534,-6.153162301464288,-1.0862924210125624,2.1843104303628307,-1.1625444405721583,2.092420155657001,0.9723636450319116,-2.4086087370525684,-15.353188474506965,4.860012023314171,-10.396053342471774,13.175205409535675,0.09200114533285025,0.02472108059737762,0.7879900797592109,-0.5464411240562489,-0.17585382593239535
0.9200000000000007,0.5926992970939188,0.22331440039165704,-6.16844193561355,-1.081698193209454,2.173744043989675,-1.1489894680485033,2.0926522412285298,0.9722343764760477,-2.4190664720709543,-15.326892966257928,4.775060670440263,-10.451522836944292,13.304790606009302,0.13400457663006407,0.023707365804679307,0.809287043520271,-0.5737652064568958,-0.16716922633412165
0.9210000000000007,0.5936714845755562,0.22087558990676068,-6.183721569762811,-1.0771039654063457,2.163177657616519,-1.1354344955248483,2.0928843268000588,0.9721051079201838,-2.42952420708934,-15.300597458008891,4.690109317566355,-10.506992331416809,13.43437580248293,0.17600800792727792,0.022693651011980995,0.8305840072813311,-0.6010892888575425,-0.15848462673584796
0.9220000000000007,0.5946436720571936,0.2184367794218643,-6.199001203912073,-1.0725097376032373,2.152611271243363,-1.1218795230011938,2.0931164123715873,0.9719758393643199,-2.4399819421077265,-15.274301949759854,4.605157964692447,-10.562461825889327,13.563960998956556,0.21801143922449176,0.02167993621928268,0.8518809710423911,-0.6284133712581894,-0.14980002713757423
0.9230000000000007,0.595615859538831,0.21599796893696793,-6.214280838061334,-1.067915509800129,2.1420448848702076,-1.1083245504775388,2.0933484979431163,0.9718465708084559,-2.4504396771261123,-15.248006441510816,4.520206611818539,-10.617931320361844,13.693546195430184,0.2600148705217056,0.020666221426584367,0.8731779348034513,-0.6557374536588363,-0.14111542753930054
0.9240000000000007,0.5965880470204684,0.21355915845207157,-6.229560472210595,-1.0633212819970206,2.1314784984970516,-1.0947695779538837,2.093580583514645,0.971717302252592,-2.460897412144498,-15.221710933261779,4.435255258944631,-10.673400814834363,13.823131391903809,0.3020183018189194,0.019652506633886055,0.8944748985645113,-0.683061536059483,-0.13243082794102684
0.9250000000000007,0.5975602345021058,0.21112034796717521,-6.244840106359857,-1.0587270541939122,2.120912112123896,-1.0812146054302287,2.093812669086174,0.971588033696728,-2.4713551471628845,-15.195415425012742,4.350303906070723,-10.72887030930688,13.952716588377436,0.34402173311613327,0.01863879184118774,0.9157718623255714,-0.7103856184601299,-0.12374622834275312
0.9260000000000007,0.5985324219837432,0.20868153748227886,-6.2601197405091185,-1.0541328263908039,2.11034572575074,-1.0676596329065737,2.0940447546577023,0.971458765140864,-2.4818128821812704,-15.169119916763705,4.265352553196815,-10.784339803779398,14.082301784851063,0.38602516441334705,0.01762507704848943,0.9370688260866316,-0.7377097008607767,-0.11506162874447941
0.9270000000000007,0.5995046094653806,0.2062427269973825,-6.275399374658379,-1.0495385985876955,2.0997793393775845,-1.0541046603829187,2.0942768402292313,0.9713294965850001,-2.4922706171996563,-15.142824408514668,4.1804012003229065,-10.839809298251915,14.21188698132469,0.42802859571056096,0.016611362255791115,0.9583657898476916,-0.7650337832614236,-0.1063770291462057
0.9280000000000007,0.6003161872772786,0.21825146209689067,-6.290435023792814,-1.0460312993811454,2.090774660824619,-1.0425418223174137,2.094546392772639,0.9284165565310462,1.3831364741356782,-15.090637203315076,3.9243841260649477,-10.397631161461057,13.617821317765042,0.42295693051396144,0.015389936565581913,0.9267709014216595,-0.7448425875521805,-0.09748669321979257
0.9290000000000007,0.6009608921453483,0.24527115180875025,-6.305217173261006,-1.0436533155821497,2.083392591805548,-1.033048805714543,2.094854873382482,0.8410515157894268,9.295944949488359,-15.011548606076891,3.4906303030683645,-9.438398694424484,12.271884677111931,0.3689743874999227,0.013952699903411327,0.8402215442310033,-0.6752831667050471,-0.08838259789281064
0.9300000000000007,0.6016055970134181,0.2722908415206098,-6.319999322729199,-1.0412753317831536,2.076010522786477,-1.0235557891116724,2.095163353992325,0.7536864750478075,17.20875342484104,-14.932460008838705,3.0568764800717814,-8.47916622738791,10.92594803645882,0.3149918444858839,0.012515463241240742,0.753672187040347,-0.6057237458579138,-0.07927850256582872
0.9310000000000007,0.6022503018814879,0.29931053123246937,-6.334781472197392,-1.0388973479841574,2.068628453767406,-1.0140627725088018,2.095471834602168,0.6663214343061883,25.12156190019372,-14.85337141160052,2.623122657075198,-7.519933760351337,9.580011395805709,0.2610093014718452,0.011078226579070156,0.6671228298496907,-0.5361643250107805,-0.0701744072388468
0.9320000000000007,0.6028950067495575,0.32633022094432895,-6.349563621665585,-1.0365193641851613,2.061246384748335,-1.0045697559059308,2.095780315212011,0.578956393564569,33.0343703755464,-14.774282814362333,2.189368834078614,-6.560701293314764,8.234074755152596,0.20702675845780638,0.009640989916899571,0.5805734726590345,-0.46660490416364714,-0.06107031191186488
0.9330000000000007,0.6035397116176273,0.35334991065618854,-6.3643457711337765,-1.0341413803861657,2.053864315729264,-0.9950767393030602,2.096088795821854,0.4915913528229496,40.947178850899085,-14.695194217124149,1.755615011082031,-5.601468826278191,6.888138114499485,0.15304421544376762,0.008203753254728986,0.4940241154683782,-0.39704548331651385,-0.05196621658488296
0.9340000000000007,0.604184416485697,0.3803696003680481,-6.379127920601969,-1.0317633965871695,2.046482246710193,-0.9855837227001896,2.096397276431697,0.4042263120813303,48.85998732625177,-14.616105619885962,1.3218611880854478,-4.642236359241617,5.542201473846374,0.09906167242972885,0.0067665165925584,0.40747475827772195,-0.3274860624693805,-0.04286212125790103
0.9350000000000007,0.6048291213537668,0.4073892900799077,-6.393910070070162,-1.0293854127881734,2.0391001776911217,-0.9760907060973185,2.09670575704154,0.316861271339711,56.772795801604445,-14.537017022647778,0.8881073650888647,-3.6830038922050443,4.196264833193261,0.04507912941569009,0.005329279930387815,0.3209254010870657,-0.2579266416222472,-0.0337580259309191
0.9360000000000007,0.6054738262218365,0.4344089797917673,-6.408692219538355,-1.0270074289891777,2.031718108672051,-0.9665976894944479,2.0970142376513836,0.22949623059809166,64.68560427695712,-14.457928425409591,0.4543535420922815,-2.7237714251684704,2.8503281925401502,-0.008903413598348675,0.0038920432682172292,0.23437604389640943,-0.18836722077511392,-0.024653930603937182
0.9370000000000007,0.6061185310899062,0.4614286695036269,-6.423474369006547,-1.0246294451901816,2.02433603965298,-0.9571046728915773,2.0973227182612266,0.14213118985647244,72.5984127523098,-14.378839828171406,0.020599719095698354,-1.7645389581318973,1.5043915518870392,-0.06288595661238744,0.0024548066060466438,0.14782668670575316,-0.11880779992798063,-0.015549835276955262
0.9380000000000007,0.606763235957976,0.4884483592154864,-6.43825651847474,-1.0222514613911855,2.016953970633909,-0.9476116562887067,2.0976311988710696,0.05476614911485311,80.51122122766247,-14.29975123093322,-0.4131541039008848,-0.8053064910953243,0.1584549112339282,-0.11686849962642615,0.0010175699438760583,0.06127732951509701,-0.04924837908084723,-0.006445739949973342
